2026-09-26T01:47:36.115814Z  INFO netbaiot_server: runtime ready device_ingress=127.0.0.1:54306 management_http=127.0.0.1:54307 business_tcp=Some(127.0.0.1:54308)
2026-09-26T01:47:36.527263Z  INFO netbaiot_transports::business_rpc: business RPC socket send buffer send_buffer_bytes=146988
2026-09-26T01:47:36.622402Z DEBUG netbaiot_transports::business_rpc::v3: business RPC V3 received frame stream_id=1 frame_type=Open payload_bytes=43
2026-09-26T01:47:36.622446Z DEBUG netbaiot_transports::business_rpc::v3: business RPC V3 received frame stream_id=3 frame_type=Open payload_bytes=157
2026-09-26T01:47:36.622465Z DEBUG netbaiot_transports::business_rpc::v3: business RPC V3 selected frame stream_id=1 frame_type=Accept payload_bytes=41
2026-09-26T01:47:36.622485Z DEBUG netbaiot_transports::business_rpc::v3: business RPC V3 writer completed frame stream_id=1 frame_type=Accept payload_bytes=41
2026-09-26T01:47:36.622489Z DEBUG netbaiot_transports::business_rpc::v3: business RPC V3 selected frame stream_id=3 frame_type=Accept payload_bytes=45
2026-09-26T01:47:36.622501Z DEBUG netbaiot_transports::business_rpc::v3: business RPC V3 writer completed frame stream_id=3 frame_type=Accept payload_bytes=45
2026-09-26T01:47:36.679739Z DEBUG netbaiot_transports::business_rpc::v3: business RPC V3 received frame stream_id=5 frame_type=Open payload_bytes=147
2026-09-26T01:47:36.679781Z DEBUG netbaiot_transports::business_rpc::v3: business RPC V3 received frame stream_id=5 frame_type=Data payload_bytes=95
2026-09-26T01:47:36.679801Z DEBUG netbaiot_transports::business_rpc::v3: business RPC V3 selected frame stream_id=0 frame_type=WindowUpdate payload_bytes=4
2026-09-26T01:47:36.679822Z DEBUG netbaiot_transports::business_rpc::v3: business RPC V3 writer completed frame stream_id=0 frame_type=WindowUpdate payload_bytes=4
2026-09-26T01:47:36.679828Z DEBUG netbaiot_transports::business_rpc::v3: business RPC V3 body entered scheduler stream_id=5 class=Rpc body_bytes=22
2026-09-26T01:47:36.679835Z DEBUG netbaiot_transports::business_rpc::v3: business RPC V3 selected frame stream_id=5 frame_type=Response payload_bytes=34
2026-09-26T01:47:36.679842Z DEBUG netbaiot_transports::business_rpc::v3: business RPC V3 writer completed frame stream_id=5 frame_type=Response payload_bytes=34
2026-09-26T01:47:36.679847Z DEBUG netbaiot_transports::business_rpc::v3: business RPC V3 selected frame stream_id=5 frame_type=Data payload_bytes=22
2026-09-26T01:47:36.679855Z DEBUG netbaiot_transports::business_rpc::v3: business RPC V3 writer completed frame stream_id=5 frame_type=Data payload_bytes=22
2026-09-26T01:47:36.679868Z DEBUG netbaiot_transports::business_rpc::v3: business RPC V3 selected frame stream_id=0 frame_type=Ping payload_bytes=8
2026-09-26T01:47:36.679877Z DEBUG netbaiot_transports::business_rpc::v3: business RPC V3 writer completed frame stream_id=0 frame_type=Ping payload_bytes=8
2026-09-26T01:47:36.764818Z DEBUG netbaiot_transports::business_rpc::v3: business RPC V3 received frame stream_id=0 frame_type=Pong payload_bytes=8
2026-09-26T01:47:36.764840Z DEBUG netbaiot_transports::business_rpc::v3: business RPC V3 received frame stream_id=0 frame_type=WindowUpdate payload_bytes=4
2026-09-26T01:47:36.768864Z DEBUG netbaiot_transports::business_rpc::v3: business RPC V3 body entered scheduler stream_id=2 class=Rpc body_bytes=200
2026-09-26T01:47:36.768875Z DEBUG netbaiot_transports::business_rpc::v3: business RPC V3 selected frame stream_id=2 frame_type=Open payload_bytes=158
2026-09-26T01:47:36.768885Z DEBUG netbaiot_transports::business_rpc::v3: business RPC V3 writer completed frame stream_id=2 frame_type=Open payload_bytes=158
2026-09-26T01:47:36.768889Z DEBUG netbaiot_transports::business_rpc::v3: business RPC V3 selected frame stream_id=2 frame_type=Data payload_bytes=200
2026-09-26T01:47:36.768893Z DEBUG netbaiot_transports::business_rpc::v3: business RPC V3 writer completed frame stream_id=2 frame_type=Data payload_bytes=200
2026-09-26T01:47:36.825059Z DEBUG netbaiot_transports::business_rpc::v3: business RPC V3 received frame stream_id=0 frame_type=WindowUpdate payload_bytes=4
2026-09-26T01:47:36.851564Z DEBUG netbaiot_transports::business_rpc::v3: business RPC V3 received frame stream_id=2 frame_type=Response payload_bytes=35
2026-09-26T01:47:36.851582Z DEBUG netbaiot_transports::business_rpc::v3: business RPC V3 received frame stream_id=2 frame_type=Data payload_bytes=218
2026-09-26T01:47:36.851615Z DEBUG netbaiot_transports::business_rpc::v3: business RPC V3 selected frame stream_id=0 frame_type=WindowUpdate payload_bytes=4
2026-09-26T01:47:36.851629Z DEBUG netbaiot_transports::business_rpc::v3: business RPC V3 writer completed frame stream_id=0 frame_type=WindowUpdate payload_bytes=4
2026-09-26T01:47:36.852110Z DEBUG netbaiot_transports::business_rpc::v3: business RPC V3 body entered scheduler stream_id=4 class=Rpc body_bytes=197
2026-09-26T01:47:36.852118Z DEBUG netbaiot_transports::business_rpc::v3: business RPC V3 selected frame stream_id=4 frame_type=Open payload_bytes=158
2026-09-26T01:47:36.852124Z DEBUG netbaiot_transports::business_rpc::v3: business RPC V3 writer completed frame stream_id=4 frame_type=Open payload_bytes=158
2026-09-26T01:47:36.852129Z DEBUG netbaiot_transports::business_rpc::v3: business RPC V3 selected frame stream_id=4 frame_type=Data payload_bytes=197
2026-09-26T01:47:36.852134Z DEBUG netbaiot_transports::business_rpc::v3: business RPC V3 writer completed frame stream_id=4 frame_type=Data payload_bytes=197
2026-09-26T01:47:36.852180Z DEBUG netbaiot_transports::business_rpc::v3: business RPC V3 body entered scheduler stream_id=6 class=Rpc body_bytes=196
2026-09-26T01:47:36.852187Z DEBUG netbaiot_transports::business_rpc::v3: business RPC V3 body entered scheduler stream_id=8 class=Rpc body_bytes=196
2026-09-26T01:47:36.852193Z DEBUG netbaiot_transports::business_rpc::v3: business RPC V3 body entered scheduler stream_id=10 class=Rpc body_bytes=196
2026-09-26T01:47:36.852197Z DEBUG netbaiot_transports::business_rpc::v3: business RPC V3 selected frame stream_id=6 frame_type=Open payload_bytes=158
2026-09-26T01:47:36.852202Z DEBUG netbaiot_transports::business_rpc::v3: business RPC V3 writer completed frame stream_id=6 frame_type=Open payload_bytes=158
2026-09-26T01:47:36.852215Z DEBUG netbaiot_transports::business_rpc::v3: business RPC V3 selected frame stream_id=8 frame_type=Open payload_bytes=158
2026-09-26T01:47:36.852227Z DEBUG netbaiot_transports::business_rpc::v3: business RPC V3 writer completed frame stream_id=8 frame_type=Open payload_bytes=158
2026-09-26T01:47:36.852231Z DEBUG netbaiot_transports::business_rpc::v3: business RPC V3 body entered scheduler stream_id=12 class=Rpc body_bytes=197
2026-09-26T01:47:36.852237Z DEBUG netbaiot_transports::business_rpc::v3: business RPC V3 selected frame stream_id=10 frame_type=Open payload_bytes=158
2026-09-26T01:47:36.852241Z DEBUG netbaiot_transports::business_rpc::v3: business RPC V3 writer completed frame stream_id=10 frame_type=Open payload_bytes=158
2026-09-26T01:47:36.852245Z DEBUG netbaiot_transports::business_rpc::v3: business RPC V3 selected frame stream_id=12 frame_type=Open payload_bytes=158
2026-09-26T01:47:36.852251Z DEBUG netbaiot_transports::business_rpc::v3: business RPC V3 writer completed frame stream_id=12 frame_type=Open payload_bytes=158
2026-09-26T01:47:36.852255Z DEBUG netbaiot_transports::business_rpc::v3: business RPC V3 body entered scheduler stream_id=14 class=Rpc body_bytes=197
2026-09-26T01:47:36.852259Z DEBUG netbaiot_transports::business_rpc::v3: business RPC V3 body entered scheduler stream_id=16 class=Rpc body_bytes=197
2026-09-26T01:47:36.852263Z DEBUG netbaiot_transports::business_rpc::v3: business RPC V3 selected frame stream_id=6 frame_type=Data payload_bytes=196
2026-09-26T01:47:36.852267Z DEBUG netbaiot_transports::business_rpc::v3: business RPC V3 writer completed frame stream_id=6 frame_type=Data payload_bytes=196
2026-09-26T01:47:36.852271Z DEBUG netbaiot_transports::business_rpc::v3: business RPC V3 selected frame stream_id=14 frame_type=Open payload_bytes=158
2026-09-26T01:47:36.852276Z DEBUG netbaiot_transports::business_rpc::v3: business RPC V3 writer completed frame stream_id=14 frame_type=Open payload_bytes=158
2026-09-26T01:47:36.852294Z DEBUG netbaiot_transports::business_rpc::v3: business RPC V3 body entered scheduler stream_id=18 class=Rpc body_bytes=196
2026-09-26T01:47:36.852297Z DEBUG netbaiot_transports::business_rpc::v3: business RPC V3 selected frame stream_id=16 frame_type=Open payload_bytes=158
2026-09-26T01:47:36.852302Z DEBUG netbaiot_transports::business_rpc::v3: business RPC V3 writer completed frame stream_id=16 frame_type=Open payload_bytes=158
2026-09-26T01:47:36.852306Z DEBUG netbaiot_transports::business_rpc::v3: business RPC V3 body entered scheduler stream_id=20 class=Rpc body_bytes=197
2026-09-26T01:47:36.852309Z DEBUG netbaiot_transports::business_rpc::v3: business RPC V3 body entered scheduler stream_id=22 class=Rpc body_bytes=197
2026-09-26T01:47:36.852314Z DEBUG netbaiot_transports::business_rpc::v3: business RPC V3 selected frame stream_id=18 frame_type=Open payload_bytes=158
2026-09-26T01:47:36.852319Z DEBUG netbaiot_transports::business_rpc::v3: business RPC V3 writer completed frame stream_id=18 frame_type=Open payload_bytes=158
2026-09-26T01:47:36.852324Z DEBUG netbaiot_transports::business_rpc::v3: business RPC V3 body entered scheduler stream_id=24 class=Rpc body_bytes=196
2026-09-26T01:47:36.852327Z DEBUG netbaiot_transports::business_rpc::v3: business RPC V3 body entered scheduler stream_id=26 class=Rpc body_bytes=196
2026-09-26T01:47:36.852331Z DEBUG netbaiot_transports::business_rpc::v3: business RPC V3 selected frame stream_id=20 frame_type=Open payload_bytes=158
2026-09-26T01:47:36.852335Z DEBUG netbaiot_transports::business_rpc::v3: business RPC V3 writer completed frame stream_id=20 frame_type=Open payload_bytes=158
2026-09-26T01:47:36.852338Z DEBUG netbaiot_transports::business_rpc::v3: business RPC V3 selected frame stream_id=8 frame_type=Data payload_bytes=196
2026-09-26T01:47:36.852345Z DEBUG netbaiot_transports::business_rpc::v3: business RPC V3 writer completed frame stream_id=8 frame_type=Data payload_bytes=196
2026-09-26T01:47:36.852348Z DEBUG netbaiot_transports::business_rpc::v3: business RPC V3 body entered scheduler stream_id=28 class=Rpc body_bytes=196
2026-09-26T01:47:36.852353Z DEBUG netbaiot_transports::business_rpc::v3: business RPC V3 body entered scheduler stream_id=30 class=Rpc body_bytes=196
2026-09-26T01:47:36.852357Z DEBUG netbaiot_transports::business_rpc::v3: business RPC V3 body entered scheduler stream_id=32 class=Rpc body_bytes=196
2026-09-26T01:47:36.852360Z DEBUG netbaiot_transports::business_rpc::v3: business RPC V3 body entered scheduler stream_id=34 class=Rpc body_bytes=196
2026-09-26T01:47:36.852364Z DEBUG netbaiot_transports::business_rpc::v3: business RPC V3 selected frame stream_id=22 frame_type=Open payload_bytes=158
2026-09-26T01:47:36.852372Z DEBUG netbaiot_transports::business_rpc::v3: business RPC V3 writer completed frame stream_id=22 frame_type=Open payload_bytes=158
2026-09-26T01:47:36.852376Z DEBUG netbaiot_transports::business_rpc::v3: business RPC V3 selected frame stream_id=24 frame_type=Open payload_bytes=158
2026-09-26T01:47:36.852381Z DEBUG netbaiot_transports::business_rpc::v3: business RPC V3 writer completed frame stream_id=24 frame_type=Open payload_bytes=158
2026-09-26T01:47:36.852386Z DEBUG netbaiot_transports::business_rpc::v3: business RPC V3 selected frame stream_id=26 frame_type=Open payload_bytes=158
2026-09-26T01:47:36.852391Z DEBUG netbaiot_transports::business_rpc::v3: business RPC V3 writer completed frame stream_id=26 frame_type=Open payload_bytes=158
2026-09-26T01:47:36.852394Z DEBUG netbaiot_transports::business_rpc::v3: business RPC V3 selected frame stream_id=28 frame_type=Open payload_bytes=158
2026-09-26T01:47:36.852401Z DEBUG netbaiot_transports::business_rpc::v3: business RPC V3 writer completed frame stream_id=28 frame_type=Open payload_bytes=158
2026-09-26T01:47:36.852405Z DEBUG netbaiot_transports::business_rpc::v3: business RPC V3 selected frame stream_id=10 frame_type=Data payload_bytes=196
2026-09-26T01:47:36.852413Z DEBUG netbaiot_transports::business_rpc::v3: business RPC V3 writer completed frame stream_id=10 frame_type=Data payload_bytes=196
2026-09-26T01:47:36.852433Z DEBUG netbaiot_transports::business_rpc::v3: business RPC V3 selected frame stream_id=30 frame_type=Open payload_bytes=158
2026-09-26T01:47:36.852438Z DEBUG netbaiot_transports::business_rpc::v3: business RPC V3 writer completed frame stream_id=30 frame_type=Open payload_bytes=158
2026-09-26T01:47:36.852441Z DEBUG netbaiot_transports::business_rpc::v3: business RPC V3 selected frame stream_id=32 frame_type=Open payload_bytes=158
2026-09-26T01:47:36.852447Z DEBUG netbaiot_transports::business_rpc::v3: business RPC V3 writer completed frame stream_id=32 frame_type=Open payload_bytes=158
2026-09-26T01:47:36.852450Z DEBUG netbaiot_transports::business_rpc::v3: business RPC V3 selected frame stream_id=34 frame_type=Open payload_bytes=158
2026-09-26T01:47:36.852454Z DEBUG netbaiot_transports::business_rpc::v3: business RPC V3 writer completed frame stream_id=34 frame_type=Open payload_bytes=158
2026-09-26T01:47:36.852457Z DEBUG netbaiot_transports::business_rpc::v3: business RPC V3 selected frame stream_id=12 frame_type=Data payload_bytes=197
2026-09-26T01:47:36.852461Z DEBUG netbaiot_transports::business_rpc::v3: business RPC V3 writer completed frame stream_id=12 frame_type=Data payload_bytes=197
2026-09-26T01:47:36.852463Z DEBUG netbaiot_transports::business_rpc::v3: business RPC V3 selected frame stream_id=14 frame_type=Data payload_bytes=197
2026-09-26T01:47:36.852467Z DEBUG netbaiot_transports::business_rpc::v3: business RPC V3 writer completed frame stream_id=14 frame_type=Data payload_bytes=197
2026-09-26T01:47:36.852470Z DEBUG netbaiot_transports::business_rpc::v3: business RPC V3 selected frame stream_id=16 frame_type=Data payload_bytes=197
2026-09-26T01:47:36.852478Z DEBUG netbaiot_transports::business_rpc::v3: business RPC V3 writer completed frame stream_id=16 frame_type=Data payload_bytes=197
2026-09-26T01:47:36.852481Z DEBUG netbaiot_transports::business_rpc::v3: business RPC V3 selected frame stream_id=18 frame_type=Data payload_bytes=196
2026-09-26T01:47:36.852485Z DEBUG netbaiot_transports::business_rpc::v3: business RPC V3 writer completed frame stream_id=18 frame_type=Data payload_bytes=196
2026-09-26T01:47:36.852487Z DEBUG netbaiot_transports::business_rpc::v3: business RPC V3 selected frame stream_id=20 frame_type=Data payload_bytes=197
2026-09-26T01:47:36.852494Z DEBUG netbaiot_transports::business_rpc::v3: business RPC V3 writer completed frame stream_id=20 frame_type=Data payload_bytes=197
2026-09-26T01:47:36.852497Z DEBUG netbaiot_transports::business_rpc::v3: business RPC V3 selected frame stream_id=22 frame_type=Data payload_bytes=197
2026-09-26T01:47:36.852501Z DEBUG netbaiot_transports::business_rpc::v3: business RPC V3 writer completed frame stream_id=22 frame_type=Data payload_bytes=197
2026-09-26T01:47:36.852504Z DEBUG netbaiot_transports::business_rpc::v3: business RPC V3 selected frame stream_id=24 frame_type=Data payload_bytes=196
2026-09-26T01:47:36.852512Z DEBUG netbaiot_transports::business_rpc::v3: business RPC V3 writer completed frame stream_id=24 frame_type=Data payload_bytes=196
2026-09-26T01:47:36.852515Z DEBUG netbaiot_transports::business_rpc::v3: business RPC V3 selected frame stream_id=26 frame_type=Data payload_bytes=196
2026-09-26T01:47:36.852519Z DEBUG netbaiot_transports::business_rpc::v3: business RPC V3 writer completed frame stream_id=26 frame_type=Data payload_bytes=196
2026-09-26T01:47:36.852522Z DEBUG netbaiot_transports::business_rpc::v3: business RPC V3 selected frame stream_id=28 frame_type=Data payload_bytes=196
2026-09-26T01:47:36.852526Z DEBUG netbaiot_transports::business_rpc::v3: business RPC V3 writer completed frame stream_id=28 frame_type=Data payload_bytes=196
2026-09-26T01:47:36.852529Z DEBUG netbaiot_transports::business_rpc::v3: business RPC V3 selected frame stream_id=30 frame_type=Data payload_bytes=196
2026-09-26T01:47:36.852532Z DEBUG netbaiot_transports::business_rpc::v3: business RPC V3 writer completed frame stream_id=30 frame_type=Data payload_bytes=196
2026-09-26T01:47:36.852545Z DEBUG netbaiot_transports::business_rpc::v3: business RPC V3 selected frame stream_id=32 frame_type=Data payload_bytes=196
2026-09-26T01:47:36.852550Z DEBUG netbaiot_transports::business_rpc::v3: business RPC V3 writer completed frame stream_id=32 frame_type=Data payload_bytes=196
2026-09-26T01:47:36.852555Z DEBUG netbaiot_transports::business_rpc::v3: business RPC V3 selected frame stream_id=34 frame_type=Data payload_bytes=196
2026-09-26T01:47:36.852559Z DEBUG netbaiot_transports::business_rpc::v3: business RPC V3 writer completed frame stream_id=34 frame_type=Data payload_bytes=196
2026-09-26T01:47:36.853751Z DEBUG netbaiot_transports::business_rpc::v3: business RPC V3 body entered scheduler stream_id=36 class=Event body_bytes=17365
2026-09-26T01:47:36.853757Z DEBUG netbaiot_transports::business_rpc::v3: business RPC V3 selected frame stream_id=36 frame_type=Open payload_bytes=184
2026-09-26T01:47:36.853765Z DEBUG netbaiot_transports::business_rpc::v3: business RPC V3 writer completed frame stream_id=36 frame_type=Open payload_bytes=184
2026-09-26T01:47:36.853769Z DEBUG netbaiot_transports::business_rpc::v3: business RPC V3 selected frame stream_id=36 frame_type=Data payload_bytes=8192
2026-09-26T01:47:36.853773Z DEBUG netbaiot_transports::business_rpc::v3: business RPC V3 writer completed frame stream_id=36 frame_type=Data payload_bytes=8192
2026-09-26T01:47:36.853777Z DEBUG netbaiot_transports::business_rpc::v3: business RPC V3 selected frame stream_id=36 frame_type=Data payload_bytes=8192
2026-09-26T01:47:36.853782Z DEBUG netbaiot_transports::business_rpc::v3: business RPC V3 writer completed frame stream_id=36 frame_type=Data payload_bytes=8192
2026-09-26T01:47:36.996865Z DEBUG netbaiot_transports::business_rpc::v3: business RPC V3 received frame stream_id=0 frame_type=WindowUpdate payload_bytes=4
2026-09-26T01:47:36.996904Z DEBUG netbaiot_transports::business_rpc::v3: business RPC V3 received frame stream_id=0 frame_type=WindowUpdate payload_bytes=4
2026-09-26T01:47:36.996908Z DEBUG netbaiot_transports::business_rpc::v3: business RPC V3 received frame stream_id=0 frame_type=WindowUpdate payload_bytes=4
2026-09-26T01:47:36.996912Z DEBUG netbaiot_transports::business_rpc::v3: business RPC V3 received frame stream_id=0 frame_type=WindowUpdate payload_bytes=4
2026-09-26T01:47:36.996914Z DEBUG netbaiot_transports::business_rpc::v3: business RPC V3 received frame stream_id=0 frame_type=WindowUpdate payload_bytes=4
2026-09-26T01:47:36.996917Z DEBUG netbaiot_transports::business_rpc::v3: business RPC V3 received frame stream_id=0 frame_type=WindowUpdate payload_bytes=4
2026-09-26T01:47:36.996920Z DEBUG netbaiot_transports::business_rpc::v3: business RPC V3 received frame stream_id=0 frame_type=WindowUpdate payload_bytes=4
2026-09-26T01:47:37.041572Z DEBUG netbaiot_transports::business_rpc::v3: business RPC V3 received frame stream_id=0 frame_type=WindowUpdate payload_bytes=4
2026-09-26T01:47:37.041597Z DEBUG netbaiot_transports::business_rpc::v3: business RPC V3 received frame stream_id=0 frame_type=WindowUpdate payload_bytes=4
2026-09-26T01:47:37.041602Z DEBUG netbaiot_transports::business_rpc::v3: business RPC V3 received frame stream_id=0 frame_type=WindowUpdate payload_bytes=4
2026-09-26T01:47:37.041605Z DEBUG netbaiot_transports::business_rpc::v3: business RPC V3 received frame stream_id=0 frame_type=WindowUpdate payload_bytes=4
2026-09-26T01:47:37.041608Z DEBUG netbaiot_transports::business_rpc::v3: business RPC V3 received frame stream_id=0 frame_type=WindowUpdate payload_bytes=4
2026-09-26T01:47:37.041611Z DEBUG netbaiot_transports::business_rpc::v3: business RPC V3 received frame stream_id=0 frame_type=WindowUpdate payload_bytes=4
2026-09-26T01:47:37.041628Z DEBUG netbaiot_transports::business_rpc::v3: business RPC V3 received frame stream_id=0 frame_type=WindowUpdate payload_bytes=4
2026-09-26T01:47:37.041661Z DEBUG netbaiot_transports::business_rpc::v3: business RPC V3 received frame stream_id=4 frame_type=Response payload_bytes=35
2026-09-26T01:47:37.041680Z DEBUG netbaiot_transports::business_rpc::v3: business RPC V3 received frame stream_id=6 frame_type=Response payload_bytes=35
2026-09-26T01:47:37.041720Z DEBUG netbaiot_transports::business_rpc::v3: business RPC V3 received frame stream_id=8 frame_type=Response payload_bytes=35
2026-09-26T01:47:37.041741Z DEBUG netbaiot_transports::business_rpc::v3: business RPC V3 received frame stream_id=10 frame_type=Response payload_bytes=35
2026-09-26T01:47:37.041756Z DEBUG netbaiot_transports::business_rpc::v3: business RPC V3 received frame stream_id=12 frame_type=Response payload_bytes=35
2026-09-26T01:47:37.041762Z DEBUG netbaiot_transports::business_rpc::v3: business RPC V3 received frame stream_id=4 frame_type=Data payload_bytes=215
2026-09-26T01:47:37.041783Z DEBUG netbaiot_transports::business_rpc::v3: business RPC V3 received frame stream_id=14 frame_type=Response payload_bytes=35
2026-09-26T01:47:37.041788Z DEBUG netbaiot_transports::business_rpc::v3: business RPC V3 received frame stream_id=16 frame_type=Response payload_bytes=35
2026-09-26T01:47:37.041792Z DEBUG netbaiot_transports::business_rpc::v3: business RPC V3 received frame stream_id=18 frame_type=Response payload_bytes=35
2026-09-26T01:47:37.041789Z DEBUG netbaiot_transports::business_rpc::v3: business RPC V3 selected frame stream_id=0 frame_type=WindowUpdate payload_bytes=4
2026-09-26T01:47:37.041795Z DEBUG netbaiot_transports::business_rpc::v3: business RPC V3 received frame stream_id=20 frame_type=Response payload_bytes=35
2026-09-26T01:47:37.041847Z DEBUG netbaiot_transports::business_rpc::v3: business RPC V3 received frame stream_id=6 frame_type=Data payload_bytes=214
2026-09-26T01:47:37.041825Z DEBUG netbaiot_transports::business_rpc::v3: business RPC V3 writer completed frame stream_id=0 frame_type=WindowUpdate payload_bytes=4
2026-09-26T01:47:37.041876Z DEBUG netbaiot_transports::business_rpc::v3: business RPC V3 selected frame stream_id=0 frame_type=WindowUpdate payload_bytes=4
2026-09-26T01:47:37.041880Z DEBUG netbaiot_transports::business_rpc::v3: business RPC V3 received frame stream_id=22 frame_type=Response payload_bytes=35
2026-09-26T01:47:37.041917Z DEBUG netbaiot_transports::business_rpc::v3: business RPC V3 received frame stream_id=24 frame_type=Response payload_bytes=35
2026-09-26T01:47:37.041921Z DEBUG netbaiot_transports::business_rpc::v3: business RPC V3 received frame stream_id=26 frame_type=Response payload_bytes=35
2026-09-26T01:47:37.041926Z DEBUG netbaiot_transports::business_rpc::v3: business RPC V3 received frame stream_id=28 frame_type=Response payload_bytes=35
2026-09-26T01:47:37.041928Z DEBUG netbaiot_transports::business_rpc::v3: business RPC V3 received frame stream_id=8 frame_type=Data payload_bytes=214
2026-09-26T01:47:37.041905Z DEBUG netbaiot_transports::business_rpc::v3: business RPC V3 writer completed frame stream_id=0 frame_type=WindowUpdate payload_bytes=4
2026-09-26T01:47:37.041950Z DEBUG netbaiot_transports::business_rpc::v3: business RPC V3 selected frame stream_id=0 frame_type=WindowUpdate payload_bytes=4
2026-09-26T01:47:37.041940Z DEBUG netbaiot_transports::business_rpc::v3: business RPC V3 received frame stream_id=30 frame_type=Response payload_bytes=35
2026-09-26T01:47:37.041998Z DEBUG netbaiot_transports::business_rpc::v3: business RPC V3 received frame stream_id=0 frame_type=WindowUpdate payload_bytes=4
2026-09-26T01:47:37.042007Z DEBUG netbaiot_transports::business_rpc::v3: business RPC V3 received frame stream_id=0 frame_type=WindowUpdate payload_bytes=4
2026-09-26T01:47:37.042012Z DEBUG netbaiot_transports::business_rpc::v3: business RPC V3 received frame stream_id=0 frame_type=WindowUpdate payload_bytes=4
2026-09-26T01:47:37.042016Z DEBUG netbaiot_transports::business_rpc::v3: business RPC V3 received frame stream_id=10 frame_type=Data payload_bytes=214
2026-09-26T01:47:37.041972Z DEBUG netbaiot_transports::business_rpc::v3: business RPC V3 writer completed frame stream_id=0 frame_type=WindowUpdate payload_bytes=4
2026-09-26T01:47:37.042039Z DEBUG netbaiot_transports::business_rpc::v3: business RPC V3 selected frame stream_id=0 frame_type=WindowUpdate payload_bytes=4
2026-09-26T01:47:37.042083Z DEBUG netbaiot_transports::business_rpc::v3: business RPC V3 writer completed frame stream_id=0 frame_type=WindowUpdate payload_bytes=4
2026-09-26T01:47:37.042042Z DEBUG netbaiot_transports::business_rpc::v3: business RPC V3 received frame stream_id=36 frame_type=WindowUpdate payload_bytes=4
2026-09-26T01:47:37.042127Z DEBUG netbaiot_transports::business_rpc::v3: business RPC V3 received frame stream_id=34 frame_type=Response payload_bytes=35
2026-09-26T01:47:37.042131Z DEBUG netbaiot_transports::business_rpc::v3: business RPC V3 received frame stream_id=12 frame_type=Data payload_bytes=215
2026-09-26T01:47:37.042139Z DEBUG netbaiot_transports::business_rpc::v3: business RPC V3 received frame stream_id=14 frame_type=Data payload_bytes=215
2026-09-26T01:47:37.042146Z DEBUG netbaiot_transports::business_rpc::v3: business RPC V3 received frame stream_id=16 frame_type=Data payload_bytes=215
2026-09-26T01:47:37.042162Z DEBUG netbaiot_transports::business_rpc::v3: business RPC V3 selected frame stream_id=36 frame_type=Data payload_bytes=981
2026-09-26T01:47:37.042204Z DEBUG netbaiot_transports::business_rpc::v3: business RPC V3 writer completed frame stream_id=36 frame_type=Data payload_bytes=981
2026-09-26T01:47:37.042215Z DEBUG netbaiot_transports::business_rpc::v3: business RPC V3 selected frame stream_id=0 frame_type=WindowUpdate payload_bytes=4
2026-09-26T01:47:37.042220Z DEBUG netbaiot_transports::business_rpc::v3: business RPC V3 received frame stream_id=18 frame_type=Data payload_bytes=214
2026-09-26T01:47:37.042236Z DEBUG netbaiot_transports::business_rpc::v3: business RPC V3 received frame stream_id=20 frame_type=Data payload_bytes=215
2026-09-26T01:47:37.042245Z DEBUG netbaiot_transports::business_rpc::v3: business RPC V3 received frame stream_id=22 frame_type=Data payload_bytes=215
2026-09-26T01:47:37.042253Z DEBUG netbaiot_transports::business_rpc::v3: business RPC V3 received frame stream_id=24 frame_type=Data payload_bytes=214
2026-09-26T01:47:37.042221Z DEBUG netbaiot_transports::business_rpc::v3: business RPC V3 writer completed frame stream_id=0 frame_type=WindowUpdate payload_bytes=4
2026-09-26T01:47:37.042319Z DEBUG netbaiot_transports::business_rpc::v3: business RPC V3 selected frame stream_id=0 frame_type=WindowUpdate payload_bytes=4
2026-09-26T01:47:37.042335Z DEBUG netbaiot_transports::business_rpc::v3: business RPC V3 writer completed frame stream_id=0 frame_type=WindowUpdate payload_bytes=4
2026-09-26T01:47:37.042343Z DEBUG netbaiot_transports::business_rpc::v3: business RPC V3 selected frame stream_id=0 frame_type=WindowUpdate payload_bytes=4
2026-09-26T01:47:37.042358Z DEBUG netbaiot_transports::business_rpc::v3: business RPC V3 writer completed frame stream_id=0 frame_type=WindowUpdate payload_bytes=4
2026-09-26T01:47:37.042321Z DEBUG netbaiot_transports::business_rpc::v3: business RPC V3 received frame stream_id=26 frame_type=Data payload_bytes=214
2026-09-26T01:47:37.042369Z DEBUG netbaiot_transports::business_rpc::v3: business RPC V3 selected frame stream_id=0 frame_type=WindowUpdate payload_bytes=4
2026-09-26T01:47:37.042384Z DEBUG netbaiot_transports::business_rpc::v3: business RPC V3 received frame stream_id=28 frame_type=Data payload_bytes=214
2026-09-26T01:47:37.042387Z DEBUG netbaiot_transports::business_rpc::v3: business RPC V3 writer completed frame stream_id=0 frame_type=WindowUpdate payload_bytes=4
2026-09-26T01:47:37.042398Z DEBUG netbaiot_transports::business_rpc::v3: business RPC V3 selected frame stream_id=0 frame_type=WindowUpdate payload_bytes=4
2026-09-26T01:47:37.042403Z DEBUG netbaiot_transports::business_rpc::v3: business RPC V3 writer completed frame stream_id=0 frame_type=WindowUpdate payload_bytes=4
2026-09-26T01:47:37.042406Z DEBUG netbaiot_transports::business_rpc::v3: business RPC V3 selected frame stream_id=0 frame_type=WindowUpdate payload_bytes=4
2026-09-26T01:47:37.042394Z DEBUG netbaiot_transports::business_rpc::v3: business RPC V3 received frame stream_id=30 frame_type=Data payload_bytes=214
2026-09-26T01:47:37.042410Z DEBUG netbaiot_transports::business_rpc::v3: business RPC V3 writer completed frame stream_id=0 frame_type=WindowUpdate payload_bytes=4
2026-09-26T01:47:37.042463Z DEBUG netbaiot_transports::business_rpc::v3: business RPC V3 selected frame stream_id=0 frame_type=WindowUpdate payload_bytes=4
2026-09-26T01:47:37.042470Z DEBUG netbaiot_transports::business_rpc::v3: business RPC V3 writer completed frame stream_id=0 frame_type=WindowUpdate payload_bytes=4
2026-09-26T01:47:37.042473Z DEBUG netbaiot_transports::business_rpc::v3: business RPC V3 selected frame stream_id=0 frame_type=WindowUpdate payload_bytes=4
2026-09-26T01:47:37.042478Z DEBUG netbaiot_transports::business_rpc::v3: business RPC V3 writer completed frame stream_id=0 frame_type=WindowUpdate payload_bytes=4
2026-09-26T01:47:37.042481Z DEBUG netbaiot_transports::business_rpc::v3: business RPC V3 selected frame stream_id=0 frame_type=WindowUpdate payload_bytes=4
2026-09-26T01:47:37.042466Z DEBUG netbaiot_transports::business_rpc::v3: business RPC V3 received frame stream_id=34 frame_type=Data payload_bytes=214
2026-09-26T01:47:37.042496Z DEBUG netbaiot_transports::business_rpc::v3: business RPC V3 received frame stream_id=32 frame_type=Response payload_bytes=35
2026-09-26T01:47:37.042505Z DEBUG netbaiot_transports::business_rpc::v3: business RPC V3 received frame stream_id=32 frame_type=Data payload_bytes=214
2026-09-26T01:47:37.042485Z DEBUG netbaiot_transports::business_rpc::v3: business RPC V3 writer completed frame stream_id=0 frame_type=WindowUpdate payload_bytes=4
2026-09-26T01:47:37.042528Z DEBUG netbaiot_transports::business_rpc::v3: business RPC V3 selected frame stream_id=0 frame_type=WindowUpdate payload_bytes=4
2026-09-26T01:47:37.042533Z DEBUG netbaiot_transports::business_rpc::v3: business RPC V3 writer completed frame stream_id=0 frame_type=WindowUpdate payload_bytes=4
2026-09-26T01:47:37.042535Z DEBUG netbaiot_transports::business_rpc::v3: business RPC V3 selected frame stream_id=0 frame_type=WindowUpdate payload_bytes=4
2026-09-26T01:47:37.042540Z DEBUG netbaiot_transports::business_rpc::v3: business RPC V3 writer completed frame stream_id=0 frame_type=WindowUpdate payload_bytes=4
2026-09-26T01:47:37.042542Z DEBUG netbaiot_transports::business_rpc::v3: business RPC V3 selected frame stream_id=0 frame_type=WindowUpdate payload_bytes=4
2026-09-26T01:47:37.042547Z DEBUG netbaiot_transports::business_rpc::v3: business RPC V3 writer completed frame stream_id=0 frame_type=WindowUpdate payload_bytes=4
2026-09-26T01:47:37.042593Z DEBUG netbaiot_transports::business_rpc::v3: business RPC V3 body entered scheduler stream_id=38 class=Rpc body_bytes=197
2026-09-26T01:47:37.042622Z DEBUG netbaiot_transports::business_rpc::v3: business RPC V3 body entered scheduler stream_id=40 class=Rpc body_bytes=197
2026-09-26T01:47:37.042633Z DEBUG netbaiot_transports::business_rpc::v3: business RPC V3 body entered scheduler stream_id=42 class=Rpc body_bytes=197
2026-09-26T01:47:37.042641Z DEBUG netbaiot_transports::business_rpc::v3: business RPC V3 selected frame stream_id=38 frame_type=Open payload_bytes=158
2026-09-26T01:47:37.042653Z DEBUG netbaiot_transports::business_rpc::v3: business RPC V3 writer completed frame stream_id=38 frame_type=Open payload_bytes=158
2026-09-26T01:47:37.042660Z DEBUG netbaiot_transports::business_rpc::v3: business RPC V3 selected frame stream_id=40 frame_type=Open payload_bytes=158
2026-09-26T01:47:37.042672Z DEBUG netbaiot_transports::business_rpc::v3: business RPC V3 writer completed frame stream_id=40 frame_type=Open payload_bytes=158
2026-09-26T01:47:37.042680Z DEBUG netbaiot_transports::business_rpc::v3: business RPC V3 selected frame stream_id=38 frame_type=Data payload_bytes=197
2026-09-26T01:47:37.042690Z DEBUG netbaiot_transports::business_rpc::v3: business RPC V3 writer completed frame stream_id=38 frame_type=Data payload_bytes=197
2026-09-26T01:47:37.042698Z DEBUG netbaiot_transports::business_rpc::v3: business RPC V3 selected frame stream_id=42 frame_type=Open payload_bytes=158
2026-09-26T01:47:37.042741Z DEBUG netbaiot_transports::business_rpc::v3: business RPC V3 writer completed frame stream_id=42 frame_type=Open payload_bytes=158
2026-09-26T01:47:37.042750Z DEBUG netbaiot_transports::business_rpc::v3: business RPC V3 selected frame stream_id=40 frame_type=Data payload_bytes=197
2026-09-26T01:47:37.042755Z DEBUG netbaiot_transports::business_rpc::v3: business RPC V3 writer completed frame stream_id=40 frame_type=Data payload_bytes=197
2026-09-26T01:47:37.042758Z DEBUG netbaiot_transports::business_rpc::v3: business RPC V3 selected frame stream_id=42 frame_type=Data payload_bytes=197
2026-09-26T01:47:37.042764Z DEBUG netbaiot_transports::business_rpc::v3: business RPC V3 writer completed frame stream_id=42 frame_type=Data payload_bytes=197
2026-09-26T01:47:37.042839Z DEBUG netbaiot_transports::business_rpc::v3: business RPC V3 body entered scheduler stream_id=44 class=Rpc body_bytes=197
2026-09-26T01:47:37.042844Z DEBUG netbaiot_transports::business_rpc::v3: business RPC V3 selected frame stream_id=44 frame_type=Open payload_bytes=158
2026-09-26T01:47:37.042848Z DEBUG netbaiot_transports::business_rpc::v3: business RPC V3 writer completed frame stream_id=44 frame_type=Open payload_bytes=158
2026-09-26T01:47:37.042851Z DEBUG netbaiot_transports::business_rpc::v3: business RPC V3 selected frame stream_id=44 frame_type=Data payload_bytes=197
2026-09-26T01:47:37.042855Z DEBUG netbaiot_transports::business_rpc::v3: business RPC V3 writer completed frame stream_id=44 frame_type=Data payload_bytes=197
2026-09-26T01:47:37.042950Z DEBUG netbaiot_transports::business_rpc::v3: business RPC V3 body entered scheduler stream_id=46 class=Rpc body_bytes=197
2026-09-26T01:47:37.042956Z DEBUG netbaiot_transports::business_rpc::v3: business RPC V3 selected frame stream_id=46 frame_type=Open payload_bytes=158
2026-09-26T01:47:37.042961Z DEBUG netbaiot_transports::business_rpc::v3: business RPC V3 writer completed frame stream_id=46 frame_type=Open payload_bytes=158
2026-09-26T01:47:37.042964Z DEBUG netbaiot_transports::business_rpc::v3: business RPC V3 selected frame stream_id=46 frame_type=Data payload_bytes=197
2026-09-26T01:47:37.042968Z DEBUG netbaiot_transports::business_rpc::v3: business RPC V3 writer completed frame stream_id=46 frame_type=Data payload_bytes=197
2026-09-26T01:47:37.043002Z DEBUG netbaiot_transports::business_rpc::v3: business RPC V3 body entered scheduler stream_id=48 class=Rpc body_bytes=197
2026-09-26T01:47:37.043006Z DEBUG netbaiot_transports::business_rpc::v3: business RPC V3 selected frame stream_id=48 frame_type=Open payload_bytes=158
2026-09-26T01:47:37.043010Z DEBUG netbaiot_transports::business_rpc::v3: business RPC V3 writer completed frame stream_id=48 frame_type=Open payload_bytes=158
2026-09-26T01:47:37.043013Z DEBUG netbaiot_transports::business_rpc::v3: business RPC V3 body entered scheduler stream_id=50 class=Rpc body_bytes=197
2026-09-26T01:47:37.043015Z DEBUG netbaiot_transports::business_rpc::v3: business RPC V3 selected frame stream_id=50 frame_type=Open payload_bytes=158
2026-09-26T01:47:37.043019Z DEBUG netbaiot_transports::business_rpc::v3: business RPC V3 writer completed frame stream_id=50 frame_type=Open payload_bytes=158
2026-09-26T01:47:37.043021Z DEBUG netbaiot_transports::business_rpc::v3: business RPC V3 selected frame stream_id=48 frame_type=Data payload_bytes=197
2026-09-26T01:47:37.043025Z DEBUG netbaiot_transports::business_rpc::v3: business RPC V3 writer completed frame stream_id=48 frame_type=Data payload_bytes=197
2026-09-26T01:47:37.043027Z DEBUG netbaiot_transports::business_rpc::v3: business RPC V3 selected frame stream_id=50 frame_type=Data payload_bytes=197
2026-09-26T01:47:37.043030Z DEBUG netbaiot_transports::business_rpc::v3: business RPC V3 writer completed frame stream_id=50 frame_type=Data payload_bytes=197
2026-09-26T01:47:37.043166Z DEBUG netbaiot_transports::business_rpc::v3: business RPC V3 body entered scheduler stream_id=52 class=Rpc body_bytes=197
2026-09-26T01:47:37.043170Z DEBUG netbaiot_transports::business_rpc::v3: business RPC V3 selected frame stream_id=52 frame_type=Open payload_bytes=158
2026-09-26T01:47:37.043187Z DEBUG netbaiot_transports::business_rpc::v3: business RPC V3 writer completed frame stream_id=52 frame_type=Open payload_bytes=158
2026-09-26T01:47:37.043190Z DEBUG netbaiot_transports::business_rpc::v3: business RPC V3 selected frame stream_id=52 frame_type=Data payload_bytes=197
2026-09-26T01:47:37.043195Z DEBUG netbaiot_transports::business_rpc::v3: business RPC V3 writer completed frame stream_id=52 frame_type=Data payload_bytes=197
2026-09-26T01:47:37.043220Z DEBUG netbaiot_transports::business_rpc::v3: business RPC V3 body entered scheduler stream_id=54 class=Rpc body_bytes=197
2026-09-26T01:47:37.043225Z DEBUG netbaiot_transports::business_rpc::v3: business RPC V3 body entered scheduler stream_id=56 class=Rpc body_bytes=197
2026-09-26T01:47:37.043227Z DEBUG netbaiot_transports::business_rpc::v3: business RPC V3 selected frame stream_id=54 frame_type=Open payload_bytes=158
2026-09-26T01:47:37.043231Z DEBUG netbaiot_transports::business_rpc::v3: business RPC V3 writer completed frame stream_id=54 frame_type=Open payload_bytes=158
2026-09-26T01:47:37.043233Z DEBUG netbaiot_transports::business_rpc::v3: business RPC V3 selected frame stream_id=56 frame_type=Open payload_bytes=158
2026-09-26T01:47:37.043237Z DEBUG netbaiot_transports::business_rpc::v3: business RPC V3 writer completed frame stream_id=56 frame_type=Open payload_bytes=158
2026-09-26T01:47:37.043239Z DEBUG netbaiot_transports::business_rpc::v3: business RPC V3 selected frame stream_id=54 frame_type=Data payload_bytes=197
2026-09-26T01:47:37.043243Z DEBUG netbaiot_transports::business_rpc::v3: business RPC V3 writer completed frame stream_id=54 frame_type=Data payload_bytes=197
2026-09-26T01:47:37.043245Z DEBUG netbaiot_transports::business_rpc::v3: business RPC V3 selected frame stream_id=56 frame_type=Data payload_bytes=197
2026-09-26T01:47:37.043249Z DEBUG netbaiot_transports::business_rpc::v3: business RPC V3 writer completed frame stream_id=56 frame_type=Data payload_bytes=197
2026-09-26T01:47:37.068674Z DEBUG netbaiot_transports::business_rpc::v3: business RPC V3 received frame stream_id=0 frame_type=WindowUpdate payload_bytes=4
2026-09-26T01:47:37.068720Z DEBUG netbaiot_transports::business_rpc::v3: business RPC V3 received frame stream_id=36 frame_type=WindowUpdate payload_bytes=4
2026-09-26T01:47:37.181715Z DEBUG netbaiot_transports::business_rpc::v3: business RPC V3 received frame stream_id=0 frame_type=WindowUpdate payload_bytes=4
2026-09-26T01:47:37.181740Z DEBUG netbaiot_transports::business_rpc::v3: business RPC V3 received frame stream_id=0 frame_type=WindowUpdate payload_bytes=4
2026-09-26T01:47:37.181746Z DEBUG netbaiot_transports::business_rpc::v3: business RPC V3 received frame stream_id=0 frame_type=WindowUpdate payload_bytes=4
2026-09-26T01:47:37.181750Z DEBUG netbaiot_transports::business_rpc::v3: business RPC V3 received frame stream_id=0 frame_type=WindowUpdate payload_bytes=4
2026-09-26T01:47:37.181753Z DEBUG netbaiot_transports::business_rpc::v3: business RPC V3 received frame stream_id=0 frame_type=WindowUpdate payload_bytes=4
2026-09-26T01:47:37.181756Z DEBUG netbaiot_transports::business_rpc::v3: business RPC V3 received frame stream_id=0 frame_type=WindowUpdate payload_bytes=4
2026-09-26T01:47:37.181759Z DEBUG netbaiot_transports::business_rpc::v3: business RPC V3 received frame stream_id=0 frame_type=WindowUpdate payload_bytes=4
2026-09-26T01:47:37.181761Z DEBUG netbaiot_transports::business_rpc::v3: business RPC V3 received frame stream_id=0 frame_type=WindowUpdate payload_bytes=4
2026-09-26T01:47:37.181764Z DEBUG netbaiot_transports::business_rpc::v3: business RPC V3 received frame stream_id=40 frame_type=Response payload_bytes=35
2026-09-26T01:47:37.181769Z DEBUG netbaiot_transports::business_rpc::v3: business RPC V3 received frame stream_id=38 frame_type=Response payload_bytes=35
2026-09-26T01:47:37.181772Z DEBUG netbaiot_transports::business_rpc::v3: business RPC V3 received frame stream_id=42 frame_type=Response payload_bytes=35
2026-09-26T01:47:37.181798Z DEBUG netbaiot_transports::business_rpc::v3: business RPC V3 received frame stream_id=46 frame_type=Response payload_bytes=35
2026-09-26T01:47:37.181801Z DEBUG netbaiot_transports::business_rpc::v3: business RPC V3 received frame stream_id=40 frame_type=Data payload_bytes=215
2026-09-26T01:47:37.181817Z DEBUG netbaiot_transports::business_rpc::v3: business RPC V3 received frame stream_id=0 frame_type=WindowUpdate payload_bytes=4
2026-09-26T01:47:37.181821Z DEBUG netbaiot_transports::business_rpc::v3: business RPC V3 received frame stream_id=0 frame_type=WindowUpdate payload_bytes=4
2026-09-26T01:47:37.181825Z DEBUG netbaiot_transports::business_rpc::v3: business RPC V3 received frame stream_id=0 frame_type=WindowUpdate payload_bytes=4
2026-09-26T01:47:37.181826Z DEBUG netbaiot_transports::business_rpc::v3: business RPC V3 selected frame stream_id=0 frame_type=WindowUpdate payload_bytes=4
2026-09-26T01:47:37.181829Z DEBUG netbaiot_transports::business_rpc::v3: business RPC V3 received frame stream_id=50 frame_type=Response payload_bytes=35
2026-09-26T01:47:37.181845Z DEBUG netbaiot_transports::business_rpc::v3: business RPC V3 writer completed frame stream_id=0 frame_type=WindowUpdate payload_bytes=4
2026-09-26T01:47:37.181852Z DEBUG netbaiot_transports::business_rpc::v3: business RPC V3 received frame stream_id=38 frame_type=Data payload_bytes=215
2026-09-26T01:47:37.181871Z DEBUG netbaiot_transports::business_rpc::v3: business RPC V3 received frame stream_id=44 frame_type=Response payload_bytes=35
2026-09-26T01:47:37.181875Z DEBUG netbaiot_transports::business_rpc::v3: business RPC V3 received frame stream_id=48 frame_type=Response payload_bytes=35
2026-09-26T01:47:37.181879Z DEBUG netbaiot_transports::business_rpc::v3: business RPC V3 received frame stream_id=56 frame_type=Response payload_bytes=35
2026-09-26T01:47:37.181883Z DEBUG netbaiot_transports::business_rpc::v3: business RPC V3 received frame stream_id=54 frame_type=Response payload_bytes=35
2026-09-26T01:47:37.181886Z DEBUG netbaiot_transports::business_rpc::v3: business RPC V3 received frame stream_id=42 frame_type=Data payload_bytes=215
2026-09-26T01:47:37.181887Z DEBUG netbaiot_transports::business_rpc::v3: business RPC V3 selected frame stream_id=0 frame_type=WindowUpdate payload_bytes=4
2026-09-26T01:47:37.181900Z DEBUG netbaiot_transports::business_rpc::v3: business RPC V3 writer completed frame stream_id=0 frame_type=WindowUpdate payload_bytes=4
2026-09-26T01:47:37.181895Z DEBUG netbaiot_transports::business_rpc::v3: business RPC V3 received frame stream_id=52 frame_type=Response payload_bytes=35
2026-09-26T01:47:37.181904Z DEBUG netbaiot_transports::business_rpc::v3: business RPC V3 selected frame stream_id=0 frame_type=WindowUpdate payload_bytes=4
2026-09-26T01:47:37.181919Z DEBUG netbaiot_transports::business_rpc::v3: business RPC V3 writer completed frame stream_id=0 frame_type=WindowUpdate payload_bytes=4
2026-09-26T01:47:37.181913Z DEBUG netbaiot_transports::business_rpc::v3: business RPC V3 received frame stream_id=36 frame_type=Response payload_bytes=35
2026-09-26T01:47:37.181928Z DEBUG netbaiot_transports::business_rpc::v3: business RPC V3 received frame stream_id=46 frame_type=Data payload_bytes=215
2026-09-26T01:47:37.181939Z DEBUG netbaiot_transports::business_rpc::v3: business RPC V3 received frame stream_id=50 frame_type=Data payload_bytes=215
2026-09-26T01:47:37.181946Z DEBUG netbaiot_transports::business_rpc::v3: business RPC V3 received frame stream_id=44 frame_type=Data payload_bytes=215
2026-09-26T01:47:37.181952Z DEBUG netbaiot_transports::business_rpc::v3: business RPC V3 selected frame stream_id=0 frame_type=WindowUpdate payload_bytes=4
2026-09-26T01:47:37.181962Z DEBUG netbaiot_transports::business_rpc::v3: business RPC V3 writer completed frame stream_id=0 frame_type=WindowUpdate payload_bytes=4
2026-09-26T01:47:37.181965Z DEBUG netbaiot_transports::business_rpc::v3: business RPC V3 selected frame stream_id=0 frame_type=WindowUpdate payload_bytes=4
2026-09-26T01:47:37.181969Z DEBUG netbaiot_transports::business_rpc::v3: business RPC V3 writer completed frame stream_id=0 frame_type=WindowUpdate payload_bytes=4
2026-09-26T01:47:37.181989Z DEBUG netbaiot_transports::business_rpc::v3: business RPC V3 selected frame stream_id=0 frame_type=WindowUpdate payload_bytes=4
2026-09-26T01:47:37.181967Z DEBUG netbaiot_transports::business_rpc::v3: business RPC V3 received frame stream_id=48 frame_type=Data payload_bytes=215
2026-09-26T01:47:37.182039Z DEBUG netbaiot_transports::business_rpc::v3: business RPC V3 received frame stream_id=56 frame_type=Data payload_bytes=215
2026-09-26T01:47:37.182062Z DEBUG netbaiot_transports::business_rpc::v3: business RPC V3 received frame stream_id=54 frame_type=Data payload_bytes=215
2026-09-26T01:47:37.181993Z DEBUG netbaiot_transports::business_rpc::v3: business RPC V3 writer completed frame stream_id=0 frame_type=WindowUpdate payload_bytes=4
2026-09-26T01:47:37.182078Z DEBUG netbaiot_transports::business_rpc::v3: business RPC V3 received frame stream_id=52 frame_type=Data payload_bytes=215
2026-09-26T01:47:37.182093Z DEBUG netbaiot_transports::business_rpc::v3: business RPC V3 selected frame stream_id=0 frame_type=WindowUpdate payload_bytes=4
2026-09-26T01:47:37.182128Z DEBUG netbaiot_transports::business_rpc::v3: business RPC V3 received frame stream_id=36 frame_type=Data payload_bytes=118
2026-09-26T01:47:37.182134Z DEBUG netbaiot_transports::business_rpc::v3: business RPC V3 writer completed frame stream_id=0 frame_type=WindowUpdate payload_bytes=4
2026-09-26T01:47:37.182165Z DEBUG netbaiot_transports::business_rpc::v3: business RPC V3 selected frame stream_id=0 frame_type=WindowUpdate payload_bytes=4
2026-09-26T01:47:37.182158Z DEBUG netbaiot_transports::business_rpc::v3: business RPC V3 Event delivery acknowledged stream_id=36 completion_us=328409
2026-09-26T01:47:37.182169Z DEBUG netbaiot_transports::business_rpc::v3: business RPC V3 writer completed frame stream_id=0 frame_type=WindowUpdate payload_bytes=4
2026-09-26T01:47:37.182181Z DEBUG netbaiot_transports::business_rpc::v3: business RPC V3 selected frame stream_id=0 frame_type=WindowUpdate payload_bytes=4
2026-09-26T01:47:37.182186Z DEBUG netbaiot_transports::business_rpc::v3: business RPC V3 writer completed frame stream_id=0 frame_type=WindowUpdate payload_bytes=4
2026-09-26T01:47:37.182188Z DEBUG netbaiot_transports::business_rpc::v3: business RPC V3 selected frame stream_id=0 frame_type=WindowUpdate payload_bytes=4
2026-09-26T01:47:37.182192Z DEBUG netbaiot_transports::business_rpc::v3: business RPC V3 writer completed frame stream_id=0 frame_type=WindowUpdate payload_bytes=4
2026-09-26T01:47:37.182195Z DEBUG netbaiot_transports::business_rpc::v3: business RPC V3 selected frame stream_id=0 frame_type=WindowUpdate payload_bytes=4
2026-09-26T01:47:37.182198Z DEBUG netbaiot_transports::business_rpc::v3: business RPC V3 writer completed frame stream_id=0 frame_type=WindowUpdate payload_bytes=4
2026-09-26T01:47:37.356183Z DEBUG netbaiot_transports::business_rpc::v3: business RPC V3 body entered scheduler stream_id=58 class=Event body_bytes=17365
2026-09-26T01:47:37.356286Z DEBUG netbaiot_transports::business_rpc::v3: business RPC V3 selected frame stream_id=58 frame_type=Open payload_bytes=184
2026-09-26T01:47:37.356352Z DEBUG netbaiot_transports::business_rpc::v3: business RPC V3 writer completed frame stream_id=58 frame_type=Open payload_bytes=184
2026-09-26T01:47:37.356395Z DEBUG netbaiot_transports::business_rpc::v3: business RPC V3 selected frame stream_id=58 frame_type=Data payload_bytes=8192
2026-09-26T01:47:37.356426Z DEBUG netbaiot_transports::business_rpc::v3: business RPC V3 writer completed frame stream_id=58 frame_type=Data payload_bytes=8192
2026-09-26T01:47:37.356441Z DEBUG netbaiot_transports::business_rpc::v3: business RPC V3 selected frame stream_id=58 frame_type=Data payload_bytes=8192
2026-09-26T01:47:37.356479Z DEBUG netbaiot_transports::business_rpc::v3: business RPC V3 writer completed frame stream_id=58 frame_type=Data payload_bytes=8192
2026-09-26T01:47:37.502713Z DEBUG netbaiot_transports::business_rpc::v3: business RPC V3 received frame stream_id=0 frame_type=WindowUpdate payload_bytes=4
2026-09-26T01:47:37.502876Z DEBUG netbaiot_transports::business_rpc::v3: business RPC V3 received frame stream_id=58 frame_type=WindowUpdate payload_bytes=4
2026-09-26T01:47:37.502913Z DEBUG netbaiot_transports::business_rpc::v3: business RPC V3 selected frame stream_id=58 frame_type=Data payload_bytes=981
2026-09-26T01:47:37.502954Z DEBUG netbaiot_transports::business_rpc::v3: business RPC V3 writer completed frame stream_id=58 frame_type=Data payload_bytes=981
2026-09-26T01:47:37.527753Z DEBUG netbaiot_transports::business_rpc::v3: business RPC V3 body entered scheduler stream_id=60 class=Rpc body_bytes=197
2026-09-26T01:47:37.527844Z DEBUG netbaiot_transports::business_rpc::v3: business RPC V3 selected frame stream_id=60 frame_type=Open payload_bytes=158
2026-09-26T01:47:37.527877Z DEBUG netbaiot_transports::business_rpc::v3: business RPC V3 writer completed frame stream_id=60 frame_type=Open payload_bytes=158
2026-09-26T01:47:37.527894Z DEBUG netbaiot_transports::business_rpc::v3: business RPC V3 selected frame stream_id=60 frame_type=Data payload_bytes=197
2026-09-26T01:47:37.527907Z DEBUG netbaiot_transports::business_rpc::v3: business RPC V3 writer completed frame stream_id=60 frame_type=Data payload_bytes=197
2026-09-26T01:47:37.528269Z DEBUG netbaiot_transports::business_rpc::v3: business RPC V3 received frame stream_id=0 frame_type=WindowUpdate payload_bytes=4
2026-09-26T01:47:37.528325Z DEBUG netbaiot_transports::business_rpc::v3: business RPC V3 received frame stream_id=58 frame_type=WindowUpdate payload_bytes=4
2026-09-26T01:47:37.542100Z DEBUG netbaiot_transports::business_rpc::v3: business RPC V3 body entered scheduler stream_id=62 class=Rpc body_bytes=197
2026-09-26T01:47:37.542189Z DEBUG netbaiot_transports::business_rpc::v3: business RPC V3 selected frame stream_id=62 frame_type=Open payload_bytes=158
2026-09-26T01:47:37.542232Z DEBUG netbaiot_transports::business_rpc::v3: business RPC V3 writer completed frame stream_id=62 frame_type=Open payload_bytes=158
2026-09-26T01:47:37.542250Z DEBUG netbaiot_transports::business_rpc::v3: business RPC V3 selected frame stream_id=62 frame_type=Data payload_bytes=197
2026-09-26T01:47:37.542263Z DEBUG netbaiot_transports::business_rpc::v3: business RPC V3 writer completed frame stream_id=62 frame_type=Data payload_bytes=197
2026-09-26T01:47:37.551918Z DEBUG netbaiot_transports::business_rpc::v3: business RPC V3 body entered scheduler stream_id=64 class=Rpc body_bytes=197
2026-09-26T01:47:37.552007Z DEBUG netbaiot_transports::business_rpc::v3: business RPC V3 selected frame stream_id=64 frame_type=Open payload_bytes=158
2026-09-26T01:47:37.552043Z DEBUG netbaiot_transports::business_rpc::v3: business RPC V3 writer completed frame stream_id=64 frame_type=Open payload_bytes=158
2026-09-26T01:47:37.552059Z DEBUG netbaiot_transports::business_rpc::v3: business RPC V3 selected frame stream_id=64 frame_type=Data payload_bytes=197
2026-09-26T01:47:37.552071Z DEBUG netbaiot_transports::business_rpc::v3: business RPC V3 writer completed frame stream_id=64 frame_type=Data payload_bytes=197
2026-09-26T01:47:37.574472Z DEBUG netbaiot_transports::business_rpc::v3: business RPC V3 body entered scheduler stream_id=66 class=Rpc body_bytes=197
2026-09-26T01:47:37.574554Z DEBUG netbaiot_transports::business_rpc::v3: business RPC V3 selected frame stream_id=66 frame_type=Open payload_bytes=158
2026-09-26T01:47:37.574585Z DEBUG netbaiot_transports::business_rpc::v3: business RPC V3 writer completed frame stream_id=66 frame_type=Open payload_bytes=158
2026-09-26T01:47:37.574602Z DEBUG netbaiot_transports::business_rpc::v3: business RPC V3 selected frame stream_id=66 frame_type=Data payload_bytes=197
2026-09-26T01:47:37.574614Z DEBUG netbaiot_transports::business_rpc::v3: business RPC V3 writer completed frame stream_id=66 frame_type=Data payload_bytes=197
2026-09-26T01:47:37.596239Z DEBUG netbaiot_transports::business_rpc::v3: business RPC V3 body entered scheduler stream_id=68 class=Rpc body_bytes=197
2026-09-26T01:47:37.596368Z DEBUG netbaiot_transports::business_rpc::v3: business RPC V3 selected frame stream_id=68 frame_type=Open payload_bytes=158
2026-09-26T01:47:37.596405Z DEBUG netbaiot_transports::business_rpc::v3: business RPC V3 writer completed frame stream_id=68 frame_type=Open payload_bytes=158
2026-09-26T01:47:37.596422Z DEBUG netbaiot_transports::business_rpc::v3: business RPC V3 selected frame stream_id=68 frame_type=Data payload_bytes=197
2026-09-26T01:47:37.596435Z DEBUG netbaiot_transports::business_rpc::v3: business RPC V3 writer completed frame stream_id=68 frame_type=Data payload_bytes=197
2026-09-26T01:47:37.615661Z DEBUG netbaiot_transports::business_rpc::v3: business RPC V3 received frame stream_id=0 frame_type=WindowUpdate payload_bytes=4
2026-09-26T01:47:37.615728Z DEBUG netbaiot_transports::business_rpc::v3: business RPC V3 received frame stream_id=0 frame_type=WindowUpdate payload_bytes=4
2026-09-26T01:47:37.615746Z DEBUG netbaiot_transports::business_rpc::v3: business RPC V3 received frame stream_id=60 frame_type=Response payload_bytes=35
2026-09-26T01:47:37.615762Z DEBUG netbaiot_transports::business_rpc::v3: business RPC V3 received frame stream_id=60 frame_type=Data payload_bytes=215
2026-09-26T01:47:37.615802Z DEBUG netbaiot_transports::business_rpc::v3: business RPC V3 received frame stream_id=58 frame_type=Response payload_bytes=35
2026-09-26T01:47:37.615816Z DEBUG netbaiot_transports::business_rpc::v3: business RPC V3 received frame stream_id=58 frame_type=Data payload_bytes=118
2026-09-26T01:47:37.615817Z DEBUG netbaiot_transports::business_rpc::v3: business RPC V3 selected frame stream_id=0 frame_type=WindowUpdate payload_bytes=4
2026-09-26T01:47:37.615832Z DEBUG netbaiot_transports::business_rpc::v3: business RPC V3 Event delivery acknowledged stream_id=58 completion_us=259667
2026-09-26T01:47:37.615876Z DEBUG netbaiot_transports::business_rpc::v3: business RPC V3 writer completed frame stream_id=0 frame_type=WindowUpdate payload_bytes=4
2026-09-26T01:47:37.615888Z DEBUG netbaiot_transports::business_rpc::v3: business RPC V3 selected frame stream_id=0 frame_type=WindowUpdate payload_bytes=4
2026-09-26T01:47:37.615903Z DEBUG netbaiot_transports::business_rpc::v3: business RPC V3 writer completed frame stream_id=0 frame_type=WindowUpdate payload_bytes=4
2026-09-26T01:47:37.616477Z DEBUG netbaiot_transports::business_rpc::v3: business RPC V3 body entered scheduler stream_id=70 class=Rpc body_bytes=197
2026-09-26T01:47:37.616522Z DEBUG netbaiot_transports::business_rpc::v3: business RPC V3 selected frame stream_id=70 frame_type=Open payload_bytes=158
2026-09-26T01:47:37.616542Z DEBUG netbaiot_transports::business_rpc::v3: business RPC V3 writer completed frame stream_id=70 frame_type=Open payload_bytes=158
2026-09-26T01:47:37.616556Z DEBUG netbaiot_transports::business_rpc::v3: business RPC V3 selected frame stream_id=70 frame_type=Data payload_bytes=197
2026-09-26T01:47:37.616568Z DEBUG netbaiot_transports::business_rpc::v3: business RPC V3 writer completed frame stream_id=70 frame_type=Data payload_bytes=197
2026-09-26T01:47:37.643725Z DEBUG netbaiot_transports::business_rpc::v3: business RPC V3 received frame stream_id=0 frame_type=WindowUpdate payload_bytes=4
2026-09-26T01:47:37.643846Z DEBUG netbaiot_transports::business_rpc::v3: business RPC V3 received frame stream_id=0 frame_type=WindowUpdate payload_bytes=4
2026-09-26T01:47:37.643879Z DEBUG netbaiot_transports::business_rpc::v3: business RPC V3 received frame stream_id=64 frame_type=Response payload_bytes=35
2026-09-26T01:47:37.643905Z DEBUG netbaiot_transports::business_rpc::v3: business RPC V3 received frame stream_id=62 frame_type=Response payload_bytes=35
2026-09-26T01:47:37.643920Z DEBUG netbaiot_transports::business_rpc::v3: business RPC V3 received frame stream_id=64 frame_type=Data payload_bytes=215
2026-09-26T01:47:37.643978Z DEBUG netbaiot_transports::business_rpc::v3: business RPC V3 received frame stream_id=62 frame_type=Data payload_bytes=215
2026-09-26T01:47:37.643998Z DEBUG netbaiot_transports::business_rpc::v3: business RPC V3 selected frame stream_id=0 frame_type=WindowUpdate payload_bytes=4
2026-09-26T01:47:37.644150Z DEBUG netbaiot_transports::business_rpc::v3: business RPC V3 writer completed frame stream_id=0 frame_type=WindowUpdate payload_bytes=4
2026-09-26T01:47:37.644175Z DEBUG netbaiot_transports::business_rpc::v3: business RPC V3 selected frame stream_id=0 frame_type=WindowUpdate payload_bytes=4
2026-09-26T01:47:37.644191Z DEBUG netbaiot_transports::business_rpc::v3: business RPC V3 writer completed frame stream_id=0 frame_type=WindowUpdate payload_bytes=4
2026-09-26T01:47:37.644224Z DEBUG netbaiot_transports::business_rpc::v3: business RPC V3 body entered scheduler stream_id=72 class=Rpc body_bytes=197
2026-09-26T01:47:37.644242Z DEBUG netbaiot_transports::business_rpc::v3: business RPC V3 selected frame stream_id=72 frame_type=Open payload_bytes=158
2026-09-26T01:47:37.644255Z DEBUG netbaiot_transports::business_rpc::v3: business RPC V3 writer completed frame stream_id=72 frame_type=Open payload_bytes=158
2026-09-26T01:47:37.644266Z DEBUG netbaiot_transports::business_rpc::v3: business RPC V3 selected frame stream_id=72 frame_type=Data payload_bytes=197
2026-09-26T01:47:37.644274Z DEBUG netbaiot_transports::business_rpc::v3: business RPC V3 writer completed frame stream_id=72 frame_type=Data payload_bytes=197
2026-09-26T01:47:37.644867Z DEBUG netbaiot_transports::business_rpc::v3: business RPC V3 body entered scheduler stream_id=74 class=Rpc body_bytes=197
2026-09-26T01:47:37.644929Z DEBUG netbaiot_transports::business_rpc::v3: business RPC V3 body entered scheduler stream_id=76 class=Rpc body_bytes=197
2026-09-26T01:47:37.644945Z DEBUG netbaiot_transports::business_rpc::v3: business RPC V3 selected frame stream_id=74 frame_type=Open payload_bytes=158
2026-09-26T01:47:37.644972Z DEBUG netbaiot_transports::business_rpc::v3: business RPC V3 writer completed frame stream_id=74 frame_type=Open payload_bytes=158
2026-09-26T01:47:37.644987Z DEBUG netbaiot_transports::business_rpc::v3: business RPC V3 selected frame stream_id=76 frame_type=Open payload_bytes=158
2026-09-26T01:47:37.644999Z DEBUG netbaiot_transports::business_rpc::v3: business RPC V3 writer completed frame stream_id=76 frame_type=Open payload_bytes=158
2026-09-26T01:47:37.645007Z DEBUG netbaiot_transports::business_rpc::v3: business RPC V3 selected frame stream_id=74 frame_type=Data payload_bytes=197
2026-09-26T01:47:37.645018Z DEBUG netbaiot_transports::business_rpc::v3: business RPC V3 writer completed frame stream_id=74 frame_type=Data payload_bytes=197
2026-09-26T01:47:37.645027Z DEBUG netbaiot_transports::business_rpc::v3: business RPC V3 selected frame stream_id=76 frame_type=Data payload_bytes=197
2026-09-26T01:47:37.645044Z DEBUG netbaiot_transports::business_rpc::v3: business RPC V3 writer completed frame stream_id=76 frame_type=Data payload_bytes=197
2026-09-26T01:47:37.660716Z DEBUG netbaiot_transports::business_rpc::v3: business RPC V3 body entered scheduler stream_id=78 class=Rpc body_bytes=197
2026-09-26T01:47:37.660797Z DEBUG netbaiot_transports::business_rpc::v3: business RPC V3 selected frame stream_id=78 frame_type=Open payload_bytes=158
2026-09-26T01:47:37.660841Z DEBUG netbaiot_transports::business_rpc::v3: business RPC V3 writer completed frame stream_id=78 frame_type=Open payload_bytes=158
2026-09-26T01:47:37.660857Z DEBUG netbaiot_transports::business_rpc::v3: business RPC V3 selected frame stream_id=78 frame_type=Data payload_bytes=197
2026-09-26T01:47:37.660869Z DEBUG netbaiot_transports::business_rpc::v3: business RPC V3 writer completed frame stream_id=78 frame_type=Data payload_bytes=197
2026-09-26T01:47:37.672308Z DEBUG netbaiot_transports::business_rpc::v3: business RPC V3 received frame stream_id=0 frame_type=WindowUpdate payload_bytes=4
2026-09-26T01:47:37.672415Z DEBUG netbaiot_transports::business_rpc::v3: business RPC V3 received frame stream_id=66 frame_type=Response payload_bytes=35
2026-09-26T01:47:37.672451Z DEBUG netbaiot_transports::business_rpc::v3: business RPC V3 received frame stream_id=66 frame_type=Data payload_bytes=215
2026-09-26T01:47:37.672593Z DEBUG netbaiot_transports::business_rpc::v3: business RPC V3 selected frame stream_id=0 frame_type=WindowUpdate payload_bytes=4
2026-09-26T01:47:37.672653Z DEBUG netbaiot_transports::business_rpc::v3: business RPC V3 writer completed frame stream_id=0 frame_type=WindowUpdate payload_bytes=4
2026-09-26T01:47:37.673373Z DEBUG netbaiot_transports::business_rpc::v3: business RPC V3 body entered scheduler stream_id=80 class=Rpc body_bytes=197
2026-09-26T01:47:37.673449Z DEBUG netbaiot_transports::business_rpc::v3: business RPC V3 selected frame stream_id=80 frame_type=Open payload_bytes=158
2026-09-26T01:47:37.673477Z DEBUG netbaiot_transports::business_rpc::v3: business RPC V3 writer completed frame stream_id=80 frame_type=Open payload_bytes=158
2026-09-26T01:47:37.673493Z DEBUG netbaiot_transports::business_rpc::v3: business RPC V3 selected frame stream_id=80 frame_type=Data payload_bytes=197
2026-09-26T01:47:37.673505Z DEBUG netbaiot_transports::business_rpc::v3: business RPC V3 writer completed frame stream_id=80 frame_type=Data payload_bytes=197
2026-09-26T01:47:37.677584Z DEBUG netbaiot_transports::business_rpc::v3: business RPC V3 body entered scheduler stream_id=82 class=Rpc body_bytes=197
2026-09-26T01:47:37.677643Z DEBUG netbaiot_transports::business_rpc::v3: business RPC V3 selected frame stream_id=82 frame_type=Open payload_bytes=158
2026-09-26T01:47:37.677672Z DEBUG netbaiot_transports::business_rpc::v3: business RPC V3 writer completed frame stream_id=82 frame_type=Open payload_bytes=158
2026-09-26T01:47:37.677684Z DEBUG netbaiot_transports::business_rpc::v3: business RPC V3 selected frame stream_id=82 frame_type=Data payload_bytes=197
2026-09-26T01:47:37.677694Z DEBUG netbaiot_transports::business_rpc::v3: business RPC V3 writer completed frame stream_id=82 frame_type=Data payload_bytes=197
2026-09-26T01:47:37.678144Z DEBUG netbaiot_transports::business_rpc::v3: business RPC V3 body entered scheduler stream_id=84 class=Rpc body_bytes=197
2026-09-26T01:47:37.678180Z DEBUG netbaiot_transports::business_rpc::v3: business RPC V3 selected frame stream_id=84 frame_type=Open payload_bytes=158
2026-09-26T01:47:37.678196Z DEBUG netbaiot_transports::business_rpc::v3: business RPC V3 writer completed frame stream_id=84 frame_type=Open payload_bytes=158
2026-09-26T01:47:37.678207Z DEBUG netbaiot_transports::business_rpc::v3: business RPC V3 selected frame stream_id=84 frame_type=Data payload_bytes=197
2026-09-26T01:47:37.678216Z DEBUG netbaiot_transports::business_rpc::v3: business RPC V3 writer completed frame stream_id=84 frame_type=Data payload_bytes=197
2026-09-26T01:47:37.701248Z DEBUG netbaiot_transports::business_rpc::v3: business RPC V3 received frame stream_id=0 frame_type=WindowUpdate payload_bytes=4
2026-09-26T01:47:37.701346Z DEBUG netbaiot_transports::business_rpc::v3: business RPC V3 received frame stream_id=0 frame_type=WindowUpdate payload_bytes=4
2026-09-26T01:47:37.701363Z DEBUG netbaiot_transports::business_rpc::v3: business RPC V3 received frame stream_id=70 frame_type=Response payload_bytes=35
2026-09-26T01:47:37.701382Z DEBUG netbaiot_transports::business_rpc::v3: business RPC V3 received frame stream_id=68 frame_type=Response payload_bytes=35
2026-09-26T01:47:37.701392Z DEBUG netbaiot_transports::business_rpc::v3: business RPC V3 received frame stream_id=70 frame_type=Data payload_bytes=215
2026-09-26T01:47:37.701444Z DEBUG netbaiot_transports::business_rpc::v3: business RPC V3 received frame stream_id=68 frame_type=Data payload_bytes=215
2026-09-26T01:47:37.701465Z DEBUG netbaiot_transports::business_rpc::v3: business RPC V3 selected frame stream_id=0 frame_type=WindowUpdate payload_bytes=4
2026-09-26T01:47:37.701512Z DEBUG netbaiot_transports::business_rpc::v3: business RPC V3 writer completed frame stream_id=0 frame_type=WindowUpdate payload_bytes=4
2026-09-26T01:47:37.701526Z DEBUG netbaiot_transports::business_rpc::v3: business RPC V3 selected frame stream_id=0 frame_type=WindowUpdate payload_bytes=4
2026-09-26T01:47:37.701538Z DEBUG netbaiot_transports::business_rpc::v3: business RPC V3 writer completed frame stream_id=0 frame_type=WindowUpdate payload_bytes=4
2026-09-26T01:47:37.702164Z DEBUG netbaiot_transports::business_rpc::v3: business RPC V3 body entered scheduler stream_id=86 class=Rpc body_bytes=197
2026-09-26T01:47:37.702195Z DEBUG netbaiot_transports::business_rpc::v3: business RPC V3 body entered scheduler stream_id=88 class=Rpc body_bytes=197
2026-09-26T01:47:37.702203Z DEBUG netbaiot_transports::business_rpc::v3: business RPC V3 selected frame stream_id=86 frame_type=Open payload_bytes=158
2026-09-26T01:47:37.702217Z DEBUG netbaiot_transports::business_rpc::v3: business RPC V3 writer completed frame stream_id=86 frame_type=Open payload_bytes=158
2026-09-26T01:47:37.702227Z DEBUG netbaiot_transports::business_rpc::v3: business RPC V3 selected frame stream_id=88 frame_type=Open payload_bytes=158
2026-09-26T01:47:37.702238Z DEBUG netbaiot_transports::business_rpc::v3: business RPC V3 writer completed frame stream_id=88 frame_type=Open payload_bytes=158
2026-09-26T01:47:37.702247Z DEBUG netbaiot_transports::business_rpc::v3: business RPC V3 selected frame stream_id=86 frame_type=Data payload_bytes=197
2026-09-26T01:47:37.702257Z DEBUG netbaiot_transports::business_rpc::v3: business RPC V3 writer completed frame stream_id=86 frame_type=Data payload_bytes=197
2026-09-26T01:47:37.702267Z DEBUG netbaiot_transports::business_rpc::v3: business RPC V3 selected frame stream_id=88 frame_type=Data payload_bytes=197
2026-09-26T01:47:37.702276Z DEBUG netbaiot_transports::business_rpc::v3: business RPC V3 writer completed frame stream_id=88 frame_type=Data payload_bytes=197
2026-09-26T01:47:37.727489Z DEBUG netbaiot_transports::business_rpc::v3: business RPC V3 body entered scheduler stream_id=90 class=Rpc body_bytes=197
2026-09-26T01:47:37.727575Z DEBUG netbaiot_transports::business_rpc::v3: business RPC V3 selected frame stream_id=90 frame_type=Open payload_bytes=158
2026-09-26T01:47:37.727609Z DEBUG netbaiot_transports::business_rpc::v3: business RPC V3 writer completed frame stream_id=90 frame_type=Open payload_bytes=158
2026-09-26T01:47:37.727628Z DEBUG netbaiot_transports::business_rpc::v3: business RPC V3 selected frame stream_id=90 frame_type=Data payload_bytes=197
2026-09-26T01:47:37.727643Z DEBUG netbaiot_transports::business_rpc::v3: business RPC V3 writer completed frame stream_id=90 frame_type=Data payload_bytes=197
2026-09-26T01:47:37.730106Z DEBUG netbaiot_transports::business_rpc::v3: business RPC V3 received frame stream_id=0 frame_type=WindowUpdate payload_bytes=4
2026-09-26T01:47:37.730166Z DEBUG netbaiot_transports::business_rpc::v3: business RPC V3 received frame stream_id=0 frame_type=WindowUpdate payload_bytes=4
2026-09-26T01:47:37.730184Z DEBUG netbaiot_transports::business_rpc::v3: business RPC V3 received frame stream_id=0 frame_type=WindowUpdate payload_bytes=4
2026-09-26T01:47:37.730194Z DEBUG netbaiot_transports::business_rpc::v3: business RPC V3 received frame stream_id=76 frame_type=Response payload_bytes=35
2026-09-26T01:47:37.730208Z DEBUG netbaiot_transports::business_rpc::v3: business RPC V3 received frame stream_id=76 frame_type=Data payload_bytes=215
2026-09-26T01:47:37.730251Z DEBUG netbaiot_transports::business_rpc::v3: business RPC V3 received frame stream_id=72 frame_type=Response payload_bytes=35
2026-09-26T01:47:37.730266Z DEBUG netbaiot_transports::business_rpc::v3: business RPC V3 received frame stream_id=74 frame_type=Response payload_bytes=35
2026-09-26T01:47:37.730267Z DEBUG netbaiot_transports::business_rpc::v3: business RPC V3 selected frame stream_id=0 frame_type=WindowUpdate payload_bytes=4
2026-09-26T01:47:37.730280Z DEBUG netbaiot_transports::business_rpc::v3: business RPC V3 received frame stream_id=72 frame_type=Data payload_bytes=215
2026-09-26T01:47:37.730310Z DEBUG netbaiot_transports::business_rpc::v3: business RPC V3 writer completed frame stream_id=0 frame_type=WindowUpdate payload_bytes=4
2026-09-26T01:47:37.730321Z DEBUG netbaiot_transports::business_rpc::v3: business RPC V3 selected frame stream_id=0 frame_type=WindowUpdate payload_bytes=4
2026-09-26T01:47:37.730322Z DEBUG netbaiot_transports::business_rpc::v3: business RPC V3 received frame stream_id=74 frame_type=Data payload_bytes=215
2026-09-26T01:47:37.730411Z DEBUG netbaiot_transports::business_rpc::v3: business RPC V3 writer completed frame stream_id=0 frame_type=WindowUpdate payload_bytes=4
2026-09-26T01:47:37.730442Z DEBUG netbaiot_transports::business_rpc::v3: business RPC V3 selected frame stream_id=0 frame_type=WindowUpdate payload_bytes=4
2026-09-26T01:47:37.730460Z DEBUG netbaiot_transports::business_rpc::v3: business RPC V3 writer completed frame stream_id=0 frame_type=WindowUpdate payload_bytes=4
2026-09-26T01:47:37.730977Z DEBUG netbaiot_transports::business_rpc::v3: business RPC V3 body entered scheduler stream_id=92 class=Rpc body_bytes=197
2026-09-26T01:47:37.731027Z DEBUG netbaiot_transports::business_rpc::v3: business RPC V3 body entered scheduler stream_id=94 class=Rpc body_bytes=197
2026-09-26T01:47:37.731041Z DEBUG netbaiot_transports::business_rpc::v3: business RPC V3 body entered scheduler stream_id=96 class=Rpc body_bytes=197
2026-09-26T01:47:37.731048Z DEBUG netbaiot_transports::business_rpc::v3: business RPC V3 selected frame stream_id=92 frame_type=Open payload_bytes=158
2026-09-26T01:47:37.731066Z DEBUG netbaiot_transports::business_rpc::v3: business RPC V3 writer completed frame stream_id=92 frame_type=Open payload_bytes=158
2026-09-26T01:47:37.731078Z DEBUG netbaiot_transports::business_rpc::v3: business RPC V3 selected frame stream_id=92 frame_type=Data payload_bytes=197
2026-09-26T01:47:37.731090Z DEBUG netbaiot_transports::business_rpc::v3: business RPC V3 writer completed frame stream_id=92 frame_type=Data payload_bytes=197
2026-09-26T01:47:37.731099Z DEBUG netbaiot_transports::business_rpc::v3: business RPC V3 selected frame stream_id=94 frame_type=Open payload_bytes=158
2026-09-26T01:47:37.731108Z DEBUG netbaiot_transports::business_rpc::v3: business RPC V3 writer completed frame stream_id=94 frame_type=Open payload_bytes=158
2026-09-26T01:47:37.731116Z DEBUG netbaiot_transports::business_rpc::v3: business RPC V3 selected frame stream_id=96 frame_type=Open payload_bytes=158
2026-09-26T01:47:37.731125Z DEBUG netbaiot_transports::business_rpc::v3: business RPC V3 writer completed frame stream_id=96 frame_type=Open payload_bytes=158
2026-09-26T01:47:37.731132Z DEBUG netbaiot_transports::business_rpc::v3: business RPC V3 selected frame stream_id=94 frame_type=Data payload_bytes=197
2026-09-26T01:47:37.731141Z DEBUG netbaiot_transports::business_rpc::v3: business RPC V3 writer completed frame stream_id=94 frame_type=Data payload_bytes=197
2026-09-26T01:47:37.731148Z DEBUG netbaiot_transports::business_rpc::v3: business RPC V3 selected frame stream_id=96 frame_type=Data payload_bytes=197
2026-09-26T01:47:37.731157Z DEBUG netbaiot_transports::business_rpc::v3: business RPC V3 writer completed frame stream_id=96 frame_type=Data payload_bytes=197
2026-09-26T01:47:37.759774Z DEBUG netbaiot_transports::business_rpc::v3: business RPC V3 received frame stream_id=0 frame_type=WindowUpdate payload_bytes=4
2026-09-26T01:47:37.759866Z DEBUG netbaiot_transports::business_rpc::v3: business RPC V3 received frame stream_id=0 frame_type=WindowUpdate payload_bytes=4
2026-09-26T01:47:37.759892Z DEBUG netbaiot_transports::business_rpc::v3: business RPC V3 received frame stream_id=80 frame_type=Response payload_bytes=35
2026-09-26T01:47:37.759911Z DEBUG netbaiot_transports::business_rpc::v3: business RPC V3 received frame stream_id=78 frame_type=Response payload_bytes=35
2026-09-26T01:47:37.759922Z DEBUG netbaiot_transports::business_rpc::v3: business RPC V3 received frame stream_id=80 frame_type=Data payload_bytes=215
2026-09-26T01:47:37.759968Z DEBUG netbaiot_transports::business_rpc::v3: business RPC V3 received frame stream_id=78 frame_type=Data payload_bytes=215
2026-09-26T01:47:37.759988Z DEBUG netbaiot_transports::business_rpc::v3: business RPC V3 selected frame stream_id=0 frame_type=WindowUpdate payload_bytes=4
2026-09-26T01:47:37.760035Z DEBUG netbaiot_transports::business_rpc::v3: business RPC V3 writer completed frame stream_id=0 frame_type=WindowUpdate payload_bytes=4
2026-09-26T01:47:37.760104Z DEBUG netbaiot_transports::business_rpc::v3: business RPC V3 selected frame stream_id=0 frame_type=WindowUpdate payload_bytes=4
2026-09-26T01:47:37.760121Z DEBUG netbaiot_transports::business_rpc::v3: business RPC V3 writer completed frame stream_id=0 frame_type=WindowUpdate payload_bytes=4
2026-09-26T01:47:37.760683Z DEBUG netbaiot_transports::business_rpc::v3: business RPC V3 body entered scheduler stream_id=98 class=Rpc body_bytes=197
2026-09-26T01:47:37.760723Z DEBUG netbaiot_transports::business_rpc::v3: business RPC V3 body entered scheduler stream_id=100 class=Rpc body_bytes=197
2026-09-26T01:47:37.760732Z DEBUG netbaiot_transports::business_rpc::v3: business RPC V3 selected frame stream_id=98 frame_type=Open payload_bytes=158
2026-09-26T01:47:37.760747Z DEBUG netbaiot_transports::business_rpc::v3: business RPC V3 writer completed frame stream_id=98 frame_type=Open payload_bytes=158
2026-09-26T01:47:37.760758Z DEBUG netbaiot_transports::business_rpc::v3: business RPC V3 selected frame stream_id=100 frame_type=Open payload_bytes=158
2026-09-26T01:47:37.760769Z DEBUG netbaiot_transports::business_rpc::v3: business RPC V3 writer completed frame stream_id=100 frame_type=Open payload_bytes=158
2026-09-26T01:47:37.760779Z DEBUG netbaiot_transports::business_rpc::v3: business RPC V3 selected frame stream_id=98 frame_type=Data payload_bytes=197
2026-09-26T01:47:37.760791Z DEBUG netbaiot_transports::business_rpc::v3: business RPC V3 writer completed frame stream_id=98 frame_type=Data payload_bytes=197
2026-09-26T01:47:37.760800Z DEBUG netbaiot_transports::business_rpc::v3: business RPC V3 selected frame stream_id=100 frame_type=Data payload_bytes=197
2026-09-26T01:47:37.760810Z DEBUG netbaiot_transports::business_rpc::v3: business RPC V3 writer completed frame stream_id=100 frame_type=Data payload_bytes=197
2026-09-26T01:47:37.791056Z DEBUG netbaiot_transports::business_rpc::v3: business RPC V3 received frame stream_id=0 frame_type=WindowUpdate payload_bytes=4
2026-09-26T01:47:37.791189Z DEBUG netbaiot_transports::business_rpc::v3: business RPC V3 received frame stream_id=0 frame_type=WindowUpdate payload_bytes=4
2026-09-26T01:47:37.791219Z DEBUG netbaiot_transports::business_rpc::v3: business RPC V3 received frame stream_id=0 frame_type=WindowUpdate payload_bytes=4
2026-09-26T01:47:37.791229Z DEBUG netbaiot_transports::business_rpc::v3: business RPC V3 received frame stream_id=0 frame_type=WindowUpdate payload_bytes=4
2026-09-26T01:47:37.791238Z DEBUG netbaiot_transports::business_rpc::v3: business RPC V3 received frame stream_id=86 frame_type=Response payload_bytes=35
2026-09-26T01:47:37.791256Z DEBUG netbaiot_transports::business_rpc::v3: business RPC V3 received frame stream_id=88 frame_type=Response payload_bytes=35
2026-09-26T01:47:37.791267Z DEBUG netbaiot_transports::business_rpc::v3: business RPC V3 received frame stream_id=84 frame_type=Response payload_bytes=35
2026-09-26T01:47:37.791275Z DEBUG netbaiot_transports::business_rpc::v3: business RPC V3 received frame stream_id=82 frame_type=Response payload_bytes=35
2026-09-26T01:47:37.791282Z DEBUG netbaiot_transports::business_rpc::v3: business RPC V3 received frame stream_id=86 frame_type=Data payload_bytes=215
2026-09-26T01:47:37.791332Z DEBUG netbaiot_transports::business_rpc::v3: business RPC V3 received frame stream_id=88 frame_type=Data payload_bytes=215
2026-09-26T01:47:37.791353Z DEBUG netbaiot_transports::business_rpc::v3: business RPC V3 received frame stream_id=84 frame_type=Data payload_bytes=215
2026-09-26T01:47:37.791367Z DEBUG netbaiot_transports::business_rpc::v3: business RPC V3 received frame stream_id=82 frame_type=Data payload_bytes=215
2026-09-26T01:47:37.791440Z DEBUG netbaiot_transports::business_rpc::v3: business RPC V3 selected frame stream_id=0 frame_type=WindowUpdate payload_bytes=4
2026-09-26T01:47:37.791518Z DEBUG netbaiot_transports::business_rpc::v3: business RPC V3 writer completed frame stream_id=0 frame_type=WindowUpdate payload_bytes=4
2026-09-26T01:47:37.791602Z DEBUG netbaiot_transports::business_rpc::v3: business RPC V3 selected frame stream_id=0 frame_type=WindowUpdate payload_bytes=4
2026-09-26T01:47:37.791622Z DEBUG netbaiot_transports::business_rpc::v3: business RPC V3 writer completed frame stream_id=0 frame_type=WindowUpdate payload_bytes=4
2026-09-26T01:47:37.791633Z DEBUG netbaiot_transports::business_rpc::v3: business RPC V3 selected frame stream_id=0 frame_type=WindowUpdate payload_bytes=4
2026-09-26T01:47:37.791644Z DEBUG netbaiot_transports::business_rpc::v3: business RPC V3 writer completed frame stream_id=0 frame_type=WindowUpdate payload_bytes=4
2026-09-26T01:47:37.791652Z DEBUG netbaiot_transports::business_rpc::v3: business RPC V3 selected frame stream_id=0 frame_type=WindowUpdate payload_bytes=4
2026-09-26T01:47:37.791663Z DEBUG netbaiot_transports::business_rpc::v3: business RPC V3 writer completed frame stream_id=0 frame_type=WindowUpdate payload_bytes=4
2026-09-26T01:47:37.792278Z DEBUG netbaiot_transports::business_rpc::v3: business RPC V3 body entered scheduler stream_id=102 class=Rpc body_bytes=197
2026-09-26T01:47:37.792341Z DEBUG netbaiot_transports::business_rpc::v3: business RPC V3 body entered scheduler stream_id=104 class=Rpc body_bytes=197
2026-09-26T01:47:37.792355Z DEBUG netbaiot_transports::business_rpc::v3: business RPC V3 selected frame stream_id=102 frame_type=Open payload_bytes=158
2026-09-26T01:47:37.792383Z DEBUG netbaiot_transports::business_rpc::v3: business RPC V3 writer completed frame stream_id=102 frame_type=Open payload_bytes=158
2026-09-26T01:47:37.792399Z DEBUG netbaiot_transports::business_rpc::v3: business RPC V3 selected frame stream_id=104 frame_type=Open payload_bytes=158
2026-09-26T01:47:37.792409Z DEBUG netbaiot_transports::business_rpc::v3: business RPC V3 writer completed frame stream_id=104 frame_type=Open payload_bytes=158
2026-09-26T01:47:37.792418Z DEBUG netbaiot_transports::business_rpc::v3: business RPC V3 selected frame stream_id=102 frame_type=Data payload_bytes=197
2026-09-26T01:47:37.792428Z DEBUG netbaiot_transports::business_rpc::v3: business RPC V3 writer completed frame stream_id=102 frame_type=Data payload_bytes=197
2026-09-26T01:47:37.792437Z DEBUG netbaiot_transports::business_rpc::v3: business RPC V3 selected frame stream_id=104 frame_type=Data payload_bytes=197
2026-09-26T01:47:37.792452Z DEBUG netbaiot_transports::business_rpc::v3: business RPC V3 writer completed frame stream_id=104 frame_type=Data payload_bytes=197
2026-09-26T01:47:37.793335Z DEBUG netbaiot_transports::business_rpc::v3: business RPC V3 body entered scheduler stream_id=106 class=Rpc body_bytes=197
2026-09-26T01:47:37.793398Z DEBUG netbaiot_transports::business_rpc::v3: business RPC V3 body entered scheduler stream_id=108 class=Rpc body_bytes=197
2026-09-26T01:47:37.793417Z DEBUG netbaiot_transports::business_rpc::v3: business RPC V3 selected frame stream_id=106 frame_type=Open payload_bytes=158
2026-09-26T01:47:37.793470Z DEBUG netbaiot_transports::business_rpc::v3: business RPC V3 writer completed frame stream_id=106 frame_type=Open payload_bytes=158
2026-09-26T01:47:37.793486Z DEBUG netbaiot_transports::business_rpc::v3: business RPC V3 selected frame stream_id=108 frame_type=Open payload_bytes=158
2026-09-26T01:47:37.793497Z DEBUG netbaiot_transports::business_rpc::v3: business RPC V3 writer completed frame stream_id=108 frame_type=Open payload_bytes=158
2026-09-26T01:47:37.793505Z DEBUG netbaiot_transports::business_rpc::v3: business RPC V3 selected frame stream_id=106 frame_type=Data payload_bytes=197
2026-09-26T01:47:37.793516Z DEBUG netbaiot_transports::business_rpc::v3: business RPC V3 writer completed frame stream_id=106 frame_type=Data payload_bytes=197
2026-09-26T01:47:37.793525Z DEBUG netbaiot_transports::business_rpc::v3: business RPC V3 selected frame stream_id=108 frame_type=Data payload_bytes=197
2026-09-26T01:47:37.793535Z DEBUG netbaiot_transports::business_rpc::v3: business RPC V3 writer completed frame stream_id=108 frame_type=Data payload_bytes=197
2026-09-26T01:47:37.823215Z DEBUG netbaiot_transports::business_rpc::v3: business RPC V3 received frame stream_id=0 frame_type=WindowUpdate payload_bytes=4
2026-09-26T01:47:37.823301Z DEBUG netbaiot_transports::business_rpc::v3: business RPC V3 received frame stream_id=0 frame_type=WindowUpdate payload_bytes=4
2026-09-26T01:47:37.823313Z DEBUG netbaiot_transports::business_rpc::v3: business RPC V3 received frame stream_id=0 frame_type=WindowUpdate payload_bytes=4
2026-09-26T01:47:37.823320Z DEBUG netbaiot_transports::business_rpc::v3: business RPC V3 received frame stream_id=0 frame_type=WindowUpdate payload_bytes=4
2026-09-26T01:47:37.823327Z DEBUG netbaiot_transports::business_rpc::v3: business RPC V3 received frame stream_id=90 frame_type=Response payload_bytes=35
2026-09-26T01:47:37.823340Z DEBUG netbaiot_transports::business_rpc::v3: business RPC V3 received frame stream_id=96 frame_type=Response payload_bytes=35
2026-09-26T01:47:37.823348Z DEBUG netbaiot_transports::business_rpc::v3: business RPC V3 received frame stream_id=90 frame_type=Data payload_bytes=215
2026-09-26T01:47:37.823391Z DEBUG netbaiot_transports::business_rpc::v3: business RPC V3 received frame stream_id=96 frame_type=Data payload_bytes=215
2026-09-26T01:47:37.823408Z DEBUG netbaiot_transports::business_rpc::v3: business RPC V3 received frame stream_id=94 frame_type=Response payload_bytes=35
2026-09-26T01:47:37.823409Z DEBUG netbaiot_transports::business_rpc::v3: business RPC V3 selected frame stream_id=0 frame_type=WindowUpdate payload_bytes=4
2026-09-26T01:47:37.823418Z DEBUG netbaiot_transports::business_rpc::v3: business RPC V3 received frame stream_id=92 frame_type=Response payload_bytes=35
2026-09-26T01:47:37.823444Z DEBUG netbaiot_transports::business_rpc::v3: business RPC V3 received frame stream_id=94 frame_type=Data payload_bytes=215
2026-09-26T01:47:37.823449Z DEBUG netbaiot_transports::business_rpc::v3: business RPC V3 writer completed frame stream_id=0 frame_type=WindowUpdate payload_bytes=4
2026-09-26T01:47:37.823460Z DEBUG netbaiot_transports::business_rpc::v3: business RPC V3 received frame stream_id=92 frame_type=Data payload_bytes=215
2026-09-26T01:47:37.823461Z DEBUG netbaiot_transports::business_rpc::v3: business RPC V3 selected frame stream_id=0 frame_type=WindowUpdate payload_bytes=4
2026-09-26T01:47:37.823505Z DEBUG netbaiot_transports::business_rpc::v3: business RPC V3 writer completed frame stream_id=0 frame_type=WindowUpdate payload_bytes=4
2026-09-26T01:47:37.823518Z DEBUG netbaiot_transports::business_rpc::v3: business RPC V3 selected frame stream_id=0 frame_type=WindowUpdate payload_bytes=4
2026-09-26T01:47:37.823530Z DEBUG netbaiot_transports::business_rpc::v3: business RPC V3 writer completed frame stream_id=0 frame_type=WindowUpdate payload_bytes=4
2026-09-26T01:47:37.823538Z DEBUG netbaiot_transports::business_rpc::v3: business RPC V3 selected frame stream_id=0 frame_type=WindowUpdate payload_bytes=4
2026-09-26T01:47:37.823549Z DEBUG netbaiot_transports::business_rpc::v3: business RPC V3 writer completed frame stream_id=0 frame_type=WindowUpdate payload_bytes=4
2026-09-26T01:47:37.824099Z DEBUG netbaiot_transports::business_rpc::v3: business RPC V3 body entered scheduler stream_id=110 class=Rpc body_bytes=197
2026-09-26T01:47:37.824151Z DEBUG netbaiot_transports::business_rpc::v3: business RPC V3 body entered scheduler stream_id=112 class=Rpc body_bytes=197
2026-09-26T01:47:37.824158Z DEBUG netbaiot_transports::business_rpc::v3: business RPC V3 body entered scheduler stream_id=114 class=Rpc body_bytes=197
2026-09-26T01:47:37.824164Z DEBUG netbaiot_transports::business_rpc::v3: business RPC V3 body entered scheduler stream_id=116 class=Rpc body_bytes=197
2026-09-26T01:47:37.824171Z DEBUG netbaiot_transports::business_rpc::v3: business RPC V3 selected frame stream_id=110 frame_type=Open payload_bytes=158
2026-09-26T01:47:37.824185Z DEBUG netbaiot_transports::business_rpc::v3: business RPC V3 writer completed frame stream_id=110 frame_type=Open payload_bytes=158
2026-09-26T01:47:37.824193Z DEBUG netbaiot_transports::business_rpc::v3: business RPC V3 selected frame stream_id=112 frame_type=Open payload_bytes=158
2026-09-26T01:47:37.824254Z DEBUG netbaiot_transports::business_rpc::v3: business RPC V3 writer completed frame stream_id=112 frame_type=Open payload_bytes=158
2026-09-26T01:47:37.824261Z DEBUG netbaiot_transports::business_rpc::v3: business RPC V3 selected frame stream_id=114 frame_type=Open payload_bytes=158
2026-09-26T01:47:37.824273Z DEBUG netbaiot_transports::business_rpc::v3: business RPC V3 writer completed frame stream_id=114 frame_type=Open payload_bytes=158
2026-09-26T01:47:37.824280Z DEBUG netbaiot_transports::business_rpc::v3: business RPC V3 selected frame stream_id=116 frame_type=Open payload_bytes=158
2026-09-26T01:47:37.824288Z DEBUG netbaiot_transports::business_rpc::v3: business RPC V3 writer completed frame stream_id=116 frame_type=Open payload_bytes=158
2026-09-26T01:47:37.824297Z DEBUG netbaiot_transports::business_rpc::v3: business RPC V3 selected frame stream_id=110 frame_type=Data payload_bytes=197
2026-09-26T01:47:37.824307Z DEBUG netbaiot_transports::business_rpc::v3: business RPC V3 writer completed frame stream_id=110 frame_type=Data payload_bytes=197
2026-09-26T01:47:37.824314Z DEBUG netbaiot_transports::business_rpc::v3: business RPC V3 selected frame stream_id=112 frame_type=Data payload_bytes=197
2026-09-26T01:47:37.824322Z DEBUG netbaiot_transports::business_rpc::v3: business RPC V3 writer completed frame stream_id=112 frame_type=Data payload_bytes=197
2026-09-26T01:47:37.824329Z DEBUG netbaiot_transports::business_rpc::v3: business RPC V3 selected frame stream_id=114 frame_type=Data payload_bytes=197
2026-09-26T01:47:37.824338Z DEBUG netbaiot_transports::business_rpc::v3: business RPC V3 writer completed frame stream_id=114 frame_type=Data payload_bytes=197
2026-09-26T01:47:37.824344Z DEBUG netbaiot_transports::business_rpc::v3: business RPC V3 selected frame stream_id=116 frame_type=Data payload_bytes=197
2026-09-26T01:47:37.824355Z DEBUG netbaiot_transports::business_rpc::v3: business RPC V3 writer completed frame stream_id=116 frame_type=Data payload_bytes=197
2026-09-26T01:47:37.851899Z DEBUG netbaiot_transports::business_rpc::v3: business RPC V3 received frame stream_id=0 frame_type=WindowUpdate payload_bytes=4
2026-09-26T01:47:37.851989Z DEBUG netbaiot_transports::business_rpc::v3: business RPC V3 received frame stream_id=0 frame_type=WindowUpdate payload_bytes=4
2026-09-26T01:47:37.852008Z DEBUG netbaiot_transports::business_rpc::v3: business RPC V3 received frame stream_id=100 frame_type=Response payload_bytes=35
2026-09-26T01:47:37.852027Z DEBUG netbaiot_transports::business_rpc::v3: business RPC V3 received frame stream_id=98 frame_type=Response payload_bytes=35
2026-09-26T01:47:37.852038Z DEBUG netbaiot_transports::business_rpc::v3: business RPC V3 received frame stream_id=100 frame_type=Data payload_bytes=215
2026-09-26T01:47:37.852082Z DEBUG netbaiot_transports::business_rpc::v3: business RPC V3 received frame stream_id=98 frame_type=Data payload_bytes=215
2026-09-26T01:47:37.852102Z DEBUG netbaiot_transports::business_rpc::v3: business RPC V3 selected frame stream_id=0 frame_type=WindowUpdate payload_bytes=4
2026-09-26T01:47:37.852149Z DEBUG netbaiot_transports::business_rpc::v3: business RPC V3 writer completed frame stream_id=0 frame_type=WindowUpdate payload_bytes=4
2026-09-26T01:47:37.852162Z DEBUG netbaiot_transports::business_rpc::v3: business RPC V3 selected frame stream_id=0 frame_type=WindowUpdate payload_bytes=4
2026-09-26T01:47:37.852173Z DEBUG netbaiot_transports::business_rpc::v3: business RPC V3 writer completed frame stream_id=0 frame_type=WindowUpdate payload_bytes=4
2026-09-26T01:47:37.852810Z DEBUG netbaiot_transports::business_rpc::v3: business RPC V3 body entered scheduler stream_id=118 class=Rpc body_bytes=197
2026-09-26T01:47:37.852847Z DEBUG netbaiot_transports::business_rpc::v3: business RPC V3 selected frame stream_id=118 frame_type=Open payload_bytes=158
2026-09-26T01:47:37.852862Z DEBUG netbaiot_transports::business_rpc::v3: business RPC V3 writer completed frame stream_id=118 frame_type=Open payload_bytes=158
2026-09-26T01:47:37.852922Z DEBUG netbaiot_transports::business_rpc::v3: business RPC V3 selected frame stream_id=118 frame_type=Data payload_bytes=197
2026-09-26T01:47:37.852935Z DEBUG netbaiot_transports::business_rpc::v3: business RPC V3 writer completed frame stream_id=118 frame_type=Data payload_bytes=197
2026-09-26T01:47:37.853290Z DEBUG netbaiot_transports::business_rpc::v3: business RPC V3 body entered scheduler stream_id=120 class=Event body_bytes=17365
2026-09-26T01:47:37.853304Z DEBUG netbaiot_transports::business_rpc::v3: business RPC V3 selected frame stream_id=120 frame_type=Open payload_bytes=184
2026-09-26T01:47:37.853316Z DEBUG netbaiot_transports::business_rpc::v3: business RPC V3 writer completed frame stream_id=120 frame_type=Open payload_bytes=184
2026-09-26T01:47:37.853325Z DEBUG netbaiot_transports::business_rpc::v3: business RPC V3 selected frame stream_id=120 frame_type=Data payload_bytes=8192
2026-09-26T01:47:37.853339Z DEBUG netbaiot_transports::business_rpc::v3: business RPC V3 writer completed frame stream_id=120 frame_type=Data payload_bytes=8192
2026-09-26T01:47:37.853345Z DEBUG netbaiot_transports::business_rpc::v3: business RPC V3 selected frame stream_id=120 frame_type=Data payload_bytes=8192
2026-09-26T01:47:37.853357Z DEBUG netbaiot_transports::business_rpc::v3: business RPC V3 writer completed frame stream_id=120 frame_type=Data payload_bytes=8192
2026-09-26T01:47:37.882472Z DEBUG netbaiot_transports::business_rpc::v3: business RPC V3 received frame stream_id=0 frame_type=WindowUpdate payload_bytes=4
2026-09-26T01:47:37.882547Z DEBUG netbaiot_transports::business_rpc::v3: business RPC V3 received frame stream_id=0 frame_type=WindowUpdate payload_bytes=4
2026-09-26T01:47:37.882572Z DEBUG netbaiot_transports::business_rpc::v3: business RPC V3 received frame stream_id=0 frame_type=WindowUpdate payload_bytes=4
2026-09-26T01:47:37.882586Z DEBUG netbaiot_transports::business_rpc::v3: business RPC V3 received frame stream_id=0 frame_type=WindowUpdate payload_bytes=4
2026-09-26T01:47:37.882595Z DEBUG netbaiot_transports::business_rpc::v3: business RPC V3 received frame stream_id=104 frame_type=Response payload_bytes=35
2026-09-26T01:47:37.882610Z DEBUG netbaiot_transports::business_rpc::v3: business RPC V3 received frame stream_id=108 frame_type=Response payload_bytes=35
2026-09-26T01:47:37.882658Z DEBUG netbaiot_transports::business_rpc::v3: business RPC V3 received frame stream_id=102 frame_type=Response payload_bytes=35
2026-09-26T01:47:37.882676Z DEBUG netbaiot_transports::business_rpc::v3: business RPC V3 received frame stream_id=106 frame_type=Response payload_bytes=35
2026-09-26T01:47:37.882689Z DEBUG netbaiot_transports::business_rpc::v3: business RPC V3 received frame stream_id=104 frame_type=Data payload_bytes=215
2026-09-26T01:47:37.882733Z DEBUG netbaiot_transports::business_rpc::v3: business RPC V3 received frame stream_id=108 frame_type=Data payload_bytes=215
2026-09-26T01:47:37.882745Z DEBUG netbaiot_transports::business_rpc::v3: business RPC V3 selected frame stream_id=0 frame_type=WindowUpdate payload_bytes=4
2026-09-26T01:47:37.882780Z DEBUG netbaiot_transports::business_rpc::v3: business RPC V3 received frame stream_id=102 frame_type=Data payload_bytes=215
2026-09-26T01:47:37.882821Z DEBUG netbaiot_transports::business_rpc::v3: business RPC V3 writer completed frame stream_id=0 frame_type=WindowUpdate payload_bytes=4
2026-09-26T01:47:37.882843Z DEBUG netbaiot_transports::business_rpc::v3: business RPC V3 selected frame stream_id=0 frame_type=WindowUpdate payload_bytes=4
2026-09-26T01:47:37.882869Z DEBUG netbaiot_transports::business_rpc::v3: business RPC V3 writer completed frame stream_id=0 frame_type=WindowUpdate payload_bytes=4
2026-09-26T01:47:37.882869Z DEBUG netbaiot_transports::business_rpc::v3: business RPC V3 received frame stream_id=106 frame_type=Data payload_bytes=215
2026-09-26T01:47:37.882887Z DEBUG netbaiot_transports::business_rpc::v3: business RPC V3 selected frame stream_id=0 frame_type=WindowUpdate payload_bytes=4
2026-09-26T01:47:37.883015Z DEBUG netbaiot_transports::business_rpc::v3: business RPC V3 writer completed frame stream_id=0 frame_type=WindowUpdate payload_bytes=4
2026-09-26T01:47:37.883037Z DEBUG netbaiot_transports::business_rpc::v3: business RPC V3 selected frame stream_id=0 frame_type=WindowUpdate payload_bytes=4
2026-09-26T01:47:37.883053Z DEBUG netbaiot_transports::business_rpc::v3: business RPC V3 writer completed frame stream_id=0 frame_type=WindowUpdate payload_bytes=4
2026-09-26T01:47:37.912950Z DEBUG netbaiot_transports::business_rpc::v3: business RPC V3 received frame stream_id=0 frame_type=WindowUpdate payload_bytes=4
2026-09-26T01:47:37.913038Z DEBUG netbaiot_transports::business_rpc::v3: business RPC V3 received frame stream_id=0 frame_type=WindowUpdate payload_bytes=4
2026-09-26T01:47:37.913056Z DEBUG netbaiot_transports::business_rpc::v3: business RPC V3 received frame stream_id=0 frame_type=WindowUpdate payload_bytes=4
2026-09-26T01:47:37.913068Z DEBUG netbaiot_transports::business_rpc::v3: business RPC V3 received frame stream_id=0 frame_type=WindowUpdate payload_bytes=4
2026-09-26T01:47:37.913077Z DEBUG netbaiot_transports::business_rpc::v3: business RPC V3 received frame stream_id=116 frame_type=Response payload_bytes=35
2026-09-26T01:47:37.913095Z DEBUG netbaiot_transports::business_rpc::v3: business RPC V3 received frame stream_id=110 frame_type=Response payload_bytes=35
2026-09-26T01:47:37.913104Z DEBUG netbaiot_transports::business_rpc::v3: business RPC V3 received frame stream_id=112 frame_type=Response payload_bytes=35
2026-09-26T01:47:37.913113Z DEBUG netbaiot_transports::business_rpc::v3: business RPC V3 received frame stream_id=114 frame_type=Response payload_bytes=35
2026-09-26T01:47:37.913120Z DEBUG netbaiot_transports::business_rpc::v3: business RPC V3 received frame stream_id=116 frame_type=Data payload_bytes=215
2026-09-26T01:47:37.913170Z DEBUG netbaiot_transports::business_rpc::v3: business RPC V3 received frame stream_id=110 frame_type=Data payload_bytes=215
2026-09-26T01:47:37.913188Z DEBUG netbaiot_transports::business_rpc::v3: business RPC V3 received frame stream_id=112 frame_type=Data payload_bytes=215
2026-09-26T01:47:37.913198Z DEBUG netbaiot_transports::business_rpc::v3: business RPC V3 selected frame stream_id=0 frame_type=WindowUpdate payload_bytes=4
2026-09-26T01:47:37.913202Z DEBUG netbaiot_transports::business_rpc::v3: business RPC V3 received frame stream_id=114 frame_type=Data payload_bytes=215
2026-09-26T01:47:37.913258Z DEBUG netbaiot_transports::business_rpc::v3: business RPC V3 writer completed frame stream_id=0 frame_type=WindowUpdate payload_bytes=4
2026-09-26T01:47:37.913274Z DEBUG netbaiot_transports::business_rpc::v3: business RPC V3 selected frame stream_id=0 frame_type=WindowUpdate payload_bytes=4
2026-09-26T01:47:37.913288Z DEBUG netbaiot_transports::business_rpc::v3: business RPC V3 writer completed frame stream_id=0 frame_type=WindowUpdate payload_bytes=4
2026-09-26T01:47:37.913297Z DEBUG netbaiot_transports::business_rpc::v3: business RPC V3 selected frame stream_id=0 frame_type=WindowUpdate payload_bytes=4
2026-09-26T01:47:37.913307Z DEBUG netbaiot_transports::business_rpc::v3: business RPC V3 writer completed frame stream_id=0 frame_type=WindowUpdate payload_bytes=4
2026-09-26T01:47:37.913315Z DEBUG netbaiot_transports::business_rpc::v3: business RPC V3 selected frame stream_id=0 frame_type=WindowUpdate payload_bytes=4
2026-09-26T01:47:37.913325Z DEBUG netbaiot_transports::business_rpc::v3: business RPC V3 writer completed frame stream_id=0 frame_type=WindowUpdate payload_bytes=4
2026-09-26T01:47:38.020517Z DEBUG netbaiot_transports::business_rpc::v3: business RPC V3 received frame stream_id=0 frame_type=WindowUpdate payload_bytes=4
2026-09-26T01:47:38.020621Z DEBUG netbaiot_transports::business_rpc::v3: business RPC V3 received frame stream_id=0 frame_type=WindowUpdate payload_bytes=4
2026-09-26T01:47:38.020646Z DEBUG netbaiot_transports::business_rpc::v3: business RPC V3 received frame stream_id=120 frame_type=WindowUpdate payload_bytes=4
2026-09-26T01:47:38.020713Z DEBUG netbaiot_transports::business_rpc::v3: business RPC V3 received frame stream_id=118 frame_type=Response payload_bytes=35
2026-09-26T01:47:38.020732Z DEBUG netbaiot_transports::business_rpc::v3: business RPC V3 received frame stream_id=118 frame_type=Data payload_bytes=215
2026-09-26T01:47:38.020806Z DEBUG netbaiot_transports::business_rpc::v3: business RPC V3 selected frame stream_id=0 frame_type=WindowUpdate payload_bytes=4
2026-09-26T01:47:38.020866Z DEBUG netbaiot_transports::business_rpc::v3: business RPC V3 writer completed frame stream_id=0 frame_type=WindowUpdate payload_bytes=4
2026-09-26T01:47:38.020888Z DEBUG netbaiot_transports::business_rpc::v3: business RPC V3 selected frame stream_id=120 frame_type=Data payload_bytes=981
2026-09-26T01:47:38.020907Z DEBUG netbaiot_transports::business_rpc::v3: business RPC V3 writer completed frame stream_id=120 frame_type=Data payload_bytes=981
2026-09-26T01:47:38.047902Z DEBUG netbaiot_transports::business_rpc::v3: business RPC V3 received frame stream_id=0 frame_type=WindowUpdate payload_bytes=4
2026-09-26T01:47:38.047944Z DEBUG netbaiot_transports::business_rpc::v3: business RPC V3 received frame stream_id=120 frame_type=WindowUpdate payload_bytes=4
2026-09-26T01:47:38.134136Z DEBUG netbaiot_transports::business_rpc::v3: business RPC V3 received frame stream_id=0 frame_type=WindowUpdate payload_bytes=4
2026-09-26T01:47:38.134187Z DEBUG netbaiot_transports::business_rpc::v3: business RPC V3 received frame stream_id=120 frame_type=Response payload_bytes=35
2026-09-26T01:47:38.134205Z DEBUG netbaiot_transports::business_rpc::v3: business RPC V3 received frame stream_id=120 frame_type=Data payload_bytes=118
2026-09-26T01:47:38.134221Z DEBUG netbaiot_transports::business_rpc::v3: business RPC V3 Event delivery acknowledged stream_id=120 completion_us=280937
2026-09-26T01:47:38.134250Z DEBUG netbaiot_transports::business_rpc::v3: business RPC V3 selected frame stream_id=0 frame_type=WindowUpdate payload_bytes=4
2026-09-26T01:47:38.134287Z DEBUG netbaiot_transports::business_rpc::v3: business RPC V3 writer completed frame stream_id=0 frame_type=WindowUpdate payload_bytes=4
2026-09-26T01:47:38.353759Z DEBUG netbaiot_transports::business_rpc::v3: business RPC V3 body entered scheduler stream_id=122 class=Event body_bytes=17365
2026-09-26T01:47:38.353799Z DEBUG netbaiot_transports::business_rpc::v3: business RPC V3 selected frame stream_id=122 frame_type=Open payload_bytes=184
2026-09-26T01:47:38.353819Z DEBUG netbaiot_transports::business_rpc::v3: business RPC V3 writer completed frame stream_id=122 frame_type=Open payload_bytes=184
2026-09-26T01:47:38.353832Z DEBUG netbaiot_transports::business_rpc::v3: business RPC V3 selected frame stream_id=122 frame_type=Data payload_bytes=8192
2026-09-26T01:47:38.353847Z DEBUG netbaiot_transports::business_rpc::v3: business RPC V3 writer completed frame stream_id=122 frame_type=Data payload_bytes=8192
2026-09-26T01:47:38.353856Z DEBUG netbaiot_transports::business_rpc::v3: business RPC V3 selected frame stream_id=122 frame_type=Data payload_bytes=8192
2026-09-26T01:47:38.353872Z DEBUG netbaiot_transports::business_rpc::v3: business RPC V3 writer completed frame stream_id=122 frame_type=Data payload_bytes=8192
2026-09-26T01:47:38.471722Z DEBUG netbaiot_transports::business_rpc::v3: business RPC V3 received frame stream_id=0 frame_type=WindowUpdate payload_bytes=4
2026-09-26T01:47:38.471764Z DEBUG netbaiot_transports::business_rpc::v3: business RPC V3 received frame stream_id=122 frame_type=WindowUpdate payload_bytes=4
2026-09-26T01:47:38.471783Z DEBUG netbaiot_transports::business_rpc::v3: business RPC V3 selected frame stream_id=122 frame_type=Data payload_bytes=981
2026-09-26T01:47:38.471804Z DEBUG netbaiot_transports::business_rpc::v3: business RPC V3 writer completed frame stream_id=122 frame_type=Data payload_bytes=981
2026-09-26T01:47:38.499247Z DEBUG netbaiot_transports::business_rpc::v3: business RPC V3 received frame stream_id=0 frame_type=WindowUpdate payload_bytes=4
2026-09-26T01:47:38.499316Z DEBUG netbaiot_transports::business_rpc::v3: business RPC V3 received frame stream_id=122 frame_type=WindowUpdate payload_bytes=4
2026-09-26T01:47:38.528735Z DEBUG netbaiot_transports::business_rpc::v3: business RPC V3 body entered scheduler stream_id=124 class=Rpc body_bytes=197
2026-09-26T01:47:38.528776Z DEBUG netbaiot_transports::business_rpc::v3: business RPC V3 selected frame stream_id=124 frame_type=Open payload_bytes=158
2026-09-26T01:47:38.528799Z DEBUG netbaiot_transports::business_rpc::v3: business RPC V3 writer completed frame stream_id=124 frame_type=Open payload_bytes=158
2026-09-26T01:47:38.528811Z DEBUG netbaiot_transports::business_rpc::v3: business RPC V3 selected frame stream_id=124 frame_type=Data payload_bytes=197
2026-09-26T01:47:38.528823Z DEBUG netbaiot_transports::business_rpc::v3: business RPC V3 writer completed frame stream_id=124 frame_type=Data payload_bytes=197
2026-09-26T01:47:38.555014Z DEBUG netbaiot_transports::business_rpc::v3: business RPC V3 received frame stream_id=0 frame_type=WindowUpdate payload_bytes=4
2026-09-26T01:47:38.561279Z DEBUG netbaiot_transports::business_rpc::v3: business RPC V3 body entered scheduler stream_id=126 class=Rpc body_bytes=197
2026-09-26T01:47:38.561316Z DEBUG netbaiot_transports::business_rpc::v3: business RPC V3 selected frame stream_id=126 frame_type=Open payload_bytes=158
2026-09-26T01:47:38.561342Z DEBUG netbaiot_transports::business_rpc::v3: business RPC V3 writer completed frame stream_id=126 frame_type=Open payload_bytes=158
2026-09-26T01:47:38.561354Z DEBUG netbaiot_transports::business_rpc::v3: business RPC V3 selected frame stream_id=126 frame_type=Data payload_bytes=197
2026-09-26T01:47:38.561364Z DEBUG netbaiot_transports::business_rpc::v3: business RPC V3 writer completed frame stream_id=126 frame_type=Data payload_bytes=197
2026-09-26T01:47:38.577907Z DEBUG netbaiot_transports::business_rpc::v3: business RPC V3 body entered scheduler stream_id=128 class=Rpc body_bytes=197
2026-09-26T01:47:38.577987Z DEBUG netbaiot_transports::business_rpc::v3: business RPC V3 selected frame stream_id=128 frame_type=Open payload_bytes=158
2026-09-26T01:47:38.578010Z DEBUG netbaiot_transports::business_rpc::v3: business RPC V3 writer completed frame stream_id=128 frame_type=Open payload_bytes=158
2026-09-26T01:47:38.578023Z DEBUG netbaiot_transports::business_rpc::v3: business RPC V3 selected frame stream_id=128 frame_type=Data payload_bytes=197
2026-09-26T01:47:38.578033Z DEBUG netbaiot_transports::business_rpc::v3: business RPC V3 writer completed frame stream_id=128 frame_type=Data payload_bytes=197
2026-09-26T01:47:38.581654Z DEBUG netbaiot_transports::business_rpc::v3: business RPC V3 received frame stream_id=122 frame_type=Response payload_bytes=35
2026-09-26T01:47:38.581720Z DEBUG netbaiot_transports::business_rpc::v3: business RPC V3 received frame stream_id=122 frame_type=Data payload_bytes=118
2026-09-26T01:47:38.581740Z DEBUG netbaiot_transports::business_rpc::v3: business RPC V3 Event delivery acknowledged stream_id=122 completion_us=227989
2026-09-26T01:47:38.581774Z DEBUG netbaiot_transports::business_rpc::v3: business RPC V3 selected frame stream_id=0 frame_type=WindowUpdate payload_bytes=4
2026-09-26T01:47:38.581809Z DEBUG netbaiot_transports::business_rpc::v3: business RPC V3 writer completed frame stream_id=0 frame_type=WindowUpdate payload_bytes=4
2026-09-26T01:47:38.610229Z DEBUG netbaiot_transports::business_rpc::v3: business RPC V3 received frame stream_id=0 frame_type=WindowUpdate payload_bytes=4
2026-09-26T01:47:38.610318Z DEBUG netbaiot_transports::business_rpc::v3: business RPC V3 received frame stream_id=124 frame_type=Response payload_bytes=35
2026-09-26T01:47:38.610340Z DEBUG netbaiot_transports::business_rpc::v3: business RPC V3 received frame stream_id=124 frame_type=Data payload_bytes=215
2026-09-26T01:47:38.610408Z DEBUG netbaiot_transports::business_rpc::v3: business RPC V3 selected frame stream_id=0 frame_type=WindowUpdate payload_bytes=4
2026-09-26T01:47:38.610450Z DEBUG netbaiot_transports::business_rpc::v3: business RPC V3 writer completed frame stream_id=0 frame_type=WindowUpdate payload_bytes=4
2026-09-26T01:47:38.611055Z DEBUG netbaiot_transports::business_rpc::v3: business RPC V3 body entered scheduler stream_id=130 class=Rpc body_bytes=197
2026-09-26T01:47:38.611090Z DEBUG netbaiot_transports::business_rpc::v3: business RPC V3 selected frame stream_id=130 frame_type=Open payload_bytes=158
2026-09-26T01:47:38.611106Z DEBUG netbaiot_transports::business_rpc::v3: business RPC V3 writer completed frame stream_id=130 frame_type=Open payload_bytes=158
2026-09-26T01:47:38.611119Z DEBUG netbaiot_transports::business_rpc::v3: business RPC V3 selected frame stream_id=130 frame_type=Data payload_bytes=197
2026-09-26T01:47:38.611129Z DEBUG netbaiot_transports::business_rpc::v3: business RPC V3 writer completed frame stream_id=130 frame_type=Data payload_bytes=197
2026-09-26T01:47:38.640900Z DEBUG netbaiot_transports::business_rpc::v3: business RPC V3 body entered scheduler stream_id=132 class=Rpc body_bytes=197
2026-09-26T01:47:38.641014Z DEBUG netbaiot_transports::business_rpc::v3: business RPC V3 selected frame stream_id=132 frame_type=Open payload_bytes=158
2026-09-26T01:47:38.641104Z DEBUG netbaiot_transports::business_rpc::v3: business RPC V3 writer completed frame stream_id=132 frame_type=Open payload_bytes=158
2026-09-26T01:47:38.641126Z DEBUG netbaiot_transports::business_rpc::v3: business RPC V3 selected frame stream_id=132 frame_type=Data payload_bytes=197
2026-09-26T01:47:38.641141Z DEBUG netbaiot_transports::business_rpc::v3: business RPC V3 writer completed frame stream_id=132 frame_type=Data payload_bytes=197
2026-09-26T01:47:38.646608Z DEBUG netbaiot_transports::business_rpc::v3: business RPC V3 received frame stream_id=0 frame_type=WindowUpdate payload_bytes=4
2026-09-26T01:47:38.646694Z DEBUG netbaiot_transports::business_rpc::v3: business RPC V3 received frame stream_id=0 frame_type=WindowUpdate payload_bytes=4
2026-09-26T01:47:38.646707Z DEBUG netbaiot_transports::business_rpc::v3: business RPC V3 received frame stream_id=128 frame_type=Response payload_bytes=35
2026-09-26T01:47:38.646727Z DEBUG netbaiot_transports::business_rpc::v3: business RPC V3 received frame stream_id=128 frame_type=Data payload_bytes=215
2026-09-26T01:47:38.646797Z DEBUG netbaiot_transports::business_rpc::v3: business RPC V3 selected frame stream_id=0 frame_type=WindowUpdate payload_bytes=4
2026-09-26T01:47:38.646827Z DEBUG netbaiot_transports::business_rpc::v3: business RPC V3 writer completed frame stream_id=0 frame_type=WindowUpdate payload_bytes=4
2026-09-26T01:47:38.647503Z DEBUG netbaiot_transports::business_rpc::v3: business RPC V3 body entered scheduler stream_id=134 class=Rpc body_bytes=197
2026-09-26T01:47:38.647566Z DEBUG netbaiot_transports::business_rpc::v3: business RPC V3 selected frame stream_id=134 frame_type=Open payload_bytes=158
2026-09-26T01:47:38.647596Z DEBUG netbaiot_transports::business_rpc::v3: business RPC V3 writer completed frame stream_id=134 frame_type=Open payload_bytes=158
2026-09-26T01:47:38.647613Z DEBUG netbaiot_transports::business_rpc::v3: business RPC V3 selected frame stream_id=134 frame_type=Data payload_bytes=197
2026-09-26T01:47:38.647626Z DEBUG netbaiot_transports::business_rpc::v3: business RPC V3 writer completed frame stream_id=134 frame_type=Data payload_bytes=197
2026-09-26T01:47:38.675173Z DEBUG netbaiot_transports::business_rpc::v3: business RPC V3 received frame stream_id=126 frame_type=Response payload_bytes=35
2026-09-26T01:47:38.675283Z DEBUG netbaiot_transports::business_rpc::v3: business RPC V3 received frame stream_id=126 frame_type=Data payload_bytes=215
2026-09-26T01:47:38.675360Z DEBUG netbaiot_transports::business_rpc::v3: business RPC V3 selected frame stream_id=0 frame_type=WindowUpdate payload_bytes=4
2026-09-26T01:47:38.675392Z DEBUG netbaiot_transports::business_rpc::v3: business RPC V3 writer completed frame stream_id=0 frame_type=WindowUpdate payload_bytes=4
2026-09-26T01:47:38.675946Z DEBUG netbaiot_transports::business_rpc::v3: business RPC V3 body entered scheduler stream_id=136 class=Rpc body_bytes=197
2026-09-26T01:47:38.676027Z DEBUG netbaiot_transports::business_rpc::v3: business RPC V3 selected frame stream_id=136 frame_type=Open payload_bytes=158
2026-09-26T01:47:38.676044Z DEBUG netbaiot_transports::business_rpc::v3: business RPC V3 writer completed frame stream_id=136 frame_type=Open payload_bytes=158
2026-09-26T01:47:38.676056Z DEBUG netbaiot_transports::business_rpc::v3: business RPC V3 selected frame stream_id=136 frame_type=Data payload_bytes=197
2026-09-26T01:47:38.676067Z DEBUG netbaiot_transports::business_rpc::v3: business RPC V3 writer completed frame stream_id=136 frame_type=Data payload_bytes=197
2026-09-26T01:47:38.703768Z DEBUG netbaiot_transports::business_rpc::v3: business RPC V3 received frame stream_id=0 frame_type=WindowUpdate payload_bytes=4
2026-09-26T01:47:38.703874Z DEBUG netbaiot_transports::business_rpc::v3: business RPC V3 received frame stream_id=130 frame_type=Response payload_bytes=35
2026-09-26T01:47:38.703911Z DEBUG netbaiot_transports::business_rpc::v3: business RPC V3 received frame stream_id=130 frame_type=Data payload_bytes=215
2026-09-26T01:47:38.703986Z DEBUG netbaiot_transports::business_rpc::v3: business RPC V3 selected frame stream_id=0 frame_type=WindowUpdate payload_bytes=4
2026-09-26T01:47:38.704028Z DEBUG netbaiot_transports::business_rpc::v3: business RPC V3 writer completed frame stream_id=0 frame_type=WindowUpdate payload_bytes=4
2026-09-26T01:47:38.704613Z DEBUG netbaiot_transports::business_rpc::v3: business RPC V3 body entered scheduler stream_id=138 class=Rpc body_bytes=197
2026-09-26T01:47:38.704641Z DEBUG netbaiot_transports::business_rpc::v3: business RPC V3 selected frame stream_id=138 frame_type=Open payload_bytes=158
2026-09-26T01:47:38.704657Z DEBUG netbaiot_transports::business_rpc::v3: business RPC V3 writer completed frame stream_id=138 frame_type=Open payload_bytes=158
2026-09-26T01:47:38.704669Z DEBUG netbaiot_transports::business_rpc::v3: business RPC V3 selected frame stream_id=138 frame_type=Data payload_bytes=197
2026-09-26T01:47:38.704680Z DEBUG netbaiot_transports::business_rpc::v3: business RPC V3 writer completed frame stream_id=138 frame_type=Data payload_bytes=197
2026-09-26T01:47:38.729396Z DEBUG netbaiot_transports::business_rpc::v3: business RPC V3 body entered scheduler stream_id=140 class=Rpc body_bytes=197
2026-09-26T01:47:38.729493Z DEBUG netbaiot_transports::business_rpc::v3: business RPC V3 selected frame stream_id=140 frame_type=Open payload_bytes=158
2026-09-26T01:47:38.729526Z DEBUG netbaiot_transports::business_rpc::v3: business RPC V3 writer completed frame stream_id=140 frame_type=Open payload_bytes=158
2026-09-26T01:47:38.729542Z DEBUG netbaiot_transports::business_rpc::v3: business RPC V3 selected frame stream_id=140 frame_type=Data payload_bytes=197
2026-09-26T01:47:38.729554Z DEBUG netbaiot_transports::business_rpc::v3: business RPC V3 writer completed frame stream_id=140 frame_type=Data payload_bytes=197
2026-09-26T01:47:38.730217Z DEBUG netbaiot_transports::business_rpc::v3: business RPC V3 received frame stream_id=0 frame_type=WindowUpdate payload_bytes=4
2026-09-26T01:47:38.730244Z DEBUG netbaiot_transports::business_rpc::v3: business RPC V3 received frame stream_id=132 frame_type=Response payload_bytes=35
2026-09-26T01:47:38.730259Z DEBUG netbaiot_transports::business_rpc::v3: business RPC V3 received frame stream_id=132 frame_type=Data payload_bytes=215
2026-09-26T01:47:38.730310Z DEBUG netbaiot_transports::business_rpc::v3: business RPC V3 selected frame stream_id=0 frame_type=WindowUpdate payload_bytes=4
2026-09-26T01:47:38.730339Z DEBUG netbaiot_transports::business_rpc::v3: business RPC V3 writer completed frame stream_id=0 frame_type=WindowUpdate payload_bytes=4
2026-09-26T01:47:38.730826Z DEBUG netbaiot_transports::business_rpc::v3: business RPC V3 body entered scheduler stream_id=142 class=Rpc body_bytes=197
2026-09-26T01:47:38.730861Z DEBUG netbaiot_transports::business_rpc::v3: business RPC V3 selected frame stream_id=142 frame_type=Open payload_bytes=158
2026-09-26T01:47:38.730934Z DEBUG netbaiot_transports::business_rpc::v3: business RPC V3 writer completed frame stream_id=142 frame_type=Open payload_bytes=158
2026-09-26T01:47:38.730947Z DEBUG netbaiot_transports::business_rpc::v3: business RPC V3 selected frame stream_id=142 frame_type=Data payload_bytes=197
2026-09-26T01:47:38.730958Z DEBUG netbaiot_transports::business_rpc::v3: business RPC V3 writer completed frame stream_id=142 frame_type=Data payload_bytes=197
2026-09-26T01:47:38.739765Z DEBUG netbaiot_transports::business_rpc::v3: business RPC V3 body entered scheduler stream_id=144 class=Rpc body_bytes=197
2026-09-26T01:47:38.739843Z DEBUG netbaiot_transports::business_rpc::v3: business RPC V3 selected frame stream_id=144 frame_type=Open payload_bytes=158
2026-09-26T01:47:38.739889Z DEBUG netbaiot_transports::business_rpc::v3: business RPC V3 writer completed frame stream_id=144 frame_type=Open payload_bytes=158
2026-09-26T01:47:38.739909Z DEBUG netbaiot_transports::business_rpc::v3: business RPC V3 selected frame stream_id=144 frame_type=Data payload_bytes=197
2026-09-26T01:47:38.739925Z DEBUG netbaiot_transports::business_rpc::v3: business RPC V3 writer completed frame stream_id=144 frame_type=Data payload_bytes=197
2026-09-26T01:47:38.758870Z DEBUG netbaiot_transports::business_rpc::v3: business RPC V3 received frame stream_id=0 frame_type=WindowUpdate payload_bytes=4
2026-09-26T01:47:38.758959Z DEBUG netbaiot_transports::business_rpc::v3: business RPC V3 received frame stream_id=134 frame_type=Response payload_bytes=35
2026-09-26T01:47:38.758984Z DEBUG netbaiot_transports::business_rpc::v3: business RPC V3 received frame stream_id=134 frame_type=Data payload_bytes=215
2026-09-26T01:47:38.759074Z DEBUG netbaiot_transports::business_rpc::v3: business RPC V3 selected frame stream_id=0 frame_type=WindowUpdate payload_bytes=4
2026-09-26T01:47:38.759143Z DEBUG netbaiot_transports::business_rpc::v3: business RPC V3 writer completed frame stream_id=0 frame_type=WindowUpdate payload_bytes=4
2026-09-26T01:47:38.759670Z DEBUG netbaiot_transports::business_rpc::v3: business RPC V3 body entered scheduler stream_id=146 class=Rpc body_bytes=197
2026-09-26T01:47:38.759699Z DEBUG netbaiot_transports::business_rpc::v3: business RPC V3 selected frame stream_id=146 frame_type=Open payload_bytes=158
2026-09-26T01:47:38.759718Z DEBUG netbaiot_transports::business_rpc::v3: business RPC V3 writer completed frame stream_id=146 frame_type=Open payload_bytes=158
2026-09-26T01:47:38.759731Z DEBUG netbaiot_transports::business_rpc::v3: business RPC V3 selected frame stream_id=146 frame_type=Data payload_bytes=197
2026-09-26T01:47:38.759746Z DEBUG netbaiot_transports::business_rpc::v3: business RPC V3 writer completed frame stream_id=146 frame_type=Data payload_bytes=197
2026-09-26T01:47:38.771441Z DEBUG netbaiot_transports::business_rpc::v3: business RPC V3 body entered scheduler stream_id=148 class=Rpc body_bytes=197
2026-09-26T01:47:38.771530Z DEBUG netbaiot_transports::business_rpc::v3: business RPC V3 selected frame stream_id=148 frame_type=Open payload_bytes=158
2026-09-26T01:47:38.771553Z DEBUG netbaiot_transports::business_rpc::v3: business RPC V3 writer completed frame stream_id=148 frame_type=Open payload_bytes=158
2026-09-26T01:47:38.771566Z DEBUG netbaiot_transports::business_rpc::v3: business RPC V3 selected frame stream_id=148 frame_type=Data payload_bytes=197
2026-09-26T01:47:38.771576Z DEBUG netbaiot_transports::business_rpc::v3: business RPC V3 writer completed frame stream_id=148 frame_type=Data payload_bytes=197
2026-09-26T01:47:38.785635Z DEBUG netbaiot_transports::business_rpc::v3: business RPC V3 received frame stream_id=0 frame_type=WindowUpdate payload_bytes=4
2026-09-26T01:47:38.785719Z DEBUG netbaiot_transports::business_rpc::v3: business RPC V3 received frame stream_id=136 frame_type=Response payload_bytes=35
2026-09-26T01:47:38.785738Z DEBUG netbaiot_transports::business_rpc::v3: business RPC V3 received frame stream_id=136 frame_type=Data payload_bytes=215
2026-09-26T01:47:38.785804Z DEBUG netbaiot_transports::business_rpc::v3: business RPC V3 selected frame stream_id=0 frame_type=WindowUpdate payload_bytes=4
2026-09-26T01:47:38.785886Z DEBUG netbaiot_transports::business_rpc::v3: business RPC V3 writer completed frame stream_id=0 frame_type=WindowUpdate payload_bytes=4
2026-09-26T01:47:38.786419Z DEBUG netbaiot_transports::business_rpc::v3: business RPC V3 body entered scheduler stream_id=150 class=Rpc body_bytes=197
2026-09-26T01:47:38.786470Z DEBUG netbaiot_transports::business_rpc::v3: business RPC V3 selected frame stream_id=150 frame_type=Open payload_bytes=158
2026-09-26T01:47:38.786486Z DEBUG netbaiot_transports::business_rpc::v3: business RPC V3 writer completed frame stream_id=150 frame_type=Open payload_bytes=158
2026-09-26T01:47:38.786499Z DEBUG netbaiot_transports::business_rpc::v3: business RPC V3 selected frame stream_id=150 frame_type=Data payload_bytes=197
2026-09-26T01:47:38.786508Z DEBUG netbaiot_transports::business_rpc::v3: business RPC V3 writer completed frame stream_id=150 frame_type=Data payload_bytes=197
2026-09-26T01:47:38.815575Z DEBUG netbaiot_transports::business_rpc::v3: business RPC V3 received frame stream_id=0 frame_type=WindowUpdate payload_bytes=4
2026-09-26T01:47:38.815729Z DEBUG netbaiot_transports::business_rpc::v3: business RPC V3 received frame stream_id=0 frame_type=WindowUpdate payload_bytes=4
2026-09-26T01:47:38.815759Z DEBUG netbaiot_transports::business_rpc::v3: business RPC V3 received frame stream_id=0 frame_type=WindowUpdate payload_bytes=4
2026-09-26T01:47:38.815769Z DEBUG netbaiot_transports::business_rpc::v3: business RPC V3 received frame stream_id=138 frame_type=Response payload_bytes=35
2026-09-26T01:47:38.815783Z DEBUG netbaiot_transports::business_rpc::v3: business RPC V3 received frame stream_id=138 frame_type=Data payload_bytes=215
2026-09-26T01:47:38.815824Z DEBUG netbaiot_transports::business_rpc::v3: business RPC V3 received frame stream_id=142 frame_type=Response payload_bytes=35
2026-09-26T01:47:38.815842Z DEBUG netbaiot_transports::business_rpc::v3: business RPC V3 selected frame stream_id=0 frame_type=WindowUpdate payload_bytes=4
2026-09-26T01:47:38.815847Z DEBUG netbaiot_transports::business_rpc::v3: business RPC V3 received frame stream_id=140 frame_type=Response payload_bytes=35
2026-09-26T01:47:38.815897Z DEBUG netbaiot_transports::business_rpc::v3: business RPC V3 received frame stream_id=142 frame_type=Data payload_bytes=215
2026-09-26T01:47:38.815898Z DEBUG netbaiot_transports::business_rpc::v3: business RPC V3 writer completed frame stream_id=0 frame_type=WindowUpdate payload_bytes=4
2026-09-26T01:47:38.815933Z DEBUG netbaiot_transports::business_rpc::v3: business RPC V3 selected frame stream_id=0 frame_type=WindowUpdate payload_bytes=4
2026-09-26T01:47:38.815951Z DEBUG netbaiot_transports::business_rpc::v3: business RPC V3 writer completed frame stream_id=0 frame_type=WindowUpdate payload_bytes=4
2026-09-26T01:47:38.815936Z DEBUG netbaiot_transports::business_rpc::v3: business RPC V3 received frame stream_id=140 frame_type=Data payload_bytes=215
2026-09-26T01:47:38.816043Z DEBUG netbaiot_transports::business_rpc::v3: business RPC V3 selected frame stream_id=0 frame_type=WindowUpdate payload_bytes=4
2026-09-26T01:47:38.816090Z DEBUG netbaiot_transports::business_rpc::v3: business RPC V3 writer completed frame stream_id=0 frame_type=WindowUpdate payload_bytes=4
2026-09-26T01:47:38.816737Z DEBUG netbaiot_transports::business_rpc::v3: business RPC V3 body entered scheduler stream_id=152 class=Rpc body_bytes=197
2026-09-26T01:47:38.816787Z DEBUG netbaiot_transports::business_rpc::v3: business RPC V3 body entered scheduler stream_id=154 class=Rpc body_bytes=197
2026-09-26T01:47:38.816798Z DEBUG netbaiot_transports::business_rpc::v3: business RPC V3 body entered scheduler stream_id=156 class=Rpc body_bytes=197
2026-09-26T01:47:38.816805Z DEBUG netbaiot_transports::business_rpc::v3: business RPC V3 selected frame stream_id=152 frame_type=Open payload_bytes=158
2026-09-26T01:47:38.816822Z DEBUG netbaiot_transports::business_rpc::v3: business RPC V3 writer completed frame stream_id=152 frame_type=Open payload_bytes=158
2026-09-26T01:47:38.816888Z DEBUG netbaiot_transports::business_rpc::v3: business RPC V3 selected frame stream_id=152 frame_type=Data payload_bytes=197
2026-09-26T01:47:38.816908Z DEBUG netbaiot_transports::business_rpc::v3: business RPC V3 writer completed frame stream_id=152 frame_type=Data payload_bytes=197
2026-09-26T01:47:38.816918Z DEBUG netbaiot_transports::business_rpc::v3: business RPC V3 selected frame stream_id=154 frame_type=Open payload_bytes=158
2026-09-26T01:47:38.816928Z DEBUG netbaiot_transports::business_rpc::v3: business RPC V3 writer completed frame stream_id=154 frame_type=Open payload_bytes=158
2026-09-26T01:47:38.816936Z DEBUG netbaiot_transports::business_rpc::v3: business RPC V3 selected frame stream_id=156 frame_type=Open payload_bytes=158
2026-09-26T01:47:38.816946Z DEBUG netbaiot_transports::business_rpc::v3: business RPC V3 writer completed frame stream_id=156 frame_type=Open payload_bytes=158
2026-09-26T01:47:38.816952Z DEBUG netbaiot_transports::business_rpc::v3: business RPC V3 selected frame stream_id=154 frame_type=Data payload_bytes=197
2026-09-26T01:47:38.816962Z DEBUG netbaiot_transports::business_rpc::v3: business RPC V3 writer completed frame stream_id=154 frame_type=Data payload_bytes=197
2026-09-26T01:47:38.816970Z DEBUG netbaiot_transports::business_rpc::v3: business RPC V3 selected frame stream_id=156 frame_type=Data payload_bytes=197
2026-09-26T01:47:38.816979Z DEBUG netbaiot_transports::business_rpc::v3: business RPC V3 writer completed frame stream_id=156 frame_type=Data payload_bytes=197
2026-09-26T01:47:38.844578Z DEBUG netbaiot_transports::business_rpc::v3: business RPC V3 received frame stream_id=0 frame_type=WindowUpdate payload_bytes=4
2026-09-26T01:47:38.844641Z DEBUG netbaiot_transports::business_rpc::v3: business RPC V3 received frame stream_id=0 frame_type=WindowUpdate payload_bytes=4
2026-09-26T01:47:38.844656Z DEBUG netbaiot_transports::business_rpc::v3: business RPC V3 received frame stream_id=146 frame_type=Response payload_bytes=35
2026-09-26T01:47:38.844670Z DEBUG netbaiot_transports::business_rpc::v3: business RPC V3 received frame stream_id=146 frame_type=Data payload_bytes=215
2026-09-26T01:47:38.844704Z DEBUG netbaiot_transports::business_rpc::v3: business RPC V3 received frame stream_id=144 frame_type=Response payload_bytes=35
2026-09-26T01:47:38.844717Z DEBUG netbaiot_transports::business_rpc::v3: business RPC V3 received frame stream_id=144 frame_type=Data payload_bytes=215
2026-09-26T01:47:38.844721Z DEBUG netbaiot_transports::business_rpc::v3: business RPC V3 selected frame stream_id=0 frame_type=WindowUpdate payload_bytes=4
2026-09-26T01:47:38.844767Z DEBUG netbaiot_transports::business_rpc::v3: business RPC V3 writer completed frame stream_id=0 frame_type=WindowUpdate payload_bytes=4
2026-09-26T01:47:38.844781Z DEBUG netbaiot_transports::business_rpc::v3: business RPC V3 selected frame stream_id=0 frame_type=WindowUpdate payload_bytes=4
2026-09-26T01:47:38.844794Z DEBUG netbaiot_transports::business_rpc::v3: business RPC V3 writer completed frame stream_id=0 frame_type=WindowUpdate payload_bytes=4
2026-09-26T01:47:38.845442Z DEBUG netbaiot_transports::business_rpc::v3: business RPC V3 body entered scheduler stream_id=158 class=Rpc body_bytes=197
2026-09-26T01:47:38.845484Z DEBUG netbaiot_transports::business_rpc::v3: business RPC V3 body entered scheduler stream_id=160 class=Rpc body_bytes=197
2026-09-26T01:47:38.845491Z DEBUG netbaiot_transports::business_rpc::v3: business RPC V3 selected frame stream_id=158 frame_type=Open payload_bytes=158
2026-09-26T01:47:38.845505Z DEBUG netbaiot_transports::business_rpc::v3: business RPC V3 writer completed frame stream_id=158 frame_type=Open payload_bytes=158
2026-09-26T01:47:38.845514Z DEBUG netbaiot_transports::business_rpc::v3: business RPC V3 selected frame stream_id=160 frame_type=Open payload_bytes=158
2026-09-26T01:47:38.845525Z DEBUG netbaiot_transports::business_rpc::v3: business RPC V3 writer completed frame stream_id=160 frame_type=Open payload_bytes=158
2026-09-26T01:47:38.845585Z DEBUG netbaiot_transports::business_rpc::v3: business RPC V3 selected frame stream_id=158 frame_type=Data payload_bytes=197
2026-09-26T01:47:38.845599Z DEBUG netbaiot_transports::business_rpc::v3: business RPC V3 writer completed frame stream_id=158 frame_type=Data payload_bytes=197
2026-09-26T01:47:38.845609Z DEBUG netbaiot_transports::business_rpc::v3: business RPC V3 selected frame stream_id=160 frame_type=Data payload_bytes=197
2026-09-26T01:47:38.845620Z DEBUG netbaiot_transports::business_rpc::v3: business RPC V3 writer completed frame stream_id=160 frame_type=Data payload_bytes=197
2026-09-26T01:47:38.854039Z DEBUG netbaiot_transports::business_rpc::v3: business RPC V3 body entered scheduler stream_id=162 class=Event body_bytes=17365
2026-09-26T01:47:38.854095Z DEBUG netbaiot_transports::business_rpc::v3: business RPC V3 selected frame stream_id=162 frame_type=Open payload_bytes=184
2026-09-26T01:47:38.854129Z DEBUG netbaiot_transports::business_rpc::v3: business RPC V3 writer completed frame stream_id=162 frame_type=Open payload_bytes=184
2026-09-26T01:47:38.854148Z DEBUG netbaiot_transports::business_rpc::v3: business RPC V3 selected frame stream_id=162 frame_type=Data payload_bytes=8192
2026-09-26T01:47:38.854172Z DEBUG netbaiot_transports::business_rpc::v3: business RPC V3 writer completed frame stream_id=162 frame_type=Data payload_bytes=8192
2026-09-26T01:47:38.854181Z DEBUG netbaiot_transports::business_rpc::v3: business RPC V3 selected frame stream_id=162 frame_type=Data payload_bytes=8192
2026-09-26T01:47:38.854206Z DEBUG netbaiot_transports::business_rpc::v3: business RPC V3 writer completed frame stream_id=162 frame_type=Data payload_bytes=8192
2026-09-26T01:47:38.872502Z DEBUG netbaiot_transports::business_rpc::v3: business RPC V3 received frame stream_id=0 frame_type=WindowUpdate payload_bytes=4
2026-09-26T01:47:38.872597Z DEBUG netbaiot_transports::business_rpc::v3: business RPC V3 received frame stream_id=0 frame_type=WindowUpdate payload_bytes=4
2026-09-26T01:47:38.872612Z DEBUG netbaiot_transports::business_rpc::v3: business RPC V3 received frame stream_id=150 frame_type=Response payload_bytes=35
2026-09-26T01:47:38.872632Z DEBUG netbaiot_transports::business_rpc::v3: business RPC V3 received frame stream_id=148 frame_type=Response payload_bytes=35
2026-09-26T01:47:38.872640Z DEBUG netbaiot_transports::business_rpc::v3: business RPC V3 received frame stream_id=150 frame_type=Data payload_bytes=215
2026-09-26T01:47:38.872695Z DEBUG netbaiot_transports::business_rpc::v3: business RPC V3 received frame stream_id=148 frame_type=Data payload_bytes=215
2026-09-26T01:47:38.872735Z DEBUG netbaiot_transports::business_rpc::v3: business RPC V3 selected frame stream_id=0 frame_type=WindowUpdate payload_bytes=4
2026-09-26T01:47:38.872803Z DEBUG netbaiot_transports::business_rpc::v3: business RPC V3 writer completed frame stream_id=0 frame_type=WindowUpdate payload_bytes=4
2026-09-26T01:47:38.872819Z DEBUG netbaiot_transports::business_rpc::v3: business RPC V3 selected frame stream_id=0 frame_type=WindowUpdate payload_bytes=4
2026-09-26T01:47:38.872834Z DEBUG netbaiot_transports::business_rpc::v3: business RPC V3 writer completed frame stream_id=0 frame_type=WindowUpdate payload_bytes=4
2026-09-26T01:47:38.873512Z DEBUG netbaiot_transports::business_rpc::v3: business RPC V3 body entered scheduler stream_id=164 class=Rpc body_bytes=197
2026-09-26T01:47:38.873559Z DEBUG netbaiot_transports::business_rpc::v3: business RPC V3 selected frame stream_id=164 frame_type=Open payload_bytes=158
2026-09-26T01:47:38.873594Z DEBUG netbaiot_transports::business_rpc::v3: business RPC V3 writer completed frame stream_id=164 frame_type=Open payload_bytes=158
2026-09-26T01:47:38.873607Z DEBUG netbaiot_transports::business_rpc::v3: business RPC V3 selected frame stream_id=164 frame_type=Data payload_bytes=197
2026-09-26T01:47:38.873618Z DEBUG netbaiot_transports::business_rpc::v3: business RPC V3 writer completed frame stream_id=164 frame_type=Data payload_bytes=197
2026-09-26T01:47:38.874755Z DEBUG netbaiot_transports::business_rpc::v3: business RPC V3 body entered scheduler stream_id=166 class=Rpc body_bytes=197
2026-09-26T01:47:38.874862Z DEBUG netbaiot_transports::business_rpc::v3: business RPC V3 selected frame stream_id=166 frame_type=Open payload_bytes=158
2026-09-26T01:47:38.874907Z DEBUG netbaiot_transports::business_rpc::v3: business RPC V3 writer completed frame stream_id=166 frame_type=Open payload_bytes=158
2026-09-26T01:47:38.874921Z DEBUG netbaiot_transports::business_rpc::v3: business RPC V3 selected frame stream_id=166 frame_type=Data payload_bytes=197
2026-09-26T01:47:38.874932Z DEBUG netbaiot_transports::business_rpc::v3: business RPC V3 writer completed frame stream_id=166 frame_type=Data payload_bytes=197
2026-09-26T01:47:38.903301Z DEBUG netbaiot_transports::business_rpc::v3: business RPC V3 received frame stream_id=0 frame_type=WindowUpdate payload_bytes=4
2026-09-26T01:47:38.903395Z DEBUG netbaiot_transports::business_rpc::v3: business RPC V3 received frame stream_id=0 frame_type=WindowUpdate payload_bytes=4
2026-09-26T01:47:38.903406Z DEBUG netbaiot_transports::business_rpc::v3: business RPC V3 received frame stream_id=0 frame_type=WindowUpdate payload_bytes=4
2026-09-26T01:47:38.903413Z DEBUG netbaiot_transports::business_rpc::v3: business RPC V3 received frame stream_id=156 frame_type=Response payload_bytes=35
2026-09-26T01:47:38.903428Z DEBUG netbaiot_transports::business_rpc::v3: business RPC V3 received frame stream_id=156 frame_type=Data payload_bytes=215
2026-09-26T01:47:38.903473Z DEBUG netbaiot_transports::business_rpc::v3: business RPC V3 received frame stream_id=152 frame_type=Response payload_bytes=35
2026-09-26T01:47:38.903483Z DEBUG netbaiot_transports::business_rpc::v3: business RPC V3 received frame stream_id=154 frame_type=Response payload_bytes=35
2026-09-26T01:47:38.903492Z DEBUG netbaiot_transports::business_rpc::v3: business RPC V3 received frame stream_id=152 frame_type=Data payload_bytes=215
2026-09-26T01:47:38.903492Z DEBUG netbaiot_transports::business_rpc::v3: business RPC V3 selected frame stream_id=0 frame_type=WindowUpdate payload_bytes=4
2026-09-26T01:47:38.903511Z DEBUG netbaiot_transports::business_rpc::v3: business RPC V3 received frame stream_id=154 frame_type=Data payload_bytes=215
2026-09-26T01:47:38.903538Z DEBUG netbaiot_transports::business_rpc::v3: business RPC V3 writer completed frame stream_id=0 frame_type=WindowUpdate payload_bytes=4
2026-09-26T01:47:38.903550Z DEBUG netbaiot_transports::business_rpc::v3: business RPC V3 selected frame stream_id=0 frame_type=WindowUpdate payload_bytes=4
2026-09-26T01:47:38.903561Z DEBUG netbaiot_transports::business_rpc::v3: business RPC V3 writer completed frame stream_id=0 frame_type=WindowUpdate payload_bytes=4
2026-09-26T01:47:38.903569Z DEBUG netbaiot_transports::business_rpc::v3: business RPC V3 selected frame stream_id=0 frame_type=WindowUpdate payload_bytes=4
2026-09-26T01:47:38.903579Z DEBUG netbaiot_transports::business_rpc::v3: business RPC V3 writer completed frame stream_id=0 frame_type=WindowUpdate payload_bytes=4
2026-09-26T01:47:38.904227Z DEBUG netbaiot_transports::business_rpc::v3: business RPC V3 body entered scheduler stream_id=168 class=Rpc body_bytes=197
2026-09-26T01:47:38.904292Z DEBUG netbaiot_transports::business_rpc::v3: business RPC V3 body entered scheduler stream_id=170 class=Rpc body_bytes=197
2026-09-26T01:47:38.904302Z DEBUG netbaiot_transports::business_rpc::v3: business RPC V3 body entered scheduler stream_id=172 class=Rpc body_bytes=197
2026-09-26T01:47:38.904310Z DEBUG netbaiot_transports::business_rpc::v3: business RPC V3 selected frame stream_id=168 frame_type=Open payload_bytes=158
2026-09-26T01:47:38.904330Z DEBUG netbaiot_transports::business_rpc::v3: business RPC V3 writer completed frame stream_id=168 frame_type=Open payload_bytes=158
2026-09-26T01:47:38.904342Z DEBUG netbaiot_transports::business_rpc::v3: business RPC V3 selected frame stream_id=168 frame_type=Data payload_bytes=197
2026-09-26T01:47:38.904353Z DEBUG netbaiot_transports::business_rpc::v3: business RPC V3 writer completed frame stream_id=168 frame_type=Data payload_bytes=197
2026-09-26T01:47:38.904421Z DEBUG netbaiot_transports::business_rpc::v3: business RPC V3 selected frame stream_id=170 frame_type=Open payload_bytes=158
2026-09-26T01:47:38.904440Z DEBUG netbaiot_transports::business_rpc::v3: business RPC V3 writer completed frame stream_id=170 frame_type=Open payload_bytes=158
2026-09-26T01:47:38.904449Z DEBUG netbaiot_transports::business_rpc::v3: business RPC V3 selected frame stream_id=172 frame_type=Open payload_bytes=158
2026-09-26T01:47:38.904460Z DEBUG netbaiot_transports::business_rpc::v3: business RPC V3 writer completed frame stream_id=172 frame_type=Open payload_bytes=158
2026-09-26T01:47:38.904469Z DEBUG netbaiot_transports::business_rpc::v3: business RPC V3 selected frame stream_id=170 frame_type=Data payload_bytes=197
2026-09-26T01:47:38.904479Z DEBUG netbaiot_transports::business_rpc::v3: business RPC V3 writer completed frame stream_id=170 frame_type=Data payload_bytes=197
2026-09-26T01:47:38.904487Z DEBUG netbaiot_transports::business_rpc::v3: business RPC V3 selected frame stream_id=172 frame_type=Data payload_bytes=197
2026-09-26T01:47:38.904497Z DEBUG netbaiot_transports::business_rpc::v3: business RPC V3 writer completed frame stream_id=172 frame_type=Data payload_bytes=197
2026-09-26T01:47:38.916501Z DEBUG netbaiot_transports::business_rpc::v3: business RPC V3 body entered scheduler stream_id=174 class=Rpc body_bytes=197
2026-09-26T01:47:38.916565Z DEBUG netbaiot_transports::business_rpc::v3: business RPC V3 selected frame stream_id=174 frame_type=Open payload_bytes=158
2026-09-26T01:47:38.916590Z DEBUG netbaiot_transports::business_rpc::v3: business RPC V3 writer completed frame stream_id=174 frame_type=Open payload_bytes=158
2026-09-26T01:47:38.916603Z DEBUG netbaiot_transports::business_rpc::v3: business RPC V3 selected frame stream_id=174 frame_type=Data payload_bytes=197
2026-09-26T01:47:38.916616Z DEBUG netbaiot_transports::business_rpc::v3: business RPC V3 writer completed frame stream_id=174 frame_type=Data payload_bytes=197
2026-09-26T01:47:38.931364Z DEBUG netbaiot_transports::business_rpc::v3: business RPC V3 received frame stream_id=0 frame_type=WindowUpdate payload_bytes=4
2026-09-26T01:47:38.931409Z DEBUG netbaiot_transports::business_rpc::v3: business RPC V3 received frame stream_id=0 frame_type=WindowUpdate payload_bytes=4
2026-09-26T01:47:38.931420Z DEBUG netbaiot_transports::business_rpc::v3: business RPC V3 received frame stream_id=160 frame_type=Response payload_bytes=35
2026-09-26T01:47:38.931432Z DEBUG netbaiot_transports::business_rpc::v3: business RPC V3 received frame stream_id=158 frame_type=Response payload_bytes=35
2026-09-26T01:47:38.931442Z DEBUG netbaiot_transports::business_rpc::v3: business RPC V3 received frame stream_id=160 frame_type=Data payload_bytes=215
2026-09-26T01:47:38.931470Z DEBUG netbaiot_transports::business_rpc::v3: business RPC V3 received frame stream_id=158 frame_type=Data payload_bytes=215
2026-09-26T01:47:38.931483Z DEBUG netbaiot_transports::business_rpc::v3: business RPC V3 selected frame stream_id=0 frame_type=WindowUpdate payload_bytes=4
2026-09-26T01:47:38.931508Z DEBUG netbaiot_transports::business_rpc::v3: business RPC V3 writer completed frame stream_id=0 frame_type=WindowUpdate payload_bytes=4
2026-09-26T01:47:38.931518Z DEBUG netbaiot_transports::business_rpc::v3: business RPC V3 selected frame stream_id=0 frame_type=WindowUpdate payload_bytes=4
2026-09-26T01:47:38.931529Z DEBUG netbaiot_transports::business_rpc::v3: business RPC V3 writer completed frame stream_id=0 frame_type=WindowUpdate payload_bytes=4
2026-09-26T01:47:38.931895Z DEBUG netbaiot_transports::business_rpc::v3: business RPC V3 body entered scheduler stream_id=176 class=Rpc body_bytes=197
2026-09-26T01:47:38.931912Z DEBUG netbaiot_transports::business_rpc::v3: business RPC V3 body entered scheduler stream_id=178 class=Rpc body_bytes=197
2026-09-26T01:47:38.931919Z DEBUG netbaiot_transports::business_rpc::v3: business RPC V3 selected frame stream_id=176 frame_type=Open payload_bytes=158
2026-09-26T01:47:38.931957Z DEBUG netbaiot_transports::business_rpc::v3: business RPC V3 writer completed frame stream_id=176 frame_type=Open payload_bytes=158
2026-09-26T01:47:38.931967Z DEBUG netbaiot_transports::business_rpc::v3: business RPC V3 selected frame stream_id=178 frame_type=Open payload_bytes=158
2026-09-26T01:47:38.931978Z DEBUG netbaiot_transports::business_rpc::v3: business RPC V3 writer completed frame stream_id=178 frame_type=Open payload_bytes=158
2026-09-26T01:47:38.931986Z DEBUG netbaiot_transports::business_rpc::v3: business RPC V3 selected frame stream_id=176 frame_type=Data payload_bytes=197
2026-09-26T01:47:38.931997Z DEBUG netbaiot_transports::business_rpc::v3: business RPC V3 writer completed frame stream_id=176 frame_type=Data payload_bytes=197
2026-09-26T01:47:38.932005Z DEBUG netbaiot_transports::business_rpc::v3: business RPC V3 selected frame stream_id=178 frame_type=Data payload_bytes=197
2026-09-26T01:47:38.932013Z DEBUG netbaiot_transports::business_rpc::v3: business RPC V3 writer completed frame stream_id=178 frame_type=Data payload_bytes=197
2026-09-26T01:47:39.025358Z DEBUG netbaiot_transports::business_rpc::v3: business RPC V3 body entered scheduler stream_id=180 class=Rpc body_bytes=197
2026-09-26T01:47:39.025403Z DEBUG netbaiot_transports::business_rpc::v3: business RPC V3 selected frame stream_id=180 frame_type=Open payload_bytes=158
2026-09-26T01:47:39.025422Z DEBUG netbaiot_transports::business_rpc::v3: business RPC V3 writer completed frame stream_id=180 frame_type=Open payload_bytes=158
2026-09-26T01:47:39.025436Z DEBUG netbaiot_transports::business_rpc::v3: business RPC V3 selected frame stream_id=180 frame_type=Data payload_bytes=197
2026-09-26T01:47:39.025450Z DEBUG netbaiot_transports::business_rpc::v3: business RPC V3 writer completed frame stream_id=180 frame_type=Data payload_bytes=197
2026-09-26T01:47:39.028410Z DEBUG netbaiot_transports::business_rpc::v3: business RPC V3 received frame stream_id=0 frame_type=WindowUpdate payload_bytes=4
2026-09-26T01:47:39.028453Z DEBUG netbaiot_transports::business_rpc::v3: business RPC V3 received frame stream_id=162 frame_type=WindowUpdate payload_bytes=4
2026-09-26T01:47:39.028472Z DEBUG netbaiot_transports::business_rpc::v3: business RPC V3 selected frame stream_id=162 frame_type=Data payload_bytes=981
2026-09-26T01:47:39.028495Z DEBUG netbaiot_transports::business_rpc::v3: business RPC V3 writer completed frame stream_id=162 frame_type=Data payload_bytes=981
2026-09-26T01:47:39.046046Z DEBUG netbaiot_transports::business_rpc::v3: business RPC V3 body entered scheduler stream_id=182 class=Rpc body_bytes=197
2026-09-26T01:47:39.046089Z DEBUG netbaiot_transports::business_rpc::v3: business RPC V3 selected frame stream_id=182 frame_type=Open payload_bytes=158
2026-09-26T01:47:39.046110Z DEBUG netbaiot_transports::business_rpc::v3: business RPC V3 writer completed frame stream_id=182 frame_type=Open payload_bytes=158
2026-09-26T01:47:39.046122Z DEBUG netbaiot_transports::business_rpc::v3: business RPC V3 selected frame stream_id=182 frame_type=Data payload_bytes=197
2026-09-26T01:47:39.046137Z DEBUG netbaiot_transports::business_rpc::v3: business RPC V3 writer completed frame stream_id=182 frame_type=Data payload_bytes=197
2026-09-26T01:47:39.064669Z DEBUG netbaiot_transports::business_rpc::v3: business RPC V3 received frame stream_id=0 frame_type=WindowUpdate payload_bytes=4
2026-09-26T01:47:39.064707Z DEBUG netbaiot_transports::business_rpc::v3: business RPC V3 received frame stream_id=162 frame_type=WindowUpdate payload_bytes=4
2026-09-26T01:47:39.064718Z DEBUG netbaiot_transports::business_rpc::v3: business RPC V3 received frame stream_id=0 frame_type=WindowUpdate payload_bytes=4
2026-09-26T01:47:39.064727Z DEBUG netbaiot_transports::business_rpc::v3: business RPC V3 received frame stream_id=0 frame_type=WindowUpdate payload_bytes=4
2026-09-26T01:47:39.064737Z DEBUG netbaiot_transports::business_rpc::v3: business RPC V3 received frame stream_id=0 frame_type=WindowUpdate payload_bytes=4
2026-09-26T01:47:39.064743Z DEBUG netbaiot_transports::business_rpc::v3: business RPC V3 received frame stream_id=0 frame_type=WindowUpdate payload_bytes=4
2026-09-26T01:47:39.064788Z DEBUG netbaiot_transports::business_rpc::v3: business RPC V3 received frame stream_id=0 frame_type=WindowUpdate payload_bytes=4
2026-09-26T01:47:39.064797Z DEBUG netbaiot_transports::business_rpc::v3: business RPC V3 received frame stream_id=0 frame_type=WindowUpdate payload_bytes=4
2026-09-26T01:47:39.064806Z DEBUG netbaiot_transports::business_rpc::v3: business RPC V3 received frame stream_id=0 frame_type=WindowUpdate payload_bytes=4
2026-09-26T01:47:39.064813Z DEBUG netbaiot_transports::business_rpc::v3: business RPC V3 received frame stream_id=0 frame_type=WindowUpdate payload_bytes=4
2026-09-26T01:47:39.064821Z DEBUG netbaiot_transports::business_rpc::v3: business RPC V3 received frame stream_id=178 frame_type=Response payload_bytes=35
2026-09-26T01:47:39.064833Z DEBUG netbaiot_transports::business_rpc::v3: business RPC V3 received frame stream_id=168 frame_type=Response payload_bytes=35
2026-09-26T01:47:39.064842Z DEBUG netbaiot_transports::business_rpc::v3: business RPC V3 received frame stream_id=178 frame_type=Data payload_bytes=215
2026-09-26T01:47:39.064869Z DEBUG netbaiot_transports::business_rpc::v3: business RPC V3 received frame stream_id=168 frame_type=Data payload_bytes=215
2026-09-26T01:47:39.064883Z DEBUG netbaiot_transports::business_rpc::v3: business RPC V3 selected frame stream_id=0 frame_type=WindowUpdate payload_bytes=4
2026-09-26T01:47:39.064885Z DEBUG netbaiot_transports::business_rpc::v3: business RPC V3 received frame stream_id=174 frame_type=Response payload_bytes=35
2026-09-26T01:47:39.064925Z DEBUG netbaiot_transports::business_rpc::v3: business RPC V3 received frame stream_id=172 frame_type=Response payload_bytes=35
2026-09-26T01:47:39.064936Z DEBUG netbaiot_transports::business_rpc::v3: business RPC V3 received frame stream_id=174 frame_type=Data payload_bytes=215
2026-09-26T01:47:39.064914Z DEBUG netbaiot_transports::business_rpc::v3: business RPC V3 writer completed frame stream_id=0 frame_type=WindowUpdate payload_bytes=4
2026-09-26T01:47:39.064971Z DEBUG netbaiot_transports::business_rpc::v3: business RPC V3 selected frame stream_id=0 frame_type=WindowUpdate payload_bytes=4
2026-09-26T01:47:39.064956Z DEBUG netbaiot_transports::business_rpc::v3: business RPC V3 received frame stream_id=164 frame_type=Response payload_bytes=35
2026-09-26T01:47:39.064992Z DEBUG netbaiot_transports::business_rpc::v3: business RPC V3 writer completed frame stream_id=0 frame_type=WindowUpdate payload_bytes=4
2026-09-26T01:47:39.065001Z DEBUG netbaiot_transports::business_rpc::v3: business RPC V3 received frame stream_id=172 frame_type=Data payload_bytes=215
2026-09-26T01:47:39.065012Z DEBUG netbaiot_transports::business_rpc::v3: business RPC V3 selected frame stream_id=0 frame_type=WindowUpdate payload_bytes=4
2026-09-26T01:47:39.065036Z DEBUG netbaiot_transports::business_rpc::v3: business RPC V3 received frame stream_id=164 frame_type=Data payload_bytes=215
2026-09-26T01:47:39.065051Z DEBUG netbaiot_transports::business_rpc::v3: business RPC V3 writer completed frame stream_id=0 frame_type=WindowUpdate payload_bytes=4
2026-09-26T01:47:39.065083Z DEBUG netbaiot_transports::business_rpc::v3: business RPC V3 selected frame stream_id=0 frame_type=WindowUpdate payload_bytes=4
2026-09-26T01:47:39.065098Z DEBUG netbaiot_transports::business_rpc::v3: business RPC V3 writer completed frame stream_id=0 frame_type=WindowUpdate payload_bytes=4
2026-09-26T01:47:39.065111Z DEBUG netbaiot_transports::business_rpc::v3: business RPC V3 selected frame stream_id=0 frame_type=WindowUpdate payload_bytes=4
2026-09-26T01:47:39.065124Z DEBUG netbaiot_transports::business_rpc::v3: business RPC V3 writer completed frame stream_id=0 frame_type=WindowUpdate payload_bytes=4
2026-09-26T01:47:39.065070Z DEBUG netbaiot_transports::business_rpc::v3: business RPC V3 received frame stream_id=166 frame_type=Response payload_bytes=35
2026-09-26T01:47:39.065158Z DEBUG netbaiot_transports::business_rpc::v3: business RPC V3 received frame stream_id=170 frame_type=Response payload_bytes=35
2026-09-26T01:47:39.065203Z DEBUG netbaiot_transports::business_rpc::v3: business RPC V3 received frame stream_id=176 frame_type=Response payload_bytes=35
2026-09-26T01:47:39.065213Z DEBUG netbaiot_transports::business_rpc::v3: business RPC V3 received frame stream_id=166 frame_type=Data payload_bytes=215
2026-09-26T01:47:39.065233Z DEBUG netbaiot_transports::business_rpc::v3: business RPC V3 received frame stream_id=170 frame_type=Data payload_bytes=215
2026-09-26T01:47:39.065236Z DEBUG netbaiot_transports::business_rpc::v3: business RPC V3 selected frame stream_id=0 frame_type=WindowUpdate payload_bytes=4
2026-09-26T01:47:39.065254Z DEBUG netbaiot_transports::business_rpc::v3: business RPC V3 received frame stream_id=176 frame_type=Data payload_bytes=215
2026-09-26T01:47:39.065270Z DEBUG netbaiot_transports::business_rpc::v3: business RPC V3 writer completed frame stream_id=0 frame_type=WindowUpdate payload_bytes=4
2026-09-26T01:47:39.065308Z DEBUG netbaiot_transports::business_rpc::v3: business RPC V3 selected frame stream_id=0 frame_type=WindowUpdate payload_bytes=4
2026-09-26T01:47:39.065322Z DEBUG netbaiot_transports::business_rpc::v3: business RPC V3 writer completed frame stream_id=0 frame_type=WindowUpdate payload_bytes=4
2026-09-26T01:47:39.065334Z DEBUG netbaiot_transports::business_rpc::v3: business RPC V3 selected frame stream_id=0 frame_type=WindowUpdate payload_bytes=4
2026-09-26T01:47:39.065347Z DEBUG netbaiot_transports::business_rpc::v3: business RPC V3 writer completed frame stream_id=0 frame_type=WindowUpdate payload_bytes=4
2026-09-26T01:47:39.143382Z DEBUG netbaiot_transports::business_rpc::v3: business RPC V3 received frame stream_id=0 frame_type=WindowUpdate payload_bytes=4
2026-09-26T01:47:39.156554Z DEBUG netbaiot_transports::business_rpc::v3: business RPC V3 received frame stream_id=0 frame_type=WindowUpdate payload_bytes=4
2026-09-26T01:47:39.156611Z DEBUG netbaiot_transports::business_rpc::v3: business RPC V3 received frame stream_id=0 frame_type=WindowUpdate payload_bytes=4
2026-09-26T01:47:39.156621Z DEBUG netbaiot_transports::business_rpc::v3: business RPC V3 received frame stream_id=182 frame_type=Response payload_bytes=35
2026-09-26T01:47:39.156634Z DEBUG netbaiot_transports::business_rpc::v3: business RPC V3 received frame stream_id=182 frame_type=Data payload_bytes=215
2026-09-26T01:47:39.156673Z DEBUG netbaiot_transports::business_rpc::v3: business RPC V3 received frame stream_id=180 frame_type=Response payload_bytes=35
2026-09-26T01:47:39.156685Z DEBUG netbaiot_transports::business_rpc::v3: business RPC V3 received frame stream_id=180 frame_type=Data payload_bytes=215
2026-09-26T01:47:39.156690Z DEBUG netbaiot_transports::business_rpc::v3: business RPC V3 selected frame stream_id=0 frame_type=WindowUpdate payload_bytes=4
2026-09-26T01:47:39.156700Z DEBUG netbaiot_transports::business_rpc::v3: business RPC V3 received frame stream_id=162 frame_type=Response payload_bytes=35
2026-09-26T01:47:39.156737Z DEBUG netbaiot_transports::business_rpc::v3: business RPC V3 received frame stream_id=162 frame_type=Data payload_bytes=118
2026-09-26T01:47:39.156750Z DEBUG netbaiot_transports::business_rpc::v3: business RPC V3 Event delivery acknowledged stream_id=162 completion_us=302725
2026-09-26T01:47:39.156763Z DEBUG netbaiot_transports::business_rpc::v3: business RPC V3 received frame stream_id=0 frame_type=Ping payload_bytes=8
2026-09-26T01:47:39.156764Z DEBUG netbaiot_transports::business_rpc::v3: business RPC V3 writer completed frame stream_id=0 frame_type=WindowUpdate payload_bytes=4
2026-09-26T01:47:39.156810Z DEBUG netbaiot_transports::business_rpc::v3: business RPC V3 selected frame stream_id=0 frame_type=WindowUpdate payload_bytes=4
2026-09-26T01:47:39.156831Z DEBUG netbaiot_transports::business_rpc::v3: business RPC V3 writer completed frame stream_id=0 frame_type=WindowUpdate payload_bytes=4
2026-09-26T01:47:39.156854Z DEBUG netbaiot_transports::business_rpc::v3: business RPC V3 selected frame stream_id=0 frame_type=WindowUpdate payload_bytes=4
2026-09-26T01:47:39.157039Z DEBUG netbaiot_transports::business_rpc::v3: business RPC V3 writer completed frame stream_id=0 frame_type=WindowUpdate payload_bytes=4
2026-09-26T01:47:39.157055Z DEBUG netbaiot_transports::business_rpc::v3: business RPC V3 selected frame stream_id=0 frame_type=Pong payload_bytes=8
2026-09-26T01:47:39.157066Z DEBUG netbaiot_transports::business_rpc::v3: business RPC V3 writer completed frame stream_id=0 frame_type=Pong payload_bytes=8
2026-09-26T01:47:39.354261Z DEBUG netbaiot_transports::business_rpc::v3: business RPC V3 body entered scheduler stream_id=184 class=Event body_bytes=17365
2026-09-26T01:47:39.356858Z DEBUG netbaiot_transports::business_rpc::v3: business RPC V3 selected frame stream_id=184 frame_type=Open payload_bytes=184
2026-09-26T01:47:39.357019Z DEBUG netbaiot_transports::business_rpc::v3: business RPC V3 writer completed frame stream_id=184 frame_type=Open payload_bytes=184
2026-09-26T01:47:39.357547Z DEBUG netbaiot_transports::business_rpc::v3: business RPC V3 selected frame stream_id=184 frame_type=Data payload_bytes=8192
2026-09-26T01:47:39.362012Z DEBUG netbaiot_transports::business_rpc::v3: business RPC V3 writer completed frame stream_id=184 frame_type=Data payload_bytes=8192
2026-09-26T01:47:39.362039Z DEBUG netbaiot_transports::business_rpc::v3: business RPC V3 selected frame stream_id=184 frame_type=Data payload_bytes=8192
2026-09-26T01:47:39.362064Z DEBUG netbaiot_transports::business_rpc::v3: business RPC V3 writer completed frame stream_id=184 frame_type=Data payload_bytes=8192
2026-09-26T01:47:39.534901Z DEBUG netbaiot_transports::business_rpc::v3: business RPC V3 received frame stream_id=0 frame_type=WindowUpdate payload_bytes=4
2026-09-26T01:47:39.537014Z DEBUG netbaiot_transports::business_rpc::v3: business RPC V3 received frame stream_id=184 frame_type=WindowUpdate payload_bytes=4
2026-09-26T01:47:39.537045Z DEBUG netbaiot_transports::business_rpc::v3: business RPC V3 selected frame stream_id=184 frame_type=Data payload_bytes=981
2026-09-26T01:47:39.537106Z DEBUG netbaiot_transports::business_rpc::v3: business RPC V3 writer completed frame stream_id=184 frame_type=Data payload_bytes=981
2026-09-26T01:47:39.540933Z DEBUG netbaiot_transports::business_rpc::v3: business RPC V3 body entered scheduler stream_id=186 class=Rpc body_bytes=197
2026-09-26T01:47:39.544811Z DEBUG netbaiot_transports::business_rpc::v3: business RPC V3 selected frame stream_id=186 frame_type=Open payload_bytes=158
2026-09-26T01:47:39.547826Z DEBUG netbaiot_transports::business_rpc::v3: business RPC V3 writer completed frame stream_id=186 frame_type=Open payload_bytes=158
2026-09-26T01:47:39.551903Z DEBUG netbaiot_transports::business_rpc::v3: business RPC V3 selected frame stream_id=186 frame_type=Data payload_bytes=197
2026-09-26T01:47:39.551954Z DEBUG netbaiot_transports::business_rpc::v3: business RPC V3 writer completed frame stream_id=186 frame_type=Data payload_bytes=197
2026-09-26T01:47:39.562165Z DEBUG netbaiot_transports::business_rpc::v3: business RPC V3 received frame stream_id=0 frame_type=WindowUpdate payload_bytes=4
2026-09-26T01:47:39.565864Z DEBUG netbaiot_transports::business_rpc::v3: business RPC V3 received frame stream_id=184 frame_type=WindowUpdate payload_bytes=4
2026-09-26T01:47:39.615401Z DEBUG netbaiot_transports::business_rpc::v3: business RPC V3 body entered scheduler stream_id=188 class=Rpc body_bytes=197
2026-09-26T01:47:39.618767Z DEBUG netbaiot_transports::business_rpc::v3: business RPC V3 selected frame stream_id=188 frame_type=Open payload_bytes=158
2026-09-26T01:47:39.618827Z DEBUG netbaiot_transports::business_rpc::v3: business RPC V3 writer completed frame stream_id=188 frame_type=Open payload_bytes=158
2026-09-26T01:47:39.618859Z DEBUG netbaiot_transports::business_rpc::v3: business RPC V3 selected frame stream_id=188 frame_type=Data payload_bytes=197
2026-09-26T01:47:39.618884Z DEBUG netbaiot_transports::business_rpc::v3: business RPC V3 writer completed frame stream_id=188 frame_type=Data payload_bytes=197
2026-09-26T01:47:39.634049Z DEBUG netbaiot_transports::business_rpc::v3: business RPC V3 body entered scheduler stream_id=190 class=Rpc body_bytes=197
2026-09-26T01:47:39.637044Z DEBUG netbaiot_transports::business_rpc::v3: business RPC V3 selected frame stream_id=190 frame_type=Open payload_bytes=158
2026-09-26T01:47:39.637072Z DEBUG netbaiot_transports::business_rpc::v3: business RPC V3 writer completed frame stream_id=190 frame_type=Open payload_bytes=158
2026-09-26T01:47:39.637082Z DEBUG netbaiot_transports::business_rpc::v3: business RPC V3 selected frame stream_id=190 frame_type=Data payload_bytes=197
2026-09-26T01:47:39.637089Z DEBUG netbaiot_transports::business_rpc::v3: business RPC V3 writer completed frame stream_id=190 frame_type=Data payload_bytes=197
2026-09-26T01:47:39.650000Z DEBUG netbaiot_transports::business_rpc::v3: business RPC V3 received frame stream_id=0 frame_type=WindowUpdate payload_bytes=4
2026-09-26T01:47:39.652860Z DEBUG netbaiot_transports::business_rpc::v3: business RPC V3 received frame stream_id=0 frame_type=WindowUpdate payload_bytes=4
2026-09-26T01:47:39.655768Z DEBUG netbaiot_transports::business_rpc::v3: business RPC V3 received frame stream_id=186 frame_type=Response payload_bytes=35
2026-09-26T01:47:39.655781Z DEBUG netbaiot_transports::business_rpc::v3: business RPC V3 received frame stream_id=186 frame_type=Data payload_bytes=215
2026-09-26T01:47:39.655812Z DEBUG netbaiot_transports::business_rpc::v3: business RPC V3 received frame stream_id=184 frame_type=Response payload_bytes=35
2026-09-26T01:47:39.655819Z DEBUG netbaiot_transports::business_rpc::v3: business RPC V3 received frame stream_id=184 frame_type=Data payload_bytes=118
2026-09-26T01:47:39.655825Z DEBUG netbaiot_transports::business_rpc::v3: business RPC V3 Event delivery acknowledged stream_id=184 completion_us=301579
2026-09-26T01:47:39.655831Z DEBUG netbaiot_transports::business_rpc::v3: business RPC V3 selected frame stream_id=0 frame_type=WindowUpdate payload_bytes=4
2026-09-26T01:47:39.655893Z DEBUG netbaiot_transports::business_rpc::v3: business RPC V3 writer completed frame stream_id=0 frame_type=WindowUpdate payload_bytes=4
2026-09-26T01:47:39.655921Z DEBUG netbaiot_transports::business_rpc::v3: business RPC V3 selected frame stream_id=0 frame_type=WindowUpdate payload_bytes=4
2026-09-26T01:47:39.655939Z DEBUG netbaiot_transports::business_rpc::v3: business RPC V3 writer completed frame stream_id=0 frame_type=WindowUpdate payload_bytes=4
2026-09-26T01:47:39.656181Z DEBUG netbaiot_transports::business_rpc::v3: business RPC V3 body entered scheduler stream_id=192 class=Rpc body_bytes=198
2026-09-26T01:47:39.659570Z DEBUG netbaiot_transports::business_rpc::v3: business RPC V3 selected frame stream_id=192 frame_type=Open payload_bytes=158
2026-09-26T01:47:39.660027Z DEBUG netbaiot_transports::business_rpc::v3: business RPC V3 writer completed frame stream_id=192 frame_type=Open payload_bytes=158
2026-09-26T01:47:39.660061Z DEBUG netbaiot_transports::business_rpc::v3: business RPC V3 selected frame stream_id=192 frame_type=Data payload_bytes=198
2026-09-26T01:47:39.663926Z DEBUG netbaiot_transports::business_rpc::v3: business RPC V3 writer completed frame stream_id=192 frame_type=Data payload_bytes=198
2026-09-26T01:47:39.697516Z DEBUG netbaiot_transports::business_rpc::v3: business RPC V3 body entered scheduler stream_id=194 class=Rpc body_bytes=197
2026-09-26T01:47:39.699852Z DEBUG netbaiot_transports::business_rpc::v3: business RPC V3 selected frame stream_id=194 frame_type=Open payload_bytes=158
2026-09-26T01:47:39.699865Z DEBUG netbaiot_transports::business_rpc::v3: business RPC V3 writer completed frame stream_id=194 frame_type=Open payload_bytes=158
2026-09-26T01:47:39.699871Z DEBUG netbaiot_transports::business_rpc::v3: business RPC V3 selected frame stream_id=194 frame_type=Data payload_bytes=197
2026-09-26T01:47:39.699876Z DEBUG netbaiot_transports::business_rpc::v3: business RPC V3 writer completed frame stream_id=194 frame_type=Data payload_bytes=197
2026-09-26T01:47:39.719040Z DEBUG netbaiot_transports::business_rpc::v3: business RPC V3 body entered scheduler stream_id=196 class=Rpc body_bytes=197
2026-09-26T01:47:39.721936Z DEBUG netbaiot_transports::business_rpc::v3: business RPC V3 selected frame stream_id=196 frame_type=Open payload_bytes=158
2026-09-26T01:47:39.721976Z DEBUG netbaiot_transports::business_rpc::v3: business RPC V3 writer completed frame stream_id=196 frame_type=Open payload_bytes=158
2026-09-26T01:47:39.725790Z DEBUG netbaiot_transports::business_rpc::v3: business RPC V3 selected frame stream_id=196 frame_type=Data payload_bytes=197
2026-09-26T01:47:39.725805Z DEBUG netbaiot_transports::business_rpc::v3: business RPC V3 writer completed frame stream_id=196 frame_type=Data payload_bytes=197
2026-09-26T01:47:39.733943Z DEBUG netbaiot_transports::business_rpc::v3: business RPC V3 received frame stream_id=0 frame_type=WindowUpdate payload_bytes=4
2026-09-26T01:47:39.740724Z DEBUG netbaiot_transports::business_rpc::v3: business RPC V3 received frame stream_id=0 frame_type=WindowUpdate payload_bytes=4
2026-09-26T01:47:39.740760Z DEBUG netbaiot_transports::business_rpc::v3: business RPC V3 received frame stream_id=190 frame_type=Response payload_bytes=35
2026-09-26T01:47:39.740782Z DEBUG netbaiot_transports::business_rpc::v3: business RPC V3 received frame stream_id=190 frame_type=Data payload_bytes=215
2026-09-26T01:47:39.740833Z DEBUG netbaiot_transports::business_rpc::v3: business RPC V3 received frame stream_id=188 frame_type=Response payload_bytes=35
2026-09-26T01:47:39.740839Z DEBUG netbaiot_transports::business_rpc::v3: business RPC V3 selected frame stream_id=0 frame_type=WindowUpdate payload_bytes=4
2026-09-26T01:47:39.746834Z DEBUG netbaiot_transports::business_rpc::v3: business RPC V3 received frame stream_id=188 frame_type=Data payload_bytes=215
2026-09-26T01:47:39.746876Z DEBUG netbaiot_transports::business_rpc::v3: business RPC V3 writer completed frame stream_id=0 frame_type=WindowUpdate payload_bytes=4
2026-09-26T01:47:39.746896Z DEBUG netbaiot_transports::business_rpc::v3: business RPC V3 selected frame stream_id=0 frame_type=WindowUpdate payload_bytes=4
2026-09-26T01:47:39.746912Z DEBUG netbaiot_transports::business_rpc::v3: business RPC V3 writer completed frame stream_id=0 frame_type=WindowUpdate payload_bytes=4
2026-09-26T01:47:39.750868Z DEBUG netbaiot_transports::business_rpc::v3: business RPC V3 body entered scheduler stream_id=198 class=Rpc body_bytes=198
2026-09-26T01:47:39.750897Z DEBUG netbaiot_transports::business_rpc::v3: business RPC V3 body entered scheduler stream_id=200 class=Rpc body_bytes=198
2026-09-26T01:47:39.750913Z DEBUG netbaiot_transports::business_rpc::v3: business RPC V3 selected frame stream_id=198 frame_type=Open payload_bytes=158
2026-09-26T01:47:39.750971Z DEBUG netbaiot_transports::business_rpc::v3: business RPC V3 writer completed frame stream_id=198 frame_type=Open payload_bytes=158
2026-09-26T01:47:39.754767Z DEBUG netbaiot_transports::business_rpc::v3: business RPC V3 selected frame stream_id=200 frame_type=Open payload_bytes=158
2026-09-26T01:47:39.754802Z DEBUG netbaiot_transports::business_rpc::v3: business RPC V3 writer completed frame stream_id=200 frame_type=Open payload_bytes=158
2026-09-26T01:47:39.754820Z DEBUG netbaiot_transports::business_rpc::v3: business RPC V3 selected frame stream_id=198 frame_type=Data payload_bytes=198
2026-09-26T01:47:39.754846Z DEBUG netbaiot_transports::business_rpc::v3: business RPC V3 writer completed frame stream_id=198 frame_type=Data payload_bytes=198
2026-09-26T01:47:39.758802Z DEBUG netbaiot_transports::business_rpc::v3: business RPC V3 selected frame stream_id=200 frame_type=Data payload_bytes=198
2026-09-26T01:47:39.758814Z DEBUG netbaiot_transports::business_rpc::v3: business RPC V3 writer completed frame stream_id=200 frame_type=Data payload_bytes=198
2026-09-26T01:47:39.769012Z DEBUG netbaiot_transports::business_rpc::v3: business RPC V3 received frame stream_id=0 frame_type=WindowUpdate payload_bytes=4
2026-09-26T01:47:39.770864Z DEBUG netbaiot_transports::business_rpc::v3: business RPC V3 received frame stream_id=192 frame_type=Response payload_bytes=35
2026-09-26T01:47:39.770920Z DEBUG netbaiot_transports::business_rpc::v3: business RPC V3 received frame stream_id=192 frame_type=Data payload_bytes=216
2026-09-26T01:47:39.770958Z DEBUG netbaiot_transports::business_rpc::v3: business RPC V3 selected frame stream_id=0 frame_type=WindowUpdate payload_bytes=4
2026-09-26T01:47:39.774779Z DEBUG netbaiot_transports::business_rpc::v3: business RPC V3 writer completed frame stream_id=0 frame_type=WindowUpdate payload_bytes=4
2026-09-26T01:47:39.774789Z DEBUG netbaiot_transports::business_rpc::v3: business RPC V3 body entered scheduler stream_id=202 class=Rpc body_bytes=198
2026-09-26T01:47:39.774794Z DEBUG netbaiot_transports::business_rpc::v3: business RPC V3 selected frame stream_id=202 frame_type=Open payload_bytes=158
2026-09-26T01:47:39.774801Z DEBUG netbaiot_transports::business_rpc::v3: business RPC V3 writer completed frame stream_id=202 frame_type=Open payload_bytes=158
2026-09-26T01:47:39.774806Z DEBUG netbaiot_transports::business_rpc::v3: business RPC V3 selected frame stream_id=202 frame_type=Data payload_bytes=198
2026-09-26T01:47:39.774810Z DEBUG netbaiot_transports::business_rpc::v3: business RPC V3 writer completed frame stream_id=202 frame_type=Data payload_bytes=198
2026-09-26T01:47:39.786980Z DEBUG netbaiot_transports::business_rpc::v3: business RPC V3 body entered scheduler stream_id=204 class=Rpc body_bytes=197
2026-09-26T01:47:39.789904Z DEBUG netbaiot_transports::business_rpc::v3: business RPC V3 selected frame stream_id=204 frame_type=Open payload_bytes=158
2026-09-26T01:47:39.789929Z DEBUG netbaiot_transports::business_rpc::v3: business RPC V3 writer completed frame stream_id=204 frame_type=Open payload_bytes=158
2026-09-26T01:47:39.789935Z DEBUG netbaiot_transports::business_rpc::v3: business RPC V3 selected frame stream_id=204 frame_type=Data payload_bytes=197
2026-09-26T01:47:39.793869Z DEBUG netbaiot_transports::business_rpc::v3: business RPC V3 writer completed frame stream_id=204 frame_type=Data payload_bytes=197
2026-09-26T01:47:39.794725Z DEBUG netbaiot_transports::business_rpc::v3: business RPC V3 body entered scheduler stream_id=206 class=Rpc body_bytes=198
2026-09-26T01:47:39.797636Z DEBUG netbaiot_transports::business_rpc::v3: business RPC V3 selected frame stream_id=206 frame_type=Open payload_bytes=158
2026-09-26T01:47:39.797660Z DEBUG netbaiot_transports::business_rpc::v3: business RPC V3 writer completed frame stream_id=206 frame_type=Open payload_bytes=158
2026-09-26T01:47:39.797692Z DEBUG netbaiot_transports::business_rpc::v3: business RPC V3 selected frame stream_id=206 frame_type=Data payload_bytes=198
2026-09-26T01:47:39.797704Z DEBUG netbaiot_transports::business_rpc::v3: business RPC V3 writer completed frame stream_id=206 frame_type=Data payload_bytes=198
2026-09-26T01:47:39.797724Z DEBUG netbaiot_transports::business_rpc::v3: business RPC V3 received frame stream_id=0 frame_type=WindowUpdate payload_bytes=4
2026-09-26T01:47:39.798085Z DEBUG netbaiot_transports::business_rpc::v3: business RPC V3 received frame stream_id=194 frame_type=Response payload_bytes=35
2026-09-26T01:47:39.801971Z DEBUG netbaiot_transports::business_rpc::v3: business RPC V3 received frame stream_id=194 frame_type=Data payload_bytes=215
2026-09-26T01:47:39.802062Z DEBUG netbaiot_transports::business_rpc::v3: business RPC V3 selected frame stream_id=0 frame_type=WindowUpdate payload_bytes=4
2026-09-26T01:47:39.804747Z DEBUG netbaiot_transports::business_rpc::v3: business RPC V3 writer completed frame stream_id=0 frame_type=WindowUpdate payload_bytes=4
2026-09-26T01:47:39.804759Z DEBUG netbaiot_transports::business_rpc::v3: business RPC V3 body entered scheduler stream_id=208 class=Rpc body_bytes=198
2026-09-26T01:47:39.804769Z DEBUG netbaiot_transports::business_rpc::v3: business RPC V3 selected frame stream_id=208 frame_type=Open payload_bytes=158
2026-09-26T01:47:39.804782Z DEBUG netbaiot_transports::business_rpc::v3: business RPC V3 writer completed frame stream_id=208 frame_type=Open payload_bytes=158
2026-09-26T01:47:39.804834Z DEBUG netbaiot_transports::business_rpc::v3: business RPC V3 selected frame stream_id=208 frame_type=Data payload_bytes=198
2026-09-26T01:47:39.804842Z DEBUG netbaiot_transports::business_rpc::v3: business RPC V3 writer completed frame stream_id=208 frame_type=Data payload_bytes=198
2026-09-26T01:47:39.823986Z DEBUG netbaiot_transports::business_rpc::v3: business RPC V3 received frame stream_id=0 frame_type=WindowUpdate payload_bytes=4
2026-09-26T01:47:39.826176Z DEBUG netbaiot_transports::business_rpc::v3: business RPC V3 received frame stream_id=196 frame_type=Response payload_bytes=35
2026-09-26T01:47:39.826188Z DEBUG netbaiot_transports::business_rpc::v3: business RPC V3 received frame stream_id=196 frame_type=Data payload_bytes=215
2026-09-26T01:47:39.826231Z DEBUG netbaiot_transports::business_rpc::v3: business RPC V3 selected frame stream_id=0 frame_type=WindowUpdate payload_bytes=4
2026-09-26T01:47:39.826247Z DEBUG netbaiot_transports::business_rpc::v3: business RPC V3 writer completed frame stream_id=0 frame_type=WindowUpdate payload_bytes=4
2026-09-26T01:47:39.826500Z DEBUG netbaiot_transports::business_rpc::v3: business RPC V3 body entered scheduler stream_id=210 class=Rpc body_bytes=198
2026-09-26T01:47:39.826650Z DEBUG netbaiot_transports::business_rpc::v3: business RPC V3 selected frame stream_id=210 frame_type=Open payload_bytes=158
2026-09-26T01:47:39.826657Z DEBUG netbaiot_transports::business_rpc::v3: business RPC V3 writer completed frame stream_id=210 frame_type=Open payload_bytes=158
2026-09-26T01:47:39.826661Z DEBUG netbaiot_transports::business_rpc::v3: business RPC V3 selected frame stream_id=210 frame_type=Data payload_bytes=198
2026-09-26T01:47:39.826666Z DEBUG netbaiot_transports::business_rpc::v3: business RPC V3 writer completed frame stream_id=210 frame_type=Data payload_bytes=198
2026-09-26T01:47:39.853433Z DEBUG netbaiot_transports::business_rpc::v3: business RPC V3 received frame stream_id=0 frame_type=WindowUpdate payload_bytes=4
2026-09-26T01:47:39.853456Z DEBUG netbaiot_transports::business_rpc::v3: business RPC V3 received frame stream_id=0 frame_type=WindowUpdate payload_bytes=4
2026-09-26T01:47:39.853470Z DEBUG netbaiot_transports::business_rpc::v3: business RPC V3 received frame stream_id=200 frame_type=Response payload_bytes=35
2026-09-26T01:47:39.853494Z DEBUG netbaiot_transports::business_rpc::v3: business RPC V3 received frame stream_id=200 frame_type=Data payload_bytes=216
2026-09-26T01:47:39.853518Z DEBUG netbaiot_transports::business_rpc::v3: business RPC V3 received frame stream_id=198 frame_type=Response payload_bytes=35
2026-09-26T01:47:39.853524Z DEBUG netbaiot_transports::business_rpc::v3: business RPC V3 selected frame stream_id=0 frame_type=WindowUpdate payload_bytes=4
2026-09-26T01:47:39.853524Z DEBUG netbaiot_transports::business_rpc::v3: business RPC V3 received frame stream_id=198 frame_type=Data payload_bytes=216
2026-09-26T01:47:39.853541Z DEBUG netbaiot_transports::business_rpc::v3: business RPC V3 writer completed frame stream_id=0 frame_type=WindowUpdate payload_bytes=4
2026-09-26T01:47:39.853565Z DEBUG netbaiot_transports::business_rpc::v3: business RPC V3 selected frame stream_id=0 frame_type=WindowUpdate payload_bytes=4
2026-09-26T01:47:39.853571Z DEBUG netbaiot_transports::business_rpc::v3: business RPC V3 writer completed frame stream_id=0 frame_type=WindowUpdate payload_bytes=4
2026-09-26T01:47:39.853951Z DEBUG netbaiot_transports::business_rpc::v3: business RPC V3 body entered scheduler stream_id=212 class=Event body_bytes=17365
2026-09-26T01:47:39.853958Z DEBUG netbaiot_transports::business_rpc::v3: business RPC V3 selected frame stream_id=212 frame_type=Open payload_bytes=184
2026-09-26T01:47:39.853967Z DEBUG netbaiot_transports::business_rpc::v3: business RPC V3 writer completed frame stream_id=212 frame_type=Open payload_bytes=184
2026-09-26T01:47:39.853974Z DEBUG netbaiot_transports::business_rpc::v3: business RPC V3 selected frame stream_id=212 frame_type=Data payload_bytes=8192
2026-09-26T01:47:39.854023Z DEBUG netbaiot_transports::business_rpc::v3: business RPC V3 writer completed frame stream_id=212 frame_type=Data payload_bytes=8192
2026-09-26T01:47:39.854029Z DEBUG netbaiot_transports::business_rpc::v3: business RPC V3 body entered scheduler stream_id=214 class=Rpc body_bytes=198
2026-09-26T01:47:39.854034Z DEBUG netbaiot_transports::business_rpc::v3: business RPC V3 body entered scheduler stream_id=216 class=Rpc body_bytes=198
2026-09-26T01:47:39.854039Z DEBUG netbaiot_transports::business_rpc::v3: business RPC V3 selected frame stream_id=214 frame_type=Open payload_bytes=158
2026-09-26T01:47:39.854047Z DEBUG netbaiot_transports::business_rpc::v3: business RPC V3 writer completed frame stream_id=214 frame_type=Open payload_bytes=158
2026-09-26T01:47:39.854051Z DEBUG netbaiot_transports::business_rpc::v3: business RPC V3 selected frame stream_id=216 frame_type=Open payload_bytes=158
2026-09-26T01:47:39.854057Z DEBUG netbaiot_transports::business_rpc::v3: business RPC V3 writer completed frame stream_id=216 frame_type=Open payload_bytes=158
2026-09-26T01:47:39.854062Z DEBUG netbaiot_transports::business_rpc::v3: business RPC V3 selected frame stream_id=214 frame_type=Data payload_bytes=198
2026-09-26T01:47:39.854066Z DEBUG netbaiot_transports::business_rpc::v3: business RPC V3 writer completed frame stream_id=214 frame_type=Data payload_bytes=198
2026-09-26T01:47:39.854070Z DEBUG netbaiot_transports::business_rpc::v3: business RPC V3 selected frame stream_id=216 frame_type=Data payload_bytes=198
2026-09-26T01:47:39.854076Z DEBUG netbaiot_transports::business_rpc::v3: business RPC V3 writer completed frame stream_id=216 frame_type=Data payload_bytes=198
2026-09-26T01:47:39.854080Z DEBUG netbaiot_transports::business_rpc::v3: business RPC V3 selected frame stream_id=212 frame_type=Data payload_bytes=8192
2026-09-26T01:47:39.854085Z DEBUG netbaiot_transports::business_rpc::v3: business RPC V3 writer completed frame stream_id=212 frame_type=Data payload_bytes=8192
2026-09-26T01:47:39.875034Z DEBUG netbaiot_transports::business_rpc::v3: business RPC V3 body entered scheduler stream_id=218 class=Rpc body_bytes=197
2026-09-26T01:47:39.875045Z DEBUG netbaiot_transports::business_rpc::v3: business RPC V3 selected frame stream_id=218 frame_type=Open payload_bytes=158
2026-09-26T01:47:39.875055Z DEBUG netbaiot_transports::business_rpc::v3: business RPC V3 writer completed frame stream_id=218 frame_type=Open payload_bytes=158
2026-09-26T01:47:39.875060Z DEBUG netbaiot_transports::business_rpc::v3: business RPC V3 selected frame stream_id=218 frame_type=Data payload_bytes=197
2026-09-26T01:47:39.875065Z DEBUG netbaiot_transports::business_rpc::v3: business RPC V3 writer completed frame stream_id=218 frame_type=Data payload_bytes=197
2026-09-26T01:47:39.883677Z DEBUG netbaiot_transports::business_rpc::v3: business RPC V3 received frame stream_id=0 frame_type=WindowUpdate payload_bytes=4
2026-09-26T01:47:39.883690Z DEBUG netbaiot_transports::business_rpc::v3: business RPC V3 received frame stream_id=0 frame_type=WindowUpdate payload_bytes=4
2026-09-26T01:47:39.883695Z DEBUG netbaiot_transports::business_rpc::v3: business RPC V3 received frame stream_id=0 frame_type=WindowUpdate payload_bytes=4
2026-09-26T01:47:39.883699Z DEBUG netbaiot_transports::business_rpc::v3: business RPC V3 received frame stream_id=202 frame_type=Response payload_bytes=35
2026-09-26T01:47:39.883705Z DEBUG netbaiot_transports::business_rpc::v3: business RPC V3 received frame stream_id=202 frame_type=Data payload_bytes=216
2026-09-26T01:47:39.883726Z DEBUG netbaiot_transports::business_rpc::v3: business RPC V3 received frame stream_id=206 frame_type=Response payload_bytes=35
2026-09-26T01:47:39.883731Z DEBUG netbaiot_transports::business_rpc::v3: business RPC V3 received frame stream_id=204 frame_type=Response payload_bytes=35
2026-09-26T01:47:39.883734Z DEBUG netbaiot_transports::business_rpc::v3: business RPC V3 selected frame stream_id=0 frame_type=WindowUpdate payload_bytes=4
2026-09-26T01:47:39.883736Z DEBUG netbaiot_transports::business_rpc::v3: business RPC V3 received frame stream_id=206 frame_type=Data payload_bytes=216
2026-09-26T01:47:39.883750Z DEBUG netbaiot_transports::business_rpc::v3: business RPC V3 writer completed frame stream_id=0 frame_type=WindowUpdate payload_bytes=4
2026-09-26T01:47:39.883777Z DEBUG netbaiot_transports::business_rpc::v3: business RPC V3 received frame stream_id=204 frame_type=Data payload_bytes=215
2026-09-26T01:47:39.883787Z DEBUG netbaiot_transports::business_rpc::v3: business RPC V3 selected frame stream_id=0 frame_type=WindowUpdate payload_bytes=4
2026-09-26T01:47:39.883826Z DEBUG netbaiot_transports::business_rpc::v3: business RPC V3 writer completed frame stream_id=0 frame_type=WindowUpdate payload_bytes=4
2026-09-26T01:47:39.883831Z DEBUG netbaiot_transports::business_rpc::v3: business RPC V3 selected frame stream_id=0 frame_type=WindowUpdate payload_bytes=4
2026-09-26T01:47:39.883836Z DEBUG netbaiot_transports::business_rpc::v3: business RPC V3 writer completed frame stream_id=0 frame_type=WindowUpdate payload_bytes=4
2026-09-26T01:47:39.884108Z DEBUG netbaiot_transports::business_rpc::v3: business RPC V3 body entered scheduler stream_id=220 class=Rpc body_bytes=198
2026-09-26T01:47:39.884115Z DEBUG netbaiot_transports::business_rpc::v3: business RPC V3 selected frame stream_id=220 frame_type=Open payload_bytes=158
2026-09-26T01:47:39.884123Z DEBUG netbaiot_transports::business_rpc::v3: business RPC V3 writer completed frame stream_id=220 frame_type=Open payload_bytes=158
2026-09-26T01:47:39.884127Z DEBUG netbaiot_transports::business_rpc::v3: business RPC V3 body entered scheduler stream_id=222 class=Rpc body_bytes=198
2026-09-26T01:47:39.884131Z DEBUG netbaiot_transports::business_rpc::v3: business RPC V3 selected frame stream_id=220 frame_type=Data payload_bytes=198
2026-09-26T01:47:39.884136Z DEBUG netbaiot_transports::business_rpc::v3: business RPC V3 writer completed frame stream_id=220 frame_type=Data payload_bytes=198
2026-09-26T01:47:39.884140Z DEBUG netbaiot_transports::business_rpc::v3: business RPC V3 body entered scheduler stream_id=224 class=Rpc body_bytes=198
2026-09-26T01:47:39.884144Z DEBUG netbaiot_transports::business_rpc::v3: business RPC V3 selected frame stream_id=222 frame_type=Open payload_bytes=158
2026-09-26T01:47:39.884149Z DEBUG netbaiot_transports::business_rpc::v3: business RPC V3 writer completed frame stream_id=222 frame_type=Open payload_bytes=158
2026-09-26T01:47:39.884153Z DEBUG netbaiot_transports::business_rpc::v3: business RPC V3 selected frame stream_id=224 frame_type=Open payload_bytes=158
2026-09-26T01:47:39.884160Z DEBUG netbaiot_transports::business_rpc::v3: business RPC V3 writer completed frame stream_id=224 frame_type=Open payload_bytes=158
2026-09-26T01:47:39.884164Z DEBUG netbaiot_transports::business_rpc::v3: business RPC V3 selected frame stream_id=222 frame_type=Data payload_bytes=198
2026-09-26T01:47:39.884169Z DEBUG netbaiot_transports::business_rpc::v3: business RPC V3 writer completed frame stream_id=222 frame_type=Data payload_bytes=198
2026-09-26T01:47:39.884173Z DEBUG netbaiot_transports::business_rpc::v3: business RPC V3 selected frame stream_id=224 frame_type=Data payload_bytes=198
2026-09-26T01:47:39.884177Z DEBUG netbaiot_transports::business_rpc::v3: business RPC V3 writer completed frame stream_id=224 frame_type=Data payload_bytes=198
2026-09-26T01:47:39.913047Z DEBUG netbaiot_transports::business_rpc::v3: business RPC V3 received frame stream_id=0 frame_type=WindowUpdate payload_bytes=4
2026-09-26T01:47:39.913067Z DEBUG netbaiot_transports::business_rpc::v3: business RPC V3 received frame stream_id=0 frame_type=WindowUpdate payload_bytes=4
2026-09-26T01:47:39.913072Z DEBUG netbaiot_transports::business_rpc::v3: business RPC V3 received frame stream_id=210 frame_type=Response payload_bytes=35
2026-09-26T01:47:39.913079Z DEBUG netbaiot_transports::business_rpc::v3: business RPC V3 received frame stream_id=210 frame_type=Data payload_bytes=216
2026-09-26T01:47:39.913097Z DEBUG netbaiot_transports::business_rpc::v3: business RPC V3 received frame stream_id=208 frame_type=Response payload_bytes=35
2026-09-26T01:47:39.913135Z DEBUG netbaiot_transports::business_rpc::v3: business RPC V3 received frame stream_id=208 frame_type=Data payload_bytes=216
2026-09-26T01:47:39.913105Z DEBUG netbaiot_transports::business_rpc::v3: business RPC V3 selected frame stream_id=0 frame_type=WindowUpdate payload_bytes=4
2026-09-26T01:47:39.913162Z DEBUG netbaiot_transports::business_rpc::v3: business RPC V3 writer completed frame stream_id=0 frame_type=WindowUpdate payload_bytes=4
2026-09-26T01:47:39.913170Z DEBUG netbaiot_transports::business_rpc::v3: business RPC V3 selected frame stream_id=0 frame_type=WindowUpdate payload_bytes=4
2026-09-26T01:47:39.913180Z DEBUG netbaiot_transports::business_rpc::v3: business RPC V3 writer completed frame stream_id=0 frame_type=WindowUpdate payload_bytes=4
2026-09-26T01:47:39.913476Z DEBUG netbaiot_transports::business_rpc::v3: business RPC V3 body entered scheduler stream_id=226 class=Rpc body_bytes=198
2026-09-26T01:47:39.913482Z DEBUG netbaiot_transports::business_rpc::v3: business RPC V3 selected frame stream_id=226 frame_type=Open payload_bytes=158
2026-09-26T01:47:39.913490Z DEBUG netbaiot_transports::business_rpc::v3: business RPC V3 writer completed frame stream_id=226 frame_type=Open payload_bytes=158
2026-09-26T01:47:39.913494Z DEBUG netbaiot_transports::business_rpc::v3: business RPC V3 body entered scheduler stream_id=228 class=Rpc body_bytes=198
2026-09-26T01:47:39.913498Z DEBUG netbaiot_transports::business_rpc::v3: business RPC V3 selected frame stream_id=228 frame_type=Open payload_bytes=158
2026-09-26T01:47:39.913502Z DEBUG netbaiot_transports::business_rpc::v3: business RPC V3 writer completed frame stream_id=228 frame_type=Open payload_bytes=158
2026-09-26T01:47:39.913506Z DEBUG netbaiot_transports::business_rpc::v3: business RPC V3 selected frame stream_id=226 frame_type=Data payload_bytes=198
2026-09-26T01:47:39.913511Z DEBUG netbaiot_transports::business_rpc::v3: business RPC V3 writer completed frame stream_id=226 frame_type=Data payload_bytes=198
2026-09-26T01:47:39.913515Z DEBUG netbaiot_transports::business_rpc::v3: business RPC V3 selected frame stream_id=228 frame_type=Data payload_bytes=198
2026-09-26T01:47:39.913519Z DEBUG netbaiot_transports::business_rpc::v3: business RPC V3 writer completed frame stream_id=228 frame_type=Data payload_bytes=198
2026-09-26T01:47:40.011650Z DEBUG netbaiot_transports::business_rpc::v3: business RPC V3 received frame stream_id=0 frame_type=WindowUpdate payload_bytes=4
2026-09-26T01:47:40.011696Z DEBUG netbaiot_transports::business_rpc::v3: business RPC V3 received frame stream_id=212 frame_type=WindowUpdate payload_bytes=4
2026-09-26T01:47:40.011710Z DEBUG netbaiot_transports::business_rpc::v3: business RPC V3 received frame stream_id=0 frame_type=WindowUpdate payload_bytes=4
2026-09-26T01:47:40.011722Z DEBUG netbaiot_transports::business_rpc::v3: business RPC V3 received frame stream_id=0 frame_type=WindowUpdate payload_bytes=4
2026-09-26T01:47:40.011731Z DEBUG netbaiot_transports::business_rpc::v3: business RPC V3 received frame stream_id=216 frame_type=Response payload_bytes=35
2026-09-26T01:47:40.011744Z DEBUG netbaiot_transports::business_rpc::v3: business RPC V3 received frame stream_id=216 frame_type=Data payload_bytes=216
2026-09-26T01:47:40.011773Z DEBUG netbaiot_transports::business_rpc::v3: business RPC V3 received frame stream_id=214 frame_type=Response payload_bytes=35
2026-09-26T01:47:40.011786Z DEBUG netbaiot_transports::business_rpc::v3: business RPC V3 received frame stream_id=214 frame_type=Data payload_bytes=216
2026-09-26T01:47:40.011787Z DEBUG netbaiot_transports::business_rpc::v3: business RPC V3 selected frame stream_id=0 frame_type=WindowUpdate payload_bytes=4
2026-09-26T01:47:40.011832Z DEBUG netbaiot_transports::business_rpc::v3: business RPC V3 writer completed frame stream_id=0 frame_type=WindowUpdate payload_bytes=4
2026-09-26T01:47:40.011846Z DEBUG netbaiot_transports::business_rpc::v3: business RPC V3 selected frame stream_id=0 frame_type=WindowUpdate payload_bytes=4
2026-09-26T01:47:40.011894Z DEBUG netbaiot_transports::business_rpc::v3: business RPC V3 writer completed frame stream_id=0 frame_type=WindowUpdate payload_bytes=4
2026-09-26T01:47:40.011907Z DEBUG netbaiot_transports::business_rpc::v3: business RPC V3 selected frame stream_id=212 frame_type=Data payload_bytes=981
2026-09-26T01:47:40.011923Z DEBUG netbaiot_transports::business_rpc::v3: business RPC V3 writer completed frame stream_id=212 frame_type=Data payload_bytes=981
2026-09-26T01:47:40.012239Z DEBUG netbaiot_transports::business_rpc::v3: business RPC V3 body entered scheduler stream_id=230 class=Rpc body_bytes=198
2026-09-26T01:47:40.012262Z DEBUG netbaiot_transports::business_rpc::v3: business RPC V3 body entered scheduler stream_id=232 class=Rpc body_bytes=198
2026-09-26T01:47:40.012271Z DEBUG netbaiot_transports::business_rpc::v3: business RPC V3 selected frame stream_id=230 frame_type=Open payload_bytes=158
2026-09-26T01:47:40.012287Z DEBUG netbaiot_transports::business_rpc::v3: business RPC V3 writer completed frame stream_id=230 frame_type=Open payload_bytes=158
2026-09-26T01:47:40.012299Z DEBUG netbaiot_transports::business_rpc::v3: business RPC V3 selected frame stream_id=232 frame_type=Open payload_bytes=158
2026-09-26T01:47:40.012310Z DEBUG netbaiot_transports::business_rpc::v3: business RPC V3 writer completed frame stream_id=232 frame_type=Open payload_bytes=158
2026-09-26T01:47:40.012322Z DEBUG netbaiot_transports::business_rpc::v3: business RPC V3 selected frame stream_id=230 frame_type=Data payload_bytes=198
2026-09-26T01:47:40.012334Z DEBUG netbaiot_transports::business_rpc::v3: business RPC V3 writer completed frame stream_id=230 frame_type=Data payload_bytes=198
2026-09-26T01:47:40.012345Z DEBUG netbaiot_transports::business_rpc::v3: business RPC V3 selected frame stream_id=232 frame_type=Data payload_bytes=198
2026-09-26T01:47:40.012357Z DEBUG netbaiot_transports::business_rpc::v3: business RPC V3 writer completed frame stream_id=232 frame_type=Data payload_bytes=198
2026-09-26T01:47:40.044748Z DEBUG netbaiot_transports::business_rpc::v3: business RPC V3 received frame stream_id=0 frame_type=WindowUpdate payload_bytes=4
2026-09-26T01:47:40.044853Z DEBUG netbaiot_transports::business_rpc::v3: business RPC V3 received frame stream_id=212 frame_type=WindowUpdate payload_bytes=4
2026-09-26T01:47:40.044866Z DEBUG netbaiot_transports::business_rpc::v3: business RPC V3 received frame stream_id=0 frame_type=WindowUpdate payload_bytes=4
2026-09-26T01:47:40.044872Z DEBUG netbaiot_transports::business_rpc::v3: business RPC V3 received frame stream_id=0 frame_type=WindowUpdate payload_bytes=4
2026-09-26T01:47:40.044879Z DEBUG netbaiot_transports::business_rpc::v3: business RPC V3 received frame stream_id=0 frame_type=WindowUpdate payload_bytes=4
2026-09-26T01:47:40.044886Z DEBUG netbaiot_transports::business_rpc::v3: business RPC V3 received frame stream_id=0 frame_type=WindowUpdate payload_bytes=4
2026-09-26T01:47:40.044893Z DEBUG netbaiot_transports::business_rpc::v3: business RPC V3 received frame stream_id=0 frame_type=WindowUpdate payload_bytes=4
2026-09-26T01:47:40.044900Z DEBUG netbaiot_transports::business_rpc::v3: business RPC V3 received frame stream_id=0 frame_type=WindowUpdate payload_bytes=4
2026-09-26T01:47:40.044907Z DEBUG netbaiot_transports::business_rpc::v3: business RPC V3 received frame stream_id=220 frame_type=Response payload_bytes=35
2026-09-26T01:47:40.044922Z DEBUG netbaiot_transports::business_rpc::v3: business RPC V3 received frame stream_id=220 frame_type=Data payload_bytes=216
2026-09-26T01:47:40.044969Z DEBUG netbaiot_transports::business_rpc::v3: business RPC V3 received frame stream_id=222 frame_type=Response payload_bytes=35
2026-09-26T01:47:40.044981Z DEBUG netbaiot_transports::business_rpc::v3: business RPC V3 received frame stream_id=228 frame_type=Response payload_bytes=35
2026-09-26T01:47:40.044988Z DEBUG netbaiot_transports::business_rpc::v3: business RPC V3 received frame stream_id=224 frame_type=Response payload_bytes=35
2026-09-26T01:47:40.044998Z DEBUG netbaiot_transports::business_rpc::v3: business RPC V3 received frame stream_id=218 frame_type=Response payload_bytes=35
2026-09-26T01:47:40.045056Z DEBUG netbaiot_transports::business_rpc::v3: business RPC V3 received frame stream_id=222 frame_type=Data payload_bytes=216
2026-09-26T01:47:40.044989Z DEBUG netbaiot_transports::business_rpc::v3: business RPC V3 selected frame stream_id=0 frame_type=WindowUpdate payload_bytes=4
2026-09-26T01:47:40.045077Z DEBUG netbaiot_transports::business_rpc::v3: business RPC V3 received frame stream_id=226 frame_type=Response payload_bytes=35
2026-09-26T01:47:40.045106Z DEBUG netbaiot_transports::business_rpc::v3: business RPC V3 writer completed frame stream_id=0 frame_type=WindowUpdate payload_bytes=4
2026-09-26T01:47:40.045125Z DEBUG netbaiot_transports::business_rpc::v3: business RPC V3 selected frame stream_id=0 frame_type=WindowUpdate payload_bytes=4
2026-09-26T01:47:40.045114Z DEBUG netbaiot_transports::business_rpc::v3: business RPC V3 received frame stream_id=228 frame_type=Data payload_bytes=216
2026-09-26T01:47:40.045141Z DEBUG netbaiot_transports::business_rpc::v3: business RPC V3 writer completed frame stream_id=0 frame_type=WindowUpdate payload_bytes=4
2026-09-26T01:47:40.045165Z DEBUG netbaiot_transports::business_rpc::v3: business RPC V3 received frame stream_id=224 frame_type=Data payload_bytes=216
2026-09-26T01:47:40.045166Z DEBUG netbaiot_transports::business_rpc::v3: business RPC V3 selected frame stream_id=0 frame_type=WindowUpdate payload_bytes=4
2026-09-26T01:47:40.045187Z DEBUG netbaiot_transports::business_rpc::v3: business RPC V3 received frame stream_id=218 frame_type=Data payload_bytes=215
2026-09-26T01:47:40.045199Z DEBUG netbaiot_transports::business_rpc::v3: business RPC V3 writer completed frame stream_id=0 frame_type=WindowUpdate payload_bytes=4
2026-09-26T01:47:40.045225Z DEBUG netbaiot_transports::business_rpc::v3: business RPC V3 selected frame stream_id=0 frame_type=WindowUpdate payload_bytes=4
2026-09-26T01:47:40.045241Z DEBUG netbaiot_transports::business_rpc::v3: business RPC V3 writer completed frame stream_id=0 frame_type=WindowUpdate payload_bytes=4
2026-09-26T01:47:40.045251Z DEBUG netbaiot_transports::business_rpc::v3: business RPC V3 selected frame stream_id=0 frame_type=WindowUpdate payload_bytes=4
2026-09-26T01:47:40.045262Z DEBUG netbaiot_transports::business_rpc::v3: business RPC V3 writer completed frame stream_id=0 frame_type=WindowUpdate payload_bytes=4
2026-09-26T01:47:40.045216Z DEBUG netbaiot_transports::business_rpc::v3: business RPC V3 received frame stream_id=226 frame_type=Data payload_bytes=216
2026-09-26T01:47:40.045306Z DEBUG netbaiot_transports::business_rpc::v3: business RPC V3 selected frame stream_id=0 frame_type=WindowUpdate payload_bytes=4
2026-09-26T01:47:40.045334Z DEBUG netbaiot_transports::business_rpc::v3: business RPC V3 writer completed frame stream_id=0 frame_type=WindowUpdate payload_bytes=4
2026-09-26T01:47:40.045825Z DEBUG netbaiot_transports::business_rpc::v3: business RPC V3 body entered scheduler stream_id=234 class=Rpc body_bytes=198
2026-09-26T01:47:40.045885Z DEBUG netbaiot_transports::business_rpc::v3: business RPC V3 body entered scheduler stream_id=236 class=Rpc body_bytes=198
2026-09-26T01:47:40.045894Z DEBUG netbaiot_transports::business_rpc::v3: business RPC V3 body entered scheduler stream_id=238 class=Rpc body_bytes=198
2026-09-26T01:47:40.045902Z DEBUG netbaiot_transports::business_rpc::v3: business RPC V3 body entered scheduler stream_id=240 class=Rpc body_bytes=198
2026-09-26T01:47:40.045910Z DEBUG netbaiot_transports::business_rpc::v3: business RPC V3 body entered scheduler stream_id=242 class=Rpc body_bytes=198
2026-09-26T01:47:40.045917Z DEBUG netbaiot_transports::business_rpc::v3: business RPC V3 selected frame stream_id=234 frame_type=Open payload_bytes=158
2026-09-26T01:47:40.045931Z DEBUG netbaiot_transports::business_rpc::v3: business RPC V3 writer completed frame stream_id=234 frame_type=Open payload_bytes=158
2026-09-26T01:47:40.045940Z DEBUG netbaiot_transports::business_rpc::v3: business RPC V3 body entered scheduler stream_id=244 class=Rpc body_bytes=198
2026-09-26T01:47:40.045990Z DEBUG netbaiot_transports::business_rpc::v3: business RPC V3 selected frame stream_id=236 frame_type=Open payload_bytes=158
2026-09-26T01:47:40.046001Z DEBUG netbaiot_transports::business_rpc::v3: business RPC V3 writer completed frame stream_id=236 frame_type=Open payload_bytes=158
2026-09-26T01:47:40.046009Z DEBUG netbaiot_transports::business_rpc::v3: business RPC V3 selected frame stream_id=238 frame_type=Open payload_bytes=158
2026-09-26T01:47:40.046018Z DEBUG netbaiot_transports::business_rpc::v3: business RPC V3 writer completed frame stream_id=238 frame_type=Open payload_bytes=158
2026-09-26T01:47:40.046025Z DEBUG netbaiot_transports::business_rpc::v3: business RPC V3 selected frame stream_id=234 frame_type=Data payload_bytes=198
2026-09-26T01:47:40.046033Z DEBUG netbaiot_transports::business_rpc::v3: business RPC V3 writer completed frame stream_id=234 frame_type=Data payload_bytes=198
2026-09-26T01:47:40.046043Z DEBUG netbaiot_transports::business_rpc::v3: business RPC V3 selected frame stream_id=240 frame_type=Open payload_bytes=158
2026-09-26T01:47:40.046051Z DEBUG netbaiot_transports::business_rpc::v3: business RPC V3 writer completed frame stream_id=240 frame_type=Open payload_bytes=158
2026-09-26T01:47:40.046057Z DEBUG netbaiot_transports::business_rpc::v3: business RPC V3 selected frame stream_id=242 frame_type=Open payload_bytes=158
2026-09-26T01:47:40.046066Z DEBUG netbaiot_transports::business_rpc::v3: business RPC V3 writer completed frame stream_id=242 frame_type=Open payload_bytes=158
2026-09-26T01:47:40.046073Z DEBUG netbaiot_transports::business_rpc::v3: business RPC V3 selected frame stream_id=244 frame_type=Open payload_bytes=158
2026-09-26T01:47:40.046081Z DEBUG netbaiot_transports::business_rpc::v3: business RPC V3 writer completed frame stream_id=244 frame_type=Open payload_bytes=158
2026-09-26T01:47:40.046087Z DEBUG netbaiot_transports::business_rpc::v3: business RPC V3 selected frame stream_id=236 frame_type=Data payload_bytes=198
2026-09-26T01:47:40.046100Z DEBUG netbaiot_transports::business_rpc::v3: business RPC V3 writer completed frame stream_id=236 frame_type=Data payload_bytes=198
2026-09-26T01:47:40.046107Z DEBUG netbaiot_transports::business_rpc::v3: business RPC V3 selected frame stream_id=238 frame_type=Data payload_bytes=198
2026-09-26T01:47:40.046115Z DEBUG netbaiot_transports::business_rpc::v3: business RPC V3 writer completed frame stream_id=238 frame_type=Data payload_bytes=198
2026-09-26T01:47:40.046122Z DEBUG netbaiot_transports::business_rpc::v3: business RPC V3 selected frame stream_id=240 frame_type=Data payload_bytes=198
2026-09-26T01:47:40.046135Z DEBUG netbaiot_transports::business_rpc::v3: business RPC V3 writer completed frame stream_id=240 frame_type=Data payload_bytes=198
2026-09-26T01:47:40.046141Z DEBUG netbaiot_transports::business_rpc::v3: business RPC V3 selected frame stream_id=242 frame_type=Data payload_bytes=198
2026-09-26T01:47:40.046152Z DEBUG netbaiot_transports::business_rpc::v3: business RPC V3 writer completed frame stream_id=242 frame_type=Data payload_bytes=198
2026-09-26T01:47:40.046160Z DEBUG netbaiot_transports::business_rpc::v3: business RPC V3 selected frame stream_id=244 frame_type=Data payload_bytes=198
2026-09-26T01:47:40.046168Z DEBUG netbaiot_transports::business_rpc::v3: business RPC V3 writer completed frame stream_id=244 frame_type=Data payload_bytes=198
2026-09-26T01:47:40.133313Z DEBUG netbaiot_transports::business_rpc::v3: business RPC V3 received frame stream_id=0 frame_type=WindowUpdate payload_bytes=4
2026-09-26T01:47:40.133418Z DEBUG netbaiot_transports::business_rpc::v3: business RPC V3 received frame stream_id=0 frame_type=WindowUpdate payload_bytes=4
2026-09-26T01:47:40.133446Z DEBUG netbaiot_transports::business_rpc::v3: business RPC V3 received frame stream_id=0 frame_type=WindowUpdate payload_bytes=4
2026-09-26T01:47:40.133459Z DEBUG netbaiot_transports::business_rpc::v3: business RPC V3 received frame stream_id=232 frame_type=Response payload_bytes=35
2026-09-26T01:47:40.133548Z DEBUG netbaiot_transports::business_rpc::v3: business RPC V3 received frame stream_id=232 frame_type=Data payload_bytes=216
2026-09-26T01:47:40.133603Z DEBUG netbaiot_transports::business_rpc::v3: business RPC V3 received frame stream_id=230 frame_type=Response payload_bytes=35
2026-09-26T01:47:40.133616Z DEBUG netbaiot_transports::business_rpc::v3: business RPC V3 received frame stream_id=230 frame_type=Data payload_bytes=216
2026-09-26T01:47:40.133623Z DEBUG netbaiot_transports::business_rpc::v3: business RPC V3 selected frame stream_id=0 frame_type=WindowUpdate payload_bytes=4
2026-09-26T01:47:40.133636Z DEBUG netbaiot_transports::business_rpc::v3: business RPC V3 received frame stream_id=212 frame_type=Response payload_bytes=35
2026-09-26T01:47:40.133667Z DEBUG netbaiot_transports::business_rpc::v3: business RPC V3 received frame stream_id=212 frame_type=Data payload_bytes=118
2026-09-26T01:47:40.133690Z DEBUG netbaiot_transports::business_rpc::v3: business RPC V3 writer completed frame stream_id=0 frame_type=WindowUpdate payload_bytes=4
2026-09-26T01:47:40.133707Z DEBUG netbaiot_transports::business_rpc::v3: business RPC V3 selected frame stream_id=0 frame_type=WindowUpdate payload_bytes=4
2026-09-26T01:47:40.133724Z DEBUG netbaiot_transports::business_rpc::v3: business RPC V3 writer completed frame stream_id=0 frame_type=WindowUpdate payload_bytes=4
2026-09-26T01:47:40.133734Z DEBUG netbaiot_transports::business_rpc::v3: business RPC V3 selected frame stream_id=0 frame_type=WindowUpdate payload_bytes=4
2026-09-26T01:47:40.133745Z DEBUG netbaiot_transports::business_rpc::v3: business RPC V3 writer completed frame stream_id=0 frame_type=WindowUpdate payload_bytes=4
2026-09-26T01:47:40.133678Z DEBUG netbaiot_transports::business_rpc::v3: business RPC V3 Event delivery acknowledged stream_id=212 completion_us=279730
2026-09-26T01:47:40.166070Z DEBUG netbaiot_transports::business_rpc::v3: business RPC V3 received frame stream_id=0 frame_type=WindowUpdate payload_bytes=4
2026-09-26T01:47:40.166162Z DEBUG netbaiot_transports::business_rpc::v3: business RPC V3 received frame stream_id=0 frame_type=WindowUpdate payload_bytes=4
2026-09-26T01:47:40.166181Z DEBUG netbaiot_transports::business_rpc::v3: business RPC V3 received frame stream_id=0 frame_type=WindowUpdate payload_bytes=4
2026-09-26T01:47:40.166189Z DEBUG netbaiot_transports::business_rpc::v3: business RPC V3 received frame stream_id=0 frame_type=WindowUpdate payload_bytes=4
2026-09-26T01:47:40.166198Z DEBUG netbaiot_transports::business_rpc::v3: business RPC V3 received frame stream_id=0 frame_type=WindowUpdate payload_bytes=4
2026-09-26T01:47:40.166205Z DEBUG netbaiot_transports::business_rpc::v3: business RPC V3 received frame stream_id=0 frame_type=WindowUpdate payload_bytes=4
2026-09-26T01:47:40.166213Z DEBUG netbaiot_transports::business_rpc::v3: business RPC V3 received frame stream_id=234 frame_type=Response payload_bytes=35
2026-09-26T01:47:40.166229Z DEBUG netbaiot_transports::business_rpc::v3: business RPC V3 received frame stream_id=238 frame_type=Response payload_bytes=35
2026-09-26T01:47:40.166239Z DEBUG netbaiot_transports::business_rpc::v3: business RPC V3 received frame stream_id=244 frame_type=Response payload_bytes=35
2026-09-26T01:47:40.166246Z DEBUG netbaiot_transports::business_rpc::v3: business RPC V3 received frame stream_id=234 frame_type=Data payload_bytes=216
2026-09-26T01:47:40.166290Z DEBUG netbaiot_transports::business_rpc::v3: business RPC V3 received frame stream_id=240 frame_type=Response payload_bytes=35
2026-09-26T01:47:40.166304Z DEBUG netbaiot_transports::business_rpc::v3: business RPC V3 received frame stream_id=236 frame_type=Response payload_bytes=35
2026-09-26T01:47:40.166311Z DEBUG netbaiot_transports::business_rpc::v3: business RPC V3 selected frame stream_id=0 frame_type=WindowUpdate payload_bytes=4
2026-09-26T01:47:40.166313Z DEBUG netbaiot_transports::business_rpc::v3: business RPC V3 received frame stream_id=242 frame_type=Response payload_bytes=35
2026-09-26T01:47:40.166405Z DEBUG netbaiot_transports::business_rpc::v3: business RPC V3 received frame stream_id=238 frame_type=Data payload_bytes=216
2026-09-26T01:47:40.166361Z DEBUG netbaiot_transports::business_rpc::v3: business RPC V3 writer completed frame stream_id=0 frame_type=WindowUpdate payload_bytes=4
2026-09-26T01:47:40.166452Z DEBUG netbaiot_transports::business_rpc::v3: business RPC V3 selected frame stream_id=0 frame_type=WindowUpdate payload_bytes=4
2026-09-26T01:47:40.166435Z DEBUG netbaiot_transports::business_rpc::v3: business RPC V3 received frame stream_id=244 frame_type=Data payload_bytes=216
2026-09-26T01:47:40.166484Z DEBUG netbaiot_transports::business_rpc::v3: business RPC V3 writer completed frame stream_id=0 frame_type=WindowUpdate payload_bytes=4
2026-09-26T01:47:40.166507Z DEBUG netbaiot_transports::business_rpc::v3: business RPC V3 received frame stream_id=240 frame_type=Data payload_bytes=216
2026-09-26T01:47:40.166508Z DEBUG netbaiot_transports::business_rpc::v3: business RPC V3 selected frame stream_id=0 frame_type=WindowUpdate payload_bytes=4
2026-09-26T01:47:40.166559Z DEBUG netbaiot_transports::business_rpc::v3: business RPC V3 writer completed frame stream_id=0 frame_type=WindowUpdate payload_bytes=4
2026-09-26T01:47:40.166582Z DEBUG netbaiot_transports::business_rpc::v3: business RPC V3 selected frame stream_id=0 frame_type=WindowUpdate payload_bytes=4
2026-09-26T01:47:40.166532Z DEBUG netbaiot_transports::business_rpc::v3: business RPC V3 received frame stream_id=236 frame_type=Data payload_bytes=216
2026-09-26T01:47:40.166629Z DEBUG netbaiot_transports::business_rpc::v3: business RPC V3 received frame stream_id=242 frame_type=Data payload_bytes=216
2026-09-26T01:47:40.166600Z DEBUG netbaiot_transports::business_rpc::v3: business RPC V3 writer completed frame stream_id=0 frame_type=WindowUpdate payload_bytes=4
2026-09-26T01:47:40.166656Z DEBUG netbaiot_transports::business_rpc::v3: business RPC V3 selected frame stream_id=0 frame_type=WindowUpdate payload_bytes=4
2026-09-26T01:47:40.166677Z DEBUG netbaiot_transports::business_rpc::v3: business RPC V3 writer completed frame stream_id=0 frame_type=WindowUpdate payload_bytes=4
2026-09-26T01:47:40.166688Z DEBUG netbaiot_transports::business_rpc::v3: business RPC V3 selected frame stream_id=0 frame_type=WindowUpdate payload_bytes=4
2026-09-26T01:47:40.166699Z DEBUG netbaiot_transports::business_rpc::v3: business RPC V3 writer completed frame stream_id=0 frame_type=WindowUpdate payload_bytes=4
2026-09-26T01:47:40.353360Z DEBUG netbaiot_transports::business_rpc::v3: business RPC V3 body entered scheduler stream_id=246 class=Event body_bytes=17365
2026-09-26T01:47:40.353460Z DEBUG netbaiot_transports::business_rpc::v3: business RPC V3 selected frame stream_id=246 frame_type=Open payload_bytes=184
2026-09-26T01:47:40.353498Z DEBUG netbaiot_transports::business_rpc::v3: business RPC V3 writer completed frame stream_id=246 frame_type=Open payload_bytes=184
2026-09-26T01:47:40.353518Z DEBUG netbaiot_transports::business_rpc::v3: business RPC V3 selected frame stream_id=246 frame_type=Data payload_bytes=8192
2026-09-26T01:47:40.353540Z DEBUG netbaiot_transports::business_rpc::v3: business RPC V3 writer completed frame stream_id=246 frame_type=Data payload_bytes=8192
2026-09-26T01:47:40.353550Z DEBUG netbaiot_transports::business_rpc::v3: business RPC V3 selected frame stream_id=246 frame_type=Data payload_bytes=8192
2026-09-26T01:47:40.353569Z DEBUG netbaiot_transports::business_rpc::v3: business RPC V3 writer completed frame stream_id=246 frame_type=Data payload_bytes=8192
2026-09-26T01:47:40.498066Z DEBUG netbaiot_transports::business_rpc::v3: business RPC V3 received frame stream_id=0 frame_type=WindowUpdate payload_bytes=4
2026-09-26T01:47:40.498110Z DEBUG netbaiot_transports::business_rpc::v3: business RPC V3 received frame stream_id=246 frame_type=WindowUpdate payload_bytes=4
2026-09-26T01:47:40.498128Z DEBUG netbaiot_transports::business_rpc::v3: business RPC V3 selected frame stream_id=246 frame_type=Data payload_bytes=981
2026-09-26T01:47:40.498150Z DEBUG netbaiot_transports::business_rpc::v3: business RPC V3 writer completed frame stream_id=246 frame_type=Data payload_bytes=981
2026-09-26T01:47:40.524646Z DEBUG netbaiot_transports::business_rpc::v3: business RPC V3 received frame stream_id=0 frame_type=WindowUpdate payload_bytes=4
2026-09-26T01:47:40.524696Z DEBUG netbaiot_transports::business_rpc::v3: business RPC V3 received frame stream_id=246 frame_type=WindowUpdate payload_bytes=4
2026-09-26T01:47:40.610531Z DEBUG netbaiot_transports::business_rpc::v3: business RPC V3 received frame stream_id=0 frame_type=WindowUpdate payload_bytes=4
2026-09-26T01:47:40.610577Z DEBUG netbaiot_transports::business_rpc::v3: business RPC V3 received frame stream_id=246 frame_type=Response payload_bytes=35
2026-09-26T01:47:40.610594Z DEBUG netbaiot_transports::business_rpc::v3: business RPC V3 received frame stream_id=246 frame_type=Data payload_bytes=118
2026-09-26T01:47:40.610610Z DEBUG netbaiot_transports::business_rpc::v3: business RPC V3 Event delivery acknowledged stream_id=246 completion_us=257270
2026-09-26T01:47:40.610638Z DEBUG netbaiot_transports::business_rpc::v3: business RPC V3 selected frame stream_id=0 frame_type=WindowUpdate payload_bytes=4
2026-09-26T01:47:40.610669Z DEBUG netbaiot_transports::business_rpc::v3: business RPC V3 writer completed frame stream_id=0 frame_type=WindowUpdate payload_bytes=4
2026-09-26T01:47:40.700095Z DEBUG netbaiot_transports::business_rpc::v3: business RPC V3 body entered scheduler stream_id=248 class=Rpc body_bytes=198
2026-09-26T01:47:40.700135Z DEBUG netbaiot_transports::business_rpc::v3: business RPC V3 selected frame stream_id=248 frame_type=Open payload_bytes=158
2026-09-26T01:47:40.700159Z DEBUG netbaiot_transports::business_rpc::v3: business RPC V3 writer completed frame stream_id=248 frame_type=Open payload_bytes=158
2026-09-26T01:47:40.700169Z DEBUG netbaiot_transports::business_rpc::v3: business RPC V3 selected frame stream_id=248 frame_type=Data payload_bytes=198
2026-09-26T01:47:40.700180Z DEBUG netbaiot_transports::business_rpc::v3: business RPC V3 writer completed frame stream_id=248 frame_type=Data payload_bytes=198
2026-09-26T01:47:40.703946Z DEBUG netbaiot_transports::business_rpc::v3: business RPC V3 body entered scheduler stream_id=250 class=Rpc body_bytes=198
2026-09-26T01:47:40.703976Z DEBUG netbaiot_transports::business_rpc::v3: business RPC V3 selected frame stream_id=250 frame_type=Open payload_bytes=158
2026-09-26T01:47:40.703995Z DEBUG netbaiot_transports::business_rpc::v3: business RPC V3 writer completed frame stream_id=250 frame_type=Open payload_bytes=158
2026-09-26T01:47:40.704006Z DEBUG netbaiot_transports::business_rpc::v3: business RPC V3 selected frame stream_id=250 frame_type=Data payload_bytes=198
2026-09-26T01:47:40.704021Z DEBUG netbaiot_transports::business_rpc::v3: business RPC V3 writer completed frame stream_id=250 frame_type=Data payload_bytes=198
2026-09-26T01:47:40.727853Z DEBUG netbaiot_transports::business_rpc::v3: business RPC V3 body entered scheduler stream_id=252 class=Rpc body_bytes=198
2026-09-26T01:47:40.727890Z DEBUG netbaiot_transports::business_rpc::v3: business RPC V3 selected frame stream_id=252 frame_type=Open payload_bytes=158
2026-09-26T01:47:40.727908Z DEBUG netbaiot_transports::business_rpc::v3: business RPC V3 writer completed frame stream_id=252 frame_type=Open payload_bytes=158
2026-09-26T01:47:40.727917Z DEBUG netbaiot_transports::business_rpc::v3: business RPC V3 selected frame stream_id=252 frame_type=Data payload_bytes=198
2026-09-26T01:47:40.727927Z DEBUG netbaiot_transports::business_rpc::v3: business RPC V3 writer completed frame stream_id=252 frame_type=Data payload_bytes=198
2026-09-26T01:47:40.815393Z DEBUG netbaiot_transports::business_rpc::v3: business RPC V3 received frame stream_id=0 frame_type=WindowUpdate payload_bytes=4
2026-09-26T01:47:40.815445Z DEBUG netbaiot_transports::business_rpc::v3: business RPC V3 received frame stream_id=0 frame_type=WindowUpdate payload_bytes=4
2026-09-26T01:47:40.815460Z DEBUG netbaiot_transports::business_rpc::v3: business RPC V3 received frame stream_id=250 frame_type=Response payload_bytes=35
2026-09-26T01:47:40.815515Z DEBUG netbaiot_transports::business_rpc::v3: business RPC V3 received frame stream_id=250 frame_type=Data payload_bytes=216
2026-09-26T01:47:40.815550Z DEBUG netbaiot_transports::business_rpc::v3: business RPC V3 received frame stream_id=248 frame_type=Response payload_bytes=35
2026-09-26T01:47:40.815560Z DEBUG netbaiot_transports::business_rpc::v3: business RPC V3 selected frame stream_id=0 frame_type=WindowUpdate payload_bytes=4
2026-09-26T01:47:40.815562Z DEBUG netbaiot_transports::business_rpc::v3: business RPC V3 received frame stream_id=248 frame_type=Data payload_bytes=216
2026-09-26T01:47:40.815606Z DEBUG netbaiot_transports::business_rpc::v3: business RPC V3 writer completed frame stream_id=0 frame_type=WindowUpdate payload_bytes=4
2026-09-26T01:47:40.815627Z DEBUG netbaiot_transports::business_rpc::v3: business RPC V3 selected frame stream_id=0 frame_type=WindowUpdate payload_bytes=4
2026-09-26T01:47:40.815644Z DEBUG netbaiot_transports::business_rpc::v3: business RPC V3 writer completed frame stream_id=0 frame_type=WindowUpdate payload_bytes=4
2026-09-26T01:47:40.816134Z DEBUG netbaiot_transports::business_rpc::v3: business RPC V3 body entered scheduler stream_id=254 class=Rpc body_bytes=198
2026-09-26T01:47:40.816184Z DEBUG netbaiot_transports::business_rpc::v3: business RPC V3 body entered scheduler stream_id=256 class=Rpc body_bytes=198
2026-09-26T01:47:40.816195Z DEBUG netbaiot_transports::business_rpc::v3: business RPC V3 selected frame stream_id=254 frame_type=Open payload_bytes=158
2026-09-26T01:47:40.816219Z DEBUG netbaiot_transports::business_rpc::v3: business RPC V3 writer completed frame stream_id=254 frame_type=Open payload_bytes=158
2026-09-26T01:47:40.816232Z DEBUG netbaiot_transports::business_rpc::v3: business RPC V3 selected frame stream_id=256 frame_type=Open payload_bytes=158
2026-09-26T01:47:40.816246Z DEBUG netbaiot_transports::business_rpc::v3: business RPC V3 writer completed frame stream_id=256 frame_type=Open payload_bytes=158
2026-09-26T01:47:40.816256Z DEBUG netbaiot_transports::business_rpc::v3: business RPC V3 selected frame stream_id=254 frame_type=Data payload_bytes=198
2026-09-26T01:47:40.816270Z DEBUG netbaiot_transports::business_rpc::v3: business RPC V3 writer completed frame stream_id=254 frame_type=Data payload_bytes=198
2026-09-26T01:47:40.816281Z DEBUG netbaiot_transports::business_rpc::v3: business RPC V3 selected frame stream_id=256 frame_type=Data payload_bytes=198
2026-09-26T01:47:40.816293Z DEBUG netbaiot_transports::business_rpc::v3: business RPC V3 writer completed frame stream_id=256 frame_type=Data payload_bytes=198
2026-09-26T01:47:40.828694Z DEBUG netbaiot_transports::business_rpc::v3: business RPC V3 body entered scheduler stream_id=258 class=Rpc body_bytes=198
2026-09-26T01:47:40.828725Z DEBUG netbaiot_transports::business_rpc::v3: business RPC V3 selected frame stream_id=258 frame_type=Open payload_bytes=158
2026-09-26T01:47:40.828748Z DEBUG netbaiot_transports::business_rpc::v3: business RPC V3 writer completed frame stream_id=258 frame_type=Open payload_bytes=158
2026-09-26T01:47:40.828763Z DEBUG netbaiot_transports::business_rpc::v3: business RPC V3 selected frame stream_id=258 frame_type=Data payload_bytes=198
2026-09-26T01:47:40.828774Z DEBUG netbaiot_transports::business_rpc::v3: business RPC V3 writer completed frame stream_id=258 frame_type=Data payload_bytes=198
2026-09-26T01:47:40.842023Z DEBUG netbaiot_transports::business_rpc::v3: business RPC V3 received frame stream_id=0 frame_type=WindowUpdate payload_bytes=4
2026-09-26T01:47:40.842071Z DEBUG netbaiot_transports::business_rpc::v3: business RPC V3 received frame stream_id=252 frame_type=Response payload_bytes=35
2026-09-26T01:47:40.842088Z DEBUG netbaiot_transports::business_rpc::v3: business RPC V3 received frame stream_id=252 frame_type=Data payload_bytes=216
2026-09-26T01:47:40.842186Z DEBUG netbaiot_transports::business_rpc::v3: business RPC V3 selected frame stream_id=0 frame_type=WindowUpdate payload_bytes=4
2026-09-26T01:47:40.842273Z DEBUG netbaiot_transports::business_rpc::v3: business RPC V3 writer completed frame stream_id=0 frame_type=WindowUpdate payload_bytes=4
2026-09-26T01:47:40.842685Z DEBUG netbaiot_transports::business_rpc::v3: business RPC V3 body entered scheduler stream_id=260 class=Rpc body_bytes=198
2026-09-26T01:47:40.842716Z DEBUG netbaiot_transports::business_rpc::v3: business RPC V3 selected frame stream_id=260 frame_type=Open payload_bytes=158
2026-09-26T01:47:40.842735Z DEBUG netbaiot_transports::business_rpc::v3: business RPC V3 writer completed frame stream_id=260 frame_type=Open payload_bytes=158
2026-09-26T01:47:40.842747Z DEBUG netbaiot_transports::business_rpc::v3: business RPC V3 selected frame stream_id=260 frame_type=Data payload_bytes=198
2026-09-26T01:47:40.842757Z DEBUG netbaiot_transports::business_rpc::v3: business RPC V3 writer completed frame stream_id=260 frame_type=Data payload_bytes=198
2026-09-26T01:47:40.847823Z DEBUG netbaiot_transports::business_rpc::v3: business RPC V3 body entered scheduler stream_id=262 class=Rpc body_bytes=197
2026-09-26T01:47:40.847855Z DEBUG netbaiot_transports::business_rpc::v3: business RPC V3 selected frame stream_id=262 frame_type=Open payload_bytes=158
2026-09-26T01:47:40.847873Z DEBUG netbaiot_transports::business_rpc::v3: business RPC V3 writer completed frame stream_id=262 frame_type=Open payload_bytes=158
2026-09-26T01:47:40.847885Z DEBUG netbaiot_transports::business_rpc::v3: business RPC V3 selected frame stream_id=262 frame_type=Data payload_bytes=197
2026-09-26T01:47:40.847897Z DEBUG netbaiot_transports::business_rpc::v3: business RPC V3 writer completed frame stream_id=262 frame_type=Data payload_bytes=197
2026-09-26T01:47:40.854434Z DEBUG netbaiot_transports::business_rpc::v3: business RPC V3 body entered scheduler stream_id=264 class=Event body_bytes=17365
2026-09-26T01:47:40.854478Z DEBUG netbaiot_transports::business_rpc::v3: business RPC V3 selected frame stream_id=264 frame_type=Open payload_bytes=184
2026-09-26T01:47:40.854521Z DEBUG netbaiot_transports::business_rpc::v3: business RPC V3 writer completed frame stream_id=264 frame_type=Open payload_bytes=184
2026-09-26T01:47:40.854536Z DEBUG netbaiot_transports::business_rpc::v3: business RPC V3 selected frame stream_id=264 frame_type=Data payload_bytes=8192
2026-09-26T01:47:40.854549Z DEBUG netbaiot_transports::business_rpc::v3: business RPC V3 writer completed frame stream_id=264 frame_type=Data payload_bytes=8192
2026-09-26T01:47:40.854560Z DEBUG netbaiot_transports::business_rpc::v3: business RPC V3 selected frame stream_id=264 frame_type=Data payload_bytes=8192
2026-09-26T01:47:40.854576Z DEBUG netbaiot_transports::business_rpc::v3: business RPC V3 writer completed frame stream_id=264 frame_type=Data payload_bytes=8192
2026-09-26T01:47:40.931387Z DEBUG netbaiot_transports::business_rpc::v3: business RPC V3 received frame stream_id=0 frame_type=WindowUpdate payload_bytes=4
2026-09-26T01:47:40.931428Z DEBUG netbaiot_transports::business_rpc::v3: business RPC V3 received frame stream_id=0 frame_type=WindowUpdate payload_bytes=4
2026-09-26T01:47:40.931440Z DEBUG netbaiot_transports::business_rpc::v3: business RPC V3 received frame stream_id=0 frame_type=WindowUpdate payload_bytes=4
2026-09-26T01:47:40.931448Z DEBUG netbaiot_transports::business_rpc::v3: business RPC V3 received frame stream_id=258 frame_type=Response payload_bytes=35
2026-09-26T01:47:40.931462Z DEBUG netbaiot_transports::business_rpc::v3: business RPC V3 received frame stream_id=258 frame_type=Data payload_bytes=216
2026-09-26T01:47:40.931492Z DEBUG netbaiot_transports::business_rpc::v3: business RPC V3 received frame stream_id=256 frame_type=Response payload_bytes=35
2026-09-26T01:47:40.931502Z DEBUG netbaiot_transports::business_rpc::v3: business RPC V3 received frame stream_id=254 frame_type=Response payload_bytes=35
2026-09-26T01:47:40.931504Z DEBUG netbaiot_transports::business_rpc::v3: business RPC V3 selected frame stream_id=0 frame_type=WindowUpdate payload_bytes=4
2026-09-26T01:47:40.931514Z DEBUG netbaiot_transports::business_rpc::v3: business RPC V3 received frame stream_id=256 frame_type=Data payload_bytes=216
2026-09-26T01:47:40.931540Z DEBUG netbaiot_transports::business_rpc::v3: business RPC V3 writer completed frame stream_id=0 frame_type=WindowUpdate payload_bytes=4
2026-09-26T01:47:40.931606Z DEBUG netbaiot_transports::business_rpc::v3: business RPC V3 received frame stream_id=254 frame_type=Data payload_bytes=216
2026-09-26T01:47:40.931621Z DEBUG netbaiot_transports::business_rpc::v3: business RPC V3 selected frame stream_id=0 frame_type=WindowUpdate payload_bytes=4
2026-09-26T01:47:40.931654Z DEBUG netbaiot_transports::business_rpc::v3: business RPC V3 writer completed frame stream_id=0 frame_type=WindowUpdate payload_bytes=4
2026-09-26T01:47:40.931663Z DEBUG netbaiot_transports::business_rpc::v3: business RPC V3 selected frame stream_id=0 frame_type=WindowUpdate payload_bytes=4
2026-09-26T01:47:40.931683Z DEBUG netbaiot_transports::business_rpc::v3: business RPC V3 writer completed frame stream_id=0 frame_type=WindowUpdate payload_bytes=4
2026-09-26T01:47:40.932028Z DEBUG netbaiot_transports::business_rpc::v3: business RPC V3 body entered scheduler stream_id=266 class=Rpc body_bytes=198
2026-09-26T01:47:40.932061Z DEBUG netbaiot_transports::business_rpc::v3: business RPC V3 body entered scheduler stream_id=268 class=Rpc body_bytes=198
2026-09-26T01:47:40.932071Z DEBUG netbaiot_transports::business_rpc::v3: business RPC V3 selected frame stream_id=266 frame_type=Open payload_bytes=158
2026-09-26T01:47:40.932088Z DEBUG netbaiot_transports::business_rpc::v3: business RPC V3 writer completed frame stream_id=266 frame_type=Open payload_bytes=158
2026-09-26T01:47:40.932101Z DEBUG netbaiot_transports::business_rpc::v3: business RPC V3 body entered scheduler stream_id=270 class=Rpc body_bytes=198
2026-09-26T01:47:40.932111Z DEBUG netbaiot_transports::business_rpc::v3: business RPC V3 selected frame stream_id=266 frame_type=Data payload_bytes=198
2026-09-26T01:47:40.932126Z DEBUG netbaiot_transports::business_rpc::v3: business RPC V3 writer completed frame stream_id=266 frame_type=Data payload_bytes=198
2026-09-26T01:47:40.932137Z DEBUG netbaiot_transports::business_rpc::v3: business RPC V3 selected frame stream_id=268 frame_type=Open payload_bytes=158
2026-09-26T01:47:40.932150Z DEBUG netbaiot_transports::business_rpc::v3: business RPC V3 writer completed frame stream_id=268 frame_type=Open payload_bytes=158
2026-09-26T01:47:40.932160Z DEBUG netbaiot_transports::business_rpc::v3: business RPC V3 selected frame stream_id=270 frame_type=Open payload_bytes=158
2026-09-26T01:47:40.932173Z DEBUG netbaiot_transports::business_rpc::v3: business RPC V3 writer completed frame stream_id=270 frame_type=Open payload_bytes=158
2026-09-26T01:47:40.932185Z DEBUG netbaiot_transports::business_rpc::v3: business RPC V3 selected frame stream_id=268 frame_type=Data payload_bytes=198
2026-09-26T01:47:40.932196Z DEBUG netbaiot_transports::business_rpc::v3: business RPC V3 writer completed frame stream_id=268 frame_type=Data payload_bytes=198
2026-09-26T01:47:40.932206Z DEBUG netbaiot_transports::business_rpc::v3: business RPC V3 selected frame stream_id=270 frame_type=Data payload_bytes=198
2026-09-26T01:47:40.932219Z DEBUG netbaiot_transports::business_rpc::v3: business RPC V3 writer completed frame stream_id=270 frame_type=Data payload_bytes=198
2026-09-26T01:47:40.953213Z DEBUG netbaiot_transports::business_rpc::v3: business RPC V3 body entered scheduler stream_id=272 class=Rpc body_bytes=198
2026-09-26T01:47:40.953251Z DEBUG netbaiot_transports::business_rpc::v3: business RPC V3 selected frame stream_id=272 frame_type=Open payload_bytes=158
2026-09-26T01:47:40.953271Z DEBUG netbaiot_transports::business_rpc::v3: business RPC V3 writer completed frame stream_id=272 frame_type=Open payload_bytes=158
2026-09-26T01:47:40.953285Z DEBUG netbaiot_transports::business_rpc::v3: business RPC V3 selected frame stream_id=272 frame_type=Data payload_bytes=198
2026-09-26T01:47:40.953299Z DEBUG netbaiot_transports::business_rpc::v3: business RPC V3 writer completed frame stream_id=272 frame_type=Data payload_bytes=198
2026-09-26T01:47:40.978567Z DEBUG netbaiot_transports::business_rpc::v3: business RPC V3 body entered scheduler stream_id=274 class=Rpc body_bytes=197
2026-09-26T01:47:40.978607Z DEBUG netbaiot_transports::business_rpc::v3: business RPC V3 selected frame stream_id=274 frame_type=Open payload_bytes=158
2026-09-26T01:47:40.978626Z DEBUG netbaiot_transports::business_rpc::v3: business RPC V3 writer completed frame stream_id=274 frame_type=Open payload_bytes=158
2026-09-26T01:47:40.978638Z DEBUG netbaiot_transports::business_rpc::v3: business RPC V3 selected frame stream_id=274 frame_type=Data payload_bytes=197
2026-09-26T01:47:40.978647Z DEBUG netbaiot_transports::business_rpc::v3: business RPC V3 writer completed frame stream_id=274 frame_type=Data payload_bytes=197
2026-09-26T01:47:41.017699Z DEBUG netbaiot_transports::business_rpc::v3: business RPC V3 received frame stream_id=0 frame_type=WindowUpdate payload_bytes=4
2026-09-26T01:47:41.017741Z DEBUG netbaiot_transports::business_rpc::v3: business RPC V3 received frame stream_id=0 frame_type=WindowUpdate payload_bytes=4
2026-09-26T01:47:41.017751Z DEBUG netbaiot_transports::business_rpc::v3: business RPC V3 received frame stream_id=0 frame_type=WindowUpdate payload_bytes=4
2026-09-26T01:47:41.017759Z DEBUG netbaiot_transports::business_rpc::v3: business RPC V3 received frame stream_id=264 frame_type=WindowUpdate payload_bytes=4
2026-09-26T01:47:41.017767Z DEBUG netbaiot_transports::business_rpc::v3: business RPC V3 received frame stream_id=262 frame_type=Response payload_bytes=35
2026-09-26T01:47:41.017778Z DEBUG netbaiot_transports::business_rpc::v3: business RPC V3 received frame stream_id=260 frame_type=Response payload_bytes=35
2026-09-26T01:47:41.017785Z DEBUG netbaiot_transports::business_rpc::v3: business RPC V3 received frame stream_id=262 frame_type=Data payload_bytes=215
2026-09-26T01:47:41.017813Z DEBUG netbaiot_transports::business_rpc::v3: business RPC V3 received frame stream_id=260 frame_type=Data payload_bytes=216
2026-09-26T01:47:41.017827Z DEBUG netbaiot_transports::business_rpc::v3: business RPC V3 selected frame stream_id=0 frame_type=WindowUpdate payload_bytes=4
2026-09-26T01:47:41.017856Z DEBUG netbaiot_transports::business_rpc::v3: business RPC V3 writer completed frame stream_id=0 frame_type=WindowUpdate payload_bytes=4
2026-09-26T01:47:41.017867Z DEBUG netbaiot_transports::business_rpc::v3: business RPC V3 selected frame stream_id=0 frame_type=WindowUpdate payload_bytes=4
2026-09-26T01:47:41.017878Z DEBUG netbaiot_transports::business_rpc::v3: business RPC V3 writer completed frame stream_id=0 frame_type=WindowUpdate payload_bytes=4
2026-09-26T01:47:41.017888Z DEBUG netbaiot_transports::business_rpc::v3: business RPC V3 selected frame stream_id=264 frame_type=Data payload_bytes=981
2026-09-26T01:47:41.017901Z DEBUG netbaiot_transports::business_rpc::v3: business RPC V3 writer completed frame stream_id=264 frame_type=Data payload_bytes=981
2026-09-26T01:47:41.018276Z DEBUG netbaiot_transports::business_rpc::v3: business RPC V3 body entered scheduler stream_id=276 class=Rpc body_bytes=198
2026-09-26T01:47:41.018303Z DEBUG netbaiot_transports::business_rpc::v3: business RPC V3 body entered scheduler stream_id=278 class=Rpc body_bytes=198
2026-09-26T01:47:41.018312Z DEBUG netbaiot_transports::business_rpc::v3: business RPC V3 selected frame stream_id=276 frame_type=Open payload_bytes=158
2026-09-26T01:47:41.018327Z DEBUG netbaiot_transports::business_rpc::v3: business RPC V3 writer completed frame stream_id=276 frame_type=Open payload_bytes=158
2026-09-26T01:47:41.018337Z DEBUG netbaiot_transports::business_rpc::v3: business RPC V3 selected frame stream_id=278 frame_type=Open payload_bytes=158
2026-09-26T01:47:41.018347Z DEBUG netbaiot_transports::business_rpc::v3: business RPC V3 writer completed frame stream_id=278 frame_type=Open payload_bytes=158
2026-09-26T01:47:41.018355Z DEBUG netbaiot_transports::business_rpc::v3: business RPC V3 selected frame stream_id=276 frame_type=Data payload_bytes=198
2026-09-26T01:47:41.018430Z DEBUG netbaiot_transports::business_rpc::v3: business RPC V3 writer completed frame stream_id=276 frame_type=Data payload_bytes=198
2026-09-26T01:47:41.018441Z DEBUG netbaiot_transports::business_rpc::v3: business RPC V3 selected frame stream_id=278 frame_type=Data payload_bytes=198
2026-09-26T01:47:41.018452Z DEBUG netbaiot_transports::business_rpc::v3: business RPC V3 writer completed frame stream_id=278 frame_type=Data payload_bytes=198
2026-09-26T01:47:41.024914Z DEBUG netbaiot_transports::business_rpc::v3: business RPC V3 body entered scheduler stream_id=280 class=Rpc body_bytes=198
2026-09-26T01:47:41.024980Z DEBUG netbaiot_transports::business_rpc::v3: business RPC V3 body entered scheduler stream_id=282 class=Rpc body_bytes=197
2026-09-26T01:47:41.024989Z DEBUG netbaiot_transports::business_rpc::v3: business RPC V3 selected frame stream_id=280 frame_type=Open payload_bytes=158
2026-09-26T01:47:41.025006Z DEBUG netbaiot_transports::business_rpc::v3: business RPC V3 writer completed frame stream_id=280 frame_type=Open payload_bytes=158
2026-09-26T01:47:41.025015Z DEBUG netbaiot_transports::business_rpc::v3: business RPC V3 selected frame stream_id=282 frame_type=Open payload_bytes=158
2026-09-26T01:47:41.025026Z DEBUG netbaiot_transports::business_rpc::v3: business RPC V3 writer completed frame stream_id=282 frame_type=Open payload_bytes=158
2026-09-26T01:47:41.025034Z DEBUG netbaiot_transports::business_rpc::v3: business RPC V3 selected frame stream_id=280 frame_type=Data payload_bytes=198
2026-09-26T01:47:41.025043Z DEBUG netbaiot_transports::business_rpc::v3: business RPC V3 writer completed frame stream_id=280 frame_type=Data payload_bytes=198
2026-09-26T01:47:41.025051Z DEBUG netbaiot_transports::business_rpc::v3: business RPC V3 selected frame stream_id=282 frame_type=Data payload_bytes=197
2026-09-26T01:47:41.025060Z DEBUG netbaiot_transports::business_rpc::v3: business RPC V3 writer completed frame stream_id=282 frame_type=Data payload_bytes=197
2026-09-26T01:47:41.040413Z DEBUG netbaiot_transports::business_rpc::v3: business RPC V3 body entered scheduler stream_id=284 class=Rpc body_bytes=197
2026-09-26T01:47:41.040467Z DEBUG netbaiot_transports::business_rpc::v3: business RPC V3 selected frame stream_id=284 frame_type=Open payload_bytes=158
2026-09-26T01:47:41.040495Z DEBUG netbaiot_transports::business_rpc::v3: business RPC V3 writer completed frame stream_id=284 frame_type=Open payload_bytes=158
2026-09-26T01:47:41.040508Z DEBUG netbaiot_transports::business_rpc::v3: business RPC V3 selected frame stream_id=284 frame_type=Data payload_bytes=197
2026-09-26T01:47:41.040526Z DEBUG netbaiot_transports::business_rpc::v3: business RPC V3 writer completed frame stream_id=284 frame_type=Data payload_bytes=197
2026-09-26T01:47:41.049340Z DEBUG netbaiot_transports::business_rpc::v3: business RPC V3 received frame stream_id=0 frame_type=WindowUpdate payload_bytes=4
2026-09-26T01:47:41.049425Z DEBUG netbaiot_transports::business_rpc::v3: business RPC V3 received frame stream_id=264 frame_type=WindowUpdate payload_bytes=4
2026-09-26T01:47:41.049435Z DEBUG netbaiot_transports::business_rpc::v3: business RPC V3 received frame stream_id=0 frame_type=WindowUpdate payload_bytes=4
2026-09-26T01:47:41.049443Z DEBUG netbaiot_transports::business_rpc::v3: business RPC V3 received frame stream_id=0 frame_type=WindowUpdate payload_bytes=4
2026-09-26T01:47:41.049454Z DEBUG netbaiot_transports::business_rpc::v3: business RPC V3 received frame stream_id=0 frame_type=WindowUpdate payload_bytes=4
2026-09-26T01:47:41.049461Z DEBUG netbaiot_transports::business_rpc::v3: business RPC V3 received frame stream_id=0 frame_type=WindowUpdate payload_bytes=4
2026-09-26T01:47:41.049468Z DEBUG netbaiot_transports::business_rpc::v3: business RPC V3 received frame stream_id=272 frame_type=Response payload_bytes=35
2026-09-26T01:47:41.049483Z DEBUG netbaiot_transports::business_rpc::v3: business RPC V3 received frame stream_id=270 frame_type=Response payload_bytes=35
2026-09-26T01:47:41.049572Z DEBUG netbaiot_transports::business_rpc::v3: business RPC V3 received frame stream_id=266 frame_type=Response payload_bytes=35
2026-09-26T01:47:41.049581Z DEBUG netbaiot_transports::business_rpc::v3: business RPC V3 received frame stream_id=272 frame_type=Data payload_bytes=216
2026-09-26T01:47:41.049623Z DEBUG netbaiot_transports::business_rpc::v3: business RPC V3 received frame stream_id=270 frame_type=Data payload_bytes=216
2026-09-26T01:47:41.049642Z DEBUG netbaiot_transports::business_rpc::v3: business RPC V3 received frame stream_id=266 frame_type=Data payload_bytes=216
2026-09-26T01:47:41.049642Z DEBUG netbaiot_transports::business_rpc::v3: business RPC V3 selected frame stream_id=0 frame_type=WindowUpdate payload_bytes=4
2026-09-26T01:47:41.049659Z DEBUG netbaiot_transports::business_rpc::v3: business RPC V3 received frame stream_id=268 frame_type=Response payload_bytes=35
2026-09-26T01:47:41.049683Z DEBUG netbaiot_transports::business_rpc::v3: business RPC V3 received frame stream_id=268 frame_type=Data payload_bytes=216
2026-09-26T01:47:41.049688Z DEBUG netbaiot_transports::business_rpc::v3: business RPC V3 writer completed frame stream_id=0 frame_type=WindowUpdate payload_bytes=4
2026-09-26T01:47:41.049700Z DEBUG netbaiot_transports::business_rpc::v3: business RPC V3 selected frame stream_id=0 frame_type=WindowUpdate payload_bytes=4
2026-09-26T01:47:41.049713Z DEBUG netbaiot_transports::business_rpc::v3: business RPC V3 writer completed frame stream_id=0 frame_type=WindowUpdate payload_bytes=4
2026-09-26T01:47:41.049721Z DEBUG netbaiot_transports::business_rpc::v3: business RPC V3 selected frame stream_id=0 frame_type=WindowUpdate payload_bytes=4
2026-09-26T01:47:41.049732Z DEBUG netbaiot_transports::business_rpc::v3: business RPC V3 writer completed frame stream_id=0 frame_type=WindowUpdate payload_bytes=4
2026-09-26T01:47:41.049739Z DEBUG netbaiot_transports::business_rpc::v3: business RPC V3 selected frame stream_id=0 frame_type=WindowUpdate payload_bytes=4
2026-09-26T01:47:41.049766Z DEBUG netbaiot_transports::business_rpc::v3: business RPC V3 writer completed frame stream_id=0 frame_type=WindowUpdate payload_bytes=4
2026-09-26T01:47:41.050321Z DEBUG netbaiot_transports::business_rpc::v3: business RPC V3 body entered scheduler stream_id=286 class=Rpc body_bytes=198
2026-09-26T01:47:41.050366Z DEBUG netbaiot_transports::business_rpc::v3: business RPC V3 body entered scheduler stream_id=288 class=Rpc body_bytes=198
2026-09-26T01:47:41.050374Z DEBUG netbaiot_transports::business_rpc::v3: business RPC V3 body entered scheduler stream_id=290 class=Rpc body_bytes=198
2026-09-26T01:47:41.050382Z DEBUG netbaiot_transports::business_rpc::v3: business RPC V3 body entered scheduler stream_id=292 class=Rpc body_bytes=198
2026-09-26T01:47:41.050390Z DEBUG netbaiot_transports::business_rpc::v3: business RPC V3 selected frame stream_id=286 frame_type=Open payload_bytes=158
2026-09-26T01:47:41.050418Z DEBUG netbaiot_transports::business_rpc::v3: business RPC V3 writer completed frame stream_id=286 frame_type=Open payload_bytes=158
2026-09-26T01:47:41.050430Z DEBUG netbaiot_transports::business_rpc::v3: business RPC V3 selected frame stream_id=288 frame_type=Open payload_bytes=158
2026-09-26T01:47:41.050440Z DEBUG netbaiot_transports::business_rpc::v3: business RPC V3 writer completed frame stream_id=288 frame_type=Open payload_bytes=158
2026-09-26T01:47:41.050447Z DEBUG netbaiot_transports::business_rpc::v3: business RPC V3 selected frame stream_id=290 frame_type=Open payload_bytes=158
2026-09-26T01:47:41.050456Z DEBUG netbaiot_transports::business_rpc::v3: business RPC V3 writer completed frame stream_id=290 frame_type=Open payload_bytes=158
2026-09-26T01:47:41.050463Z DEBUG netbaiot_transports::business_rpc::v3: business RPC V3 selected frame stream_id=292 frame_type=Open payload_bytes=158
2026-09-26T01:47:41.050471Z DEBUG netbaiot_transports::business_rpc::v3: business RPC V3 writer completed frame stream_id=292 frame_type=Open payload_bytes=158
2026-09-26T01:47:41.050480Z DEBUG netbaiot_transports::business_rpc::v3: business RPC V3 selected frame stream_id=286 frame_type=Data payload_bytes=198
2026-09-26T01:47:41.050535Z DEBUG netbaiot_transports::business_rpc::v3: business RPC V3 writer completed frame stream_id=286 frame_type=Data payload_bytes=198
2026-09-26T01:47:41.050547Z DEBUG netbaiot_transports::business_rpc::v3: business RPC V3 selected frame stream_id=288 frame_type=Data payload_bytes=198
2026-09-26T01:47:41.050557Z DEBUG netbaiot_transports::business_rpc::v3: business RPC V3 writer completed frame stream_id=288 frame_type=Data payload_bytes=198
2026-09-26T01:47:41.050565Z DEBUG netbaiot_transports::business_rpc::v3: business RPC V3 selected frame stream_id=290 frame_type=Data payload_bytes=198
2026-09-26T01:47:41.050574Z DEBUG netbaiot_transports::business_rpc::v3: business RPC V3 writer completed frame stream_id=290 frame_type=Data payload_bytes=198
2026-09-26T01:47:41.050581Z DEBUG netbaiot_transports::business_rpc::v3: business RPC V3 selected frame stream_id=292 frame_type=Data payload_bytes=198
2026-09-26T01:47:41.050592Z DEBUG netbaiot_transports::business_rpc::v3: business RPC V3 writer completed frame stream_id=292 frame_type=Data payload_bytes=198
2026-09-26T01:47:41.068288Z DEBUG netbaiot_transports::business_rpc::v3: business RPC V3 body entered scheduler stream_id=294 class=Rpc body_bytes=198
2026-09-26T01:47:41.068353Z DEBUG netbaiot_transports::business_rpc::v3: business RPC V3 selected frame stream_id=294 frame_type=Open payload_bytes=158
2026-09-26T01:47:41.068412Z DEBUG netbaiot_transports::business_rpc::v3: business RPC V3 writer completed frame stream_id=294 frame_type=Open payload_bytes=158
2026-09-26T01:47:41.068438Z DEBUG netbaiot_transports::business_rpc::v3: business RPC V3 selected frame stream_id=294 frame_type=Data payload_bytes=198
2026-09-26T01:47:41.068452Z DEBUG netbaiot_transports::business_rpc::v3: business RPC V3 writer completed frame stream_id=294 frame_type=Data payload_bytes=198
2026-09-26T01:47:41.077549Z DEBUG netbaiot_transports::business_rpc::v3: business RPC V3 received frame stream_id=0 frame_type=WindowUpdate payload_bytes=4
2026-09-26T01:47:41.077635Z DEBUG netbaiot_transports::business_rpc::v3: business RPC V3 received frame stream_id=274 frame_type=Response payload_bytes=35
2026-09-26T01:47:41.077663Z DEBUG netbaiot_transports::business_rpc::v3: business RPC V3 received frame stream_id=274 frame_type=Data payload_bytes=215
2026-09-26T01:47:41.077728Z DEBUG netbaiot_transports::business_rpc::v3: business RPC V3 selected frame stream_id=0 frame_type=WindowUpdate payload_bytes=4
2026-09-26T01:47:41.077775Z DEBUG netbaiot_transports::business_rpc::v3: business RPC V3 writer completed frame stream_id=0 frame_type=WindowUpdate payload_bytes=4
2026-09-26T01:47:41.078371Z DEBUG netbaiot_transports::business_rpc::v3: business RPC V3 body entered scheduler stream_id=296 class=Rpc body_bytes=198
2026-09-26T01:47:41.078405Z DEBUG netbaiot_transports::business_rpc::v3: business RPC V3 selected frame stream_id=296 frame_type=Open payload_bytes=158
2026-09-26T01:47:41.078420Z DEBUG netbaiot_transports::business_rpc::v3: business RPC V3 writer completed frame stream_id=296 frame_type=Open payload_bytes=158
2026-09-26T01:47:41.078432Z DEBUG netbaiot_transports::business_rpc::v3: business RPC V3 selected frame stream_id=296 frame_type=Data payload_bytes=198
2026-09-26T01:47:41.078443Z DEBUG netbaiot_transports::business_rpc::v3: business RPC V3 writer completed frame stream_id=296 frame_type=Data payload_bytes=198
2026-09-26T01:47:41.109045Z DEBUG netbaiot_transports::business_rpc::v3: business RPC V3 received frame stream_id=0 frame_type=WindowUpdate payload_bytes=4
2026-09-26T01:47:41.109150Z DEBUG netbaiot_transports::business_rpc::v3: business RPC V3 received frame stream_id=0 frame_type=WindowUpdate payload_bytes=4
2026-09-26T01:47:41.109189Z DEBUG netbaiot_transports::business_rpc::v3: business RPC V3 received frame stream_id=0 frame_type=WindowUpdate payload_bytes=4
2026-09-26T01:47:41.109207Z DEBUG netbaiot_transports::business_rpc::v3: business RPC V3 received frame stream_id=0 frame_type=WindowUpdate payload_bytes=4
2026-09-26T01:47:41.109280Z DEBUG netbaiot_transports::business_rpc::v3: business RPC V3 received frame stream_id=0 frame_type=WindowUpdate payload_bytes=4
2026-09-26T01:47:41.109294Z DEBUG netbaiot_transports::business_rpc::v3: business RPC V3 received frame stream_id=278 frame_type=Response payload_bytes=35
2026-09-26T01:47:41.109311Z DEBUG netbaiot_transports::business_rpc::v3: business RPC V3 received frame stream_id=282 frame_type=Response payload_bytes=35
2026-09-26T01:47:41.109324Z DEBUG netbaiot_transports::business_rpc::v3: business RPC V3 received frame stream_id=280 frame_type=Response payload_bytes=35
2026-09-26T01:47:41.109334Z DEBUG netbaiot_transports::business_rpc::v3: business RPC V3 received frame stream_id=276 frame_type=Response payload_bytes=35
2026-09-26T01:47:41.109344Z DEBUG netbaiot_transports::business_rpc::v3: business RPC V3 received frame stream_id=278 frame_type=Data payload_bytes=216
2026-09-26T01:47:41.109397Z DEBUG netbaiot_transports::business_rpc::v3: business RPC V3 received frame stream_id=282 frame_type=Data payload_bytes=215
2026-09-26T01:47:41.109440Z DEBUG netbaiot_transports::business_rpc::v3: business RPC V3 received frame stream_id=280 frame_type=Data payload_bytes=216
2026-09-26T01:47:41.109455Z DEBUG netbaiot_transports::business_rpc::v3: business RPC V3 selected frame stream_id=0 frame_type=WindowUpdate payload_bytes=4
2026-09-26T01:47:41.109473Z DEBUG netbaiot_transports::business_rpc::v3: business RPC V3 received frame stream_id=276 frame_type=Data payload_bytes=216
2026-09-26T01:47:41.109552Z DEBUG netbaiot_transports::business_rpc::v3: business RPC V3 received frame stream_id=264 frame_type=Response payload_bytes=35
2026-09-26T01:47:41.109576Z DEBUG netbaiot_transports::business_rpc::v3: business RPC V3 received frame stream_id=264 frame_type=Data payload_bytes=118
2026-09-26T01:47:41.109601Z DEBUG netbaiot_transports::business_rpc::v3: business RPC V3 Event delivery acknowledged stream_id=264 completion_us=255173
2026-09-26T01:47:41.109565Z DEBUG netbaiot_transports::business_rpc::v3: business RPC V3 writer completed frame stream_id=0 frame_type=WindowUpdate payload_bytes=4
2026-09-26T01:47:41.109730Z DEBUG netbaiot_transports::business_rpc::v3: business RPC V3 selected frame stream_id=0 frame_type=WindowUpdate payload_bytes=4
2026-09-26T01:47:41.109754Z DEBUG netbaiot_transports::business_rpc::v3: business RPC V3 writer completed frame stream_id=0 frame_type=WindowUpdate payload_bytes=4
2026-09-26T01:47:41.109767Z DEBUG netbaiot_transports::business_rpc::v3: business RPC V3 selected frame stream_id=0 frame_type=WindowUpdate payload_bytes=4
2026-09-26T01:47:41.109783Z DEBUG netbaiot_transports::business_rpc::v3: business RPC V3 writer completed frame stream_id=0 frame_type=WindowUpdate payload_bytes=4
2026-09-26T01:47:41.109796Z DEBUG netbaiot_transports::business_rpc::v3: business RPC V3 selected frame stream_id=0 frame_type=WindowUpdate payload_bytes=4
2026-09-26T01:47:41.109808Z DEBUG netbaiot_transports::business_rpc::v3: business RPC V3 writer completed frame stream_id=0 frame_type=WindowUpdate payload_bytes=4
2026-09-26T01:47:41.109852Z DEBUG netbaiot_transports::business_rpc::v3: business RPC V3 selected frame stream_id=0 frame_type=WindowUpdate payload_bytes=4
2026-09-26T01:47:41.109885Z DEBUG netbaiot_transports::business_rpc::v3: business RPC V3 writer completed frame stream_id=0 frame_type=WindowUpdate payload_bytes=4
2026-09-26T01:47:41.110642Z DEBUG netbaiot_transports::business_rpc::v3: business RPC V3 body entered scheduler stream_id=298 class=Rpc body_bytes=198
2026-09-26T01:47:41.110717Z DEBUG netbaiot_transports::business_rpc::v3: business RPC V3 body entered scheduler stream_id=300 class=Rpc body_bytes=198
2026-09-26T01:47:41.110733Z DEBUG netbaiot_transports::business_rpc::v3: business RPC V3 body entered scheduler stream_id=302 class=Rpc body_bytes=198
2026-09-26T01:47:41.110742Z DEBUG netbaiot_transports::business_rpc::v3: business RPC V3 body entered scheduler stream_id=304 class=Rpc body_bytes=198
2026-09-26T01:47:41.110799Z DEBUG netbaiot_transports::business_rpc::v3: business RPC V3 selected frame stream_id=298 frame_type=Open payload_bytes=158
2026-09-26T01:47:41.110825Z DEBUG netbaiot_transports::business_rpc::v3: business RPC V3 writer completed frame stream_id=298 frame_type=Open payload_bytes=158
2026-09-26T01:47:41.110838Z DEBUG netbaiot_transports::business_rpc::v3: business RPC V3 selected frame stream_id=300 frame_type=Open payload_bytes=158
2026-09-26T01:47:41.110852Z DEBUG netbaiot_transports::business_rpc::v3: business RPC V3 writer completed frame stream_id=300 frame_type=Open payload_bytes=158
2026-09-26T01:47:41.110861Z DEBUG netbaiot_transports::business_rpc::v3: business RPC V3 selected frame stream_id=302 frame_type=Open payload_bytes=158
2026-09-26T01:47:41.110872Z DEBUG netbaiot_transports::business_rpc::v3: business RPC V3 writer completed frame stream_id=302 frame_type=Open payload_bytes=158
2026-09-26T01:47:41.110880Z DEBUG netbaiot_transports::business_rpc::v3: business RPC V3 selected frame stream_id=304 frame_type=Open payload_bytes=158
2026-09-26T01:47:41.110892Z DEBUG netbaiot_transports::business_rpc::v3: business RPC V3 writer completed frame stream_id=304 frame_type=Open payload_bytes=158
2026-09-26T01:47:41.110902Z DEBUG netbaiot_transports::business_rpc::v3: business RPC V3 selected frame stream_id=298 frame_type=Data payload_bytes=198
2026-09-26T01:47:41.110911Z DEBUG netbaiot_transports::business_rpc::v3: business RPC V3 writer completed frame stream_id=298 frame_type=Data payload_bytes=198
2026-09-26T01:47:41.110920Z DEBUG netbaiot_transports::business_rpc::v3: business RPC V3 selected frame stream_id=300 frame_type=Data payload_bytes=198
2026-09-26T01:47:41.110929Z DEBUG netbaiot_transports::business_rpc::v3: business RPC V3 writer completed frame stream_id=300 frame_type=Data payload_bytes=198
2026-09-26T01:47:41.110937Z DEBUG netbaiot_transports::business_rpc::v3: business RPC V3 selected frame stream_id=302 frame_type=Data payload_bytes=198
2026-09-26T01:47:41.110947Z DEBUG netbaiot_transports::business_rpc::v3: business RPC V3 writer completed frame stream_id=302 frame_type=Data payload_bytes=198
2026-09-26T01:47:41.110957Z DEBUG netbaiot_transports::business_rpc::v3: business RPC V3 selected frame stream_id=304 frame_type=Data payload_bytes=198
2026-09-26T01:47:41.110969Z DEBUG netbaiot_transports::business_rpc::v3: business RPC V3 writer completed frame stream_id=304 frame_type=Data payload_bytes=198
2026-09-26T01:47:41.131721Z DEBUG netbaiot_transports::business_rpc::v3: business RPC V3 body entered scheduler stream_id=306 class=Rpc body_bytes=198
2026-09-26T01:47:41.131792Z DEBUG netbaiot_transports::business_rpc::v3: business RPC V3 selected frame stream_id=306 frame_type=Open payload_bytes=158
2026-09-26T01:47:41.131827Z DEBUG netbaiot_transports::business_rpc::v3: business RPC V3 writer completed frame stream_id=306 frame_type=Open payload_bytes=158
2026-09-26T01:47:41.131842Z DEBUG netbaiot_transports::business_rpc::v3: business RPC V3 selected frame stream_id=306 frame_type=Data payload_bytes=198
2026-09-26T01:47:41.131854Z DEBUG netbaiot_transports::business_rpc::v3: business RPC V3 writer completed frame stream_id=306 frame_type=Data payload_bytes=198
2026-09-26T01:47:41.141943Z DEBUG netbaiot_transports::business_rpc::v3: business RPC V3 received frame stream_id=0 frame_type=WindowUpdate payload_bytes=4
2026-09-26T01:47:41.142118Z DEBUG netbaiot_transports::business_rpc::v3: business RPC V3 received frame stream_id=0 frame_type=WindowUpdate payload_bytes=4
2026-09-26T01:47:41.142171Z DEBUG netbaiot_transports::business_rpc::v3: business RPC V3 received frame stream_id=0 frame_type=WindowUpdate payload_bytes=4
2026-09-26T01:47:41.142188Z DEBUG netbaiot_transports::business_rpc::v3: business RPC V3 received frame stream_id=0 frame_type=WindowUpdate payload_bytes=4
2026-09-26T01:47:41.142198Z DEBUG netbaiot_transports::business_rpc::v3: business RPC V3 received frame stream_id=0 frame_type=WindowUpdate payload_bytes=4
2026-09-26T01:47:41.142208Z DEBUG netbaiot_transports::business_rpc::v3: business RPC V3 received frame stream_id=286 frame_type=Response payload_bytes=35
2026-09-26T01:47:41.142305Z DEBUG netbaiot_transports::business_rpc::v3: business RPC V3 received frame stream_id=284 frame_type=Response payload_bytes=35
2026-09-26T01:47:41.142318Z DEBUG netbaiot_transports::business_rpc::v3: business RPC V3 received frame stream_id=292 frame_type=Response payload_bytes=35
2026-09-26T01:47:41.142327Z DEBUG netbaiot_transports::business_rpc::v3: business RPC V3 received frame stream_id=288 frame_type=Response payload_bytes=35
2026-09-26T01:47:41.142337Z DEBUG netbaiot_transports::business_rpc::v3: business RPC V3 received frame stream_id=286 frame_type=Data payload_bytes=216
2026-09-26T01:47:41.142388Z DEBUG netbaiot_transports::business_rpc::v3: business RPC V3 received frame stream_id=290 frame_type=Response payload_bytes=35
2026-09-26T01:47:41.142400Z DEBUG netbaiot_transports::business_rpc::v3: business RPC V3 received frame stream_id=284 frame_type=Data payload_bytes=215
2026-09-26T01:47:41.142409Z DEBUG netbaiot_transports::business_rpc::v3: business RPC V3 selected frame stream_id=0 frame_type=WindowUpdate payload_bytes=4
2026-09-26T01:47:41.142418Z DEBUG netbaiot_transports::business_rpc::v3: business RPC V3 received frame stream_id=292 frame_type=Data payload_bytes=216
2026-09-26T01:47:41.142468Z DEBUG netbaiot_transports::business_rpc::v3: business RPC V3 received frame stream_id=288 frame_type=Data payload_bytes=216
2026-09-26T01:47:41.142487Z DEBUG netbaiot_transports::business_rpc::v3: business RPC V3 writer completed frame stream_id=0 frame_type=WindowUpdate payload_bytes=4
2026-09-26T01:47:41.142502Z DEBUG netbaiot_transports::business_rpc::v3: business RPC V3 selected frame stream_id=0 frame_type=WindowUpdate payload_bytes=4
2026-09-26T01:47:41.142488Z DEBUG netbaiot_transports::business_rpc::v3: business RPC V3 received frame stream_id=290 frame_type=Data payload_bytes=216
2026-09-26T01:47:41.142521Z DEBUG netbaiot_transports::business_rpc::v3: business RPC V3 writer completed frame stream_id=0 frame_type=WindowUpdate payload_bytes=4
2026-09-26T01:47:41.142576Z DEBUG netbaiot_transports::business_rpc::v3: business RPC V3 selected frame stream_id=0 frame_type=WindowUpdate payload_bytes=4
2026-09-26T01:47:41.142588Z DEBUG netbaiot_transports::business_rpc::v3: business RPC V3 writer completed frame stream_id=0 frame_type=WindowUpdate payload_bytes=4
2026-09-26T01:47:41.142595Z DEBUG netbaiot_transports::business_rpc::v3: business RPC V3 selected frame stream_id=0 frame_type=WindowUpdate payload_bytes=4
2026-09-26T01:47:41.142607Z DEBUG netbaiot_transports::business_rpc::v3: business RPC V3 writer completed frame stream_id=0 frame_type=WindowUpdate payload_bytes=4
2026-09-26T01:47:41.142615Z DEBUG netbaiot_transports::business_rpc::v3: business RPC V3 selected frame stream_id=0 frame_type=WindowUpdate payload_bytes=4
2026-09-26T01:47:41.142631Z DEBUG netbaiot_transports::business_rpc::v3: business RPC V3 writer completed frame stream_id=0 frame_type=WindowUpdate payload_bytes=4
2026-09-26T01:47:41.171107Z DEBUG netbaiot_transports::business_rpc::v3: business RPC V3 received frame stream_id=0 frame_type=WindowUpdate payload_bytes=4
2026-09-26T01:47:41.171200Z DEBUG netbaiot_transports::business_rpc::v3: business RPC V3 received frame stream_id=0 frame_type=WindowUpdate payload_bytes=4
2026-09-26T01:47:41.171213Z DEBUG netbaiot_transports::business_rpc::v3: business RPC V3 received frame stream_id=296 frame_type=Response payload_bytes=35
2026-09-26T01:47:41.171230Z DEBUG netbaiot_transports::business_rpc::v3: business RPC V3 received frame stream_id=294 frame_type=Response payload_bytes=35
2026-09-26T01:47:41.171241Z DEBUG netbaiot_transports::business_rpc::v3: business RPC V3 received frame stream_id=296 frame_type=Data payload_bytes=216
2026-09-26T01:47:41.171291Z DEBUG netbaiot_transports::business_rpc::v3: business RPC V3 received frame stream_id=294 frame_type=Data payload_bytes=216
2026-09-26T01:47:41.171313Z DEBUG netbaiot_transports::business_rpc::v3: business RPC V3 selected frame stream_id=0 frame_type=WindowUpdate payload_bytes=4
2026-09-26T01:47:41.171411Z DEBUG netbaiot_transports::business_rpc::v3: business RPC V3 writer completed frame stream_id=0 frame_type=WindowUpdate payload_bytes=4
2026-09-26T01:47:41.171422Z DEBUG netbaiot_transports::business_rpc::v3: business RPC V3 selected frame stream_id=0 frame_type=WindowUpdate payload_bytes=4
2026-09-26T01:47:41.171435Z DEBUG netbaiot_transports::business_rpc::v3: business RPC V3 writer completed frame stream_id=0 frame_type=WindowUpdate payload_bytes=4
2026-09-26T01:47:41.202975Z DEBUG netbaiot_transports::business_rpc::v3: business RPC V3 received frame stream_id=0 frame_type=WindowUpdate payload_bytes=4
2026-09-26T01:47:41.203072Z DEBUG netbaiot_transports::business_rpc::v3: business RPC V3 received frame stream_id=0 frame_type=WindowUpdate payload_bytes=4
2026-09-26T01:47:41.203099Z DEBUG netbaiot_transports::business_rpc::v3: business RPC V3 received frame stream_id=0 frame_type=WindowUpdate payload_bytes=4
2026-09-26T01:47:41.203112Z DEBUG netbaiot_transports::business_rpc::v3: business RPC V3 received frame stream_id=0 frame_type=WindowUpdate payload_bytes=4
2026-09-26T01:47:41.203121Z DEBUG netbaiot_transports::business_rpc::v3: business RPC V3 received frame stream_id=304 frame_type=Response payload_bytes=35
2026-09-26T01:47:41.203136Z DEBUG netbaiot_transports::business_rpc::v3: business RPC V3 received frame stream_id=300 frame_type=Response payload_bytes=35
2026-09-26T01:47:41.203148Z DEBUG netbaiot_transports::business_rpc::v3: business RPC V3 received frame stream_id=298 frame_type=Response payload_bytes=35
2026-09-26T01:47:41.203157Z DEBUG netbaiot_transports::business_rpc::v3: business RPC V3 received frame stream_id=302 frame_type=Response payload_bytes=35
2026-09-26T01:47:41.203166Z DEBUG netbaiot_transports::business_rpc::v3: business RPC V3 received frame stream_id=304 frame_type=Data payload_bytes=216
2026-09-26T01:47:41.203215Z DEBUG netbaiot_transports::business_rpc::v3: business RPC V3 received frame stream_id=300 frame_type=Data payload_bytes=216
2026-09-26T01:47:41.203236Z DEBUG netbaiot_transports::business_rpc::v3: business RPC V3 selected frame stream_id=0 frame_type=WindowUpdate payload_bytes=4
2026-09-26T01:47:41.203239Z DEBUG netbaiot_transports::business_rpc::v3: business RPC V3 received frame stream_id=298 frame_type=Data payload_bytes=216
2026-09-26T01:47:41.203302Z DEBUG netbaiot_transports::business_rpc::v3: business RPC V3 received frame stream_id=302 frame_type=Data payload_bytes=216
2026-09-26T01:47:41.203303Z DEBUG netbaiot_transports::business_rpc::v3: business RPC V3 writer completed frame stream_id=0 frame_type=WindowUpdate payload_bytes=4
2026-09-26T01:47:41.203359Z DEBUG netbaiot_transports::business_rpc::v3: business RPC V3 selected frame stream_id=0 frame_type=WindowUpdate payload_bytes=4
2026-09-26T01:47:41.203392Z DEBUG netbaiot_transports::business_rpc::v3: business RPC V3 writer completed frame stream_id=0 frame_type=WindowUpdate payload_bytes=4
2026-09-26T01:47:41.203406Z DEBUG netbaiot_transports::business_rpc::v3: business RPC V3 selected frame stream_id=0 frame_type=WindowUpdate payload_bytes=4
2026-09-26T01:47:41.203433Z DEBUG netbaiot_transports::business_rpc::v3: business RPC V3 writer completed frame stream_id=0 frame_type=WindowUpdate payload_bytes=4
2026-09-26T01:47:41.203445Z DEBUG netbaiot_transports::business_rpc::v3: business RPC V3 selected frame stream_id=0 frame_type=WindowUpdate payload_bytes=4
2026-09-26T01:47:41.203455Z DEBUG netbaiot_transports::business_rpc::v3: business RPC V3 writer completed frame stream_id=0 frame_type=WindowUpdate payload_bytes=4
2026-09-26T01:47:41.231340Z DEBUG netbaiot_transports::business_rpc::v3: business RPC V3 received frame stream_id=0 frame_type=WindowUpdate payload_bytes=4
2026-09-26T01:47:41.231438Z DEBUG netbaiot_transports::business_rpc::v3: business RPC V3 received frame stream_id=306 frame_type=Response payload_bytes=35
2026-09-26T01:47:41.231466Z DEBUG netbaiot_transports::business_rpc::v3: business RPC V3 received frame stream_id=306 frame_type=Data payload_bytes=216
2026-09-26T01:47:41.231600Z DEBUG netbaiot_transports::business_rpc::v3: business RPC V3 selected frame stream_id=0 frame_type=WindowUpdate payload_bytes=4
2026-09-26T01:47:41.231641Z DEBUG netbaiot_transports::business_rpc::v3: business RPC V3 writer completed frame stream_id=0 frame_type=WindowUpdate payload_bytes=4
2026-09-26T01:47:41.354699Z DEBUG netbaiot_transports::business_rpc::v3: business RPC V3 body entered scheduler stream_id=308 class=Event body_bytes=17366
2026-09-26T01:47:41.354743Z DEBUG netbaiot_transports::business_rpc::v3: business RPC V3 selected frame stream_id=308 frame_type=Open payload_bytes=184
2026-09-26T01:47:41.354762Z DEBUG netbaiot_transports::business_rpc::v3: business RPC V3 writer completed frame stream_id=308 frame_type=Open payload_bytes=184
2026-09-26T01:47:41.354774Z DEBUG netbaiot_transports::business_rpc::v3: business RPC V3 selected frame stream_id=308 frame_type=Data payload_bytes=8192
2026-09-26T01:47:41.354786Z DEBUG netbaiot_transports::business_rpc::v3: business RPC V3 writer completed frame stream_id=308 frame_type=Data payload_bytes=8192
2026-09-26T01:47:41.354795Z DEBUG netbaiot_transports::business_rpc::v3: business RPC V3 selected frame stream_id=308 frame_type=Data payload_bytes=8192
2026-09-26T01:47:41.354809Z DEBUG netbaiot_transports::business_rpc::v3: business RPC V3 writer completed frame stream_id=308 frame_type=Data payload_bytes=8192
2026-09-26T01:47:41.499908Z DEBUG netbaiot_transports::business_rpc::v3: business RPC V3 received frame stream_id=0 frame_type=WindowUpdate payload_bytes=4
2026-09-26T01:47:41.499950Z DEBUG netbaiot_transports::business_rpc::v3: business RPC V3 received frame stream_id=308 frame_type=WindowUpdate payload_bytes=4
2026-09-26T01:47:41.499970Z DEBUG netbaiot_transports::business_rpc::v3: business RPC V3 selected frame stream_id=308 frame_type=Data payload_bytes=982
2026-09-26T01:47:41.499989Z DEBUG netbaiot_transports::business_rpc::v3: business RPC V3 writer completed frame stream_id=308 frame_type=Data payload_bytes=982
2026-09-26T01:47:41.527270Z DEBUG netbaiot_transports::business_rpc::v3: business RPC V3 received frame stream_id=0 frame_type=WindowUpdate payload_bytes=4
2026-09-26T01:47:41.527319Z DEBUG netbaiot_transports::business_rpc::v3: business RPC V3 received frame stream_id=308 frame_type=WindowUpdate payload_bytes=4
2026-09-26T01:47:41.565187Z DEBUG netbaiot_transports::business_rpc::v3: business RPC V3 body entered scheduler stream_id=310 class=Rpc body_bytes=198
2026-09-26T01:47:41.565211Z DEBUG netbaiot_transports::business_rpc::v3: business RPC V3 selected frame stream_id=310 frame_type=Open payload_bytes=158
2026-09-26T01:47:41.565222Z DEBUG netbaiot_transports::business_rpc::v3: business RPC V3 writer completed frame stream_id=310 frame_type=Open payload_bytes=158
2026-09-26T01:47:41.565227Z DEBUG netbaiot_transports::business_rpc::v3: business RPC V3 selected frame stream_id=310 frame_type=Data payload_bytes=198
2026-09-26T01:47:41.565232Z DEBUG netbaiot_transports::business_rpc::v3: business RPC V3 writer completed frame stream_id=310 frame_type=Data payload_bytes=198
2026-09-26T01:47:41.612075Z DEBUG netbaiot_transports::business_rpc::v3: business RPC V3 received frame stream_id=0 frame_type=WindowUpdate payload_bytes=4
2026-09-26T01:47:41.612099Z DEBUG netbaiot_transports::business_rpc::v3: business RPC V3 received frame stream_id=308 frame_type=Response payload_bytes=35
2026-09-26T01:47:41.612108Z DEBUG netbaiot_transports::business_rpc::v3: business RPC V3 received frame stream_id=308 frame_type=Data payload_bytes=118
2026-09-26T01:47:41.612116Z DEBUG netbaiot_transports::business_rpc::v3: business RPC V3 Event delivery acknowledged stream_id=308 completion_us=257425
2026-09-26T01:47:41.612133Z DEBUG netbaiot_transports::business_rpc::v3: business RPC V3 selected frame stream_id=0 frame_type=WindowUpdate payload_bytes=4
2026-09-26T01:47:41.612151Z DEBUG netbaiot_transports::business_rpc::v3: business RPC V3 writer completed frame stream_id=0 frame_type=WindowUpdate payload_bytes=4
2026-09-26T01:47:41.639259Z DEBUG netbaiot_transports::business_rpc::v3: business RPC V3 received frame stream_id=0 frame_type=Ping payload_bytes=8
2026-09-26T01:47:41.639275Z DEBUG netbaiot_transports::business_rpc::v3: business RPC V3 selected frame stream_id=0 frame_type=Pong payload_bytes=8
2026-09-26T01:47:41.639283Z DEBUG netbaiot_transports::business_rpc::v3: business RPC V3 writer completed frame stream_id=0 frame_type=Pong payload_bytes=8
2026-09-26T01:47:41.641760Z DEBUG netbaiot_transports::business_rpc::v3: business RPC V3 body entered scheduler stream_id=312 class=Rpc body_bytes=198
2026-09-26T01:47:41.641769Z DEBUG netbaiot_transports::business_rpc::v3: business RPC V3 selected frame stream_id=312 frame_type=Open payload_bytes=158
2026-09-26T01:47:41.641776Z DEBUG netbaiot_transports::business_rpc::v3: business RPC V3 writer completed frame stream_id=312 frame_type=Open payload_bytes=158
2026-09-26T01:47:41.641781Z DEBUG netbaiot_transports::business_rpc::v3: business RPC V3 selected frame stream_id=312 frame_type=Data payload_bytes=198
2026-09-26T01:47:41.641785Z DEBUG netbaiot_transports::business_rpc::v3: business RPC V3 writer completed frame stream_id=312 frame_type=Data payload_bytes=198
2026-09-26T01:47:41.643093Z DEBUG netbaiot_transports::business_rpc::v3: business RPC V3 body entered scheduler stream_id=314 class=Rpc body_bytes=198
2026-09-26T01:47:41.643102Z DEBUG netbaiot_transports::business_rpc::v3: business RPC V3 selected frame stream_id=314 frame_type=Open payload_bytes=158
2026-09-26T01:47:41.643110Z DEBUG netbaiot_transports::business_rpc::v3: business RPC V3 writer completed frame stream_id=314 frame_type=Open payload_bytes=158
2026-09-26T01:47:41.643114Z DEBUG netbaiot_transports::business_rpc::v3: business RPC V3 selected frame stream_id=314 frame_type=Data payload_bytes=198
2026-09-26T01:47:41.643119Z DEBUG netbaiot_transports::business_rpc::v3: business RPC V3 writer completed frame stream_id=314 frame_type=Data payload_bytes=198
2026-09-26T01:47:41.667152Z DEBUG netbaiot_transports::business_rpc::v3: business RPC V3 received frame stream_id=0 frame_type=WindowUpdate payload_bytes=4
2026-09-26T01:47:41.667164Z DEBUG netbaiot_transports::business_rpc::v3: business RPC V3 received frame stream_id=310 frame_type=Response payload_bytes=35
2026-09-26T01:47:41.667171Z DEBUG netbaiot_transports::business_rpc::v3: business RPC V3 received frame stream_id=310 frame_type=Data payload_bytes=216
2026-09-26T01:47:41.667207Z DEBUG netbaiot_transports::business_rpc::v3: business RPC V3 selected frame stream_id=0 frame_type=WindowUpdate payload_bytes=4
2026-09-26T01:47:41.667280Z DEBUG netbaiot_transports::business_rpc::v3: business RPC V3 writer completed frame stream_id=0 frame_type=WindowUpdate payload_bytes=4
2026-09-26T01:47:41.667567Z DEBUG netbaiot_transports::business_rpc::v3: business RPC V3 body entered scheduler stream_id=316 class=Rpc body_bytes=198
2026-09-26T01:47:41.667576Z DEBUG netbaiot_transports::business_rpc::v3: business RPC V3 selected frame stream_id=316 frame_type=Open payload_bytes=158
2026-09-26T01:47:41.667584Z DEBUG netbaiot_transports::business_rpc::v3: business RPC V3 writer completed frame stream_id=316 frame_type=Open payload_bytes=158
2026-09-26T01:47:41.667588Z DEBUG netbaiot_transports::business_rpc::v3: business RPC V3 selected frame stream_id=316 frame_type=Data payload_bytes=198
2026-09-26T01:47:41.667593Z DEBUG netbaiot_transports::business_rpc::v3: business RPC V3 writer completed frame stream_id=316 frame_type=Data payload_bytes=198
2026-09-26T01:47:41.682864Z DEBUG netbaiot_transports::business_rpc::v3: business RPC V3 body entered scheduler stream_id=318 class=Rpc body_bytes=198
2026-09-26T01:47:41.682904Z DEBUG netbaiot_transports::business_rpc::v3: business RPC V3 selected frame stream_id=318 frame_type=Open payload_bytes=158
2026-09-26T01:47:41.682923Z DEBUG netbaiot_transports::business_rpc::v3: business RPC V3 writer completed frame stream_id=318 frame_type=Open payload_bytes=158
2026-09-26T01:47:41.682934Z DEBUG netbaiot_transports::business_rpc::v3: business RPC V3 selected frame stream_id=318 frame_type=Data payload_bytes=198
2026-09-26T01:47:41.682984Z DEBUG netbaiot_transports::business_rpc::v3: business RPC V3 writer completed frame stream_id=318 frame_type=Data payload_bytes=198
2026-09-26T01:47:41.691762Z DEBUG netbaiot_transports::business_rpc::v3: business RPC V3 body entered scheduler stream_id=320 class=Rpc body_bytes=198
2026-09-26T01:47:41.691797Z DEBUG netbaiot_transports::business_rpc::v3: business RPC V3 selected frame stream_id=320 frame_type=Open payload_bytes=158
2026-09-26T01:47:41.691816Z DEBUG netbaiot_transports::business_rpc::v3: business RPC V3 writer completed frame stream_id=320 frame_type=Open payload_bytes=158
2026-09-26T01:47:41.691828Z DEBUG netbaiot_transports::business_rpc::v3: business RPC V3 selected frame stream_id=320 frame_type=Data payload_bytes=198
2026-09-26T01:47:41.691840Z DEBUG netbaiot_transports::business_rpc::v3: business RPC V3 writer completed frame stream_id=320 frame_type=Data payload_bytes=198
2026-09-26T01:47:41.731700Z DEBUG netbaiot_transports::business_rpc::v3: business RPC V3 received frame stream_id=0 frame_type=WindowUpdate payload_bytes=4
2026-09-26T01:47:41.731741Z DEBUG netbaiot_transports::business_rpc::v3: business RPC V3 received frame stream_id=0 frame_type=WindowUpdate payload_bytes=4
2026-09-26T01:47:41.731751Z DEBUG netbaiot_transports::business_rpc::v3: business RPC V3 received frame stream_id=314 frame_type=Response payload_bytes=35
2026-09-26T01:47:41.731763Z DEBUG netbaiot_transports::business_rpc::v3: business RPC V3 received frame stream_id=314 frame_type=Data payload_bytes=216
2026-09-26T01:47:41.731792Z DEBUG netbaiot_transports::business_rpc::v3: business RPC V3 received frame stream_id=312 frame_type=Response payload_bytes=35
2026-09-26T01:47:41.731801Z DEBUG netbaiot_transports::business_rpc::v3: business RPC V3 received frame stream_id=312 frame_type=Data payload_bytes=216
2026-09-26T01:47:41.731801Z DEBUG netbaiot_transports::business_rpc::v3: business RPC V3 selected frame stream_id=0 frame_type=WindowUpdate payload_bytes=4
2026-09-26T01:47:41.731836Z DEBUG netbaiot_transports::business_rpc::v3: business RPC V3 writer completed frame stream_id=0 frame_type=WindowUpdate payload_bytes=4
2026-09-26T01:47:41.731851Z DEBUG netbaiot_transports::business_rpc::v3: business RPC V3 selected frame stream_id=0 frame_type=WindowUpdate payload_bytes=4
2026-09-26T01:47:41.731864Z DEBUG netbaiot_transports::business_rpc::v3: business RPC V3 writer completed frame stream_id=0 frame_type=WindowUpdate payload_bytes=4
2026-09-26T01:47:41.732239Z DEBUG netbaiot_transports::business_rpc::v3: business RPC V3 body entered scheduler stream_id=322 class=Rpc body_bytes=198
2026-09-26T01:47:41.732268Z DEBUG netbaiot_transports::business_rpc::v3: business RPC V3 body entered scheduler stream_id=324 class=Rpc body_bytes=198
2026-09-26T01:47:41.732279Z DEBUG netbaiot_transports::business_rpc::v3: business RPC V3 selected frame stream_id=322 frame_type=Open payload_bytes=158
2026-09-26T01:47:41.732296Z DEBUG netbaiot_transports::business_rpc::v3: business RPC V3 writer completed frame stream_id=322 frame_type=Open payload_bytes=158
2026-09-26T01:47:41.732308Z DEBUG netbaiot_transports::business_rpc::v3: business RPC V3 selected frame stream_id=324 frame_type=Open payload_bytes=158
2026-09-26T01:47:41.732322Z DEBUG netbaiot_transports::business_rpc::v3: business RPC V3 writer completed frame stream_id=324 frame_type=Open payload_bytes=158
2026-09-26T01:47:41.732333Z DEBUG netbaiot_transports::business_rpc::v3: business RPC V3 selected frame stream_id=322 frame_type=Data payload_bytes=198
2026-09-26T01:47:41.732345Z DEBUG netbaiot_transports::business_rpc::v3: business RPC V3 writer completed frame stream_id=322 frame_type=Data payload_bytes=198
2026-09-26T01:47:41.732356Z DEBUG netbaiot_transports::business_rpc::v3: business RPC V3 selected frame stream_id=324 frame_type=Data payload_bytes=198
2026-09-26T01:47:41.732369Z DEBUG netbaiot_transports::business_rpc::v3: business RPC V3 writer completed frame stream_id=324 frame_type=Data payload_bytes=198
2026-09-26T01:47:41.758303Z DEBUG netbaiot_transports::business_rpc::v3: business RPC V3 received frame stream_id=0 frame_type=WindowUpdate payload_bytes=4
2026-09-26T01:47:41.758332Z DEBUG netbaiot_transports::business_rpc::v3: business RPC V3 received frame stream_id=316 frame_type=Response payload_bytes=35
2026-09-26T01:47:41.758354Z DEBUG netbaiot_transports::business_rpc::v3: business RPC V3 received frame stream_id=316 frame_type=Data payload_bytes=216
2026-09-26T01:47:41.758396Z DEBUG netbaiot_transports::business_rpc::v3: business RPC V3 selected frame stream_id=0 frame_type=WindowUpdate payload_bytes=4
2026-09-26T01:47:41.758418Z DEBUG netbaiot_transports::business_rpc::v3: business RPC V3 writer completed frame stream_id=0 frame_type=WindowUpdate payload_bytes=4
2026-09-26T01:47:41.758755Z DEBUG netbaiot_transports::business_rpc::v3: business RPC V3 body entered scheduler stream_id=326 class=Rpc body_bytes=198
2026-09-26T01:47:41.758773Z DEBUG netbaiot_transports::business_rpc::v3: business RPC V3 selected frame stream_id=326 frame_type=Open payload_bytes=158
2026-09-26T01:47:41.758787Z DEBUG netbaiot_transports::business_rpc::v3: business RPC V3 writer completed frame stream_id=326 frame_type=Open payload_bytes=158
2026-09-26T01:47:41.758797Z DEBUG netbaiot_transports::business_rpc::v3: business RPC V3 selected frame stream_id=326 frame_type=Data payload_bytes=198
2026-09-26T01:47:41.758810Z DEBUG netbaiot_transports::business_rpc::v3: business RPC V3 writer completed frame stream_id=326 frame_type=Data payload_bytes=198
2026-09-26T01:47:41.781591Z DEBUG netbaiot_transports::business_rpc::v3: business RPC V3 body entered scheduler stream_id=328 class=Rpc body_bytes=198
2026-09-26T01:47:41.781637Z DEBUG netbaiot_transports::business_rpc::v3: business RPC V3 selected frame stream_id=328 frame_type=Open payload_bytes=158
2026-09-26T01:47:41.781665Z DEBUG netbaiot_transports::business_rpc::v3: business RPC V3 writer completed frame stream_id=328 frame_type=Open payload_bytes=158
2026-09-26T01:47:41.781679Z DEBUG netbaiot_transports::business_rpc::v3: business RPC V3 selected frame stream_id=328 frame_type=Data payload_bytes=198
2026-09-26T01:47:41.781692Z DEBUG netbaiot_transports::business_rpc::v3: business RPC V3 writer completed frame stream_id=328 frame_type=Data payload_bytes=198
2026-09-26T01:47:41.786521Z DEBUG netbaiot_transports::business_rpc::v3: business RPC V3 received frame stream_id=0 frame_type=WindowUpdate payload_bytes=4
2026-09-26T01:47:41.786563Z DEBUG netbaiot_transports::business_rpc::v3: business RPC V3 received frame stream_id=0 frame_type=WindowUpdate payload_bytes=4
2026-09-26T01:47:41.786578Z DEBUG netbaiot_transports::business_rpc::v3: business RPC V3 received frame stream_id=320 frame_type=Response payload_bytes=35
2026-09-26T01:47:41.786594Z DEBUG netbaiot_transports::business_rpc::v3: business RPC V3 received frame stream_id=320 frame_type=Data payload_bytes=216
2026-09-26T01:47:41.786622Z DEBUG netbaiot_transports::business_rpc::v3: business RPC V3 received frame stream_id=318 frame_type=Response payload_bytes=35
2026-09-26T01:47:41.786636Z DEBUG netbaiot_transports::business_rpc::v3: business RPC V3 received frame stream_id=318 frame_type=Data payload_bytes=216
2026-09-26T01:47:41.786637Z DEBUG netbaiot_transports::business_rpc::v3: business RPC V3 selected frame stream_id=0 frame_type=WindowUpdate payload_bytes=4
2026-09-26T01:47:41.786672Z DEBUG netbaiot_transports::business_rpc::v3: business RPC V3 writer completed frame stream_id=0 frame_type=WindowUpdate payload_bytes=4
2026-09-26T01:47:41.786685Z DEBUG netbaiot_transports::business_rpc::v3: business RPC V3 selected frame stream_id=0 frame_type=WindowUpdate payload_bytes=4
2026-09-26T01:47:41.786698Z DEBUG netbaiot_transports::business_rpc::v3: business RPC V3 writer completed frame stream_id=0 frame_type=WindowUpdate payload_bytes=4
2026-09-26T01:47:41.787208Z DEBUG netbaiot_transports::business_rpc::v3: business RPC V3 body entered scheduler stream_id=330 class=Rpc body_bytes=198
2026-09-26T01:47:41.787279Z DEBUG netbaiot_transports::business_rpc::v3: business RPC V3 body entered scheduler stream_id=332 class=Rpc body_bytes=198
2026-09-26T01:47:41.787293Z DEBUG netbaiot_transports::business_rpc::v3: business RPC V3 selected frame stream_id=330 frame_type=Open payload_bytes=158
2026-09-26T01:47:41.787315Z DEBUG netbaiot_transports::business_rpc::v3: business RPC V3 writer completed frame stream_id=330 frame_type=Open payload_bytes=158
2026-09-26T01:47:41.787327Z DEBUG netbaiot_transports::business_rpc::v3: business RPC V3 selected frame stream_id=332 frame_type=Open payload_bytes=158
2026-09-26T01:47:41.787340Z DEBUG netbaiot_transports::business_rpc::v3: business RPC V3 writer completed frame stream_id=332 frame_type=Open payload_bytes=158
2026-09-26T01:47:41.787350Z DEBUG netbaiot_transports::business_rpc::v3: business RPC V3 selected frame stream_id=330 frame_type=Data payload_bytes=198
2026-09-26T01:47:41.787365Z DEBUG netbaiot_transports::business_rpc::v3: business RPC V3 writer completed frame stream_id=330 frame_type=Data payload_bytes=198
2026-09-26T01:47:41.787375Z DEBUG netbaiot_transports::business_rpc::v3: business RPC V3 selected frame stream_id=332 frame_type=Data payload_bytes=198
2026-09-26T01:47:41.787389Z DEBUG netbaiot_transports::business_rpc::v3: business RPC V3 writer completed frame stream_id=332 frame_type=Data payload_bytes=198
2026-09-26T01:47:41.843796Z DEBUG netbaiot_transports::business_rpc::v3: business RPC V3 received frame stream_id=0 frame_type=WindowUpdate payload_bytes=4
2026-09-26T01:47:41.843838Z DEBUG netbaiot_transports::business_rpc::v3: business RPC V3 received frame stream_id=0 frame_type=WindowUpdate payload_bytes=4
2026-09-26T01:47:41.843848Z DEBUG netbaiot_transports::business_rpc::v3: business RPC V3 received frame stream_id=324 frame_type=Response payload_bytes=35
2026-09-26T01:47:41.843860Z DEBUG netbaiot_transports::business_rpc::v3: business RPC V3 received frame stream_id=324 frame_type=Data payload_bytes=216
2026-09-26T01:47:41.843888Z DEBUG netbaiot_transports::business_rpc::v3: business RPC V3 received frame stream_id=322 frame_type=Response payload_bytes=35
2026-09-26T01:47:41.843900Z DEBUG netbaiot_transports::business_rpc::v3: business RPC V3 received frame stream_id=322 frame_type=Data payload_bytes=216
2026-09-26T01:47:41.843908Z DEBUG netbaiot_transports::business_rpc::v3: business RPC V3 selected frame stream_id=0 frame_type=WindowUpdate payload_bytes=4
2026-09-26T01:47:41.843936Z DEBUG netbaiot_transports::business_rpc::v3: business RPC V3 writer completed frame stream_id=0 frame_type=WindowUpdate payload_bytes=4
2026-09-26T01:47:41.843949Z DEBUG netbaiot_transports::business_rpc::v3: business RPC V3 selected frame stream_id=0 frame_type=WindowUpdate payload_bytes=4
2026-09-26T01:47:41.843962Z DEBUG netbaiot_transports::business_rpc::v3: business RPC V3 writer completed frame stream_id=0 frame_type=WindowUpdate payload_bytes=4
2026-09-26T01:47:41.844329Z DEBUG netbaiot_transports::business_rpc::v3: business RPC V3 body entered scheduler stream_id=334 class=Rpc body_bytes=198
2026-09-26T01:47:41.844362Z DEBUG netbaiot_transports::business_rpc::v3: business RPC V3 body entered scheduler stream_id=336 class=Rpc body_bytes=198
2026-09-26T01:47:41.844372Z DEBUG netbaiot_transports::business_rpc::v3: business RPC V3 selected frame stream_id=334 frame_type=Open payload_bytes=158
2026-09-26T01:47:41.844390Z DEBUG netbaiot_transports::business_rpc::v3: business RPC V3 writer completed frame stream_id=334 frame_type=Open payload_bytes=158
2026-09-26T01:47:41.844403Z DEBUG netbaiot_transports::business_rpc::v3: business RPC V3 selected frame stream_id=336 frame_type=Open payload_bytes=158
2026-09-26T01:47:41.844416Z DEBUG netbaiot_transports::business_rpc::v3: business RPC V3 writer completed frame stream_id=336 frame_type=Open payload_bytes=158
2026-09-26T01:47:41.844426Z DEBUG netbaiot_transports::business_rpc::v3: business RPC V3 selected frame stream_id=334 frame_type=Data payload_bytes=198
2026-09-26T01:47:41.844439Z DEBUG netbaiot_transports::business_rpc::v3: business RPC V3 writer completed frame stream_id=334 frame_type=Data payload_bytes=198
2026-09-26T01:47:41.844483Z DEBUG netbaiot_transports::business_rpc::v3: business RPC V3 selected frame stream_id=336 frame_type=Data payload_bytes=198
2026-09-26T01:47:41.844499Z DEBUG netbaiot_transports::business_rpc::v3: business RPC V3 writer completed frame stream_id=336 frame_type=Data payload_bytes=198
2026-09-26T01:47:41.854299Z DEBUG netbaiot_transports::business_rpc::v3: business RPC V3 body entered scheduler stream_id=338 class=Event body_bytes=17366
2026-09-26T01:47:41.854326Z DEBUG netbaiot_transports::business_rpc::v3: business RPC V3 selected frame stream_id=338 frame_type=Open payload_bytes=184
2026-09-26T01:47:41.854341Z DEBUG netbaiot_transports::business_rpc::v3: business RPC V3 writer completed frame stream_id=338 frame_type=Open payload_bytes=184
2026-09-26T01:47:41.854351Z DEBUG netbaiot_transports::business_rpc::v3: business RPC V3 selected frame stream_id=338 frame_type=Data payload_bytes=8192
2026-09-26T01:47:41.854363Z DEBUG netbaiot_transports::business_rpc::v3: business RPC V3 writer completed frame stream_id=338 frame_type=Data payload_bytes=8192
2026-09-26T01:47:41.854370Z DEBUG netbaiot_transports::business_rpc::v3: business RPC V3 selected frame stream_id=338 frame_type=Data payload_bytes=8192
2026-09-26T01:47:41.854384Z DEBUG netbaiot_transports::business_rpc::v3: business RPC V3 writer completed frame stream_id=338 frame_type=Data payload_bytes=8192
2026-09-26T01:47:41.871429Z DEBUG netbaiot_transports::business_rpc::v3: business RPC V3 received frame stream_id=0 frame_type=WindowUpdate payload_bytes=4
2026-09-26T01:47:41.871471Z DEBUG netbaiot_transports::business_rpc::v3: business RPC V3 received frame stream_id=0 frame_type=WindowUpdate payload_bytes=4
2026-09-26T01:47:41.871483Z DEBUG netbaiot_transports::business_rpc::v3: business RPC V3 received frame stream_id=326 frame_type=Response payload_bytes=35
2026-09-26T01:47:41.871496Z DEBUG netbaiot_transports::business_rpc::v3: business RPC V3 received frame stream_id=328 frame_type=Response payload_bytes=35
2026-09-26T01:47:41.871509Z DEBUG netbaiot_transports::business_rpc::v3: business RPC V3 received frame stream_id=326 frame_type=Data payload_bytes=216
2026-09-26T01:47:41.871539Z DEBUG netbaiot_transports::business_rpc::v3: business RPC V3 received frame stream_id=328 frame_type=Data payload_bytes=216
2026-09-26T01:47:41.871550Z DEBUG netbaiot_transports::business_rpc::v3: business RPC V3 selected frame stream_id=0 frame_type=WindowUpdate payload_bytes=4
2026-09-26T01:47:41.871576Z DEBUG netbaiot_transports::business_rpc::v3: business RPC V3 writer completed frame stream_id=0 frame_type=WindowUpdate payload_bytes=4
2026-09-26T01:47:41.871589Z DEBUG netbaiot_transports::business_rpc::v3: business RPC V3 selected frame stream_id=0 frame_type=WindowUpdate payload_bytes=4
2026-09-26T01:47:41.871602Z DEBUG netbaiot_transports::business_rpc::v3: business RPC V3 writer completed frame stream_id=0 frame_type=WindowUpdate payload_bytes=4
2026-09-26T01:47:41.871990Z DEBUG netbaiot_transports::business_rpc::v3: business RPC V3 body entered scheduler stream_id=340 class=Rpc body_bytes=198
2026-09-26T01:47:41.872018Z DEBUG netbaiot_transports::business_rpc::v3: business RPC V3 body entered scheduler stream_id=342 class=Rpc body_bytes=198
2026-09-26T01:47:41.872029Z DEBUG netbaiot_transports::business_rpc::v3: business RPC V3 selected frame stream_id=340 frame_type=Open payload_bytes=158
2026-09-26T01:47:41.872046Z DEBUG netbaiot_transports::business_rpc::v3: business RPC V3 writer completed frame stream_id=340 frame_type=Open payload_bytes=158
2026-09-26T01:47:41.872058Z DEBUG netbaiot_transports::business_rpc::v3: business RPC V3 selected frame stream_id=342 frame_type=Open payload_bytes=158
2026-09-26T01:47:41.872071Z DEBUG netbaiot_transports::business_rpc::v3: business RPC V3 writer completed frame stream_id=342 frame_type=Open payload_bytes=158
2026-09-26T01:47:41.872080Z DEBUG netbaiot_transports::business_rpc::v3: business RPC V3 selected frame stream_id=340 frame_type=Data payload_bytes=198
2026-09-26T01:47:41.872133Z DEBUG netbaiot_transports::business_rpc::v3: business RPC V3 writer completed frame stream_id=340 frame_type=Data payload_bytes=198
2026-09-26T01:47:41.872144Z DEBUG netbaiot_transports::business_rpc::v3: business RPC V3 selected frame stream_id=342 frame_type=Data payload_bytes=198
2026-09-26T01:47:41.872157Z DEBUG netbaiot_transports::business_rpc::v3: business RPC V3 writer completed frame stream_id=342 frame_type=Data payload_bytes=198
2026-09-26T01:47:41.900427Z DEBUG netbaiot_transports::business_rpc::v3: business RPC V3 received frame stream_id=0 frame_type=WindowUpdate payload_bytes=4
2026-09-26T01:47:41.900529Z DEBUG netbaiot_transports::business_rpc::v3: business RPC V3 received frame stream_id=0 frame_type=WindowUpdate payload_bytes=4
2026-09-26T01:47:41.900548Z DEBUG netbaiot_transports::business_rpc::v3: business RPC V3 received frame stream_id=332 frame_type=Response payload_bytes=35
2026-09-26T01:47:41.900568Z DEBUG netbaiot_transports::business_rpc::v3: business RPC V3 received frame stream_id=330 frame_type=Response payload_bytes=35
2026-09-26T01:47:41.900578Z DEBUG netbaiot_transports::business_rpc::v3: business RPC V3 received frame stream_id=332 frame_type=Data payload_bytes=216
2026-09-26T01:47:41.900632Z DEBUG netbaiot_transports::business_rpc::v3: business RPC V3 received frame stream_id=330 frame_type=Data payload_bytes=216
2026-09-26T01:47:41.900667Z DEBUG netbaiot_transports::business_rpc::v3: business RPC V3 selected frame stream_id=0 frame_type=WindowUpdate payload_bytes=4
2026-09-26T01:47:41.900748Z DEBUG netbaiot_transports::business_rpc::v3: business RPC V3 writer completed frame stream_id=0 frame_type=WindowUpdate payload_bytes=4
2026-09-26T01:47:41.900766Z DEBUG netbaiot_transports::business_rpc::v3: business RPC V3 selected frame stream_id=0 frame_type=WindowUpdate payload_bytes=4
2026-09-26T01:47:41.900779Z DEBUG netbaiot_transports::business_rpc::v3: business RPC V3 writer completed frame stream_id=0 frame_type=WindowUpdate payload_bytes=4
2026-09-26T01:47:41.901525Z DEBUG netbaiot_transports::business_rpc::v3: business RPC V3 body entered scheduler stream_id=344 class=Rpc body_bytes=198
2026-09-26T01:47:41.901587Z DEBUG netbaiot_transports::business_rpc::v3: business RPC V3 body entered scheduler stream_id=346 class=Rpc body_bytes=198
2026-09-26T01:47:41.901603Z DEBUG netbaiot_transports::business_rpc::v3: business RPC V3 selected frame stream_id=344 frame_type=Open payload_bytes=158
2026-09-26T01:47:41.901643Z DEBUG netbaiot_transports::business_rpc::v3: business RPC V3 writer completed frame stream_id=344 frame_type=Open payload_bytes=158
2026-09-26T01:47:41.901658Z DEBUG netbaiot_transports::business_rpc::v3: business RPC V3 selected frame stream_id=346 frame_type=Open payload_bytes=158
2026-09-26T01:47:41.901670Z DEBUG netbaiot_transports::business_rpc::v3: business RPC V3 writer completed frame stream_id=346 frame_type=Open payload_bytes=158
2026-09-26T01:47:41.901680Z DEBUG netbaiot_transports::business_rpc::v3: business RPC V3 selected frame stream_id=344 frame_type=Data payload_bytes=198
2026-09-26T01:47:41.901692Z DEBUG netbaiot_transports::business_rpc::v3: business RPC V3 writer completed frame stream_id=344 frame_type=Data payload_bytes=198
2026-09-26T01:47:41.901701Z DEBUG netbaiot_transports::business_rpc::v3: business RPC V3 selected frame stream_id=346 frame_type=Data payload_bytes=198
2026-09-26T01:47:41.901710Z DEBUG netbaiot_transports::business_rpc::v3: business RPC V3 writer completed frame stream_id=346 frame_type=Data payload_bytes=198
2026-09-26T01:47:41.902930Z DEBUG netbaiot_transports::business_rpc::v3: business RPC V3 body entered scheduler stream_id=348 class=Rpc body_bytes=198
2026-09-26T01:47:41.902980Z DEBUG netbaiot_transports::business_rpc::v3: business RPC V3 selected frame stream_id=348 frame_type=Open payload_bytes=158
2026-09-26T01:47:41.903018Z DEBUG netbaiot_transports::business_rpc::v3: business RPC V3 writer completed frame stream_id=348 frame_type=Open payload_bytes=158
2026-09-26T01:47:41.903110Z DEBUG netbaiot_transports::business_rpc::v3: business RPC V3 selected frame stream_id=348 frame_type=Data payload_bytes=198
2026-09-26T01:47:41.903134Z DEBUG netbaiot_transports::business_rpc::v3: business RPC V3 writer completed frame stream_id=348 frame_type=Data payload_bytes=198
2026-09-26T01:47:42.003916Z DEBUG netbaiot_transports::business_rpc::v3: business RPC V3 body entered scheduler stream_id=350 class=Rpc body_bytes=198
2026-09-26T01:47:42.004002Z DEBUG netbaiot_transports::business_rpc::v3: business RPC V3 selected frame stream_id=350 frame_type=Open payload_bytes=158
2026-09-26T01:47:42.004077Z DEBUG netbaiot_transports::business_rpc::v3: business RPC V3 writer completed frame stream_id=350 frame_type=Open payload_bytes=158
2026-09-26T01:47:42.004101Z DEBUG netbaiot_transports::business_rpc::v3: business RPC V3 selected frame stream_id=350 frame_type=Data payload_bytes=198
2026-09-26T01:47:42.004115Z DEBUG netbaiot_transports::business_rpc::v3: business RPC V3 writer completed frame stream_id=350 frame_type=Data payload_bytes=198
2026-09-26T01:47:42.018227Z DEBUG netbaiot_transports::business_rpc::v3: business RPC V3 received frame stream_id=0 frame_type=WindowUpdate payload_bytes=4
2026-09-26T01:47:42.018351Z DEBUG netbaiot_transports::business_rpc::v3: business RPC V3 received frame stream_id=0 frame_type=WindowUpdate payload_bytes=4
2026-09-26T01:47:42.018386Z DEBUG netbaiot_transports::business_rpc::v3: business RPC V3 received frame stream_id=0 frame_type=WindowUpdate payload_bytes=4
2026-09-26T01:47:42.018403Z DEBUG netbaiot_transports::business_rpc::v3: business RPC V3 received frame stream_id=338 frame_type=WindowUpdate payload_bytes=4
2026-09-26T01:47:42.018414Z DEBUG netbaiot_transports::business_rpc::v3: business RPC V3 received frame stream_id=336 frame_type=Response payload_bytes=35
2026-09-26T01:47:42.018432Z DEBUG netbaiot_transports::business_rpc::v3: business RPC V3 received frame stream_id=334 frame_type=Response payload_bytes=35
2026-09-26T01:47:42.018446Z DEBUG netbaiot_transports::business_rpc::v3: business RPC V3 received frame stream_id=336 frame_type=Data payload_bytes=216
2026-09-26T01:47:42.018506Z DEBUG netbaiot_transports::business_rpc::v3: business RPC V3 received frame stream_id=334 frame_type=Data payload_bytes=216
2026-09-26T01:47:42.018549Z DEBUG netbaiot_transports::business_rpc::v3: business RPC V3 selected frame stream_id=0 frame_type=WindowUpdate payload_bytes=4
2026-09-26T01:47:42.018626Z DEBUG netbaiot_transports::business_rpc::v3: business RPC V3 writer completed frame stream_id=0 frame_type=WindowUpdate payload_bytes=4
2026-09-26T01:47:42.018645Z DEBUG netbaiot_transports::business_rpc::v3: business RPC V3 selected frame stream_id=0 frame_type=WindowUpdate payload_bytes=4
2026-09-26T01:47:42.018658Z DEBUG netbaiot_transports::business_rpc::v3: business RPC V3 writer completed frame stream_id=0 frame_type=WindowUpdate payload_bytes=4
2026-09-26T01:47:42.018673Z DEBUG netbaiot_transports::business_rpc::v3: business RPC V3 selected frame stream_id=338 frame_type=Data payload_bytes=982
2026-09-26T01:47:42.018688Z DEBUG netbaiot_transports::business_rpc::v3: business RPC V3 writer completed frame stream_id=338 frame_type=Data payload_bytes=982
2026-09-26T01:47:42.019384Z DEBUG netbaiot_transports::business_rpc::v3: business RPC V3 body entered scheduler stream_id=352 class=Rpc body_bytes=198
2026-09-26T01:47:42.019420Z DEBUG netbaiot_transports::business_rpc::v3: business RPC V3 selected frame stream_id=352 frame_type=Open payload_bytes=158
2026-09-26T01:47:42.019441Z DEBUG netbaiot_transports::business_rpc::v3: business RPC V3 writer completed frame stream_id=352 frame_type=Open payload_bytes=158
2026-09-26T01:47:42.019453Z DEBUG netbaiot_transports::business_rpc::v3: business RPC V3 selected frame stream_id=352 frame_type=Data payload_bytes=198
2026-09-26T01:47:42.019464Z DEBUG netbaiot_transports::business_rpc::v3: business RPC V3 writer completed frame stream_id=352 frame_type=Data payload_bytes=198
2026-09-26T01:47:42.019583Z DEBUG netbaiot_transports::business_rpc::v3: business RPC V3 body entered scheduler stream_id=354 class=Rpc body_bytes=198
2026-09-26T01:47:42.019595Z DEBUG netbaiot_transports::business_rpc::v3: business RPC V3 selected frame stream_id=354 frame_type=Open payload_bytes=158
2026-09-26T01:47:42.019609Z DEBUG netbaiot_transports::business_rpc::v3: business RPC V3 writer completed frame stream_id=354 frame_type=Open payload_bytes=158
2026-09-26T01:47:42.019619Z DEBUG netbaiot_transports::business_rpc::v3: business RPC V3 selected frame stream_id=354 frame_type=Data payload_bytes=198
2026-09-26T01:47:42.019630Z DEBUG netbaiot_transports::business_rpc::v3: business RPC V3 writer completed frame stream_id=354 frame_type=Data payload_bytes=198
2026-09-26T01:47:42.051332Z DEBUG netbaiot_transports::business_rpc::v3: business RPC V3 received frame stream_id=0 frame_type=WindowUpdate payload_bytes=4
2026-09-26T01:47:42.051423Z DEBUG netbaiot_transports::business_rpc::v3: business RPC V3 received frame stream_id=338 frame_type=WindowUpdate payload_bytes=4
2026-09-26T01:47:42.051433Z DEBUG netbaiot_transports::business_rpc::v3: business RPC V3 received frame stream_id=0 frame_type=WindowUpdate payload_bytes=4
2026-09-26T01:47:42.051441Z DEBUG netbaiot_transports::business_rpc::v3: business RPC V3 received frame stream_id=0 frame_type=WindowUpdate payload_bytes=4
2026-09-26T01:47:42.051449Z DEBUG netbaiot_transports::business_rpc::v3: business RPC V3 received frame stream_id=0 frame_type=WindowUpdate payload_bytes=4
2026-09-26T01:47:42.051457Z DEBUG netbaiot_transports::business_rpc::v3: business RPC V3 received frame stream_id=0 frame_type=WindowUpdate payload_bytes=4
2026-09-26T01:47:42.051463Z DEBUG netbaiot_transports::business_rpc::v3: business RPC V3 received frame stream_id=0 frame_type=WindowUpdate payload_bytes=4
2026-09-26T01:47:42.051473Z DEBUG netbaiot_transports::business_rpc::v3: business RPC V3 received frame stream_id=348 frame_type=Response payload_bytes=35
2026-09-26T01:47:42.051487Z DEBUG netbaiot_transports::business_rpc::v3: business RPC V3 received frame stream_id=342 frame_type=Response payload_bytes=35
2026-09-26T01:47:42.051498Z DEBUG netbaiot_transports::business_rpc::v3: business RPC V3 received frame stream_id=348 frame_type=Data payload_bytes=216
2026-09-26T01:47:42.051540Z DEBUG netbaiot_transports::business_rpc::v3: business RPC V3 received frame stream_id=344 frame_type=Response payload_bytes=35
2026-09-26T01:47:42.051551Z DEBUG netbaiot_transports::business_rpc::v3: business RPC V3 received frame stream_id=346 frame_type=Response payload_bytes=35
2026-09-26T01:47:42.051558Z DEBUG netbaiot_transports::business_rpc::v3: business RPC V3 received frame stream_id=340 frame_type=Response payload_bytes=35
2026-09-26T01:47:42.051565Z DEBUG netbaiot_transports::business_rpc::v3: business RPC V3 received frame stream_id=342 frame_type=Data payload_bytes=216
2026-09-26T01:47:42.051580Z DEBUG netbaiot_transports::business_rpc::v3: business RPC V3 received frame stream_id=344 frame_type=Data payload_bytes=216
2026-09-26T01:47:42.051578Z DEBUG netbaiot_transports::business_rpc::v3: business RPC V3 selected frame stream_id=0 frame_type=WindowUpdate payload_bytes=4
2026-09-26T01:47:42.051619Z DEBUG netbaiot_transports::business_rpc::v3: business RPC V3 received frame stream_id=346 frame_type=Data payload_bytes=216
2026-09-26T01:47:42.051620Z DEBUG netbaiot_transports::business_rpc::v3: business RPC V3 writer completed frame stream_id=0 frame_type=WindowUpdate payload_bytes=4
2026-09-26T01:47:42.051651Z DEBUG netbaiot_transports::business_rpc::v3: business RPC V3 selected frame stream_id=0 frame_type=WindowUpdate payload_bytes=4
2026-09-26T01:47:42.051643Z DEBUG netbaiot_transports::business_rpc::v3: business RPC V3 received frame stream_id=340 frame_type=Data payload_bytes=216
2026-09-26T01:47:42.051669Z DEBUG netbaiot_transports::business_rpc::v3: business RPC V3 writer completed frame stream_id=0 frame_type=WindowUpdate payload_bytes=4
2026-09-26T01:47:42.051698Z DEBUG netbaiot_transports::business_rpc::v3: business RPC V3 selected frame stream_id=0 frame_type=WindowUpdate payload_bytes=4
2026-09-26T01:47:42.051781Z DEBUG netbaiot_transports::business_rpc::v3: business RPC V3 writer completed frame stream_id=0 frame_type=WindowUpdate payload_bytes=4
2026-09-26T01:47:42.051796Z DEBUG netbaiot_transports::business_rpc::v3: business RPC V3 selected frame stream_id=0 frame_type=WindowUpdate payload_bytes=4
2026-09-26T01:47:42.051808Z DEBUG netbaiot_transports::business_rpc::v3: business RPC V3 writer completed frame stream_id=0 frame_type=WindowUpdate payload_bytes=4
2026-09-26T01:47:42.051818Z DEBUG netbaiot_transports::business_rpc::v3: business RPC V3 selected frame stream_id=0 frame_type=WindowUpdate payload_bytes=4
2026-09-26T01:47:42.051831Z DEBUG netbaiot_transports::business_rpc::v3: business RPC V3 writer completed frame stream_id=0 frame_type=WindowUpdate payload_bytes=4
2026-09-26T01:47:42.052393Z DEBUG netbaiot_transports::business_rpc::v3: business RPC V3 body entered scheduler stream_id=356 class=Rpc body_bytes=198
2026-09-26T01:47:42.052449Z DEBUG netbaiot_transports::business_rpc::v3: business RPC V3 body entered scheduler stream_id=358 class=Rpc body_bytes=198
2026-09-26T01:47:42.052458Z DEBUG netbaiot_transports::business_rpc::v3: business RPC V3 body entered scheduler stream_id=360 class=Rpc body_bytes=198
2026-09-26T01:47:42.052467Z DEBUG netbaiot_transports::business_rpc::v3: business RPC V3 body entered scheduler stream_id=362 class=Rpc body_bytes=198
2026-09-26T01:47:42.052474Z DEBUG netbaiot_transports::business_rpc::v3: business RPC V3 selected frame stream_id=356 frame_type=Open payload_bytes=158
2026-09-26T01:47:42.052490Z DEBUG netbaiot_transports::business_rpc::v3: business RPC V3 writer completed frame stream_id=356 frame_type=Open payload_bytes=158
2026-09-26T01:47:42.052501Z DEBUG netbaiot_transports::business_rpc::v3: business RPC V3 body entered scheduler stream_id=364 class=Rpc body_bytes=198
2026-09-26T01:47:42.052506Z DEBUG netbaiot_transports::business_rpc::v3: business RPC V3 selected frame stream_id=358 frame_type=Open payload_bytes=158
2026-09-26T01:47:42.052515Z DEBUG netbaiot_transports::business_rpc::v3: business RPC V3 writer completed frame stream_id=358 frame_type=Open payload_bytes=158
2026-09-26T01:47:42.052522Z DEBUG netbaiot_transports::business_rpc::v3: business RPC V3 selected frame stream_id=360 frame_type=Open payload_bytes=158
2026-09-26T01:47:42.052530Z DEBUG netbaiot_transports::business_rpc::v3: business RPC V3 writer completed frame stream_id=360 frame_type=Open payload_bytes=158
2026-09-26T01:47:42.052536Z DEBUG netbaiot_transports::business_rpc::v3: business RPC V3 selected frame stream_id=362 frame_type=Open payload_bytes=158
2026-09-26T01:47:42.052545Z DEBUG netbaiot_transports::business_rpc::v3: business RPC V3 writer completed frame stream_id=362 frame_type=Open payload_bytes=158
2026-09-26T01:47:42.052554Z DEBUG netbaiot_transports::business_rpc::v3: business RPC V3 selected frame stream_id=356 frame_type=Data payload_bytes=198
2026-09-26T01:47:42.052563Z DEBUG netbaiot_transports::business_rpc::v3: business RPC V3 writer completed frame stream_id=356 frame_type=Data payload_bytes=198
2026-09-26T01:47:42.052572Z DEBUG netbaiot_transports::business_rpc::v3: business RPC V3 selected frame stream_id=364 frame_type=Open payload_bytes=158
2026-09-26T01:47:42.052582Z DEBUG netbaiot_transports::business_rpc::v3: business RPC V3 writer completed frame stream_id=364 frame_type=Open payload_bytes=158
2026-09-26T01:47:42.052589Z DEBUG netbaiot_transports::business_rpc::v3: business RPC V3 selected frame stream_id=358 frame_type=Data payload_bytes=198
2026-09-26T01:47:42.052599Z DEBUG netbaiot_transports::business_rpc::v3: business RPC V3 writer completed frame stream_id=358 frame_type=Data payload_bytes=198
2026-09-26T01:47:42.052607Z DEBUG netbaiot_transports::business_rpc::v3: business RPC V3 selected frame stream_id=360 frame_type=Data payload_bytes=198
2026-09-26T01:47:42.052616Z DEBUG netbaiot_transports::business_rpc::v3: business RPC V3 writer completed frame stream_id=360 frame_type=Data payload_bytes=198
2026-09-26T01:47:42.052684Z DEBUG netbaiot_transports::business_rpc::v3: business RPC V3 selected frame stream_id=362 frame_type=Data payload_bytes=198
2026-09-26T01:47:42.052696Z DEBUG netbaiot_transports::business_rpc::v3: business RPC V3 writer completed frame stream_id=362 frame_type=Data payload_bytes=198
2026-09-26T01:47:42.052704Z DEBUG netbaiot_transports::business_rpc::v3: business RPC V3 selected frame stream_id=364 frame_type=Data payload_bytes=198
2026-09-26T01:47:42.052714Z DEBUG netbaiot_transports::business_rpc::v3: business RPC V3 writer completed frame stream_id=364 frame_type=Data payload_bytes=198
2026-09-26T01:47:42.098747Z DEBUG netbaiot_transports::business_rpc::v3: business RPC V3 body entered scheduler stream_id=366 class=Rpc body_bytes=198
2026-09-26T01:47:42.098851Z DEBUG netbaiot_transports::business_rpc::v3: business RPC V3 selected frame stream_id=366 frame_type=Open payload_bytes=158
2026-09-26T01:47:42.098892Z DEBUG netbaiot_transports::business_rpc::v3: business RPC V3 writer completed frame stream_id=366 frame_type=Open payload_bytes=158
2026-09-26T01:47:42.098912Z DEBUG netbaiot_transports::business_rpc::v3: business RPC V3 selected frame stream_id=366 frame_type=Data payload_bytes=198
2026-09-26T01:47:42.098926Z DEBUG netbaiot_transports::business_rpc::v3: business RPC V3 writer completed frame stream_id=366 frame_type=Data payload_bytes=198
2026-09-26T01:47:42.125317Z DEBUG netbaiot_transports::business_rpc::v3: business RPC V3 received frame stream_id=0 frame_type=WindowUpdate payload_bytes=4
2026-09-26T01:47:42.125418Z DEBUG netbaiot_transports::business_rpc::v3: business RPC V3 received frame stream_id=0 frame_type=WindowUpdate payload_bytes=4
2026-09-26T01:47:42.125438Z DEBUG netbaiot_transports::business_rpc::v3: business RPC V3 received frame stream_id=0 frame_type=WindowUpdate payload_bytes=4
2026-09-26T01:47:42.125447Z DEBUG netbaiot_transports::business_rpc::v3: business RPC V3 received frame stream_id=0 frame_type=WindowUpdate payload_bytes=4
2026-09-26T01:47:42.125455Z DEBUG netbaiot_transports::business_rpc::v3: business RPC V3 received frame stream_id=354 frame_type=Response payload_bytes=35
2026-09-26T01:47:42.125471Z DEBUG netbaiot_transports::business_rpc::v3: business RPC V3 received frame stream_id=352 frame_type=Response payload_bytes=35
2026-09-26T01:47:42.125481Z DEBUG netbaiot_transports::business_rpc::v3: business RPC V3 received frame stream_id=350 frame_type=Response payload_bytes=35
2026-09-26T01:47:42.125490Z DEBUG netbaiot_transports::business_rpc::v3: business RPC V3 received frame stream_id=354 frame_type=Data payload_bytes=216
2026-09-26T01:47:42.125535Z DEBUG netbaiot_transports::business_rpc::v3: business RPC V3 received frame stream_id=352 frame_type=Data payload_bytes=216
2026-09-26T01:47:42.125554Z DEBUG netbaiot_transports::business_rpc::v3: business RPC V3 selected frame stream_id=0 frame_type=WindowUpdate payload_bytes=4
2026-09-26T01:47:42.125557Z DEBUG netbaiot_transports::business_rpc::v3: business RPC V3 received frame stream_id=350 frame_type=Data payload_bytes=216
2026-09-26T01:47:42.125605Z DEBUG netbaiot_transports::business_rpc::v3: business RPC V3 writer completed frame stream_id=0 frame_type=WindowUpdate payload_bytes=4
2026-09-26T01:47:42.125621Z DEBUG netbaiot_transports::business_rpc::v3: business RPC V3 selected frame stream_id=0 frame_type=WindowUpdate payload_bytes=4
2026-09-26T01:47:42.125609Z DEBUG netbaiot_transports::business_rpc::v3: business RPC V3 received frame stream_id=338 frame_type=Response payload_bytes=35
2026-09-26T01:47:42.125639Z DEBUG netbaiot_transports::business_rpc::v3: business RPC V3 writer completed frame stream_id=0 frame_type=WindowUpdate payload_bytes=4
2026-09-26T01:47:42.125660Z DEBUG netbaiot_transports::business_rpc::v3: business RPC V3 selected frame stream_id=0 frame_type=WindowUpdate payload_bytes=4
2026-09-26T01:47:42.125649Z DEBUG netbaiot_transports::business_rpc::v3: business RPC V3 received frame stream_id=338 frame_type=Data payload_bytes=118
2026-09-26T01:47:42.125687Z DEBUG netbaiot_transports::business_rpc::v3: business RPC V3 writer completed frame stream_id=0 frame_type=WindowUpdate payload_bytes=4
2026-09-26T01:47:42.125795Z DEBUG netbaiot_transports::business_rpc::v3: business RPC V3 selected frame stream_id=0 frame_type=WindowUpdate payload_bytes=4
2026-09-26T01:47:42.125813Z DEBUG netbaiot_transports::business_rpc::v3: business RPC V3 writer completed frame stream_id=0 frame_type=WindowUpdate payload_bytes=4
2026-09-26T01:47:42.125779Z DEBUG netbaiot_transports::business_rpc::v3: business RPC V3 Event delivery acknowledged stream_id=338 completion_us=271485
2026-09-26T01:47:42.126460Z DEBUG netbaiot_transports::business_rpc::v3: business RPC V3 body entered scheduler stream_id=368 class=Rpc body_bytes=198
2026-09-26T01:47:42.126519Z DEBUG netbaiot_transports::business_rpc::v3: business RPC V3 selected frame stream_id=368 frame_type=Open payload_bytes=158
2026-09-26T01:47:42.126539Z DEBUG netbaiot_transports::business_rpc::v3: business RPC V3 writer completed frame stream_id=368 frame_type=Open payload_bytes=158
2026-09-26T01:47:42.126554Z DEBUG netbaiot_transports::business_rpc::v3: business RPC V3 selected frame stream_id=368 frame_type=Data payload_bytes=198
2026-09-26T01:47:42.126567Z DEBUG netbaiot_transports::business_rpc::v3: business RPC V3 writer completed frame stream_id=368 frame_type=Data payload_bytes=198
2026-09-26T01:47:42.156249Z DEBUG netbaiot_transports::business_rpc::v3: business RPC V3 received frame stream_id=0 frame_type=WindowUpdate payload_bytes=4
2026-09-26T01:47:42.156346Z DEBUG netbaiot_transports::business_rpc::v3: business RPC V3 received frame stream_id=0 frame_type=WindowUpdate payload_bytes=4
2026-09-26T01:47:42.156364Z DEBUG netbaiot_transports::business_rpc::v3: business RPC V3 received frame stream_id=0 frame_type=WindowUpdate payload_bytes=4
2026-09-26T01:47:42.156373Z DEBUG netbaiot_transports::business_rpc::v3: business RPC V3 received frame stream_id=0 frame_type=WindowUpdate payload_bytes=4
2026-09-26T01:47:42.156381Z DEBUG netbaiot_transports::business_rpc::v3: business RPC V3 received frame stream_id=0 frame_type=WindowUpdate payload_bytes=4
2026-09-26T01:47:42.156388Z DEBUG netbaiot_transports::business_rpc::v3: business RPC V3 received frame stream_id=364 frame_type=Response payload_bytes=35
2026-09-26T01:47:42.156404Z DEBUG netbaiot_transports::business_rpc::v3: business RPC V3 received frame stream_id=356 frame_type=Response payload_bytes=35
2026-09-26T01:47:42.156413Z DEBUG netbaiot_transports::business_rpc::v3: business RPC V3 received frame stream_id=360 frame_type=Response payload_bytes=35
2026-09-26T01:47:42.156421Z DEBUG netbaiot_transports::business_rpc::v3: business RPC V3 received frame stream_id=358 frame_type=Response payload_bytes=35
2026-09-26T01:47:42.156429Z DEBUG netbaiot_transports::business_rpc::v3: business RPC V3 received frame stream_id=364 frame_type=Data payload_bytes=216
2026-09-26T01:47:42.156475Z DEBUG netbaiot_transports::business_rpc::v3: business RPC V3 received frame stream_id=356 frame_type=Data payload_bytes=216
2026-09-26T01:47:42.156492Z DEBUG netbaiot_transports::business_rpc::v3: business RPC V3 selected frame stream_id=0 frame_type=WindowUpdate payload_bytes=4
2026-09-26T01:47:42.156536Z DEBUG netbaiot_transports::business_rpc::v3: business RPC V3 writer completed frame stream_id=0 frame_type=WindowUpdate payload_bytes=4
2026-09-26T01:47:42.156494Z DEBUG netbaiot_transports::business_rpc::v3: business RPC V3 received frame stream_id=360 frame_type=Data payload_bytes=216
2026-09-26T01:47:42.156551Z DEBUG netbaiot_transports::business_rpc::v3: business RPC V3 selected frame stream_id=0 frame_type=WindowUpdate payload_bytes=4
2026-09-26T01:47:42.156593Z DEBUG netbaiot_transports::business_rpc::v3: business RPC V3 writer completed frame stream_id=0 frame_type=WindowUpdate payload_bytes=4
2026-09-26T01:47:42.156610Z DEBUG netbaiot_transports::business_rpc::v3: business RPC V3 selected frame stream_id=0 frame_type=WindowUpdate payload_bytes=4
2026-09-26T01:47:42.156600Z DEBUG netbaiot_transports::business_rpc::v3: business RPC V3 received frame stream_id=358 frame_type=Data payload_bytes=216
2026-09-26T01:47:42.156628Z DEBUG netbaiot_transports::business_rpc::v3: business RPC V3 writer completed frame stream_id=0 frame_type=WindowUpdate payload_bytes=4
2026-09-26T01:47:42.156715Z DEBUG netbaiot_transports::business_rpc::v3: business RPC V3 selected frame stream_id=0 frame_type=WindowUpdate payload_bytes=4
2026-09-26T01:47:42.156703Z DEBUG netbaiot_transports::business_rpc::v3: business RPC V3 received frame stream_id=362 frame_type=Response payload_bytes=35
2026-09-26T01:47:42.156735Z DEBUG netbaiot_transports::business_rpc::v3: business RPC V3 writer completed frame stream_id=0 frame_type=WindowUpdate payload_bytes=4
2026-09-26T01:47:42.156756Z DEBUG netbaiot_transports::business_rpc::v3: business RPC V3 received frame stream_id=362 frame_type=Data payload_bytes=216
2026-09-26T01:47:42.156805Z DEBUG netbaiot_transports::business_rpc::v3: business RPC V3 selected frame stream_id=0 frame_type=WindowUpdate payload_bytes=4
2026-09-26T01:47:42.156818Z DEBUG netbaiot_transports::business_rpc::v3: business RPC V3 writer completed frame stream_id=0 frame_type=WindowUpdate payload_bytes=4
2026-09-26T01:47:42.184596Z DEBUG netbaiot_transports::business_rpc::v3: business RPC V3 received frame stream_id=0 frame_type=WindowUpdate payload_bytes=4
2026-09-26T01:47:42.184684Z DEBUG netbaiot_transports::business_rpc::v3: business RPC V3 received frame stream_id=366 frame_type=Response payload_bytes=35
2026-09-26T01:47:42.184720Z DEBUG netbaiot_transports::business_rpc::v3: business RPC V3 received frame stream_id=366 frame_type=Data payload_bytes=216
2026-09-26T01:47:42.184781Z DEBUG netbaiot_transports::business_rpc::v3: business RPC V3 received frame stream_id=0 frame_type=WindowUpdate payload_bytes=4
2026-09-26T01:47:42.184797Z DEBUG netbaiot_transports::business_rpc::v3: business RPC V3 received frame stream_id=368 frame_type=Response payload_bytes=35
2026-09-26T01:47:42.184806Z DEBUG netbaiot_transports::business_rpc::v3: business RPC V3 received frame stream_id=368 frame_type=Data payload_bytes=216
2026-09-26T01:47:42.184963Z DEBUG netbaiot_transports::business_rpc::v3: business RPC V3 selected frame stream_id=0 frame_type=WindowUpdate payload_bytes=4
2026-09-26T01:47:42.185017Z DEBUG netbaiot_transports::business_rpc::v3: business RPC V3 writer completed frame stream_id=0 frame_type=WindowUpdate payload_bytes=4
2026-09-26T01:47:42.185040Z DEBUG netbaiot_transports::business_rpc::v3: business RPC V3 selected frame stream_id=0 frame_type=WindowUpdate payload_bytes=4
2026-09-26T01:47:42.185055Z DEBUG netbaiot_transports::business_rpc::v3: business RPC V3 writer completed frame stream_id=0 frame_type=WindowUpdate payload_bytes=4
2026-09-26T01:47:42.353871Z DEBUG netbaiot_transports::business_rpc::v3: business RPC V3 body entered scheduler stream_id=370 class=Event body_bytes=17366
2026-09-26T01:47:42.353917Z DEBUG netbaiot_transports::business_rpc::v3: business RPC V3 selected frame stream_id=370 frame_type=Open payload_bytes=184
2026-09-26T01:47:42.353936Z DEBUG netbaiot_transports::business_rpc::v3: business RPC V3 writer completed frame stream_id=370 frame_type=Open payload_bytes=184
2026-09-26T01:47:42.353950Z DEBUG netbaiot_transports::business_rpc::v3: business RPC V3 selected frame stream_id=370 frame_type=Data payload_bytes=8192
2026-09-26T01:47:42.353967Z DEBUG netbaiot_transports::business_rpc::v3: business RPC V3 writer completed frame stream_id=370 frame_type=Data payload_bytes=8192
2026-09-26T01:47:42.353975Z DEBUG netbaiot_transports::business_rpc::v3: business RPC V3 selected frame stream_id=370 frame_type=Data payload_bytes=8192
2026-09-26T01:47:42.353992Z DEBUG netbaiot_transports::business_rpc::v3: business RPC V3 writer completed frame stream_id=370 frame_type=Data payload_bytes=8192
2026-09-26T01:47:42.523281Z DEBUG netbaiot_transports::business_rpc::v3: business RPC V3 received frame stream_id=0 frame_type=WindowUpdate payload_bytes=4
2026-09-26T01:47:42.523327Z DEBUG netbaiot_transports::business_rpc::v3: business RPC V3 received frame stream_id=370 frame_type=WindowUpdate payload_bytes=4
2026-09-26T01:47:42.523373Z DEBUG netbaiot_transports::business_rpc::v3: business RPC V3 selected frame stream_id=370 frame_type=Data payload_bytes=982
2026-09-26T01:47:42.523396Z DEBUG netbaiot_transports::business_rpc::v3: business RPC V3 writer completed frame stream_id=370 frame_type=Data payload_bytes=982
2026-09-26T01:47:42.545617Z DEBUG netbaiot_transports::business_rpc::v3: business RPC V3 body entered scheduler stream_id=372 class=Rpc body_bytes=198
2026-09-26T01:47:42.545658Z DEBUG netbaiot_transports::business_rpc::v3: business RPC V3 selected frame stream_id=372 frame_type=Open payload_bytes=158
2026-09-26T01:47:42.545676Z DEBUG netbaiot_transports::business_rpc::v3: business RPC V3 writer completed frame stream_id=372 frame_type=Open payload_bytes=158
2026-09-26T01:47:42.545687Z DEBUG netbaiot_transports::business_rpc::v3: business RPC V3 selected frame stream_id=372 frame_type=Data payload_bytes=198
2026-09-26T01:47:42.545698Z DEBUG netbaiot_transports::business_rpc::v3: business RPC V3 writer completed frame stream_id=372 frame_type=Data payload_bytes=198
2026-09-26T01:47:42.549323Z DEBUG netbaiot_transports::business_rpc::v3: business RPC V3 received frame stream_id=0 frame_type=WindowUpdate payload_bytes=4
2026-09-26T01:47:42.549365Z DEBUG netbaiot_transports::business_rpc::v3: business RPC V3 received frame stream_id=370 frame_type=WindowUpdate payload_bytes=4
2026-09-26T01:47:42.580883Z DEBUG netbaiot_transports::business_rpc::v3: business RPC V3 body entered scheduler stream_id=374 class=Rpc body_bytes=198
2026-09-26T01:47:42.586035Z DEBUG netbaiot_transports::business_rpc::v3: business RPC V3 selected frame stream_id=374 frame_type=Open payload_bytes=158
2026-09-26T01:47:42.590118Z DEBUG netbaiot_transports::business_rpc::v3: business RPC V3 writer completed frame stream_id=374 frame_type=Open payload_bytes=158
2026-09-26T01:47:42.594526Z DEBUG netbaiot_transports::business_rpc::v3: business RPC V3 selected frame stream_id=374 frame_type=Data payload_bytes=198
2026-09-26T01:47:42.597993Z DEBUG netbaiot_transports::business_rpc::v3: business RPC V3 writer completed frame stream_id=374 frame_type=Data payload_bytes=198
2026-09-26T01:47:42.638015Z DEBUG netbaiot_transports::business_rpc::v3: business RPC V3 received frame stream_id=0 frame_type=WindowUpdate payload_bytes=4
2026-09-26T01:47:42.640108Z DEBUG netbaiot_transports::business_rpc::v3: business RPC V3 received frame stream_id=0 frame_type=WindowUpdate payload_bytes=4
2026-09-26T01:47:42.646038Z DEBUG netbaiot_transports::business_rpc::v3: business RPC V3 received frame stream_id=372 frame_type=Response payload_bytes=35
2026-09-26T01:47:42.647460Z DEBUG netbaiot_transports::business_rpc::v3: business RPC V3 received frame stream_id=372 frame_type=Data payload_bytes=216
2026-09-26T01:47:42.647552Z DEBUG netbaiot_transports::business_rpc::v3: business RPC V3 received frame stream_id=370 frame_type=Response payload_bytes=35
2026-09-26T01:47:42.647565Z DEBUG netbaiot_transports::business_rpc::v3: business RPC V3 received frame stream_id=370 frame_type=Data payload_bytes=118
2026-09-26T01:47:42.647600Z DEBUG netbaiot_transports::business_rpc::v3: business RPC V3 selected frame stream_id=0 frame_type=WindowUpdate payload_bytes=4
2026-09-26T01:47:42.650717Z DEBUG netbaiot_transports::business_rpc::v3: business RPC V3 Event delivery acknowledged stream_id=370 completion_us=296842
2026-09-26T01:47:42.650791Z DEBUG netbaiot_transports::business_rpc::v3: business RPC V3 writer completed frame stream_id=0 frame_type=WindowUpdate payload_bytes=4
2026-09-26T01:47:42.653981Z DEBUG netbaiot_transports::business_rpc::v3: business RPC V3 body entered scheduler stream_id=376 class=Rpc body_bytes=198
2026-09-26T01:47:42.658039Z DEBUG netbaiot_transports::business_rpc::v3: business RPC V3 body entered scheduler stream_id=378 class=Rpc body_bytes=198
2026-09-26T01:47:42.662011Z DEBUG netbaiot_transports::business_rpc::v3: business RPC V3 selected frame stream_id=0 frame_type=WindowUpdate payload_bytes=4
2026-09-26T01:47:42.670738Z DEBUG netbaiot_transports::business_rpc::v3: business RPC V3 writer completed frame stream_id=0 frame_type=WindowUpdate payload_bytes=4
2026-09-26T01:47:42.675751Z DEBUG netbaiot_transports::business_rpc::v3: business RPC V3 selected frame stream_id=376 frame_type=Open payload_bytes=158
2026-09-26T01:47:42.676221Z DEBUG netbaiot_transports::business_rpc::v3: business RPC V3 writer completed frame stream_id=376 frame_type=Open payload_bytes=158
2026-09-26T01:47:42.679085Z DEBUG netbaiot_transports::business_rpc::v3: business RPC V3 selected frame stream_id=378 frame_type=Open payload_bytes=158
2026-09-26T01:47:42.683206Z DEBUG netbaiot_transports::business_rpc::v3: business RPC V3 writer completed frame stream_id=378 frame_type=Open payload_bytes=158
2026-09-26T01:47:42.687101Z DEBUG netbaiot_transports::business_rpc::v3: business RPC V3 selected frame stream_id=376 frame_type=Data payload_bytes=198
2026-09-26T01:47:42.691260Z DEBUG netbaiot_transports::business_rpc::v3: business RPC V3 writer completed frame stream_id=376 frame_type=Data payload_bytes=198
2026-09-26T01:47:42.691309Z DEBUG netbaiot_transports::business_rpc::v3: business RPC V3 selected frame stream_id=378 frame_type=Data payload_bytes=198
2026-09-26T01:47:42.691324Z DEBUG netbaiot_transports::business_rpc::v3: business RPC V3 writer completed frame stream_id=378 frame_type=Data payload_bytes=198
2026-09-26T01:47:42.719931Z DEBUG netbaiot_transports::business_rpc::v3: business RPC V3 received frame stream_id=0 frame_type=WindowUpdate payload_bytes=4
2026-09-26T01:47:42.724085Z DEBUG netbaiot_transports::business_rpc::v3: business RPC V3 received frame stream_id=374 frame_type=Response payload_bytes=35
2026-09-26T01:47:42.724243Z DEBUG netbaiot_transports::business_rpc::v3: business RPC V3 received frame stream_id=374 frame_type=Data payload_bytes=216
2026-09-26T01:47:42.729319Z DEBUG netbaiot_transports::business_rpc::v3: business RPC V3 selected frame stream_id=0 frame_type=WindowUpdate payload_bytes=4
2026-09-26T01:47:42.733190Z DEBUG netbaiot_transports::business_rpc::v3: business RPC V3 writer completed frame stream_id=0 frame_type=WindowUpdate payload_bytes=4
2026-09-26T01:47:42.739302Z DEBUG netbaiot_transports::business_rpc::v3: business RPC V3 body entered scheduler stream_id=380 class=Rpc body_bytes=198
2026-09-26T01:47:42.739352Z DEBUG netbaiot_transports::business_rpc::v3: business RPC V3 body entered scheduler stream_id=382 class=Rpc body_bytes=198
2026-09-26T01:47:42.739377Z DEBUG netbaiot_transports::business_rpc::v3: business RPC V3 selected frame stream_id=380 frame_type=Open payload_bytes=158
2026-09-26T01:47:42.743064Z DEBUG netbaiot_transports::business_rpc::v3: business RPC V3 writer completed frame stream_id=380 frame_type=Open payload_bytes=158
2026-09-26T01:47:42.746954Z DEBUG netbaiot_transports::business_rpc::v3: business RPC V3 selected frame stream_id=382 frame_type=Open payload_bytes=158
2026-09-26T01:47:42.750577Z DEBUG netbaiot_transports::business_rpc::v3: business RPC V3 writer completed frame stream_id=382 frame_type=Open payload_bytes=158
2026-09-26T01:47:42.753216Z DEBUG netbaiot_transports::business_rpc::v3: business RPC V3 selected frame stream_id=380 frame_type=Data payload_bytes=198
2026-09-26T01:47:42.756067Z DEBUG netbaiot_transports::business_rpc::v3: business RPC V3 writer completed frame stream_id=380 frame_type=Data payload_bytes=198
2026-09-26T01:47:42.760125Z DEBUG netbaiot_transports::business_rpc::v3: business RPC V3 selected frame stream_id=382 frame_type=Data payload_bytes=198
2026-09-26T01:47:42.762171Z DEBUG netbaiot_transports::business_rpc::v3: business RPC V3 writer completed frame stream_id=382 frame_type=Data payload_bytes=198
2026-09-26T01:47:42.768261Z DEBUG netbaiot_transports::business_rpc::v3: business RPC V3 body entered scheduler stream_id=384 class=Rpc body_bytes=198
2026-09-26T01:47:42.771200Z DEBUG netbaiot_transports::business_rpc::v3: business RPC V3 selected frame stream_id=384 frame_type=Open payload_bytes=158
2026-09-26T01:47:42.771318Z DEBUG netbaiot_transports::business_rpc::v3: business RPC V3 writer completed frame stream_id=384 frame_type=Open payload_bytes=158
2026-09-26T01:47:42.775112Z DEBUG netbaiot_transports::business_rpc::v3: business RPC V3 selected frame stream_id=384 frame_type=Data payload_bytes=198
2026-09-26T01:47:42.778374Z DEBUG netbaiot_transports::business_rpc::v3: business RPC V3 writer completed frame stream_id=384 frame_type=Data payload_bytes=198
2026-09-26T01:47:42.810707Z DEBUG netbaiot_transports::business_rpc::v3: business RPC V3 body entered scheduler stream_id=386 class=Rpc body_bytes=197
2026-09-26T01:47:42.817154Z DEBUG netbaiot_transports::business_rpc::v3: business RPC V3 selected frame stream_id=386 frame_type=Open payload_bytes=158
2026-09-26T01:47:42.825013Z DEBUG netbaiot_transports::business_rpc::v3: business RPC V3 writer completed frame stream_id=386 frame_type=Open payload_bytes=158
2026-09-26T01:47:42.833005Z DEBUG netbaiot_transports::business_rpc::v3: business RPC V3 selected frame stream_id=386 frame_type=Data payload_bytes=197
2026-09-26T01:47:42.841059Z DEBUG netbaiot_transports::business_rpc::v3: business RPC V3 writer completed frame stream_id=386 frame_type=Data payload_bytes=197
2026-09-26T01:47:42.845237Z DEBUG netbaiot_transports::business_rpc::v3: business RPC V3 received frame stream_id=0 frame_type=WindowUpdate payload_bytes=4
2026-09-26T01:47:42.852099Z DEBUG netbaiot_transports::business_rpc::v3: business RPC V3 received frame stream_id=0 frame_type=WindowUpdate payload_bytes=4
2026-09-26T01:47:42.859270Z DEBUG netbaiot_transports::business_rpc::v3: business RPC V3 received frame stream_id=378 frame_type=Response payload_bytes=35
2026-09-26T01:47:42.863086Z DEBUG netbaiot_transports::business_rpc::v3: business RPC V3 received frame stream_id=376 frame_type=Response payload_bytes=35
2026-09-26T01:47:42.867053Z DEBUG netbaiot_transports::business_rpc::v3: business RPC V3 received frame stream_id=378 frame_type=Data payload_bytes=216
2026-09-26T01:47:42.874242Z DEBUG netbaiot_transports::business_rpc::v3: business RPC V3 received frame stream_id=376 frame_type=Data payload_bytes=216
2026-09-26T01:47:42.874256Z DEBUG netbaiot_transports::business_rpc::v3: business RPC V3 body entered scheduler stream_id=388 class=Rpc body_bytes=198
2026-09-26T01:47:42.881998Z DEBUG netbaiot_transports::business_rpc::v3: business RPC V3 received frame stream_id=0 frame_type=WindowUpdate payload_bytes=4
2026-09-26T01:47:42.886109Z DEBUG netbaiot_transports::business_rpc::v3: business RPC V3 body entered scheduler stream_id=390 class=Event body_bytes=17366
2026-09-26T01:47:42.890078Z DEBUG netbaiot_transports::business_rpc::v3: business RPC V3 body entered scheduler stream_id=392 class=Rpc body_bytes=198
2026-09-26T01:47:42.890097Z DEBUG netbaiot_transports::business_rpc::v3: business RPC V3 selected frame stream_id=388 frame_type=Open payload_bytes=158
2026-09-26T01:47:42.890147Z DEBUG netbaiot_transports::business_rpc::v3: business RPC V3 received frame stream_id=380 frame_type=Response payload_bytes=35
2026-09-26T01:47:42.893997Z DEBUG netbaiot_transports::business_rpc::v3: business RPC V3 received frame stream_id=380 frame_type=Data payload_bytes=216
2026-09-26T01:47:42.893696Z DEBUG netbaiot_transports::business_rpc::v3: business RPC V3 writer completed frame stream_id=388 frame_type=Open payload_bytes=158
2026-09-26T01:47:42.901054Z DEBUG netbaiot_transports::business_rpc::v3: business RPC V3 body entered scheduler stream_id=394 class=Rpc body_bytes=198
2026-09-26T01:47:42.898370Z DEBUG netbaiot_transports::business_rpc::v3: business RPC V3 received frame stream_id=0 frame_type=WindowUpdate payload_bytes=4
2026-09-26T01:47:42.905047Z DEBUG netbaiot_transports::business_rpc::v3: business RPC V3 selected frame stream_id=390 frame_type=Open payload_bytes=184
2026-09-26T01:47:42.912073Z DEBUG netbaiot_transports::business_rpc::v3: business RPC V3 received frame stream_id=0 frame_type=WindowUpdate payload_bytes=4
2026-09-26T01:47:42.916141Z DEBUG netbaiot_transports::business_rpc::v3: business RPC V3 writer completed frame stream_id=390 frame_type=Open payload_bytes=184
2026-09-26T01:47:42.919950Z DEBUG netbaiot_transports::business_rpc::v3: business RPC V3 received frame stream_id=384 frame_type=Response payload_bytes=35
2026-09-26T01:47:42.928520Z DEBUG netbaiot_transports::business_rpc::v3: business RPC V3 body entered scheduler stream_id=396 class=Rpc body_bytes=198
2026-09-26T01:47:42.931129Z DEBUG netbaiot_transports::business_rpc::v3: business RPC V3 received frame stream_id=382 frame_type=Response payload_bytes=35
2026-09-26T01:47:42.935209Z DEBUG netbaiot_transports::business_rpc::v3: business RPC V3 selected frame stream_id=392 frame_type=Open payload_bytes=158
2026-09-26T01:47:42.935256Z DEBUG netbaiot_transports::business_rpc::v3: business RPC V3 received frame stream_id=384 frame_type=Data payload_bytes=216
2026-09-26T01:47:42.942376Z DEBUG netbaiot_transports::business_rpc::v3: business RPC V3 received frame stream_id=382 frame_type=Data payload_bytes=216
2026-09-26T01:47:42.939090Z DEBUG netbaiot_transports::business_rpc::v3: business RPC V3 writer completed frame stream_id=392 frame_type=Open payload_bytes=158
2026-09-26T01:47:42.955286Z DEBUG netbaiot_transports::business_rpc::v3: business RPC V3 body entered scheduler stream_id=398 class=Rpc body_bytes=198
2026-09-26T01:47:42.962086Z DEBUG netbaiot_transports::business_rpc::v3: business RPC V3 body entered scheduler stream_id=400 class=Rpc body_bytes=198
2026-09-26T01:47:42.966256Z DEBUG netbaiot_transports::business_rpc::v3: business RPC V3 body entered scheduler stream_id=402 class=Rpc body_bytes=198
2026-09-26T01:47:42.972947Z DEBUG netbaiot_transports::business_rpc::v3: business RPC V3 body entered scheduler stream_id=404 class=Rpc body_bytes=198
2026-09-26T01:47:42.978818Z DEBUG netbaiot_transports::business_rpc::v3: business RPC V3 received frame stream_id=0 frame_type=WindowUpdate payload_bytes=4
2026-09-26T01:47:42.990424Z DEBUG netbaiot_transports::business_rpc::v3: business RPC V3 received frame stream_id=386 frame_type=Response payload_bytes=35
2026-09-26T01:47:42.983038Z DEBUG netbaiot_transports::business_rpc::v3: business RPC V3 body entered scheduler stream_id=406 class=Rpc body_bytes=198
2026-09-26T01:47:43.000995Z DEBUG netbaiot_transports::business_rpc::v3: business RPC V3 selected frame stream_id=0 frame_type=WindowUpdate payload_bytes=4
2026-09-26T01:47:43.004333Z DEBUG netbaiot_transports::business_rpc::v3: business RPC V3 writer completed frame stream_id=0 frame_type=WindowUpdate payload_bytes=4
2026-09-26T01:47:43.012090Z DEBUG netbaiot_transports::business_rpc::v3: business RPC V3 selected frame stream_id=390 frame_type=Data payload_bytes=8192
2026-09-26T01:47:42.994253Z DEBUG netbaiot_transports::business_rpc::v3: business RPC V3 received frame stream_id=386 frame_type=Data payload_bytes=215
2026-09-26T01:47:43.012195Z DEBUG netbaiot_transports::business_rpc::v3: business RPC V3 writer completed frame stream_id=390 frame_type=Data payload_bytes=8192
2026-09-26T01:47:43.023938Z DEBUG netbaiot_transports::business_rpc::v3: business RPC V3 body entered scheduler stream_id=408 class=Rpc body_bytes=198
2026-09-26T01:47:43.027048Z DEBUG netbaiot_transports::business_rpc::v3: business RPC V3 selected frame stream_id=0 frame_type=WindowUpdate payload_bytes=4
2026-09-26T01:47:43.033751Z DEBUG netbaiot_transports::business_rpc::v3: business RPC V3 writer completed frame stream_id=0 frame_type=WindowUpdate payload_bytes=4
2026-09-26T01:47:43.034046Z DEBUG netbaiot_transports::business_rpc::v3: business RPC V3 selected frame stream_id=394 frame_type=Open payload_bytes=158
2026-09-26T01:47:43.038041Z DEBUG netbaiot_transports::business_rpc::v3: business RPC V3 writer completed frame stream_id=394 frame_type=Open payload_bytes=158
2026-09-26T01:47:43.038068Z DEBUG netbaiot_transports::business_rpc::v3: business RPC V3 selected frame stream_id=0 frame_type=WindowUpdate payload_bytes=4
2026-09-26T01:47:43.038084Z DEBUG netbaiot_transports::business_rpc::v3: business RPC V3 writer completed frame stream_id=0 frame_type=WindowUpdate payload_bytes=4
2026-09-26T01:47:43.038112Z DEBUG netbaiot_transports::business_rpc::v3: business RPC V3 selected frame stream_id=396 frame_type=Open payload_bytes=158
2026-09-26T01:47:43.038127Z DEBUG netbaiot_transports::business_rpc::v3: business RPC V3 writer completed frame stream_id=396 frame_type=Open payload_bytes=158
2026-09-26T01:47:43.038139Z DEBUG netbaiot_transports::business_rpc::v3: business RPC V3 selected frame stream_id=388 frame_type=Data payload_bytes=198
2026-09-26T01:47:43.038150Z DEBUG netbaiot_transports::business_rpc::v3: business RPC V3 writer completed frame stream_id=388 frame_type=Data payload_bytes=198
2026-09-26T01:47:43.038163Z DEBUG netbaiot_transports::business_rpc::v3: business RPC V3 selected frame stream_id=0 frame_type=WindowUpdate payload_bytes=4
2026-09-26T01:47:43.038173Z DEBUG netbaiot_transports::business_rpc::v3: business RPC V3 writer completed frame stream_id=0 frame_type=WindowUpdate payload_bytes=4
2026-09-26T01:47:43.042208Z DEBUG netbaiot_transports::business_rpc::v3: business RPC V3 selected frame stream_id=0 frame_type=WindowUpdate payload_bytes=4
2026-09-26T01:47:43.046173Z DEBUG netbaiot_transports::business_rpc::v3: business RPC V3 writer completed frame stream_id=0 frame_type=WindowUpdate payload_bytes=4
2026-09-26T01:47:43.050021Z DEBUG netbaiot_transports::business_rpc::v3: business RPC V3 selected frame stream_id=398 frame_type=Open payload_bytes=158
2026-09-26T01:47:43.054124Z DEBUG netbaiot_transports::business_rpc::v3: business RPC V3 writer completed frame stream_id=398 frame_type=Open payload_bytes=158
2026-09-26T01:47:43.055691Z DEBUG netbaiot_transports::business_rpc::v3: business RPC V3 selected frame stream_id=400 frame_type=Open payload_bytes=158
2026-09-26T01:47:43.060194Z DEBUG netbaiot_transports::business_rpc::v3: business RPC V3 writer completed frame stream_id=400 frame_type=Open payload_bytes=158
2026-09-26T01:47:43.064323Z DEBUG netbaiot_transports::business_rpc::v3: business RPC V3 selected frame stream_id=392 frame_type=Data payload_bytes=198
2026-09-26T01:47:43.068196Z DEBUG netbaiot_transports::business_rpc::v3: business RPC V3 writer completed frame stream_id=392 frame_type=Data payload_bytes=198
2026-09-26T01:47:43.072209Z DEBUG netbaiot_transports::business_rpc::v3: business RPC V3 selected frame stream_id=402 frame_type=Open payload_bytes=158
2026-09-26T01:47:43.076015Z DEBUG netbaiot_transports::business_rpc::v3: business RPC V3 writer completed frame stream_id=402 frame_type=Open payload_bytes=158
2026-09-26T01:47:43.080052Z DEBUG netbaiot_transports::business_rpc::v3: business RPC V3 selected frame stream_id=404 frame_type=Open payload_bytes=158
2026-09-26T01:47:43.084315Z DEBUG netbaiot_transports::business_rpc::v3: business RPC V3 writer completed frame stream_id=404 frame_type=Open payload_bytes=158
2026-09-26T01:47:43.087102Z DEBUG netbaiot_transports::business_rpc::v3: business RPC V3 selected frame stream_id=406 frame_type=Open payload_bytes=158
2026-09-26T01:47:43.090998Z DEBUG netbaiot_transports::business_rpc::v3: business RPC V3 writer completed frame stream_id=406 frame_type=Open payload_bytes=158
2026-09-26T01:47:43.093972Z DEBUG netbaiot_transports::business_rpc::v3: business RPC V3 selected frame stream_id=0 frame_type=WindowUpdate payload_bytes=4
2026-09-26T01:47:43.098216Z DEBUG netbaiot_transports::business_rpc::v3: business RPC V3 writer completed frame stream_id=0 frame_type=WindowUpdate payload_bytes=4
2026-09-26T01:47:43.105963Z DEBUG netbaiot_transports::business_rpc::v3: business RPC V3 selected frame stream_id=394 frame_type=Data payload_bytes=198
2026-09-26T01:47:43.109077Z DEBUG netbaiot_transports::business_rpc::v3: business RPC V3 writer completed frame stream_id=394 frame_type=Data payload_bytes=198
2026-09-26T01:47:43.113057Z DEBUG netbaiot_transports::business_rpc::v3: business RPC V3 selected frame stream_id=408 frame_type=Open payload_bytes=158
2026-09-26T01:47:43.117100Z DEBUG netbaiot_transports::business_rpc::v3: business RPC V3 writer completed frame stream_id=408 frame_type=Open payload_bytes=158
2026-09-26T01:47:43.130054Z DEBUG netbaiot_transports::business_rpc::v3: business RPC V3 selected frame stream_id=396 frame_type=Data payload_bytes=198
2026-09-26T01:47:43.134052Z DEBUG netbaiot_transports::business_rpc::v3: business RPC V3 writer completed frame stream_id=396 frame_type=Data payload_bytes=198
2026-09-26T01:47:43.138087Z DEBUG netbaiot_transports::business_rpc::v3: business RPC V3 selected frame stream_id=390 frame_type=Data payload_bytes=8192
2026-09-26T01:47:43.142022Z DEBUG netbaiot_transports::business_rpc::v3: business RPC V3 writer completed frame stream_id=390 frame_type=Data payload_bytes=8192
2026-09-26T01:47:43.146086Z DEBUG netbaiot_transports::business_rpc::v3: business RPC V3 selected frame stream_id=398 frame_type=Data payload_bytes=198
2026-09-26T01:47:43.150394Z DEBUG netbaiot_transports::business_rpc::v3: business RPC V3 writer completed frame stream_id=398 frame_type=Data payload_bytes=198
2026-09-26T01:47:43.154207Z DEBUG netbaiot_transports::business_rpc::v3: business RPC V3 selected frame stream_id=400 frame_type=Data payload_bytes=198
2026-09-26T01:47:43.158010Z DEBUG netbaiot_transports::business_rpc::v3: business RPC V3 writer completed frame stream_id=400 frame_type=Data payload_bytes=198
2026-09-26T01:47:43.161020Z DEBUG netbaiot_transports::business_rpc::v3: business RPC V3 selected frame stream_id=402 frame_type=Data payload_bytes=198
2026-09-26T01:47:43.167274Z DEBUG netbaiot_transports::business_rpc::v3: business RPC V3 writer completed frame stream_id=402 frame_type=Data payload_bytes=198
2026-09-26T01:47:43.171023Z DEBUG netbaiot_transports::business_rpc::v3: business RPC V3 selected frame stream_id=404 frame_type=Data payload_bytes=198
2026-09-26T01:47:43.175031Z DEBUG netbaiot_transports::business_rpc::v3: business RPC V3 writer completed frame stream_id=404 frame_type=Data payload_bytes=198
2026-09-26T01:47:43.176557Z DEBUG netbaiot_transports::business_rpc::v3: business RPC V3 selected frame stream_id=406 frame_type=Data payload_bytes=198
2026-09-26T01:47:43.180059Z DEBUG netbaiot_transports::business_rpc::v3: business RPC V3 writer completed frame stream_id=406 frame_type=Data payload_bytes=198
2026-09-26T01:47:43.180077Z DEBUG netbaiot_transports::business_rpc::v3: business RPC V3 selected frame stream_id=408 frame_type=Data payload_bytes=198
2026-09-26T01:47:43.180088Z DEBUG netbaiot_transports::business_rpc::v3: business RPC V3 writer completed frame stream_id=408 frame_type=Data payload_bytes=198
2026-09-26T01:47:43.180145Z DEBUG netbaiot_transports::business_rpc::v3: business RPC V3 received frame stream_id=0 frame_type=WindowUpdate payload_bytes=4
2026-09-26T01:47:43.184151Z DEBUG netbaiot_transports::business_rpc::v3: business RPC V3 received frame stream_id=390 frame_type=WindowUpdate payload_bytes=4
2026-09-26T01:47:43.184166Z DEBUG netbaiot_transports::business_rpc::v3: business RPC V3 received frame stream_id=0 frame_type=WindowUpdate payload_bytes=4
2026-09-26T01:47:43.184191Z DEBUG netbaiot_transports::business_rpc::v3: business RPC V3 received frame stream_id=0 frame_type=WindowUpdate payload_bytes=4
2026-09-26T01:47:43.187113Z DEBUG netbaiot_transports::business_rpc::v3: business RPC V3 received frame stream_id=392 frame_type=Response payload_bytes=35
2026-09-26T01:47:43.190986Z DEBUG netbaiot_transports::business_rpc::v3: business RPC V3 received frame stream_id=388 frame_type=Response payload_bytes=35
2026-09-26T01:47:43.195011Z DEBUG netbaiot_transports::business_rpc::v3: business RPC V3 received frame stream_id=392 frame_type=Data payload_bytes=216
2026-09-26T01:47:43.199078Z DEBUG netbaiot_transports::business_rpc::v3: business RPC V3 received frame stream_id=388 frame_type=Data payload_bytes=216
2026-09-26T01:47:43.199106Z DEBUG netbaiot_transports::business_rpc::v3: business RPC V3 body entered scheduler stream_id=410 class=Rpc body_bytes=198
2026-09-26T01:47:43.205065Z DEBUG netbaiot_transports::business_rpc::v3: business RPC V3 body entered scheduler stream_id=412 class=Rpc body_bytes=198
2026-09-26T01:47:43.205138Z DEBUG netbaiot_transports::business_rpc::v3: business RPC V3 body entered scheduler stream_id=414 class=Rpc body_bytes=198
2026-09-26T01:47:43.211938Z DEBUG netbaiot_transports::business_rpc::v3: business RPC V3 body entered scheduler stream_id=416 class=Rpc body_bytes=198
2026-09-26T01:47:43.216078Z DEBUG netbaiot_transports::business_rpc::v3: business RPC V3 selected frame stream_id=410 frame_type=Open payload_bytes=158
2026-09-26T01:47:43.212636Z DEBUG netbaiot_transports::business_rpc::v3: business RPC V3 received frame stream_id=0 frame_type=WindowUpdate payload_bytes=4
2026-09-26T01:47:43.222154Z DEBUG netbaiot_transports::business_rpc::v3: business RPC V3 writer completed frame stream_id=410 frame_type=Open payload_bytes=158
2026-09-26T01:47:43.226086Z DEBUG netbaiot_transports::business_rpc::v3: business RPC V3 received frame stream_id=0 frame_type=WindowUpdate payload_bytes=4
2026-09-26T01:47:43.230015Z DEBUG netbaiot_transports::business_rpc::v3: business RPC V3 selected frame stream_id=412 frame_type=Open payload_bytes=158
2026-09-26T01:47:43.233951Z DEBUG netbaiot_transports::business_rpc::v3: business RPC V3 received frame stream_id=396 frame_type=Response payload_bytes=35
2026-09-26T01:47:43.236982Z DEBUG netbaiot_transports::business_rpc::v3: business RPC V3 writer completed frame stream_id=412 frame_type=Open payload_bytes=158
2026-09-26T01:47:43.239995Z DEBUG netbaiot_transports::business_rpc::v3: business RPC V3 selected frame stream_id=0 frame_type=WindowUpdate payload_bytes=4
2026-09-26T01:47:43.240014Z DEBUG netbaiot_transports::business_rpc::v3: business RPC V3 received frame stream_id=394 frame_type=Response payload_bytes=35
2026-09-26T01:47:43.240042Z DEBUG netbaiot_transports::business_rpc::v3: business RPC V3 writer completed frame stream_id=0 frame_type=WindowUpdate payload_bytes=4
2026-09-26T01:47:43.243140Z DEBUG netbaiot_transports::business_rpc::v3: business RPC V3 selected frame stream_id=0 frame_type=WindowUpdate payload_bytes=4
2026-09-26T01:47:43.243212Z DEBUG netbaiot_transports::business_rpc::v3: business RPC V3 writer completed frame stream_id=0 frame_type=WindowUpdate payload_bytes=4
2026-09-26T01:47:43.240047Z DEBUG netbaiot_transports::business_rpc::v3: business RPC V3 received frame stream_id=396 frame_type=Data payload_bytes=216
2026-09-26T01:47:43.250991Z DEBUG netbaiot_transports::business_rpc::v3: business RPC V3 received frame stream_id=394 frame_type=Data payload_bytes=216
2026-09-26T01:47:43.247015Z DEBUG netbaiot_transports::business_rpc::v3: business RPC V3 selected frame stream_id=410 frame_type=Data payload_bytes=198
2026-09-26T01:47:43.251096Z DEBUG netbaiot_transports::business_rpc::v3: business RPC V3 writer completed frame stream_id=410 frame_type=Data payload_bytes=198
2026-09-26T01:47:43.255011Z DEBUG netbaiot_transports::business_rpc::v3: business RPC V3 body entered scheduler stream_id=418 class=Rpc body_bytes=198
2026-09-26T01:47:43.259123Z DEBUG netbaiot_transports::business_rpc::v3: business RPC V3 body entered scheduler stream_id=420 class=Rpc body_bytes=198
2026-09-26T01:47:43.263110Z DEBUG netbaiot_transports::business_rpc::v3: business RPC V3 selected frame stream_id=414 frame_type=Open payload_bytes=158
2026-09-26T01:47:43.266009Z DEBUG netbaiot_transports::business_rpc::v3: business RPC V3 writer completed frame stream_id=414 frame_type=Open payload_bytes=158
2026-09-26T01:47:43.270247Z DEBUG netbaiot_transports::business_rpc::v3: business RPC V3 selected frame stream_id=416 frame_type=Open payload_bytes=158
2026-09-26T01:47:43.273417Z DEBUG netbaiot_transports::business_rpc::v3: business RPC V3 writer completed frame stream_id=416 frame_type=Open payload_bytes=158
2026-09-26T01:47:43.280979Z DEBUG netbaiot_transports::business_rpc::v3: business RPC V3 selected frame stream_id=0 frame_type=WindowUpdate payload_bytes=4
2026-09-26T01:47:43.285072Z DEBUG netbaiot_transports::business_rpc::v3: business RPC V3 writer completed frame stream_id=0 frame_type=WindowUpdate payload_bytes=4
2026-09-26T01:47:43.288245Z DEBUG netbaiot_transports::business_rpc::v3: business RPC V3 selected frame stream_id=0 frame_type=WindowUpdate payload_bytes=4
2026-09-26T01:47:43.288380Z DEBUG netbaiot_transports::business_rpc::v3: business RPC V3 writer completed frame stream_id=0 frame_type=WindowUpdate payload_bytes=4
2026-09-26T01:47:43.292122Z DEBUG netbaiot_transports::business_rpc::v3: business RPC V3 selected frame stream_id=412 frame_type=Data payload_bytes=198
2026-09-26T01:47:43.296271Z DEBUG netbaiot_transports::business_rpc::v3: business RPC V3 writer completed frame stream_id=412 frame_type=Data payload_bytes=198
2026-09-26T01:47:43.300115Z DEBUG netbaiot_transports::business_rpc::v3: business RPC V3 selected frame stream_id=418 frame_type=Open payload_bytes=158
2026-09-26T01:47:43.300176Z DEBUG netbaiot_transports::business_rpc::v3: business RPC V3 writer completed frame stream_id=418 frame_type=Open payload_bytes=158
2026-09-26T01:47:43.300188Z DEBUG netbaiot_transports::business_rpc::v3: business RPC V3 selected frame stream_id=420 frame_type=Open payload_bytes=158
2026-09-26T01:47:43.300203Z DEBUG netbaiot_transports::business_rpc::v3: business RPC V3 writer completed frame stream_id=420 frame_type=Open payload_bytes=158
2026-09-26T01:47:43.300216Z DEBUG netbaiot_transports::business_rpc::v3: business RPC V3 selected frame stream_id=390 frame_type=Data payload_bytes=982
2026-09-26T01:47:43.300232Z DEBUG netbaiot_transports::business_rpc::v3: business RPC V3 writer completed frame stream_id=390 frame_type=Data payload_bytes=982
2026-09-26T01:47:43.300243Z DEBUG netbaiot_transports::business_rpc::v3: business RPC V3 selected frame stream_id=414 frame_type=Data payload_bytes=198
2026-09-26T01:47:43.303002Z DEBUG netbaiot_transports::business_rpc::v3: business RPC V3 writer completed frame stream_id=414 frame_type=Data payload_bytes=198
2026-09-26T01:47:43.306948Z DEBUG netbaiot_transports::business_rpc::v3: business RPC V3 selected frame stream_id=416 frame_type=Data payload_bytes=198
2026-09-26T01:47:43.310064Z DEBUG netbaiot_transports::business_rpc::v3: business RPC V3 writer completed frame stream_id=416 frame_type=Data payload_bytes=198
2026-09-26T01:47:43.314093Z DEBUG netbaiot_transports::business_rpc::v3: business RPC V3 selected frame stream_id=418 frame_type=Data payload_bytes=198
2026-09-26T01:47:43.316940Z DEBUG netbaiot_transports::business_rpc::v3: business RPC V3 writer completed frame stream_id=418 frame_type=Data payload_bytes=198
2026-09-26T01:47:43.321029Z DEBUG netbaiot_transports::business_rpc::v3: business RPC V3 selected frame stream_id=420 frame_type=Data payload_bytes=198
2026-09-26T01:47:43.321135Z DEBUG netbaiot_transports::business_rpc::v3: business RPC V3 writer completed frame stream_id=420 frame_type=Data payload_bytes=198
2026-09-26T01:47:43.324646Z DEBUG netbaiot_transports::business_rpc::v3: business RPC V3 received frame stream_id=0 frame_type=WindowUpdate payload_bytes=4
2026-09-26T01:47:43.324902Z DEBUG netbaiot_transports::business_rpc::v3: business RPC V3 received frame stream_id=390 frame_type=WindowUpdate payload_bytes=4
2026-09-26T01:47:43.324915Z DEBUG netbaiot_transports::business_rpc::v3: business RPC V3 received frame stream_id=0 frame_type=WindowUpdate payload_bytes=4
2026-09-26T01:47:43.324925Z DEBUG netbaiot_transports::business_rpc::v3: business RPC V3 received frame stream_id=0 frame_type=WindowUpdate payload_bytes=4
2026-09-26T01:47:43.324936Z DEBUG netbaiot_transports::business_rpc::v3: business RPC V3 received frame stream_id=0 frame_type=WindowUpdate payload_bytes=4
2026-09-26T01:47:43.324965Z DEBUG netbaiot_transports::business_rpc::v3: business RPC V3 received frame stream_id=402 frame_type=Response payload_bytes=35
2026-09-26T01:47:43.325247Z DEBUG netbaiot_transports::business_rpc::v3: business RPC V3 received frame stream_id=398 frame_type=Response payload_bytes=35
2026-09-26T01:47:43.331977Z DEBUG netbaiot_transports::business_rpc::v3: business RPC V3 received frame stream_id=400 frame_type=Response payload_bytes=35
2026-09-26T01:47:43.341964Z DEBUG netbaiot_transports::business_rpc::v3: business RPC V3 received frame stream_id=402 frame_type=Data payload_bytes=216
2026-09-26T01:47:43.345129Z DEBUG netbaiot_transports::business_rpc::v3: business RPC V3 received frame stream_id=398 frame_type=Data payload_bytes=216
2026-09-26T01:47:43.349228Z DEBUG netbaiot_transports::business_rpc::v3: business RPC V3 received frame stream_id=400 frame_type=Data payload_bytes=216
2026-09-26T01:47:43.345157Z DEBUG netbaiot_transports::business_rpc::v3: business RPC V3 selected frame stream_id=0 frame_type=WindowUpdate payload_bytes=4
2026-09-26T01:47:43.362325Z DEBUG netbaiot_transports::business_rpc::v3: business RPC V3 writer completed frame stream_id=0 frame_type=WindowUpdate payload_bytes=4
2026-09-26T01:47:43.358078Z DEBUG netbaiot_transports::business_rpc::v3: business RPC V3 received frame stream_id=0 frame_type=WindowUpdate payload_bytes=4
2026-09-26T01:47:43.366256Z DEBUG netbaiot_transports::business_rpc::v3: business RPC V3 body entered scheduler stream_id=422 class=Rpc body_bytes=198
2026-09-26T01:47:43.366333Z DEBUG netbaiot_transports::business_rpc::v3: business RPC V3 received frame stream_id=0 frame_type=WindowUpdate payload_bytes=4
2026-09-26T01:47:43.366364Z DEBUG netbaiot_transports::business_rpc::v3: business RPC V3 body entered scheduler stream_id=424 class=Rpc body_bytes=198
2026-09-26T01:47:43.372892Z DEBUG netbaiot_transports::business_rpc::v3: business RPC V3 received frame stream_id=0 frame_type=WindowUpdate payload_bytes=4
2026-09-26T01:47:43.376981Z DEBUG netbaiot_transports::business_rpc::v3: business RPC V3 received frame stream_id=408 frame_type=Response payload_bytes=35
2026-09-26T01:47:43.372896Z DEBUG netbaiot_transports::business_rpc::v3: business RPC V3 body entered scheduler stream_id=426 class=Rpc body_bytes=197
2026-09-26T01:47:43.380120Z DEBUG netbaiot_transports::business_rpc::v3: business RPC V3 received frame stream_id=408 frame_type=Data payload_bytes=216
2026-09-26T01:47:43.383955Z DEBUG netbaiot_transports::business_rpc::v3: business RPC V3 selected frame stream_id=0 frame_type=WindowUpdate payload_bytes=4
2026-09-26T01:47:43.386983Z DEBUG netbaiot_transports::business_rpc::v3: business RPC V3 received frame stream_id=406 frame_type=Response payload_bytes=35
2026-09-26T01:47:43.391164Z DEBUG netbaiot_transports::business_rpc::v3: business RPC V3 writer completed frame stream_id=0 frame_type=WindowUpdate payload_bytes=4
2026-09-26T01:47:43.394187Z DEBUG netbaiot_transports::business_rpc::v3: business RPC V3 received frame stream_id=404 frame_type=Response payload_bytes=35
2026-09-26T01:47:43.398023Z DEBUG netbaiot_transports::business_rpc::v3: business RPC V3 body entered scheduler stream_id=428 class=Rpc body_bytes=198
2026-09-26T01:47:43.401139Z DEBUG netbaiot_transports::business_rpc::v3: business RPC V3 selected frame stream_id=0 frame_type=WindowUpdate payload_bytes=4
2026-09-26T01:47:43.401096Z DEBUG netbaiot_transports::business_rpc::v3: business RPC V3 received frame stream_id=406 frame_type=Data payload_bytes=216
2026-09-26T01:47:43.401238Z DEBUG netbaiot_transports::business_rpc::v3: business RPC V3 writer completed frame stream_id=0 frame_type=WindowUpdate payload_bytes=4
2026-09-26T01:47:43.404268Z DEBUG netbaiot_transports::business_rpc::v3: business RPC V3 received frame stream_id=404 frame_type=Data payload_bytes=216
2026-09-26T01:47:43.408086Z DEBUG netbaiot_transports::business_rpc::v3: business RPC V3 selected frame stream_id=422 frame_type=Open payload_bytes=158
2026-09-26T01:47:43.412100Z DEBUG netbaiot_transports::business_rpc::v3: business RPC V3 received frame stream_id=0 frame_type=WindowUpdate payload_bytes=4
2026-09-26T01:47:43.416244Z DEBUG netbaiot_transports::business_rpc::v3: business RPC V3 writer completed frame stream_id=422 frame_type=Open payload_bytes=158
2026-09-26T01:47:43.428030Z DEBUG netbaiot_transports::business_rpc::v3: business RPC V3 selected frame stream_id=422 frame_type=Data payload_bytes=198
2026-09-26T01:47:43.431518Z DEBUG netbaiot_transports::business_rpc::v3: business RPC V3 writer completed frame stream_id=422 frame_type=Data payload_bytes=198
2026-09-26T01:47:43.434051Z DEBUG netbaiot_transports::business_rpc::v3: business RPC V3 selected frame stream_id=424 frame_type=Open payload_bytes=158
2026-09-26T01:47:43.424042Z DEBUG netbaiot_transports::business_rpc::v3: business RPC V3 received frame stream_id=410 frame_type=Response payload_bytes=35
2026-09-26T01:47:43.441369Z DEBUG netbaiot_transports::business_rpc::v3: business RPC V3 writer completed frame stream_id=424 frame_type=Open payload_bytes=158
2026-09-26T01:47:43.448887Z DEBUG netbaiot_transports::business_rpc::v3: business RPC V3 selected frame stream_id=426 frame_type=Open payload_bytes=158
2026-09-26T01:47:43.445054Z DEBUG netbaiot_transports::business_rpc::v3: business RPC V3 received frame stream_id=410 frame_type=Data payload_bytes=216
2026-09-26T01:47:43.452969Z DEBUG netbaiot_transports::business_rpc::v3: business RPC V3 writer completed frame stream_id=426 frame_type=Open payload_bytes=158
2026-09-26T01:47:43.460039Z DEBUG netbaiot_transports::business_rpc::v3: business RPC V3 selected frame stream_id=0 frame_type=WindowUpdate payload_bytes=4
2026-09-26T01:47:43.457188Z DEBUG netbaiot_transports::business_rpc::v3: business RPC V3 received frame stream_id=0 frame_type=WindowUpdate payload_bytes=4
2026-09-26T01:47:43.467990Z DEBUG netbaiot_transports::business_rpc::v3: business RPC V3 received frame stream_id=0 frame_type=WindowUpdate payload_bytes=4
2026-09-26T01:47:43.468026Z DEBUG netbaiot_transports::business_rpc::v3: business RPC V3 received frame stream_id=0 frame_type=WindowUpdate payload_bytes=4
2026-09-26T01:47:43.468036Z DEBUG netbaiot_transports::business_rpc::v3: business RPC V3 received frame stream_id=414 frame_type=Response payload_bytes=35
2026-09-26T01:47:43.464060Z DEBUG netbaiot_transports::business_rpc::v3: business RPC V3 writer completed frame stream_id=0 frame_type=WindowUpdate payload_bytes=4
2026-09-26T01:47:43.468080Z DEBUG netbaiot_transports::business_rpc::v3: business RPC V3 received frame stream_id=414 frame_type=Data payload_bytes=216
2026-09-26T01:47:43.468077Z DEBUG netbaiot_transports::business_rpc::v3: business RPC V3 selected frame stream_id=428 frame_type=Open payload_bytes=158
2026-09-26T01:47:43.472000Z DEBUG netbaiot_transports::business_rpc::v3: business RPC V3 received frame stream_id=412 frame_type=Response payload_bytes=35
2026-09-26T01:47:43.478941Z DEBUG netbaiot_transports::business_rpc::v3: business RPC V3 received frame stream_id=412 frame_type=Data payload_bytes=216
2026-09-26T01:47:43.474968Z DEBUG netbaiot_transports::business_rpc::v3: business RPC V3 writer completed frame stream_id=428 frame_type=Open payload_bytes=158
2026-09-26T01:47:43.487115Z DEBUG netbaiot_transports::business_rpc::v3: business RPC V3 received frame stream_id=390 frame_type=Response payload_bytes=35
2026-09-26T01:47:43.491076Z DEBUG netbaiot_transports::business_rpc::v3: business RPC V3 selected frame stream_id=424 frame_type=Data payload_bytes=198
2026-09-26T01:47:43.494079Z DEBUG netbaiot_transports::business_rpc::v3: business RPC V3 received frame stream_id=390 frame_type=Data payload_bytes=118
2026-09-26T01:47:43.499255Z DEBUG netbaiot_transports::business_rpc::v3: business RPC V3 writer completed frame stream_id=424 frame_type=Data payload_bytes=198
2026-09-26T01:47:43.502013Z DEBUG netbaiot_transports::business_rpc::v3: business RPC V3 Event delivery acknowledged stream_id=390 completion_us=642752
2026-09-26T01:47:43.506016Z DEBUG netbaiot_transports::business_rpc::v3: business RPC V3 selected frame stream_id=0 frame_type=WindowUpdate payload_bytes=4
2026-09-26T01:47:43.506087Z DEBUG netbaiot_transports::business_rpc::v3: business RPC V3 received frame stream_id=0 frame_type=WindowUpdate payload_bytes=4
2026-09-26T01:47:43.510323Z DEBUG netbaiot_transports::business_rpc::v3: business RPC V3 received frame stream_id=0 frame_type=WindowUpdate payload_bytes=4
2026-09-26T01:47:43.510365Z DEBUG netbaiot_transports::business_rpc::v3: business RPC V3 received frame stream_id=0 frame_type=WindowUpdate payload_bytes=4
2026-09-26T01:47:43.506145Z DEBUG netbaiot_transports::business_rpc::v3: business RPC V3 writer completed frame stream_id=0 frame_type=WindowUpdate payload_bytes=4
2026-09-26T01:47:43.513091Z DEBUG netbaiot_transports::business_rpc::v3: business RPC V3 received frame stream_id=420 frame_type=Response payload_bytes=35
2026-09-26T01:47:43.520005Z DEBUG netbaiot_transports::business_rpc::v3: business RPC V3 selected frame stream_id=0 frame_type=WindowUpdate payload_bytes=4
2026-09-26T01:47:43.524015Z DEBUG netbaiot_transports::business_rpc::v3: business RPC V3 received frame stream_id=420 frame_type=Data payload_bytes=216
2026-09-26T01:47:43.535101Z DEBUG netbaiot_transports::business_rpc::v3: business RPC V3 received frame stream_id=418 frame_type=Response payload_bytes=35
2026-09-26T01:47:43.528438Z DEBUG netbaiot_transports::business_rpc::v3: business RPC V3 writer completed frame stream_id=0 frame_type=WindowUpdate payload_bytes=4
2026-09-26T01:47:43.539889Z DEBUG netbaiot_transports::business_rpc::v3: business RPC V3 received frame stream_id=416 frame_type=Response payload_bytes=35
2026-09-26T01:47:43.540260Z DEBUG netbaiot_transports::business_rpc::v3: business RPC V3 body entered scheduler stream_id=430 class=Event body_bytes=17366
2026-09-26T01:47:43.542957Z DEBUG netbaiot_transports::business_rpc::v3: business RPC V3 received frame stream_id=418 frame_type=Data payload_bytes=216
2026-09-26T01:47:43.546988Z DEBUG netbaiot_transports::business_rpc::v3: business RPC V3 selected frame stream_id=0 frame_type=WindowUpdate payload_bytes=4
2026-09-26T01:47:43.551100Z DEBUG netbaiot_transports::business_rpc::v3: business RPC V3 received frame stream_id=416 frame_type=Data payload_bytes=216
2026-09-26T01:47:43.554987Z DEBUG netbaiot_transports::business_rpc::v3: business RPC V3 writer completed frame stream_id=0 frame_type=WindowUpdate payload_bytes=4
2026-09-26T01:47:43.562944Z DEBUG netbaiot_transports::business_rpc::v3: business RPC V3 body entered scheduler stream_id=432 class=Rpc body_bytes=198
2026-09-26T01:47:43.562961Z DEBUG netbaiot_transports::business_rpc::v3: business RPC V3 body entered scheduler stream_id=434 class=Rpc body_bytes=198
2026-09-26T01:47:43.562973Z DEBUG netbaiot_transports::business_rpc::v3: business RPC V3 selected frame stream_id=0 frame_type=WindowUpdate payload_bytes=4
2026-09-26T01:47:43.562994Z DEBUG netbaiot_transports::business_rpc::v3: business RPC V3 writer completed frame stream_id=0 frame_type=WindowUpdate payload_bytes=4
2026-09-26T01:47:43.567091Z DEBUG netbaiot_transports::business_rpc::v3: business RPC V3 selected frame stream_id=426 frame_type=Data payload_bytes=197
2026-09-26T01:47:43.567120Z DEBUG netbaiot_transports::business_rpc::v3: business RPC V3 writer completed frame stream_id=426 frame_type=Data payload_bytes=197
2026-09-26T01:47:43.558903Z DEBUG netbaiot_transports::business_rpc::v3: business RPC V3 received frame stream_id=0 frame_type=WindowUpdate payload_bytes=4
2026-09-26T01:47:43.567133Z DEBUG netbaiot_transports::business_rpc::v3: business RPC V3 selected frame stream_id=0 frame_type=WindowUpdate payload_bytes=4
2026-09-26T01:47:43.567182Z DEBUG netbaiot_transports::business_rpc::v3: business RPC V3 received frame stream_id=422 frame_type=Response payload_bytes=35
2026-09-26T01:47:43.571057Z DEBUG netbaiot_transports::business_rpc::v3: business RPC V3 writer completed frame stream_id=0 frame_type=WindowUpdate payload_bytes=4
2026-09-26T01:47:43.574049Z DEBUG netbaiot_transports::business_rpc::v3: business RPC V3 received frame stream_id=422 frame_type=Data payload_bytes=216
2026-09-26T01:47:43.574069Z DEBUG netbaiot_transports::business_rpc::v3: business RPC V3 body entered scheduler stream_id=436 class=Rpc body_bytes=198
2026-09-26T01:47:43.577062Z DEBUG netbaiot_transports::business_rpc::v3: business RPC V3 body entered scheduler stream_id=438 class=Rpc body_bytes=198
2026-09-26T01:47:43.580101Z DEBUG netbaiot_transports::business_rpc::v3: business RPC V3 body entered scheduler stream_id=440 class=Rpc body_bytes=198
2026-09-26T01:47:43.583915Z DEBUG netbaiot_transports::business_rpc::v3: business RPC V3 selected frame stream_id=0 frame_type=WindowUpdate payload_bytes=4
2026-09-26T01:47:43.592025Z DEBUG netbaiot_transports::business_rpc::v3: business RPC V3 writer completed frame stream_id=0 frame_type=WindowUpdate payload_bytes=4
2026-09-26T01:47:43.593718Z DEBUG netbaiot_transports::business_rpc::v3: business RPC V3 body entered scheduler stream_id=442 class=Rpc body_bytes=198
2026-09-26T01:47:43.593732Z DEBUG netbaiot_transports::business_rpc::v3: business RPC V3 selected frame stream_id=0 frame_type=WindowUpdate payload_bytes=4
2026-09-26T01:47:43.593752Z DEBUG netbaiot_transports::business_rpc::v3: business RPC V3 writer completed frame stream_id=0 frame_type=WindowUpdate payload_bytes=4
2026-09-26T01:47:43.593763Z DEBUG netbaiot_transports::business_rpc::v3: business RPC V3 selected frame stream_id=430 frame_type=Open payload_bytes=184
2026-09-26T01:47:43.593776Z DEBUG netbaiot_transports::business_rpc::v3: business RPC V3 writer completed frame stream_id=430 frame_type=Open payload_bytes=184
2026-09-26T01:47:43.597775Z DEBUG netbaiot_transports::business_rpc::v3: business RPC V3 selected frame stream_id=428 frame_type=Data payload_bytes=198
2026-09-26T01:47:43.600918Z DEBUG netbaiot_transports::business_rpc::v3: business RPC V3 writer completed frame stream_id=428 frame_type=Data payload_bytes=198
2026-09-26T01:47:43.605105Z DEBUG netbaiot_transports::business_rpc::v3: business RPC V3 selected frame stream_id=0 frame_type=WindowUpdate payload_bytes=4
2026-09-26T01:47:43.609149Z DEBUG netbaiot_transports::business_rpc::v3: business RPC V3 writer completed frame stream_id=0 frame_type=WindowUpdate payload_bytes=4
2026-09-26T01:47:43.612973Z DEBUG netbaiot_transports::business_rpc::v3: business RPC V3 selected frame stream_id=432 frame_type=Open payload_bytes=158
2026-09-26T01:47:43.613072Z DEBUG netbaiot_transports::business_rpc::v3: business RPC V3 writer completed frame stream_id=432 frame_type=Open payload_bytes=158
2026-09-26T01:47:43.617071Z DEBUG netbaiot_transports::business_rpc::v3: business RPC V3 selected frame stream_id=0 frame_type=WindowUpdate payload_bytes=4
2026-09-26T01:47:43.621315Z DEBUG netbaiot_transports::business_rpc::v3: business RPC V3 writer completed frame stream_id=0 frame_type=WindowUpdate payload_bytes=4
2026-09-26T01:47:43.623870Z DEBUG netbaiot_transports::business_rpc::v3: business RPC V3 selected frame stream_id=434 frame_type=Open payload_bytes=158
2026-09-26T01:47:43.624382Z DEBUG netbaiot_transports::business_rpc::v3: business RPC V3 writer completed frame stream_id=434 frame_type=Open payload_bytes=158
2026-09-26T01:47:43.628390Z DEBUG netbaiot_transports::business_rpc::v3: business RPC V3 selected frame stream_id=430 frame_type=Data payload_bytes=8192
2026-09-26T01:47:43.633907Z DEBUG netbaiot_transports::business_rpc::v3: business RPC V3 writer completed frame stream_id=430 frame_type=Data payload_bytes=8192
2026-09-26T01:47:43.634239Z DEBUG netbaiot_transports::business_rpc::v3: business RPC V3 selected frame stream_id=436 frame_type=Open payload_bytes=158
2026-09-26T01:47:43.637188Z DEBUG netbaiot_transports::business_rpc::v3: business RPC V3 writer completed frame stream_id=436 frame_type=Open payload_bytes=158
2026-09-26T01:47:43.641029Z DEBUG netbaiot_transports::business_rpc::v3: business RPC V3 selected frame stream_id=0 frame_type=WindowUpdate payload_bytes=4
2026-09-26T01:47:43.645190Z DEBUG netbaiot_transports::business_rpc::v3: business RPC V3 writer completed frame stream_id=0 frame_type=WindowUpdate payload_bytes=4
2026-09-26T01:47:43.648996Z DEBUG netbaiot_transports::business_rpc::v3: business RPC V3 selected frame stream_id=438 frame_type=Open payload_bytes=158
2026-09-26T01:47:43.652922Z DEBUG netbaiot_transports::business_rpc::v3: business RPC V3 writer completed frame stream_id=438 frame_type=Open payload_bytes=158
2026-09-26T01:47:43.657017Z DEBUG netbaiot_transports::business_rpc::v3: business RPC V3 selected frame stream_id=440 frame_type=Open payload_bytes=158
2026-09-26T01:47:43.660135Z DEBUG netbaiot_transports::business_rpc::v3: business RPC V3 writer completed frame stream_id=440 frame_type=Open payload_bytes=158
2026-09-26T01:47:43.669796Z DEBUG netbaiot_transports::business_rpc::v3: business RPC V3 selected frame stream_id=432 frame_type=Data payload_bytes=198
2026-09-26T01:47:43.669947Z DEBUG netbaiot_transports::business_rpc::v3: business RPC V3 writer completed frame stream_id=432 frame_type=Data payload_bytes=198
2026-09-26T01:47:43.674077Z DEBUG netbaiot_transports::business_rpc::v3: business RPC V3 selected frame stream_id=442 frame_type=Open payload_bytes=158
2026-09-26T01:47:43.677124Z DEBUG netbaiot_transports::business_rpc::v3: business RPC V3 writer completed frame stream_id=442 frame_type=Open payload_bytes=158
2026-09-26T01:47:43.680967Z DEBUG netbaiot_transports::business_rpc::v3: business RPC V3 selected frame stream_id=434 frame_type=Data payload_bytes=198
2026-09-26T01:47:43.684104Z DEBUG netbaiot_transports::business_rpc::v3: business RPC V3 writer completed frame stream_id=434 frame_type=Data payload_bytes=198
2026-09-26T01:47:43.687132Z DEBUG netbaiot_transports::business_rpc::v3: business RPC V3 selected frame stream_id=436 frame_type=Data payload_bytes=198
2026-09-26T01:47:43.690994Z DEBUG netbaiot_transports::business_rpc::v3: business RPC V3 writer completed frame stream_id=436 frame_type=Data payload_bytes=198
2026-09-26T01:47:43.691026Z DEBUG netbaiot_transports::business_rpc::v3: business RPC V3 selected frame stream_id=438 frame_type=Data payload_bytes=198
2026-09-26T01:47:43.692504Z DEBUG netbaiot_transports::business_rpc::v3: business RPC V3 writer completed frame stream_id=438 frame_type=Data payload_bytes=198
2026-09-26T01:47:43.696207Z DEBUG netbaiot_transports::business_rpc::v3: business RPC V3 selected frame stream_id=430 frame_type=Data payload_bytes=8192
2026-09-26T01:47:43.700094Z DEBUG netbaiot_transports::business_rpc::v3: business RPC V3 writer completed frame stream_id=430 frame_type=Data payload_bytes=8192
2026-09-26T01:47:43.701430Z DEBUG netbaiot_transports::business_rpc::v3: business RPC V3 selected frame stream_id=440 frame_type=Data payload_bytes=198
2026-09-26T01:47:43.703907Z DEBUG netbaiot_transports::business_rpc::v3: business RPC V3 writer completed frame stream_id=440 frame_type=Data payload_bytes=198
2026-09-26T01:47:43.711005Z DEBUG netbaiot_transports::business_rpc::v3: business RPC V3 selected frame stream_id=442 frame_type=Data payload_bytes=198
2026-09-26T01:47:43.714948Z DEBUG netbaiot_transports::business_rpc::v3: business RPC V3 writer completed frame stream_id=442 frame_type=Data payload_bytes=198
2026-09-26T01:47:43.718957Z DEBUG netbaiot_transports::business_rpc::v3: business RPC V3 received frame stream_id=0 frame_type=WindowUpdate payload_bytes=4
2026-09-26T01:47:43.722962Z DEBUG netbaiot_transports::business_rpc::v3: business RPC V3 received frame stream_id=424 frame_type=Response payload_bytes=35
2026-09-26T01:47:43.726956Z DEBUG netbaiot_transports::business_rpc::v3: business RPC V3 received frame stream_id=424 frame_type=Data payload_bytes=216
2026-09-26T01:47:43.730017Z DEBUG netbaiot_transports::business_rpc::v3: business RPC V3 received frame stream_id=0 frame_type=WindowUpdate payload_bytes=4
2026-09-26T01:47:43.730085Z DEBUG netbaiot_transports::business_rpc::v3: business RPC V3 body entered scheduler stream_id=444 class=Rpc body_bytes=198
2026-09-26T01:47:43.734058Z DEBUG netbaiot_transports::business_rpc::v3: business RPC V3 body entered scheduler stream_id=446 class=Rpc body_bytes=198
2026-09-26T01:47:43.734068Z DEBUG netbaiot_transports::business_rpc::v3: business RPC V3 body entered scheduler stream_id=448 class=Rpc body_bytes=198
2026-09-26T01:47:43.734077Z DEBUG netbaiot_transports::business_rpc::v3: business RPC V3 body entered scheduler stream_id=450 class=Rpc body_bytes=198
2026-09-26T01:47:43.733995Z DEBUG netbaiot_transports::business_rpc::v3: business RPC V3 received frame stream_id=426 frame_type=Response payload_bytes=35
2026-09-26T01:47:43.738283Z DEBUG netbaiot_transports::business_rpc::v3: business RPC V3 selected frame stream_id=444 frame_type=Open payload_bytes=158
2026-09-26T01:47:43.741975Z DEBUG netbaiot_transports::business_rpc::v3: business RPC V3 received frame stream_id=426 frame_type=Data payload_bytes=215
2026-09-26T01:47:43.745090Z DEBUG netbaiot_transports::business_rpc::v3: business RPC V3 writer completed frame stream_id=444 frame_type=Open payload_bytes=158
2026-09-26T01:47:43.745134Z DEBUG netbaiot_transports::business_rpc::v3: business RPC V3 received frame stream_id=0 frame_type=WindowUpdate payload_bytes=4
2026-09-26T01:47:43.752129Z DEBUG netbaiot_transports::business_rpc::v3: business RPC V3 selected frame stream_id=446 frame_type=Open payload_bytes=158
2026-09-26T01:47:43.756059Z DEBUG netbaiot_transports::business_rpc::v3: business RPC V3 received frame stream_id=428 frame_type=Response payload_bytes=35
2026-09-26T01:47:43.760007Z DEBUG netbaiot_transports::business_rpc::v3: business RPC V3 writer completed frame stream_id=446 frame_type=Open payload_bytes=158
2026-09-26T01:47:43.763202Z DEBUG netbaiot_transports::business_rpc::v3: business RPC V3 received frame stream_id=428 frame_type=Data payload_bytes=216
2026-09-26T01:47:43.771076Z DEBUG netbaiot_transports::business_rpc::v3: business RPC V3 body entered scheduler stream_id=452 class=Rpc body_bytes=198
2026-09-26T01:47:43.782082Z DEBUG netbaiot_transports::business_rpc::v3: business RPC V3 body entered scheduler stream_id=454 class=Rpc body_bytes=198
2026-09-26T01:47:43.785076Z DEBUG netbaiot_transports::business_rpc::v3: business RPC V3 body entered scheduler stream_id=456 class=Rpc body_bytes=198
2026-09-26T01:47:43.785277Z DEBUG netbaiot_transports::business_rpc::v3: business RPC V3 received frame stream_id=0 frame_type=WindowUpdate payload_bytes=4
2026-09-26T01:47:43.790875Z DEBUG netbaiot_transports::business_rpc::v3: business RPC V3 received frame stream_id=430 frame_type=WindowUpdate payload_bytes=4
2026-09-26T01:47:43.789274Z DEBUG netbaiot_transports::business_rpc::v3: business RPC V3 selected frame stream_id=448 frame_type=Open payload_bytes=158
2026-09-26T01:47:43.799068Z DEBUG netbaiot_transports::business_rpc::v3: business RPC V3 writer completed frame stream_id=448 frame_type=Open payload_bytes=158
2026-09-26T01:47:43.802963Z DEBUG netbaiot_transports::business_rpc::v3: business RPC V3 selected frame stream_id=0 frame_type=WindowUpdate payload_bytes=4
2026-09-26T01:47:43.807132Z DEBUG netbaiot_transports::business_rpc::v3: business RPC V3 writer completed frame stream_id=0 frame_type=WindowUpdate payload_bytes=4
2026-09-26T01:47:43.810128Z DEBUG netbaiot_transports::business_rpc::v3: business RPC V3 selected frame stream_id=444 frame_type=Data payload_bytes=198
2026-09-26T01:47:43.814104Z DEBUG netbaiot_transports::business_rpc::v3: business RPC V3 writer completed frame stream_id=444 frame_type=Data payload_bytes=198
2026-09-26T01:47:43.818072Z DEBUG netbaiot_transports::business_rpc::v3: business RPC V3 selected frame stream_id=450 frame_type=Open payload_bytes=158
2026-09-26T01:47:43.822114Z DEBUG netbaiot_transports::business_rpc::v3: business RPC V3 writer completed frame stream_id=450 frame_type=Open payload_bytes=158
2026-09-26T01:47:43.826026Z DEBUG netbaiot_transports::business_rpc::v3: business RPC V3 selected frame stream_id=0 frame_type=WindowUpdate payload_bytes=4
2026-09-26T01:47:43.826054Z DEBUG netbaiot_transports::business_rpc::v3: business RPC V3 writer completed frame stream_id=0 frame_type=WindowUpdate payload_bytes=4
2026-09-26T01:47:43.833997Z DEBUG netbaiot_transports::business_rpc::v3: business RPC V3 selected frame stream_id=452 frame_type=Open payload_bytes=158
2026-09-26T01:47:43.842075Z DEBUG netbaiot_transports::business_rpc::v3: business RPC V3 writer completed frame stream_id=452 frame_type=Open payload_bytes=158
2026-09-26T01:47:43.846215Z DEBUG netbaiot_transports::business_rpc::v3: business RPC V3 selected frame stream_id=0 frame_type=WindowUpdate payload_bytes=4
2026-09-26T01:47:43.850041Z DEBUG netbaiot_transports::business_rpc::v3: business RPC V3 writer completed frame stream_id=0 frame_type=WindowUpdate payload_bytes=4
2026-09-26T01:47:43.853882Z DEBUG netbaiot_transports::business_rpc::v3: business RPC V3 selected frame stream_id=446 frame_type=Data payload_bytes=198
2026-09-26T01:47:43.862070Z DEBUG netbaiot_transports::business_rpc::v3: business RPC V3 writer completed frame stream_id=446 frame_type=Data payload_bytes=198
2026-09-26T01:47:43.864872Z DEBUG netbaiot_transports::business_rpc::v3: business RPC V3 selected frame stream_id=454 frame_type=Open payload_bytes=158
2026-09-26T01:47:43.868963Z DEBUG netbaiot_transports::business_rpc::v3: business RPC V3 writer completed frame stream_id=454 frame_type=Open payload_bytes=158
2026-09-26T01:47:43.876997Z DEBUG netbaiot_transports::business_rpc::v3: business RPC V3 selected frame stream_id=456 frame_type=Open payload_bytes=158
2026-09-26T01:47:43.881239Z DEBUG netbaiot_transports::business_rpc::v3: business RPC V3 writer completed frame stream_id=456 frame_type=Open payload_bytes=158
2026-09-26T01:47:43.885174Z DEBUG netbaiot_transports::business_rpc::v3: business RPC V3 selected frame stream_id=430 frame_type=Data payload_bytes=982
2026-09-26T01:47:43.889331Z DEBUG netbaiot_transports::business_rpc::v3: business RPC V3 writer completed frame stream_id=430 frame_type=Data payload_bytes=982
2026-09-26T01:47:43.893174Z DEBUG netbaiot_transports::business_rpc::v3: business RPC V3 selected frame stream_id=448 frame_type=Data payload_bytes=198
2026-09-26T01:47:43.893257Z DEBUG netbaiot_transports::business_rpc::v3: business RPC V3 writer completed frame stream_id=448 frame_type=Data payload_bytes=198
2026-09-26T01:47:43.897341Z DEBUG netbaiot_transports::business_rpc::v3: business RPC V3 selected frame stream_id=450 frame_type=Data payload_bytes=198
2026-09-26T01:47:43.901028Z DEBUG netbaiot_transports::business_rpc::v3: business RPC V3 writer completed frame stream_id=450 frame_type=Data payload_bytes=198
2026-09-26T01:47:43.904094Z DEBUG netbaiot_transports::business_rpc::v3: business RPC V3 selected frame stream_id=452 frame_type=Data payload_bytes=198
2026-09-26T01:47:43.908352Z DEBUG netbaiot_transports::business_rpc::v3: business RPC V3 writer completed frame stream_id=452 frame_type=Data payload_bytes=198
2026-09-26T01:47:43.911676Z DEBUG netbaiot_transports::business_rpc::v3: business RPC V3 selected frame stream_id=454 frame_type=Data payload_bytes=198
2026-09-26T01:47:43.916179Z DEBUG netbaiot_transports::business_rpc::v3: business RPC V3 writer completed frame stream_id=454 frame_type=Data payload_bytes=198
2026-09-26T01:47:43.922253Z DEBUG netbaiot_transports::business_rpc::v3: business RPC V3 selected frame stream_id=456 frame_type=Data payload_bytes=198
2026-09-26T01:47:43.926313Z DEBUG netbaiot_transports::business_rpc::v3: business RPC V3 writer completed frame stream_id=456 frame_type=Data payload_bytes=198
2026-09-26T01:47:43.926430Z DEBUG netbaiot_transports::business_rpc::v3: business RPC V3 received frame stream_id=0 frame_type=WindowUpdate payload_bytes=4
2026-09-26T01:47:43.932763Z DEBUG netbaiot_transports::business_rpc::v3: business RPC V3 received frame stream_id=0 frame_type=WindowUpdate payload_bytes=4
2026-09-26T01:47:43.933083Z DEBUG netbaiot_transports::business_rpc::v3: business RPC V3 received frame stream_id=0 frame_type=WindowUpdate payload_bytes=4
2026-09-26T01:47:43.937061Z DEBUG netbaiot_transports::business_rpc::v3: business RPC V3 received frame stream_id=0 frame_type=WindowUpdate payload_bytes=4
2026-09-26T01:47:43.941130Z DEBUG netbaiot_transports::business_rpc::v3: business RPC V3 received frame stream_id=0 frame_type=WindowUpdate payload_bytes=4
2026-09-26T01:47:43.944227Z DEBUG netbaiot_transports::business_rpc::v3: business RPC V3 received frame stream_id=430 frame_type=WindowUpdate payload_bytes=4
2026-09-26T01:47:43.944264Z DEBUG netbaiot_transports::business_rpc::v3: business RPC V3 received frame stream_id=0 frame_type=WindowUpdate payload_bytes=4
2026-09-26T01:47:43.948091Z DEBUG netbaiot_transports::business_rpc::v3: business RPC V3 received frame stream_id=0 frame_type=WindowUpdate payload_bytes=4
2026-09-26T01:47:43.952171Z DEBUG netbaiot_transports::business_rpc::v3: business RPC V3 received frame stream_id=434 frame_type=Response payload_bytes=35
2026-09-26T01:47:43.956124Z DEBUG netbaiot_transports::business_rpc::v3: business RPC V3 received frame stream_id=432 frame_type=Response payload_bytes=35
2026-09-26T01:47:43.960111Z DEBUG netbaiot_transports::business_rpc::v3: business RPC V3 received frame stream_id=442 frame_type=Response payload_bytes=35
2026-09-26T01:47:43.964156Z DEBUG netbaiot_transports::business_rpc::v3: business RPC V3 received frame stream_id=440 frame_type=Response payload_bytes=35
2026-09-26T01:47:43.968089Z DEBUG netbaiot_transports::business_rpc::v3: business RPC V3 received frame stream_id=434 frame_type=Data payload_bytes=216
2026-09-26T01:47:43.971337Z DEBUG netbaiot_transports::business_rpc::v3: business RPC V3 received frame stream_id=438 frame_type=Response payload_bytes=35
2026-09-26T01:47:43.975190Z DEBUG netbaiot_transports::business_rpc::v3: business RPC V3 received frame stream_id=436 frame_type=Response payload_bytes=35
2026-09-26T01:47:43.971376Z DEBUG netbaiot_transports::business_rpc::v3: business RPC V3 body entered scheduler stream_id=458 class=Rpc body_bytes=198
2026-09-26T01:47:43.980987Z DEBUG netbaiot_transports::business_rpc::v3: business RPC V3 selected frame stream_id=458 frame_type=Open payload_bytes=158
2026-09-26T01:47:43.978040Z DEBUG netbaiot_transports::business_rpc::v3: business RPC V3 received frame stream_id=432 frame_type=Data payload_bytes=216
2026-09-26T01:47:43.981093Z DEBUG netbaiot_transports::business_rpc::v3: business RPC V3 received frame stream_id=442 frame_type=Data payload_bytes=216
2026-09-26T01:47:43.981140Z DEBUG netbaiot_transports::business_rpc::v3: business RPC V3 writer completed frame stream_id=458 frame_type=Open payload_bytes=158
2026-09-26T01:47:43.989230Z DEBUG netbaiot_transports::business_rpc::v3: business RPC V3 body entered scheduler stream_id=460 class=Rpc body_bytes=198
2026-09-26T01:47:43.995211Z DEBUG netbaiot_transports::business_rpc::v3: business RPC V3 selected frame stream_id=0 frame_type=WindowUpdate payload_bytes=4
2026-09-26T01:47:43.985186Z DEBUG netbaiot_transports::business_rpc::v3: business RPC V3 received frame stream_id=440 frame_type=Data payload_bytes=216
2026-09-26T01:47:43.998125Z DEBUG netbaiot_transports::business_rpc::v3: business RPC V3 writer completed frame stream_id=0 frame_type=WindowUpdate payload_bytes=4
2026-09-26T01:47:44.001159Z DEBUG netbaiot_transports::business_rpc::v3: business RPC V3 body entered scheduler stream_id=462 class=Rpc body_bytes=198
2026-09-26T01:47:44.004314Z DEBUG netbaiot_transports::business_rpc::v3: business RPC V3 selected frame stream_id=0 frame_type=WindowUpdate payload_bytes=4
2026-09-26T01:47:44.001127Z DEBUG netbaiot_transports::business_rpc::v3: business RPC V3 received frame stream_id=438 frame_type=Data payload_bytes=216
2026-09-26T01:47:44.004528Z DEBUG netbaiot_transports::business_rpc::v3: business RPC V3 writer completed frame stream_id=0 frame_type=WindowUpdate payload_bytes=4
2026-09-26T01:47:44.007974Z DEBUG netbaiot_transports::business_rpc::v3: business RPC V3 body entered scheduler stream_id=464 class=Rpc body_bytes=198
2026-09-26T01:47:44.004571Z DEBUG netbaiot_transports::business_rpc::v3: business RPC V3 received frame stream_id=436 frame_type=Data payload_bytes=216
2026-09-26T01:47:44.011008Z DEBUG netbaiot_transports::business_rpc::v3: business RPC V3 selected frame stream_id=0 frame_type=WindowUpdate payload_bytes=4
2026-09-26T01:47:44.011093Z DEBUG netbaiot_transports::business_rpc::v3: business RPC V3 received frame stream_id=0 frame_type=WindowUpdate payload_bytes=4
2026-09-26T01:47:44.014165Z DEBUG netbaiot_transports::business_rpc::v3: business RPC V3 writer completed frame stream_id=0 frame_type=WindowUpdate payload_bytes=4
2026-09-26T01:47:44.021918Z DEBUG netbaiot_transports::business_rpc::v3: business RPC V3 body entered scheduler stream_id=466 class=Rpc body_bytes=198
2026-09-26T01:47:44.018171Z DEBUG netbaiot_transports::business_rpc::v3: business RPC V3 received frame stream_id=444 frame_type=Response payload_bytes=35
2026-09-26T01:47:44.023199Z DEBUG netbaiot_transports::business_rpc::v3: business RPC V3 body entered scheduler stream_id=468 class=Rpc body_bytes=198
2026-09-26T01:47:44.034770Z DEBUG netbaiot_transports::business_rpc::v3: business RPC V3 selected frame stream_id=458 frame_type=Data payload_bytes=198
2026-09-26T01:47:44.040430Z DEBUG netbaiot_transports::business_rpc::v3: business RPC V3 writer completed frame stream_id=458 frame_type=Data payload_bytes=198
2026-09-26T01:47:44.047291Z DEBUG netbaiot_transports::business_rpc::v3: business RPC V3 selected frame stream_id=460 frame_type=Open payload_bytes=158
2026-09-26T01:47:44.026874Z DEBUG netbaiot_transports::business_rpc::v3: business RPC V3 received frame stream_id=444 frame_type=Data payload_bytes=216
2026-09-26T01:47:44.050424Z DEBUG netbaiot_transports::business_rpc::v3: business RPC V3 writer completed frame stream_id=460 frame_type=Open payload_bytes=158
2026-09-26T01:47:44.057170Z DEBUG netbaiot_transports::business_rpc::v3: business RPC V3 selected frame stream_id=0 frame_type=WindowUpdate payload_bytes=4
2026-09-26T01:47:44.053275Z DEBUG netbaiot_transports::business_rpc::v3: business RPC V3 received frame stream_id=0 frame_type=WindowUpdate payload_bytes=4
2026-09-26T01:47:44.057202Z DEBUG netbaiot_transports::business_rpc::v3: business RPC V3 writer completed frame stream_id=0 frame_type=WindowUpdate payload_bytes=4
2026-09-26T01:47:44.057331Z DEBUG netbaiot_transports::business_rpc::v3: business RPC V3 received frame stream_id=446 frame_type=Response payload_bytes=35
2026-09-26T01:47:44.061077Z DEBUG netbaiot_transports::business_rpc::v3: business RPC V3 body entered scheduler stream_id=470 class=Rpc body_bytes=198
2026-09-26T01:47:44.062696Z DEBUG netbaiot_transports::business_rpc::v3: business RPC V3 selected frame stream_id=462 frame_type=Open payload_bytes=158
2026-09-26T01:47:44.062681Z DEBUG netbaiot_transports::business_rpc::v3: business RPC V3 received frame stream_id=446 frame_type=Data payload_bytes=216
2026-09-26T01:47:44.062753Z DEBUG netbaiot_transports::business_rpc::v3: business RPC V3 writer completed frame stream_id=462 frame_type=Open payload_bytes=158
2026-09-26T01:47:44.064246Z DEBUG netbaiot_transports::business_rpc::v3: business RPC V3 selected frame stream_id=0 frame_type=WindowUpdate payload_bytes=4
2026-09-26T01:47:44.062769Z DEBUG netbaiot_transports::business_rpc::v3: business RPC V3 received frame stream_id=0 frame_type=WindowUpdate payload_bytes=4
2026-09-26T01:47:44.074136Z DEBUG netbaiot_transports::business_rpc::v3: business RPC V3 received frame stream_id=0 frame_type=WindowUpdate payload_bytes=4
2026-09-26T01:47:44.076939Z DEBUG netbaiot_transports::business_rpc::v3: business RPC V3 received frame stream_id=0 frame_type=WindowUpdate payload_bytes=4
2026-09-26T01:47:44.076954Z DEBUG netbaiot_transports::business_rpc::v3: business RPC V3 received frame stream_id=450 frame_type=Response payload_bytes=35
2026-09-26T01:47:44.076973Z DEBUG netbaiot_transports::business_rpc::v3: business RPC V3 received frame stream_id=450 frame_type=Data payload_bytes=216
2026-09-26T01:47:44.068122Z DEBUG netbaiot_transports::business_rpc::v3: business RPC V3 writer completed frame stream_id=0 frame_type=WindowUpdate payload_bytes=4
2026-09-26T01:47:44.077019Z DEBUG netbaiot_transports::business_rpc::v3: business RPC V3 body entered scheduler stream_id=472 class=Rpc body_bytes=198
2026-09-26T01:47:44.077024Z DEBUG netbaiot_transports::business_rpc::v3: business RPC V3 received frame stream_id=448 frame_type=Response payload_bytes=35
2026-09-26T01:47:44.080931Z DEBUG netbaiot_transports::business_rpc::v3: business RPC V3 selected frame stream_id=460 frame_type=Data payload_bytes=198
2026-09-26T01:47:44.084970Z DEBUG netbaiot_transports::business_rpc::v3: business RPC V3 received frame stream_id=448 frame_type=Data payload_bytes=216
2026-09-26T01:47:44.089047Z DEBUG netbaiot_transports::business_rpc::v3: business RPC V3 writer completed frame stream_id=460 frame_type=Data payload_bytes=198
2026-09-26T01:47:44.096119Z DEBUG netbaiot_transports::business_rpc::v3: business RPC V3 body entered scheduler stream_id=474 class=Rpc body_bytes=198
2026-09-26T01:47:44.092007Z DEBUG netbaiot_transports::business_rpc::v3: business RPC V3 received frame stream_id=430 frame_type=Response payload_bytes=35
2026-09-26T01:47:44.103315Z DEBUG netbaiot_transports::business_rpc::v3: business RPC V3 selected frame stream_id=464 frame_type=Open payload_bytes=158
2026-09-26T01:47:44.103413Z DEBUG netbaiot_transports::business_rpc::v3: business RPC V3 received frame stream_id=430 frame_type=Data payload_bytes=118
2026-09-26T01:47:44.103435Z DEBUG netbaiot_transports::business_rpc::v3: business RPC V3 Event delivery acknowledged stream_id=430 completion_us=563561
2026-09-26T01:47:44.103470Z DEBUG netbaiot_transports::business_rpc::v3: business RPC V3 writer completed frame stream_id=464 frame_type=Open payload_bytes=158
2026-09-26T01:47:44.103479Z DEBUG netbaiot_transports::business_rpc::v3: business RPC V3 received frame stream_id=0 frame_type=WindowUpdate payload_bytes=4
2026-09-26T01:47:44.104964Z DEBUG netbaiot_transports::business_rpc::v3: business RPC V3 body entered scheduler stream_id=476 class=Rpc body_bytes=198
2026-09-26T01:47:44.104992Z DEBUG netbaiot_transports::business_rpc::v3: business RPC V3 selected frame stream_id=0 frame_type=WindowUpdate payload_bytes=4
2026-09-26T01:47:44.105008Z DEBUG netbaiot_transports::business_rpc::v3: business RPC V3 received frame stream_id=0 frame_type=WindowUpdate payload_bytes=4
2026-09-26T01:47:44.109141Z DEBUG netbaiot_transports::business_rpc::v3: business RPC V3 writer completed frame stream_id=0 frame_type=WindowUpdate payload_bytes=4
2026-09-26T01:47:44.117008Z DEBUG netbaiot_transports::business_rpc::v3: business RPC V3 body entered scheduler stream_id=478 class=Rpc body_bytes=198
2026-09-26T01:47:44.119956Z DEBUG netbaiot_transports::business_rpc::v3: business RPC V3 selected frame stream_id=466 frame_type=Open payload_bytes=158
2026-09-26T01:47:44.113086Z DEBUG netbaiot_transports::business_rpc::v3: business RPC V3 received frame stream_id=0 frame_type=WindowUpdate payload_bytes=4
2026-09-26T01:47:44.126994Z DEBUG netbaiot_transports::business_rpc::v3: business RPC V3 received frame stream_id=452 frame_type=Response payload_bytes=35
2026-09-26T01:47:44.123113Z DEBUG netbaiot_transports::business_rpc::v3: business RPC V3 writer completed frame stream_id=466 frame_type=Open payload_bytes=158
2026-09-26T01:47:44.132999Z DEBUG netbaiot_transports::business_rpc::v3: business RPC V3 selected frame stream_id=468 frame_type=Open payload_bytes=158
2026-09-26T01:47:44.130183Z DEBUG netbaiot_transports::business_rpc::v3: business RPC V3 received frame stream_id=452 frame_type=Data payload_bytes=216
2026-09-26T01:47:44.133084Z DEBUG netbaiot_transports::business_rpc::v3: business RPC V3 writer completed frame stream_id=468 frame_type=Open payload_bytes=158
2026-09-26T01:47:44.136003Z DEBUG netbaiot_transports::business_rpc::v3: business RPC V3 received frame stream_id=456 frame_type=Response payload_bytes=35
2026-09-26T01:47:44.139966Z DEBUG netbaiot_transports::business_rpc::v3: business RPC V3 selected frame stream_id=462 frame_type=Data payload_bytes=198
2026-09-26T01:47:44.144309Z DEBUG netbaiot_transports::business_rpc::v3: business RPC V3 received frame stream_id=454 frame_type=Response payload_bytes=35
2026-09-26T01:47:44.148338Z DEBUG netbaiot_transports::business_rpc::v3: business RPC V3 writer completed frame stream_id=462 frame_type=Data payload_bytes=198
2026-09-26T01:47:44.152236Z DEBUG netbaiot_transports::business_rpc::v3: business RPC V3 received frame stream_id=456 frame_type=Data payload_bytes=216
2026-09-26T01:47:44.156112Z DEBUG netbaiot_transports::business_rpc::v3: business RPC V3 body entered scheduler stream_id=480 class=Event body_bytes=17366
2026-09-26T01:47:44.160184Z DEBUG netbaiot_transports::business_rpc::v3: business RPC V3 received frame stream_id=454 frame_type=Data payload_bytes=216
2026-09-26T01:47:44.160175Z DEBUG netbaiot_transports::business_rpc::v3: business RPC V3 selected frame stream_id=0 frame_type=WindowUpdate payload_bytes=4
2026-09-26T01:47:44.163246Z DEBUG netbaiot_transports::business_rpc::v3: business RPC V3 received frame stream_id=0 frame_type=WindowUpdate payload_bytes=4
2026-09-26T01:47:44.173100Z DEBUG netbaiot_transports::business_rpc::v3: business RPC V3 writer completed frame stream_id=0 frame_type=WindowUpdate payload_bytes=4
2026-09-26T01:47:44.174587Z DEBUG netbaiot_transports::business_rpc::v3: business RPC V3 received frame stream_id=458 frame_type=Response payload_bytes=35
2026-09-26T01:47:44.177985Z DEBUG netbaiot_transports::business_rpc::v3: business RPC V3 body entered scheduler stream_id=482 class=Rpc body_bytes=198
2026-09-26T01:47:44.182127Z DEBUG netbaiot_transports::business_rpc::v3: business RPC V3 received frame stream_id=458 frame_type=Data payload_bytes=216
2026-09-26T01:47:44.185099Z DEBUG netbaiot_transports::business_rpc::v3: business RPC V3 body entered scheduler stream_id=484 class=Rpc body_bytes=198
2026-09-26T01:47:44.188047Z DEBUG netbaiot_transports::business_rpc::v3: business RPC V3 selected frame stream_id=470 frame_type=Open payload_bytes=158
2026-09-26T01:47:44.185175Z DEBUG netbaiot_transports::business_rpc::v3: business RPC V3 received frame stream_id=0 frame_type=Ping payload_bytes=8
2026-09-26T01:47:44.188225Z DEBUG netbaiot_transports::business_rpc::v3: business RPC V3 writer completed frame stream_id=470 frame_type=Open payload_bytes=158
2026-09-26T01:47:44.194999Z DEBUG netbaiot_transports::business_rpc::v3: business RPC V3 body entered scheduler stream_id=486 class=Rpc body_bytes=198
2026-09-26T01:47:44.197848Z DEBUG netbaiot_transports::business_rpc::v3: business RPC V3 body entered scheduler stream_id=488 class=Rpc body_bytes=198
2026-09-26T01:47:44.201798Z DEBUG netbaiot_transports::business_rpc::v3: business RPC V3 selected frame stream_id=0 frame_type=WindowUpdate payload_bytes=4
2026-09-26T01:47:44.205152Z DEBUG netbaiot_transports::business_rpc::v3: business RPC V3 writer completed frame stream_id=0 frame_type=WindowUpdate payload_bytes=4
2026-09-26T01:47:44.208958Z DEBUG netbaiot_transports::business_rpc::v3: business RPC V3 selected frame stream_id=472 frame_type=Open payload_bytes=158
2026-09-26T01:47:44.212956Z DEBUG netbaiot_transports::business_rpc::v3: business RPC V3 writer completed frame stream_id=472 frame_type=Open payload_bytes=158
2026-09-26T01:47:44.219148Z DEBUG netbaiot_transports::business_rpc::v3: business RPC V3 selected frame stream_id=464 frame_type=Data payload_bytes=198
2026-09-26T01:47:44.222158Z DEBUG netbaiot_transports::business_rpc::v3: business RPC V3 writer completed frame stream_id=464 frame_type=Data payload_bytes=198
2026-09-26T01:47:44.226063Z DEBUG netbaiot_transports::business_rpc::v3: business RPC V3 selected frame stream_id=0 frame_type=WindowUpdate payload_bytes=4
2026-09-26T01:47:44.226151Z DEBUG netbaiot_transports::business_rpc::v3: business RPC V3 writer completed frame stream_id=0 frame_type=WindowUpdate payload_bytes=4
2026-09-26T01:47:44.230006Z DEBUG netbaiot_transports::business_rpc::v3: business RPC V3 selected frame stream_id=474 frame_type=Open payload_bytes=158
2026-09-26T01:47:44.233978Z DEBUG netbaiot_transports::business_rpc::v3: business RPC V3 writer completed frame stream_id=474 frame_type=Open payload_bytes=158
2026-09-26T01:47:44.238993Z DEBUG netbaiot_transports::business_rpc::v3: business RPC V3 selected frame stream_id=0 frame_type=WindowUpdate payload_bytes=4
2026-09-26T01:47:44.243151Z DEBUG netbaiot_transports::business_rpc::v3: business RPC V3 writer completed frame stream_id=0 frame_type=WindowUpdate payload_bytes=4
2026-09-26T01:47:44.246932Z DEBUG netbaiot_transports::business_rpc::v3: business RPC V3 selected frame stream_id=476 frame_type=Open payload_bytes=158
2026-09-26T01:47:44.247041Z DEBUG netbaiot_transports::business_rpc::v3: business RPC V3 writer completed frame stream_id=476 frame_type=Open payload_bytes=158
2026-09-26T01:47:44.247064Z DEBUG netbaiot_transports::business_rpc::v3: business RPC V3 selected frame stream_id=466 frame_type=Data payload_bytes=198
2026-09-26T01:47:44.247077Z DEBUG netbaiot_transports::business_rpc::v3: business RPC V3 writer completed frame stream_id=466 frame_type=Data payload_bytes=198
2026-09-26T01:47:44.250920Z DEBUG netbaiot_transports::business_rpc::v3: business RPC V3 selected frame stream_id=0 frame_type=WindowUpdate payload_bytes=4
2026-09-26T01:47:44.251097Z DEBUG netbaiot_transports::business_rpc::v3: business RPC V3 writer completed frame stream_id=0 frame_type=WindowUpdate payload_bytes=4
2026-09-26T01:47:44.251116Z DEBUG netbaiot_transports::business_rpc::v3: business RPC V3 selected frame stream_id=478 frame_type=Open payload_bytes=158
2026-09-26T01:47:44.254693Z DEBUG netbaiot_transports::business_rpc::v3: business RPC V3 writer completed frame stream_id=478 frame_type=Open payload_bytes=158
2026-09-26T01:47:44.255121Z DEBUG netbaiot_transports::business_rpc::v3: business RPC V3 selected frame stream_id=0 frame_type=WindowUpdate payload_bytes=4
2026-09-26T01:47:44.256787Z DEBUG netbaiot_transports::business_rpc::v3: business RPC V3 writer completed frame stream_id=0 frame_type=WindowUpdate payload_bytes=4
2026-09-26T01:47:44.260956Z DEBUG netbaiot_transports::business_rpc::v3: business RPC V3 selected frame stream_id=480 frame_type=Open payload_bytes=184
2026-09-26T01:47:44.265063Z DEBUG netbaiot_transports::business_rpc::v3: business RPC V3 writer completed frame stream_id=480 frame_type=Open payload_bytes=184
2026-09-26T01:47:44.268094Z DEBUG netbaiot_transports::business_rpc::v3: business RPC V3 selected frame stream_id=468 frame_type=Data payload_bytes=198
2026-09-26T01:47:44.272003Z DEBUG netbaiot_transports::business_rpc::v3: business RPC V3 writer completed frame stream_id=468 frame_type=Data payload_bytes=198
2026-09-26T01:47:44.275854Z DEBUG netbaiot_transports::business_rpc::v3: business RPC V3 selected frame stream_id=0 frame_type=WindowUpdate payload_bytes=4
2026-09-26T01:47:44.280021Z DEBUG netbaiot_transports::business_rpc::v3: business RPC V3 writer completed frame stream_id=0 frame_type=WindowUpdate payload_bytes=4
2026-09-26T01:47:44.284153Z DEBUG netbaiot_transports::business_rpc::v3: business RPC V3 selected frame stream_id=0 frame_type=WindowUpdate payload_bytes=4
2026-09-26T01:47:44.287445Z DEBUG netbaiot_transports::business_rpc::v3: business RPC V3 writer completed frame stream_id=0 frame_type=WindowUpdate payload_bytes=4
2026-09-26T01:47:44.293215Z DEBUG netbaiot_transports::business_rpc::v3: business RPC V3 selected frame stream_id=482 frame_type=Open payload_bytes=158
2026-09-26T01:47:44.297281Z DEBUG netbaiot_transports::business_rpc::v3: business RPC V3 writer completed frame stream_id=482 frame_type=Open payload_bytes=158
2026-09-26T01:47:44.305012Z DEBUG netbaiot_transports::business_rpc::v3: business RPC V3 selected frame stream_id=484 frame_type=Open payload_bytes=158
2026-09-26T01:47:44.309225Z DEBUG netbaiot_transports::business_rpc::v3: business RPC V3 writer completed frame stream_id=484 frame_type=Open payload_bytes=158
2026-09-26T01:47:44.315122Z DEBUG netbaiot_transports::business_rpc::v3: business RPC V3 selected frame stream_id=470 frame_type=Data payload_bytes=198
2026-09-26T01:47:44.318905Z DEBUG netbaiot_transports::business_rpc::v3: business RPC V3 writer completed frame stream_id=470 frame_type=Data payload_bytes=198
2026-09-26T01:47:44.325913Z DEBUG netbaiot_transports::business_rpc::v3: business RPC V3 selected frame stream_id=0 frame_type=WindowUpdate payload_bytes=4
2026-09-26T01:47:44.326003Z DEBUG netbaiot_transports::business_rpc::v3: business RPC V3 writer completed frame stream_id=0 frame_type=WindowUpdate payload_bytes=4
2026-09-26T01:47:44.330059Z DEBUG netbaiot_transports::business_rpc::v3: business RPC V3 selected frame stream_id=0 frame_type=Pong payload_bytes=8
2026-09-26T01:47:44.334090Z DEBUG netbaiot_transports::business_rpc::v3: business RPC V3 writer completed frame stream_id=0 frame_type=Pong payload_bytes=8
2026-09-26T01:47:44.338077Z DEBUG netbaiot_transports::business_rpc::v3: business RPC V3 selected frame stream_id=486 frame_type=Open payload_bytes=158
2026-09-26T01:47:44.341914Z DEBUG netbaiot_transports::business_rpc::v3: business RPC V3 writer completed frame stream_id=486 frame_type=Open payload_bytes=158
2026-09-26T01:47:44.346052Z DEBUG netbaiot_transports::business_rpc::v3: business RPC V3 selected frame stream_id=488 frame_type=Open payload_bytes=158
2026-09-26T01:47:44.349834Z DEBUG netbaiot_transports::business_rpc::v3: business RPC V3 writer completed frame stream_id=488 frame_type=Open payload_bytes=158
2026-09-26T01:47:44.356680Z DEBUG netbaiot_transports::business_rpc::v3: business RPC V3 selected frame stream_id=480 frame_type=Data payload_bytes=8192
2026-09-26T01:47:44.356994Z DEBUG netbaiot_transports::business_rpc::v3: business RPC V3 writer completed frame stream_id=480 frame_type=Data payload_bytes=8192
2026-09-26T01:47:44.363948Z DEBUG netbaiot_transports::business_rpc::v3: business RPC V3 selected frame stream_id=472 frame_type=Data payload_bytes=198
2026-09-26T01:47:44.368026Z DEBUG netbaiot_transports::business_rpc::v3: business RPC V3 writer completed frame stream_id=472 frame_type=Data payload_bytes=198
2026-09-26T01:47:44.374017Z DEBUG netbaiot_transports::business_rpc::v3: business RPC V3 selected frame stream_id=474 frame_type=Data payload_bytes=198
2026-09-26T01:47:44.378223Z DEBUG netbaiot_transports::business_rpc::v3: business RPC V3 writer completed frame stream_id=474 frame_type=Data payload_bytes=198
2026-09-26T01:47:44.381051Z DEBUG netbaiot_transports::business_rpc::v3: business RPC V3 selected frame stream_id=476 frame_type=Data payload_bytes=198
2026-09-26T01:47:44.384034Z DEBUG netbaiot_transports::business_rpc::v3: business RPC V3 writer completed frame stream_id=476 frame_type=Data payload_bytes=198
2026-09-26T01:47:44.386888Z DEBUG netbaiot_transports::business_rpc::v3: business RPC V3 selected frame stream_id=478 frame_type=Data payload_bytes=198
2026-09-26T01:47:44.391099Z DEBUG netbaiot_transports::business_rpc::v3: business RPC V3 writer completed frame stream_id=478 frame_type=Data payload_bytes=198
2026-09-26T01:47:44.395023Z DEBUG netbaiot_transports::business_rpc::v3: business RPC V3 selected frame stream_id=480 frame_type=Data payload_bytes=8192
2026-09-26T01:47:44.395124Z DEBUG netbaiot_transports::business_rpc::v3: business RPC V3 writer completed frame stream_id=480 frame_type=Data payload_bytes=8192
2026-09-26T01:47:44.398206Z DEBUG netbaiot_transports::business_rpc::v3: business RPC V3 selected frame stream_id=482 frame_type=Data payload_bytes=198
2026-09-26T01:47:44.398306Z DEBUG netbaiot_transports::business_rpc::v3: business RPC V3 writer completed frame stream_id=482 frame_type=Data payload_bytes=198
2026-09-26T01:47:44.402189Z DEBUG netbaiot_transports::business_rpc::v3: business RPC V3 selected frame stream_id=484 frame_type=Data payload_bytes=198
2026-09-26T01:47:44.404965Z DEBUG netbaiot_transports::business_rpc::v3: business RPC V3 writer completed frame stream_id=484 frame_type=Data payload_bytes=198
2026-09-26T01:47:44.409096Z DEBUG netbaiot_transports::business_rpc::v3: business RPC V3 selected frame stream_id=486 frame_type=Data payload_bytes=198
2026-09-26T01:47:44.413096Z DEBUG netbaiot_transports::business_rpc::v3: business RPC V3 writer completed frame stream_id=486 frame_type=Data payload_bytes=198
2026-09-26T01:47:44.416622Z DEBUG netbaiot_transports::business_rpc::v3: business RPC V3 selected frame stream_id=488 frame_type=Data payload_bytes=198
2026-09-26T01:47:44.419047Z DEBUG netbaiot_transports::business_rpc::v3: business RPC V3 writer completed frame stream_id=488 frame_type=Data payload_bytes=198
2026-09-26T01:47:44.422075Z DEBUG netbaiot_transports::business_rpc::v3: business RPC V3 received frame stream_id=0 frame_type=WindowUpdate payload_bytes=4
2026-09-26T01:47:44.426040Z DEBUG netbaiot_transports::business_rpc::v3: business RPC V3 received frame stream_id=460 frame_type=Response payload_bytes=35
2026-09-26T01:47:44.430320Z DEBUG netbaiot_transports::business_rpc::v3: business RPC V3 received frame stream_id=460 frame_type=Data payload_bytes=216
2026-09-26T01:47:44.433090Z DEBUG netbaiot_transports::business_rpc::v3: business RPC V3 received frame stream_id=0 frame_type=WindowUpdate payload_bytes=4
2026-09-26T01:47:44.439949Z DEBUG netbaiot_transports::business_rpc::v3: business RPC V3 received frame stream_id=462 frame_type=Response payload_bytes=35
2026-09-26T01:47:44.443100Z DEBUG netbaiot_transports::business_rpc::v3: business RPC V3 received frame stream_id=462 frame_type=Data payload_bytes=216
2026-09-26T01:47:44.433121Z DEBUG netbaiot_transports::business_rpc::v3: business RPC V3 selected frame stream_id=0 frame_type=WindowUpdate payload_bytes=4
2026-09-26T01:47:44.446181Z DEBUG netbaiot_transports::business_rpc::v3: business RPC V3 received frame stream_id=0 frame_type=WindowUpdate payload_bytes=4
2026-09-26T01:47:44.450010Z DEBUG netbaiot_transports::business_rpc::v3: business RPC V3 writer completed frame stream_id=0 frame_type=WindowUpdate payload_bytes=4
2026-09-26T01:47:44.453935Z DEBUG netbaiot_transports::business_rpc::v3: business RPC V3 received frame stream_id=464 frame_type=Response payload_bytes=35
2026-09-26T01:47:44.458047Z DEBUG netbaiot_transports::business_rpc::v3: business RPC V3 selected frame stream_id=0 frame_type=WindowUpdate payload_bytes=4
2026-09-26T01:47:44.461051Z DEBUG netbaiot_transports::business_rpc::v3: business RPC V3 received frame stream_id=464 frame_type=Data payload_bytes=216
2026-09-26T01:47:44.464991Z DEBUG netbaiot_transports::business_rpc::v3: business RPC V3 writer completed frame stream_id=0 frame_type=WindowUpdate payload_bytes=4
2026-09-26T01:47:44.469169Z DEBUG netbaiot_transports::business_rpc::v3: business RPC V3 received frame stream_id=0 frame_type=WindowUpdate payload_bytes=4
2026-09-26T01:47:44.472133Z DEBUG netbaiot_transports::business_rpc::v3: business RPC V3 selected frame stream_id=0 frame_type=WindowUpdate payload_bytes=4
2026-09-26T01:47:44.475949Z DEBUG netbaiot_transports::business_rpc::v3: business RPC V3 received frame stream_id=466 frame_type=Response payload_bytes=35
2026-09-26T01:47:44.478928Z DEBUG netbaiot_transports::business_rpc::v3: business RPC V3 writer completed frame stream_id=0 frame_type=WindowUpdate payload_bytes=4
2026-09-26T01:47:44.481935Z DEBUG netbaiot_transports::business_rpc::v3: business RPC V3 received frame stream_id=466 frame_type=Data payload_bytes=216
2026-09-26T01:47:44.489115Z DEBUG netbaiot_transports::business_rpc::v3: business RPC V3 received frame stream_id=0 frame_type=WindowUpdate payload_bytes=4
2026-09-26T01:47:44.493083Z DEBUG netbaiot_transports::business_rpc::v3: business RPC V3 received frame stream_id=468 frame_type=Response payload_bytes=35
2026-09-26T01:47:44.489115Z DEBUG netbaiot_transports::business_rpc::v3: business RPC V3 selected frame stream_id=0 frame_type=WindowUpdate payload_bytes=4
2026-09-26T01:47:44.497205Z DEBUG netbaiot_transports::business_rpc::v3: business RPC V3 received frame stream_id=468 frame_type=Data payload_bytes=216
2026-09-26T01:47:44.507395Z DEBUG netbaiot_transports::business_rpc::v3: business RPC V3 received frame stream_id=0 frame_type=WindowUpdate payload_bytes=4
2026-09-26T01:47:44.503028Z DEBUG netbaiot_transports::business_rpc::v3: business RPC V3 writer completed frame stream_id=0 frame_type=WindowUpdate payload_bytes=4
2026-09-26T01:47:44.517057Z DEBUG netbaiot_transports::business_rpc::v3: business RPC V3 selected frame stream_id=0 frame_type=WindowUpdate payload_bytes=4
2026-09-26T01:47:44.513171Z DEBUG netbaiot_transports::business_rpc::v3: business RPC V3 received frame stream_id=470 frame_type=Response payload_bytes=35
2026-09-26T01:47:44.521029Z DEBUG netbaiot_transports::business_rpc::v3: business RPC V3 writer completed frame stream_id=0 frame_type=WindowUpdate payload_bytes=4
2026-09-26T01:47:44.524297Z DEBUG netbaiot_transports::business_rpc::v3: business RPC V3 received frame stream_id=470 frame_type=Data payload_bytes=216
2026-09-26T01:47:44.531775Z DEBUG netbaiot_transports::business_rpc::v3: business RPC V3 received frame stream_id=0 frame_type=WindowUpdate payload_bytes=4
2026-09-26T01:47:44.534975Z DEBUG netbaiot_transports::business_rpc::v3: business RPC V3 received frame stream_id=480 frame_type=WindowUpdate payload_bytes=4
2026-09-26T01:47:44.531810Z DEBUG netbaiot_transports::business_rpc::v3: business RPC V3 selected frame stream_id=0 frame_type=WindowUpdate payload_bytes=4
2026-09-26T01:47:44.544305Z DEBUG netbaiot_transports::business_rpc::v3: business RPC V3 received frame stream_id=0 frame_type=WindowUpdate payload_bytes=4
2026-09-26T01:47:44.548098Z DEBUG netbaiot_transports::business_rpc::v3: business RPC V3 writer completed frame stream_id=0 frame_type=WindowUpdate payload_bytes=4
2026-09-26T01:47:44.548044Z DEBUG netbaiot_transports::business_rpc::v3: business RPC V3 received frame stream_id=472 frame_type=Response payload_bytes=35
2026-09-26T01:47:44.552095Z DEBUG netbaiot_transports::business_rpc::v3: business RPC V3 selected frame stream_id=480 frame_type=Data payload_bytes=982
2026-09-26T01:47:44.553574Z DEBUG netbaiot_transports::business_rpc::v3: business RPC V3 received frame stream_id=472 frame_type=Data payload_bytes=216
2026-09-26T01:47:44.558664Z DEBUG netbaiot_transports::business_rpc::v3: business RPC V3 writer completed frame stream_id=480 frame_type=Data payload_bytes=982
2026-09-26T01:47:44.563052Z DEBUG netbaiot_transports::business_rpc::v3: business RPC V3 body entered scheduler stream_id=490 class=Rpc body_bytes=198
2026-09-26T01:47:44.566961Z DEBUG netbaiot_transports::business_rpc::v3: business RPC V3 body entered scheduler stream_id=492 class=Rpc body_bytes=198
2026-09-26T01:47:44.568409Z DEBUG netbaiot_transports::business_rpc::v3: business RPC V3 body entered scheduler stream_id=494 class=Rpc body_bytes=198
2026-09-26T01:47:44.571922Z DEBUG netbaiot_transports::business_rpc::v3: business RPC V3 selected frame stream_id=0 frame_type=WindowUpdate payload_bytes=4
2026-09-26T01:47:44.572004Z DEBUG netbaiot_transports::business_rpc::v3: business RPC V3 writer completed frame stream_id=0 frame_type=WindowUpdate payload_bytes=4
2026-09-26T01:47:44.576245Z DEBUG netbaiot_transports::business_rpc::v3: business RPC V3 selected frame stream_id=490 frame_type=Open payload_bytes=158
2026-09-26T01:47:44.584996Z DEBUG netbaiot_transports::business_rpc::v3: business RPC V3 writer completed frame stream_id=490 frame_type=Open payload_bytes=158
2026-09-26T01:47:44.593172Z DEBUG netbaiot_transports::business_rpc::v3: business RPC V3 selected frame stream_id=492 frame_type=Open payload_bytes=158
2026-09-26T01:47:44.597052Z DEBUG netbaiot_transports::business_rpc::v3: business RPC V3 writer completed frame stream_id=492 frame_type=Open payload_bytes=158
2026-09-26T01:47:44.600009Z DEBUG netbaiot_transports::business_rpc::v3: business RPC V3 selected frame stream_id=494 frame_type=Open payload_bytes=158
2026-09-26T01:47:44.604026Z DEBUG netbaiot_transports::business_rpc::v3: business RPC V3 writer completed frame stream_id=494 frame_type=Open payload_bytes=158
2026-09-26T01:47:44.607950Z DEBUG netbaiot_transports::business_rpc::v3: business RPC V3 selected frame stream_id=490 frame_type=Data payload_bytes=198
2026-09-26T01:47:44.612898Z DEBUG netbaiot_transports::business_rpc::v3: business RPC V3 writer completed frame stream_id=490 frame_type=Data payload_bytes=198
2026-09-26T01:47:44.617237Z DEBUG netbaiot_transports::business_rpc::v3: business RPC V3 selected frame stream_id=492 frame_type=Data payload_bytes=198
2026-09-26T01:47:44.620155Z DEBUG netbaiot_transports::business_rpc::v3: business RPC V3 writer completed frame stream_id=492 frame_type=Data payload_bytes=198
2026-09-26T01:47:44.622973Z DEBUG netbaiot_transports::business_rpc::v3: business RPC V3 selected frame stream_id=494 frame_type=Data payload_bytes=198
2026-09-26T01:47:44.629714Z DEBUG netbaiot_transports::business_rpc::v3: business RPC V3 writer completed frame stream_id=494 frame_type=Data payload_bytes=198
2026-09-26T01:47:44.634290Z DEBUG netbaiot_transports::business_rpc::v3: business RPC V3 received frame stream_id=0 frame_type=WindowUpdate payload_bytes=4
2026-09-26T01:47:44.639997Z DEBUG netbaiot_transports::business_rpc::v3: business RPC V3 received frame stream_id=0 frame_type=WindowUpdate payload_bytes=4
2026-09-26T01:47:44.648071Z DEBUG netbaiot_transports::business_rpc::v3: business RPC V3 received frame stream_id=0 frame_type=WindowUpdate payload_bytes=4
2026-09-26T01:47:44.652027Z DEBUG netbaiot_transports::business_rpc::v3: business RPC V3 received frame stream_id=0 frame_type=WindowUpdate payload_bytes=4
2026-09-26T01:47:44.656386Z DEBUG netbaiot_transports::business_rpc::v3: business RPC V3 received frame stream_id=480 frame_type=WindowUpdate payload_bytes=4
2026-09-26T01:47:44.657337Z DEBUG netbaiot_transports::business_rpc::v3: business RPC V3 received frame stream_id=0 frame_type=WindowUpdate payload_bytes=4
2026-09-26T01:47:44.657370Z DEBUG netbaiot_transports::business_rpc::v3: business RPC V3 received frame stream_id=0 frame_type=WindowUpdate payload_bytes=4
2026-09-26T01:47:44.657402Z DEBUG netbaiot_transports::business_rpc::v3: business RPC V3 received frame stream_id=0 frame_type=WindowUpdate payload_bytes=4
2026-09-26T01:47:44.657412Z DEBUG netbaiot_transports::business_rpc::v3: business RPC V3 received frame stream_id=0 frame_type=WindowUpdate payload_bytes=4
2026-09-26T01:47:44.657698Z DEBUG netbaiot_transports::business_rpc::v3: business RPC V3 received frame stream_id=488 frame_type=Response payload_bytes=35
2026-09-26T01:47:44.664699Z DEBUG netbaiot_transports::business_rpc::v3: business RPC V3 received frame stream_id=478 frame_type=Response payload_bytes=35
2026-09-26T01:47:44.665063Z DEBUG netbaiot_transports::business_rpc::v3: business RPC V3 received frame stream_id=486 frame_type=Response payload_bytes=35
2026-09-26T01:47:44.665082Z DEBUG netbaiot_transports::business_rpc::v3: business RPC V3 received frame stream_id=474 frame_type=Response payload_bytes=35
2026-09-26T01:47:44.665092Z DEBUG netbaiot_transports::business_rpc::v3: business RPC V3 received frame stream_id=484 frame_type=Response payload_bytes=35
2026-09-26T01:47:44.665101Z DEBUG netbaiot_transports::business_rpc::v3: business RPC V3 received frame stream_id=488 frame_type=Data payload_bytes=216
2026-09-26T01:47:44.665170Z DEBUG netbaiot_transports::business_rpc::v3: business RPC V3 received frame stream_id=482 frame_type=Response payload_bytes=35
2026-09-26T01:47:44.665201Z DEBUG netbaiot_transports::business_rpc::v3: business RPC V3 body entered scheduler stream_id=496 class=Rpc body_bytes=198
2026-09-26T01:47:44.669008Z DEBUG netbaiot_transports::business_rpc::v3: business RPC V3 received frame stream_id=476 frame_type=Response payload_bytes=35
2026-09-26T01:47:44.672896Z DEBUG netbaiot_transports::business_rpc::v3: business RPC V3 body entered scheduler stream_id=498 class=Rpc body_bytes=198
2026-09-26T01:47:44.680635Z DEBUG netbaiot_transports::business_rpc::v3: business RPC V3 received frame stream_id=478 frame_type=Data payload_bytes=216
2026-09-26T01:47:44.680919Z DEBUG netbaiot_transports::business_rpc::v3: business RPC V3 body entered scheduler stream_id=500 class=Rpc body_bytes=198
2026-09-26T01:47:44.680986Z DEBUG netbaiot_transports::business_rpc::v3: business RPC V3 received frame stream_id=486 frame_type=Data payload_bytes=216
2026-09-26T01:47:44.685061Z DEBUG netbaiot_transports::business_rpc::v3: business RPC V3 body entered scheduler stream_id=502 class=Rpc body_bytes=198
2026-09-26T01:47:44.689219Z DEBUG netbaiot_transports::business_rpc::v3: business RPC V3 selected frame stream_id=496 frame_type=Open payload_bytes=158
2026-09-26T01:47:44.692629Z DEBUG netbaiot_transports::business_rpc::v3: business RPC V3 writer completed frame stream_id=496 frame_type=Open payload_bytes=158
2026-09-26T01:47:44.689267Z DEBUG netbaiot_transports::business_rpc::v3: business RPC V3 received frame stream_id=474 frame_type=Data payload_bytes=216
2026-09-26T01:47:44.693020Z DEBUG netbaiot_transports::business_rpc::v3: business RPC V3 body entered scheduler stream_id=504 class=Rpc body_bytes=198
2026-09-26T01:47:44.696235Z DEBUG netbaiot_transports::business_rpc::v3: business RPC V3 received frame stream_id=484 frame_type=Data payload_bytes=216
2026-09-26T01:47:44.699146Z DEBUG netbaiot_transports::business_rpc::v3: business RPC V3 body entered scheduler stream_id=506 class=Rpc body_bytes=198
2026-09-26T01:47:44.702329Z DEBUG netbaiot_transports::business_rpc::v3: business RPC V3 received frame stream_id=482 frame_type=Data payload_bytes=216
2026-09-26T01:47:44.712125Z DEBUG netbaiot_transports::business_rpc::v3: business RPC V3 body entered scheduler stream_id=508 class=Rpc body_bytes=198
2026-09-26T01:47:44.719045Z DEBUG netbaiot_transports::business_rpc::v3: business RPC V3 body entered scheduler stream_id=510 class=Rpc body_bytes=197
2026-09-26T01:47:44.719067Z DEBUG netbaiot_transports::business_rpc::v3: business RPC V3 body entered scheduler stream_id=512 class=Rpc body_bytes=198
2026-09-26T01:47:44.715259Z DEBUG netbaiot_transports::business_rpc::v3: business RPC V3 received frame stream_id=476 frame_type=Data payload_bytes=216
2026-09-26T01:47:44.719084Z DEBUG netbaiot_transports::business_rpc::v3: business RPC V3 selected frame stream_id=498 frame_type=Open payload_bytes=158
2026-09-26T01:47:44.722211Z DEBUG netbaiot_transports::business_rpc::v3: business RPC V3 writer completed frame stream_id=498 frame_type=Open payload_bytes=158
2026-09-26T01:47:44.719162Z DEBUG netbaiot_transports::business_rpc::v3: business RPC V3 received frame stream_id=0 frame_type=WindowUpdate payload_bytes=4
2026-09-26T01:47:44.725990Z DEBUG netbaiot_transports::business_rpc::v3: business RPC V3 body entered scheduler stream_id=514 class=Rpc body_bytes=198
2026-09-26T01:47:44.732937Z DEBUG netbaiot_transports::business_rpc::v3: business RPC V3 body entered scheduler stream_id=516 class=Rpc body_bytes=198
2026-09-26T01:47:44.729112Z DEBUG netbaiot_transports::business_rpc::v3: business RPC V3 received frame stream_id=480 frame_type=Response payload_bytes=35
2026-09-26T01:47:44.732956Z DEBUG netbaiot_transports::business_rpc::v3: business RPC V3 selected frame stream_id=500 frame_type=Open payload_bytes=158
2026-09-26T01:47:44.732991Z DEBUG netbaiot_transports::business_rpc::v3: business RPC V3 received frame stream_id=480 frame_type=Data payload_bytes=118
2026-09-26T01:47:44.733027Z DEBUG netbaiot_transports::business_rpc::v3: business RPC V3 writer completed frame stream_id=500 frame_type=Open payload_bytes=158
2026-09-26T01:47:44.736921Z DEBUG netbaiot_transports::business_rpc::v3: business RPC V3 Event delivery acknowledged stream_id=480 completion_us=592618
2026-09-26T01:47:44.748849Z DEBUG netbaiot_transports::business_rpc::v3: business RPC V3 received frame stream_id=0 frame_type=WindowUpdate payload_bytes=4
2026-09-26T01:47:44.748883Z DEBUG netbaiot_transports::business_rpc::v3: business RPC V3 received frame stream_id=490 frame_type=Response payload_bytes=35
2026-09-26T01:47:44.748922Z DEBUG netbaiot_transports::business_rpc::v3: business RPC V3 received frame stream_id=490 frame_type=Data payload_bytes=216
2026-09-26T01:47:44.741084Z DEBUG netbaiot_transports::business_rpc::v3: business RPC V3 selected frame stream_id=502 frame_type=Open payload_bytes=158
2026-09-26T01:47:44.753258Z DEBUG netbaiot_transports::business_rpc::v3: business RPC V3 writer completed frame stream_id=502 frame_type=Open payload_bytes=158
2026-09-26T01:47:44.759160Z DEBUG netbaiot_transports::business_rpc::v3: business RPC V3 body entered scheduler stream_id=518 class=Rpc body_bytes=198
2026-09-26T01:47:44.753300Z DEBUG netbaiot_transports::business_rpc::v3: business RPC V3 received frame stream_id=0 frame_type=WindowUpdate payload_bytes=4
2026-09-26T01:47:44.763077Z DEBUG netbaiot_transports::business_rpc::v3: business RPC V3 selected frame stream_id=496 frame_type=Data payload_bytes=198
2026-09-26T01:47:44.767155Z DEBUG netbaiot_transports::business_rpc::v3: business RPC V3 received frame stream_id=0 frame_type=WindowUpdate payload_bytes=4
2026-09-26T01:47:44.774238Z DEBUG netbaiot_transports::business_rpc::v3: business RPC V3 received frame stream_id=494 frame_type=Response payload_bytes=35
2026-09-26T01:47:44.771144Z DEBUG netbaiot_transports::business_rpc::v3: business RPC V3 writer completed frame stream_id=496 frame_type=Data payload_bytes=198
2026-09-26T01:47:44.780422Z DEBUG netbaiot_transports::business_rpc::v3: business RPC V3 received frame stream_id=492 frame_type=Response payload_bytes=35
2026-09-26T01:47:44.784146Z DEBUG netbaiot_transports::business_rpc::v3: business RPC V3 body entered scheduler stream_id=520 class=Event body_bytes=17366
2026-09-26T01:47:44.796170Z DEBUG netbaiot_transports::business_rpc::v3: business RPC V3 selected frame stream_id=0 frame_type=WindowUpdate payload_bytes=4
2026-09-26T01:47:44.799199Z DEBUG netbaiot_transports::business_rpc::v3: business RPC V3 writer completed frame stream_id=0 frame_type=WindowUpdate payload_bytes=4
2026-09-26T01:47:44.802152Z DEBUG netbaiot_transports::business_rpc::v3: business RPC V3 selected frame stream_id=0 frame_type=WindowUpdate payload_bytes=4
2026-09-26T01:47:44.792295Z DEBUG netbaiot_transports::business_rpc::v3: business RPC V3 received frame stream_id=494 frame_type=Data payload_bytes=216
2026-09-26T01:47:44.806112Z DEBUG netbaiot_transports::business_rpc::v3: business RPC V3 writer completed frame stream_id=0 frame_type=WindowUpdate payload_bytes=4
2026-09-26T01:47:44.812990Z DEBUG netbaiot_transports::business_rpc::v3: business RPC V3 selected frame stream_id=0 frame_type=WindowUpdate payload_bytes=4
2026-09-26T01:47:44.809222Z DEBUG netbaiot_transports::business_rpc::v3: business RPC V3 received frame stream_id=492 frame_type=Data payload_bytes=216
2026-09-26T01:47:44.816046Z DEBUG netbaiot_transports::business_rpc::v3: business RPC V3 writer completed frame stream_id=0 frame_type=WindowUpdate payload_bytes=4
2026-09-26T01:47:44.824084Z DEBUG netbaiot_transports::business_rpc::v3: business RPC V3 body entered scheduler stream_id=522 class=Rpc body_bytes=198
2026-09-26T01:47:44.824154Z DEBUG netbaiot_transports::business_rpc::v3: business RPC V3 body entered scheduler stream_id=524 class=Rpc body_bytes=198
2026-09-26T01:47:44.828126Z DEBUG netbaiot_transports::business_rpc::v3: business RPC V3 body entered scheduler stream_id=526 class=Rpc body_bytes=198
2026-09-26T01:47:44.832032Z DEBUG netbaiot_transports::business_rpc::v3: business RPC V3 selected frame stream_id=504 frame_type=Open payload_bytes=158
2026-09-26T01:47:44.835087Z DEBUG netbaiot_transports::business_rpc::v3: business RPC V3 writer completed frame stream_id=504 frame_type=Open payload_bytes=158
2026-09-26T01:47:44.838947Z DEBUG netbaiot_transports::business_rpc::v3: business RPC V3 selected frame stream_id=498 frame_type=Data payload_bytes=198
2026-09-26T01:47:44.842089Z DEBUG netbaiot_transports::business_rpc::v3: business RPC V3 writer completed frame stream_id=498 frame_type=Data payload_bytes=198
2026-09-26T01:47:44.846271Z DEBUG netbaiot_transports::business_rpc::v3: business RPC V3 selected frame stream_id=0 frame_type=WindowUpdate payload_bytes=4
2026-09-26T01:47:44.850178Z DEBUG netbaiot_transports::business_rpc::v3: business RPC V3 writer completed frame stream_id=0 frame_type=WindowUpdate payload_bytes=4
2026-09-26T01:47:44.854068Z DEBUG netbaiot_transports::business_rpc::v3: business RPC V3 selected frame stream_id=506 frame_type=Open payload_bytes=158
2026-09-26T01:47:44.858215Z DEBUG netbaiot_transports::business_rpc::v3: business RPC V3 writer completed frame stream_id=506 frame_type=Open payload_bytes=158
2026-09-26T01:47:44.862241Z DEBUG netbaiot_transports::business_rpc::v3: business RPC V3 selected frame stream_id=0 frame_type=WindowUpdate payload_bytes=4
2026-09-26T01:47:44.865256Z DEBUG netbaiot_transports::business_rpc::v3: business RPC V3 writer completed frame stream_id=0 frame_type=WindowUpdate payload_bytes=4
2026-09-26T01:47:44.868207Z DEBUG netbaiot_transports::business_rpc::v3: business RPC V3 selected frame stream_id=508 frame_type=Open payload_bytes=158
2026-09-26T01:47:44.868387Z DEBUG netbaiot_transports::business_rpc::v3: business RPC V3 writer completed frame stream_id=508 frame_type=Open payload_bytes=158
2026-09-26T01:47:44.871228Z DEBUG netbaiot_transports::business_rpc::v3: business RPC V3 selected frame stream_id=500 frame_type=Data payload_bytes=198
2026-09-26T01:47:44.875088Z DEBUG netbaiot_transports::business_rpc::v3: business RPC V3 writer completed frame stream_id=500 frame_type=Data payload_bytes=198
2026-09-26T01:47:44.883061Z DEBUG netbaiot_transports::business_rpc::v3: business RPC V3 selected frame stream_id=510 frame_type=Open payload_bytes=158
2026-09-26T01:47:44.887038Z DEBUG netbaiot_transports::business_rpc::v3: business RPC V3 writer completed frame stream_id=510 frame_type=Open payload_bytes=158
2026-09-26T01:47:44.890997Z DEBUG netbaiot_transports::business_rpc::v3: business RPC V3 selected frame stream_id=0 frame_type=WindowUpdate payload_bytes=4
2026-09-26T01:47:44.894243Z DEBUG netbaiot_transports::business_rpc::v3: business RPC V3 writer completed frame stream_id=0 frame_type=WindowUpdate payload_bytes=4
2026-09-26T01:47:44.897972Z DEBUG netbaiot_transports::business_rpc::v3: business RPC V3 selected frame stream_id=512 frame_type=Open payload_bytes=158
2026-09-26T01:47:44.904675Z DEBUG netbaiot_transports::business_rpc::v3: business RPC V3 writer completed frame stream_id=512 frame_type=Open payload_bytes=158
2026-09-26T01:47:44.904941Z DEBUG netbaiot_transports::business_rpc::v3: business RPC V3 selected frame stream_id=0 frame_type=WindowUpdate payload_bytes=4
2026-09-26T01:47:44.911742Z DEBUG netbaiot_transports::business_rpc::v3: business RPC V3 writer completed frame stream_id=0 frame_type=WindowUpdate payload_bytes=4
2026-09-26T01:47:44.915865Z DEBUG netbaiot_transports::business_rpc::v3: business RPC V3 selected frame stream_id=502 frame_type=Data payload_bytes=198
2026-09-26T01:47:44.918925Z DEBUG netbaiot_transports::business_rpc::v3: business RPC V3 writer completed frame stream_id=502 frame_type=Data payload_bytes=198
2026-09-26T01:47:44.923070Z DEBUG netbaiot_transports::business_rpc::v3: business RPC V3 selected frame stream_id=514 frame_type=Open payload_bytes=158
2026-09-26T01:47:44.923205Z DEBUG netbaiot_transports::business_rpc::v3: business RPC V3 writer completed frame stream_id=514 frame_type=Open payload_bytes=158
2026-09-26T01:47:44.924572Z DEBUG netbaiot_transports::business_rpc::v3: business RPC V3 selected frame stream_id=516 frame_type=Open payload_bytes=158
2026-09-26T01:47:44.927001Z DEBUG netbaiot_transports::business_rpc::v3: business RPC V3 writer completed frame stream_id=516 frame_type=Open payload_bytes=158
2026-09-26T01:47:44.930862Z DEBUG netbaiot_transports::business_rpc::v3: business RPC V3 selected frame stream_id=0 frame_type=WindowUpdate payload_bytes=4
2026-09-26T01:47:44.937701Z DEBUG netbaiot_transports::business_rpc::v3: business RPC V3 writer completed frame stream_id=0 frame_type=WindowUpdate payload_bytes=4
2026-09-26T01:47:44.938064Z DEBUG netbaiot_transports::business_rpc::v3: business RPC V3 selected frame stream_id=0 frame_type=WindowUpdate payload_bytes=4
2026-09-26T01:47:44.942012Z DEBUG netbaiot_transports::business_rpc::v3: business RPC V3 writer completed frame stream_id=0 frame_type=WindowUpdate payload_bytes=4
2026-09-26T01:47:44.945927Z DEBUG netbaiot_transports::business_rpc::v3: business RPC V3 selected frame stream_id=504 frame_type=Data payload_bytes=198
2026-09-26T01:47:44.950145Z DEBUG netbaiot_transports::business_rpc::v3: business RPC V3 writer completed frame stream_id=504 frame_type=Data payload_bytes=198
2026-09-26T01:47:44.951308Z DEBUG netbaiot_transports::business_rpc::v3: business RPC V3 selected frame stream_id=518 frame_type=Open payload_bytes=158
2026-09-26T01:47:44.951365Z DEBUG netbaiot_transports::business_rpc::v3: business RPC V3 writer completed frame stream_id=518 frame_type=Open payload_bytes=158
2026-09-26T01:47:44.954966Z DEBUG netbaiot_transports::business_rpc::v3: business RPC V3 selected frame stream_id=520 frame_type=Open payload_bytes=184
2026-09-26T01:47:44.958944Z DEBUG netbaiot_transports::business_rpc::v3: business RPC V3 writer completed frame stream_id=520 frame_type=Open payload_bytes=184
2026-09-26T01:47:44.966172Z DEBUG netbaiot_transports::business_rpc::v3: business RPC V3 selected frame stream_id=0 frame_type=WindowUpdate payload_bytes=4
2026-09-26T01:47:44.970292Z DEBUG netbaiot_transports::business_rpc::v3: business RPC V3 writer completed frame stream_id=0 frame_type=WindowUpdate payload_bytes=4
2026-09-26T01:47:44.978026Z DEBUG netbaiot_transports::business_rpc::v3: business RPC V3 selected frame stream_id=0 frame_type=WindowUpdate payload_bytes=4
2026-09-26T01:47:44.981114Z DEBUG netbaiot_transports::business_rpc::v3: business RPC V3 writer completed frame stream_id=0 frame_type=WindowUpdate payload_bytes=4
2026-09-26T01:47:44.984762Z DEBUG netbaiot_transports::business_rpc::v3: business RPC V3 selected frame stream_id=520 frame_type=Data payload_bytes=8192
2026-09-26T01:47:44.985254Z DEBUG netbaiot_transports::business_rpc::v3: business RPC V3 writer completed frame stream_id=520 frame_type=Data payload_bytes=8192
2026-09-26T01:47:44.988001Z DEBUG netbaiot_transports::business_rpc::v3: business RPC V3 selected frame stream_id=522 frame_type=Open payload_bytes=158
2026-09-26T01:47:44.992251Z DEBUG netbaiot_transports::business_rpc::v3: business RPC V3 writer completed frame stream_id=522 frame_type=Open payload_bytes=158
2026-09-26T01:47:44.995732Z DEBUG netbaiot_transports::business_rpc::v3: business RPC V3 selected frame stream_id=524 frame_type=Open payload_bytes=158
2026-09-26T01:47:44.996428Z DEBUG netbaiot_transports::business_rpc::v3: business RPC V3 writer completed frame stream_id=524 frame_type=Open payload_bytes=158
2026-09-26T01:47:45.000001Z DEBUG netbaiot_transports::business_rpc::v3: business RPC V3 selected frame stream_id=526 frame_type=Open payload_bytes=158
2026-09-26T01:47:45.004175Z DEBUG netbaiot_transports::business_rpc::v3: business RPC V3 writer completed frame stream_id=526 frame_type=Open payload_bytes=158
2026-09-26T01:47:45.011702Z DEBUG netbaiot_transports::business_rpc::v3: business RPC V3 selected frame stream_id=506 frame_type=Data payload_bytes=198
2026-09-26T01:47:45.011801Z DEBUG netbaiot_transports::business_rpc::v3: business RPC V3 writer completed frame stream_id=506 frame_type=Data payload_bytes=198
2026-09-26T01:47:45.012098Z DEBUG netbaiot_transports::business_rpc::v3: business RPC V3 selected frame stream_id=508 frame_type=Data payload_bytes=198
2026-09-26T01:47:45.016093Z DEBUG netbaiot_transports::business_rpc::v3: business RPC V3 writer completed frame stream_id=508 frame_type=Data payload_bytes=198
2026-09-26T01:47:45.020001Z DEBUG netbaiot_transports::business_rpc::v3: business RPC V3 selected frame stream_id=510 frame_type=Data payload_bytes=197
2026-09-26T01:47:45.024216Z DEBUG netbaiot_transports::business_rpc::v3: business RPC V3 writer completed frame stream_id=510 frame_type=Data payload_bytes=197
2026-09-26T01:47:45.027916Z DEBUG netbaiot_transports::business_rpc::v3: business RPC V3 selected frame stream_id=512 frame_type=Data payload_bytes=198
2026-09-26T01:47:45.032065Z DEBUG netbaiot_transports::business_rpc::v3: business RPC V3 writer completed frame stream_id=512 frame_type=Data payload_bytes=198
2026-09-26T01:47:45.035998Z DEBUG netbaiot_transports::business_rpc::v3: business RPC V3 selected frame stream_id=520 frame_type=Data payload_bytes=8192
2026-09-26T01:47:45.039090Z DEBUG netbaiot_transports::business_rpc::v3: business RPC V3 writer completed frame stream_id=520 frame_type=Data payload_bytes=8192
2026-09-26T01:47:45.042408Z DEBUG netbaiot_transports::business_rpc::v3: business RPC V3 selected frame stream_id=514 frame_type=Data payload_bytes=198
2026-09-26T01:47:45.045103Z DEBUG netbaiot_transports::business_rpc::v3: business RPC V3 writer completed frame stream_id=514 frame_type=Data payload_bytes=198
2026-09-26T01:47:45.047912Z DEBUG netbaiot_transports::business_rpc::v3: business RPC V3 selected frame stream_id=516 frame_type=Data payload_bytes=198
2026-09-26T01:47:45.051041Z DEBUG netbaiot_transports::business_rpc::v3: business RPC V3 writer completed frame stream_id=516 frame_type=Data payload_bytes=198
2026-09-26T01:47:45.054096Z DEBUG netbaiot_transports::business_rpc::v3: business RPC V3 selected frame stream_id=518 frame_type=Data payload_bytes=198
2026-09-26T01:47:45.064840Z DEBUG netbaiot_transports::business_rpc::v3: business RPC V3 writer completed frame stream_id=518 frame_type=Data payload_bytes=198
2026-09-26T01:47:45.073109Z DEBUG netbaiot_transports::business_rpc::v3: business RPC V3 selected frame stream_id=522 frame_type=Data payload_bytes=198
2026-09-26T01:47:45.076999Z DEBUG netbaiot_transports::business_rpc::v3: business RPC V3 writer completed frame stream_id=522 frame_type=Data payload_bytes=198
2026-09-26T01:47:45.080993Z DEBUG netbaiot_transports::business_rpc::v3: business RPC V3 selected frame stream_id=524 frame_type=Data payload_bytes=198
2026-09-26T01:47:45.082449Z DEBUG netbaiot_transports::business_rpc::v3: business RPC V3 writer completed frame stream_id=524 frame_type=Data payload_bytes=198
2026-09-26T01:47:45.086087Z DEBUG netbaiot_transports::business_rpc::v3: business RPC V3 selected frame stream_id=526 frame_type=Data payload_bytes=198
2026-09-26T01:47:45.090057Z DEBUG netbaiot_transports::business_rpc::v3: business RPC V3 writer completed frame stream_id=526 frame_type=Data payload_bytes=198
2026-09-26T01:47:45.094159Z DEBUG netbaiot_transports::business_rpc::v3: business RPC V3 received frame stream_id=0 frame_type=WindowUpdate payload_bytes=4
2026-09-26T01:47:45.100236Z DEBUG netbaiot_transports::business_rpc::v3: business RPC V3 received frame stream_id=496 frame_type=Response payload_bytes=35
2026-09-26T01:47:45.100300Z DEBUG netbaiot_transports::business_rpc::v3: business RPC V3 received frame stream_id=496 frame_type=Data payload_bytes=216
2026-09-26T01:47:45.103262Z DEBUG netbaiot_transports::business_rpc::v3: business RPC V3 received frame stream_id=0 frame_type=WindowUpdate payload_bytes=4
2026-09-26T01:47:45.103341Z DEBUG netbaiot_transports::business_rpc::v3: business RPC V3 selected frame stream_id=0 frame_type=WindowUpdate payload_bytes=4
2026-09-26T01:47:45.115050Z DEBUG netbaiot_transports::business_rpc::v3: business RPC V3 received frame stream_id=498 frame_type=Response payload_bytes=35
2026-09-26T01:47:45.115105Z DEBUG netbaiot_transports::business_rpc::v3: business RPC V3 received frame stream_id=498 frame_type=Data payload_bytes=216
2026-09-26T01:47:45.115169Z DEBUG netbaiot_transports::business_rpc::v3: business RPC V3 writer completed frame stream_id=0 frame_type=WindowUpdate payload_bytes=4
2026-09-26T01:47:45.123313Z DEBUG netbaiot_transports::business_rpc::v3: business RPC V3 selected frame stream_id=0 frame_type=WindowUpdate payload_bytes=4
2026-09-26T01:47:45.119259Z DEBUG netbaiot_transports::business_rpc::v3: business RPC V3 received frame stream_id=0 frame_type=WindowUpdate payload_bytes=4
2026-09-26T01:47:45.129399Z DEBUG netbaiot_transports::business_rpc::v3: business RPC V3 writer completed frame stream_id=0 frame_type=WindowUpdate payload_bytes=4
2026-09-26T01:47:45.133148Z DEBUG netbaiot_transports::business_rpc::v3: business RPC V3 received frame stream_id=500 frame_type=Response payload_bytes=35
2026-09-26T01:47:45.136249Z DEBUG netbaiot_transports::business_rpc::v3: business RPC V3 body entered scheduler stream_id=528 class=Rpc body_bytes=198
2026-09-26T01:47:45.140018Z DEBUG netbaiot_transports::business_rpc::v3: business RPC V3 received frame stream_id=500 frame_type=Data payload_bytes=216
2026-09-26T01:47:45.142922Z DEBUG netbaiot_transports::business_rpc::v3: business RPC V3 selected frame stream_id=528 frame_type=Open payload_bytes=158
2026-09-26T01:47:45.149375Z DEBUG netbaiot_transports::business_rpc::v3: business RPC V3 writer completed frame stream_id=528 frame_type=Open payload_bytes=158
2026-09-26T01:47:45.152981Z DEBUG netbaiot_transports::business_rpc::v3: business RPC V3 selected frame stream_id=0 frame_type=WindowUpdate payload_bytes=4
2026-09-26T01:47:45.148849Z DEBUG netbaiot_transports::business_rpc::v3: business RPC V3 received frame stream_id=0 frame_type=WindowUpdate payload_bytes=4
2026-09-26T01:47:45.157189Z DEBUG netbaiot_transports::business_rpc::v3: business RPC V3 writer completed frame stream_id=0 frame_type=WindowUpdate payload_bytes=4
2026-09-26T01:47:45.159991Z DEBUG netbaiot_transports::business_rpc::v3: business RPC V3 received frame stream_id=502 frame_type=Response payload_bytes=35
2026-09-26T01:47:45.159990Z DEBUG netbaiot_transports::business_rpc::v3: business RPC V3 selected frame stream_id=528 frame_type=Data payload_bytes=198
2026-09-26T01:47:45.164166Z DEBUG netbaiot_transports::business_rpc::v3: business RPC V3 received frame stream_id=502 frame_type=Data payload_bytes=216
2026-09-26T01:47:45.167035Z DEBUG netbaiot_transports::business_rpc::v3: business RPC V3 writer completed frame stream_id=528 frame_type=Data payload_bytes=198
2026-09-26T01:47:45.170999Z DEBUG netbaiot_transports::business_rpc::v3: business RPC V3 received frame stream_id=0 frame_type=WindowUpdate payload_bytes=4
2026-09-26T01:47:45.174943Z DEBUG netbaiot_transports::business_rpc::v3: business RPC V3 body entered scheduler stream_id=530 class=Rpc body_bytes=198
2026-09-26T01:47:45.179068Z DEBUG netbaiot_transports::business_rpc::v3: business RPC V3 body entered scheduler stream_id=532 class=Rpc body_bytes=198
2026-09-26T01:47:45.179109Z DEBUG netbaiot_transports::business_rpc::v3: business RPC V3 received frame stream_id=504 frame_type=Response payload_bytes=35
2026-09-26T01:47:45.183093Z DEBUG netbaiot_transports::business_rpc::v3: business RPC V3 selected frame stream_id=530 frame_type=Open payload_bytes=158
2026-09-26T01:47:45.186101Z DEBUG netbaiot_transports::business_rpc::v3: business RPC V3 received frame stream_id=504 frame_type=Data payload_bytes=216
2026-09-26T01:47:45.193178Z DEBUG netbaiot_transports::business_rpc::v3: business RPC V3 writer completed frame stream_id=530 frame_type=Open payload_bytes=158
2026-09-26T01:47:45.197141Z DEBUG netbaiot_transports::business_rpc::v3: business RPC V3 received frame stream_id=0 frame_type=WindowUpdate payload_bytes=4
2026-09-26T01:47:45.201219Z DEBUG netbaiot_transports::business_rpc::v3: business RPC V3 body entered scheduler stream_id=534 class=Rpc body_bytes=198
2026-09-26T01:47:45.209116Z DEBUG netbaiot_transports::business_rpc::v3: business RPC V3 selected frame stream_id=0 frame_type=WindowUpdate payload_bytes=4
2026-09-26T01:47:45.205105Z DEBUG netbaiot_transports::business_rpc::v3: business RPC V3 received frame stream_id=520 frame_type=WindowUpdate payload_bytes=4
2026-09-26T01:47:45.209236Z DEBUG netbaiot_transports::business_rpc::v3: business RPC V3 writer completed frame stream_id=0 frame_type=WindowUpdate payload_bytes=4
2026-09-26T01:47:45.209264Z DEBUG netbaiot_transports::business_rpc::v3: business RPC V3 selected frame stream_id=532 frame_type=Open payload_bytes=158
2026-09-26T01:47:45.209346Z DEBUG netbaiot_transports::business_rpc::v3: business RPC V3 writer completed frame stream_id=532 frame_type=Open payload_bytes=158
2026-09-26T01:47:45.211692Z DEBUG netbaiot_transports::business_rpc::v3: business RPC V3 body entered scheduler stream_id=536 class=Rpc body_bytes=198
2026-09-26T01:47:45.212153Z DEBUG netbaiot_transports::business_rpc::v3: business RPC V3 selected frame stream_id=534 frame_type=Open payload_bytes=158
2026-09-26T01:47:45.212250Z DEBUG netbaiot_transports::business_rpc::v3: business RPC V3 writer completed frame stream_id=534 frame_type=Open payload_bytes=158
2026-09-26T01:47:45.222018Z DEBUG netbaiot_transports::business_rpc::v3: business RPC V3 selected frame stream_id=530 frame_type=Data payload_bytes=198
2026-09-26T01:47:45.226252Z DEBUG netbaiot_transports::business_rpc::v3: business RPC V3 writer completed frame stream_id=530 frame_type=Data payload_bytes=198
2026-09-26T01:47:45.226719Z DEBUG netbaiot_transports::business_rpc::v3: business RPC V3 received frame stream_id=0 frame_type=WindowUpdate payload_bytes=4
2026-09-26T01:47:45.232454Z DEBUG netbaiot_transports::business_rpc::v3: business RPC V3 selected frame stream_id=0 frame_type=WindowUpdate payload_bytes=4
2026-09-26T01:47:45.236104Z DEBUG netbaiot_transports::business_rpc::v3: business RPC V3 received frame stream_id=0 frame_type=WindowUpdate payload_bytes=4
2026-09-26T01:47:45.239242Z DEBUG netbaiot_transports::business_rpc::v3: business RPC V3 writer completed frame stream_id=0 frame_type=WindowUpdate payload_bytes=4
2026-09-26T01:47:45.246116Z DEBUG netbaiot_transports::business_rpc::v3: business RPC V3 received frame stream_id=0 frame_type=WindowUpdate payload_bytes=4
2026-09-26T01:47:45.249884Z DEBUG netbaiot_transports::business_rpc::v3: business RPC V3 selected frame stream_id=536 frame_type=Open payload_bytes=158
2026-09-26T01:47:45.258106Z DEBUG netbaiot_transports::business_rpc::v3: business RPC V3 received frame stream_id=0 frame_type=WindowUpdate payload_bytes=4
2026-09-26T01:47:45.263952Z DEBUG netbaiot_transports::business_rpc::v3: business RPC V3 received frame stream_id=0 frame_type=WindowUpdate payload_bytes=4
2026-09-26T01:47:45.270632Z DEBUG netbaiot_transports::business_rpc::v3: business RPC V3 received frame stream_id=520 frame_type=WindowUpdate payload_bytes=4
2026-09-26T01:47:45.270670Z DEBUG netbaiot_transports::business_rpc::v3: business RPC V3 received frame stream_id=0 frame_type=WindowUpdate payload_bytes=4
2026-09-26T01:47:45.270679Z DEBUG netbaiot_transports::business_rpc::v3: business RPC V3 received frame stream_id=0 frame_type=WindowUpdate payload_bytes=4
2026-09-26T01:47:45.270702Z DEBUG netbaiot_transports::business_rpc::v3: business RPC V3 received frame stream_id=0 frame_type=WindowUpdate payload_bytes=4
2026-09-26T01:47:45.271047Z DEBUG netbaiot_transports::business_rpc::v3: business RPC V3 received frame stream_id=508 frame_type=Response payload_bytes=35
2026-09-26T01:47:45.260927Z DEBUG netbaiot_transports::business_rpc::v3: business RPC V3 writer completed frame stream_id=536 frame_type=Open payload_bytes=158
2026-09-26T01:47:45.275054Z DEBUG netbaiot_transports::business_rpc::v3: business RPC V3 received frame stream_id=518 frame_type=Response payload_bytes=35
2026-09-26T01:47:45.278912Z DEBUG netbaiot_transports::business_rpc::v3: business RPC V3 selected frame stream_id=520 frame_type=Data payload_bytes=982
2026-09-26T01:47:45.283221Z DEBUG netbaiot_transports::business_rpc::v3: business RPC V3 received frame stream_id=510 frame_type=Response payload_bytes=35
2026-09-26T01:47:45.287111Z DEBUG netbaiot_transports::business_rpc::v3: business RPC V3 writer completed frame stream_id=520 frame_type=Data payload_bytes=982
2026-09-26T01:47:45.293159Z DEBUG netbaiot_transports::business_rpc::v3: business RPC V3 selected frame stream_id=532 frame_type=Data payload_bytes=198
2026-09-26T01:47:45.290178Z DEBUG netbaiot_transports::business_rpc::v3: business RPC V3 received frame stream_id=508 frame_type=Data payload_bytes=216
2026-09-26T01:47:45.297230Z DEBUG netbaiot_transports::business_rpc::v3: business RPC V3 writer completed frame stream_id=532 frame_type=Data payload_bytes=198
2026-09-26T01:47:45.301141Z DEBUG netbaiot_transports::business_rpc::v3: business RPC V3 received frame stream_id=512 frame_type=Response payload_bytes=35
2026-09-26T01:47:45.303974Z DEBUG netbaiot_transports::business_rpc::v3: business RPC V3 selected frame stream_id=0 frame_type=WindowUpdate payload_bytes=4
2026-09-26T01:47:45.308286Z DEBUG netbaiot_transports::business_rpc::v3: business RPC V3 received frame stream_id=514 frame_type=Response payload_bytes=35
2026-09-26T01:47:45.311450Z DEBUG netbaiot_transports::business_rpc::v3: business RPC V3 writer completed frame stream_id=0 frame_type=WindowUpdate payload_bytes=4
2026-09-26T01:47:45.314355Z DEBUG netbaiot_transports::business_rpc::v3: business RPC V3 received frame stream_id=516 frame_type=Response payload_bytes=35
2026-09-26T01:47:45.321171Z DEBUG netbaiot_transports::business_rpc::v3: business RPC V3 received frame stream_id=506 frame_type=Response payload_bytes=35
2026-09-26T01:47:45.317105Z DEBUG netbaiot_transports::business_rpc::v3: business RPC V3 selected frame stream_id=534 frame_type=Data payload_bytes=198
2026-09-26T01:47:45.328516Z DEBUG netbaiot_transports::business_rpc::v3: business RPC V3 writer completed frame stream_id=534 frame_type=Data payload_bytes=198
2026-09-26T01:47:45.325122Z DEBUG netbaiot_transports::business_rpc::v3: business RPC V3 received frame stream_id=518 frame_type=Data payload_bytes=216
2026-09-26T01:47:45.331234Z DEBUG netbaiot_transports::business_rpc::v3: business RPC V3 selected frame stream_id=536 frame_type=Data payload_bytes=198
2026-09-26T01:47:45.342165Z DEBUG netbaiot_transports::business_rpc::v3: business RPC V3 received frame stream_id=510 frame_type=Data payload_bytes=215
2026-09-26T01:47:45.346304Z DEBUG netbaiot_transports::business_rpc::v3: business RPC V3 writer completed frame stream_id=536 frame_type=Data payload_bytes=198
2026-09-26T01:47:45.346405Z DEBUG netbaiot_transports::business_rpc::v3: business RPC V3 received frame stream_id=512 frame_type=Data payload_bytes=216
2026-09-26T01:47:45.350022Z DEBUG netbaiot_transports::business_rpc::v3: business RPC V3 body entered scheduler stream_id=538 class=Rpc body_bytes=198
2026-09-26T01:47:45.350059Z DEBUG netbaiot_transports::business_rpc::v3: business RPC V3 selected frame stream_id=0 frame_type=WindowUpdate payload_bytes=4
2026-09-26T01:47:45.350118Z DEBUG netbaiot_transports::business_rpc::v3: business RPC V3 received frame stream_id=514 frame_type=Data payload_bytes=216
2026-09-26T01:47:45.358982Z DEBUG netbaiot_transports::business_rpc::v3: business RPC V3 received frame stream_id=516 frame_type=Data payload_bytes=216
2026-09-26T01:47:45.363511Z DEBUG netbaiot_transports::business_rpc::v3: business RPC V3 received frame stream_id=506 frame_type=Data payload_bytes=216
2026-09-26T01:47:45.354966Z DEBUG netbaiot_transports::business_rpc::v3: business RPC V3 writer completed frame stream_id=0 frame_type=WindowUpdate payload_bytes=4
2026-09-26T01:47:45.369193Z DEBUG netbaiot_transports::business_rpc::v3: business RPC V3 body entered scheduler stream_id=540 class=Rpc body_bytes=198
2026-09-26T01:47:45.373056Z DEBUG netbaiot_transports::business_rpc::v3: business RPC V3 body entered scheduler stream_id=542 class=Rpc body_bytes=198
2026-09-26T01:47:45.369212Z DEBUG netbaiot_transports::business_rpc::v3: business RPC V3 received frame stream_id=0 frame_type=WindowUpdate payload_bytes=4
2026-09-26T01:47:45.376124Z DEBUG netbaiot_transports::business_rpc::v3: business RPC V3 body entered scheduler stream_id=544 class=Rpc body_bytes=198
2026-09-26T01:47:45.384956Z DEBUG netbaiot_transports::business_rpc::v3: business RPC V3 body entered scheduler stream_id=546 class=Rpc body_bytes=198
2026-09-26T01:47:45.384683Z DEBUG netbaiot_transports::business_rpc::v3: business RPC V3 received frame stream_id=0 frame_type=WindowUpdate payload_bytes=4
2026-09-26T01:47:45.387946Z DEBUG netbaiot_transports::business_rpc::v3: business RPC V3 body entered scheduler stream_id=548 class=Rpc body_bytes=198
2026-09-26T01:47:45.392141Z DEBUG netbaiot_transports::business_rpc::v3: business RPC V3 received frame stream_id=0 frame_type=WindowUpdate payload_bytes=4
2026-09-26T01:47:45.398970Z DEBUG netbaiot_transports::business_rpc::v3: business RPC V3 received frame stream_id=526 frame_type=Response payload_bytes=35
2026-09-26T01:47:45.395179Z DEBUG netbaiot_transports::business_rpc::v3: business RPC V3 selected frame stream_id=0 frame_type=WindowUpdate payload_bytes=4
2026-09-26T01:47:45.401921Z DEBUG netbaiot_transports::business_rpc::v3: business RPC V3 received frame stream_id=526 frame_type=Data payload_bytes=216
2026-09-26T01:47:45.406161Z DEBUG netbaiot_transports::business_rpc::v3: business RPC V3 writer completed frame stream_id=0 frame_type=WindowUpdate payload_bytes=4
2026-09-26T01:47:45.410250Z DEBUG netbaiot_transports::business_rpc::v3: business RPC V3 received frame stream_id=522 frame_type=Response payload_bytes=35
2026-09-26T01:47:45.413173Z DEBUG netbaiot_transports::business_rpc::v3: business RPC V3 selected frame stream_id=538 frame_type=Open payload_bytes=158
2026-09-26T01:47:45.417387Z DEBUG netbaiot_transports::business_rpc::v3: business RPC V3 received frame stream_id=524 frame_type=Response payload_bytes=35
2026-09-26T01:47:45.417437Z DEBUG netbaiot_transports::business_rpc::v3: business RPC V3 received frame stream_id=522 frame_type=Data payload_bytes=216
2026-09-26T01:47:45.417459Z DEBUG netbaiot_transports::business_rpc::v3: business RPC V3 writer completed frame stream_id=538 frame_type=Open payload_bytes=158
2026-09-26T01:47:45.428659Z DEBUG netbaiot_transports::business_rpc::v3: business RPC V3 selected frame stream_id=0 frame_type=WindowUpdate payload_bytes=4
2026-09-26T01:47:45.421161Z DEBUG netbaiot_transports::business_rpc::v3: business RPC V3 received frame stream_id=524 frame_type=Data payload_bytes=216
2026-09-26T01:47:45.435784Z DEBUG netbaiot_transports::business_rpc::v3: business RPC V3 writer completed frame stream_id=0 frame_type=WindowUpdate payload_bytes=4
2026-09-26T01:47:45.447760Z DEBUG netbaiot_transports::business_rpc::v3: business RPC V3 selected frame stream_id=538 frame_type=Data payload_bytes=198
2026-09-26T01:47:45.440095Z DEBUG netbaiot_transports::business_rpc::v3: business RPC V3 received frame stream_id=0 frame_type=WindowUpdate payload_bytes=4
2026-09-26T01:47:45.447841Z DEBUG netbaiot_transports::business_rpc::v3: business RPC V3 writer completed frame stream_id=538 frame_type=Data payload_bytes=198
2026-09-26T01:47:45.451959Z DEBUG netbaiot_transports::business_rpc::v3: business RPC V3 selected frame stream_id=540 frame_type=Open payload_bytes=158
2026-09-26T01:47:45.451955Z DEBUG netbaiot_transports::business_rpc::v3: business RPC V3 received frame stream_id=528 frame_type=Response payload_bytes=35
2026-09-26T01:47:45.451993Z DEBUG netbaiot_transports::business_rpc::v3: business RPC V3 received frame stream_id=528 frame_type=Data payload_bytes=216
2026-09-26T01:47:45.452049Z DEBUG netbaiot_transports::business_rpc::v3: business RPC V3 writer completed frame stream_id=540 frame_type=Open payload_bytes=158
2026-09-26T01:47:45.452081Z DEBUG netbaiot_transports::business_rpc::v3: business RPC V3 received frame stream_id=0 frame_type=WindowUpdate payload_bytes=4
2026-09-26T01:47:45.456181Z DEBUG netbaiot_transports::business_rpc::v3: business RPC V3 selected frame stream_id=0 frame_type=WindowUpdate payload_bytes=4
2026-09-26T01:47:45.459099Z DEBUG netbaiot_transports::business_rpc::v3: business RPC V3 received frame stream_id=530 frame_type=Response payload_bytes=35
2026-09-26T01:47:45.462944Z DEBUG netbaiot_transports::business_rpc::v3: business RPC V3 writer completed frame stream_id=0 frame_type=WindowUpdate payload_bytes=4
2026-09-26T01:47:45.466928Z DEBUG netbaiot_transports::business_rpc::v3: business RPC V3 received frame stream_id=530 frame_type=Data payload_bytes=216
2026-09-26T01:47:45.471180Z DEBUG netbaiot_transports::business_rpc::v3: business RPC V3 selected frame stream_id=542 frame_type=Open payload_bytes=158
2026-09-26T01:47:45.471310Z DEBUG netbaiot_transports::business_rpc::v3: business RPC V3 received frame stream_id=0 frame_type=WindowUpdate payload_bytes=4
2026-09-26T01:47:45.475133Z DEBUG netbaiot_transports::business_rpc::v3: business RPC V3 received frame stream_id=520 frame_type=Response payload_bytes=35
2026-09-26T01:47:45.475189Z DEBUG netbaiot_transports::business_rpc::v3: business RPC V3 writer completed frame stream_id=542 frame_type=Open payload_bytes=158
2026-09-26T01:47:45.479036Z DEBUG netbaiot_transports::business_rpc::v3: business RPC V3 received frame stream_id=520 frame_type=Data payload_bytes=118
2026-09-26T01:47:45.483108Z DEBUG netbaiot_transports::business_rpc::v3: business RPC V3 selected frame stream_id=0 frame_type=WindowUpdate payload_bytes=4
2026-09-26T01:47:45.487159Z DEBUG netbaiot_transports::business_rpc::v3: business RPC V3 Event delivery acknowledged stream_id=520 completion_us=720026
2026-09-26T01:47:45.487243Z DEBUG netbaiot_transports::business_rpc::v3: business RPC V3 writer completed frame stream_id=0 frame_type=WindowUpdate payload_bytes=4
2026-09-26T01:47:45.490981Z DEBUG netbaiot_transports::business_rpc::v3: business RPC V3 received frame stream_id=0 frame_type=WindowUpdate payload_bytes=4
2026-09-26T01:47:45.495121Z DEBUG netbaiot_transports::business_rpc::v3: business RPC V3 selected frame stream_id=540 frame_type=Data payload_bytes=198
2026-09-26T01:47:45.499256Z DEBUG netbaiot_transports::business_rpc::v3: business RPC V3 received frame stream_id=532 frame_type=Response payload_bytes=35
2026-09-26T01:47:45.502067Z DEBUG netbaiot_transports::business_rpc::v3: business RPC V3 writer completed frame stream_id=540 frame_type=Data payload_bytes=198
2026-09-26T01:47:45.512723Z DEBUG netbaiot_transports::business_rpc::v3: business RPC V3 selected frame stream_id=544 frame_type=Open payload_bytes=158
2026-09-26T01:47:45.506003Z DEBUG netbaiot_transports::business_rpc::v3: business RPC V3 received frame stream_id=532 frame_type=Data payload_bytes=216
2026-09-26T01:47:45.512795Z DEBUG netbaiot_transports::business_rpc::v3: business RPC V3 writer completed frame stream_id=544 frame_type=Open payload_bytes=158
2026-09-26T01:47:45.513269Z DEBUG netbaiot_transports::business_rpc::v3: business RPC V3 received frame stream_id=0 frame_type=WindowUpdate payload_bytes=4
2026-09-26T01:47:45.519627Z DEBUG netbaiot_transports::business_rpc::v3: business RPC V3 selected frame stream_id=0 frame_type=WindowUpdate payload_bytes=4
2026-09-26T01:47:45.520077Z DEBUG netbaiot_transports::business_rpc::v3: business RPC V3 received frame stream_id=0 frame_type=WindowUpdate payload_bytes=4
2026-09-26T01:47:45.520072Z DEBUG netbaiot_transports::business_rpc::v3: business RPC V3 writer completed frame stream_id=0 frame_type=WindowUpdate payload_bytes=4
2026-09-26T01:47:45.523216Z DEBUG netbaiot_transports::business_rpc::v3: business RPC V3 received frame stream_id=536 frame_type=Response payload_bytes=35
2026-09-26T01:47:45.531238Z DEBUG netbaiot_transports::business_rpc::v3: business RPC V3 received frame stream_id=534 frame_type=Response payload_bytes=35
2026-09-26T01:47:45.534231Z DEBUG netbaiot_transports::business_rpc::v3: business RPC V3 received frame stream_id=536 frame_type=Data payload_bytes=216
2026-09-26T01:47:45.527102Z DEBUG netbaiot_transports::business_rpc::v3: business RPC V3 body entered scheduler stream_id=550 class=Event body_bytes=17366
2026-09-26T01:47:45.541191Z DEBUG netbaiot_transports::business_rpc::v3: business RPC V3 selected frame stream_id=546 frame_type=Open payload_bytes=158
2026-09-26T01:47:45.547507Z DEBUG netbaiot_transports::business_rpc::v3: business RPC V3 writer completed frame stream_id=546 frame_type=Open payload_bytes=158
2026-09-26T01:47:45.550139Z DEBUG netbaiot_transports::business_rpc::v3: business RPC V3 selected frame stream_id=548 frame_type=Open payload_bytes=158
2026-09-26T01:47:45.538159Z DEBUG netbaiot_transports::business_rpc::v3: business RPC V3 received frame stream_id=534 frame_type=Data payload_bytes=216
2026-09-26T01:47:45.551813Z DEBUG netbaiot_transports::business_rpc::v3: business RPC V3 writer completed frame stream_id=548 frame_type=Open payload_bytes=158
2026-09-26T01:47:45.560200Z DEBUG netbaiot_transports::business_rpc::v3: business RPC V3 selected frame stream_id=542 frame_type=Data payload_bytes=198
2026-09-26T01:47:45.561285Z DEBUG netbaiot_transports::business_rpc::v3: business RPC V3 received frame stream_id=0 frame_type=WindowUpdate payload_bytes=4
2026-09-26T01:47:45.568181Z DEBUG netbaiot_transports::business_rpc::v3: business RPC V3 received frame stream_id=538 frame_type=Response payload_bytes=35
2026-09-26T01:47:45.564434Z DEBUG netbaiot_transports::business_rpc::v3: business RPC V3 writer completed frame stream_id=542 frame_type=Data payload_bytes=198
2026-09-26T01:47:45.568243Z DEBUG netbaiot_transports::business_rpc::v3: business RPC V3 selected frame stream_id=0 frame_type=WindowUpdate payload_bytes=4
2026-09-26T01:47:45.576455Z DEBUG netbaiot_transports::business_rpc::v3: business RPC V3 writer completed frame stream_id=0 frame_type=WindowUpdate payload_bytes=4
2026-09-26T01:47:45.568243Z DEBUG netbaiot_transports::business_rpc::v3: business RPC V3 received frame stream_id=538 frame_type=Data payload_bytes=216
2026-09-26T01:47:45.579339Z DEBUG netbaiot_transports::business_rpc::v3: business RPC V3 selected frame stream_id=0 frame_type=WindowUpdate payload_bytes=4
2026-09-26T01:47:45.586900Z DEBUG netbaiot_transports::business_rpc::v3: business RPC V3 writer completed frame stream_id=0 frame_type=WindowUpdate payload_bytes=4
2026-09-26T01:47:45.591119Z DEBUG netbaiot_transports::business_rpc::v3: business RPC V3 body entered scheduler stream_id=552 class=Rpc body_bytes=198
2026-09-26T01:47:45.594290Z DEBUG netbaiot_transports::business_rpc::v3: business RPC V3 body entered scheduler stream_id=554 class=Rpc body_bytes=198
2026-09-26T01:47:45.596933Z DEBUG netbaiot_transports::business_rpc::v3: business RPC V3 body entered scheduler stream_id=556 class=Rpc body_bytes=198
2026-09-26T01:47:45.600914Z DEBUG netbaiot_transports::business_rpc::v3: business RPC V3 body entered scheduler stream_id=558 class=Rpc body_bytes=198
2026-09-26T01:47:45.605122Z DEBUG netbaiot_transports::business_rpc::v3: business RPC V3 selected frame stream_id=0 frame_type=WindowUpdate payload_bytes=4
2026-09-26T01:47:45.609240Z DEBUG netbaiot_transports::business_rpc::v3: business RPC V3 writer completed frame stream_id=0 frame_type=WindowUpdate payload_bytes=4
2026-09-26T01:47:45.609379Z DEBUG netbaiot_transports::business_rpc::v3: business RPC V3 selected frame stream_id=0 frame_type=WindowUpdate payload_bytes=4
2026-09-26T01:47:45.611989Z DEBUG netbaiot_transports::business_rpc::v3: business RPC V3 writer completed frame stream_id=0 frame_type=WindowUpdate payload_bytes=4
2026-09-26T01:47:45.615943Z DEBUG netbaiot_transports::business_rpc::v3: business RPC V3 selected frame stream_id=544 frame_type=Data payload_bytes=198
2026-09-26T01:47:45.619959Z DEBUG netbaiot_transports::business_rpc::v3: business RPC V3 writer completed frame stream_id=544 frame_type=Data payload_bytes=198
2026-09-26T01:47:45.624152Z DEBUG netbaiot_transports::business_rpc::v3: business RPC V3 selected frame stream_id=0 frame_type=WindowUpdate payload_bytes=4
2026-09-26T01:47:45.627978Z DEBUG netbaiot_transports::business_rpc::v3: business RPC V3 writer completed frame stream_id=0 frame_type=WindowUpdate payload_bytes=4
2026-09-26T01:47:45.632150Z DEBUG netbaiot_transports::business_rpc::v3: business RPC V3 selected frame stream_id=0 frame_type=WindowUpdate payload_bytes=4
2026-09-26T01:47:45.636280Z DEBUG netbaiot_transports::business_rpc::v3: business RPC V3 writer completed frame stream_id=0 frame_type=WindowUpdate payload_bytes=4
2026-09-26T01:47:45.642247Z DEBUG netbaiot_transports::business_rpc::v3: business RPC V3 selected frame stream_id=0 frame_type=WindowUpdate payload_bytes=4
2026-09-26T01:47:45.646145Z DEBUG netbaiot_transports::business_rpc::v3: business RPC V3 writer completed frame stream_id=0 frame_type=WindowUpdate payload_bytes=4
2026-09-26T01:47:45.649976Z DEBUG netbaiot_transports::business_rpc::v3: business RPC V3 selected frame stream_id=550 frame_type=Open payload_bytes=184
2026-09-26T01:47:45.654081Z DEBUG netbaiot_transports::business_rpc::v3: business RPC V3 writer completed frame stream_id=550 frame_type=Open payload_bytes=184
2026-09-26T01:47:45.657130Z DEBUG netbaiot_transports::business_rpc::v3: business RPC V3 selected frame stream_id=546 frame_type=Data payload_bytes=198
2026-09-26T01:47:45.661022Z DEBUG netbaiot_transports::business_rpc::v3: business RPC V3 writer completed frame stream_id=546 frame_type=Data payload_bytes=198
2026-09-26T01:47:45.664224Z DEBUG netbaiot_transports::business_rpc::v3: business RPC V3 selected frame stream_id=0 frame_type=WindowUpdate payload_bytes=4
2026-09-26T01:47:45.668048Z DEBUG netbaiot_transports::business_rpc::v3: business RPC V3 writer completed frame stream_id=0 frame_type=WindowUpdate payload_bytes=4
2026-09-26T01:47:45.674997Z DEBUG netbaiot_transports::business_rpc::v3: business RPC V3 selected frame stream_id=0 frame_type=WindowUpdate payload_bytes=4
2026-09-26T01:47:45.679249Z DEBUG netbaiot_transports::business_rpc::v3: business RPC V3 writer completed frame stream_id=0 frame_type=WindowUpdate payload_bytes=4
2026-09-26T01:47:45.682126Z DEBUG netbaiot_transports::business_rpc::v3: business RPC V3 selected frame stream_id=0 frame_type=WindowUpdate payload_bytes=4
2026-09-26T01:47:45.687768Z DEBUG netbaiot_transports::business_rpc::v3: business RPC V3 writer completed frame stream_id=0 frame_type=WindowUpdate payload_bytes=4
2026-09-26T01:47:45.688077Z DEBUG netbaiot_transports::business_rpc::v3: business RPC V3 selected frame stream_id=552 frame_type=Open payload_bytes=158
2026-09-26T01:47:45.694093Z DEBUG netbaiot_transports::business_rpc::v3: business RPC V3 writer completed frame stream_id=552 frame_type=Open payload_bytes=158
2026-09-26T01:47:45.697137Z DEBUG netbaiot_transports::business_rpc::v3: business RPC V3 selected frame stream_id=550 frame_type=Data payload_bytes=8192
2026-09-26T01:47:45.701190Z DEBUG netbaiot_transports::business_rpc::v3: business RPC V3 writer completed frame stream_id=550 frame_type=Data payload_bytes=8192
2026-09-26T01:47:45.704168Z DEBUG netbaiot_transports::business_rpc::v3: business RPC V3 selected frame stream_id=554 frame_type=Open payload_bytes=158
2026-09-26T01:47:45.707977Z DEBUG netbaiot_transports::business_rpc::v3: business RPC V3 writer completed frame stream_id=554 frame_type=Open payload_bytes=158
2026-09-26T01:47:45.715691Z DEBUG netbaiot_transports::business_rpc::v3: business RPC V3 selected frame stream_id=556 frame_type=Open payload_bytes=158
2026-09-26T01:47:45.716080Z DEBUG netbaiot_transports::business_rpc::v3: business RPC V3 writer completed frame stream_id=556 frame_type=Open payload_bytes=158
2026-09-26T01:47:45.722721Z DEBUG netbaiot_transports::business_rpc::v3: business RPC V3 selected frame stream_id=558 frame_type=Open payload_bytes=158
2026-09-26T01:47:45.723178Z DEBUG netbaiot_transports::business_rpc::v3: business RPC V3 writer completed frame stream_id=558 frame_type=Open payload_bytes=158
2026-09-26T01:47:45.727209Z DEBUG netbaiot_transports::business_rpc::v3: business RPC V3 selected frame stream_id=548 frame_type=Data payload_bytes=198
2026-09-26T01:47:45.732048Z DEBUG netbaiot_transports::business_rpc::v3: business RPC V3 writer completed frame stream_id=548 frame_type=Data payload_bytes=198
2026-09-26T01:47:45.734929Z DEBUG netbaiot_transports::business_rpc::v3: business RPC V3 selected frame stream_id=552 frame_type=Data payload_bytes=198
2026-09-26T01:47:45.735026Z DEBUG netbaiot_transports::business_rpc::v3: business RPC V3 writer completed frame stream_id=552 frame_type=Data payload_bytes=198
2026-09-26T01:47:45.739166Z DEBUG netbaiot_transports::business_rpc::v3: business RPC V3 selected frame stream_id=554 frame_type=Data payload_bytes=198
2026-09-26T01:47:45.743230Z DEBUG netbaiot_transports::business_rpc::v3: business RPC V3 received frame stream_id=0 frame_type=WindowUpdate payload_bytes=4
2026-09-26T01:47:45.746907Z DEBUG netbaiot_transports::business_rpc::v3: business RPC V3 received frame stream_id=540 frame_type=Response payload_bytes=35
2026-09-26T01:47:45.751096Z DEBUG netbaiot_transports::business_rpc::v3: business RPC V3 received frame stream_id=540 frame_type=Data payload_bytes=216
2026-09-26T01:47:45.755251Z DEBUG netbaiot_transports::business_rpc::v3: business RPC V3 received frame stream_id=0 frame_type=WindowUpdate payload_bytes=4
2026-09-26T01:47:45.765033Z DEBUG netbaiot_transports::business_rpc::v3: business RPC V3 received frame stream_id=542 frame_type=Response payload_bytes=35
2026-09-26T01:47:45.768918Z DEBUG netbaiot_transports::business_rpc::v3: business RPC V3 received frame stream_id=542 frame_type=Data payload_bytes=216
2026-09-26T01:47:45.773038Z DEBUG netbaiot_transports::business_rpc::v3: business RPC V3 received frame stream_id=0 frame_type=WindowUpdate payload_bytes=4
2026-09-26T01:47:45.777219Z DEBUG netbaiot_transports::business_rpc::v3: business RPC V3 received frame stream_id=544 frame_type=Response payload_bytes=35
2026-09-26T01:47:45.785272Z DEBUG netbaiot_transports::business_rpc::v3: business RPC V3 received frame stream_id=544 frame_type=Data payload_bytes=216
2026-09-26T01:47:45.789377Z DEBUG netbaiot_transports::business_rpc::v3: business RPC V3 received frame stream_id=0 frame_type=WindowUpdate payload_bytes=4
2026-09-26T01:47:45.793559Z DEBUG netbaiot_transports::business_rpc::v3: business RPC V3 received frame stream_id=546 frame_type=Response payload_bytes=35
2026-09-26T01:47:45.796442Z DEBUG netbaiot_transports::business_rpc::v3: business RPC V3 received frame stream_id=546 frame_type=Data payload_bytes=216
2026-09-26T01:47:45.803318Z DEBUG netbaiot_transports::business_rpc::v3: business RPC V3 writer completed frame stream_id=554 frame_type=Data payload_bytes=198
2026-09-26T01:47:45.807053Z DEBUG netbaiot_transports::business_rpc::v3: business RPC V3 body entered scheduler stream_id=560 class=Rpc body_bytes=198
2026-09-26T01:47:45.810164Z DEBUG netbaiot_transports::business_rpc::v3: business RPC V3 body entered scheduler stream_id=562 class=Rpc body_bytes=198
2026-09-26T01:47:45.814290Z DEBUG netbaiot_transports::business_rpc::v3: business RPC V3 body entered scheduler stream_id=564 class=Rpc body_bytes=198
2026-09-26T01:47:45.817784Z DEBUG netbaiot_transports::business_rpc::v3: business RPC V3 body entered scheduler stream_id=566 class=Rpc body_bytes=198
2026-09-26T01:47:45.818118Z DEBUG netbaiot_transports::business_rpc::v3: business RPC V3 body entered scheduler stream_id=568 class=Rpc body_bytes=198
2026-09-26T01:47:45.821169Z DEBUG netbaiot_transports::business_rpc::v3: business RPC V3 selected frame stream_id=560 frame_type=Open payload_bytes=158
2026-09-26T01:47:45.824999Z DEBUG netbaiot_transports::business_rpc::v3: business RPC V3 writer completed frame stream_id=560 frame_type=Open payload_bytes=158
2026-09-26T01:47:45.825014Z DEBUG netbaiot_transports::business_rpc::v3: business RPC V3 body entered scheduler stream_id=570 class=Rpc body_bytes=198
2026-09-26T01:47:45.825033Z DEBUG netbaiot_transports::business_rpc::v3: business RPC V3 body entered scheduler stream_id=572 class=Rpc body_bytes=198
2026-09-26T01:47:45.825044Z DEBUG netbaiot_transports::business_rpc::v3: business RPC V3 body entered scheduler stream_id=574 class=Rpc body_bytes=198
2026-09-26T01:47:45.829294Z DEBUG netbaiot_transports::business_rpc::v3: business RPC V3 body entered scheduler stream_id=576 class=Rpc body_bytes=198
2026-09-26T01:47:45.832071Z DEBUG netbaiot_transports::business_rpc::v3: business RPC V3 selected frame stream_id=562 frame_type=Open payload_bytes=158
2026-09-26T01:47:45.834925Z DEBUG netbaiot_transports::business_rpc::v3: business RPC V3 received frame stream_id=0 frame_type=WindowUpdate payload_bytes=4
2026-09-26T01:47:45.839003Z DEBUG netbaiot_transports::business_rpc::v3: business RPC V3 received frame stream_id=550 frame_type=WindowUpdate payload_bytes=4
2026-09-26T01:47:45.836024Z DEBUG netbaiot_transports::business_rpc::v3: business RPC V3 writer completed frame stream_id=562 frame_type=Open payload_bytes=158
2026-09-26T01:47:45.849025Z DEBUG netbaiot_transports::business_rpc::v3: business RPC V3 selected frame stream_id=564 frame_type=Open payload_bytes=158
2026-09-26T01:47:45.851987Z DEBUG netbaiot_transports::business_rpc::v3: business RPC V3 writer completed frame stream_id=564 frame_type=Open payload_bytes=158
2026-09-26T01:47:45.859638Z DEBUG netbaiot_transports::business_rpc::v3: business RPC V3 selected frame stream_id=566 frame_type=Open payload_bytes=158
2026-09-26T01:47:45.860163Z DEBUG netbaiot_transports::business_rpc::v3: business RPC V3 writer completed frame stream_id=566 frame_type=Open payload_bytes=158
2026-09-26T01:47:45.864010Z DEBUG netbaiot_transports::business_rpc::v3: business RPC V3 selected frame stream_id=556 frame_type=Data payload_bytes=198
2026-09-26T01:47:45.862911Z DEBUG netbaiot_transports::business_rpc::v3: business RPC V3 received frame stream_id=0 frame_type=WindowUpdate payload_bytes=4
2026-09-26T01:47:45.871180Z DEBUG netbaiot_transports::business_rpc::v3: business RPC V3 received frame stream_id=0 frame_type=WindowUpdate payload_bytes=4
2026-09-26T01:47:45.875031Z DEBUG netbaiot_transports::business_rpc::v3: business RPC V3 received frame stream_id=552 frame_type=Response payload_bytes=35
2026-09-26T01:47:45.875212Z DEBUG netbaiot_transports::business_rpc::v3: business RPC V3 received frame stream_id=548 frame_type=Response payload_bytes=35
2026-09-26T01:47:45.867013Z DEBUG netbaiot_transports::business_rpc::v3: business RPC V3 writer completed frame stream_id=556 frame_type=Data payload_bytes=198
2026-09-26T01:47:45.875235Z DEBUG netbaiot_transports::business_rpc::v3: business RPC V3 received frame stream_id=552 frame_type=Data payload_bytes=216
2026-09-26T01:47:45.881996Z DEBUG netbaiot_transports::business_rpc::v3: business RPC V3 received frame stream_id=548 frame_type=Data payload_bytes=216
2026-09-26T01:47:45.879171Z DEBUG netbaiot_transports::business_rpc::v3: business RPC V3 selected frame stream_id=568 frame_type=Open payload_bytes=158
2026-09-26T01:47:45.889392Z DEBUG netbaiot_transports::business_rpc::v3: business RPC V3 received frame stream_id=0 frame_type=WindowUpdate payload_bytes=4
2026-09-26T01:47:45.892651Z DEBUG netbaiot_transports::business_rpc::v3: business RPC V3 writer completed frame stream_id=568 frame_type=Open payload_bytes=158
2026-09-26T01:47:45.898838Z DEBUG netbaiot_transports::business_rpc::v3: business RPC V3 received frame stream_id=554 frame_type=Response payload_bytes=35
2026-09-26T01:47:45.907399Z DEBUG netbaiot_transports::business_rpc::v3: business RPC V3 body entered scheduler stream_id=578 class=Rpc body_bytes=198
2026-09-26T01:47:45.911424Z DEBUG netbaiot_transports::business_rpc::v3: business RPC V3 received frame stream_id=554 frame_type=Data payload_bytes=216
2026-09-26T01:47:45.915094Z DEBUG netbaiot_transports::business_rpc::v3: business RPC V3 body entered scheduler stream_id=580 class=Rpc body_bytes=198
2026-09-26T01:47:45.922282Z DEBUG netbaiot_transports::business_rpc::v3: business RPC V3 body entered scheduler stream_id=582 class=Rpc body_bytes=198
2026-09-26T01:47:45.925981Z DEBUG netbaiot_transports::business_rpc::v3: business RPC V3 selected frame stream_id=0 frame_type=WindowUpdate payload_bytes=4
2026-09-26T01:47:45.933442Z DEBUG netbaiot_transports::business_rpc::v3: business RPC V3 writer completed frame stream_id=0 frame_type=WindowUpdate payload_bytes=4
2026-09-26T01:47:45.939093Z DEBUG netbaiot_transports::business_rpc::v3: business RPC V3 selected frame stream_id=0 frame_type=WindowUpdate payload_bytes=4
2026-09-26T01:47:45.945069Z DEBUG netbaiot_transports::business_rpc::v3: business RPC V3 writer completed frame stream_id=0 frame_type=WindowUpdate payload_bytes=4
2026-09-26T01:47:45.945149Z DEBUG netbaiot_transports::business_rpc::v3: business RPC V3 selected frame stream_id=570 frame_type=Open payload_bytes=158
2026-09-26T01:47:45.949641Z DEBUG netbaiot_transports::business_rpc::v3: business RPC V3 writer completed frame stream_id=570 frame_type=Open payload_bytes=158
2026-09-26T01:47:45.953621Z DEBUG netbaiot_transports::business_rpc::v3: business RPC V3 selected frame stream_id=550 frame_type=Data payload_bytes=8192
2026-09-26T01:47:45.960261Z DEBUG netbaiot_transports::business_rpc::v3: business RPC V3 writer completed frame stream_id=550 frame_type=Data payload_bytes=8192
2026-09-26T01:47:45.965051Z DEBUG netbaiot_transports::business_rpc::v3: business RPC V3 selected frame stream_id=0 frame_type=WindowUpdate payload_bytes=4
2026-09-26T01:47:45.969154Z DEBUG netbaiot_transports::business_rpc::v3: business RPC V3 writer completed frame stream_id=0 frame_type=WindowUpdate payload_bytes=4
2026-09-26T01:47:45.969178Z DEBUG netbaiot_transports::business_rpc::v3: business RPC V3 selected frame stream_id=572 frame_type=Open payload_bytes=158
2026-09-26T01:47:45.975297Z DEBUG netbaiot_transports::business_rpc::v3: business RPC V3 writer completed frame stream_id=572 frame_type=Open payload_bytes=158
2026-09-26T01:47:45.979047Z DEBUG netbaiot_transports::business_rpc::v3: business RPC V3 selected frame stream_id=0 frame_type=WindowUpdate payload_bytes=4
2026-09-26T01:47:45.983273Z DEBUG netbaiot_transports::business_rpc::v3: business RPC V3 writer completed frame stream_id=0 frame_type=WindowUpdate payload_bytes=4
2026-09-26T01:47:45.995036Z DEBUG netbaiot_transports::business_rpc::v3: business RPC V3 selected frame stream_id=574 frame_type=Open payload_bytes=158
2026-09-26T01:47:45.999161Z DEBUG netbaiot_transports::business_rpc::v3: business RPC V3 writer completed frame stream_id=574 frame_type=Open payload_bytes=158
2026-09-26T01:47:46.003533Z DEBUG netbaiot_transports::business_rpc::v3: business RPC V3 selected frame stream_id=558 frame_type=Data payload_bytes=198
2026-09-26T01:47:46.009776Z DEBUG netbaiot_transports::business_rpc::v3: business RPC V3 writer completed frame stream_id=558 frame_type=Data payload_bytes=198
2026-09-26T01:47:46.013251Z DEBUG netbaiot_transports::business_rpc::v3: business RPC V3 selected frame stream_id=576 frame_type=Open payload_bytes=158
2026-09-26T01:47:46.017587Z DEBUG netbaiot_transports::business_rpc::v3: business RPC V3 writer completed frame stream_id=576 frame_type=Open payload_bytes=158
2026-09-26T01:47:46.019249Z DEBUG netbaiot_transports::business_rpc::v3: business RPC V3 selected frame stream_id=0 frame_type=WindowUpdate payload_bytes=4
2026-09-26T01:47:46.023271Z DEBUG netbaiot_transports::business_rpc::v3: business RPC V3 writer completed frame stream_id=0 frame_type=WindowUpdate payload_bytes=4
2026-09-26T01:47:46.023389Z DEBUG netbaiot_transports::business_rpc::v3: business RPC V3 selected frame stream_id=0 frame_type=WindowUpdate payload_bytes=4
2026-09-26T01:47:46.025108Z DEBUG netbaiot_transports::business_rpc::v3: business RPC V3 writer completed frame stream_id=0 frame_type=WindowUpdate payload_bytes=4
2026-09-26T01:47:46.030149Z DEBUG netbaiot_transports::business_rpc::v3: business RPC V3 selected frame stream_id=578 frame_type=Open payload_bytes=158
2026-09-26T01:47:46.033576Z DEBUG netbaiot_transports::business_rpc::v3: business RPC V3 writer completed frame stream_id=578 frame_type=Open payload_bytes=158
2026-09-26T01:47:46.036703Z DEBUG netbaiot_transports::business_rpc::v3: business RPC V3 selected frame stream_id=560 frame_type=Data payload_bytes=198
2026-09-26T01:47:46.042676Z DEBUG netbaiot_transports::business_rpc::v3: business RPC V3 writer completed frame stream_id=560 frame_type=Data payload_bytes=198
2026-09-26T01:47:46.042767Z DEBUG netbaiot_transports::business_rpc::v3: business RPC V3 selected frame stream_id=580 frame_type=Open payload_bytes=158
2026-09-26T01:47:46.042802Z DEBUG netbaiot_transports::business_rpc::v3: business RPC V3 writer completed frame stream_id=580 frame_type=Open payload_bytes=158
2026-09-26T01:47:46.042814Z DEBUG netbaiot_transports::business_rpc::v3: business RPC V3 selected frame stream_id=0 frame_type=WindowUpdate payload_bytes=4
2026-09-26T01:47:46.042829Z DEBUG netbaiot_transports::business_rpc::v3: business RPC V3 writer completed frame stream_id=0 frame_type=WindowUpdate payload_bytes=4
2026-09-26T01:47:46.042861Z DEBUG netbaiot_transports::business_rpc::v3: business RPC V3 selected frame stream_id=582 frame_type=Open payload_bytes=158
2026-09-26T01:47:46.042888Z DEBUG netbaiot_transports::business_rpc::v3: business RPC V3 writer completed frame stream_id=582 frame_type=Open payload_bytes=158
2026-09-26T01:47:46.042901Z DEBUG netbaiot_transports::business_rpc::v3: business RPC V3 selected frame stream_id=562 frame_type=Data payload_bytes=198
2026-09-26T01:47:46.042914Z DEBUG netbaiot_transports::business_rpc::v3: business RPC V3 writer completed frame stream_id=562 frame_type=Data payload_bytes=198
2026-09-26T01:47:46.042924Z DEBUG netbaiot_transports::business_rpc::v3: business RPC V3 selected frame stream_id=564 frame_type=Data payload_bytes=198
2026-09-26T01:47:46.042935Z DEBUG netbaiot_transports::business_rpc::v3: business RPC V3 writer completed frame stream_id=564 frame_type=Data payload_bytes=198
2026-09-26T01:47:46.042943Z DEBUG netbaiot_transports::business_rpc::v3: business RPC V3 selected frame stream_id=550 frame_type=Data payload_bytes=982
2026-09-26T01:47:46.042955Z DEBUG netbaiot_transports::business_rpc::v3: business RPC V3 writer completed frame stream_id=550 frame_type=Data payload_bytes=982
2026-09-26T01:47:46.042964Z DEBUG netbaiot_transports::business_rpc::v3: business RPC V3 selected frame stream_id=566 frame_type=Data payload_bytes=198
2026-09-26T01:47:46.042975Z DEBUG netbaiot_transports::business_rpc::v3: business RPC V3 writer completed frame stream_id=566 frame_type=Data payload_bytes=198
2026-09-26T01:47:46.042982Z DEBUG netbaiot_transports::business_rpc::v3: business RPC V3 selected frame stream_id=568 frame_type=Data payload_bytes=198
2026-09-26T01:47:46.043037Z DEBUG netbaiot_transports::business_rpc::v3: business RPC V3 writer completed frame stream_id=568 frame_type=Data payload_bytes=198
2026-09-26T01:47:46.043046Z DEBUG netbaiot_transports::business_rpc::v3: business RPC V3 selected frame stream_id=570 frame_type=Data payload_bytes=198
2026-09-26T01:47:46.043055Z DEBUG netbaiot_transports::business_rpc::v3: business RPC V3 writer completed frame stream_id=570 frame_type=Data payload_bytes=198
2026-09-26T01:47:46.043063Z DEBUG netbaiot_transports::business_rpc::v3: business RPC V3 selected frame stream_id=572 frame_type=Data payload_bytes=198
2026-09-26T01:47:46.043073Z DEBUG netbaiot_transports::business_rpc::v3: business RPC V3 writer completed frame stream_id=572 frame_type=Data payload_bytes=198
2026-09-26T01:47:46.043080Z DEBUG netbaiot_transports::business_rpc::v3: business RPC V3 selected frame stream_id=574 frame_type=Data payload_bytes=198
2026-09-26T01:47:46.043090Z DEBUG netbaiot_transports::business_rpc::v3: business RPC V3 writer completed frame stream_id=574 frame_type=Data payload_bytes=198
2026-09-26T01:47:46.043097Z DEBUG netbaiot_transports::business_rpc::v3: business RPC V3 selected frame stream_id=576 frame_type=Data payload_bytes=198
2026-09-26T01:47:46.043106Z DEBUG netbaiot_transports::business_rpc::v3: business RPC V3 writer completed frame stream_id=576 frame_type=Data payload_bytes=198
2026-09-26T01:47:46.043113Z DEBUG netbaiot_transports::business_rpc::v3: business RPC V3 selected frame stream_id=578 frame_type=Data payload_bytes=198
2026-09-26T01:47:46.043122Z DEBUG netbaiot_transports::business_rpc::v3: business RPC V3 writer completed frame stream_id=578 frame_type=Data payload_bytes=198
2026-09-26T01:47:46.043129Z DEBUG netbaiot_transports::business_rpc::v3: business RPC V3 selected frame stream_id=580 frame_type=Data payload_bytes=198
2026-09-26T01:47:46.043138Z DEBUG netbaiot_transports::business_rpc::v3: business RPC V3 writer completed frame stream_id=580 frame_type=Data payload_bytes=198
2026-09-26T01:47:46.043145Z DEBUG netbaiot_transports::business_rpc::v3: business RPC V3 selected frame stream_id=582 frame_type=Data payload_bytes=198
2026-09-26T01:47:46.043154Z DEBUG netbaiot_transports::business_rpc::v3: business RPC V3 writer completed frame stream_id=582 frame_type=Data payload_bytes=198
2026-09-26T01:47:46.043183Z DEBUG netbaiot_transports::business_rpc::v3: business RPC V3 received frame stream_id=0 frame_type=WindowUpdate payload_bytes=4
2026-09-26T01:47:46.043193Z DEBUG netbaiot_transports::business_rpc::v3: business RPC V3 received frame stream_id=556 frame_type=Response payload_bytes=35
2026-09-26T01:47:46.043205Z DEBUG netbaiot_transports::business_rpc::v3: business RPC V3 received frame stream_id=556 frame_type=Data payload_bytes=216
2026-09-26T01:47:46.043349Z DEBUG netbaiot_transports::business_rpc::v3: business RPC V3 selected frame stream_id=0 frame_type=WindowUpdate payload_bytes=4
2026-09-26T01:47:46.043371Z DEBUG netbaiot_transports::business_rpc::v3: business RPC V3 writer completed frame stream_id=0 frame_type=WindowUpdate payload_bytes=4
2026-09-26T01:47:46.049805Z DEBUG netbaiot_transports::business_rpc::v3: business RPC V3 body entered scheduler stream_id=584 class=Rpc body_bytes=198
2026-09-26T01:47:46.050593Z DEBUG netbaiot_transports::business_rpc::v3: business RPC V3 selected frame stream_id=584 frame_type=Open payload_bytes=158
2026-09-26T01:47:46.050697Z DEBUG netbaiot_transports::business_rpc::v3: business RPC V3 writer completed frame stream_id=584 frame_type=Open payload_bytes=158
2026-09-26T01:47:46.050718Z DEBUG netbaiot_transports::business_rpc::v3: business RPC V3 selected frame stream_id=584 frame_type=Data payload_bytes=198
2026-09-26T01:47:46.050771Z DEBUG netbaiot_transports::business_rpc::v3: business RPC V3 writer completed frame stream_id=584 frame_type=Data payload_bytes=198
2026-09-26T01:47:46.105554Z DEBUG netbaiot_transports::business_rpc::v3: business RPC V3 received frame stream_id=0 frame_type=WindowUpdate payload_bytes=4
2026-09-26T01:47:46.105622Z DEBUG netbaiot_transports::business_rpc::v3: business RPC V3 received frame stream_id=550 frame_type=WindowUpdate payload_bytes=4
2026-09-26T01:47:46.133994Z DEBUG netbaiot_transports::business_rpc::v3: business RPC V3 received frame stream_id=0 frame_type=WindowUpdate payload_bytes=4
2026-09-26T01:47:46.134663Z DEBUG netbaiot_transports::business_rpc::v3: business RPC V3 received frame stream_id=558 frame_type=Response payload_bytes=35
2026-09-26T01:47:46.134756Z DEBUG netbaiot_transports::business_rpc::v3: business RPC V3 received frame stream_id=558 frame_type=Data payload_bytes=216
2026-09-26T01:47:46.134842Z DEBUG netbaiot_transports::business_rpc::v3: business RPC V3 selected frame stream_id=0 frame_type=WindowUpdate payload_bytes=4
2026-09-26T01:47:46.134856Z DEBUG netbaiot_transports::business_rpc::v3: business RPC V3 writer completed frame stream_id=0 frame_type=WindowUpdate payload_bytes=4
2026-09-26T01:47:46.135362Z DEBUG netbaiot_transports::business_rpc::v3: business RPC V3 body entered scheduler stream_id=586 class=Rpc body_bytes=198
2026-09-26T01:47:46.135388Z DEBUG netbaiot_transports::business_rpc::v3: business RPC V3 selected frame stream_id=586 frame_type=Open payload_bytes=158
2026-09-26T01:47:46.135406Z DEBUG netbaiot_transports::business_rpc::v3: business RPC V3 writer completed frame stream_id=586 frame_type=Open payload_bytes=158
2026-09-26T01:47:46.135429Z DEBUG netbaiot_transports::business_rpc::v3: business RPC V3 selected frame stream_id=586 frame_type=Data payload_bytes=198
2026-09-26T01:47:46.135459Z DEBUG netbaiot_transports::business_rpc::v3: business RPC V3 writer completed frame stream_id=586 frame_type=Data payload_bytes=198
2026-09-26T01:47:46.174407Z DEBUG netbaiot_transports::business_rpc::v3: business RPC V3 received frame stream_id=0 frame_type=WindowUpdate payload_bytes=4
2026-09-26T01:47:46.176684Z DEBUG netbaiot_transports::business_rpc::v3: business RPC V3 received frame stream_id=0 frame_type=WindowUpdate payload_bytes=4
2026-09-26T01:47:46.176695Z DEBUG netbaiot_transports::business_rpc::v3: business RPC V3 received frame stream_id=0 frame_type=WindowUpdate payload_bytes=4
2026-09-26T01:47:46.176701Z DEBUG netbaiot_transports::business_rpc::v3: business RPC V3 received frame stream_id=0 frame_type=WindowUpdate payload_bytes=4
2026-09-26T01:47:46.177029Z DEBUG netbaiot_transports::business_rpc::v3: business RPC V3 received frame stream_id=560 frame_type=Response payload_bytes=35
2026-09-26T01:47:46.177047Z DEBUG netbaiot_transports::business_rpc::v3: business RPC V3 received frame stream_id=562 frame_type=Response payload_bytes=35
2026-09-26T01:47:46.177056Z DEBUG netbaiot_transports::business_rpc::v3: business RPC V3 received frame stream_id=0 frame_type=WindowUpdate payload_bytes=4
2026-09-26T01:47:46.177468Z DEBUG netbaiot_transports::business_rpc::v3: business RPC V3 received frame stream_id=0 frame_type=WindowUpdate payload_bytes=4
2026-09-26T01:47:46.181278Z DEBUG netbaiot_transports::business_rpc::v3: business RPC V3 received frame stream_id=0 frame_type=WindowUpdate payload_bytes=4
2026-09-26T01:47:46.181526Z DEBUG netbaiot_transports::business_rpc::v3: business RPC V3 received frame stream_id=560 frame_type=Data payload_bytes=216
2026-09-26T01:47:46.184951Z DEBUG netbaiot_transports::business_rpc::v3: business RPC V3 received frame stream_id=0 frame_type=WindowUpdate payload_bytes=4
2026-09-26T01:47:46.185075Z DEBUG netbaiot_transports::business_rpc::v3: business RPC V3 received frame stream_id=0 frame_type=WindowUpdate payload_bytes=4
2026-09-26T01:47:46.185150Z DEBUG netbaiot_transports::business_rpc::v3: business RPC V3 received frame stream_id=0 frame_type=WindowUpdate payload_bytes=4
2026-09-26T01:47:46.185173Z DEBUG netbaiot_transports::business_rpc::v3: business RPC V3 received frame stream_id=0 frame_type=WindowUpdate payload_bytes=4
2026-09-26T01:47:46.185305Z DEBUG netbaiot_transports::business_rpc::v3: business RPC V3 received frame stream_id=562 frame_type=Data payload_bytes=216
2026-09-26T01:47:46.184974Z DEBUG netbaiot_transports::business_rpc::v3: business RPC V3 selected frame stream_id=0 frame_type=WindowUpdate payload_bytes=4
2026-09-26T01:47:46.190023Z DEBUG netbaiot_transports::business_rpc::v3: business RPC V3 received frame stream_id=0 frame_type=WindowUpdate payload_bytes=4
2026-09-26T01:47:46.193126Z DEBUG netbaiot_transports::business_rpc::v3: business RPC V3 writer completed frame stream_id=0 frame_type=WindowUpdate payload_bytes=4
2026-09-26T01:47:46.197120Z DEBUG netbaiot_transports::business_rpc::v3: business RPC V3 body entered scheduler stream_id=588 class=Rpc body_bytes=198
2026-09-26T01:47:46.197128Z DEBUG netbaiot_transports::business_rpc::v3: business RPC V3 selected frame stream_id=0 frame_type=WindowUpdate payload_bytes=4
2026-09-26T01:47:46.197182Z DEBUG netbaiot_transports::business_rpc::v3: business RPC V3 writer completed frame stream_id=0 frame_type=WindowUpdate payload_bytes=4
2026-09-26T01:47:46.200891Z DEBUG netbaiot_transports::business_rpc::v3: business RPC V3 selected frame stream_id=588 frame_type=Open payload_bytes=158
2026-09-26T01:47:46.196723Z DEBUG netbaiot_transports::business_rpc::v3: business RPC V3 received frame stream_id=0 frame_type=WindowUpdate payload_bytes=4
2026-09-26T01:47:46.205054Z DEBUG netbaiot_transports::business_rpc::v3: business RPC V3 received frame stream_id=0 frame_type=WindowUpdate payload_bytes=4
2026-09-26T01:47:46.205056Z DEBUG netbaiot_transports::business_rpc::v3: business RPC V3 writer completed frame stream_id=588 frame_type=Open payload_bytes=158
2026-09-26T01:47:46.205065Z DEBUG netbaiot_transports::business_rpc::v3: business RPC V3 received frame stream_id=564 frame_type=Response payload_bytes=35
2026-09-26T01:47:46.205103Z DEBUG netbaiot_transports::business_rpc::v3: business RPC V3 selected frame stream_id=588 frame_type=Data payload_bytes=198
2026-09-26T01:47:46.205137Z DEBUG netbaiot_transports::business_rpc::v3: business RPC V3 writer completed frame stream_id=588 frame_type=Data payload_bytes=198
2026-09-26T01:47:46.205140Z DEBUG netbaiot_transports::business_rpc::v3: business RPC V3 received frame stream_id=564 frame_type=Data payload_bytes=216
2026-09-26T01:47:46.209214Z DEBUG netbaiot_transports::business_rpc::v3: business RPC V3 received frame stream_id=572 frame_type=Response payload_bytes=35
2026-09-26T01:47:46.212998Z DEBUG netbaiot_transports::business_rpc::v3: business RPC V3 received frame stream_id=584 frame_type=Response payload_bytes=35
2026-09-26T01:47:46.216898Z DEBUG netbaiot_transports::business_rpc::v3: business RPC V3 received frame stream_id=578 frame_type=Response payload_bytes=35
2026-09-26T01:47:46.209232Z DEBUG netbaiot_transports::business_rpc::v3: business RPC V3 selected frame stream_id=0 frame_type=WindowUpdate payload_bytes=4
2026-09-26T01:47:46.221313Z DEBUG netbaiot_transports::business_rpc::v3: business RPC V3 writer completed frame stream_id=0 frame_type=WindowUpdate payload_bytes=4
2026-09-26T01:47:46.221324Z DEBUG netbaiot_transports::business_rpc::v3: business RPC V3 body entered scheduler stream_id=590 class=Rpc body_bytes=198
2026-09-26T01:47:46.221333Z DEBUG netbaiot_transports::business_rpc::v3: business RPC V3 selected frame stream_id=590 frame_type=Open payload_bytes=158
2026-09-26T01:47:46.221341Z DEBUG netbaiot_transports::business_rpc::v3: business RPC V3 writer completed frame stream_id=590 frame_type=Open payload_bytes=158
2026-09-26T01:47:46.216941Z DEBUG netbaiot_transports::business_rpc::v3: business RPC V3 received frame stream_id=580 frame_type=Response payload_bytes=35
2026-09-26T01:47:46.221389Z DEBUG netbaiot_transports::business_rpc::v3: business RPC V3 selected frame stream_id=590 frame_type=Data payload_bytes=198
2026-09-26T01:47:46.221450Z DEBUG netbaiot_transports::business_rpc::v3: business RPC V3 writer completed frame stream_id=590 frame_type=Data payload_bytes=198
2026-09-26T01:47:46.221430Z DEBUG netbaiot_transports::business_rpc::v3: business RPC V3 received frame stream_id=572 frame_type=Data payload_bytes=216
2026-09-26T01:47:46.225090Z DEBUG netbaiot_transports::business_rpc::v3: business RPC V3 received frame stream_id=582 frame_type=Response payload_bytes=35
2026-09-26T01:47:46.225118Z DEBUG netbaiot_transports::business_rpc::v3: business RPC V3 selected frame stream_id=0 frame_type=WindowUpdate payload_bytes=4
2026-09-26T01:47:46.232517Z DEBUG netbaiot_transports::business_rpc::v3: business RPC V3 writer completed frame stream_id=0 frame_type=WindowUpdate payload_bytes=4
2026-09-26T01:47:46.237130Z DEBUG netbaiot_transports::business_rpc::v3: business RPC V3 body entered scheduler stream_id=592 class=Rpc body_bytes=198
2026-09-26T01:47:46.240002Z DEBUG netbaiot_transports::business_rpc::v3: business RPC V3 body entered scheduler stream_id=594 class=Rpc body_bytes=198
2026-09-26T01:47:46.244025Z DEBUG netbaiot_transports::business_rpc::v3: business RPC V3 selected frame stream_id=592 frame_type=Open payload_bytes=158
2026-09-26T01:47:46.229265Z DEBUG netbaiot_transports::business_rpc::v3: business RPC V3 received frame stream_id=574 frame_type=Response payload_bytes=35
2026-09-26T01:47:46.248149Z DEBUG netbaiot_transports::business_rpc::v3: business RPC V3 writer completed frame stream_id=592 frame_type=Open payload_bytes=158
2026-09-26T01:47:46.255236Z DEBUG netbaiot_transports::business_rpc::v3: business RPC V3 selected frame stream_id=594 frame_type=Open payload_bytes=158
2026-09-26T01:47:46.255259Z DEBUG netbaiot_transports::business_rpc::v3: business RPC V3 writer completed frame stream_id=594 frame_type=Open payload_bytes=158
2026-09-26T01:47:46.255269Z DEBUG netbaiot_transports::business_rpc::v3: business RPC V3 selected frame stream_id=592 frame_type=Data payload_bytes=198
2026-09-26T01:47:46.255279Z DEBUG netbaiot_transports::business_rpc::v3: business RPC V3 writer completed frame stream_id=592 frame_type=Data payload_bytes=198
2026-09-26T01:47:46.251411Z DEBUG netbaiot_transports::business_rpc::v3: business RPC V3 received frame stream_id=576 frame_type=Response payload_bytes=35
2026-09-26T01:47:46.258368Z DEBUG netbaiot_transports::business_rpc::v3: business RPC V3 received frame stream_id=584 frame_type=Data payload_bytes=216
2026-09-26T01:47:46.255336Z DEBUG netbaiot_transports::business_rpc::v3: business RPC V3 selected frame stream_id=594 frame_type=Data payload_bytes=198
2026-09-26T01:47:46.258464Z DEBUG netbaiot_transports::business_rpc::v3: business RPC V3 received frame stream_id=578 frame_type=Data payload_bytes=216
2026-09-26T01:47:46.258472Z DEBUG netbaiot_transports::business_rpc::v3: business RPC V3 writer completed frame stream_id=594 frame_type=Data payload_bytes=198
2026-09-26T01:47:46.258528Z DEBUG netbaiot_transports::business_rpc::v3: business RPC V3 selected frame stream_id=0 frame_type=WindowUpdate payload_bytes=4
2026-09-26T01:47:46.258557Z DEBUG netbaiot_transports::business_rpc::v3: business RPC V3 writer completed frame stream_id=0 frame_type=WindowUpdate payload_bytes=4
2026-09-26T01:47:46.258572Z DEBUG netbaiot_transports::business_rpc::v3: business RPC V3 selected frame stream_id=0 frame_type=WindowUpdate payload_bytes=4
2026-09-26T01:47:46.262544Z DEBUG netbaiot_transports::business_rpc::v3: business RPC V3 writer completed frame stream_id=0 frame_type=WindowUpdate payload_bytes=4
2026-09-26T01:47:46.258532Z DEBUG netbaiot_transports::business_rpc::v3: business RPC V3 received frame stream_id=580 frame_type=Data payload_bytes=216
2026-09-26T01:47:46.267390Z DEBUG netbaiot_transports::business_rpc::v3: business RPC V3 received frame stream_id=582 frame_type=Data payload_bytes=216
2026-09-26T01:47:46.267409Z DEBUG netbaiot_transports::business_rpc::v3: business RPC V3 received frame stream_id=574 frame_type=Data payload_bytes=216
2026-09-26T01:47:46.267424Z DEBUG netbaiot_transports::business_rpc::v3: business RPC V3 received frame stream_id=576 frame_type=Data payload_bytes=216
2026-09-26T01:47:46.267440Z DEBUG netbaiot_transports::business_rpc::v3: business RPC V3 received frame stream_id=568 frame_type=Response payload_bytes=35
2026-09-26T01:47:46.267451Z DEBUG netbaiot_transports::business_rpc::v3: business RPC V3 received frame stream_id=570 frame_type=Response payload_bytes=35
2026-09-26T01:47:46.267548Z DEBUG netbaiot_transports::business_rpc::v3: business RPC V3 body entered scheduler stream_id=596 class=Rpc body_bytes=198
2026-09-26T01:47:46.272695Z DEBUG netbaiot_transports::business_rpc::v3: business RPC V3 body entered scheduler stream_id=598 class=Rpc body_bytes=198
2026-09-26T01:47:46.272766Z DEBUG netbaiot_transports::business_rpc::v3: business RPC V3 body entered scheduler stream_id=600 class=Rpc body_bytes=198
2026-09-26T01:47:46.272825Z DEBUG netbaiot_transports::business_rpc::v3: business RPC V3 body entered scheduler stream_id=602 class=Rpc body_bytes=198
2026-09-26T01:47:46.276630Z DEBUG netbaiot_transports::business_rpc::v3: business RPC V3 body entered scheduler stream_id=604 class=Rpc body_bytes=198
2026-09-26T01:47:46.276707Z DEBUG netbaiot_transports::business_rpc::v3: business RPC V3 selected frame stream_id=0 frame_type=WindowUpdate payload_bytes=4
2026-09-26T01:47:46.272578Z DEBUG netbaiot_transports::business_rpc::v3: business RPC V3 received frame stream_id=566 frame_type=Response payload_bytes=35
2026-09-26T01:47:46.277120Z DEBUG netbaiot_transports::business_rpc::v3: business RPC V3 received frame stream_id=568 frame_type=Data payload_bytes=216
2026-09-26T01:47:46.277160Z DEBUG netbaiot_transports::business_rpc::v3: business RPC V3 received frame stream_id=570 frame_type=Data payload_bytes=216
2026-09-26T01:47:46.277175Z DEBUG netbaiot_transports::business_rpc::v3: business RPC V3 received frame stream_id=566 frame_type=Data payload_bytes=216
2026-09-26T01:47:46.277189Z DEBUG netbaiot_transports::business_rpc::v3: business RPC V3 received frame stream_id=550 frame_type=Response payload_bytes=35
2026-09-26T01:47:46.277197Z DEBUG netbaiot_transports::business_rpc::v3: business RPC V3 received frame stream_id=550 frame_type=Data payload_bytes=118
2026-09-26T01:47:46.277209Z DEBUG netbaiot_transports::business_rpc::v3: business RPC V3 Event delivery acknowledged stream_id=550 completion_us=757137
2026-09-26T01:47:46.277219Z DEBUG netbaiot_transports::business_rpc::v3: business RPC V3 received frame stream_id=0 frame_type=WindowUpdate payload_bytes=4
2026-09-26T01:47:46.277227Z DEBUG netbaiot_transports::business_rpc::v3: business RPC V3 received frame stream_id=586 frame_type=Response payload_bytes=35
2026-09-26T01:47:46.277235Z DEBUG netbaiot_transports::business_rpc::v3: business RPC V3 received frame stream_id=586 frame_type=Data payload_bytes=216
2026-09-26T01:47:46.277088Z DEBUG netbaiot_transports::business_rpc::v3: business RPC V3 writer completed frame stream_id=0 frame_type=WindowUpdate payload_bytes=4
2026-09-26T01:47:46.277259Z DEBUG netbaiot_transports::business_rpc::v3: business RPC V3 selected frame stream_id=596 frame_type=Open payload_bytes=158
2026-09-26T01:47:46.277275Z DEBUG netbaiot_transports::business_rpc::v3: business RPC V3 writer completed frame stream_id=596 frame_type=Open payload_bytes=158
2026-09-26T01:47:46.277285Z DEBUG netbaiot_transports::business_rpc::v3: business RPC V3 selected frame stream_id=596 frame_type=Data payload_bytes=198
2026-09-26T01:47:46.277295Z DEBUG netbaiot_transports::business_rpc::v3: business RPC V3 writer completed frame stream_id=596 frame_type=Data payload_bytes=198
2026-09-26T01:47:46.277303Z DEBUG netbaiot_transports::business_rpc::v3: business RPC V3 selected frame stream_id=0 frame_type=WindowUpdate payload_bytes=4
2026-09-26T01:47:46.277313Z DEBUG netbaiot_transports::business_rpc::v3: business RPC V3 writer completed frame stream_id=0 frame_type=WindowUpdate payload_bytes=4
2026-09-26T01:47:46.277320Z DEBUG netbaiot_transports::business_rpc::v3: business RPC V3 selected frame stream_id=0 frame_type=WindowUpdate payload_bytes=4
2026-09-26T01:47:46.277329Z DEBUG netbaiot_transports::business_rpc::v3: business RPC V3 writer completed frame stream_id=0 frame_type=WindowUpdate payload_bytes=4
2026-09-26T01:47:46.277344Z DEBUG netbaiot_transports::business_rpc::v3: business RPC V3 selected frame stream_id=0 frame_type=WindowUpdate payload_bytes=4
2026-09-26T01:47:46.277359Z DEBUG netbaiot_transports::business_rpc::v3: business RPC V3 writer completed frame stream_id=0 frame_type=WindowUpdate payload_bytes=4
2026-09-26T01:47:46.277776Z DEBUG netbaiot_transports::business_rpc::v3: business RPC V3 body entered scheduler stream_id=606 class=Event body_bytes=17366
2026-09-26T01:47:46.277802Z DEBUG netbaiot_transports::business_rpc::v3: business RPC V3 selected frame stream_id=598 frame_type=Open payload_bytes=158
2026-09-26T01:47:46.277817Z DEBUG netbaiot_transports::business_rpc::v3: business RPC V3 writer completed frame stream_id=598 frame_type=Open payload_bytes=158
2026-09-26T01:47:46.277826Z DEBUG netbaiot_transports::business_rpc::v3: business RPC V3 selected frame stream_id=598 frame_type=Data payload_bytes=198
2026-09-26T01:47:46.277838Z DEBUG netbaiot_transports::business_rpc::v3: business RPC V3 writer completed frame stream_id=598 frame_type=Data payload_bytes=198
2026-09-26T01:47:46.277847Z DEBUG netbaiot_transports::business_rpc::v3: business RPC V3 selected frame stream_id=600 frame_type=Open payload_bytes=158
2026-09-26T01:47:46.277855Z DEBUG netbaiot_transports::business_rpc::v3: business RPC V3 writer completed frame stream_id=600 frame_type=Open payload_bytes=158
2026-09-26T01:47:46.277862Z DEBUG netbaiot_transports::business_rpc::v3: business RPC V3 selected frame stream_id=602 frame_type=Open payload_bytes=158
2026-09-26T01:47:46.277870Z DEBUG netbaiot_transports::business_rpc::v3: business RPC V3 writer completed frame stream_id=602 frame_type=Open payload_bytes=158
2026-09-26T01:47:46.277875Z DEBUG netbaiot_transports::business_rpc::v3: business RPC V3 selected frame stream_id=604 frame_type=Open payload_bytes=158
2026-09-26T01:47:46.277883Z DEBUG netbaiot_transports::business_rpc::v3: business RPC V3 writer completed frame stream_id=604 frame_type=Open payload_bytes=158
2026-09-26T01:47:46.277890Z DEBUG netbaiot_transports::business_rpc::v3: business RPC V3 selected frame stream_id=0 frame_type=WindowUpdate payload_bytes=4
2026-09-26T01:47:46.277897Z DEBUG netbaiot_transports::business_rpc::v3: business RPC V3 writer completed frame stream_id=0 frame_type=WindowUpdate payload_bytes=4
2026-09-26T01:47:46.277903Z DEBUG netbaiot_transports::business_rpc::v3: business RPC V3 selected frame stream_id=600 frame_type=Data payload_bytes=198
2026-09-26T01:47:46.277912Z DEBUG netbaiot_transports::business_rpc::v3: business RPC V3 writer completed frame stream_id=600 frame_type=Data payload_bytes=198
2026-09-26T01:47:46.277919Z DEBUG netbaiot_transports::business_rpc::v3: business RPC V3 selected frame stream_id=0 frame_type=WindowUpdate payload_bytes=4
2026-09-26T01:47:46.277927Z DEBUG netbaiot_transports::business_rpc::v3: business RPC V3 writer completed frame stream_id=0 frame_type=WindowUpdate payload_bytes=4
2026-09-26T01:47:46.277933Z DEBUG netbaiot_transports::business_rpc::v3: business RPC V3 selected frame stream_id=0 frame_type=WindowUpdate payload_bytes=4
2026-09-26T01:47:46.277941Z DEBUG netbaiot_transports::business_rpc::v3: business RPC V3 writer completed frame stream_id=0 frame_type=WindowUpdate payload_bytes=4
2026-09-26T01:47:46.277950Z DEBUG netbaiot_transports::business_rpc::v3: business RPC V3 selected frame stream_id=0 frame_type=WindowUpdate payload_bytes=4
2026-09-26T01:47:46.277959Z DEBUG netbaiot_transports::business_rpc::v3: business RPC V3 writer completed frame stream_id=0 frame_type=WindowUpdate payload_bytes=4
2026-09-26T01:47:46.277971Z DEBUG netbaiot_transports::business_rpc::v3: business RPC V3 selected frame stream_id=0 frame_type=WindowUpdate payload_bytes=4
2026-09-26T01:47:46.278104Z DEBUG netbaiot_transports::business_rpc::v3: business RPC V3 writer completed frame stream_id=0 frame_type=WindowUpdate payload_bytes=4
2026-09-26T01:47:46.281564Z DEBUG netbaiot_transports::business_rpc::v3: business RPC V3 selected frame stream_id=602 frame_type=Data payload_bytes=198
2026-09-26T01:47:46.281941Z DEBUG netbaiot_transports::business_rpc::v3: business RPC V3 writer completed frame stream_id=602 frame_type=Data payload_bytes=198
2026-09-26T01:47:46.281969Z DEBUG netbaiot_transports::business_rpc::v3: business RPC V3 selected frame stream_id=606 frame_type=Open payload_bytes=184
2026-09-26T01:47:46.282005Z DEBUG netbaiot_transports::business_rpc::v3: business RPC V3 writer completed frame stream_id=606 frame_type=Open payload_bytes=184
2026-09-26T01:47:46.282013Z DEBUG netbaiot_transports::business_rpc::v3: business RPC V3 selected frame stream_id=604 frame_type=Data payload_bytes=198
2026-09-26T01:47:46.282023Z DEBUG netbaiot_transports::business_rpc::v3: business RPC V3 writer completed frame stream_id=604 frame_type=Data payload_bytes=198
2026-09-26T01:47:46.282030Z DEBUG netbaiot_transports::business_rpc::v3: business RPC V3 selected frame stream_id=606 frame_type=Data payload_bytes=8192
2026-09-26T01:47:46.282040Z DEBUG netbaiot_transports::business_rpc::v3: business RPC V3 writer completed frame stream_id=606 frame_type=Data payload_bytes=8192
2026-09-26T01:47:46.282046Z DEBUG netbaiot_transports::business_rpc::v3: business RPC V3 selected frame stream_id=606 frame_type=Data payload_bytes=8192
2026-09-26T01:47:46.282059Z DEBUG netbaiot_transports::business_rpc::v3: business RPC V3 writer completed frame stream_id=606 frame_type=Data payload_bytes=8192
2026-09-26T01:47:46.282405Z DEBUG netbaiot_transports::business_rpc::v3: business RPC V3 body entered scheduler stream_id=608 class=Rpc body_bytes=198
2026-09-26T01:47:46.282418Z DEBUG netbaiot_transports::business_rpc::v3: business RPC V3 body entered scheduler stream_id=610 class=Rpc body_bytes=198
2026-09-26T01:47:46.282426Z DEBUG netbaiot_transports::business_rpc::v3: business RPC V3 body entered scheduler stream_id=612 class=Rpc body_bytes=198
2026-09-26T01:47:46.282432Z DEBUG netbaiot_transports::business_rpc::v3: business RPC V3 selected frame stream_id=608 frame_type=Open payload_bytes=158
2026-09-26T01:47:46.282446Z DEBUG netbaiot_transports::business_rpc::v3: business RPC V3 writer completed frame stream_id=608 frame_type=Open payload_bytes=158
2026-09-26T01:47:46.282453Z DEBUG netbaiot_transports::business_rpc::v3: business RPC V3 selected frame stream_id=610 frame_type=Open payload_bytes=158
2026-09-26T01:47:46.282461Z DEBUG netbaiot_transports::business_rpc::v3: business RPC V3 writer completed frame stream_id=610 frame_type=Open payload_bytes=158
2026-09-26T01:47:46.282467Z DEBUG netbaiot_transports::business_rpc::v3: business RPC V3 selected frame stream_id=612 frame_type=Open payload_bytes=158
2026-09-26T01:47:46.282474Z DEBUG netbaiot_transports::business_rpc::v3: business RPC V3 writer completed frame stream_id=612 frame_type=Open payload_bytes=158
2026-09-26T01:47:46.282481Z DEBUG netbaiot_transports::business_rpc::v3: business RPC V3 selected frame stream_id=608 frame_type=Data payload_bytes=198
2026-09-26T01:47:46.282488Z DEBUG netbaiot_transports::business_rpc::v3: business RPC V3 writer completed frame stream_id=608 frame_type=Data payload_bytes=198
2026-09-26T01:47:46.282494Z DEBUG netbaiot_transports::business_rpc::v3: business RPC V3 selected frame stream_id=610 frame_type=Data payload_bytes=198
2026-09-26T01:47:46.282501Z DEBUG netbaiot_transports::business_rpc::v3: business RPC V3 writer completed frame stream_id=610 frame_type=Data payload_bytes=198
2026-09-26T01:47:46.282509Z DEBUG netbaiot_transports::business_rpc::v3: business RPC V3 selected frame stream_id=612 frame_type=Data payload_bytes=198
2026-09-26T01:47:46.282517Z DEBUG netbaiot_transports::business_rpc::v3: business RPC V3 writer completed frame stream_id=612 frame_type=Data payload_bytes=198
2026-09-26T01:47:46.309592Z DEBUG netbaiot_transports::business_rpc::v3: business RPC V3 received frame stream_id=0 frame_type=WindowUpdate payload_bytes=4
2026-09-26T01:47:46.310694Z DEBUG netbaiot_transports::business_rpc::v3: business RPC V3 received frame stream_id=588 frame_type=Response payload_bytes=35
2026-09-26T01:47:46.310736Z DEBUG netbaiot_transports::business_rpc::v3: business RPC V3 received frame stream_id=588 frame_type=Data payload_bytes=216
2026-09-26T01:47:46.310804Z DEBUG netbaiot_transports::business_rpc::v3: business RPC V3 selected frame stream_id=0 frame_type=WindowUpdate payload_bytes=4
2026-09-26T01:47:46.310961Z DEBUG netbaiot_transports::business_rpc::v3: business RPC V3 writer completed frame stream_id=0 frame_type=WindowUpdate payload_bytes=4
2026-09-26T01:47:46.337370Z DEBUG netbaiot_transports::business_rpc::v3: business RPC V3 received frame stream_id=0 frame_type=WindowUpdate payload_bytes=4
2026-09-26T01:47:46.337398Z DEBUG netbaiot_transports::business_rpc::v3: business RPC V3 received frame stream_id=590 frame_type=Response payload_bytes=35
2026-09-26T01:47:46.337411Z DEBUG netbaiot_transports::business_rpc::v3: business RPC V3 received frame stream_id=590 frame_type=Data payload_bytes=216
2026-09-26T01:47:46.337442Z DEBUG netbaiot_transports::business_rpc::v3: business RPC V3 selected frame stream_id=0 frame_type=WindowUpdate payload_bytes=4
2026-09-26T01:47:46.337499Z DEBUG netbaiot_transports::business_rpc::v3: business RPC V3 writer completed frame stream_id=0 frame_type=WindowUpdate payload_bytes=4
2026-09-26T01:47:46.439345Z DEBUG netbaiot_transports::business_rpc::v3: business RPC V3 received frame stream_id=0 frame_type=WindowUpdate payload_bytes=4
2026-09-26T01:47:46.440885Z DEBUG netbaiot_transports::business_rpc::v3: business RPC V3 received frame stream_id=0 frame_type=WindowUpdate payload_bytes=4
2026-09-26T01:47:46.445020Z DEBUG netbaiot_transports::business_rpc::v3: business RPC V3 received frame stream_id=0 frame_type=WindowUpdate payload_bytes=4
2026-09-26T01:47:46.448953Z DEBUG netbaiot_transports::business_rpc::v3: business RPC V3 received frame stream_id=0 frame_type=WindowUpdate payload_bytes=4
2026-09-26T01:47:46.448964Z DEBUG netbaiot_transports::business_rpc::v3: business RPC V3 received frame stream_id=0 frame_type=WindowUpdate payload_bytes=4
2026-09-26T01:47:46.451909Z DEBUG netbaiot_transports::business_rpc::v3: business RPC V3 received frame stream_id=0 frame_type=WindowUpdate payload_bytes=4
2026-09-26T01:47:46.454983Z DEBUG netbaiot_transports::business_rpc::v3: business RPC V3 received frame stream_id=0 frame_type=WindowUpdate payload_bytes=4
2026-09-26T01:47:46.458914Z DEBUG netbaiot_transports::business_rpc::v3: business RPC V3 received frame stream_id=0 frame_type=WindowUpdate payload_bytes=4
2026-09-26T01:47:46.458946Z DEBUG netbaiot_transports::business_rpc::v3: business RPC V3 received frame stream_id=606 frame_type=WindowUpdate payload_bytes=4
2026-09-26T01:47:46.459006Z DEBUG netbaiot_transports::business_rpc::v3: business RPC V3 received frame stream_id=592 frame_type=Response payload_bytes=35
2026-09-26T01:47:46.461989Z DEBUG netbaiot_transports::business_rpc::v3: business RPC V3 received frame stream_id=596 frame_type=Response payload_bytes=35
2026-09-26T01:47:46.465869Z DEBUG netbaiot_transports::business_rpc::v3: business RPC V3 received frame stream_id=604 frame_type=Response payload_bytes=35
2026-09-26T01:47:46.469081Z DEBUG netbaiot_transports::business_rpc::v3: business RPC V3 received frame stream_id=594 frame_type=Response payload_bytes=35
2026-09-26T01:47:46.473123Z DEBUG netbaiot_transports::business_rpc::v3: business RPC V3 received frame stream_id=600 frame_type=Response payload_bytes=35
2026-09-26T01:47:46.477038Z DEBUG netbaiot_transports::business_rpc::v3: business RPC V3 received frame stream_id=592 frame_type=Data payload_bytes=216
2026-09-26T01:47:46.477076Z DEBUG netbaiot_transports::business_rpc::v3: business RPC V3 received frame stream_id=598 frame_type=Response payload_bytes=35
2026-09-26T01:47:46.477094Z DEBUG netbaiot_transports::business_rpc::v3: business RPC V3 received frame stream_id=602 frame_type=Response payload_bytes=35
2026-09-26T01:47:46.477103Z DEBUG netbaiot_transports::business_rpc::v3: business RPC V3 received frame stream_id=596 frame_type=Data payload_bytes=216
2026-09-26T01:47:46.477100Z DEBUG netbaiot_transports::business_rpc::v3: business RPC V3 selected frame stream_id=0 frame_type=WindowUpdate payload_bytes=4
2026-09-26T01:47:46.477139Z DEBUG netbaiot_transports::business_rpc::v3: business RPC V3 writer completed frame stream_id=0 frame_type=WindowUpdate payload_bytes=4
2026-09-26T01:47:46.477188Z DEBUG netbaiot_transports::business_rpc::v3: business RPC V3 selected frame stream_id=0 frame_type=WindowUpdate payload_bytes=4
2026-09-26T01:47:46.477200Z DEBUG netbaiot_transports::business_rpc::v3: business RPC V3 writer completed frame stream_id=0 frame_type=WindowUpdate payload_bytes=4
2026-09-26T01:47:46.477117Z DEBUG netbaiot_transports::business_rpc::v3: business RPC V3 received frame stream_id=604 frame_type=Data payload_bytes=216
2026-09-26T01:47:46.477269Z DEBUG netbaiot_transports::business_rpc::v3: business RPC V3 received frame stream_id=594 frame_type=Data payload_bytes=216
2026-09-26T01:47:46.477207Z DEBUG netbaiot_transports::business_rpc::v3: business RPC V3 selected frame stream_id=606 frame_type=Data payload_bytes=982
2026-09-26T01:47:46.477297Z DEBUG netbaiot_transports::business_rpc::v3: business RPC V3 received frame stream_id=600 frame_type=Data payload_bytes=216
2026-09-26T01:47:46.477328Z DEBUG netbaiot_transports::business_rpc::v3: business RPC V3 writer completed frame stream_id=606 frame_type=Data payload_bytes=982
2026-09-26T01:47:46.481030Z DEBUG netbaiot_transports::business_rpc::v3: business RPC V3 selected frame stream_id=0 frame_type=WindowUpdate payload_bytes=4
2026-09-26T01:47:46.480731Z DEBUG netbaiot_transports::business_rpc::v3: business RPC V3 received frame stream_id=598 frame_type=Data payload_bytes=216
2026-09-26T01:47:46.485203Z DEBUG netbaiot_transports::business_rpc::v3: business RPC V3 writer completed frame stream_id=0 frame_type=WindowUpdate payload_bytes=4
2026-09-26T01:47:46.488861Z DEBUG netbaiot_transports::business_rpc::v3: business RPC V3 received frame stream_id=602 frame_type=Data payload_bytes=216
2026-09-26T01:47:46.493077Z DEBUG netbaiot_transports::business_rpc::v3: business RPC V3 selected frame stream_id=0 frame_type=WindowUpdate payload_bytes=4
2026-09-26T01:47:46.496769Z DEBUG netbaiot_transports::business_rpc::v3: business RPC V3 received frame stream_id=0 frame_type=WindowUpdate payload_bytes=4
2026-09-26T01:47:46.499913Z DEBUG netbaiot_transports::business_rpc::v3: business RPC V3 received frame stream_id=606 frame_type=WindowUpdate payload_bytes=4
2026-09-26T01:47:46.499928Z DEBUG netbaiot_transports::business_rpc::v3: business RPC V3 received frame stream_id=0 frame_type=WindowUpdate payload_bytes=4
2026-09-26T01:47:46.499936Z DEBUG netbaiot_transports::business_rpc::v3: business RPC V3 received frame stream_id=0 frame_type=WindowUpdate payload_bytes=4
2026-09-26T01:47:46.499943Z DEBUG netbaiot_transports::business_rpc::v3: business RPC V3 received frame stream_id=0 frame_type=WindowUpdate payload_bytes=4
2026-09-26T01:47:46.499955Z DEBUG netbaiot_transports::business_rpc::v3: business RPC V3 received frame stream_id=612 frame_type=Response payload_bytes=35
2026-09-26T01:47:46.499963Z DEBUG netbaiot_transports::business_rpc::v3: business RPC V3 received frame stream_id=608 frame_type=Response payload_bytes=35
2026-09-26T01:47:46.499974Z DEBUG netbaiot_transports::business_rpc::v3: business RPC V3 received frame stream_id=610 frame_type=Response payload_bytes=35
2026-09-26T01:47:46.499983Z DEBUG netbaiot_transports::business_rpc::v3: business RPC V3 received frame stream_id=612 frame_type=Data payload_bytes=216
2026-09-26T01:47:46.496804Z DEBUG netbaiot_transports::business_rpc::v3: business RPC V3 writer completed frame stream_id=0 frame_type=WindowUpdate payload_bytes=4
2026-09-26T01:47:46.500000Z DEBUG netbaiot_transports::business_rpc::v3: business RPC V3 received frame stream_id=608 frame_type=Data payload_bytes=216
2026-09-26T01:47:46.500032Z DEBUG netbaiot_transports::business_rpc::v3: business RPC V3 selected frame stream_id=0 frame_type=WindowUpdate payload_bytes=4
2026-09-26T01:47:46.500061Z DEBUG netbaiot_transports::business_rpc::v3: business RPC V3 writer completed frame stream_id=0 frame_type=WindowUpdate payload_bytes=4
2026-09-26T01:47:46.500075Z DEBUG netbaiot_transports::business_rpc::v3: business RPC V3 selected frame stream_id=0 frame_type=WindowUpdate payload_bytes=4
2026-09-26T01:47:46.500091Z DEBUG netbaiot_transports::business_rpc::v3: business RPC V3 writer completed frame stream_id=0 frame_type=WindowUpdate payload_bytes=4
2026-09-26T01:47:46.503511Z DEBUG netbaiot_transports::business_rpc::v3: business RPC V3 selected frame stream_id=0 frame_type=WindowUpdate payload_bytes=4
2026-09-26T01:47:46.500065Z DEBUG netbaiot_transports::business_rpc::v3: business RPC V3 received frame stream_id=610 frame_type=Data payload_bytes=216
2026-09-26T01:47:46.503526Z DEBUG netbaiot_transports::business_rpc::v3: business RPC V3 writer completed frame stream_id=0 frame_type=WindowUpdate payload_bytes=4
2026-09-26T01:47:46.506794Z DEBUG netbaiot_transports::business_rpc::v3: business RPC V3 selected frame stream_id=0 frame_type=WindowUpdate payload_bytes=4
2026-09-26T01:47:46.506823Z DEBUG netbaiot_transports::business_rpc::v3: business RPC V3 writer completed frame stream_id=0 frame_type=WindowUpdate payload_bytes=4
2026-09-26T01:47:46.506832Z DEBUG netbaiot_transports::business_rpc::v3: business RPC V3 selected frame stream_id=0 frame_type=WindowUpdate payload_bytes=4
2026-09-26T01:47:46.506927Z DEBUG netbaiot_transports::business_rpc::v3: business RPC V3 writer completed frame stream_id=0 frame_type=WindowUpdate payload_bytes=4
2026-09-26T01:47:46.506939Z DEBUG netbaiot_transports::business_rpc::v3: business RPC V3 selected frame stream_id=0 frame_type=WindowUpdate payload_bytes=4
2026-09-26T01:47:46.506947Z DEBUG netbaiot_transports::business_rpc::v3: business RPC V3 writer completed frame stream_id=0 frame_type=WindowUpdate payload_bytes=4
2026-09-26T01:47:46.588843Z DEBUG netbaiot_transports::business_rpc::v3: business RPC V3 body entered scheduler stream_id=614 class=Rpc body_bytes=198
2026-09-26T01:47:46.588899Z DEBUG netbaiot_transports::business_rpc::v3: business RPC V3 selected frame stream_id=614 frame_type=Open payload_bytes=158
2026-09-26T01:47:46.588931Z DEBUG netbaiot_transports::business_rpc::v3: business RPC V3 writer completed frame stream_id=614 frame_type=Open payload_bytes=158
2026-09-26T01:47:46.588939Z DEBUG netbaiot_transports::business_rpc::v3: business RPC V3 selected frame stream_id=614 frame_type=Data payload_bytes=198
2026-09-26T01:47:46.588944Z DEBUG netbaiot_transports::business_rpc::v3: business RPC V3 writer completed frame stream_id=614 frame_type=Data payload_bytes=198
2026-09-26T01:47:46.592008Z DEBUG netbaiot_transports::business_rpc::v3: business RPC V3 received frame stream_id=0 frame_type=WindowUpdate payload_bytes=4
2026-09-26T01:47:46.592020Z DEBUG netbaiot_transports::business_rpc::v3: business RPC V3 received frame stream_id=606 frame_type=Response payload_bytes=35
2026-09-26T01:47:46.592027Z DEBUG netbaiot_transports::business_rpc::v3: business RPC V3 received frame stream_id=606 frame_type=Data payload_bytes=118
2026-09-26T01:47:46.592034Z DEBUG netbaiot_transports::business_rpc::v3: business RPC V3 Event delivery acknowledged stream_id=606 completion_us=314668
2026-09-26T01:47:46.592053Z DEBUG netbaiot_transports::business_rpc::v3: business RPC V3 selected frame stream_id=0 frame_type=WindowUpdate payload_bytes=4
2026-09-26T01:47:46.592067Z DEBUG netbaiot_transports::business_rpc::v3: business RPC V3 writer completed frame stream_id=0 frame_type=WindowUpdate payload_bytes=4
2026-09-26T01:47:46.592129Z DEBUG netbaiot_transports::business_rpc::v3: business RPC V3 body entered scheduler stream_id=616 class=Event body_bytes=17366
2026-09-26T01:47:46.592138Z DEBUG netbaiot_transports::business_rpc::v3: business RPC V3 selected frame stream_id=616 frame_type=Open payload_bytes=184
2026-09-26T01:47:46.592146Z DEBUG netbaiot_transports::business_rpc::v3: business RPC V3 writer completed frame stream_id=616 frame_type=Open payload_bytes=184
2026-09-26T01:47:46.592150Z DEBUG netbaiot_transports::business_rpc::v3: business RPC V3 selected frame stream_id=616 frame_type=Data payload_bytes=8192
2026-09-26T01:47:46.592156Z DEBUG netbaiot_transports::business_rpc::v3: business RPC V3 writer completed frame stream_id=616 frame_type=Data payload_bytes=8192
2026-09-26T01:47:46.592160Z DEBUG netbaiot_transports::business_rpc::v3: business RPC V3 selected frame stream_id=616 frame_type=Data payload_bytes=8192
2026-09-26T01:47:46.592198Z DEBUG netbaiot_transports::business_rpc::v3: business RPC V3 writer completed frame stream_id=616 frame_type=Data payload_bytes=8192
2026-09-26T01:47:46.596566Z DEBUG netbaiot_transports::business_rpc::v3: business RPC V3 body entered scheduler stream_id=618 class=Rpc body_bytes=198
2026-09-26T01:47:46.596571Z DEBUG netbaiot_transports::business_rpc::v3: business RPC V3 selected frame stream_id=618 frame_type=Open payload_bytes=158
2026-09-26T01:47:46.596577Z DEBUG netbaiot_transports::business_rpc::v3: business RPC V3 writer completed frame stream_id=618 frame_type=Open payload_bytes=158
2026-09-26T01:47:46.596580Z DEBUG netbaiot_transports::business_rpc::v3: business RPC V3 selected frame stream_id=618 frame_type=Data payload_bytes=198
2026-09-26T01:47:46.596584Z DEBUG netbaiot_transports::business_rpc::v3: business RPC V3 writer completed frame stream_id=618 frame_type=Data payload_bytes=198
2026-09-26T01:47:46.597941Z DEBUG netbaiot_transports::business_rpc::v3: business RPC V3 body entered scheduler stream_id=620 class=Rpc body_bytes=198
2026-09-26T01:47:46.597945Z DEBUG netbaiot_transports::business_rpc::v3: business RPC V3 selected frame stream_id=620 frame_type=Open payload_bytes=158
2026-09-26T01:47:46.597951Z DEBUG netbaiot_transports::business_rpc::v3: business RPC V3 writer completed frame stream_id=620 frame_type=Open payload_bytes=158
2026-09-26T01:47:46.597954Z DEBUG netbaiot_transports::business_rpc::v3: business RPC V3 selected frame stream_id=620 frame_type=Data payload_bytes=198
2026-09-26T01:47:46.597957Z DEBUG netbaiot_transports::business_rpc::v3: business RPC V3 writer completed frame stream_id=620 frame_type=Data payload_bytes=198
2026-09-26T01:47:46.615583Z DEBUG netbaiot_transports::business_rpc::v3: business RPC V3 body entered scheduler stream_id=622 class=Rpc body_bytes=198
2026-09-26T01:47:46.615593Z DEBUG netbaiot_transports::business_rpc::v3: business RPC V3 selected frame stream_id=622 frame_type=Open payload_bytes=158
2026-09-26T01:47:46.615602Z DEBUG netbaiot_transports::business_rpc::v3: business RPC V3 writer completed frame stream_id=622 frame_type=Open payload_bytes=158
2026-09-26T01:47:46.615606Z DEBUG netbaiot_transports::business_rpc::v3: business RPC V3 selected frame stream_id=622 frame_type=Data payload_bytes=198
2026-09-26T01:47:46.615610Z DEBUG netbaiot_transports::business_rpc::v3: business RPC V3 writer completed frame stream_id=622 frame_type=Data payload_bytes=198
2026-09-26T01:47:46.619507Z DEBUG netbaiot_transports::business_rpc::v3: business RPC V3 body entered scheduler stream_id=624 class=Rpc body_bytes=198
2026-09-26T01:47:46.619541Z DEBUG netbaiot_transports::business_rpc::v3: business RPC V3 selected frame stream_id=624 frame_type=Open payload_bytes=158
2026-09-26T01:47:46.619560Z DEBUG netbaiot_transports::business_rpc::v3: business RPC V3 writer completed frame stream_id=624 frame_type=Open payload_bytes=158
2026-09-26T01:47:46.619572Z DEBUG netbaiot_transports::business_rpc::v3: business RPC V3 selected frame stream_id=624 frame_type=Data payload_bytes=198
2026-09-26T01:47:46.619583Z DEBUG netbaiot_transports::business_rpc::v3: business RPC V3 writer completed frame stream_id=624 frame_type=Data payload_bytes=198
2026-09-26T01:47:46.649268Z DEBUG netbaiot_transports::business_rpc::v3: business RPC V3 received frame stream_id=0 frame_type=Ping payload_bytes=8
2026-09-26T01:47:46.649296Z DEBUG netbaiot_transports::business_rpc::v3: business RPC V3 selected frame stream_id=0 frame_type=Pong payload_bytes=8
2026-09-26T01:47:46.649307Z DEBUG netbaiot_transports::business_rpc::v3: business RPC V3 writer completed frame stream_id=0 frame_type=Pong payload_bytes=8
2026-09-26T01:47:46.673578Z DEBUG netbaiot_transports::business_rpc::v3: business RPC V3 body entered scheduler stream_id=626 class=Rpc body_bytes=198
2026-09-26T01:47:46.673600Z DEBUG netbaiot_transports::business_rpc::v3: business RPC V3 selected frame stream_id=626 frame_type=Open payload_bytes=158
2026-09-26T01:47:46.673635Z DEBUG netbaiot_transports::business_rpc::v3: business RPC V3 writer completed frame stream_id=626 frame_type=Open payload_bytes=158
2026-09-26T01:47:46.673639Z DEBUG netbaiot_transports::business_rpc::v3: business RPC V3 selected frame stream_id=626 frame_type=Data payload_bytes=198
2026-09-26T01:47:46.673644Z DEBUG netbaiot_transports::business_rpc::v3: business RPC V3 writer completed frame stream_id=626 frame_type=Data payload_bytes=198
2026-09-26T01:47:46.695485Z DEBUG netbaiot_transports::business_rpc::v3: business RPC V3 body entered scheduler stream_id=628 class=Rpc body_bytes=198
2026-09-26T01:47:46.695495Z DEBUG netbaiot_transports::business_rpc::v3: business RPC V3 selected frame stream_id=628 frame_type=Open payload_bytes=158
2026-09-26T01:47:46.695504Z DEBUG netbaiot_transports::business_rpc::v3: business RPC V3 writer completed frame stream_id=628 frame_type=Open payload_bytes=158
2026-09-26T01:47:46.695512Z DEBUG netbaiot_transports::business_rpc::v3: business RPC V3 body entered scheduler stream_id=630 class=Rpc body_bytes=198
2026-09-26T01:47:46.695517Z DEBUG netbaiot_transports::business_rpc::v3: business RPC V3 selected frame stream_id=630 frame_type=Open payload_bytes=158
2026-09-26T01:47:46.695521Z DEBUG netbaiot_transports::business_rpc::v3: business RPC V3 writer completed frame stream_id=630 frame_type=Open payload_bytes=158
2026-09-26T01:47:46.695525Z DEBUG netbaiot_transports::business_rpc::v3: business RPC V3 selected frame stream_id=628 frame_type=Data payload_bytes=198
2026-09-26T01:47:46.695529Z DEBUG netbaiot_transports::business_rpc::v3: business RPC V3 writer completed frame stream_id=628 frame_type=Data payload_bytes=198
2026-09-26T01:47:46.695533Z DEBUG netbaiot_transports::business_rpc::v3: business RPC V3 selected frame stream_id=630 frame_type=Data payload_bytes=198
2026-09-26T01:47:46.695541Z DEBUG netbaiot_transports::business_rpc::v3: business RPC V3 writer completed frame stream_id=630 frame_type=Data payload_bytes=198
2026-09-26T01:47:46.695544Z DEBUG netbaiot_transports::business_rpc::v3: business RPC V3 body entered scheduler stream_id=632 class=Rpc body_bytes=198
2026-09-26T01:47:46.695548Z DEBUG netbaiot_transports::business_rpc::v3: business RPC V3 selected frame stream_id=632 frame_type=Open payload_bytes=158
2026-09-26T01:47:46.695555Z DEBUG netbaiot_transports::business_rpc::v3: business RPC V3 writer completed frame stream_id=632 frame_type=Open payload_bytes=158
2026-09-26T01:47:46.695560Z DEBUG netbaiot_transports::business_rpc::v3: business RPC V3 selected frame stream_id=632 frame_type=Data payload_bytes=198
2026-09-26T01:47:46.695563Z DEBUG netbaiot_transports::business_rpc::v3: business RPC V3 writer completed frame stream_id=632 frame_type=Data payload_bytes=198
2026-09-26T01:47:46.744829Z DEBUG netbaiot_transports::business_rpc::v3: business RPC V3 body entered scheduler stream_id=634 class=Rpc body_bytes=198
2026-09-26T01:47:46.744846Z DEBUG netbaiot_transports::business_rpc::v3: business RPC V3 selected frame stream_id=634 frame_type=Open payload_bytes=158
2026-09-26T01:47:46.744857Z DEBUG netbaiot_transports::business_rpc::v3: business RPC V3 writer completed frame stream_id=634 frame_type=Open payload_bytes=158
2026-09-26T01:47:46.744863Z DEBUG netbaiot_transports::business_rpc::v3: business RPC V3 selected frame stream_id=634 frame_type=Data payload_bytes=198
2026-09-26T01:47:46.744868Z DEBUG netbaiot_transports::business_rpc::v3: business RPC V3 writer completed frame stream_id=634 frame_type=Data payload_bytes=198
2026-09-26T01:47:46.759127Z DEBUG netbaiot_transports::business_rpc::v3: business RPC V3 received frame stream_id=0 frame_type=WindowUpdate payload_bytes=4
2026-09-26T01:47:46.759139Z DEBUG netbaiot_transports::business_rpc::v3: business RPC V3 received frame stream_id=0 frame_type=WindowUpdate payload_bytes=4
2026-09-26T01:47:46.759146Z DEBUG netbaiot_transports::business_rpc::v3: business RPC V3 received frame stream_id=616 frame_type=WindowUpdate payload_bytes=4
2026-09-26T01:47:46.759178Z DEBUG netbaiot_transports::business_rpc::v3: business RPC V3 received frame stream_id=614 frame_type=Response payload_bytes=35
2026-09-26T01:47:46.759188Z DEBUG netbaiot_transports::business_rpc::v3: business RPC V3 received frame stream_id=614 frame_type=Data payload_bytes=216
2026-09-26T01:47:46.759224Z DEBUG netbaiot_transports::business_rpc::v3: business RPC V3 selected frame stream_id=0 frame_type=WindowUpdate payload_bytes=4
2026-09-26T01:47:46.759238Z DEBUG netbaiot_transports::business_rpc::v3: business RPC V3 writer completed frame stream_id=0 frame_type=WindowUpdate payload_bytes=4
2026-09-26T01:47:46.759243Z DEBUG netbaiot_transports::business_rpc::v3: business RPC V3 selected frame stream_id=616 frame_type=Data payload_bytes=982
2026-09-26T01:47:46.759250Z DEBUG netbaiot_transports::business_rpc::v3: business RPC V3 writer completed frame stream_id=616 frame_type=Data payload_bytes=982
2026-09-26T01:47:46.759548Z DEBUG netbaiot_transports::business_rpc::v3: business RPC V3 body entered scheduler stream_id=636 class=Rpc body_bytes=198
2026-09-26T01:47:46.759557Z DEBUG netbaiot_transports::business_rpc::v3: business RPC V3 selected frame stream_id=636 frame_type=Open payload_bytes=158
2026-09-26T01:47:46.759568Z DEBUG netbaiot_transports::business_rpc::v3: business RPC V3 writer completed frame stream_id=636 frame_type=Open payload_bytes=158
2026-09-26T01:47:46.759573Z DEBUG netbaiot_transports::business_rpc::v3: business RPC V3 selected frame stream_id=636 frame_type=Data payload_bytes=198
2026-09-26T01:47:46.759578Z DEBUG netbaiot_transports::business_rpc::v3: business RPC V3 writer completed frame stream_id=636 frame_type=Data payload_bytes=198
2026-09-26T01:47:46.768136Z DEBUG netbaiot_transports::business_rpc::v3: business RPC V3 body entered scheduler stream_id=638 class=Rpc body_bytes=198
2026-09-26T01:47:46.768191Z DEBUG netbaiot_transports::business_rpc::v3: business RPC V3 selected frame stream_id=638 frame_type=Open payload_bytes=158
2026-09-26T01:47:46.768220Z DEBUG netbaiot_transports::business_rpc::v3: business RPC V3 writer completed frame stream_id=638 frame_type=Open payload_bytes=158
2026-09-26T01:47:46.768237Z DEBUG netbaiot_transports::business_rpc::v3: business RPC V3 selected frame stream_id=638 frame_type=Data payload_bytes=198
2026-09-26T01:47:46.768251Z DEBUG netbaiot_transports::business_rpc::v3: business RPC V3 writer completed frame stream_id=638 frame_type=Data payload_bytes=198
2026-09-26T01:47:46.795277Z DEBUG netbaiot_transports::business_rpc::v3: business RPC V3 received frame stream_id=0 frame_type=WindowUpdate payload_bytes=4
2026-09-26T01:47:46.795304Z DEBUG netbaiot_transports::business_rpc::v3: business RPC V3 received frame stream_id=616 frame_type=WindowUpdate payload_bytes=4
2026-09-26T01:47:46.795308Z DEBUG netbaiot_transports::business_rpc::v3: business RPC V3 received frame stream_id=0 frame_type=WindowUpdate payload_bytes=4
2026-09-26T01:47:46.795312Z DEBUG netbaiot_transports::business_rpc::v3: business RPC V3 received frame stream_id=0 frame_type=WindowUpdate payload_bytes=4
2026-09-26T01:47:46.795315Z DEBUG netbaiot_transports::business_rpc::v3: business RPC V3 received frame stream_id=0 frame_type=WindowUpdate payload_bytes=4
2026-09-26T01:47:46.795317Z DEBUG netbaiot_transports::business_rpc::v3: business RPC V3 received frame stream_id=0 frame_type=WindowUpdate payload_bytes=4
2026-09-26T01:47:46.795320Z DEBUG netbaiot_transports::business_rpc::v3: business RPC V3 received frame stream_id=0 frame_type=WindowUpdate payload_bytes=4
2026-09-26T01:47:46.795322Z DEBUG netbaiot_transports::business_rpc::v3: business RPC V3 received frame stream_id=0 frame_type=WindowUpdate payload_bytes=4
2026-09-26T01:47:46.795325Z DEBUG netbaiot_transports::business_rpc::v3: business RPC V3 received frame stream_id=0 frame_type=WindowUpdate payload_bytes=4
2026-09-26T01:47:46.795327Z DEBUG netbaiot_transports::business_rpc::v3: business RPC V3 received frame stream_id=0 frame_type=WindowUpdate payload_bytes=4
2026-09-26T01:47:46.795330Z DEBUG netbaiot_transports::business_rpc::v3: business RPC V3 received frame stream_id=620 frame_type=Response payload_bytes=35
2026-09-26T01:47:46.795396Z DEBUG netbaiot_transports::business_rpc::v3: business RPC V3 received frame stream_id=632 frame_type=Response payload_bytes=35
2026-09-26T01:47:46.795400Z DEBUG netbaiot_transports::business_rpc::v3: business RPC V3 received frame stream_id=618 frame_type=Response payload_bytes=35
2026-09-26T01:47:46.795403Z DEBUG netbaiot_transports::business_rpc::v3: business RPC V3 received frame stream_id=622 frame_type=Response payload_bytes=35
2026-09-26T01:47:46.795405Z DEBUG netbaiot_transports::business_rpc::v3: business RPC V3 received frame stream_id=620 frame_type=Data payload_bytes=216
2026-09-26T01:47:46.795425Z DEBUG netbaiot_transports::business_rpc::v3: business RPC V3 received frame stream_id=626 frame_type=Response payload_bytes=35
2026-09-26T01:47:46.795429Z DEBUG netbaiot_transports::business_rpc::v3: business RPC V3 received frame stream_id=628 frame_type=Response payload_bytes=35
2026-09-26T01:47:46.795433Z DEBUG netbaiot_transports::business_rpc::v3: business RPC V3 received frame stream_id=624 frame_type=Response payload_bytes=35
2026-09-26T01:47:46.795432Z DEBUG netbaiot_transports::business_rpc::v3: business RPC V3 selected frame stream_id=0 frame_type=WindowUpdate payload_bytes=4
2026-09-26T01:47:46.795436Z DEBUG netbaiot_transports::business_rpc::v3: business RPC V3 received frame stream_id=630 frame_type=Response payload_bytes=35
2026-09-26T01:47:46.795449Z DEBUG netbaiot_transports::business_rpc::v3: business RPC V3 received frame stream_id=632 frame_type=Data payload_bytes=216
2026-09-26T01:47:46.795450Z DEBUG netbaiot_transports::business_rpc::v3: business RPC V3 writer completed frame stream_id=0 frame_type=WindowUpdate payload_bytes=4
2026-09-26T01:47:46.795459Z DEBUG netbaiot_transports::business_rpc::v3: business RPC V3 received frame stream_id=618 frame_type=Data payload_bytes=216
2026-09-26T01:47:46.795460Z DEBUG netbaiot_transports::business_rpc::v3: business RPC V3 selected frame stream_id=0 frame_type=WindowUpdate payload_bytes=4
2026-09-26T01:47:46.795474Z DEBUG netbaiot_transports::business_rpc::v3: business RPC V3 writer completed frame stream_id=0 frame_type=WindowUpdate payload_bytes=4
2026-09-26T01:47:46.795478Z DEBUG netbaiot_transports::business_rpc::v3: business RPC V3 selected frame stream_id=0 frame_type=WindowUpdate payload_bytes=4
2026-09-26T01:47:46.795482Z DEBUG netbaiot_transports::business_rpc::v3: business RPC V3 writer completed frame stream_id=0 frame_type=WindowUpdate payload_bytes=4
2026-09-26T01:47:46.795475Z DEBUG netbaiot_transports::business_rpc::v3: business RPC V3 received frame stream_id=622 frame_type=Data payload_bytes=216
2026-09-26T01:47:46.795539Z DEBUG netbaiot_transports::business_rpc::v3: business RPC V3 received frame stream_id=626 frame_type=Data payload_bytes=216
2026-09-26T01:47:46.795555Z DEBUG netbaiot_transports::business_rpc::v3: business RPC V3 received frame stream_id=628 frame_type=Data payload_bytes=216
2026-09-26T01:47:46.795565Z DEBUG netbaiot_transports::business_rpc::v3: business RPC V3 received frame stream_id=624 frame_type=Data payload_bytes=216
2026-09-26T01:47:46.795545Z DEBUG netbaiot_transports::business_rpc::v3: business RPC V3 selected frame stream_id=0 frame_type=WindowUpdate payload_bytes=4
2026-09-26T01:47:46.795571Z DEBUG netbaiot_transports::business_rpc::v3: business RPC V3 received frame stream_id=630 frame_type=Data payload_bytes=216
2026-09-26T01:47:46.795577Z DEBUG netbaiot_transports::business_rpc::v3: business RPC V3 writer completed frame stream_id=0 frame_type=WindowUpdate payload_bytes=4
2026-09-26T01:47:46.795595Z DEBUG netbaiot_transports::business_rpc::v3: business RPC V3 selected frame stream_id=0 frame_type=WindowUpdate payload_bytes=4
2026-09-26T01:47:46.795600Z DEBUG netbaiot_transports::business_rpc::v3: business RPC V3 writer completed frame stream_id=0 frame_type=WindowUpdate payload_bytes=4
2026-09-26T01:47:46.795603Z DEBUG netbaiot_transports::business_rpc::v3: business RPC V3 selected frame stream_id=0 frame_type=WindowUpdate payload_bytes=4
2026-09-26T01:47:46.795621Z DEBUG netbaiot_transports::business_rpc::v3: business RPC V3 writer completed frame stream_id=0 frame_type=WindowUpdate payload_bytes=4
2026-09-26T01:47:46.795624Z DEBUG netbaiot_transports::business_rpc::v3: business RPC V3 selected frame stream_id=0 frame_type=WindowUpdate payload_bytes=4
2026-09-26T01:47:46.795628Z DEBUG netbaiot_transports::business_rpc::v3: business RPC V3 writer completed frame stream_id=0 frame_type=WindowUpdate payload_bytes=4
2026-09-26T01:47:46.795630Z DEBUG netbaiot_transports::business_rpc::v3: business RPC V3 selected frame stream_id=0 frame_type=WindowUpdate payload_bytes=4
2026-09-26T01:47:46.795634Z DEBUG netbaiot_transports::business_rpc::v3: business RPC V3 writer completed frame stream_id=0 frame_type=WindowUpdate payload_bytes=4
2026-09-26T01:47:46.796068Z DEBUG netbaiot_transports::business_rpc::v3: business RPC V3 body entered scheduler stream_id=640 class=Rpc body_bytes=198
2026-09-26T01:47:46.796074Z DEBUG netbaiot_transports::business_rpc::v3: business RPC V3 selected frame stream_id=640 frame_type=Open payload_bytes=158
2026-09-26T01:47:46.796081Z DEBUG netbaiot_transports::business_rpc::v3: business RPC V3 writer completed frame stream_id=640 frame_type=Open payload_bytes=158
2026-09-26T01:47:46.796084Z DEBUG netbaiot_transports::business_rpc::v3: business RPC V3 body entered scheduler stream_id=642 class=Rpc body_bytes=198
2026-09-26T01:47:46.796088Z DEBUG netbaiot_transports::business_rpc::v3: business RPC V3 selected frame stream_id=640 frame_type=Data payload_bytes=198
2026-09-26T01:47:46.796092Z DEBUG netbaiot_transports::business_rpc::v3: business RPC V3 writer completed frame stream_id=640 frame_type=Data payload_bytes=198
2026-09-26T01:47:46.796095Z DEBUG netbaiot_transports::business_rpc::v3: business RPC V3 selected frame stream_id=642 frame_type=Open payload_bytes=158
2026-09-26T01:47:46.796099Z DEBUG netbaiot_transports::business_rpc::v3: business RPC V3 writer completed frame stream_id=642 frame_type=Open payload_bytes=158
2026-09-26T01:47:46.796102Z DEBUG netbaiot_transports::business_rpc::v3: business RPC V3 selected frame stream_id=642 frame_type=Data payload_bytes=198
2026-09-26T01:47:46.796106Z DEBUG netbaiot_transports::business_rpc::v3: business RPC V3 writer completed frame stream_id=642 frame_type=Data payload_bytes=198
2026-09-26T01:47:46.796147Z DEBUG netbaiot_transports::business_rpc::v3: business RPC V3 body entered scheduler stream_id=644 class=Rpc body_bytes=198
2026-09-26T01:47:46.796152Z DEBUG netbaiot_transports::business_rpc::v3: business RPC V3 selected frame stream_id=644 frame_type=Open payload_bytes=158
2026-09-26T01:47:46.796156Z DEBUG netbaiot_transports::business_rpc::v3: business RPC V3 writer completed frame stream_id=644 frame_type=Open payload_bytes=158
2026-09-26T01:47:46.796159Z DEBUG netbaiot_transports::business_rpc::v3: business RPC V3 selected frame stream_id=644 frame_type=Data payload_bytes=198
2026-09-26T01:47:46.796163Z DEBUG netbaiot_transports::business_rpc::v3: business RPC V3 writer completed frame stream_id=644 frame_type=Data payload_bytes=198
2026-09-26T01:47:46.796202Z DEBUG netbaiot_transports::business_rpc::v3: business RPC V3 body entered scheduler stream_id=646 class=Rpc body_bytes=198
2026-09-26T01:47:46.796206Z DEBUG netbaiot_transports::business_rpc::v3: business RPC V3 selected frame stream_id=646 frame_type=Open payload_bytes=158
2026-09-26T01:47:46.796213Z DEBUG netbaiot_transports::business_rpc::v3: business RPC V3 writer completed frame stream_id=646 frame_type=Open payload_bytes=158
2026-09-26T01:47:46.796216Z DEBUG netbaiot_transports::business_rpc::v3: business RPC V3 selected frame stream_id=646 frame_type=Data payload_bytes=198
2026-09-26T01:47:46.796219Z DEBUG netbaiot_transports::business_rpc::v3: business RPC V3 writer completed frame stream_id=646 frame_type=Data payload_bytes=198
2026-09-26T01:47:46.796222Z DEBUG netbaiot_transports::business_rpc::v3: business RPC V3 body entered scheduler stream_id=648 class=Rpc body_bytes=198
2026-09-26T01:47:46.796236Z DEBUG netbaiot_transports::business_rpc::v3: business RPC V3 selected frame stream_id=648 frame_type=Open payload_bytes=158
2026-09-26T01:47:46.796240Z DEBUG netbaiot_transports::business_rpc::v3: business RPC V3 writer completed frame stream_id=648 frame_type=Open payload_bytes=158
2026-09-26T01:47:46.796243Z DEBUG netbaiot_transports::business_rpc::v3: business RPC V3 selected frame stream_id=648 frame_type=Data payload_bytes=198
2026-09-26T01:47:46.796249Z DEBUG netbaiot_transports::business_rpc::v3: business RPC V3 writer completed frame stream_id=648 frame_type=Data payload_bytes=198
2026-09-26T01:47:46.796276Z DEBUG netbaiot_transports::business_rpc::v3: business RPC V3 body entered scheduler stream_id=650 class=Rpc body_bytes=198
2026-09-26T01:47:46.796280Z DEBUG netbaiot_transports::business_rpc::v3: business RPC V3 selected frame stream_id=650 frame_type=Open payload_bytes=158
2026-09-26T01:47:46.796284Z DEBUG netbaiot_transports::business_rpc::v3: business RPC V3 writer completed frame stream_id=650 frame_type=Open payload_bytes=158
2026-09-26T01:47:46.796287Z DEBUG netbaiot_transports::business_rpc::v3: business RPC V3 selected frame stream_id=650 frame_type=Data payload_bytes=198
2026-09-26T01:47:46.796291Z DEBUG netbaiot_transports::business_rpc::v3: business RPC V3 writer completed frame stream_id=650 frame_type=Data payload_bytes=198
2026-09-26T01:47:46.796297Z DEBUG netbaiot_transports::business_rpc::v3: business RPC V3 selected frame stream_id=652 frame_type=Open payload_bytes=158
2026-09-26T01:47:46.796300Z DEBUG netbaiot_transports::business_rpc::v3: business RPC V3 writer completed frame stream_id=652 frame_type=Open payload_bytes=158
2026-09-26T01:47:46.796302Z DEBUG netbaiot_transports::business_rpc::v3: business RPC V3 body entered scheduler stream_id=652 class=Rpc body_bytes=198
2026-09-26T01:47:46.796306Z DEBUG netbaiot_transports::business_rpc::v3: business RPC V3 selected frame stream_id=652 frame_type=Data payload_bytes=198
2026-09-26T01:47:46.796309Z DEBUG netbaiot_transports::business_rpc::v3: business RPC V3 writer completed frame stream_id=652 frame_type=Data payload_bytes=198
2026-09-26T01:47:46.796319Z DEBUG netbaiot_transports::business_rpc::v3: business RPC V3 body entered scheduler stream_id=654 class=Rpc body_bytes=198
2026-09-26T01:47:46.796324Z DEBUG netbaiot_transports::business_rpc::v3: business RPC V3 selected frame stream_id=654 frame_type=Open payload_bytes=158
2026-09-26T01:47:46.796328Z DEBUG netbaiot_transports::business_rpc::v3: business RPC V3 writer completed frame stream_id=654 frame_type=Open payload_bytes=158
2026-09-26T01:47:46.796330Z DEBUG netbaiot_transports::business_rpc::v3: business RPC V3 selected frame stream_id=654 frame_type=Data payload_bytes=198
2026-09-26T01:47:46.796333Z DEBUG netbaiot_transports::business_rpc::v3: business RPC V3 writer completed frame stream_id=654 frame_type=Data payload_bytes=198
2026-09-26T01:47:46.847245Z DEBUG netbaiot_transports::business_rpc::v3: business RPC V3 body entered scheduler stream_id=656 class=Rpc body_bytes=198
2026-09-26T01:47:46.847292Z DEBUG netbaiot_transports::business_rpc::v3: business RPC V3 selected frame stream_id=656 frame_type=Open payload_bytes=158
2026-09-26T01:47:46.847312Z DEBUG netbaiot_transports::business_rpc::v3: business RPC V3 writer completed frame stream_id=656 frame_type=Open payload_bytes=158
2026-09-26T01:47:46.847322Z DEBUG netbaiot_transports::business_rpc::v3: business RPC V3 selected frame stream_id=656 frame_type=Data payload_bytes=198
2026-09-26T01:47:46.847333Z DEBUG netbaiot_transports::business_rpc::v3: business RPC V3 writer completed frame stream_id=656 frame_type=Data payload_bytes=198
2026-09-26T01:47:46.863747Z DEBUG netbaiot_transports::business_rpc::v3: business RPC V3 received frame stream_id=0 frame_type=WindowUpdate payload_bytes=4
2026-09-26T01:47:46.863800Z DEBUG netbaiot_transports::business_rpc::v3: business RPC V3 received frame stream_id=0 frame_type=WindowUpdate payload_bytes=4
2026-09-26T01:47:46.863816Z DEBUG netbaiot_transports::business_rpc::v3: business RPC V3 received frame stream_id=0 frame_type=WindowUpdate payload_bytes=4
2026-09-26T01:47:46.863859Z DEBUG netbaiot_transports::business_rpc::v3: business RPC V3 received frame stream_id=0 frame_type=WindowUpdate payload_bytes=4
2026-09-26T01:47:46.863869Z DEBUG netbaiot_transports::business_rpc::v3: business RPC V3 received frame stream_id=638 frame_type=Response payload_bytes=35
2026-09-26T01:47:46.863881Z DEBUG netbaiot_transports::business_rpc::v3: business RPC V3 received frame stream_id=638 frame_type=Data payload_bytes=216
2026-09-26T01:47:46.863912Z DEBUG netbaiot_transports::business_rpc::v3: business RPC V3 received frame stream_id=636 frame_type=Response payload_bytes=35
2026-09-26T01:47:46.863923Z DEBUG netbaiot_transports::business_rpc::v3: business RPC V3 received frame stream_id=636 frame_type=Data payload_bytes=216
2026-09-26T01:47:46.863925Z DEBUG netbaiot_transports::business_rpc::v3: business RPC V3 selected frame stream_id=0 frame_type=WindowUpdate payload_bytes=4
2026-09-26T01:47:46.863947Z DEBUG netbaiot_transports::business_rpc::v3: business RPC V3 received frame stream_id=634 frame_type=Response payload_bytes=35
2026-09-26T01:47:46.863974Z DEBUG netbaiot_transports::business_rpc::v3: business RPC V3 writer completed frame stream_id=0 frame_type=WindowUpdate payload_bytes=4
2026-09-26T01:47:46.864006Z DEBUG netbaiot_transports::business_rpc::v3: business RPC V3 selected frame stream_id=0 frame_type=WindowUpdate payload_bytes=4
2026-09-26T01:47:46.863990Z DEBUG netbaiot_transports::business_rpc::v3: business RPC V3 received frame stream_id=634 frame_type=Data payload_bytes=216
2026-09-26T01:47:46.864027Z DEBUG netbaiot_transports::business_rpc::v3: business RPC V3 writer completed frame stream_id=0 frame_type=WindowUpdate payload_bytes=4
2026-09-26T01:47:46.864058Z DEBUG netbaiot_transports::business_rpc::v3: business RPC V3 selected frame stream_id=0 frame_type=WindowUpdate payload_bytes=4
2026-09-26T01:47:46.864059Z DEBUG netbaiot_transports::business_rpc::v3: business RPC V3 received frame stream_id=616 frame_type=Response payload_bytes=35
2026-09-26T01:47:46.864078Z DEBUG netbaiot_transports::business_rpc::v3: business RPC V3 writer completed frame stream_id=0 frame_type=WindowUpdate payload_bytes=4
2026-09-26T01:47:46.864092Z DEBUG netbaiot_transports::business_rpc::v3: business RPC V3 received frame stream_id=616 frame_type=Data payload_bytes=118
2026-09-26T01:47:46.864126Z DEBUG netbaiot_transports::business_rpc::v3: business RPC V3 Event delivery acknowledged stream_id=616 completion_us=272041
2026-09-26T01:47:46.864161Z DEBUG netbaiot_transports::business_rpc::v3: business RPC V3 selected frame stream_id=0 frame_type=WindowUpdate payload_bytes=4
2026-09-26T01:47:46.864190Z DEBUG netbaiot_transports::business_rpc::v3: business RPC V3 writer completed frame stream_id=0 frame_type=WindowUpdate payload_bytes=4
2026-09-26T01:47:46.864223Z DEBUG netbaiot_transports::business_rpc::v3: business RPC V3 body entered scheduler stream_id=658 class=Event body_bytes=17366
2026-09-26T01:47:46.864235Z DEBUG netbaiot_transports::business_rpc::v3: business RPC V3 selected frame stream_id=658 frame_type=Open payload_bytes=184
2026-09-26T01:47:46.864248Z DEBUG netbaiot_transports::business_rpc::v3: business RPC V3 writer completed frame stream_id=658 frame_type=Open payload_bytes=184
2026-09-26T01:47:46.864259Z DEBUG netbaiot_transports::business_rpc::v3: business RPC V3 selected frame stream_id=658 frame_type=Data payload_bytes=8192
2026-09-26T01:47:46.864275Z DEBUG netbaiot_transports::business_rpc::v3: business RPC V3 writer completed frame stream_id=658 frame_type=Data payload_bytes=8192
2026-09-26T01:47:46.864283Z DEBUG netbaiot_transports::business_rpc::v3: business RPC V3 selected frame stream_id=658 frame_type=Data payload_bytes=8192
2026-09-26T01:47:46.864298Z DEBUG netbaiot_transports::business_rpc::v3: business RPC V3 writer completed frame stream_id=658 frame_type=Data payload_bytes=8192
2026-09-26T01:47:46.864533Z DEBUG netbaiot_transports::business_rpc::v3: business RPC V3 body entered scheduler stream_id=660 class=Rpc body_bytes=198
2026-09-26T01:47:46.864595Z DEBUG netbaiot_transports::business_rpc::v3: business RPC V3 body entered scheduler stream_id=662 class=Rpc body_bytes=198
2026-09-26T01:47:46.864608Z DEBUG netbaiot_transports::business_rpc::v3: business RPC V3 selected frame stream_id=660 frame_type=Open payload_bytes=158
2026-09-26T01:47:46.864627Z DEBUG netbaiot_transports::business_rpc::v3: business RPC V3 writer completed frame stream_id=660 frame_type=Open payload_bytes=158
2026-09-26T01:47:46.864638Z DEBUG netbaiot_transports::business_rpc::v3: business RPC V3 selected frame stream_id=662 frame_type=Open payload_bytes=158
2026-09-26T01:47:46.864650Z DEBUG netbaiot_transports::business_rpc::v3: business RPC V3 writer completed frame stream_id=662 frame_type=Open payload_bytes=158
2026-09-26T01:47:46.864660Z DEBUG netbaiot_transports::business_rpc::v3: business RPC V3 body entered scheduler stream_id=664 class=Rpc body_bytes=198
2026-09-26T01:47:46.864669Z DEBUG netbaiot_transports::business_rpc::v3: business RPC V3 selected frame stream_id=664 frame_type=Open payload_bytes=158
2026-09-26T01:47:46.864682Z DEBUG netbaiot_transports::business_rpc::v3: business RPC V3 writer completed frame stream_id=664 frame_type=Open payload_bytes=158
2026-09-26T01:47:46.864691Z DEBUG netbaiot_transports::business_rpc::v3: business RPC V3 selected frame stream_id=660 frame_type=Data payload_bytes=198
2026-09-26T01:47:46.864710Z DEBUG netbaiot_transports::business_rpc::v3: business RPC V3 writer completed frame stream_id=660 frame_type=Data payload_bytes=198
2026-09-26T01:47:46.864719Z DEBUG netbaiot_transports::business_rpc::v3: business RPC V3 selected frame stream_id=662 frame_type=Data payload_bytes=198
2026-09-26T01:47:46.864731Z DEBUG netbaiot_transports::business_rpc::v3: business RPC V3 writer completed frame stream_id=662 frame_type=Data payload_bytes=198
2026-09-26T01:47:46.864741Z DEBUG netbaiot_transports::business_rpc::v3: business RPC V3 selected frame stream_id=664 frame_type=Data payload_bytes=198
2026-09-26T01:47:46.864752Z DEBUG netbaiot_transports::business_rpc::v3: business RPC V3 writer completed frame stream_id=664 frame_type=Data payload_bytes=198
2026-09-26T01:47:46.889244Z DEBUG netbaiot_transports::business_rpc::v3: business RPC V3 body entered scheduler stream_id=666 class=Rpc body_bytes=198
2026-09-26T01:47:46.889306Z DEBUG netbaiot_transports::business_rpc::v3: business RPC V3 selected frame stream_id=666 frame_type=Open payload_bytes=158
2026-09-26T01:47:46.889349Z DEBUG netbaiot_transports::business_rpc::v3: business RPC V3 writer completed frame stream_id=666 frame_type=Open payload_bytes=158
2026-09-26T01:47:46.889372Z DEBUG netbaiot_transports::business_rpc::v3: business RPC V3 selected frame stream_id=666 frame_type=Data payload_bytes=198
2026-09-26T01:47:46.889396Z DEBUG netbaiot_transports::business_rpc::v3: business RPC V3 writer completed frame stream_id=666 frame_type=Data payload_bytes=198
2026-09-26T01:47:46.899980Z DEBUG netbaiot_transports::business_rpc::v3: business RPC V3 received frame stream_id=0 frame_type=WindowUpdate payload_bytes=4
2026-09-26T01:47:46.900031Z DEBUG netbaiot_transports::business_rpc::v3: business RPC V3 received frame stream_id=0 frame_type=WindowUpdate payload_bytes=4
2026-09-26T01:47:46.900048Z DEBUG netbaiot_transports::business_rpc::v3: business RPC V3 received frame stream_id=0 frame_type=WindowUpdate payload_bytes=4
2026-09-26T01:47:46.900060Z DEBUG netbaiot_transports::business_rpc::v3: business RPC V3 received frame stream_id=0 frame_type=WindowUpdate payload_bytes=4
2026-09-26T01:47:46.900070Z DEBUG netbaiot_transports::business_rpc::v3: business RPC V3 received frame stream_id=0 frame_type=WindowUpdate payload_bytes=4
2026-09-26T01:47:46.900080Z DEBUG netbaiot_transports::business_rpc::v3: business RPC V3 received frame stream_id=0 frame_type=WindowUpdate payload_bytes=4
2026-09-26T01:47:46.900089Z DEBUG netbaiot_transports::business_rpc::v3: business RPC V3 received frame stream_id=0 frame_type=WindowUpdate payload_bytes=4
2026-09-26T01:47:46.900157Z DEBUG netbaiot_transports::business_rpc::v3: business RPC V3 received frame stream_id=0 frame_type=WindowUpdate payload_bytes=4
2026-09-26T01:47:46.900168Z DEBUG netbaiot_transports::business_rpc::v3: business RPC V3 received frame stream_id=654 frame_type=Response payload_bytes=35
2026-09-26T01:47:46.900182Z DEBUG netbaiot_transports::business_rpc::v3: business RPC V3 received frame stream_id=654 frame_type=Data payload_bytes=216
2026-09-26T01:47:46.900221Z DEBUG netbaiot_transports::business_rpc::v3: business RPC V3 received frame stream_id=644 frame_type=Response payload_bytes=35
2026-09-26T01:47:46.900235Z DEBUG netbaiot_transports::business_rpc::v3: business RPC V3 received frame stream_id=640 frame_type=Response payload_bytes=35
2026-09-26T01:47:46.900238Z DEBUG netbaiot_transports::business_rpc::v3: business RPC V3 selected frame stream_id=0 frame_type=WindowUpdate payload_bytes=4
2026-09-26T01:47:46.900249Z DEBUG netbaiot_transports::business_rpc::v3: business RPC V3 received frame stream_id=650 frame_type=Response payload_bytes=35
2026-09-26T01:47:46.900297Z DEBUG netbaiot_transports::business_rpc::v3: business RPC V3 writer completed frame stream_id=0 frame_type=WindowUpdate payload_bytes=4
2026-09-26T01:47:46.900307Z DEBUG netbaiot_transports::business_rpc::v3: business RPC V3 received frame stream_id=642 frame_type=Response payload_bytes=35
2026-09-26T01:47:46.900358Z DEBUG netbaiot_transports::business_rpc::v3: business RPC V3 received frame stream_id=644 frame_type=Data payload_bytes=216
2026-09-26T01:47:46.900396Z DEBUG netbaiot_transports::business_rpc::v3: business RPC V3 received frame stream_id=648 frame_type=Response payload_bytes=35
2026-09-26T01:47:46.900415Z DEBUG netbaiot_transports::business_rpc::v3: business RPC V3 received frame stream_id=646 frame_type=Response payload_bytes=35
2026-09-26T01:47:46.900429Z DEBUG netbaiot_transports::business_rpc::v3: business RPC V3 received frame stream_id=652 frame_type=Response payload_bytes=35
2026-09-26T01:47:46.900442Z DEBUG netbaiot_transports::business_rpc::v3: business RPC V3 received frame stream_id=640 frame_type=Data payload_bytes=216
2026-09-26T01:47:46.900460Z DEBUG netbaiot_transports::business_rpc::v3: business RPC V3 selected frame stream_id=0 frame_type=WindowUpdate payload_bytes=4
2026-09-26T01:47:46.900466Z DEBUG netbaiot_transports::business_rpc::v3: business RPC V3 received frame stream_id=650 frame_type=Data payload_bytes=216
2026-09-26T01:47:46.900513Z DEBUG netbaiot_transports::business_rpc::v3: business RPC V3 writer completed frame stream_id=0 frame_type=WindowUpdate payload_bytes=4
2026-09-26T01:47:46.900535Z DEBUG netbaiot_transports::business_rpc::v3: business RPC V3 selected frame stream_id=0 frame_type=WindowUpdate payload_bytes=4
2026-09-26T01:47:46.900553Z DEBUG netbaiot_transports::business_rpc::v3: business RPC V3 writer completed frame stream_id=0 frame_type=WindowUpdate payload_bytes=4
2026-09-26T01:47:46.900565Z DEBUG netbaiot_transports::business_rpc::v3: business RPC V3 selected frame stream_id=0 frame_type=WindowUpdate payload_bytes=4
2026-09-26T01:47:46.900526Z DEBUG netbaiot_transports::business_rpc::v3: business RPC V3 received frame stream_id=642 frame_type=Data payload_bytes=216
2026-09-26T01:47:46.900584Z DEBUG netbaiot_transports::business_rpc::v3: business RPC V3 writer completed frame stream_id=0 frame_type=WindowUpdate payload_bytes=4
2026-09-26T01:47:46.900621Z DEBUG netbaiot_transports::business_rpc::v3: business RPC V3 received frame stream_id=648 frame_type=Data payload_bytes=216
2026-09-26T01:47:46.900624Z DEBUG netbaiot_transports::business_rpc::v3: business RPC V3 selected frame stream_id=0 frame_type=WindowUpdate payload_bytes=4
2026-09-26T01:47:46.900679Z DEBUG netbaiot_transports::business_rpc::v3: business RPC V3 writer completed frame stream_id=0 frame_type=WindowUpdate payload_bytes=4
2026-09-26T01:47:46.900699Z DEBUG netbaiot_transports::business_rpc::v3: business RPC V3 selected frame stream_id=0 frame_type=WindowUpdate payload_bytes=4
2026-09-26T01:47:46.900760Z DEBUG netbaiot_transports::business_rpc::v3: business RPC V3 writer completed frame stream_id=0 frame_type=WindowUpdate payload_bytes=4
2026-09-26T01:47:46.900652Z DEBUG netbaiot_transports::business_rpc::v3: business RPC V3 received frame stream_id=646 frame_type=Data payload_bytes=216
2026-09-26T01:47:46.900832Z DEBUG netbaiot_transports::business_rpc::v3: business RPC V3 received frame stream_id=652 frame_type=Data payload_bytes=216
2026-09-26T01:47:46.900868Z DEBUG netbaiot_transports::business_rpc::v3: business RPC V3 selected frame stream_id=0 frame_type=WindowUpdate payload_bytes=4
2026-09-26T01:47:46.900891Z DEBUG netbaiot_transports::business_rpc::v3: business RPC V3 writer completed frame stream_id=0 frame_type=WindowUpdate payload_bytes=4
2026-09-26T01:47:46.900903Z DEBUG netbaiot_transports::business_rpc::v3: business RPC V3 selected frame stream_id=0 frame_type=WindowUpdate payload_bytes=4
2026-09-26T01:47:46.900919Z DEBUG netbaiot_transports::business_rpc::v3: business RPC V3 writer completed frame stream_id=0 frame_type=WindowUpdate payload_bytes=4
2026-09-26T01:47:46.901158Z DEBUG netbaiot_transports::business_rpc::v3: business RPC V3 body entered scheduler stream_id=668 class=Rpc body_bytes=198
2026-09-26T01:47:46.901188Z DEBUG netbaiot_transports::business_rpc::v3: business RPC V3 selected frame stream_id=668 frame_type=Open payload_bytes=158
2026-09-26T01:47:46.901210Z DEBUG netbaiot_transports::business_rpc::v3: business RPC V3 writer completed frame stream_id=668 frame_type=Open payload_bytes=158
2026-09-26T01:47:46.901224Z DEBUG netbaiot_transports::business_rpc::v3: business RPC V3 selected frame stream_id=668 frame_type=Data payload_bytes=198
2026-09-26T01:47:46.901241Z DEBUG netbaiot_transports::business_rpc::v3: business RPC V3 writer completed frame stream_id=668 frame_type=Data payload_bytes=198
2026-09-26T01:47:46.901253Z DEBUG netbaiot_transports::business_rpc::v3: business RPC V3 body entered scheduler stream_id=670 class=Rpc body_bytes=198
2026-09-26T01:47:46.901264Z DEBUG netbaiot_transports::business_rpc::v3: business RPC V3 selected frame stream_id=670 frame_type=Open payload_bytes=158
2026-09-26T01:47:46.901277Z DEBUG netbaiot_transports::business_rpc::v3: business RPC V3 writer completed frame stream_id=670 frame_type=Open payload_bytes=158
2026-09-26T01:47:46.901289Z DEBUG netbaiot_transports::business_rpc::v3: business RPC V3 selected frame stream_id=670 frame_type=Data payload_bytes=198
2026-09-26T01:47:46.901302Z DEBUG netbaiot_transports::business_rpc::v3: business RPC V3 writer completed frame stream_id=670 frame_type=Data payload_bytes=198
2026-09-26T01:47:46.901336Z DEBUG netbaiot_transports::business_rpc::v3: business RPC V3 body entered scheduler stream_id=672 class=Rpc body_bytes=198
2026-09-26T01:47:46.901354Z DEBUG netbaiot_transports::business_rpc::v3: business RPC V3 selected frame stream_id=672 frame_type=Open payload_bytes=158
2026-09-26T01:47:46.901384Z DEBUG netbaiot_transports::business_rpc::v3: business RPC V3 writer completed frame stream_id=672 frame_type=Open payload_bytes=158
2026-09-26T01:47:46.901397Z DEBUG netbaiot_transports::business_rpc::v3: business RPC V3 selected frame stream_id=672 frame_type=Data payload_bytes=198
2026-09-26T01:47:46.901410Z DEBUG netbaiot_transports::business_rpc::v3: business RPC V3 writer completed frame stream_id=672 frame_type=Data payload_bytes=198
2026-09-26T01:47:46.901421Z DEBUG netbaiot_transports::business_rpc::v3: business RPC V3 body entered scheduler stream_id=674 class=Rpc body_bytes=198
2026-09-26T01:47:46.901430Z DEBUG netbaiot_transports::business_rpc::v3: business RPC V3 selected frame stream_id=674 frame_type=Open payload_bytes=158
2026-09-26T01:47:46.901443Z DEBUG netbaiot_transports::business_rpc::v3: business RPC V3 writer completed frame stream_id=674 frame_type=Open payload_bytes=158
2026-09-26T01:47:46.901453Z DEBUG netbaiot_transports::business_rpc::v3: business RPC V3 selected frame stream_id=674 frame_type=Data payload_bytes=198
2026-09-26T01:47:46.901465Z DEBUG netbaiot_transports::business_rpc::v3: business RPC V3 writer completed frame stream_id=674 frame_type=Data payload_bytes=198
2026-09-26T01:47:46.901508Z DEBUG netbaiot_transports::business_rpc::v3: business RPC V3 body entered scheduler stream_id=676 class=Rpc body_bytes=198
2026-09-26T01:47:46.901519Z DEBUG netbaiot_transports::business_rpc::v3: business RPC V3 selected frame stream_id=676 frame_type=Open payload_bytes=158
2026-09-26T01:47:46.901537Z DEBUG netbaiot_transports::business_rpc::v3: business RPC V3 writer completed frame stream_id=676 frame_type=Open payload_bytes=158
2026-09-26T01:47:46.901552Z DEBUG netbaiot_transports::business_rpc::v3: business RPC V3 selected frame stream_id=676 frame_type=Data payload_bytes=198
2026-09-26T01:47:46.901565Z DEBUG netbaiot_transports::business_rpc::v3: business RPC V3 writer completed frame stream_id=676 frame_type=Data payload_bytes=198
2026-09-26T01:47:46.901575Z DEBUG netbaiot_transports::business_rpc::v3: business RPC V3 body entered scheduler stream_id=678 class=Rpc body_bytes=198
2026-09-26T01:47:46.901585Z DEBUG netbaiot_transports::business_rpc::v3: business RPC V3 selected frame stream_id=678 frame_type=Open payload_bytes=158
2026-09-26T01:47:46.901597Z DEBUG netbaiot_transports::business_rpc::v3: business RPC V3 writer completed frame stream_id=678 frame_type=Open payload_bytes=158
2026-09-26T01:47:46.901607Z DEBUG netbaiot_transports::business_rpc::v3: business RPC V3 selected frame stream_id=678 frame_type=Data payload_bytes=198
2026-09-26T01:47:46.901619Z DEBUG netbaiot_transports::business_rpc::v3: business RPC V3 writer completed frame stream_id=678 frame_type=Data payload_bytes=198
2026-09-26T01:47:47.019712Z DEBUG netbaiot_transports::business_rpc::v3: business RPC V3 received frame stream_id=0 frame_type=WindowUpdate payload_bytes=4
2026-09-26T01:47:47.019760Z DEBUG netbaiot_transports::business_rpc::v3: business RPC V3 received frame stream_id=0 frame_type=WindowUpdate payload_bytes=4
2026-09-26T01:47:47.019773Z DEBUG netbaiot_transports::business_rpc::v3: business RPC V3 received frame stream_id=658 frame_type=WindowUpdate payload_bytes=4
2026-09-26T01:47:47.019783Z DEBUG netbaiot_transports::business_rpc::v3: business RPC V3 received frame stream_id=656 frame_type=Response payload_bytes=35
2026-09-26T01:47:47.019796Z DEBUG netbaiot_transports::business_rpc::v3: business RPC V3 received frame stream_id=656 frame_type=Data payload_bytes=216
2026-09-26T01:47:47.019844Z DEBUG netbaiot_transports::business_rpc::v3: business RPC V3 selected frame stream_id=0 frame_type=WindowUpdate payload_bytes=4
2026-09-26T01:47:47.019878Z DEBUG netbaiot_transports::business_rpc::v3: business RPC V3 writer completed frame stream_id=0 frame_type=WindowUpdate payload_bytes=4
2026-09-26T01:47:47.019894Z DEBUG netbaiot_transports::business_rpc::v3: business RPC V3 selected frame stream_id=658 frame_type=Data payload_bytes=982
2026-09-26T01:47:47.019909Z DEBUG netbaiot_transports::business_rpc::v3: business RPC V3 writer completed frame stream_id=658 frame_type=Data payload_bytes=982
2026-09-26T01:47:47.058267Z DEBUG netbaiot_transports::business_rpc::v3: business RPC V3 received frame stream_id=0 frame_type=WindowUpdate payload_bytes=4
2026-09-26T01:47:47.058326Z DEBUG netbaiot_transports::business_rpc::v3: business RPC V3 received frame stream_id=658 frame_type=WindowUpdate payload_bytes=4
2026-09-26T01:47:47.058342Z DEBUG netbaiot_transports::business_rpc::v3: business RPC V3 received frame stream_id=0 frame_type=WindowUpdate payload_bytes=4
2026-09-26T01:47:47.058353Z DEBUG netbaiot_transports::business_rpc::v3: business RPC V3 received frame stream_id=0 frame_type=WindowUpdate payload_bytes=4
2026-09-26T01:47:47.058363Z DEBUG netbaiot_transports::business_rpc::v3: business RPC V3 received frame stream_id=0 frame_type=WindowUpdate payload_bytes=4
2026-09-26T01:47:47.058373Z DEBUG netbaiot_transports::business_rpc::v3: business RPC V3 received frame stream_id=0 frame_type=WindowUpdate payload_bytes=4
2026-09-26T01:47:47.058382Z DEBUG netbaiot_transports::business_rpc::v3: business RPC V3 received frame stream_id=0 frame_type=WindowUpdate payload_bytes=4
2026-09-26T01:47:47.058429Z DEBUG netbaiot_transports::business_rpc::v3: business RPC V3 received frame stream_id=0 frame_type=WindowUpdate payload_bytes=4
2026-09-26T01:47:47.058440Z DEBUG netbaiot_transports::business_rpc::v3: business RPC V3 received frame stream_id=0 frame_type=WindowUpdate payload_bytes=4
2026-09-26T01:47:47.058450Z DEBUG netbaiot_transports::business_rpc::v3: business RPC V3 received frame stream_id=0 frame_type=WindowUpdate payload_bytes=4
2026-09-26T01:47:47.058459Z DEBUG netbaiot_transports::business_rpc::v3: business RPC V3 received frame stream_id=0 frame_type=WindowUpdate payload_bytes=4
2026-09-26T01:47:47.058468Z DEBUG netbaiot_transports::business_rpc::v3: business RPC V3 received frame stream_id=0 frame_type=WindowUpdate payload_bytes=4
2026-09-26T01:47:47.058477Z DEBUG netbaiot_transports::business_rpc::v3: business RPC V3 received frame stream_id=660 frame_type=Response payload_bytes=35
2026-09-26T01:47:47.058491Z DEBUG netbaiot_transports::business_rpc::v3: business RPC V3 received frame stream_id=678 frame_type=Response payload_bytes=35
2026-09-26T01:47:47.058501Z DEBUG netbaiot_transports::business_rpc::v3: business RPC V3 received frame stream_id=660 frame_type=Data payload_bytes=216
2026-09-26T01:47:47.058534Z DEBUG netbaiot_transports::business_rpc::v3: business RPC V3 received frame stream_id=678 frame_type=Data payload_bytes=216
2026-09-26T01:47:47.058550Z DEBUG netbaiot_transports::business_rpc::v3: business RPC V3 selected frame stream_id=0 frame_type=WindowUpdate payload_bytes=4
2026-09-26T01:47:47.058554Z DEBUG netbaiot_transports::business_rpc::v3: business RPC V3 received frame stream_id=662 frame_type=Response payload_bytes=35
2026-09-26T01:47:47.058602Z DEBUG netbaiot_transports::business_rpc::v3: business RPC V3 writer completed frame stream_id=0 frame_type=WindowUpdate payload_bytes=4
2026-09-26T01:47:47.058622Z DEBUG netbaiot_transports::business_rpc::v3: business RPC V3 selected frame stream_id=0 frame_type=WindowUpdate payload_bytes=4
2026-09-26T01:47:47.058642Z DEBUG netbaiot_transports::business_rpc::v3: business RPC V3 writer completed frame stream_id=0 frame_type=WindowUpdate payload_bytes=4
2026-09-26T01:47:47.058604Z DEBUG netbaiot_transports::business_rpc::v3: business RPC V3 received frame stream_id=664 frame_type=Response payload_bytes=35
2026-09-26T01:47:47.058693Z DEBUG netbaiot_transports::business_rpc::v3: business RPC V3 received frame stream_id=672 frame_type=Response payload_bytes=35
2026-09-26T01:47:47.058710Z DEBUG netbaiot_transports::business_rpc::v3: business RPC V3 received frame stream_id=670 frame_type=Response payload_bytes=35
2026-09-26T01:47:47.058723Z DEBUG netbaiot_transports::business_rpc::v3: business RPC V3 received frame stream_id=662 frame_type=Data payload_bytes=216
2026-09-26T01:47:47.058753Z DEBUG netbaiot_transports::business_rpc::v3: business RPC V3 received frame stream_id=674 frame_type=Response payload_bytes=35
2026-09-26T01:47:47.058763Z DEBUG netbaiot_transports::business_rpc::v3: business RPC V3 selected frame stream_id=0 frame_type=WindowUpdate payload_bytes=4
2026-09-26T01:47:47.058767Z DEBUG netbaiot_transports::business_rpc::v3: business RPC V3 received frame stream_id=666 frame_type=Response payload_bytes=35
2026-09-26T01:47:47.058821Z DEBUG netbaiot_transports::business_rpc::v3: business RPC V3 received frame stream_id=668 frame_type=Response payload_bytes=35
2026-09-26T01:47:47.058840Z DEBUG netbaiot_transports::business_rpc::v3: business RPC V3 received frame stream_id=676 frame_type=Response payload_bytes=35
2026-09-26T01:47:47.058800Z DEBUG netbaiot_transports::business_rpc::v3: business RPC V3 writer completed frame stream_id=0 frame_type=WindowUpdate payload_bytes=4
2026-09-26T01:47:47.058856Z DEBUG netbaiot_transports::business_rpc::v3: business RPC V3 received frame stream_id=664 frame_type=Data payload_bytes=216
2026-09-26T01:47:47.058915Z DEBUG netbaiot_transports::business_rpc::v3: business RPC V3 selected frame stream_id=0 frame_type=WindowUpdate payload_bytes=4
2026-09-26T01:47:47.058924Z DEBUG netbaiot_transports::business_rpc::v3: business RPC V3 received frame stream_id=672 frame_type=Data payload_bytes=216
2026-09-26T01:47:47.058972Z DEBUG netbaiot_transports::business_rpc::v3: business RPC V3 writer completed frame stream_id=0 frame_type=WindowUpdate payload_bytes=4
2026-09-26T01:47:47.059007Z DEBUG netbaiot_transports::business_rpc::v3: business RPC V3 selected frame stream_id=0 frame_type=WindowUpdate payload_bytes=4
2026-09-26T01:47:47.059023Z DEBUG netbaiot_transports::business_rpc::v3: business RPC V3 writer completed frame stream_id=0 frame_type=WindowUpdate payload_bytes=4
2026-09-26T01:47:47.058999Z DEBUG netbaiot_transports::business_rpc::v3: business RPC V3 received frame stream_id=670 frame_type=Data payload_bytes=216
2026-09-26T01:47:47.059070Z DEBUG netbaiot_transports::business_rpc::v3: business RPC V3 selected frame stream_id=0 frame_type=WindowUpdate payload_bytes=4
2026-09-26T01:47:47.059092Z DEBUG netbaiot_transports::business_rpc::v3: business RPC V3 writer completed frame stream_id=0 frame_type=WindowUpdate payload_bytes=4
2026-09-26T01:47:47.059075Z DEBUG netbaiot_transports::business_rpc::v3: business RPC V3 received frame stream_id=674 frame_type=Data payload_bytes=216
2026-09-26T01:47:47.059145Z DEBUG netbaiot_transports::business_rpc::v3: business RPC V3 received frame stream_id=666 frame_type=Data payload_bytes=216
2026-09-26T01:47:47.059174Z DEBUG netbaiot_transports::business_rpc::v3: business RPC V3 received frame stream_id=668 frame_type=Data payload_bytes=216
2026-09-26T01:47:47.059195Z DEBUG netbaiot_transports::business_rpc::v3: business RPC V3 received frame stream_id=676 frame_type=Data payload_bytes=216
2026-09-26T01:47:47.059153Z DEBUG netbaiot_transports::business_rpc::v3: business RPC V3 selected frame stream_id=0 frame_type=WindowUpdate payload_bytes=4
2026-09-26T01:47:47.059230Z DEBUG netbaiot_transports::business_rpc::v3: business RPC V3 writer completed frame stream_id=0 frame_type=WindowUpdate payload_bytes=4
2026-09-26T01:47:47.059243Z DEBUG netbaiot_transports::business_rpc::v3: business RPC V3 selected frame stream_id=0 frame_type=WindowUpdate payload_bytes=4
2026-09-26T01:47:47.059260Z DEBUG netbaiot_transports::business_rpc::v3: business RPC V3 writer completed frame stream_id=0 frame_type=WindowUpdate payload_bytes=4
2026-09-26T01:47:47.059271Z DEBUG netbaiot_transports::business_rpc::v3: business RPC V3 selected frame stream_id=0 frame_type=WindowUpdate payload_bytes=4
2026-09-26T01:47:47.059288Z DEBUG netbaiot_transports::business_rpc::v3: business RPC V3 writer completed frame stream_id=0 frame_type=WindowUpdate payload_bytes=4
2026-09-26T01:47:47.059298Z DEBUG netbaiot_transports::business_rpc::v3: business RPC V3 selected frame stream_id=0 frame_type=WindowUpdate payload_bytes=4
2026-09-26T01:47:47.059311Z DEBUG netbaiot_transports::business_rpc::v3: business RPC V3 writer completed frame stream_id=0 frame_type=WindowUpdate payload_bytes=4
2026-09-26T01:47:47.135354Z DEBUG netbaiot_transports::business_rpc::v3: business RPC V3 received frame stream_id=0 frame_type=WindowUpdate payload_bytes=4
2026-09-26T01:47:47.135402Z DEBUG netbaiot_transports::business_rpc::v3: business RPC V3 received frame stream_id=658 frame_type=Response payload_bytes=35
2026-09-26T01:47:47.135418Z DEBUG netbaiot_transports::business_rpc::v3: business RPC V3 received frame stream_id=658 frame_type=Data payload_bytes=118
2026-09-26T01:47:47.135431Z DEBUG netbaiot_transports::business_rpc::v3: business RPC V3 Event delivery acknowledged stream_id=658 completion_us=271219
2026-09-26T01:47:47.135482Z DEBUG netbaiot_transports::business_rpc::v3: business RPC V3 selected frame stream_id=0 frame_type=WindowUpdate payload_bytes=4
2026-09-26T01:47:47.135525Z DEBUG netbaiot_transports::business_rpc::v3: business RPC V3 writer completed frame stream_id=0 frame_type=WindowUpdate payload_bytes=4
2026-09-26T01:47:47.135538Z DEBUG netbaiot_transports::business_rpc::v3: business RPC V3 body entered scheduler stream_id=680 class=Event body_bytes=17366
2026-09-26T01:47:47.135640Z DEBUG netbaiot_transports::business_rpc::v3: business RPC V3 selected frame stream_id=680 frame_type=Open payload_bytes=184
2026-09-26T01:47:47.135653Z DEBUG netbaiot_transports::business_rpc::v3: business RPC V3 writer completed frame stream_id=680 frame_type=Open payload_bytes=184
2026-09-26T01:47:47.135660Z DEBUG netbaiot_transports::business_rpc::v3: business RPC V3 selected frame stream_id=680 frame_type=Data payload_bytes=8192
2026-09-26T01:47:47.135700Z DEBUG netbaiot_transports::business_rpc::v3: business RPC V3 writer completed frame stream_id=680 frame_type=Data payload_bytes=8192
2026-09-26T01:47:47.135709Z DEBUG netbaiot_transports::business_rpc::v3: business RPC V3 selected frame stream_id=680 frame_type=Data payload_bytes=8192
2026-09-26T01:47:47.135721Z DEBUG netbaiot_transports::business_rpc::v3: business RPC V3 writer completed frame stream_id=680 frame_type=Data payload_bytes=8192
2026-09-26T01:47:47.313671Z DEBUG netbaiot_transports::business_rpc::v3: business RPC V3 received frame stream_id=0 frame_type=WindowUpdate payload_bytes=4
2026-09-26T01:47:47.313696Z DEBUG netbaiot_transports::business_rpc::v3: business RPC V3 received frame stream_id=680 frame_type=WindowUpdate payload_bytes=4
2026-09-26T01:47:47.313706Z DEBUG netbaiot_transports::business_rpc::v3: business RPC V3 selected frame stream_id=680 frame_type=Data payload_bytes=982
2026-09-26T01:47:47.313716Z DEBUG netbaiot_transports::business_rpc::v3: business RPC V3 writer completed frame stream_id=680 frame_type=Data payload_bytes=982
2026-09-26T01:47:47.340948Z DEBUG netbaiot_transports::business_rpc::v3: business RPC V3 received frame stream_id=0 frame_type=WindowUpdate payload_bytes=4
2026-09-26T01:47:47.340980Z DEBUG netbaiot_transports::business_rpc::v3: business RPC V3 received frame stream_id=680 frame_type=WindowUpdate payload_bytes=4
2026-09-26T01:47:47.427180Z DEBUG netbaiot_transports::business_rpc::v3: business RPC V3 received frame stream_id=0 frame_type=WindowUpdate payload_bytes=4
2026-09-26T01:47:47.427210Z DEBUG netbaiot_transports::business_rpc::v3: business RPC V3 received frame stream_id=680 frame_type=Response payload_bytes=35
2026-09-26T01:47:47.427220Z DEBUG netbaiot_transports::business_rpc::v3: business RPC V3 received frame stream_id=680 frame_type=Data payload_bytes=118
2026-09-26T01:47:47.427230Z DEBUG netbaiot_transports::business_rpc::v3: business RPC V3 Event delivery acknowledged stream_id=680 completion_us=291692
2026-09-26T01:47:47.427249Z DEBUG netbaiot_transports::business_rpc::v3: business RPC V3 selected frame stream_id=0 frame_type=WindowUpdate payload_bytes=4
2026-09-26T01:47:47.427266Z DEBUG netbaiot_transports::business_rpc::v3: business RPC V3 writer completed frame stream_id=0 frame_type=WindowUpdate payload_bytes=4
2026-09-26T01:47:47.427279Z DEBUG netbaiot_transports::business_rpc::v3: business RPC V3 body entered scheduler stream_id=682 class=Event body_bytes=17366
2026-09-26T01:47:47.427286Z DEBUG netbaiot_transports::business_rpc::v3: business RPC V3 selected frame stream_id=682 frame_type=Open payload_bytes=184
2026-09-26T01:47:47.427295Z DEBUG netbaiot_transports::business_rpc::v3: business RPC V3 writer completed frame stream_id=682 frame_type=Open payload_bytes=184
2026-09-26T01:47:47.427301Z DEBUG netbaiot_transports::business_rpc::v3: business RPC V3 selected frame stream_id=682 frame_type=Data payload_bytes=8192
2026-09-26T01:47:47.427308Z DEBUG netbaiot_transports::business_rpc::v3: business RPC V3 writer completed frame stream_id=682 frame_type=Data payload_bytes=8192
2026-09-26T01:47:47.427311Z DEBUG netbaiot_transports::business_rpc::v3: business RPC V3 selected frame stream_id=682 frame_type=Data payload_bytes=8192
2026-09-26T01:47:47.427327Z DEBUG netbaiot_transports::business_rpc::v3: business RPC V3 writer completed frame stream_id=682 frame_type=Data payload_bytes=8192
2026-09-26T01:47:47.598298Z DEBUG netbaiot_transports::business_rpc::v3: business RPC V3 body entered scheduler stream_id=684 class=Rpc body_bytes=198
2026-09-26T01:47:47.598326Z DEBUG netbaiot_transports::business_rpc::v3: business RPC V3 selected frame stream_id=684 frame_type=Open payload_bytes=158
2026-09-26T01:47:47.598371Z DEBUG netbaiot_transports::business_rpc::v3: business RPC V3 writer completed frame stream_id=684 frame_type=Open payload_bytes=158
2026-09-26T01:47:47.598377Z DEBUG netbaiot_transports::business_rpc::v3: business RPC V3 selected frame stream_id=684 frame_type=Data payload_bytes=198
2026-09-26T01:47:47.598383Z DEBUG netbaiot_transports::business_rpc::v3: business RPC V3 writer completed frame stream_id=684 frame_type=Data payload_bytes=198
2026-09-26T01:47:47.598492Z DEBUG netbaiot_transports::business_rpc::v3: business RPC V3 received frame stream_id=0 frame_type=WindowUpdate payload_bytes=4
2026-09-26T01:47:47.598500Z DEBUG netbaiot_transports::business_rpc::v3: business RPC V3 received frame stream_id=682 frame_type=WindowUpdate payload_bytes=4
2026-09-26T01:47:47.598506Z DEBUG netbaiot_transports::business_rpc::v3: business RPC V3 selected frame stream_id=682 frame_type=Data payload_bytes=982
2026-09-26T01:47:47.598514Z DEBUG netbaiot_transports::business_rpc::v3: business RPC V3 writer completed frame stream_id=682 frame_type=Data payload_bytes=982
2026-09-26T01:47:47.625867Z DEBUG netbaiot_transports::business_rpc::v3: business RPC V3 received frame stream_id=0 frame_type=WindowUpdate payload_bytes=4
2026-09-26T01:47:47.625894Z DEBUG netbaiot_transports::business_rpc::v3: business RPC V3 received frame stream_id=682 frame_type=WindowUpdate payload_bytes=4
2026-09-26T01:47:47.656155Z DEBUG netbaiot_transports::business_rpc::v3: business RPC V3 body entered scheduler stream_id=686 class=Rpc body_bytes=198
2026-09-26T01:47:47.656198Z DEBUG netbaiot_transports::business_rpc::v3: business RPC V3 selected frame stream_id=686 frame_type=Open payload_bytes=158
2026-09-26T01:47:47.656207Z DEBUG netbaiot_transports::business_rpc::v3: business RPC V3 writer completed frame stream_id=686 frame_type=Open payload_bytes=158
2026-09-26T01:47:47.656213Z DEBUG netbaiot_transports::business_rpc::v3: business RPC V3 selected frame stream_id=686 frame_type=Data payload_bytes=198
2026-09-26T01:47:47.656219Z DEBUG netbaiot_transports::business_rpc::v3: business RPC V3 writer completed frame stream_id=686 frame_type=Data payload_bytes=198
2026-09-26T01:47:47.666148Z DEBUG netbaiot_transports::business_rpc::v3: business RPC V3 body entered scheduler stream_id=688 class=Rpc body_bytes=198
2026-09-26T01:47:47.666156Z DEBUG netbaiot_transports::business_rpc::v3: business RPC V3 selected frame stream_id=688 frame_type=Open payload_bytes=158
2026-09-26T01:47:47.666164Z DEBUG netbaiot_transports::business_rpc::v3: business RPC V3 writer completed frame stream_id=688 frame_type=Open payload_bytes=158
2026-09-26T01:47:47.666169Z DEBUG netbaiot_transports::business_rpc::v3: business RPC V3 selected frame stream_id=688 frame_type=Data payload_bytes=198
2026-09-26T01:47:47.666177Z DEBUG netbaiot_transports::business_rpc::v3: business RPC V3 writer completed frame stream_id=688 frame_type=Data payload_bytes=198
2026-09-26T01:47:47.703387Z DEBUG netbaiot_transports::business_rpc::v3: business RPC V3 body entered scheduler stream_id=690 class=Rpc body_bytes=198
2026-09-26T01:47:47.703399Z DEBUG netbaiot_transports::business_rpc::v3: business RPC V3 selected frame stream_id=690 frame_type=Open payload_bytes=158
2026-09-26T01:47:47.703411Z DEBUG netbaiot_transports::business_rpc::v3: business RPC V3 writer completed frame stream_id=690 frame_type=Open payload_bytes=158
2026-09-26T01:47:47.703417Z DEBUG netbaiot_transports::business_rpc::v3: business RPC V3 selected frame stream_id=690 frame_type=Data payload_bytes=198
2026-09-26T01:47:47.703423Z DEBUG netbaiot_transports::business_rpc::v3: business RPC V3 writer completed frame stream_id=690 frame_type=Data payload_bytes=198
2026-09-26T01:47:47.712263Z DEBUG netbaiot_transports::business_rpc::v3: business RPC V3 received frame stream_id=0 frame_type=WindowUpdate payload_bytes=4
2026-09-26T01:47:47.712275Z DEBUG netbaiot_transports::business_rpc::v3: business RPC V3 received frame stream_id=0 frame_type=WindowUpdate payload_bytes=4
2026-09-26T01:47:47.712319Z DEBUG netbaiot_transports::business_rpc::v3: business RPC V3 received frame stream_id=684 frame_type=Response payload_bytes=35
2026-09-26T01:47:47.712331Z DEBUG netbaiot_transports::business_rpc::v3: business RPC V3 received frame stream_id=684 frame_type=Data payload_bytes=216
2026-09-26T01:47:47.712370Z DEBUG netbaiot_transports::business_rpc::v3: business RPC V3 received frame stream_id=682 frame_type=Response payload_bytes=35
2026-09-26T01:47:47.712377Z DEBUG netbaiot_transports::business_rpc::v3: business RPC V3 received frame stream_id=682 frame_type=Data payload_bytes=118
2026-09-26T01:47:47.712380Z DEBUG netbaiot_transports::business_rpc::v3: business RPC V3 selected frame stream_id=0 frame_type=WindowUpdate payload_bytes=4
2026-09-26T01:47:47.712384Z DEBUG netbaiot_transports::business_rpc::v3: business RPC V3 Event delivery acknowledged stream_id=682 completion_us=285108
2026-09-26T01:47:47.712413Z DEBUG netbaiot_transports::business_rpc::v3: business RPC V3 writer completed frame stream_id=0 frame_type=WindowUpdate payload_bytes=4
2026-09-26T01:47:47.712431Z DEBUG netbaiot_transports::business_rpc::v3: business RPC V3 selected frame stream_id=0 frame_type=WindowUpdate payload_bytes=4
2026-09-26T01:47:47.712440Z DEBUG netbaiot_transports::business_rpc::v3: business RPC V3 writer completed frame stream_id=0 frame_type=WindowUpdate payload_bytes=4
2026-09-26T01:47:47.712844Z DEBUG netbaiot_transports::business_rpc::v3: business RPC V3 body entered scheduler stream_id=692 class=Rpc body_bytes=198
2026-09-26T01:47:47.712861Z DEBUG netbaiot_transports::business_rpc::v3: business RPC V3 selected frame stream_id=692 frame_type=Open payload_bytes=158
2026-09-26T01:47:47.712875Z DEBUG netbaiot_transports::business_rpc::v3: business RPC V3 writer completed frame stream_id=692 frame_type=Open payload_bytes=158
2026-09-26T01:47:47.712883Z DEBUG netbaiot_transports::business_rpc::v3: business RPC V3 selected frame stream_id=692 frame_type=Data payload_bytes=198
2026-09-26T01:47:47.712890Z DEBUG netbaiot_transports::business_rpc::v3: business RPC V3 writer completed frame stream_id=692 frame_type=Data payload_bytes=198
2026-09-26T01:47:47.729204Z DEBUG netbaiot_transports::business_rpc::v3: business RPC V3 body entered scheduler stream_id=694 class=Rpc body_bytes=198
2026-09-26T01:47:47.729220Z DEBUG netbaiot_transports::business_rpc::v3: business RPC V3 selected frame stream_id=694 frame_type=Open payload_bytes=158
2026-09-26T01:47:47.729232Z DEBUG netbaiot_transports::business_rpc::v3: business RPC V3 writer completed frame stream_id=694 frame_type=Open payload_bytes=158
2026-09-26T01:47:47.729239Z DEBUG netbaiot_transports::business_rpc::v3: business RPC V3 selected frame stream_id=694 frame_type=Data payload_bytes=198
2026-09-26T01:47:47.729245Z DEBUG netbaiot_transports::business_rpc::v3: business RPC V3 writer completed frame stream_id=694 frame_type=Data payload_bytes=198
2026-09-26T01:47:47.736734Z DEBUG netbaiot_transports::business_rpc::v3: business RPC V3 body entered scheduler stream_id=696 class=Rpc body_bytes=198
2026-09-26T01:47:47.736747Z DEBUG netbaiot_transports::business_rpc::v3: business RPC V3 selected frame stream_id=696 frame_type=Open payload_bytes=158
2026-09-26T01:47:47.736759Z DEBUG netbaiot_transports::business_rpc::v3: business RPC V3 writer completed frame stream_id=696 frame_type=Open payload_bytes=158
2026-09-26T01:47:47.736765Z DEBUG netbaiot_transports::business_rpc::v3: business RPC V3 selected frame stream_id=696 frame_type=Data payload_bytes=198
2026-09-26T01:47:47.736772Z DEBUG netbaiot_transports::business_rpc::v3: business RPC V3 writer completed frame stream_id=696 frame_type=Data payload_bytes=198
2026-09-26T01:47:47.739155Z DEBUG netbaiot_transports::business_rpc::v3: business RPC V3 received frame stream_id=0 frame_type=WindowUpdate payload_bytes=4
2026-09-26T01:47:47.739165Z DEBUG netbaiot_transports::business_rpc::v3: business RPC V3 received frame stream_id=686 frame_type=Response payload_bytes=35
2026-09-26T01:47:47.739208Z DEBUG netbaiot_transports::business_rpc::v3: business RPC V3 received frame stream_id=686 frame_type=Data payload_bytes=216
2026-09-26T01:47:47.739236Z DEBUG netbaiot_transports::business_rpc::v3: business RPC V3 selected frame stream_id=0 frame_type=WindowUpdate payload_bytes=4
2026-09-26T01:47:47.739259Z DEBUG netbaiot_transports::business_rpc::v3: business RPC V3 writer completed frame stream_id=0 frame_type=WindowUpdate payload_bytes=4
2026-09-26T01:47:47.739726Z DEBUG netbaiot_transports::business_rpc::v3: business RPC V3 body entered scheduler stream_id=698 class=Rpc body_bytes=198
2026-09-26T01:47:47.739751Z DEBUG netbaiot_transports::business_rpc::v3: business RPC V3 selected frame stream_id=698 frame_type=Open payload_bytes=158
2026-09-26T01:47:47.739767Z DEBUG netbaiot_transports::business_rpc::v3: business RPC V3 writer completed frame stream_id=698 frame_type=Open payload_bytes=158
2026-09-26T01:47:47.739776Z DEBUG netbaiot_transports::business_rpc::v3: business RPC V3 selected frame stream_id=698 frame_type=Data payload_bytes=198
2026-09-26T01:47:47.739785Z DEBUG netbaiot_transports::business_rpc::v3: business RPC V3 writer completed frame stream_id=698 frame_type=Data payload_bytes=198
2026-09-26T01:47:47.764111Z DEBUG netbaiot_transports::business_rpc::v3: business RPC V3 body entered scheduler stream_id=700 class=Rpc body_bytes=198
2026-09-26T01:47:47.764132Z DEBUG netbaiot_transports::business_rpc::v3: business RPC V3 selected frame stream_id=700 frame_type=Open payload_bytes=158
2026-09-26T01:47:47.764149Z DEBUG netbaiot_transports::business_rpc::v3: business RPC V3 writer completed frame stream_id=700 frame_type=Open payload_bytes=158
2026-09-26T01:47:47.764160Z DEBUG netbaiot_transports::business_rpc::v3: business RPC V3 selected frame stream_id=700 frame_type=Data payload_bytes=198
2026-09-26T01:47:47.764173Z DEBUG netbaiot_transports::business_rpc::v3: business RPC V3 writer completed frame stream_id=700 frame_type=Data payload_bytes=198
2026-09-26T01:47:47.765759Z DEBUG netbaiot_transports::business_rpc::v3: business RPC V3 received frame stream_id=0 frame_type=WindowUpdate payload_bytes=4
2026-09-26T01:47:47.765774Z DEBUG netbaiot_transports::business_rpc::v3: business RPC V3 received frame stream_id=688 frame_type=Response payload_bytes=35
2026-09-26T01:47:47.765786Z DEBUG netbaiot_transports::business_rpc::v3: business RPC V3 received frame stream_id=688 frame_type=Data payload_bytes=216
2026-09-26T01:47:47.765828Z DEBUG netbaiot_transports::business_rpc::v3: business RPC V3 selected frame stream_id=0 frame_type=WindowUpdate payload_bytes=4
2026-09-26T01:47:47.765854Z DEBUG netbaiot_transports::business_rpc::v3: business RPC V3 writer completed frame stream_id=0 frame_type=WindowUpdate payload_bytes=4
2026-09-26T01:47:47.766350Z DEBUG netbaiot_transports::business_rpc::v3: business RPC V3 body entered scheduler stream_id=702 class=Rpc body_bytes=198
2026-09-26T01:47:47.766365Z DEBUG netbaiot_transports::business_rpc::v3: business RPC V3 selected frame stream_id=702 frame_type=Open payload_bytes=158
2026-09-26T01:47:47.766383Z DEBUG netbaiot_transports::business_rpc::v3: business RPC V3 writer completed frame stream_id=702 frame_type=Open payload_bytes=158
2026-09-26T01:47:47.766394Z DEBUG netbaiot_transports::business_rpc::v3: business RPC V3 selected frame stream_id=702 frame_type=Data payload_bytes=198
2026-09-26T01:47:47.766406Z DEBUG netbaiot_transports::business_rpc::v3: business RPC V3 writer completed frame stream_id=702 frame_type=Data payload_bytes=198
2026-09-26T01:47:47.794156Z DEBUG netbaiot_transports::business_rpc::v3: business RPC V3 received frame stream_id=0 frame_type=WindowUpdate payload_bytes=4
2026-09-26T01:47:47.794204Z DEBUG netbaiot_transports::business_rpc::v3: business RPC V3 received frame stream_id=690 frame_type=Response payload_bytes=35
2026-09-26T01:47:47.794219Z DEBUG netbaiot_transports::business_rpc::v3: business RPC V3 received frame stream_id=690 frame_type=Data payload_bytes=216
2026-09-26T01:47:47.794269Z DEBUG netbaiot_transports::business_rpc::v3: business RPC V3 selected frame stream_id=0 frame_type=WindowUpdate payload_bytes=4
2026-09-26T01:47:47.794337Z DEBUG netbaiot_transports::business_rpc::v3: business RPC V3 writer completed frame stream_id=0 frame_type=WindowUpdate payload_bytes=4
2026-09-26T01:47:47.794841Z DEBUG netbaiot_transports::business_rpc::v3: business RPC V3 body entered scheduler stream_id=704 class=Rpc body_bytes=198
2026-09-26T01:47:47.794855Z DEBUG netbaiot_transports::business_rpc::v3: business RPC V3 selected frame stream_id=704 frame_type=Open payload_bytes=158
2026-09-26T01:47:47.794868Z DEBUG netbaiot_transports::business_rpc::v3: business RPC V3 writer completed frame stream_id=704 frame_type=Open payload_bytes=158
2026-09-26T01:47:47.794875Z DEBUG netbaiot_transports::business_rpc::v3: business RPC V3 selected frame stream_id=704 frame_type=Data payload_bytes=198
2026-09-26T01:47:47.794883Z DEBUG netbaiot_transports::business_rpc::v3: business RPC V3 writer completed frame stream_id=704 frame_type=Data payload_bytes=198
2026-09-26T01:47:47.802657Z DEBUG netbaiot_transports::business_rpc::v3: business RPC V3 body entered scheduler stream_id=706 class=Rpc body_bytes=198
2026-09-26T01:47:47.802689Z DEBUG netbaiot_transports::business_rpc::v3: business RPC V3 selected frame stream_id=706 frame_type=Open payload_bytes=158
2026-09-26T01:47:47.802708Z DEBUG netbaiot_transports::business_rpc::v3: business RPC V3 writer completed frame stream_id=706 frame_type=Open payload_bytes=158
2026-09-26T01:47:47.802716Z DEBUG netbaiot_transports::business_rpc::v3: business RPC V3 selected frame stream_id=706 frame_type=Data payload_bytes=198
2026-09-26T01:47:47.802725Z DEBUG netbaiot_transports::business_rpc::v3: business RPC V3 writer completed frame stream_id=706 frame_type=Data payload_bytes=198
2026-09-26T01:47:47.824714Z DEBUG netbaiot_transports::business_rpc::v3: business RPC V3 received frame stream_id=0 frame_type=WindowUpdate payload_bytes=4
2026-09-26T01:47:47.824733Z DEBUG netbaiot_transports::business_rpc::v3: business RPC V3 received frame stream_id=0 frame_type=WindowUpdate payload_bytes=4
2026-09-26T01:47:47.824741Z DEBUG netbaiot_transports::business_rpc::v3: business RPC V3 received frame stream_id=0 frame_type=WindowUpdate payload_bytes=4
2026-09-26T01:47:47.824748Z DEBUG netbaiot_transports::business_rpc::v3: business RPC V3 received frame stream_id=696 frame_type=Response payload_bytes=35
2026-09-26T01:47:47.824759Z DEBUG netbaiot_transports::business_rpc::v3: business RPC V3 received frame stream_id=696 frame_type=Data payload_bytes=216
2026-09-26T01:47:47.824792Z DEBUG netbaiot_transports::business_rpc::v3: business RPC V3 received frame stream_id=692 frame_type=Response payload_bytes=35
2026-09-26T01:47:47.824801Z DEBUG netbaiot_transports::business_rpc::v3: business RPC V3 received frame stream_id=694 frame_type=Response payload_bytes=35
2026-09-26T01:47:47.824805Z DEBUG netbaiot_transports::business_rpc::v3: business RPC V3 selected frame stream_id=0 frame_type=WindowUpdate payload_bytes=4
2026-09-26T01:47:47.824810Z DEBUG netbaiot_transports::business_rpc::v3: business RPC V3 received frame stream_id=692 frame_type=Data payload_bytes=216
2026-09-26T01:47:47.824837Z DEBUG netbaiot_transports::business_rpc::v3: business RPC V3 writer completed frame stream_id=0 frame_type=WindowUpdate payload_bytes=4
2026-09-26T01:47:47.824862Z DEBUG netbaiot_transports::business_rpc::v3: business RPC V3 selected frame stream_id=0 frame_type=WindowUpdate payload_bytes=4
2026-09-26T01:47:47.824864Z DEBUG netbaiot_transports::business_rpc::v3: business RPC V3 received frame stream_id=694 frame_type=Data payload_bytes=216
2026-09-26T01:47:47.824875Z DEBUG netbaiot_transports::business_rpc::v3: business RPC V3 writer completed frame stream_id=0 frame_type=WindowUpdate payload_bytes=4
2026-09-26T01:47:47.824932Z DEBUG netbaiot_transports::business_rpc::v3: business RPC V3 selected frame stream_id=0 frame_type=WindowUpdate payload_bytes=4
2026-09-26T01:47:47.824944Z DEBUG netbaiot_transports::business_rpc::v3: business RPC V3 writer completed frame stream_id=0 frame_type=WindowUpdate payload_bytes=4
2026-09-26T01:47:47.825547Z DEBUG netbaiot_transports::business_rpc::v3: business RPC V3 body entered scheduler stream_id=708 class=Rpc body_bytes=198
2026-09-26T01:47:47.825574Z DEBUG netbaiot_transports::business_rpc::v3: business RPC V3 selected frame stream_id=708 frame_type=Open payload_bytes=158
2026-09-26T01:47:47.825597Z DEBUG netbaiot_transports::business_rpc::v3: business RPC V3 writer completed frame stream_id=708 frame_type=Open payload_bytes=158
2026-09-26T01:47:47.825608Z DEBUG netbaiot_transports::business_rpc::v3: business RPC V3 body entered scheduler stream_id=710 class=Rpc body_bytes=198
2026-09-26T01:47:47.825617Z DEBUG netbaiot_transports::business_rpc::v3: business RPC V3 selected frame stream_id=708 frame_type=Data payload_bytes=198
2026-09-26T01:47:47.825628Z DEBUG netbaiot_transports::business_rpc::v3: business RPC V3 writer completed frame stream_id=708 frame_type=Data payload_bytes=198
2026-09-26T01:47:47.825636Z DEBUG netbaiot_transports::business_rpc::v3: business RPC V3 selected frame stream_id=710 frame_type=Open payload_bytes=158
2026-09-26T01:47:47.825655Z DEBUG netbaiot_transports::business_rpc::v3: business RPC V3 writer completed frame stream_id=710 frame_type=Open payload_bytes=158
2026-09-26T01:47:47.825663Z DEBUG netbaiot_transports::business_rpc::v3: business RPC V3 body entered scheduler stream_id=712 class=Rpc body_bytes=198
2026-09-26T01:47:47.825669Z DEBUG netbaiot_transports::business_rpc::v3: business RPC V3 selected frame stream_id=712 frame_type=Open payload_bytes=158
2026-09-26T01:47:47.825678Z DEBUG netbaiot_transports::business_rpc::v3: business RPC V3 writer completed frame stream_id=712 frame_type=Open payload_bytes=158
2026-09-26T01:47:47.825685Z DEBUG netbaiot_transports::business_rpc::v3: business RPC V3 selected frame stream_id=710 frame_type=Data payload_bytes=198
2026-09-26T01:47:47.825701Z DEBUG netbaiot_transports::business_rpc::v3: business RPC V3 writer completed frame stream_id=710 frame_type=Data payload_bytes=198
2026-09-26T01:47:47.825709Z DEBUG netbaiot_transports::business_rpc::v3: business RPC V3 selected frame stream_id=712 frame_type=Data payload_bytes=198
2026-09-26T01:47:47.825718Z DEBUG netbaiot_transports::business_rpc::v3: business RPC V3 writer completed frame stream_id=712 frame_type=Data payload_bytes=198
2026-09-26T01:47:47.854943Z DEBUG netbaiot_transports::business_rpc::v3: business RPC V3 received frame stream_id=0 frame_type=WindowUpdate payload_bytes=4
2026-09-26T01:47:47.855053Z DEBUG netbaiot_transports::business_rpc::v3: business RPC V3 received frame stream_id=0 frame_type=WindowUpdate payload_bytes=4
2026-09-26T01:47:47.855083Z DEBUG netbaiot_transports::business_rpc::v3: business RPC V3 received frame stream_id=0 frame_type=WindowUpdate payload_bytes=4
2026-09-26T01:47:47.855096Z DEBUG netbaiot_transports::business_rpc::v3: business RPC V3 received frame stream_id=698 frame_type=Response payload_bytes=35
2026-09-26T01:47:47.855110Z DEBUG netbaiot_transports::business_rpc::v3: business RPC V3 received frame stream_id=698 frame_type=Data payload_bytes=216
2026-09-26T01:47:47.855161Z DEBUG netbaiot_transports::business_rpc::v3: business RPC V3 received frame stream_id=702 frame_type=Response payload_bytes=35
2026-09-26T01:47:47.855182Z DEBUG netbaiot_transports::business_rpc::v3: business RPC V3 received frame stream_id=700 frame_type=Response payload_bytes=35
2026-09-26T01:47:47.855181Z DEBUG netbaiot_transports::business_rpc::v3: business RPC V3 selected frame stream_id=0 frame_type=WindowUpdate payload_bytes=4
2026-09-26T01:47:47.855197Z DEBUG netbaiot_transports::business_rpc::v3: business RPC V3 received frame stream_id=702 frame_type=Data payload_bytes=216
2026-09-26T01:47:47.855257Z DEBUG netbaiot_transports::business_rpc::v3: business RPC V3 writer completed frame stream_id=0 frame_type=WindowUpdate payload_bytes=4
2026-09-26T01:47:47.855267Z DEBUG netbaiot_transports::business_rpc::v3: business RPC V3 received frame stream_id=700 frame_type=Data payload_bytes=216
2026-09-26T01:47:47.855297Z DEBUG netbaiot_transports::business_rpc::v3: business RPC V3 selected frame stream_id=0 frame_type=WindowUpdate payload_bytes=4
2026-09-26T01:47:47.855395Z DEBUG netbaiot_transports::business_rpc::v3: business RPC V3 writer completed frame stream_id=0 frame_type=WindowUpdate payload_bytes=4
2026-09-26T01:47:47.855407Z DEBUG netbaiot_transports::business_rpc::v3: business RPC V3 selected frame stream_id=0 frame_type=WindowUpdate payload_bytes=4
2026-09-26T01:47:47.855422Z DEBUG netbaiot_transports::business_rpc::v3: business RPC V3 writer completed frame stream_id=0 frame_type=WindowUpdate payload_bytes=4
2026-09-26T01:47:47.855435Z DEBUG netbaiot_transports::business_rpc::v3: business RPC V3 body entered scheduler stream_id=714 class=Event body_bytes=17366
2026-09-26T01:47:47.855445Z DEBUG netbaiot_transports::business_rpc::v3: business RPC V3 selected frame stream_id=714 frame_type=Open payload_bytes=184
2026-09-26T01:47:47.855460Z DEBUG netbaiot_transports::business_rpc::v3: business RPC V3 writer completed frame stream_id=714 frame_type=Open payload_bytes=184
2026-09-26T01:47:47.855471Z DEBUG netbaiot_transports::business_rpc::v3: business RPC V3 selected frame stream_id=714 frame_type=Data payload_bytes=8192
2026-09-26T01:47:47.855487Z DEBUG netbaiot_transports::business_rpc::v3: business RPC V3 writer completed frame stream_id=714 frame_type=Data payload_bytes=8192
2026-09-26T01:47:47.855497Z DEBUG netbaiot_transports::business_rpc::v3: business RPC V3 selected frame stream_id=714 frame_type=Data payload_bytes=8192
2026-09-26T01:47:47.855517Z DEBUG netbaiot_transports::business_rpc::v3: business RPC V3 writer completed frame stream_id=714 frame_type=Data payload_bytes=8192
2026-09-26T01:47:47.855992Z DEBUG netbaiot_transports::business_rpc::v3: business RPC V3 body entered scheduler stream_id=716 class=Rpc body_bytes=198
2026-09-26T01:47:47.856019Z DEBUG netbaiot_transports::business_rpc::v3: business RPC V3 selected frame stream_id=716 frame_type=Open payload_bytes=158
2026-09-26T01:47:47.856035Z DEBUG netbaiot_transports::business_rpc::v3: business RPC V3 writer completed frame stream_id=716 frame_type=Open payload_bytes=158
2026-09-26T01:47:47.856046Z DEBUG netbaiot_transports::business_rpc::v3: business RPC V3 body entered scheduler stream_id=718 class=Rpc body_bytes=198
2026-09-26T01:47:47.856052Z DEBUG netbaiot_transports::business_rpc::v3: business RPC V3 selected frame stream_id=718 frame_type=Open payload_bytes=158
2026-09-26T01:47:47.856062Z DEBUG netbaiot_transports::business_rpc::v3: business RPC V3 writer completed frame stream_id=718 frame_type=Open payload_bytes=158
2026-09-26T01:47:47.856071Z DEBUG netbaiot_transports::business_rpc::v3: business RPC V3 selected frame stream_id=716 frame_type=Data payload_bytes=198
2026-09-26T01:47:47.856082Z DEBUG netbaiot_transports::business_rpc::v3: business RPC V3 writer completed frame stream_id=716 frame_type=Data payload_bytes=198
2026-09-26T01:47:47.856091Z DEBUG netbaiot_transports::business_rpc::v3: business RPC V3 selected frame stream_id=718 frame_type=Data payload_bytes=198
2026-09-26T01:47:47.856101Z DEBUG netbaiot_transports::business_rpc::v3: business RPC V3 writer completed frame stream_id=718 frame_type=Data payload_bytes=198
2026-09-26T01:47:47.856108Z DEBUG netbaiot_transports::business_rpc::v3: business RPC V3 body entered scheduler stream_id=720 class=Rpc body_bytes=198
2026-09-26T01:47:47.856116Z DEBUG netbaiot_transports::business_rpc::v3: business RPC V3 selected frame stream_id=720 frame_type=Open payload_bytes=158
2026-09-26T01:47:47.856127Z DEBUG netbaiot_transports::business_rpc::v3: business RPC V3 writer completed frame stream_id=720 frame_type=Open payload_bytes=158
2026-09-26T01:47:47.856134Z DEBUG netbaiot_transports::business_rpc::v3: business RPC V3 selected frame stream_id=720 frame_type=Data payload_bytes=198
2026-09-26T01:47:47.856144Z DEBUG netbaiot_transports::business_rpc::v3: business RPC V3 writer completed frame stream_id=720 frame_type=Data payload_bytes=198
2026-09-26T01:47:47.881884Z DEBUG netbaiot_transports::business_rpc::v3: business RPC V3 received frame stream_id=0 frame_type=WindowUpdate payload_bytes=4
2026-09-26T01:47:47.881997Z DEBUG netbaiot_transports::business_rpc::v3: business RPC V3 received frame stream_id=704 frame_type=Response payload_bytes=35
2026-09-26T01:47:47.882037Z DEBUG netbaiot_transports::business_rpc::v3: business RPC V3 received frame stream_id=704 frame_type=Data payload_bytes=216
2026-09-26T01:47:47.882379Z DEBUG netbaiot_transports::business_rpc::v3: business RPC V3 selected frame stream_id=0 frame_type=WindowUpdate payload_bytes=4
2026-09-26T01:47:47.882461Z DEBUG netbaiot_transports::business_rpc::v3: business RPC V3 writer completed frame stream_id=0 frame_type=WindowUpdate payload_bytes=4
2026-09-26T01:47:47.883512Z DEBUG netbaiot_transports::business_rpc::v3: business RPC V3 body entered scheduler stream_id=722 class=Rpc body_bytes=198
2026-09-26T01:47:47.883585Z DEBUG netbaiot_transports::business_rpc::v3: business RPC V3 selected frame stream_id=722 frame_type=Open payload_bytes=158
2026-09-26T01:47:47.883665Z DEBUG netbaiot_transports::business_rpc::v3: business RPC V3 writer completed frame stream_id=722 frame_type=Open payload_bytes=158
2026-09-26T01:47:47.883697Z DEBUG netbaiot_transports::business_rpc::v3: business RPC V3 selected frame stream_id=722 frame_type=Data payload_bytes=198
2026-09-26T01:47:47.883797Z DEBUG netbaiot_transports::business_rpc::v3: business RPC V3 writer completed frame stream_id=722 frame_type=Data payload_bytes=198
2026-09-26T01:47:47.914248Z DEBUG netbaiot_transports::business_rpc::v3: business RPC V3 received frame stream_id=0 frame_type=WindowUpdate payload_bytes=4
2026-09-26T01:47:47.914388Z DEBUG netbaiot_transports::business_rpc::v3: business RPC V3 received frame stream_id=0 frame_type=WindowUpdate payload_bytes=4
2026-09-26T01:47:47.914422Z DEBUG netbaiot_transports::business_rpc::v3: business RPC V3 received frame stream_id=0 frame_type=WindowUpdate payload_bytes=4
2026-09-26T01:47:47.914442Z DEBUG netbaiot_transports::business_rpc::v3: business RPC V3 received frame stream_id=0 frame_type=WindowUpdate payload_bytes=4
2026-09-26T01:47:47.914458Z DEBUG netbaiot_transports::business_rpc::v3: business RPC V3 received frame stream_id=712 frame_type=Response payload_bytes=35
2026-09-26T01:47:47.914485Z DEBUG netbaiot_transports::business_rpc::v3: business RPC V3 received frame stream_id=708 frame_type=Response payload_bytes=35
2026-09-26T01:47:47.914506Z DEBUG netbaiot_transports::business_rpc::v3: business RPC V3 received frame stream_id=706 frame_type=Response payload_bytes=35
2026-09-26T01:47:47.914526Z DEBUG netbaiot_transports::business_rpc::v3: business RPC V3 received frame stream_id=710 frame_type=Response payload_bytes=35
2026-09-26T01:47:47.914548Z DEBUG netbaiot_transports::business_rpc::v3: business RPC V3 received frame stream_id=712 frame_type=Data payload_bytes=216
2026-09-26T01:47:47.914618Z DEBUG netbaiot_transports::business_rpc::v3: business RPC V3 received frame stream_id=708 frame_type=Data payload_bytes=216
2026-09-26T01:47:47.914645Z DEBUG netbaiot_transports::business_rpc::v3: business RPC V3 selected frame stream_id=0 frame_type=WindowUpdate payload_bytes=4
2026-09-26T01:47:47.914656Z DEBUG netbaiot_transports::business_rpc::v3: business RPC V3 received frame stream_id=706 frame_type=Data payload_bytes=216
2026-09-26T01:47:47.914730Z DEBUG netbaiot_transports::business_rpc::v3: business RPC V3 writer completed frame stream_id=0 frame_type=WindowUpdate payload_bytes=4
2026-09-26T01:47:47.914763Z DEBUG netbaiot_transports::business_rpc::v3: business RPC V3 selected frame stream_id=0 frame_type=WindowUpdate payload_bytes=4
2026-09-26T01:47:47.914750Z DEBUG netbaiot_transports::business_rpc::v3: business RPC V3 received frame stream_id=710 frame_type=Data payload_bytes=216
2026-09-26T01:47:47.914799Z DEBUG netbaiot_transports::business_rpc::v3: business RPC V3 writer completed frame stream_id=0 frame_type=WindowUpdate payload_bytes=4
2026-09-26T01:47:47.914873Z DEBUG netbaiot_transports::business_rpc::v3: business RPC V3 selected frame stream_id=0 frame_type=WindowUpdate payload_bytes=4
2026-09-26T01:47:47.914989Z DEBUG netbaiot_transports::business_rpc::v3: business RPC V3 writer completed frame stream_id=0 frame_type=WindowUpdate payload_bytes=4
2026-09-26T01:47:47.915014Z DEBUG netbaiot_transports::business_rpc::v3: business RPC V3 selected frame stream_id=0 frame_type=WindowUpdate payload_bytes=4
2026-09-26T01:47:47.915042Z DEBUG netbaiot_transports::business_rpc::v3: business RPC V3 writer completed frame stream_id=0 frame_type=WindowUpdate payload_bytes=4
2026-09-26T01:47:47.915958Z DEBUG netbaiot_transports::business_rpc::v3: business RPC V3 body entered scheduler stream_id=724 class=Rpc body_bytes=198
2026-09-26T01:47:47.916027Z DEBUG netbaiot_transports::business_rpc::v3: business RPC V3 selected frame stream_id=724 frame_type=Open payload_bytes=158
2026-09-26T01:47:47.916071Z DEBUG netbaiot_transports::business_rpc::v3: business RPC V3 writer completed frame stream_id=724 frame_type=Open payload_bytes=158
2026-09-26T01:47:47.916096Z DEBUG netbaiot_transports::business_rpc::v3: business RPC V3 body entered scheduler stream_id=726 class=Rpc body_bytes=198
2026-09-26T01:47:47.916113Z DEBUG netbaiot_transports::business_rpc::v3: business RPC V3 selected frame stream_id=726 frame_type=Open payload_bytes=158
2026-09-26T01:47:47.916136Z DEBUG netbaiot_transports::business_rpc::v3: business RPC V3 writer completed frame stream_id=726 frame_type=Open payload_bytes=158
2026-09-26T01:47:47.916156Z DEBUG netbaiot_transports::business_rpc::v3: business RPC V3 selected frame stream_id=724 frame_type=Data payload_bytes=198
2026-09-26T01:47:47.916178Z DEBUG netbaiot_transports::business_rpc::v3: business RPC V3 writer completed frame stream_id=724 frame_type=Data payload_bytes=198
2026-09-26T01:47:47.916196Z DEBUG netbaiot_transports::business_rpc::v3: business RPC V3 selected frame stream_id=726 frame_type=Data payload_bytes=198
2026-09-26T01:47:47.916226Z DEBUG netbaiot_transports::business_rpc::v3: business RPC V3 writer completed frame stream_id=726 frame_type=Data payload_bytes=198
2026-09-26T01:47:47.916245Z DEBUG netbaiot_transports::business_rpc::v3: business RPC V3 body entered scheduler stream_id=728 class=Rpc body_bytes=198
2026-09-26T01:47:47.916265Z DEBUG netbaiot_transports::business_rpc::v3: business RPC V3 selected frame stream_id=728 frame_type=Open payload_bytes=158
2026-09-26T01:47:47.916287Z DEBUG netbaiot_transports::business_rpc::v3: business RPC V3 writer completed frame stream_id=728 frame_type=Open payload_bytes=158
2026-09-26T01:47:47.916303Z DEBUG netbaiot_transports::business_rpc::v3: business RPC V3 selected frame stream_id=728 frame_type=Data payload_bytes=198
2026-09-26T01:47:47.916324Z DEBUG netbaiot_transports::business_rpc::v3: business RPC V3 writer completed frame stream_id=728 frame_type=Data payload_bytes=198
2026-09-26T01:47:47.916341Z DEBUG netbaiot_transports::business_rpc::v3: business RPC V3 body entered scheduler stream_id=730 class=Rpc body_bytes=198
2026-09-26T01:47:47.916357Z DEBUG netbaiot_transports::business_rpc::v3: business RPC V3 selected frame stream_id=730 frame_type=Open payload_bytes=158
2026-09-26T01:47:47.916378Z DEBUG netbaiot_transports::business_rpc::v3: business RPC V3 writer completed frame stream_id=730 frame_type=Open payload_bytes=158
2026-09-26T01:47:47.916394Z DEBUG netbaiot_transports::business_rpc::v3: business RPC V3 selected frame stream_id=730 frame_type=Data payload_bytes=198
2026-09-26T01:47:47.916417Z DEBUG netbaiot_transports::business_rpc::v3: business RPC V3 writer completed frame stream_id=730 frame_type=Data payload_bytes=198
2026-09-26T01:47:47.958095Z DEBUG netbaiot_transports::business_rpc::v3: business RPC V3 body entered scheduler stream_id=732 class=Rpc body_bytes=198
2026-09-26T01:47:47.958189Z DEBUG netbaiot_transports::business_rpc::v3: business RPC V3 selected frame stream_id=732 frame_type=Open payload_bytes=158
2026-09-26T01:47:47.958239Z DEBUG netbaiot_transports::business_rpc::v3: business RPC V3 writer completed frame stream_id=732 frame_type=Open payload_bytes=158
2026-09-26T01:47:47.958342Z DEBUG netbaiot_transports::business_rpc::v3: business RPC V3 selected frame stream_id=732 frame_type=Data payload_bytes=198
2026-09-26T01:47:47.958376Z DEBUG netbaiot_transports::business_rpc::v3: business RPC V3 writer completed frame stream_id=732 frame_type=Data payload_bytes=198
2026-09-26T01:47:48.005918Z DEBUG netbaiot_transports::business_rpc::v3: business RPC V3 received frame stream_id=0 frame_type=WindowUpdate payload_bytes=4
2026-09-26T01:47:48.006013Z DEBUG netbaiot_transports::business_rpc::v3: business RPC V3 received frame stream_id=714 frame_type=WindowUpdate payload_bytes=4
2026-09-26T01:47:48.006047Z DEBUG netbaiot_transports::business_rpc::v3: business RPC V3 selected frame stream_id=714 frame_type=Data payload_bytes=982
2026-09-26T01:47:48.006089Z DEBUG netbaiot_transports::business_rpc::v3: business RPC V3 writer completed frame stream_id=714 frame_type=Data payload_bytes=982
2026-09-26T01:47:48.022463Z DEBUG netbaiot_transports::business_rpc::v3: business RPC V3 body entered scheduler stream_id=734 class=Rpc body_bytes=198
2026-09-26T01:47:48.022490Z DEBUG netbaiot_transports::business_rpc::v3: business RPC V3 selected frame stream_id=734 frame_type=Open payload_bytes=158
2026-09-26T01:47:48.022510Z DEBUG netbaiot_transports::business_rpc::v3: business RPC V3 writer completed frame stream_id=734 frame_type=Open payload_bytes=158
2026-09-26T01:47:48.022520Z DEBUG netbaiot_transports::business_rpc::v3: business RPC V3 selected frame stream_id=734 frame_type=Data payload_bytes=198
2026-09-26T01:47:48.022530Z DEBUG netbaiot_transports::business_rpc::v3: business RPC V3 writer completed frame stream_id=734 frame_type=Data payload_bytes=198
2026-09-26T01:47:48.042431Z DEBUG netbaiot_transports::business_rpc::v3: business RPC V3 received frame stream_id=0 frame_type=WindowUpdate payload_bytes=4
2026-09-26T01:47:48.042463Z DEBUG netbaiot_transports::business_rpc::v3: business RPC V3 received frame stream_id=714 frame_type=WindowUpdate payload_bytes=4
2026-09-26T01:47:48.042469Z DEBUG netbaiot_transports::business_rpc::v3: business RPC V3 received frame stream_id=0 frame_type=WindowUpdate payload_bytes=4
2026-09-26T01:47:48.042475Z DEBUG netbaiot_transports::business_rpc::v3: business RPC V3 received frame stream_id=0 frame_type=WindowUpdate payload_bytes=4
2026-09-26T01:47:48.042479Z DEBUG netbaiot_transports::business_rpc::v3: business RPC V3 received frame stream_id=0 frame_type=WindowUpdate payload_bytes=4
2026-09-26T01:47:48.042484Z DEBUG netbaiot_transports::business_rpc::v3: business RPC V3 received frame stream_id=0 frame_type=WindowUpdate payload_bytes=4
2026-09-26T01:47:48.042488Z DEBUG netbaiot_transports::business_rpc::v3: business RPC V3 received frame stream_id=0 frame_type=WindowUpdate payload_bytes=4
2026-09-26T01:47:48.042492Z DEBUG netbaiot_transports::business_rpc::v3: business RPC V3 received frame stream_id=0 frame_type=WindowUpdate payload_bytes=4
2026-09-26T01:47:48.042496Z DEBUG netbaiot_transports::business_rpc::v3: business RPC V3 received frame stream_id=0 frame_type=WindowUpdate payload_bytes=4
2026-09-26T01:47:48.042500Z DEBUG netbaiot_transports::business_rpc::v3: business RPC V3 received frame stream_id=0 frame_type=WindowUpdate payload_bytes=4
2026-09-26T01:47:48.042504Z DEBUG netbaiot_transports::business_rpc::v3: business RPC V3 received frame stream_id=722 frame_type=Response payload_bytes=35
2026-09-26T01:47:48.042512Z DEBUG netbaiot_transports::business_rpc::v3: business RPC V3 received frame stream_id=716 frame_type=Response payload_bytes=35
2026-09-26T01:47:48.042517Z DEBUG netbaiot_transports::business_rpc::v3: business RPC V3 received frame stream_id=722 frame_type=Data payload_bytes=216
2026-09-26T01:47:48.042540Z DEBUG netbaiot_transports::business_rpc::v3: business RPC V3 received frame stream_id=718 frame_type=Response payload_bytes=35
2026-09-26T01:47:48.042547Z DEBUG netbaiot_transports::business_rpc::v3: business RPC V3 received frame stream_id=720 frame_type=Response payload_bytes=35
2026-09-26T01:47:48.042584Z DEBUG netbaiot_transports::business_rpc::v3: business RPC V3 received frame stream_id=726 frame_type=Response payload_bytes=35
2026-09-26T01:47:48.042563Z DEBUG netbaiot_transports::business_rpc::v3: business RPC V3 selected frame stream_id=0 frame_type=WindowUpdate payload_bytes=4
2026-09-26T01:47:48.042590Z DEBUG netbaiot_transports::business_rpc::v3: business RPC V3 received frame stream_id=730 frame_type=Response payload_bytes=35
2026-09-26T01:47:48.042618Z DEBUG netbaiot_transports::business_rpc::v3: business RPC V3 writer completed frame stream_id=0 frame_type=WindowUpdate payload_bytes=4
2026-09-26T01:47:48.042620Z DEBUG netbaiot_transports::business_rpc::v3: business RPC V3 received frame stream_id=716 frame_type=Data payload_bytes=216
2026-09-26T01:47:48.042703Z DEBUG netbaiot_transports::business_rpc::v3: business RPC V3 received frame stream_id=728 frame_type=Response payload_bytes=35
2026-09-26T01:47:48.042714Z DEBUG netbaiot_transports::business_rpc::v3: business RPC V3 received frame stream_id=724 frame_type=Response payload_bytes=35
2026-09-26T01:47:48.042721Z DEBUG netbaiot_transports::business_rpc::v3: business RPC V3 received frame stream_id=718 frame_type=Data payload_bytes=216
2026-09-26T01:47:48.042721Z DEBUG netbaiot_transports::business_rpc::v3: business RPC V3 selected frame stream_id=0 frame_type=WindowUpdate payload_bytes=4
2026-09-26T01:47:48.042742Z DEBUG netbaiot_transports::business_rpc::v3: business RPC V3 received frame stream_id=720 frame_type=Data payload_bytes=216
2026-09-26T01:47:48.042770Z DEBUG netbaiot_transports::business_rpc::v3: business RPC V3 received frame stream_id=726 frame_type=Data payload_bytes=216
2026-09-26T01:47:48.042773Z DEBUG netbaiot_transports::business_rpc::v3: business RPC V3 writer completed frame stream_id=0 frame_type=WindowUpdate payload_bytes=4
2026-09-26T01:47:48.042786Z DEBUG netbaiot_transports::business_rpc::v3: business RPC V3 selected frame stream_id=0 frame_type=WindowUpdate payload_bytes=4
2026-09-26T01:47:48.042793Z DEBUG netbaiot_transports::business_rpc::v3: business RPC V3 writer completed frame stream_id=0 frame_type=WindowUpdate payload_bytes=4
2026-09-26T01:47:48.042800Z DEBUG netbaiot_transports::business_rpc::v3: business RPC V3 selected frame stream_id=0 frame_type=WindowUpdate payload_bytes=4
2026-09-26T01:47:48.042837Z DEBUG netbaiot_transports::business_rpc::v3: business RPC V3 writer completed frame stream_id=0 frame_type=WindowUpdate payload_bytes=4
2026-09-26T01:47:48.042853Z DEBUG netbaiot_transports::business_rpc::v3: business RPC V3 selected frame stream_id=0 frame_type=WindowUpdate payload_bytes=4
2026-09-26T01:47:48.042863Z DEBUG netbaiot_transports::business_rpc::v3: business RPC V3 writer completed frame stream_id=0 frame_type=WindowUpdate payload_bytes=4
2026-09-26T01:47:48.042780Z DEBUG netbaiot_transports::business_rpc::v3: business RPC V3 received frame stream_id=730 frame_type=Data payload_bytes=216
2026-09-26T01:47:48.042937Z DEBUG netbaiot_transports::business_rpc::v3: business RPC V3 received frame stream_id=728 frame_type=Data payload_bytes=216
2026-09-26T01:47:48.042938Z DEBUG netbaiot_transports::business_rpc::v3: business RPC V3 selected frame stream_id=0 frame_type=WindowUpdate payload_bytes=4
2026-09-26T01:47:48.043002Z DEBUG netbaiot_transports::business_rpc::v3: business RPC V3 writer completed frame stream_id=0 frame_type=WindowUpdate payload_bytes=4
2026-09-26T01:47:48.043016Z DEBUG netbaiot_transports::business_rpc::v3: business RPC V3 selected frame stream_id=0 frame_type=WindowUpdate payload_bytes=4
2026-09-26T01:47:48.042977Z DEBUG netbaiot_transports::business_rpc::v3: business RPC V3 received frame stream_id=724 frame_type=Data payload_bytes=216
2026-09-26T01:47:48.043028Z DEBUG netbaiot_transports::business_rpc::v3: business RPC V3 writer completed frame stream_id=0 frame_type=WindowUpdate payload_bytes=4
2026-09-26T01:47:48.043053Z DEBUG netbaiot_transports::business_rpc::v3: business RPC V3 selected frame stream_id=0 frame_type=WindowUpdate payload_bytes=4
2026-09-26T01:47:48.043089Z DEBUG netbaiot_transports::business_rpc::v3: business RPC V3 writer completed frame stream_id=0 frame_type=WindowUpdate payload_bytes=4
2026-09-26T01:47:48.043267Z DEBUG netbaiot_transports::business_rpc::v3: business RPC V3 body entered scheduler stream_id=736 class=Rpc body_bytes=198
2026-09-26T01:47:48.043282Z DEBUG netbaiot_transports::business_rpc::v3: business RPC V3 selected frame stream_id=736 frame_type=Open payload_bytes=158
2026-09-26T01:47:48.043292Z DEBUG netbaiot_transports::business_rpc::v3: business RPC V3 writer completed frame stream_id=736 frame_type=Open payload_bytes=158
2026-09-26T01:47:48.043298Z DEBUG netbaiot_transports::business_rpc::v3: business RPC V3 selected frame stream_id=736 frame_type=Data payload_bytes=198
2026-09-26T01:47:48.043304Z DEBUG netbaiot_transports::business_rpc::v3: business RPC V3 writer completed frame stream_id=736 frame_type=Data payload_bytes=198
2026-09-26T01:47:48.043315Z DEBUG netbaiot_transports::business_rpc::v3: business RPC V3 body entered scheduler stream_id=738 class=Rpc body_bytes=198
2026-09-26T01:47:48.043323Z DEBUG netbaiot_transports::business_rpc::v3: business RPC V3 selected frame stream_id=738 frame_type=Open payload_bytes=158
2026-09-26T01:47:48.043330Z DEBUG netbaiot_transports::business_rpc::v3: business RPC V3 writer completed frame stream_id=738 frame_type=Open payload_bytes=158
2026-09-26T01:47:48.043334Z DEBUG netbaiot_transports::business_rpc::v3: business RPC V3 selected frame stream_id=738 frame_type=Data payload_bytes=198
2026-09-26T01:47:48.043340Z DEBUG netbaiot_transports::business_rpc::v3: business RPC V3 writer completed frame stream_id=738 frame_type=Data payload_bytes=198
2026-09-26T01:47:48.043393Z DEBUG netbaiot_transports::business_rpc::v3: business RPC V3 body entered scheduler stream_id=740 class=Rpc body_bytes=198
2026-09-26T01:47:48.043424Z DEBUG netbaiot_transports::business_rpc::v3: business RPC V3 selected frame stream_id=740 frame_type=Open payload_bytes=158
2026-09-26T01:47:48.043435Z DEBUG netbaiot_transports::business_rpc::v3: business RPC V3 writer completed frame stream_id=740 frame_type=Open payload_bytes=158
2026-09-26T01:47:48.043440Z DEBUG netbaiot_transports::business_rpc::v3: business RPC V3 body entered scheduler stream_id=742 class=Rpc body_bytes=198
2026-09-26T01:47:48.043444Z DEBUG netbaiot_transports::business_rpc::v3: business RPC V3 selected frame stream_id=742 frame_type=Open payload_bytes=158
2026-09-26T01:47:48.043449Z DEBUG netbaiot_transports::business_rpc::v3: business RPC V3 writer completed frame stream_id=742 frame_type=Open payload_bytes=158
2026-09-26T01:47:48.043454Z DEBUG netbaiot_transports::business_rpc::v3: business RPC V3 selected frame stream_id=740 frame_type=Data payload_bytes=198
2026-09-26T01:47:48.043459Z DEBUG netbaiot_transports::business_rpc::v3: business RPC V3 writer completed frame stream_id=740 frame_type=Data payload_bytes=198
2026-09-26T01:47:48.043464Z DEBUG netbaiot_transports::business_rpc::v3: business RPC V3 body entered scheduler stream_id=744 class=Rpc body_bytes=198
2026-09-26T01:47:48.043467Z DEBUG netbaiot_transports::business_rpc::v3: business RPC V3 selected frame stream_id=744 frame_type=Open payload_bytes=158
2026-09-26T01:47:48.043473Z DEBUG netbaiot_transports::business_rpc::v3: business RPC V3 writer completed frame stream_id=744 frame_type=Open payload_bytes=158
2026-09-26T01:47:48.043477Z DEBUG netbaiot_transports::business_rpc::v3: business RPC V3 selected frame stream_id=742 frame_type=Data payload_bytes=198
2026-09-26T01:47:48.043482Z DEBUG netbaiot_transports::business_rpc::v3: business RPC V3 writer completed frame stream_id=742 frame_type=Data payload_bytes=198
2026-09-26T01:47:48.043486Z DEBUG netbaiot_transports::business_rpc::v3: business RPC V3 selected frame stream_id=744 frame_type=Data payload_bytes=198
2026-09-26T01:47:48.043491Z DEBUG netbaiot_transports::business_rpc::v3: business RPC V3 writer completed frame stream_id=744 frame_type=Data payload_bytes=198
2026-09-26T01:47:48.070730Z DEBUG netbaiot_transports::business_rpc::v3: business RPC V3 received frame stream_id=0 frame_type=WindowUpdate payload_bytes=4
2026-09-26T01:47:48.070783Z DEBUG netbaiot_transports::business_rpc::v3: business RPC V3 received frame stream_id=732 frame_type=Response payload_bytes=35
2026-09-26T01:47:48.070792Z DEBUG netbaiot_transports::business_rpc::v3: business RPC V3 received frame stream_id=732 frame_type=Data payload_bytes=216
2026-09-26T01:47:48.070823Z DEBUG netbaiot_transports::business_rpc::v3: business RPC V3 selected frame stream_id=0 frame_type=WindowUpdate payload_bytes=4
2026-09-26T01:47:48.070841Z DEBUG netbaiot_transports::business_rpc::v3: business RPC V3 writer completed frame stream_id=0 frame_type=WindowUpdate payload_bytes=4
2026-09-26T01:47:48.098627Z DEBUG netbaiot_transports::business_rpc::v3: business RPC V3 received frame stream_id=0 frame_type=WindowUpdate payload_bytes=4
2026-09-26T01:47:48.098655Z DEBUG netbaiot_transports::business_rpc::v3: business RPC V3 received frame stream_id=714 frame_type=Response payload_bytes=35
2026-09-26T01:47:48.098662Z DEBUG netbaiot_transports::business_rpc::v3: business RPC V3 received frame stream_id=714 frame_type=Data payload_bytes=118
2026-09-26T01:47:48.098669Z DEBUG netbaiot_transports::business_rpc::v3: business RPC V3 Event delivery acknowledged stream_id=714 completion_us=243235
2026-09-26T01:47:48.098686Z DEBUG netbaiot_transports::business_rpc::v3: business RPC V3 selected frame stream_id=0 frame_type=WindowUpdate payload_bytes=4
2026-09-26T01:47:48.098700Z DEBUG netbaiot_transports::business_rpc::v3: business RPC V3 writer completed frame stream_id=0 frame_type=WindowUpdate payload_bytes=4
2026-09-26T01:47:48.132643Z DEBUG netbaiot_transports::business_rpc::v3: business RPC V3 received frame stream_id=0 frame_type=WindowUpdate payload_bytes=4
2026-09-26T01:47:48.132671Z DEBUG netbaiot_transports::business_rpc::v3: business RPC V3 received frame stream_id=0 frame_type=WindowUpdate payload_bytes=4
2026-09-26T01:47:48.132676Z DEBUG netbaiot_transports::business_rpc::v3: business RPC V3 received frame stream_id=0 frame_type=WindowUpdate payload_bytes=4
2026-09-26T01:47:48.132679Z DEBUG netbaiot_transports::business_rpc::v3: business RPC V3 received frame stream_id=0 frame_type=WindowUpdate payload_bytes=4
2026-09-26T01:47:48.132682Z DEBUG netbaiot_transports::business_rpc::v3: business RPC V3 received frame stream_id=0 frame_type=WindowUpdate payload_bytes=4
2026-09-26T01:47:48.132684Z DEBUG netbaiot_transports::business_rpc::v3: business RPC V3 received frame stream_id=0 frame_type=WindowUpdate payload_bytes=4
2026-09-26T01:47:48.132686Z DEBUG netbaiot_transports::business_rpc::v3: business RPC V3 received frame stream_id=744 frame_type=Response payload_bytes=35
2026-09-26T01:47:48.132692Z DEBUG netbaiot_transports::business_rpc::v3: business RPC V3 received frame stream_id=734 frame_type=Response payload_bytes=35
2026-09-26T01:47:48.132695Z DEBUG netbaiot_transports::business_rpc::v3: business RPC V3 received frame stream_id=740 frame_type=Response payload_bytes=35
2026-09-26T01:47:48.132697Z DEBUG netbaiot_transports::business_rpc::v3: business RPC V3 received frame stream_id=744 frame_type=Data payload_bytes=216
2026-09-26T01:47:48.132716Z DEBUG netbaiot_transports::business_rpc::v3: business RPC V3 received frame stream_id=736 frame_type=Response payload_bytes=35
2026-09-26T01:47:48.132721Z DEBUG netbaiot_transports::business_rpc::v3: business RPC V3 received frame stream_id=738 frame_type=Response payload_bytes=35
2026-09-26T01:47:48.132725Z DEBUG netbaiot_transports::business_rpc::v3: business RPC V3 received frame stream_id=742 frame_type=Response payload_bytes=35
2026-09-26T01:47:48.132730Z DEBUG netbaiot_transports::business_rpc::v3: business RPC V3 received frame stream_id=734 frame_type=Data payload_bytes=216
2026-09-26T01:47:48.132723Z DEBUG netbaiot_transports::business_rpc::v3: business RPC V3 selected frame stream_id=0 frame_type=WindowUpdate payload_bytes=4
2026-09-26T01:47:48.132751Z DEBUG netbaiot_transports::business_rpc::v3: business RPC V3 writer completed frame stream_id=0 frame_type=WindowUpdate payload_bytes=4
2026-09-26T01:47:48.132776Z DEBUG netbaiot_transports::business_rpc::v3: business RPC V3 selected frame stream_id=0 frame_type=WindowUpdate payload_bytes=4
2026-09-26T01:47:48.132782Z DEBUG netbaiot_transports::business_rpc::v3: business RPC V3 writer completed frame stream_id=0 frame_type=WindowUpdate payload_bytes=4
2026-09-26T01:47:48.132739Z DEBUG netbaiot_transports::business_rpc::v3: business RPC V3 received frame stream_id=740 frame_type=Data payload_bytes=216
2026-09-26T01:47:48.132803Z DEBUG netbaiot_transports::business_rpc::v3: business RPC V3 received frame stream_id=736 frame_type=Data payload_bytes=216
2026-09-26T01:47:48.132810Z DEBUG netbaiot_transports::business_rpc::v3: business RPC V3 received frame stream_id=738 frame_type=Data payload_bytes=216
2026-09-26T01:47:48.132816Z DEBUG netbaiot_transports::business_rpc::v3: business RPC V3 received frame stream_id=742 frame_type=Data payload_bytes=216
2026-09-26T01:47:48.132818Z DEBUG netbaiot_transports::business_rpc::v3: business RPC V3 selected frame stream_id=0 frame_type=WindowUpdate payload_bytes=4
2026-09-26T01:47:48.132834Z DEBUG netbaiot_transports::business_rpc::v3: business RPC V3 writer completed frame stream_id=0 frame_type=WindowUpdate payload_bytes=4
2026-09-26T01:47:48.132839Z DEBUG netbaiot_transports::business_rpc::v3: business RPC V3 selected frame stream_id=0 frame_type=WindowUpdate payload_bytes=4
2026-09-26T01:47:48.132845Z DEBUG netbaiot_transports::business_rpc::v3: business RPC V3 writer completed frame stream_id=0 frame_type=WindowUpdate payload_bytes=4
2026-09-26T01:47:48.132848Z DEBUG netbaiot_transports::business_rpc::v3: business RPC V3 selected frame stream_id=0 frame_type=WindowUpdate payload_bytes=4
2026-09-26T01:47:48.132852Z DEBUG netbaiot_transports::business_rpc::v3: business RPC V3 writer completed frame stream_id=0 frame_type=WindowUpdate payload_bytes=4
2026-09-26T01:47:48.132855Z DEBUG netbaiot_transports::business_rpc::v3: business RPC V3 selected frame stream_id=0 frame_type=WindowUpdate payload_bytes=4
2026-09-26T01:47:48.132860Z DEBUG netbaiot_transports::business_rpc::v3: business RPC V3 writer completed frame stream_id=0 frame_type=WindowUpdate payload_bytes=4
2026-09-26T01:47:48.353789Z DEBUG netbaiot_transports::business_rpc::v3: business RPC V3 body entered scheduler stream_id=746 class=Event body_bytes=17366
2026-09-26T01:47:48.353865Z DEBUG netbaiot_transports::business_rpc::v3: business RPC V3 selected frame stream_id=746 frame_type=Open payload_bytes=184
2026-09-26T01:47:48.353897Z DEBUG netbaiot_transports::business_rpc::v3: business RPC V3 writer completed frame stream_id=746 frame_type=Open payload_bytes=184
2026-09-26T01:47:48.353912Z DEBUG netbaiot_transports::business_rpc::v3: business RPC V3 selected frame stream_id=746 frame_type=Data payload_bytes=8192
2026-09-26T01:47:48.353927Z DEBUG netbaiot_transports::business_rpc::v3: business RPC V3 writer completed frame stream_id=746 frame_type=Data payload_bytes=8192
2026-09-26T01:47:48.353935Z DEBUG netbaiot_transports::business_rpc::v3: business RPC V3 selected frame stream_id=746 frame_type=Data payload_bytes=8192
2026-09-26T01:47:48.353955Z DEBUG netbaiot_transports::business_rpc::v3: business RPC V3 writer completed frame stream_id=746 frame_type=Data payload_bytes=8192
2026-09-26T01:47:48.472902Z DEBUG netbaiot_transports::business_rpc::v3: business RPC V3 received frame stream_id=0 frame_type=WindowUpdate payload_bytes=4
2026-09-26T01:47:48.473010Z DEBUG netbaiot_transports::business_rpc::v3: business RPC V3 received frame stream_id=746 frame_type=WindowUpdate payload_bytes=4
2026-09-26T01:47:48.473055Z DEBUG netbaiot_transports::business_rpc::v3: business RPC V3 selected frame stream_id=746 frame_type=Data payload_bytes=982
2026-09-26T01:47:48.473088Z DEBUG netbaiot_transports::business_rpc::v3: business RPC V3 writer completed frame stream_id=746 frame_type=Data payload_bytes=982
2026-09-26T01:47:48.499698Z DEBUG netbaiot_transports::business_rpc::v3: business RPC V3 received frame stream_id=0 frame_type=WindowUpdate payload_bytes=4
2026-09-26T01:47:48.499852Z DEBUG netbaiot_transports::business_rpc::v3: business RPC V3 received frame stream_id=746 frame_type=WindowUpdate payload_bytes=4
2026-09-26T01:47:48.557591Z DEBUG netbaiot_transports::business_rpc::v3: business RPC V3 received frame stream_id=0 frame_type=WindowUpdate payload_bytes=4
2026-09-26T01:47:48.585615Z DEBUG netbaiot_transports::business_rpc::v3: business RPC V3 received frame stream_id=746 frame_type=Response payload_bytes=35
2026-09-26T01:47:48.585735Z DEBUG netbaiot_transports::business_rpc::v3: business RPC V3 received frame stream_id=746 frame_type=Data payload_bytes=118
2026-09-26T01:47:48.585776Z DEBUG netbaiot_transports::business_rpc::v3: business RPC V3 Event delivery acknowledged stream_id=746 completion_us=232004
2026-09-26T01:47:48.585843Z DEBUG netbaiot_transports::business_rpc::v3: business RPC V3 selected frame stream_id=0 frame_type=WindowUpdate payload_bytes=4
2026-09-26T01:47:48.585896Z DEBUG netbaiot_transports::business_rpc::v3: business RPC V3 writer completed frame stream_id=0 frame_type=WindowUpdate payload_bytes=4
2026-09-26T01:47:48.696998Z DEBUG netbaiot_transports::business_rpc::v3: business RPC V3 body entered scheduler stream_id=748 class=Rpc body_bytes=198
2026-09-26T01:47:48.697135Z DEBUG netbaiot_transports::business_rpc::v3: business RPC V3 selected frame stream_id=748 frame_type=Open payload_bytes=158
2026-09-26T01:47:48.697214Z DEBUG netbaiot_transports::business_rpc::v3: business RPC V3 writer completed frame stream_id=748 frame_type=Open payload_bytes=158
2026-09-26T01:47:48.697256Z DEBUG netbaiot_transports::business_rpc::v3: business RPC V3 selected frame stream_id=748 frame_type=Data payload_bytes=198
2026-09-26T01:47:48.697288Z DEBUG netbaiot_transports::business_rpc::v3: business RPC V3 writer completed frame stream_id=748 frame_type=Data payload_bytes=198
2026-09-26T01:47:48.751134Z DEBUG netbaiot_transports::business_rpc::v3: business RPC V3 body entered scheduler stream_id=750 class=Rpc body_bytes=198
2026-09-26T01:47:48.751230Z DEBUG netbaiot_transports::business_rpc::v3: business RPC V3 selected frame stream_id=750 frame_type=Open payload_bytes=158
2026-09-26T01:47:48.751281Z DEBUG netbaiot_transports::business_rpc::v3: business RPC V3 writer completed frame stream_id=750 frame_type=Open payload_bytes=158
2026-09-26T01:47:48.751302Z DEBUG netbaiot_transports::business_rpc::v3: business RPC V3 selected frame stream_id=750 frame_type=Data payload_bytes=198
2026-09-26T01:47:48.751320Z DEBUG netbaiot_transports::business_rpc::v3: business RPC V3 writer completed frame stream_id=750 frame_type=Data payload_bytes=198
2026-09-26T01:47:48.778134Z DEBUG netbaiot_transports::business_rpc::v3: business RPC V3 body entered scheduler stream_id=752 class=Rpc body_bytes=198
2026-09-26T01:47:48.778240Z DEBUG netbaiot_transports::business_rpc::v3: business RPC V3 selected frame stream_id=752 frame_type=Open payload_bytes=158
2026-09-26T01:47:48.778294Z DEBUG netbaiot_transports::business_rpc::v3: business RPC V3 writer completed frame stream_id=752 frame_type=Open payload_bytes=158
2026-09-26T01:47:48.778319Z DEBUG netbaiot_transports::business_rpc::v3: business RPC V3 selected frame stream_id=752 frame_type=Data payload_bytes=198
2026-09-26T01:47:48.778339Z DEBUG netbaiot_transports::business_rpc::v3: business RPC V3 writer completed frame stream_id=752 frame_type=Data payload_bytes=198
2026-09-26T01:47:48.780757Z DEBUG netbaiot_transports::business_rpc::v3: business RPC V3 received frame stream_id=0 frame_type=WindowUpdate payload_bytes=4
2026-09-26T01:47:48.780820Z DEBUG netbaiot_transports::business_rpc::v3: business RPC V3 received frame stream_id=748 frame_type=Response payload_bytes=35
2026-09-26T01:47:48.780847Z DEBUG netbaiot_transports::business_rpc::v3: business RPC V3 received frame stream_id=748 frame_type=Data payload_bytes=216
2026-09-26T01:47:48.780920Z DEBUG netbaiot_transports::business_rpc::v3: business RPC V3 selected frame stream_id=0 frame_type=WindowUpdate payload_bytes=4
2026-09-26T01:47:48.780957Z DEBUG netbaiot_transports::business_rpc::v3: business RPC V3 writer completed frame stream_id=0 frame_type=WindowUpdate payload_bytes=4
2026-09-26T01:47:48.781596Z DEBUG netbaiot_transports::business_rpc::v3: business RPC V3 body entered scheduler stream_id=754 class=Rpc body_bytes=198
2026-09-26T01:47:48.781631Z DEBUG netbaiot_transports::business_rpc::v3: business RPC V3 selected frame stream_id=754 frame_type=Open payload_bytes=158
2026-09-26T01:47:48.781653Z DEBUG netbaiot_transports::business_rpc::v3: business RPC V3 writer completed frame stream_id=754 frame_type=Open payload_bytes=158
2026-09-26T01:47:48.781669Z DEBUG netbaiot_transports::business_rpc::v3: business RPC V3 selected frame stream_id=754 frame_type=Data payload_bytes=198
2026-09-26T01:47:48.781683Z DEBUG netbaiot_transports::business_rpc::v3: business RPC V3 writer completed frame stream_id=754 frame_type=Data payload_bytes=198
2026-09-26T01:47:48.808901Z DEBUG netbaiot_transports::business_rpc::v3: business RPC V3 received frame stream_id=0 frame_type=WindowUpdate payload_bytes=4
2026-09-26T01:47:48.809020Z DEBUG netbaiot_transports::business_rpc::v3: business RPC V3 received frame stream_id=750 frame_type=Response payload_bytes=35
2026-09-26T01:47:48.837272Z DEBUG netbaiot_transports::business_rpc::v3: business RPC V3 received frame stream_id=750 frame_type=Data payload_bytes=216
2026-09-26T01:47:48.837457Z DEBUG netbaiot_transports::business_rpc::v3: business RPC V3 selected frame stream_id=0 frame_type=WindowUpdate payload_bytes=4
2026-09-26T01:47:48.837542Z DEBUG netbaiot_transports::business_rpc::v3: business RPC V3 writer completed frame stream_id=0 frame_type=WindowUpdate payload_bytes=4
2026-09-26T01:47:48.838200Z DEBUG netbaiot_transports::business_rpc::v3: business RPC V3 body entered scheduler stream_id=756 class=Rpc body_bytes=198
2026-09-26T01:47:48.838244Z DEBUG netbaiot_transports::business_rpc::v3: business RPC V3 selected frame stream_id=756 frame_type=Open payload_bytes=158
2026-09-26T01:47:48.838267Z DEBUG netbaiot_transports::business_rpc::v3: business RPC V3 writer completed frame stream_id=756 frame_type=Open payload_bytes=158
2026-09-26T01:47:48.838283Z DEBUG netbaiot_transports::business_rpc::v3: business RPC V3 selected frame stream_id=756 frame_type=Data payload_bytes=198
2026-09-26T01:47:48.838296Z DEBUG netbaiot_transports::business_rpc::v3: business RPC V3 writer completed frame stream_id=756 frame_type=Data payload_bytes=198
2026-09-26T01:47:48.854462Z DEBUG netbaiot_transports::business_rpc::v3: business RPC V3 body entered scheduler stream_id=758 class=Event body_bytes=17366
2026-09-26T01:47:48.854556Z DEBUG netbaiot_transports::business_rpc::v3: business RPC V3 selected frame stream_id=758 frame_type=Open payload_bytes=184
2026-09-26T01:47:48.854605Z DEBUG netbaiot_transports::business_rpc::v3: business RPC V3 writer completed frame stream_id=758 frame_type=Open payload_bytes=184
2026-09-26T01:47:48.854636Z DEBUG netbaiot_transports::business_rpc::v3: business RPC V3 selected frame stream_id=758 frame_type=Data payload_bytes=8192
2026-09-26T01:47:48.854670Z DEBUG netbaiot_transports::business_rpc::v3: business RPC V3 writer completed frame stream_id=758 frame_type=Data payload_bytes=8192
2026-09-26T01:47:48.854690Z DEBUG netbaiot_transports::business_rpc::v3: business RPC V3 selected frame stream_id=758 frame_type=Data payload_bytes=8192
2026-09-26T01:47:48.854847Z DEBUG netbaiot_transports::business_rpc::v3: business RPC V3 writer completed frame stream_id=758 frame_type=Data payload_bytes=8192
2026-09-26T01:47:48.865565Z DEBUG netbaiot_transports::business_rpc::v3: business RPC V3 received frame stream_id=0 frame_type=WindowUpdate payload_bytes=4
2026-09-26T01:47:48.865662Z DEBUG netbaiot_transports::business_rpc::v3: business RPC V3 received frame stream_id=752 frame_type=Response payload_bytes=35
2026-09-26T01:47:48.865695Z DEBUG netbaiot_transports::business_rpc::v3: business RPC V3 received frame stream_id=752 frame_type=Data payload_bytes=216
2026-09-26T01:47:48.865799Z DEBUG netbaiot_transports::business_rpc::v3: business RPC V3 selected frame stream_id=0 frame_type=WindowUpdate payload_bytes=4
2026-09-26T01:47:48.865935Z DEBUG netbaiot_transports::business_rpc::v3: business RPC V3 writer completed frame stream_id=0 frame_type=WindowUpdate payload_bytes=4
2026-09-26T01:47:48.866734Z DEBUG netbaiot_transports::business_rpc::v3: business RPC V3 body entered scheduler stream_id=760 class=Rpc body_bytes=198
2026-09-26T01:47:48.866784Z DEBUG netbaiot_transports::business_rpc::v3: business RPC V3 selected frame stream_id=760 frame_type=Open payload_bytes=158
2026-09-26T01:47:48.866812Z DEBUG netbaiot_transports::business_rpc::v3: business RPC V3 writer completed frame stream_id=760 frame_type=Open payload_bytes=158
2026-09-26T01:47:48.866831Z DEBUG netbaiot_transports::business_rpc::v3: business RPC V3 selected frame stream_id=760 frame_type=Data payload_bytes=198
2026-09-26T01:47:48.866846Z DEBUG netbaiot_transports::business_rpc::v3: business RPC V3 writer completed frame stream_id=760 frame_type=Data payload_bytes=198
2026-09-26T01:47:48.894714Z DEBUG netbaiot_transports::business_rpc::v3: business RPC V3 received frame stream_id=0 frame_type=WindowUpdate payload_bytes=4
2026-09-26T01:47:48.894850Z DEBUG netbaiot_transports::business_rpc::v3: business RPC V3 received frame stream_id=754 frame_type=Response payload_bytes=35
2026-09-26T01:47:48.894887Z DEBUG netbaiot_transports::business_rpc::v3: business RPC V3 received frame stream_id=754 frame_type=Data payload_bytes=216
2026-09-26T01:47:48.894984Z DEBUG netbaiot_transports::business_rpc::v3: business RPC V3 selected frame stream_id=0 frame_type=WindowUpdate payload_bytes=4
2026-09-26T01:47:48.895050Z DEBUG netbaiot_transports::business_rpc::v3: business RPC V3 writer completed frame stream_id=0 frame_type=WindowUpdate payload_bytes=4
2026-09-26T01:47:48.896170Z DEBUG netbaiot_transports::business_rpc::v3: business RPC V3 body entered scheduler stream_id=762 class=Rpc body_bytes=198
2026-09-26T01:47:48.896275Z DEBUG netbaiot_transports::business_rpc::v3: business RPC V3 selected frame stream_id=762 frame_type=Open payload_bytes=158
2026-09-26T01:47:48.896349Z DEBUG netbaiot_transports::business_rpc::v3: business RPC V3 writer completed frame stream_id=762 frame_type=Open payload_bytes=158
2026-09-26T01:47:48.896389Z DEBUG netbaiot_transports::business_rpc::v3: business RPC V3 selected frame stream_id=762 frame_type=Data payload_bytes=198
2026-09-26T01:47:48.896421Z DEBUG netbaiot_transports::business_rpc::v3: business RPC V3 writer completed frame stream_id=762 frame_type=Data payload_bytes=198
2026-09-26T01:47:48.901561Z DEBUG netbaiot_transports::business_rpc::v3: business RPC V3 body entered scheduler stream_id=764 class=Rpc body_bytes=198
2026-09-26T01:47:48.901655Z DEBUG netbaiot_transports::business_rpc::v3: business RPC V3 selected frame stream_id=764 frame_type=Open payload_bytes=158
2026-09-26T01:47:48.901706Z DEBUG netbaiot_transports::business_rpc::v3: business RPC V3 writer completed frame stream_id=764 frame_type=Open payload_bytes=158
2026-09-26T01:47:48.901735Z DEBUG netbaiot_transports::business_rpc::v3: business RPC V3 selected frame stream_id=764 frame_type=Data payload_bytes=198
2026-09-26T01:47:48.901763Z DEBUG netbaiot_transports::business_rpc::v3: business RPC V3 writer completed frame stream_id=764 frame_type=Data payload_bytes=198
2026-09-26T01:47:48.945070Z DEBUG netbaiot_transports::business_rpc::v3: business RPC V3 body entered scheduler stream_id=766 class=Rpc body_bytes=198
2026-09-26T01:47:48.945172Z DEBUG netbaiot_transports::business_rpc::v3: business RPC V3 selected frame stream_id=766 frame_type=Open payload_bytes=158
2026-09-26T01:47:48.945235Z DEBUG netbaiot_transports::business_rpc::v3: business RPC V3 writer completed frame stream_id=766 frame_type=Open payload_bytes=158
2026-09-26T01:47:48.945278Z DEBUG netbaiot_transports::business_rpc::v3: business RPC V3 selected frame stream_id=766 frame_type=Data payload_bytes=198
2026-09-26T01:47:48.945316Z DEBUG netbaiot_transports::business_rpc::v3: business RPC V3 writer completed frame stream_id=766 frame_type=Data payload_bytes=198
2026-09-26T01:47:48.956529Z DEBUG netbaiot_transports::business_rpc::v3: business RPC V3 body entered scheduler stream_id=768 class=Rpc body_bytes=198
2026-09-26T01:47:48.956610Z DEBUG netbaiot_transports::business_rpc::v3: business RPC V3 selected frame stream_id=768 frame_type=Open payload_bytes=158
2026-09-26T01:47:48.956676Z DEBUG netbaiot_transports::business_rpc::v3: business RPC V3 writer completed frame stream_id=768 frame_type=Open payload_bytes=158
2026-09-26T01:47:48.956704Z DEBUG netbaiot_transports::business_rpc::v3: business RPC V3 selected frame stream_id=768 frame_type=Data payload_bytes=198
2026-09-26T01:47:48.956732Z DEBUG netbaiot_transports::business_rpc::v3: business RPC V3 writer completed frame stream_id=768 frame_type=Data payload_bytes=198
2026-09-26T01:47:48.967747Z DEBUG netbaiot_transports::business_rpc::v3: business RPC V3 body entered scheduler stream_id=770 class=Rpc body_bytes=198
2026-09-26T01:47:48.967833Z DEBUG netbaiot_transports::business_rpc::v3: business RPC V3 selected frame stream_id=770 frame_type=Open payload_bytes=158
2026-09-26T01:47:48.967896Z DEBUG netbaiot_transports::business_rpc::v3: business RPC V3 writer completed frame stream_id=770 frame_type=Open payload_bytes=158
2026-09-26T01:47:48.967930Z DEBUG netbaiot_transports::business_rpc::v3: business RPC V3 selected frame stream_id=770 frame_type=Data payload_bytes=198
2026-09-26T01:47:48.967961Z DEBUG netbaiot_transports::business_rpc::v3: business RPC V3 writer completed frame stream_id=770 frame_type=Data payload_bytes=198
2026-09-26T01:47:49.011948Z DEBUG netbaiot_transports::business_rpc::v3: business RPC V3 received frame stream_id=0 frame_type=WindowUpdate payload_bytes=4
2026-09-26T01:47:49.012045Z DEBUG netbaiot_transports::business_rpc::v3: business RPC V3 received frame stream_id=0 frame_type=WindowUpdate payload_bytes=4
2026-09-26T01:47:49.012067Z DEBUG netbaiot_transports::business_rpc::v3: business RPC V3 received frame stream_id=758 frame_type=WindowUpdate payload_bytes=4
2026-09-26T01:47:49.012078Z DEBUG netbaiot_transports::business_rpc::v3: business RPC V3 received frame stream_id=756 frame_type=Response payload_bytes=35
2026-09-26T01:47:49.012095Z DEBUG netbaiot_transports::business_rpc::v3: business RPC V3 received frame stream_id=756 frame_type=Data payload_bytes=216
2026-09-26T01:47:49.012175Z DEBUG netbaiot_transports::business_rpc::v3: business RPC V3 selected frame stream_id=0 frame_type=WindowUpdate payload_bytes=4
2026-09-26T01:47:49.012233Z DEBUG netbaiot_transports::business_rpc::v3: business RPC V3 writer completed frame stream_id=0 frame_type=WindowUpdate payload_bytes=4
2026-09-26T01:47:49.012252Z DEBUG netbaiot_transports::business_rpc::v3: business RPC V3 selected frame stream_id=758 frame_type=Data payload_bytes=982
2026-09-26T01:47:49.012268Z DEBUG netbaiot_transports::business_rpc::v3: business RPC V3 writer completed frame stream_id=758 frame_type=Data payload_bytes=982
2026-09-26T01:47:49.013033Z DEBUG netbaiot_transports::business_rpc::v3: business RPC V3 body entered scheduler stream_id=772 class=Rpc body_bytes=198
2026-09-26T01:47:49.013089Z DEBUG netbaiot_transports::business_rpc::v3: business RPC V3 selected frame stream_id=772 frame_type=Open payload_bytes=158
2026-09-26T01:47:49.013161Z DEBUG netbaiot_transports::business_rpc::v3: business RPC V3 writer completed frame stream_id=772 frame_type=Open payload_bytes=158
2026-09-26T01:47:49.013183Z DEBUG netbaiot_transports::business_rpc::v3: business RPC V3 selected frame stream_id=772 frame_type=Data payload_bytes=198
2026-09-26T01:47:49.013201Z DEBUG netbaiot_transports::business_rpc::v3: business RPC V3 writer completed frame stream_id=772 frame_type=Data payload_bytes=198
2026-09-26T01:47:49.043965Z DEBUG netbaiot_transports::business_rpc::v3: business RPC V3 received frame stream_id=0 frame_type=WindowUpdate payload_bytes=4
2026-09-26T01:47:49.044016Z DEBUG netbaiot_transports::business_rpc::v3: business RPC V3 received frame stream_id=758 frame_type=WindowUpdate payload_bytes=4
2026-09-26T01:47:49.044072Z DEBUG netbaiot_transports::business_rpc::v3: business RPC V3 received frame stream_id=0 frame_type=WindowUpdate payload_bytes=4
2026-09-26T01:47:49.044083Z DEBUG netbaiot_transports::business_rpc::v3: business RPC V3 received frame stream_id=0 frame_type=WindowUpdate payload_bytes=4
2026-09-26T01:47:49.044091Z DEBUG netbaiot_transports::business_rpc::v3: business RPC V3 received frame stream_id=0 frame_type=WindowUpdate payload_bytes=4
2026-09-26T01:47:49.044099Z DEBUG netbaiot_transports::business_rpc::v3: business RPC V3 received frame stream_id=0 frame_type=WindowUpdate payload_bytes=4
2026-09-26T01:47:49.044105Z DEBUG netbaiot_transports::business_rpc::v3: business RPC V3 received frame stream_id=762 frame_type=Response payload_bytes=35
2026-09-26T01:47:49.044116Z DEBUG netbaiot_transports::business_rpc::v3: business RPC V3 received frame stream_id=760 frame_type=Response payload_bytes=35
2026-09-26T01:47:49.044124Z DEBUG netbaiot_transports::business_rpc::v3: business RPC V3 received frame stream_id=764 frame_type=Response payload_bytes=35
2026-09-26T01:47:49.044131Z DEBUG netbaiot_transports::business_rpc::v3: business RPC V3 received frame stream_id=762 frame_type=Data payload_bytes=216
2026-09-26T01:47:49.044164Z DEBUG netbaiot_transports::business_rpc::v3: business RPC V3 received frame stream_id=766 frame_type=Response payload_bytes=35
2026-09-26T01:47:49.044174Z DEBUG netbaiot_transports::business_rpc::v3: business RPC V3 received frame stream_id=760 frame_type=Data payload_bytes=216
2026-09-26T01:47:49.044181Z DEBUG netbaiot_transports::business_rpc::v3: business RPC V3 selected frame stream_id=0 frame_type=WindowUpdate payload_bytes=4
2026-09-26T01:47:49.044193Z DEBUG netbaiot_transports::business_rpc::v3: business RPC V3 received frame stream_id=764 frame_type=Data payload_bytes=216
2026-09-26T01:47:49.044228Z DEBUG netbaiot_transports::business_rpc::v3: business RPC V3 writer completed frame stream_id=0 frame_type=WindowUpdate payload_bytes=4
2026-09-26T01:47:49.044246Z DEBUG netbaiot_transports::business_rpc::v3: business RPC V3 selected frame stream_id=0 frame_type=WindowUpdate payload_bytes=4
2026-09-26T01:47:49.044234Z DEBUG netbaiot_transports::business_rpc::v3: business RPC V3 received frame stream_id=766 frame_type=Data payload_bytes=216
2026-09-26T01:47:49.044261Z DEBUG netbaiot_transports::business_rpc::v3: business RPC V3 writer completed frame stream_id=0 frame_type=WindowUpdate payload_bytes=4
2026-09-26T01:47:49.044327Z DEBUG netbaiot_transports::business_rpc::v3: business RPC V3 selected frame stream_id=0 frame_type=WindowUpdate payload_bytes=4
2026-09-26T01:47:49.044354Z DEBUG netbaiot_transports::business_rpc::v3: business RPC V3 writer completed frame stream_id=0 frame_type=WindowUpdate payload_bytes=4
2026-09-26T01:47:49.044367Z DEBUG netbaiot_transports::business_rpc::v3: business RPC V3 selected frame stream_id=0 frame_type=WindowUpdate payload_bytes=4
2026-09-26T01:47:49.044380Z DEBUG netbaiot_transports::business_rpc::v3: business RPC V3 writer completed frame stream_id=0 frame_type=WindowUpdate payload_bytes=4
2026-09-26T01:47:49.044789Z DEBUG netbaiot_transports::business_rpc::v3: business RPC V3 body entered scheduler stream_id=774 class=Rpc body_bytes=198
2026-09-26T01:47:49.044806Z DEBUG netbaiot_transports::business_rpc::v3: business RPC V3 selected frame stream_id=774 frame_type=Open payload_bytes=158
2026-09-26T01:47:49.044822Z DEBUG netbaiot_transports::business_rpc::v3: business RPC V3 writer completed frame stream_id=774 frame_type=Open payload_bytes=158
2026-09-26T01:47:49.044832Z DEBUG netbaiot_transports::business_rpc::v3: business RPC V3 selected frame stream_id=774 frame_type=Data payload_bytes=198
2026-09-26T01:47:49.044842Z DEBUG netbaiot_transports::business_rpc::v3: business RPC V3 writer completed frame stream_id=774 frame_type=Data payload_bytes=198
2026-09-26T01:47:49.044968Z DEBUG netbaiot_transports::business_rpc::v3: business RPC V3 body entered scheduler stream_id=776 class=Rpc body_bytes=198
2026-09-26T01:47:49.044979Z DEBUG netbaiot_transports::business_rpc::v3: business RPC V3 selected frame stream_id=776 frame_type=Open payload_bytes=158
2026-09-26T01:47:49.045027Z DEBUG netbaiot_transports::business_rpc::v3: business RPC V3 writer completed frame stream_id=776 frame_type=Open payload_bytes=158
2026-09-26T01:47:49.045035Z DEBUG netbaiot_transports::business_rpc::v3: business RPC V3 selected frame stream_id=778 frame_type=Open payload_bytes=158
2026-09-26T01:47:49.045044Z DEBUG netbaiot_transports::business_rpc::v3: business RPC V3 writer completed frame stream_id=778 frame_type=Open payload_bytes=158
2026-09-26T01:47:49.045050Z DEBUG netbaiot_transports::business_rpc::v3: business RPC V3 body entered scheduler stream_id=778 class=Rpc body_bytes=198
2026-09-26T01:47:49.045057Z DEBUG netbaiot_transports::business_rpc::v3: business RPC V3 selected frame stream_id=776 frame_type=Data payload_bytes=198
2026-09-26T01:47:49.045066Z DEBUG netbaiot_transports::business_rpc::v3: business RPC V3 writer completed frame stream_id=776 frame_type=Data payload_bytes=198
2026-09-26T01:47:49.045072Z DEBUG netbaiot_transports::business_rpc::v3: business RPC V3 selected frame stream_id=778 frame_type=Data payload_bytes=198
2026-09-26T01:47:49.045085Z DEBUG netbaiot_transports::business_rpc::v3: business RPC V3 writer completed frame stream_id=778 frame_type=Data payload_bytes=198
2026-09-26T01:47:49.045106Z DEBUG netbaiot_transports::business_rpc::v3: business RPC V3 body entered scheduler stream_id=780 class=Rpc body_bytes=198
2026-09-26T01:47:49.045131Z DEBUG netbaiot_transports::business_rpc::v3: business RPC V3 selected frame stream_id=780 frame_type=Open payload_bytes=158
2026-09-26T01:47:49.045147Z DEBUG netbaiot_transports::business_rpc::v3: business RPC V3 writer completed frame stream_id=780 frame_type=Open payload_bytes=158
2026-09-26T01:47:49.045157Z DEBUG netbaiot_transports::business_rpc::v3: business RPC V3 selected frame stream_id=780 frame_type=Data payload_bytes=198
2026-09-26T01:47:49.045169Z DEBUG netbaiot_transports::business_rpc::v3: business RPC V3 writer completed frame stream_id=780 frame_type=Data payload_bytes=198
2026-09-26T01:47:49.055793Z DEBUG netbaiot_transports::business_rpc::v3: business RPC V3 body entered scheduler stream_id=782 class=Rpc body_bytes=198
2026-09-26T01:47:49.055814Z DEBUG netbaiot_transports::business_rpc::v3: business RPC V3 selected frame stream_id=782 frame_type=Open payload_bytes=158
2026-09-26T01:47:49.055828Z DEBUG netbaiot_transports::business_rpc::v3: business RPC V3 writer completed frame stream_id=782 frame_type=Open payload_bytes=158
2026-09-26T01:47:49.055835Z DEBUG netbaiot_transports::business_rpc::v3: business RPC V3 selected frame stream_id=782 frame_type=Data payload_bytes=198
2026-09-26T01:47:49.055843Z DEBUG netbaiot_transports::business_rpc::v3: business RPC V3 writer completed frame stream_id=782 frame_type=Data payload_bytes=198
2026-09-26T01:47:49.073607Z DEBUG netbaiot_transports::business_rpc::v3: business RPC V3 received frame stream_id=0 frame_type=WindowUpdate payload_bytes=4
2026-09-26T01:47:49.073633Z DEBUG netbaiot_transports::business_rpc::v3: business RPC V3 received frame stream_id=0 frame_type=WindowUpdate payload_bytes=4
2026-09-26T01:47:49.073640Z DEBUG netbaiot_transports::business_rpc::v3: business RPC V3 received frame stream_id=770 frame_type=Response payload_bytes=35
2026-09-26T01:47:49.073651Z DEBUG netbaiot_transports::business_rpc::v3: business RPC V3 received frame stream_id=768 frame_type=Response payload_bytes=35
2026-09-26T01:47:49.073657Z DEBUG netbaiot_transports::business_rpc::v3: business RPC V3 received frame stream_id=770 frame_type=Data payload_bytes=216
2026-09-26T01:47:49.073685Z DEBUG netbaiot_transports::business_rpc::v3: business RPC V3 received frame stream_id=768 frame_type=Data payload_bytes=216
2026-09-26T01:47:49.073698Z DEBUG netbaiot_transports::business_rpc::v3: business RPC V3 selected frame stream_id=0 frame_type=WindowUpdate payload_bytes=4
2026-09-26T01:47:49.073725Z DEBUG netbaiot_transports::business_rpc::v3: business RPC V3 writer completed frame stream_id=0 frame_type=WindowUpdate payload_bytes=4
2026-09-26T01:47:49.073768Z DEBUG netbaiot_transports::business_rpc::v3: business RPC V3 selected frame stream_id=0 frame_type=WindowUpdate payload_bytes=4
2026-09-26T01:47:49.073783Z DEBUG netbaiot_transports::business_rpc::v3: business RPC V3 writer completed frame stream_id=0 frame_type=WindowUpdate payload_bytes=4
2026-09-26T01:47:49.074202Z DEBUG netbaiot_transports::business_rpc::v3: business RPC V3 body entered scheduler stream_id=784 class=Rpc body_bytes=198
2026-09-26T01:47:49.074225Z DEBUG netbaiot_transports::business_rpc::v3: business RPC V3 selected frame stream_id=784 frame_type=Open payload_bytes=158
2026-09-26T01:47:49.074244Z DEBUG netbaiot_transports::business_rpc::v3: business RPC V3 writer completed frame stream_id=784 frame_type=Open payload_bytes=158
2026-09-26T01:47:49.074255Z DEBUG netbaiot_transports::business_rpc::v3: business RPC V3 body entered scheduler stream_id=786 class=Rpc body_bytes=198
2026-09-26T01:47:49.074262Z DEBUG netbaiot_transports::business_rpc::v3: business RPC V3 selected frame stream_id=786 frame_type=Open payload_bytes=158
2026-09-26T01:47:49.074271Z DEBUG netbaiot_transports::business_rpc::v3: business RPC V3 writer completed frame stream_id=786 frame_type=Open payload_bytes=158
2026-09-26T01:47:49.074278Z DEBUG netbaiot_transports::business_rpc::v3: business RPC V3 selected frame stream_id=784 frame_type=Data payload_bytes=198
2026-09-26T01:47:49.074289Z DEBUG netbaiot_transports::business_rpc::v3: business RPC V3 writer completed frame stream_id=784 frame_type=Data payload_bytes=198
2026-09-26T01:47:49.074296Z DEBUG netbaiot_transports::business_rpc::v3: business RPC V3 selected frame stream_id=786 frame_type=Data payload_bytes=198
2026-09-26T01:47:49.074303Z DEBUG netbaiot_transports::business_rpc::v3: business RPC V3 writer completed frame stream_id=786 frame_type=Data payload_bytes=198
2026-09-26T01:47:49.101949Z DEBUG netbaiot_transports::business_rpc::v3: business RPC V3 received frame stream_id=0 frame_type=WindowUpdate payload_bytes=4
2026-09-26T01:47:49.101985Z DEBUG netbaiot_transports::business_rpc::v3: business RPC V3 received frame stream_id=0 frame_type=WindowUpdate payload_bytes=4
2026-09-26T01:47:49.101998Z DEBUG netbaiot_transports::business_rpc::v3: business RPC V3 received frame stream_id=772 frame_type=Response payload_bytes=35
2026-09-26T01:47:49.102010Z DEBUG netbaiot_transports::business_rpc::v3: business RPC V3 received frame stream_id=772 frame_type=Data payload_bytes=216
2026-09-26T01:47:49.102039Z DEBUG netbaiot_transports::business_rpc::v3: business RPC V3 received frame stream_id=758 frame_type=Response payload_bytes=35
2026-09-26T01:47:49.102051Z DEBUG netbaiot_transports::business_rpc::v3: business RPC V3 received frame stream_id=758 frame_type=Data payload_bytes=118
2026-09-26T01:47:49.102051Z DEBUG netbaiot_transports::business_rpc::v3: business RPC V3 selected frame stream_id=0 frame_type=WindowUpdate payload_bytes=4
2026-09-26T01:47:49.102065Z DEBUG netbaiot_transports::business_rpc::v3: business RPC V3 Event delivery acknowledged stream_id=758 completion_us=247624
2026-09-26T01:47:49.102094Z DEBUG netbaiot_transports::business_rpc::v3: business RPC V3 writer completed frame stream_id=0 frame_type=WindowUpdate payload_bytes=4
2026-09-26T01:47:49.102133Z DEBUG netbaiot_transports::business_rpc::v3: business RPC V3 selected frame stream_id=0 frame_type=WindowUpdate payload_bytes=4
2026-09-26T01:47:49.102145Z DEBUG netbaiot_transports::business_rpc::v3: business RPC V3 writer completed frame stream_id=0 frame_type=WindowUpdate payload_bytes=4
2026-09-26T01:47:49.102641Z DEBUG netbaiot_transports::business_rpc::v3: business RPC V3 body entered scheduler stream_id=788 class=Rpc body_bytes=198
2026-09-26T01:47:49.102656Z DEBUG netbaiot_transports::business_rpc::v3: business RPC V3 selected frame stream_id=788 frame_type=Open payload_bytes=158
2026-09-26T01:47:49.102673Z DEBUG netbaiot_transports::business_rpc::v3: business RPC V3 writer completed frame stream_id=788 frame_type=Open payload_bytes=158
2026-09-26T01:47:49.102714Z DEBUG netbaiot_transports::business_rpc::v3: business RPC V3 selected frame stream_id=788 frame_type=Data payload_bytes=198
2026-09-26T01:47:49.102725Z DEBUG netbaiot_transports::business_rpc::v3: business RPC V3 writer completed frame stream_id=788 frame_type=Data payload_bytes=198
2026-09-26T01:47:49.111808Z DEBUG netbaiot_transports::business_rpc::v3: business RPC V3 body entered scheduler stream_id=790 class=Rpc body_bytes=198
2026-09-26T01:47:49.111871Z DEBUG netbaiot_transports::business_rpc::v3: business RPC V3 selected frame stream_id=790 frame_type=Open payload_bytes=158
2026-09-26T01:47:49.111908Z DEBUG netbaiot_transports::business_rpc::v3: business RPC V3 writer completed frame stream_id=790 frame_type=Open payload_bytes=158
2026-09-26T01:47:49.111924Z DEBUG netbaiot_transports::business_rpc::v3: business RPC V3 selected frame stream_id=790 frame_type=Data payload_bytes=198
2026-09-26T01:47:49.111935Z DEBUG netbaiot_transports::business_rpc::v3: business RPC V3 writer completed frame stream_id=790 frame_type=Data payload_bytes=198
2026-09-26T01:47:49.132160Z DEBUG netbaiot_transports::business_rpc::v3: business RPC V3 received frame stream_id=0 frame_type=WindowUpdate payload_bytes=4
2026-09-26T01:47:49.132300Z DEBUG netbaiot_transports::business_rpc::v3: business RPC V3 received frame stream_id=0 frame_type=WindowUpdate payload_bytes=4
2026-09-26T01:47:49.132341Z DEBUG netbaiot_transports::business_rpc::v3: business RPC V3 received frame stream_id=0 frame_type=WindowUpdate payload_bytes=4
2026-09-26T01:47:49.132356Z DEBUG netbaiot_transports::business_rpc::v3: business RPC V3 received frame stream_id=0 frame_type=WindowUpdate payload_bytes=4
2026-09-26T01:47:49.132368Z DEBUG netbaiot_transports::business_rpc::v3: business RPC V3 received frame stream_id=780 frame_type=Response payload_bytes=35
2026-09-26T01:47:49.132385Z DEBUG netbaiot_transports::business_rpc::v3: business RPC V3 received frame stream_id=774 frame_type=Response payload_bytes=35
2026-09-26T01:47:49.132396Z DEBUG netbaiot_transports::business_rpc::v3: business RPC V3 received frame stream_id=776 frame_type=Response payload_bytes=35
2026-09-26T01:47:49.132405Z DEBUG netbaiot_transports::business_rpc::v3: business RPC V3 received frame stream_id=780 frame_type=Data payload_bytes=216
2026-09-26T01:47:49.132456Z DEBUG netbaiot_transports::business_rpc::v3: business RPC V3 received frame stream_id=774 frame_type=Data payload_bytes=216
2026-09-26T01:47:49.132478Z DEBUG netbaiot_transports::business_rpc::v3: business RPC V3 selected frame stream_id=0 frame_type=WindowUpdate payload_bytes=4
2026-09-26T01:47:49.132480Z DEBUG netbaiot_transports::business_rpc::v3: business RPC V3 received frame stream_id=776 frame_type=Data payload_bytes=216
2026-09-26T01:47:49.132562Z DEBUG netbaiot_transports::business_rpc::v3: business RPC V3 writer completed frame stream_id=0 frame_type=WindowUpdate payload_bytes=4
2026-09-26T01:47:49.132584Z DEBUG netbaiot_transports::business_rpc::v3: business RPC V3 selected frame stream_id=0 frame_type=WindowUpdate payload_bytes=4
2026-09-26T01:47:49.132602Z DEBUG netbaiot_transports::business_rpc::v3: business RPC V3 writer completed frame stream_id=0 frame_type=WindowUpdate payload_bytes=4
2026-09-26T01:47:49.132611Z DEBUG netbaiot_transports::business_rpc::v3: business RPC V3 selected frame stream_id=0 frame_type=WindowUpdate payload_bytes=4
2026-09-26T01:47:49.132624Z DEBUG netbaiot_transports::business_rpc::v3: business RPC V3 writer completed frame stream_id=0 frame_type=WindowUpdate payload_bytes=4
2026-09-26T01:47:49.132570Z DEBUG netbaiot_transports::business_rpc::v3: business RPC V3 received frame stream_id=778 frame_type=Response payload_bytes=35
2026-09-26T01:47:49.132682Z DEBUG netbaiot_transports::business_rpc::v3: business RPC V3 received frame stream_id=778 frame_type=Data payload_bytes=216
2026-09-26T01:47:49.132702Z DEBUG netbaiot_transports::business_rpc::v3: business RPC V3 received frame stream_id=0 frame_type=Ping payload_bytes=8
2026-09-26T01:47:49.132781Z DEBUG netbaiot_transports::business_rpc::v3: business RPC V3 selected frame stream_id=0 frame_type=WindowUpdate payload_bytes=4
2026-09-26T01:47:49.132862Z DEBUG netbaiot_transports::business_rpc::v3: business RPC V3 writer completed frame stream_id=0 frame_type=WindowUpdate payload_bytes=4
2026-09-26T01:47:49.132880Z DEBUG netbaiot_transports::business_rpc::v3: business RPC V3 selected frame stream_id=0 frame_type=Pong payload_bytes=8
2026-09-26T01:47:49.132893Z DEBUG netbaiot_transports::business_rpc::v3: business RPC V3 writer completed frame stream_id=0 frame_type=Pong payload_bytes=8
2026-09-26T01:47:49.133461Z DEBUG netbaiot_transports::business_rpc::v3: business RPC V3 body entered scheduler stream_id=792 class=Rpc body_bytes=198
2026-09-26T01:47:49.133509Z DEBUG netbaiot_transports::business_rpc::v3: business RPC V3 selected frame stream_id=792 frame_type=Open payload_bytes=158
2026-09-26T01:47:49.133561Z DEBUG netbaiot_transports::business_rpc::v3: business RPC V3 writer completed frame stream_id=792 frame_type=Open payload_bytes=158
2026-09-26T01:47:49.133580Z DEBUG netbaiot_transports::business_rpc::v3: business RPC V3 selected frame stream_id=792 frame_type=Data payload_bytes=198
2026-09-26T01:47:49.133593Z DEBUG netbaiot_transports::business_rpc::v3: business RPC V3 writer completed frame stream_id=792 frame_type=Data payload_bytes=198
2026-09-26T01:47:49.133994Z DEBUG netbaiot_transports::business_rpc::v3: business RPC V3 body entered scheduler stream_id=794 class=Rpc body_bytes=198
2026-09-26T01:47:49.134040Z DEBUG netbaiot_transports::business_rpc::v3: business RPC V3 selected frame stream_id=794 frame_type=Open payload_bytes=158
2026-09-26T01:47:49.134066Z DEBUG netbaiot_transports::business_rpc::v3: business RPC V3 writer completed frame stream_id=794 frame_type=Open payload_bytes=158
2026-09-26T01:47:49.134083Z DEBUG netbaiot_transports::business_rpc::v3: business RPC V3 selected frame stream_id=794 frame_type=Data payload_bytes=198
2026-09-26T01:47:49.134098Z DEBUG netbaiot_transports::business_rpc::v3: business RPC V3 writer completed frame stream_id=794 frame_type=Data payload_bytes=198
2026-09-26T01:47:49.134253Z DEBUG netbaiot_transports::business_rpc::v3: business RPC V3 body entered scheduler stream_id=796 class=Rpc body_bytes=198
2026-09-26T01:47:49.134274Z DEBUG netbaiot_transports::business_rpc::v3: business RPC V3 selected frame stream_id=796 frame_type=Open payload_bytes=158
2026-09-26T01:47:49.134297Z DEBUG netbaiot_transports::business_rpc::v3: business RPC V3 writer completed frame stream_id=796 frame_type=Open payload_bytes=158
2026-09-26T01:47:49.134324Z DEBUG netbaiot_transports::business_rpc::v3: business RPC V3 selected frame stream_id=796 frame_type=Data payload_bytes=198
2026-09-26T01:47:49.134363Z DEBUG netbaiot_transports::business_rpc::v3: business RPC V3 writer completed frame stream_id=796 frame_type=Data payload_bytes=198
2026-09-26T01:47:49.134376Z DEBUG netbaiot_transports::business_rpc::v3: business RPC V3 body entered scheduler stream_id=798 class=Rpc body_bytes=198
2026-09-26T01:47:49.134385Z DEBUG netbaiot_transports::business_rpc::v3: business RPC V3 selected frame stream_id=798 frame_type=Open payload_bytes=158
2026-09-26T01:47:49.134398Z DEBUG netbaiot_transports::business_rpc::v3: business RPC V3 writer completed frame stream_id=798 frame_type=Open payload_bytes=158
2026-09-26T01:47:49.134407Z DEBUG netbaiot_transports::business_rpc::v3: business RPC V3 selected frame stream_id=798 frame_type=Data payload_bytes=198
2026-09-26T01:47:49.134418Z DEBUG netbaiot_transports::business_rpc::v3: business RPC V3 writer completed frame stream_id=798 frame_type=Data payload_bytes=198
2026-09-26T01:47:49.134911Z DEBUG netbaiot_transports::business_rpc::v3: business RPC V3 body entered scheduler stream_id=800 class=Rpc body_bytes=198
2026-09-26T01:47:49.134956Z DEBUG netbaiot_transports::business_rpc::v3: business RPC V3 selected frame stream_id=800 frame_type=Open payload_bytes=158
2026-09-26T01:47:49.134987Z DEBUG netbaiot_transports::business_rpc::v3: business RPC V3 writer completed frame stream_id=800 frame_type=Open payload_bytes=158
2026-09-26T01:47:49.135055Z DEBUG netbaiot_transports::business_rpc::v3: business RPC V3 selected frame stream_id=800 frame_type=Data payload_bytes=198
2026-09-26T01:47:49.135074Z DEBUG netbaiot_transports::business_rpc::v3: business RPC V3 writer completed frame stream_id=800 frame_type=Data payload_bytes=198
2026-09-26T01:47:49.162866Z DEBUG netbaiot_transports::business_rpc::v3: business RPC V3 received frame stream_id=0 frame_type=WindowUpdate payload_bytes=4
2026-09-26T01:47:49.162932Z DEBUG netbaiot_transports::business_rpc::v3: business RPC V3 received frame stream_id=0 frame_type=WindowUpdate payload_bytes=4
2026-09-26T01:47:49.162938Z DEBUG netbaiot_transports::business_rpc::v3: business RPC V3 received frame stream_id=0 frame_type=WindowUpdate payload_bytes=4
2026-09-26T01:47:49.162942Z DEBUG netbaiot_transports::business_rpc::v3: business RPC V3 received frame stream_id=786 frame_type=Response payload_bytes=35
2026-09-26T01:47:49.162952Z DEBUG netbaiot_transports::business_rpc::v3: business RPC V3 received frame stream_id=782 frame_type=Response payload_bytes=35
2026-09-26T01:47:49.162957Z DEBUG netbaiot_transports::business_rpc::v3: business RPC V3 received frame stream_id=784 frame_type=Response payload_bytes=35
2026-09-26T01:47:49.162961Z DEBUG netbaiot_transports::business_rpc::v3: business RPC V3 received frame stream_id=786 frame_type=Data payload_bytes=216
2026-09-26T01:47:49.162986Z DEBUG netbaiot_transports::business_rpc::v3: business RPC V3 received frame stream_id=782 frame_type=Data payload_bytes=216
2026-09-26T01:47:49.162996Z DEBUG netbaiot_transports::business_rpc::v3: business RPC V3 received frame stream_id=784 frame_type=Data payload_bytes=216
2026-09-26T01:47:49.162996Z DEBUG netbaiot_transports::business_rpc::v3: business RPC V3 selected frame stream_id=0 frame_type=WindowUpdate payload_bytes=4
2026-09-26T01:47:49.163024Z DEBUG netbaiot_transports::business_rpc::v3: business RPC V3 writer completed frame stream_id=0 frame_type=WindowUpdate payload_bytes=4
2026-09-26T01:47:49.163031Z DEBUG netbaiot_transports::business_rpc::v3: business RPC V3 selected frame stream_id=0 frame_type=WindowUpdate payload_bytes=4
2026-09-26T01:47:49.163047Z DEBUG netbaiot_transports::business_rpc::v3: business RPC V3 writer completed frame stream_id=0 frame_type=WindowUpdate payload_bytes=4
2026-09-26T01:47:49.163051Z DEBUG netbaiot_transports::business_rpc::v3: business RPC V3 selected frame stream_id=0 frame_type=WindowUpdate payload_bytes=4
2026-09-26T01:47:49.163057Z DEBUG netbaiot_transports::business_rpc::v3: business RPC V3 writer completed frame stream_id=0 frame_type=WindowUpdate payload_bytes=4
2026-09-26T01:47:49.163539Z DEBUG netbaiot_transports::business_rpc::v3: business RPC V3 body entered scheduler stream_id=802 class=Rpc body_bytes=198
2026-09-26T01:47:49.163546Z DEBUG netbaiot_transports::business_rpc::v3: business RPC V3 selected frame stream_id=802 frame_type=Open payload_bytes=158
2026-09-26T01:47:49.163555Z DEBUG netbaiot_transports::business_rpc::v3: business RPC V3 writer completed frame stream_id=802 frame_type=Open payload_bytes=158
2026-09-26T01:47:49.163560Z DEBUG netbaiot_transports::business_rpc::v3: business RPC V3 selected frame stream_id=802 frame_type=Data payload_bytes=198
2026-09-26T01:47:49.163566Z DEBUG netbaiot_transports::business_rpc::v3: business RPC V3 writer completed frame stream_id=802 frame_type=Data payload_bytes=198
2026-09-26T01:47:49.163571Z DEBUG netbaiot_transports::business_rpc::v3: business RPC V3 body entered scheduler stream_id=804 class=Rpc body_bytes=198
2026-09-26T01:47:49.163575Z DEBUG netbaiot_transports::business_rpc::v3: business RPC V3 selected frame stream_id=804 frame_type=Open payload_bytes=158
2026-09-26T01:47:49.163580Z DEBUG netbaiot_transports::business_rpc::v3: business RPC V3 writer completed frame stream_id=804 frame_type=Open payload_bytes=158
2026-09-26T01:47:49.163584Z DEBUG netbaiot_transports::business_rpc::v3: business RPC V3 selected frame stream_id=804 frame_type=Data payload_bytes=198
2026-09-26T01:47:49.163620Z DEBUG netbaiot_transports::business_rpc::v3: business RPC V3 writer completed frame stream_id=804 frame_type=Data payload_bytes=198
2026-09-26T01:47:49.163624Z DEBUG netbaiot_transports::business_rpc::v3: business RPC V3 body entered scheduler stream_id=806 class=Rpc body_bytes=198
2026-09-26T01:47:49.163628Z DEBUG netbaiot_transports::business_rpc::v3: business RPC V3 selected frame stream_id=806 frame_type=Open payload_bytes=158
2026-09-26T01:47:49.163633Z DEBUG netbaiot_transports::business_rpc::v3: business RPC V3 writer completed frame stream_id=806 frame_type=Open payload_bytes=158
2026-09-26T01:47:49.163637Z DEBUG netbaiot_transports::business_rpc::v3: business RPC V3 selected frame stream_id=806 frame_type=Data payload_bytes=198
2026-09-26T01:47:49.163642Z DEBUG netbaiot_transports::business_rpc::v3: business RPC V3 writer completed frame stream_id=806 frame_type=Data payload_bytes=198
2026-09-26T01:47:49.179682Z DEBUG netbaiot_transports::business_rpc::v3: business RPC V3 body entered scheduler stream_id=808 class=Rpc body_bytes=198
2026-09-26T01:47:49.179702Z DEBUG netbaiot_transports::business_rpc::v3: business RPC V3 selected frame stream_id=808 frame_type=Open payload_bytes=158
2026-09-26T01:47:49.179713Z DEBUG netbaiot_transports::business_rpc::v3: business RPC V3 writer completed frame stream_id=808 frame_type=Open payload_bytes=158
2026-09-26T01:47:49.179718Z DEBUG netbaiot_transports::business_rpc::v3: business RPC V3 selected frame stream_id=808 frame_type=Data payload_bytes=198
2026-09-26T01:47:49.179723Z DEBUG netbaiot_transports::business_rpc::v3: business RPC V3 writer completed frame stream_id=808 frame_type=Data payload_bytes=198
2026-09-26T01:47:49.192037Z DEBUG netbaiot_transports::business_rpc::v3: business RPC V3 received frame stream_id=0 frame_type=WindowUpdate payload_bytes=4
2026-09-26T01:47:49.192059Z DEBUG netbaiot_transports::business_rpc::v3: business RPC V3 received frame stream_id=0 frame_type=WindowUpdate payload_bytes=4
2026-09-26T01:47:49.192063Z DEBUG netbaiot_transports::business_rpc::v3: business RPC V3 received frame stream_id=790 frame_type=Response payload_bytes=35
2026-09-26T01:47:49.192070Z DEBUG netbaiot_transports::business_rpc::v3: business RPC V3 received frame stream_id=788 frame_type=Response payload_bytes=35
2026-09-26T01:47:49.192073Z DEBUG netbaiot_transports::business_rpc::v3: business RPC V3 received frame stream_id=790 frame_type=Data payload_bytes=216
2026-09-26T01:47:49.192089Z DEBUG netbaiot_transports::business_rpc::v3: business RPC V3 received frame stream_id=788 frame_type=Data payload_bytes=216
2026-09-26T01:47:49.192094Z DEBUG netbaiot_transports::business_rpc::v3: business RPC V3 selected frame stream_id=0 frame_type=WindowUpdate payload_bytes=4
2026-09-26T01:47:49.192113Z DEBUG netbaiot_transports::business_rpc::v3: business RPC V3 writer completed frame stream_id=0 frame_type=WindowUpdate payload_bytes=4
2026-09-26T01:47:49.192118Z DEBUG netbaiot_transports::business_rpc::v3: business RPC V3 selected frame stream_id=0 frame_type=WindowUpdate payload_bytes=4
2026-09-26T01:47:49.192124Z DEBUG netbaiot_transports::business_rpc::v3: business RPC V3 writer completed frame stream_id=0 frame_type=WindowUpdate payload_bytes=4
2026-09-26T01:47:49.224395Z DEBUG netbaiot_transports::business_rpc::v3: business RPC V3 received frame stream_id=0 frame_type=WindowUpdate payload_bytes=4
2026-09-26T01:47:49.224411Z DEBUG netbaiot_transports::business_rpc::v3: business RPC V3 received frame stream_id=0 frame_type=WindowUpdate payload_bytes=4
2026-09-26T01:47:49.224416Z DEBUG netbaiot_transports::business_rpc::v3: business RPC V3 received frame stream_id=0 frame_type=WindowUpdate payload_bytes=4
2026-09-26T01:47:49.224419Z DEBUG netbaiot_transports::business_rpc::v3: business RPC V3 received frame stream_id=0 frame_type=WindowUpdate payload_bytes=4
2026-09-26T01:47:49.224422Z DEBUG netbaiot_transports::business_rpc::v3: business RPC V3 received frame stream_id=0 frame_type=WindowUpdate payload_bytes=4
2026-09-26T01:47:49.224425Z DEBUG netbaiot_transports::business_rpc::v3: business RPC V3 received frame stream_id=800 frame_type=Response payload_bytes=35
2026-09-26T01:47:49.224454Z DEBUG netbaiot_transports::business_rpc::v3: business RPC V3 received frame stream_id=792 frame_type=Response payload_bytes=35
2026-09-26T01:47:49.224459Z DEBUG netbaiot_transports::business_rpc::v3: business RPC V3 received frame stream_id=798 frame_type=Response payload_bytes=35
2026-09-26T01:47:49.224462Z DEBUG netbaiot_transports::business_rpc::v3: business RPC V3 received frame stream_id=800 frame_type=Data payload_bytes=216
2026-09-26T01:47:49.224484Z DEBUG netbaiot_transports::business_rpc::v3: business RPC V3 received frame stream_id=792 frame_type=Data payload_bytes=216
2026-09-26T01:47:49.224493Z DEBUG netbaiot_transports::business_rpc::v3: business RPC V3 received frame stream_id=798 frame_type=Data payload_bytes=216
2026-09-26T01:47:49.224493Z DEBUG netbaiot_transports::business_rpc::v3: business RPC V3 selected frame stream_id=0 frame_type=WindowUpdate payload_bytes=4
2026-09-26T01:47:49.224500Z DEBUG netbaiot_transports::business_rpc::v3: business RPC V3 received frame stream_id=794 frame_type=Response payload_bytes=35
2026-09-26T01:47:49.224523Z DEBUG netbaiot_transports::business_rpc::v3: business RPC V3 received frame stream_id=794 frame_type=Data payload_bytes=216
2026-09-26T01:47:49.224512Z DEBUG netbaiot_transports::business_rpc::v3: business RPC V3 writer completed frame stream_id=0 frame_type=WindowUpdate payload_bytes=4
2026-09-26T01:47:49.224537Z DEBUG netbaiot_transports::business_rpc::v3: business RPC V3 selected frame stream_id=0 frame_type=WindowUpdate payload_bytes=4
2026-09-26T01:47:49.224537Z DEBUG netbaiot_transports::business_rpc::v3: business RPC V3 received frame stream_id=796 frame_type=Response payload_bytes=35
2026-09-26T01:47:49.224551Z DEBUG netbaiot_transports::business_rpc::v3: business RPC V3 received frame stream_id=796 frame_type=Data payload_bytes=216
2026-09-26T01:47:49.224545Z DEBUG netbaiot_transports::business_rpc::v3: business RPC V3 writer completed frame stream_id=0 frame_type=WindowUpdate payload_bytes=4
2026-09-26T01:47:49.224621Z DEBUG netbaiot_transports::business_rpc::v3: business RPC V3 selected frame stream_id=0 frame_type=WindowUpdate payload_bytes=4
2026-09-26T01:47:49.224639Z DEBUG netbaiot_transports::business_rpc::v3: business RPC V3 writer completed frame stream_id=0 frame_type=WindowUpdate payload_bytes=4
2026-09-26T01:47:49.224645Z DEBUG netbaiot_transports::business_rpc::v3: business RPC V3 selected frame stream_id=0 frame_type=WindowUpdate payload_bytes=4
2026-09-26T01:47:49.224651Z DEBUG netbaiot_transports::business_rpc::v3: business RPC V3 writer completed frame stream_id=0 frame_type=WindowUpdate payload_bytes=4
2026-09-26T01:47:49.224654Z DEBUG netbaiot_transports::business_rpc::v3: business RPC V3 selected frame stream_id=0 frame_type=WindowUpdate payload_bytes=4
2026-09-26T01:47:49.224659Z DEBUG netbaiot_transports::business_rpc::v3: business RPC V3 writer completed frame stream_id=0 frame_type=WindowUpdate payload_bytes=4
2026-09-26T01:47:49.255374Z DEBUG netbaiot_transports::business_rpc::v3: business RPC V3 received frame stream_id=0 frame_type=WindowUpdate payload_bytes=4
2026-09-26T01:47:49.255385Z DEBUG netbaiot_transports::business_rpc::v3: business RPC V3 received frame stream_id=0 frame_type=WindowUpdate payload_bytes=4
2026-09-26T01:47:49.255390Z DEBUG netbaiot_transports::business_rpc::v3: business RPC V3 received frame stream_id=0 frame_type=WindowUpdate payload_bytes=4
2026-09-26T01:47:49.255394Z DEBUG netbaiot_transports::business_rpc::v3: business RPC V3 received frame stream_id=0 frame_type=WindowUpdate payload_bytes=4
2026-09-26T01:47:49.255397Z DEBUG netbaiot_transports::business_rpc::v3: business RPC V3 received frame stream_id=802 frame_type=Response payload_bytes=35
2026-09-26T01:47:49.255402Z DEBUG netbaiot_transports::business_rpc::v3: business RPC V3 received frame stream_id=808 frame_type=Response payload_bytes=35
2026-09-26T01:47:49.255406Z DEBUG netbaiot_transports::business_rpc::v3: business RPC V3 received frame stream_id=806 frame_type=Response payload_bytes=35
2026-09-26T01:47:49.255438Z DEBUG netbaiot_transports::business_rpc::v3: business RPC V3 received frame stream_id=804 frame_type=Response payload_bytes=35
2026-09-26T01:47:49.255445Z DEBUG netbaiot_transports::business_rpc::v3: business RPC V3 received frame stream_id=802 frame_type=Data payload_bytes=216
2026-09-26T01:47:49.255460Z DEBUG netbaiot_transports::business_rpc::v3: business RPC V3 received frame stream_id=808 frame_type=Data payload_bytes=216
2026-09-26T01:47:49.255469Z DEBUG netbaiot_transports::business_rpc::v3: business RPC V3 received frame stream_id=806 frame_type=Data payload_bytes=216
2026-09-26T01:47:49.255492Z DEBUG netbaiot_transports::business_rpc::v3: business RPC V3 selected frame stream_id=0 frame_type=WindowUpdate payload_bytes=4
2026-09-26T01:47:49.255539Z DEBUG netbaiot_transports::business_rpc::v3: business RPC V3 received frame stream_id=804 frame_type=Data payload_bytes=216
2026-09-26T01:47:49.255563Z DEBUG netbaiot_transports::business_rpc::v3: business RPC V3 writer completed frame stream_id=0 frame_type=WindowUpdate payload_bytes=4
2026-09-26T01:47:49.255588Z DEBUG netbaiot_transports::business_rpc::v3: business RPC V3 selected frame stream_id=0 frame_type=WindowUpdate payload_bytes=4
2026-09-26T01:47:49.255594Z DEBUG netbaiot_transports::business_rpc::v3: business RPC V3 writer completed frame stream_id=0 frame_type=WindowUpdate payload_bytes=4
2026-09-26T01:47:49.255598Z DEBUG netbaiot_transports::business_rpc::v3: business RPC V3 selected frame stream_id=0 frame_type=WindowUpdate payload_bytes=4
2026-09-26T01:47:49.255616Z DEBUG netbaiot_transports::business_rpc::v3: business RPC V3 writer completed frame stream_id=0 frame_type=WindowUpdate payload_bytes=4
2026-09-26T01:47:49.255621Z DEBUG netbaiot_transports::business_rpc::v3: business RPC V3 selected frame stream_id=0 frame_type=WindowUpdate payload_bytes=4
2026-09-26T01:47:49.255630Z DEBUG netbaiot_transports::business_rpc::v3: business RPC V3 writer completed frame stream_id=0 frame_type=WindowUpdate payload_bytes=4
2026-09-26T01:47:49.355607Z DEBUG netbaiot_transports::business_rpc::v3: business RPC V3 body entered scheduler stream_id=810 class=Event body_bytes=17366
2026-09-26T01:47:49.355632Z DEBUG netbaiot_transports::business_rpc::v3: business RPC V3 selected frame stream_id=810 frame_type=Open payload_bytes=184
2026-09-26T01:47:49.355641Z DEBUG netbaiot_transports::business_rpc::v3: business RPC V3 writer completed frame stream_id=810 frame_type=Open payload_bytes=184
2026-09-26T01:47:49.355646Z DEBUG netbaiot_transports::business_rpc::v3: business RPC V3 selected frame stream_id=810 frame_type=Data payload_bytes=8192
2026-09-26T01:47:49.355651Z DEBUG netbaiot_transports::business_rpc::v3: business RPC V3 writer completed frame stream_id=810 frame_type=Data payload_bytes=8192
2026-09-26T01:47:49.355654Z DEBUG netbaiot_transports::business_rpc::v3: business RPC V3 selected frame stream_id=810 frame_type=Data payload_bytes=8192
2026-09-26T01:47:49.355661Z DEBUG netbaiot_transports::business_rpc::v3: business RPC V3 writer completed frame stream_id=810 frame_type=Data payload_bytes=8192
2026-09-26T01:47:49.499807Z DEBUG netbaiot_transports::business_rpc::v3: business RPC V3 received frame stream_id=0 frame_type=WindowUpdate payload_bytes=4
2026-09-26T01:47:49.499842Z DEBUG netbaiot_transports::business_rpc::v3: business RPC V3 received frame stream_id=810 frame_type=WindowUpdate payload_bytes=4
2026-09-26T01:47:49.499857Z DEBUG netbaiot_transports::business_rpc::v3: business RPC V3 selected frame stream_id=810 frame_type=Data payload_bytes=982
2026-09-26T01:47:49.499873Z DEBUG netbaiot_transports::business_rpc::v3: business RPC V3 writer completed frame stream_id=810 frame_type=Data payload_bytes=982
2026-09-26T01:47:49.527150Z DEBUG netbaiot_transports::business_rpc::v3: business RPC V3 received frame stream_id=0 frame_type=WindowUpdate payload_bytes=4
2026-09-26T01:47:49.527183Z DEBUG netbaiot_transports::business_rpc::v3: business RPC V3 received frame stream_id=810 frame_type=WindowUpdate payload_bytes=4
2026-09-26T01:47:49.613909Z DEBUG netbaiot_transports::business_rpc::v3: business RPC V3 received frame stream_id=0 frame_type=WindowUpdate payload_bytes=4
2026-09-26T01:47:49.614019Z DEBUG netbaiot_transports::business_rpc::v3: business RPC V3 received frame stream_id=810 frame_type=Response payload_bytes=35
2026-09-26T01:47:49.614042Z DEBUG netbaiot_transports::business_rpc::v3: business RPC V3 received frame stream_id=810 frame_type=Data payload_bytes=118
2026-09-26T01:47:49.614062Z DEBUG netbaiot_transports::business_rpc::v3: business RPC V3 Event delivery acknowledged stream_id=810 completion_us=258460
2026-09-26T01:47:49.614103Z DEBUG netbaiot_transports::business_rpc::v3: business RPC V3 selected frame stream_id=0 frame_type=WindowUpdate payload_bytes=4
2026-09-26T01:47:49.614140Z DEBUG netbaiot_transports::business_rpc::v3: business RPC V3 writer completed frame stream_id=0 frame_type=WindowUpdate payload_bytes=4
2026-09-26T01:47:49.705086Z DEBUG netbaiot_transports::business_rpc::v3: business RPC V3 body entered scheduler stream_id=812 class=Rpc body_bytes=198
2026-09-26T01:47:49.705116Z DEBUG netbaiot_transports::business_rpc::v3: business RPC V3 selected frame stream_id=812 frame_type=Open payload_bytes=158
2026-09-26T01:47:49.705135Z DEBUG netbaiot_transports::business_rpc::v3: business RPC V3 writer completed frame stream_id=812 frame_type=Open payload_bytes=158
2026-09-26T01:47:49.705145Z DEBUG netbaiot_transports::business_rpc::v3: business RPC V3 selected frame stream_id=812 frame_type=Data payload_bytes=198
2026-09-26T01:47:49.705155Z DEBUG netbaiot_transports::business_rpc::v3: business RPC V3 writer completed frame stream_id=812 frame_type=Data payload_bytes=198
2026-09-26T01:47:49.716610Z DEBUG netbaiot_transports::business_rpc::v3: business RPC V3 body entered scheduler stream_id=814 class=Rpc body_bytes=198
2026-09-26T01:47:49.716634Z DEBUG netbaiot_transports::business_rpc::v3: business RPC V3 selected frame stream_id=814 frame_type=Open payload_bytes=158
2026-09-26T01:47:49.716657Z DEBUG netbaiot_transports::business_rpc::v3: business RPC V3 writer completed frame stream_id=814 frame_type=Open payload_bytes=158
2026-09-26T01:47:49.716666Z DEBUG netbaiot_transports::business_rpc::v3: business RPC V3 selected frame stream_id=814 frame_type=Data payload_bytes=198
2026-09-26T01:47:49.716675Z DEBUG netbaiot_transports::business_rpc::v3: business RPC V3 writer completed frame stream_id=814 frame_type=Data payload_bytes=198
2026-09-26T01:47:49.769502Z DEBUG netbaiot_transports::business_rpc::v3: business RPC V3 body entered scheduler stream_id=816 class=Rpc body_bytes=198
2026-09-26T01:47:49.769603Z DEBUG netbaiot_transports::business_rpc::v3: business RPC V3 selected frame stream_id=816 frame_type=Open payload_bytes=158
2026-09-26T01:47:49.769652Z DEBUG netbaiot_transports::business_rpc::v3: business RPC V3 writer completed frame stream_id=816 frame_type=Open payload_bytes=158
2026-09-26T01:47:49.769674Z DEBUG netbaiot_transports::business_rpc::v3: business RPC V3 selected frame stream_id=816 frame_type=Data payload_bytes=198
2026-09-26T01:47:49.769691Z DEBUG netbaiot_transports::business_rpc::v3: business RPC V3 writer completed frame stream_id=816 frame_type=Data payload_bytes=198
2026-09-26T01:47:49.779170Z DEBUG netbaiot_transports::business_rpc::v3: business RPC V3 body entered scheduler stream_id=818 class=Rpc body_bytes=198
2026-09-26T01:47:49.779262Z DEBUG netbaiot_transports::business_rpc::v3: business RPC V3 selected frame stream_id=818 frame_type=Open payload_bytes=158
2026-09-26T01:47:49.779313Z DEBUG netbaiot_transports::business_rpc::v3: business RPC V3 writer completed frame stream_id=818 frame_type=Open payload_bytes=158
2026-09-26T01:47:49.779333Z DEBUG netbaiot_transports::business_rpc::v3: business RPC V3 selected frame stream_id=818 frame_type=Data payload_bytes=198
2026-09-26T01:47:49.779350Z DEBUG netbaiot_transports::business_rpc::v3: business RPC V3 writer completed frame stream_id=818 frame_type=Data payload_bytes=198
2026-09-26T01:47:49.792751Z DEBUG netbaiot_transports::business_rpc::v3: business RPC V3 body entered scheduler stream_id=820 class=Rpc body_bytes=198
2026-09-26T01:47:49.792805Z DEBUG netbaiot_transports::business_rpc::v3: business RPC V3 selected frame stream_id=820 frame_type=Open payload_bytes=158
2026-09-26T01:47:49.792824Z DEBUG netbaiot_transports::business_rpc::v3: business RPC V3 writer completed frame stream_id=820 frame_type=Open payload_bytes=158
2026-09-26T01:47:49.792835Z DEBUG netbaiot_transports::business_rpc::v3: business RPC V3 selected frame stream_id=820 frame_type=Data payload_bytes=198
2026-09-26T01:47:49.792848Z DEBUG netbaiot_transports::business_rpc::v3: business RPC V3 writer completed frame stream_id=820 frame_type=Data payload_bytes=198
2026-09-26T01:47:49.813341Z DEBUG netbaiot_transports::business_rpc::v3: business RPC V3 body entered scheduler stream_id=822 class=Rpc body_bytes=198
2026-09-26T01:47:49.813435Z DEBUG netbaiot_transports::business_rpc::v3: business RPC V3 selected frame stream_id=822 frame_type=Open payload_bytes=158
2026-09-26T01:47:49.813463Z DEBUG netbaiot_transports::business_rpc::v3: business RPC V3 writer completed frame stream_id=822 frame_type=Open payload_bytes=158
2026-09-26T01:47:49.813478Z DEBUG netbaiot_transports::business_rpc::v3: business RPC V3 selected frame stream_id=822 frame_type=Data payload_bytes=198
2026-09-26T01:47:49.813492Z DEBUG netbaiot_transports::business_rpc::v3: business RPC V3 writer completed frame stream_id=822 frame_type=Data payload_bytes=198
2026-09-26T01:47:49.818455Z DEBUG netbaiot_transports::business_rpc::v3: business RPC V3 received frame stream_id=0 frame_type=WindowUpdate payload_bytes=4
2026-09-26T01:47:49.818563Z DEBUG netbaiot_transports::business_rpc::v3: business RPC V3 received frame stream_id=0 frame_type=WindowUpdate payload_bytes=4
2026-09-26T01:47:49.818580Z DEBUG netbaiot_transports::business_rpc::v3: business RPC V3 received frame stream_id=812 frame_type=Response payload_bytes=35
2026-09-26T01:47:49.818597Z DEBUG netbaiot_transports::business_rpc::v3: business RPC V3 received frame stream_id=814 frame_type=Response payload_bytes=35
2026-09-26T01:47:49.818611Z DEBUG netbaiot_transports::business_rpc::v3: business RPC V3 received frame stream_id=812 frame_type=Data payload_bytes=216
2026-09-26T01:47:49.818658Z DEBUG netbaiot_transports::business_rpc::v3: business RPC V3 received frame stream_id=814 frame_type=Data payload_bytes=216
2026-09-26T01:47:49.818676Z DEBUG netbaiot_transports::business_rpc::v3: business RPC V3 selected frame stream_id=0 frame_type=WindowUpdate payload_bytes=4
2026-09-26T01:47:49.818720Z DEBUG netbaiot_transports::business_rpc::v3: business RPC V3 writer completed frame stream_id=0 frame_type=WindowUpdate payload_bytes=4
2026-09-26T01:47:49.818737Z DEBUG netbaiot_transports::business_rpc::v3: business RPC V3 selected frame stream_id=0 frame_type=WindowUpdate payload_bytes=4
2026-09-26T01:47:49.818753Z DEBUG netbaiot_transports::business_rpc::v3: business RPC V3 writer completed frame stream_id=0 frame_type=WindowUpdate payload_bytes=4
2026-09-26T01:47:49.819435Z DEBUG netbaiot_transports::business_rpc::v3: business RPC V3 body entered scheduler stream_id=824 class=Rpc body_bytes=198
2026-09-26T01:47:49.819474Z DEBUG netbaiot_transports::business_rpc::v3: business RPC V3 selected frame stream_id=824 frame_type=Open payload_bytes=158
2026-09-26T01:47:49.819493Z DEBUG netbaiot_transports::business_rpc::v3: business RPC V3 writer completed frame stream_id=824 frame_type=Open payload_bytes=158
2026-09-26T01:47:49.819506Z DEBUG netbaiot_transports::business_rpc::v3: business RPC V3 body entered scheduler stream_id=826 class=Rpc body_bytes=198
2026-09-26T01:47:49.819514Z DEBUG netbaiot_transports::business_rpc::v3: business RPC V3 selected frame stream_id=826 frame_type=Open payload_bytes=158
2026-09-26T01:47:49.819523Z DEBUG netbaiot_transports::business_rpc::v3: business RPC V3 writer completed frame stream_id=826 frame_type=Open payload_bytes=158
2026-09-26T01:47:49.819533Z DEBUG netbaiot_transports::business_rpc::v3: business RPC V3 selected frame stream_id=824 frame_type=Data payload_bytes=198
2026-09-26T01:47:49.819598Z DEBUG netbaiot_transports::business_rpc::v3: business RPC V3 writer completed frame stream_id=824 frame_type=Data payload_bytes=198
2026-09-26T01:47:49.819610Z DEBUG netbaiot_transports::business_rpc::v3: business RPC V3 selected frame stream_id=826 frame_type=Data payload_bytes=198
2026-09-26T01:47:49.819620Z DEBUG netbaiot_transports::business_rpc::v3: business RPC V3 writer completed frame stream_id=826 frame_type=Data payload_bytes=198
2026-09-26T01:47:49.820775Z DEBUG netbaiot_transports::business_rpc::v3: business RPC V3 body entered scheduler stream_id=828 class=Rpc body_bytes=198
2026-09-26T01:47:49.820788Z DEBUG netbaiot_transports::business_rpc::v3: business RPC V3 selected frame stream_id=828 frame_type=Open payload_bytes=158
2026-09-26T01:47:49.820801Z DEBUG netbaiot_transports::business_rpc::v3: business RPC V3 writer completed frame stream_id=828 frame_type=Open payload_bytes=158
2026-09-26T01:47:49.820810Z DEBUG netbaiot_transports::business_rpc::v3: business RPC V3 selected frame stream_id=828 frame_type=Data payload_bytes=198
2026-09-26T01:47:49.820820Z DEBUG netbaiot_transports::business_rpc::v3: business RPC V3 writer completed frame stream_id=828 frame_type=Data payload_bytes=198
2026-09-26T01:47:49.855899Z DEBUG netbaiot_transports::business_rpc::v3: business RPC V3 body entered scheduler stream_id=830 class=Event body_bytes=17366
2026-09-26T01:47:49.856045Z DEBUG netbaiot_transports::business_rpc::v3: business RPC V3 selected frame stream_id=830 frame_type=Open payload_bytes=184
2026-09-26T01:47:49.856183Z DEBUG netbaiot_transports::business_rpc::v3: business RPC V3 writer completed frame stream_id=830 frame_type=Open payload_bytes=184
2026-09-26T01:47:49.856269Z DEBUG netbaiot_transports::business_rpc::v3: business RPC V3 selected frame stream_id=830 frame_type=Data payload_bytes=8192
2026-09-26T01:47:49.856319Z DEBUG netbaiot_transports::business_rpc::v3: business RPC V3 writer completed frame stream_id=830 frame_type=Data payload_bytes=8192
2026-09-26T01:47:49.856350Z DEBUG netbaiot_transports::business_rpc::v3: business RPC V3 selected frame stream_id=830 frame_type=Data payload_bytes=8192
2026-09-26T01:47:49.856405Z DEBUG netbaiot_transports::business_rpc::v3: business RPC V3 writer completed frame stream_id=830 frame_type=Data payload_bytes=8192
2026-09-26T01:47:49.870335Z DEBUG netbaiot_transports::business_rpc::v3: business RPC V3 body entered scheduler stream_id=832 class=Rpc body_bytes=198
2026-09-26T01:47:49.870408Z DEBUG netbaiot_transports::business_rpc::v3: business RPC V3 selected frame stream_id=832 frame_type=Open payload_bytes=158
2026-09-26T01:47:49.870469Z DEBUG netbaiot_transports::business_rpc::v3: business RPC V3 writer completed frame stream_id=832 frame_type=Open payload_bytes=158
2026-09-26T01:47:49.870499Z DEBUG netbaiot_transports::business_rpc::v3: business RPC V3 selected frame stream_id=832 frame_type=Data payload_bytes=198
2026-09-26T01:47:49.870527Z DEBUG netbaiot_transports::business_rpc::v3: business RPC V3 writer completed frame stream_id=832 frame_type=Data payload_bytes=198
2026-09-26T01:47:49.884317Z DEBUG netbaiot_transports::business_rpc::v3: business RPC V3 received frame stream_id=0 frame_type=WindowUpdate payload_bytes=4
2026-09-26T01:47:49.884430Z DEBUG netbaiot_transports::business_rpc::v3: business RPC V3 received frame stream_id=0 frame_type=WindowUpdate payload_bytes=4
2026-09-26T01:47:49.884478Z DEBUG netbaiot_transports::business_rpc::v3: business RPC V3 received frame stream_id=0 frame_type=WindowUpdate payload_bytes=4
2026-09-26T01:47:49.884502Z DEBUG netbaiot_transports::business_rpc::v3: business RPC V3 received frame stream_id=820 frame_type=Response payload_bytes=35
2026-09-26T01:47:49.884529Z DEBUG netbaiot_transports::business_rpc::v3: business RPC V3 received frame stream_id=820 frame_type=Data payload_bytes=216
2026-09-26T01:47:49.884598Z DEBUG netbaiot_transports::business_rpc::v3: business RPC V3 received frame stream_id=816 frame_type=Response payload_bytes=35
2026-09-26T01:47:49.884712Z DEBUG netbaiot_transports::business_rpc::v3: business RPC V3 received frame stream_id=818 frame_type=Response payload_bytes=35
2026-09-26T01:47:49.884743Z DEBUG netbaiot_transports::business_rpc::v3: business RPC V3 received frame stream_id=816 frame_type=Data payload_bytes=216
2026-09-26T01:47:49.884625Z DEBUG netbaiot_transports::business_rpc::v3: business RPC V3 selected frame stream_id=0 frame_type=WindowUpdate payload_bytes=4
2026-09-26T01:47:49.884791Z DEBUG netbaiot_transports::business_rpc::v3: business RPC V3 received frame stream_id=818 frame_type=Data payload_bytes=216
2026-09-26T01:47:49.884863Z DEBUG netbaiot_transports::business_rpc::v3: business RPC V3 writer completed frame stream_id=0 frame_type=WindowUpdate payload_bytes=4
2026-09-26T01:47:49.884917Z DEBUG netbaiot_transports::business_rpc::v3: business RPC V3 selected frame stream_id=0 frame_type=WindowUpdate payload_bytes=4
2026-09-26T01:47:49.884958Z DEBUG netbaiot_transports::business_rpc::v3: business RPC V3 writer completed frame stream_id=0 frame_type=WindowUpdate payload_bytes=4
2026-09-26T01:47:49.884981Z DEBUG netbaiot_transports::business_rpc::v3: business RPC V3 selected frame stream_id=0 frame_type=WindowUpdate payload_bytes=4
2026-09-26T01:47:49.885004Z DEBUG netbaiot_transports::business_rpc::v3: business RPC V3 writer completed frame stream_id=0 frame_type=WindowUpdate payload_bytes=4
2026-09-26T01:47:49.885730Z DEBUG netbaiot_transports::business_rpc::v3: business RPC V3 body entered scheduler stream_id=834 class=Rpc body_bytes=198
2026-09-26T01:47:49.885788Z DEBUG netbaiot_transports::business_rpc::v3: business RPC V3 selected frame stream_id=834 frame_type=Open payload_bytes=158
2026-09-26T01:47:49.885819Z DEBUG netbaiot_transports::business_rpc::v3: business RPC V3 writer completed frame stream_id=834 frame_type=Open payload_bytes=158
2026-09-26T01:47:49.885837Z DEBUG netbaiot_transports::business_rpc::v3: business RPC V3 body entered scheduler stream_id=836 class=Rpc body_bytes=198
2026-09-26T01:47:49.885851Z DEBUG netbaiot_transports::business_rpc::v3: business RPC V3 selected frame stream_id=834 frame_type=Data payload_bytes=198
2026-09-26T01:47:49.885872Z DEBUG netbaiot_transports::business_rpc::v3: business RPC V3 writer completed frame stream_id=834 frame_type=Data payload_bytes=198
2026-09-26T01:47:49.885885Z DEBUG netbaiot_transports::business_rpc::v3: business RPC V3 body entered scheduler stream_id=838 class=Rpc body_bytes=198
2026-09-26T01:47:49.885895Z DEBUG netbaiot_transports::business_rpc::v3: business RPC V3 selected frame stream_id=836 frame_type=Open payload_bytes=158
2026-09-26T01:47:49.885909Z DEBUG netbaiot_transports::business_rpc::v3: business RPC V3 writer completed frame stream_id=836 frame_type=Open payload_bytes=158
2026-09-26T01:47:49.885918Z DEBUG netbaiot_transports::business_rpc::v3: business RPC V3 selected frame stream_id=838 frame_type=Open payload_bytes=158
2026-09-26T01:47:49.885934Z DEBUG netbaiot_transports::business_rpc::v3: business RPC V3 writer completed frame stream_id=838 frame_type=Open payload_bytes=158
2026-09-26T01:47:49.885945Z DEBUG netbaiot_transports::business_rpc::v3: business RPC V3 selected frame stream_id=836 frame_type=Data payload_bytes=198
2026-09-26T01:47:49.885963Z DEBUG netbaiot_transports::business_rpc::v3: business RPC V3 writer completed frame stream_id=836 frame_type=Data payload_bytes=198
2026-09-26T01:47:49.885977Z DEBUG netbaiot_transports::business_rpc::v3: business RPC V3 selected frame stream_id=838 frame_type=Data payload_bytes=198
2026-09-26T01:47:49.885991Z DEBUG netbaiot_transports::business_rpc::v3: business RPC V3 writer completed frame stream_id=838 frame_type=Data payload_bytes=198
2026-09-26T01:47:49.900270Z DEBUG netbaiot_transports::business_rpc::v3: business RPC V3 body entered scheduler stream_id=840 class=Rpc body_bytes=198
2026-09-26T01:47:49.900368Z DEBUG netbaiot_transports::business_rpc::v3: business RPC V3 selected frame stream_id=840 frame_type=Open payload_bytes=158
2026-09-26T01:47:49.900511Z DEBUG netbaiot_transports::business_rpc::v3: business RPC V3 writer completed frame stream_id=840 frame_type=Open payload_bytes=158
2026-09-26T01:47:49.900549Z DEBUG netbaiot_transports::business_rpc::v3: business RPC V3 selected frame stream_id=840 frame_type=Data payload_bytes=198
2026-09-26T01:47:49.900584Z DEBUG netbaiot_transports::business_rpc::v3: business RPC V3 writer completed frame stream_id=840 frame_type=Data payload_bytes=198
2026-09-26T01:47:49.916276Z DEBUG netbaiot_transports::business_rpc::v3: business RPC V3 received frame stream_id=0 frame_type=WindowUpdate payload_bytes=4
2026-09-26T01:47:49.916379Z DEBUG netbaiot_transports::business_rpc::v3: business RPC V3 received frame stream_id=0 frame_type=WindowUpdate payload_bytes=4
2026-09-26T01:47:49.916414Z DEBUG netbaiot_transports::business_rpc::v3: business RPC V3 received frame stream_id=0 frame_type=WindowUpdate payload_bytes=4
2026-09-26T01:47:49.916437Z DEBUG netbaiot_transports::business_rpc::v3: business RPC V3 received frame stream_id=0 frame_type=WindowUpdate payload_bytes=4
2026-09-26T01:47:49.916461Z DEBUG netbaiot_transports::business_rpc::v3: business RPC V3 received frame stream_id=828 frame_type=Response payload_bytes=35
2026-09-26T01:47:49.916496Z DEBUG netbaiot_transports::business_rpc::v3: business RPC V3 received frame stream_id=824 frame_type=Response payload_bytes=35
2026-09-26T01:47:49.916518Z DEBUG netbaiot_transports::business_rpc::v3: business RPC V3 received frame stream_id=822 frame_type=Response payload_bytes=35
2026-09-26T01:47:49.916537Z DEBUG netbaiot_transports::business_rpc::v3: business RPC V3 received frame stream_id=826 frame_type=Response payload_bytes=35
2026-09-26T01:47:49.916555Z DEBUG netbaiot_transports::business_rpc::v3: business RPC V3 received frame stream_id=828 frame_type=Data payload_bytes=216
2026-09-26T01:47:49.916624Z DEBUG netbaiot_transports::business_rpc::v3: business RPC V3 received frame stream_id=824 frame_type=Data payload_bytes=216
2026-09-26T01:47:49.916668Z DEBUG netbaiot_transports::business_rpc::v3: business RPC V3 received frame stream_id=822 frame_type=Data payload_bytes=216
2026-09-26T01:47:49.916703Z DEBUG netbaiot_transports::business_rpc::v3: business RPC V3 received frame stream_id=826 frame_type=Data payload_bytes=216
2026-09-26T01:47:49.916872Z DEBUG netbaiot_transports::business_rpc::v3: business RPC V3 selected frame stream_id=0 frame_type=WindowUpdate payload_bytes=4
2026-09-26T01:47:49.916947Z DEBUG netbaiot_transports::business_rpc::v3: business RPC V3 writer completed frame stream_id=0 frame_type=WindowUpdate payload_bytes=4
2026-09-26T01:47:49.916984Z DEBUG netbaiot_transports::business_rpc::v3: business RPC V3 selected frame stream_id=0 frame_type=WindowUpdate payload_bytes=4
2026-09-26T01:47:49.917015Z DEBUG netbaiot_transports::business_rpc::v3: business RPC V3 writer completed frame stream_id=0 frame_type=WindowUpdate payload_bytes=4
2026-09-26T01:47:49.917037Z DEBUG netbaiot_transports::business_rpc::v3: business RPC V3 selected frame stream_id=0 frame_type=WindowUpdate payload_bytes=4
2026-09-26T01:47:49.917062Z DEBUG netbaiot_transports::business_rpc::v3: business RPC V3 writer completed frame stream_id=0 frame_type=WindowUpdate payload_bytes=4
2026-09-26T01:47:49.917086Z DEBUG netbaiot_transports::business_rpc::v3: business RPC V3 selected frame stream_id=0 frame_type=WindowUpdate payload_bytes=4
2026-09-26T01:47:49.917110Z DEBUG netbaiot_transports::business_rpc::v3: business RPC V3 writer completed frame stream_id=0 frame_type=WindowUpdate payload_bytes=4
2026-09-26T01:47:49.917324Z DEBUG netbaiot_transports::business_rpc::v3: business RPC V3 body entered scheduler stream_id=842 class=Rpc body_bytes=198
2026-09-26T01:47:49.917374Z DEBUG netbaiot_transports::business_rpc::v3: business RPC V3 selected frame stream_id=842 frame_type=Open payload_bytes=158
2026-09-26T01:47:49.917418Z DEBUG netbaiot_transports::business_rpc::v3: business RPC V3 writer completed frame stream_id=842 frame_type=Open payload_bytes=158
2026-09-26T01:47:49.917528Z DEBUG netbaiot_transports::business_rpc::v3: business RPC V3 selected frame stream_id=842 frame_type=Data payload_bytes=198
2026-09-26T01:47:49.917559Z DEBUG netbaiot_transports::business_rpc::v3: business RPC V3 writer completed frame stream_id=842 frame_type=Data payload_bytes=198
2026-09-26T01:47:49.918060Z DEBUG netbaiot_transports::business_rpc::v3: business RPC V3 body entered scheduler stream_id=844 class=Rpc body_bytes=198
2026-09-26T01:47:49.918120Z DEBUG netbaiot_transports::business_rpc::v3: business RPC V3 selected frame stream_id=844 frame_type=Open payload_bytes=158
2026-09-26T01:47:49.918166Z DEBUG netbaiot_transports::business_rpc::v3: business RPC V3 writer completed frame stream_id=844 frame_type=Open payload_bytes=158
2026-09-26T01:47:49.918192Z DEBUG netbaiot_transports::business_rpc::v3: business RPC V3 body entered scheduler stream_id=846 class=Rpc body_bytes=198
2026-09-26T01:47:49.918212Z DEBUG netbaiot_transports::business_rpc::v3: business RPC V3 selected frame stream_id=846 frame_type=Open payload_bytes=158
2026-09-26T01:47:49.918236Z DEBUG netbaiot_transports::business_rpc::v3: business RPC V3 writer completed frame stream_id=846 frame_type=Open payload_bytes=158
2026-09-26T01:47:49.918257Z DEBUG netbaiot_transports::business_rpc::v3: business RPC V3 selected frame stream_id=844 frame_type=Data payload_bytes=198
2026-09-26T01:47:49.918283Z DEBUG netbaiot_transports::business_rpc::v3: business RPC V3 writer completed frame stream_id=844 frame_type=Data payload_bytes=198
2026-09-26T01:47:49.918305Z DEBUG netbaiot_transports::business_rpc::v3: business RPC V3 selected frame stream_id=846 frame_type=Data payload_bytes=198
2026-09-26T01:47:49.918328Z DEBUG netbaiot_transports::business_rpc::v3: business RPC V3 writer completed frame stream_id=846 frame_type=Data payload_bytes=198
2026-09-26T01:47:49.918397Z DEBUG netbaiot_transports::business_rpc::v3: business RPC V3 body entered scheduler stream_id=848 class=Rpc body_bytes=198
2026-09-26T01:47:49.918435Z DEBUG netbaiot_transports::business_rpc::v3: business RPC V3 selected frame stream_id=848 frame_type=Open payload_bytes=158
2026-09-26T01:47:49.918473Z DEBUG netbaiot_transports::business_rpc::v3: business RPC V3 writer completed frame stream_id=848 frame_type=Open payload_bytes=158
2026-09-26T01:47:49.918499Z DEBUG netbaiot_transports::business_rpc::v3: business RPC V3 selected frame stream_id=848 frame_type=Data payload_bytes=198
2026-09-26T01:47:49.918524Z DEBUG netbaiot_transports::business_rpc::v3: business RPC V3 writer completed frame stream_id=848 frame_type=Data payload_bytes=198
2026-09-26T01:47:49.918619Z DEBUG netbaiot_transports::business_rpc::v3: business RPC V3 body entered scheduler stream_id=850 class=Rpc body_bytes=198
2026-09-26T01:47:49.918652Z DEBUG netbaiot_transports::business_rpc::v3: business RPC V3 selected frame stream_id=850 frame_type=Open payload_bytes=158
2026-09-26T01:47:49.918690Z DEBUG netbaiot_transports::business_rpc::v3: business RPC V3 writer completed frame stream_id=850 frame_type=Open payload_bytes=158
2026-09-26T01:47:49.918712Z DEBUG netbaiot_transports::business_rpc::v3: business RPC V3 selected frame stream_id=850 frame_type=Data payload_bytes=198
2026-09-26T01:47:49.918737Z DEBUG netbaiot_transports::business_rpc::v3: business RPC V3 writer completed frame stream_id=850 frame_type=Data payload_bytes=198
2026-09-26T01:47:49.948236Z DEBUG netbaiot_transports::business_rpc::v3: business RPC V3 body entered scheduler stream_id=852 class=Rpc body_bytes=198
2026-09-26T01:47:49.948366Z DEBUG netbaiot_transports::business_rpc::v3: business RPC V3 selected frame stream_id=852 frame_type=Open payload_bytes=158
2026-09-26T01:47:49.948435Z DEBUG netbaiot_transports::business_rpc::v3: business RPC V3 writer completed frame stream_id=852 frame_type=Open payload_bytes=158
2026-09-26T01:47:49.948462Z DEBUG netbaiot_transports::business_rpc::v3: business RPC V3 selected frame stream_id=852 frame_type=Data payload_bytes=198
2026-09-26T01:47:49.948487Z DEBUG netbaiot_transports::business_rpc::v3: business RPC V3 writer completed frame stream_id=852 frame_type=Data payload_bytes=198
2026-09-26T01:47:49.962105Z DEBUG netbaiot_transports::business_rpc::v3: business RPC V3 body entered scheduler stream_id=854 class=Rpc body_bytes=198
2026-09-26T01:47:49.962197Z DEBUG netbaiot_transports::business_rpc::v3: business RPC V3 selected frame stream_id=854 frame_type=Open payload_bytes=158
2026-09-26T01:47:49.962278Z DEBUG netbaiot_transports::business_rpc::v3: business RPC V3 writer completed frame stream_id=854 frame_type=Open payload_bytes=158
2026-09-26T01:47:49.962317Z DEBUG netbaiot_transports::business_rpc::v3: business RPC V3 selected frame stream_id=854 frame_type=Data payload_bytes=198
2026-09-26T01:47:49.962348Z DEBUG netbaiot_transports::business_rpc::v3: business RPC V3 writer completed frame stream_id=854 frame_type=Data payload_bytes=198
2026-09-26T01:47:50.004554Z DEBUG netbaiot_transports::business_rpc::v3: business RPC V3 received frame stream_id=0 frame_type=WindowUpdate payload_bytes=4
2026-09-26T01:47:50.004686Z DEBUG netbaiot_transports::business_rpc::v3: business RPC V3 received frame stream_id=830 frame_type=WindowUpdate payload_bytes=4
2026-09-26T01:47:50.004740Z DEBUG netbaiot_transports::business_rpc::v3: business RPC V3 selected frame stream_id=830 frame_type=Data payload_bytes=982
2026-09-26T01:47:50.004809Z DEBUG netbaiot_transports::business_rpc::v3: business RPC V3 writer completed frame stream_id=830 frame_type=Data payload_bytes=982
2026-09-26T01:47:50.042696Z DEBUG netbaiot_transports::business_rpc::v3: business RPC V3 received frame stream_id=0 frame_type=WindowUpdate payload_bytes=4
2026-09-26T01:47:50.042815Z DEBUG netbaiot_transports::business_rpc::v3: business RPC V3 received frame stream_id=830 frame_type=WindowUpdate payload_bytes=4
2026-09-26T01:47:50.042860Z DEBUG netbaiot_transports::business_rpc::v3: business RPC V3 received frame stream_id=0 frame_type=WindowUpdate payload_bytes=4
2026-09-26T01:47:50.042881Z DEBUG netbaiot_transports::business_rpc::v3: business RPC V3 received frame stream_id=0 frame_type=WindowUpdate payload_bytes=4
2026-09-26T01:47:50.042893Z DEBUG netbaiot_transports::business_rpc::v3: business RPC V3 received frame stream_id=0 frame_type=WindowUpdate payload_bytes=4
2026-09-26T01:47:50.042904Z DEBUG netbaiot_transports::business_rpc::v3: business RPC V3 received frame stream_id=0 frame_type=WindowUpdate payload_bytes=4
2026-09-26T01:47:50.042914Z DEBUG netbaiot_transports::business_rpc::v3: business RPC V3 received frame stream_id=0 frame_type=WindowUpdate payload_bytes=4
2026-09-26T01:47:50.042925Z DEBUG netbaiot_transports::business_rpc::v3: business RPC V3 received frame stream_id=0 frame_type=WindowUpdate payload_bytes=4
2026-09-26T01:47:50.042933Z DEBUG netbaiot_transports::business_rpc::v3: business RPC V3 received frame stream_id=0 frame_type=WindowUpdate payload_bytes=4
2026-09-26T01:47:50.042942Z DEBUG netbaiot_transports::business_rpc::v3: business RPC V3 received frame stream_id=0 frame_type=WindowUpdate payload_bytes=4
2026-09-26T01:47:50.042950Z DEBUG netbaiot_transports::business_rpc::v3: business RPC V3 received frame stream_id=0 frame_type=WindowUpdate payload_bytes=4
2026-09-26T01:47:50.042957Z DEBUG netbaiot_transports::business_rpc::v3: business RPC V3 received frame stream_id=0 frame_type=WindowUpdate payload_bytes=4
2026-09-26T01:47:50.042966Z DEBUG netbaiot_transports::business_rpc::v3: business RPC V3 received frame stream_id=0 frame_type=WindowUpdate payload_bytes=4
2026-09-26T01:47:50.042975Z DEBUG netbaiot_transports::business_rpc::v3: business RPC V3 received frame stream_id=834 frame_type=Response payload_bytes=35
2026-09-26T01:47:50.042992Z DEBUG netbaiot_transports::business_rpc::v3: business RPC V3 received frame stream_id=852 frame_type=Response payload_bytes=35
2026-09-26T01:47:50.043003Z DEBUG netbaiot_transports::business_rpc::v3: business RPC V3 received frame stream_id=840 frame_type=Response payload_bytes=35
2026-09-26T01:47:50.043013Z DEBUG netbaiot_transports::business_rpc::v3: business RPC V3 received frame stream_id=832 frame_type=Response payload_bytes=35
2026-09-26T01:47:50.043106Z DEBUG netbaiot_transports::business_rpc::v3: business RPC V3 received frame stream_id=834 frame_type=Data payload_bytes=216
2026-09-26T01:47:50.043179Z DEBUG netbaiot_transports::business_rpc::v3: business RPC V3 received frame stream_id=842 frame_type=Response payload_bytes=35
2026-09-26T01:47:50.043212Z DEBUG netbaiot_transports::business_rpc::v3: business RPC V3 selected frame stream_id=0 frame_type=WindowUpdate payload_bytes=4
2026-09-26T01:47:50.043215Z DEBUG netbaiot_transports::business_rpc::v3: business RPC V3 received frame stream_id=836 frame_type=Response payload_bytes=35
2026-09-26T01:47:50.043366Z DEBUG netbaiot_transports::business_rpc::v3: business RPC V3 writer completed frame stream_id=0 frame_type=WindowUpdate payload_bytes=4
2026-09-26T01:47:50.043370Z DEBUG netbaiot_transports::business_rpc::v3: business RPC V3 received frame stream_id=844 frame_type=Response payload_bytes=35
2026-09-26T01:47:50.043410Z DEBUG netbaiot_transports::business_rpc::v3: business RPC V3 received frame stream_id=846 frame_type=Response payload_bytes=35
2026-09-26T01:47:50.043422Z DEBUG netbaiot_transports::business_rpc::v3: business RPC V3 received frame stream_id=852 frame_type=Data payload_bytes=216
2026-09-26T01:47:50.043473Z DEBUG netbaiot_transports::business_rpc::v3: business RPC V3 received frame stream_id=848 frame_type=Response payload_bytes=35
2026-09-26T01:47:50.043492Z DEBUG netbaiot_transports::business_rpc::v3: business RPC V3 received frame stream_id=838 frame_type=Response payload_bytes=35
2026-09-26T01:47:50.043505Z DEBUG netbaiot_transports::business_rpc::v3: business RPC V3 received frame stream_id=850 frame_type=Response payload_bytes=35
2026-09-26T01:47:50.043515Z DEBUG netbaiot_transports::business_rpc::v3: business RPC V3 received frame stream_id=840 frame_type=Data payload_bytes=216
2026-09-26T01:47:50.043478Z DEBUG netbaiot_transports::business_rpc::v3: business RPC V3 selected frame stream_id=0 frame_type=WindowUpdate payload_bytes=4
2026-09-26T01:47:50.043535Z DEBUG netbaiot_transports::business_rpc::v3: business RPC V3 received frame stream_id=832 frame_type=Data payload_bytes=216
2026-09-26T01:47:50.043590Z DEBUG netbaiot_transports::business_rpc::v3: business RPC V3 received frame stream_id=842 frame_type=Data payload_bytes=216
2026-09-26T01:47:50.043568Z DEBUG netbaiot_transports::business_rpc::v3: business RPC V3 writer completed frame stream_id=0 frame_type=WindowUpdate payload_bytes=4
2026-09-26T01:47:50.043662Z DEBUG netbaiot_transports::business_rpc::v3: business RPC V3 selected frame stream_id=0 frame_type=WindowUpdate payload_bytes=4
2026-09-26T01:47:50.043687Z DEBUG netbaiot_transports::business_rpc::v3: business RPC V3 writer completed frame stream_id=0 frame_type=WindowUpdate payload_bytes=4
2026-09-26T01:47:50.043702Z DEBUG netbaiot_transports::business_rpc::v3: business RPC V3 selected frame stream_id=0 frame_type=WindowUpdate payload_bytes=4
2026-09-26T01:47:50.043717Z DEBUG netbaiot_transports::business_rpc::v3: business RPC V3 writer completed frame stream_id=0 frame_type=WindowUpdate payload_bytes=4
2026-09-26T01:47:50.043726Z DEBUG netbaiot_transports::business_rpc::v3: business RPC V3 selected frame stream_id=0 frame_type=WindowUpdate payload_bytes=4
2026-09-26T01:47:50.043736Z DEBUG netbaiot_transports::business_rpc::v3: business RPC V3 writer completed frame stream_id=0 frame_type=WindowUpdate payload_bytes=4
2026-09-26T01:47:50.043648Z DEBUG netbaiot_transports::business_rpc::v3: business RPC V3 received frame stream_id=836 frame_type=Data payload_bytes=216
2026-09-26T01:47:50.043832Z DEBUG netbaiot_transports::business_rpc::v3: business RPC V3 received frame stream_id=844 frame_type=Data payload_bytes=216
2026-09-26T01:47:50.043850Z DEBUG netbaiot_transports::business_rpc::v3: business RPC V3 received frame stream_id=846 frame_type=Data payload_bytes=216
2026-09-26T01:47:50.043869Z DEBUG netbaiot_transports::business_rpc::v3: business RPC V3 received frame stream_id=848 frame_type=Data payload_bytes=216
2026-09-26T01:47:50.043856Z DEBUG netbaiot_transports::business_rpc::v3: business RPC V3 selected frame stream_id=0 frame_type=WindowUpdate payload_bytes=4
2026-09-26T01:47:50.044134Z DEBUG netbaiot_transports::business_rpc::v3: business RPC V3 received frame stream_id=838 frame_type=Data payload_bytes=216
2026-09-26T01:47:50.044167Z DEBUG netbaiot_transports::business_rpc::v3: business RPC V3 received frame stream_id=850 frame_type=Data payload_bytes=216
2026-09-26T01:47:50.044146Z DEBUG netbaiot_transports::business_rpc::v3: business RPC V3 writer completed frame stream_id=0 frame_type=WindowUpdate payload_bytes=4
2026-09-26T01:47:50.044228Z DEBUG netbaiot_transports::business_rpc::v3: business RPC V3 selected frame stream_id=0 frame_type=WindowUpdate payload_bytes=4
2026-09-26T01:47:50.044280Z DEBUG netbaiot_transports::business_rpc::v3: business RPC V3 writer completed frame stream_id=0 frame_type=WindowUpdate payload_bytes=4
2026-09-26T01:47:50.044295Z DEBUG netbaiot_transports::business_rpc::v3: business RPC V3 selected frame stream_id=0 frame_type=WindowUpdate payload_bytes=4
2026-09-26T01:47:50.044370Z DEBUG netbaiot_transports::business_rpc::v3: business RPC V3 writer completed frame stream_id=0 frame_type=WindowUpdate payload_bytes=4
2026-09-26T01:47:50.044386Z DEBUG netbaiot_transports::business_rpc::v3: business RPC V3 selected frame stream_id=0 frame_type=WindowUpdate payload_bytes=4
2026-09-26T01:47:50.044399Z DEBUG netbaiot_transports::business_rpc::v3: business RPC V3 writer completed frame stream_id=0 frame_type=WindowUpdate payload_bytes=4
2026-09-26T01:47:50.044408Z DEBUG netbaiot_transports::business_rpc::v3: business RPC V3 selected frame stream_id=0 frame_type=WindowUpdate payload_bytes=4
2026-09-26T01:47:50.044420Z DEBUG netbaiot_transports::business_rpc::v3: business RPC V3 writer completed frame stream_id=0 frame_type=WindowUpdate payload_bytes=4
2026-09-26T01:47:50.044428Z DEBUG netbaiot_transports::business_rpc::v3: business RPC V3 selected frame stream_id=0 frame_type=WindowUpdate payload_bytes=4
2026-09-26T01:47:50.044439Z DEBUG netbaiot_transports::business_rpc::v3: business RPC V3 writer completed frame stream_id=0 frame_type=WindowUpdate payload_bytes=4
2026-09-26T01:47:50.044718Z DEBUG netbaiot_transports::business_rpc::v3: business RPC V3 body entered scheduler stream_id=856 class=Rpc body_bytes=198
2026-09-26T01:47:50.044756Z DEBUG netbaiot_transports::business_rpc::v3: business RPC V3 selected frame stream_id=856 frame_type=Open payload_bytes=158
2026-09-26T01:47:50.044777Z DEBUG netbaiot_transports::business_rpc::v3: business RPC V3 writer completed frame stream_id=856 frame_type=Open payload_bytes=158
2026-09-26T01:47:50.044793Z DEBUG netbaiot_transports::business_rpc::v3: business RPC V3 body entered scheduler stream_id=858 class=Rpc body_bytes=198
2026-09-26T01:47:50.044822Z DEBUG netbaiot_transports::business_rpc::v3: business RPC V3 selected frame stream_id=858 frame_type=Open payload_bytes=158
2026-09-26T01:47:50.044837Z DEBUG netbaiot_transports::business_rpc::v3: business RPC V3 writer completed frame stream_id=858 frame_type=Open payload_bytes=158
2026-09-26T01:47:50.044847Z DEBUG netbaiot_transports::business_rpc::v3: business RPC V3 selected frame stream_id=856 frame_type=Data payload_bytes=198
2026-09-26T01:47:50.044860Z DEBUG netbaiot_transports::business_rpc::v3: business RPC V3 writer completed frame stream_id=856 frame_type=Data payload_bytes=198
2026-09-26T01:47:50.044871Z DEBUG netbaiot_transports::business_rpc::v3: business RPC V3 body entered scheduler stream_id=860 class=Rpc body_bytes=198
2026-09-26T01:47:50.044880Z DEBUG netbaiot_transports::business_rpc::v3: business RPC V3 selected frame stream_id=860 frame_type=Open payload_bytes=158
2026-09-26T01:47:50.044891Z DEBUG netbaiot_transports::business_rpc::v3: business RPC V3 writer completed frame stream_id=860 frame_type=Open payload_bytes=158
2026-09-26T01:47:50.044899Z DEBUG netbaiot_transports::business_rpc::v3: business RPC V3 selected frame stream_id=858 frame_type=Data payload_bytes=198
2026-09-26T01:47:50.044910Z DEBUG netbaiot_transports::business_rpc::v3: business RPC V3 writer completed frame stream_id=858 frame_type=Data payload_bytes=198
2026-09-26T01:47:50.044995Z DEBUG netbaiot_transports::business_rpc::v3: business RPC V3 body entered scheduler stream_id=862 class=Rpc body_bytes=198
2026-09-26T01:47:50.045004Z DEBUG netbaiot_transports::business_rpc::v3: business RPC V3 selected frame stream_id=862 frame_type=Open payload_bytes=158
2026-09-26T01:47:50.045018Z DEBUG netbaiot_transports::business_rpc::v3: business RPC V3 writer completed frame stream_id=862 frame_type=Open payload_bytes=158
2026-09-26T01:47:50.045029Z DEBUG netbaiot_transports::business_rpc::v3: business RPC V3 selected frame stream_id=860 frame_type=Data payload_bytes=198
2026-09-26T01:47:50.045039Z DEBUG netbaiot_transports::business_rpc::v3: business RPC V3 writer completed frame stream_id=860 frame_type=Data payload_bytes=198
2026-09-26T01:47:50.045047Z DEBUG netbaiot_transports::business_rpc::v3: business RPC V3 body entered scheduler stream_id=864 class=Rpc body_bytes=198
2026-09-26T01:47:50.045054Z DEBUG netbaiot_transports::business_rpc::v3: business RPC V3 selected frame stream_id=864 frame_type=Open payload_bytes=158
2026-09-26T01:47:50.045063Z DEBUG netbaiot_transports::business_rpc::v3: business RPC V3 writer completed frame stream_id=864 frame_type=Open payload_bytes=158
2026-09-26T01:47:50.045071Z DEBUG netbaiot_transports::business_rpc::v3: business RPC V3 selected frame stream_id=862 frame_type=Data payload_bytes=198
2026-09-26T01:47:50.045080Z DEBUG netbaiot_transports::business_rpc::v3: business RPC V3 writer completed frame stream_id=862 frame_type=Data payload_bytes=198
2026-09-26T01:47:50.045088Z DEBUG netbaiot_transports::business_rpc::v3: business RPC V3 selected frame stream_id=864 frame_type=Data payload_bytes=198
2026-09-26T01:47:50.045099Z DEBUG netbaiot_transports::business_rpc::v3: business RPC V3 writer completed frame stream_id=864 frame_type=Data payload_bytes=198
2026-09-26T01:47:50.045107Z DEBUG netbaiot_transports::business_rpc::v3: business RPC V3 body entered scheduler stream_id=866 class=Rpc body_bytes=198
2026-09-26T01:47:50.045114Z DEBUG netbaiot_transports::business_rpc::v3: business RPC V3 selected frame stream_id=866 frame_type=Open payload_bytes=158
2026-09-26T01:47:50.045123Z DEBUG netbaiot_transports::business_rpc::v3: business RPC V3 writer completed frame stream_id=866 frame_type=Open payload_bytes=158
2026-09-26T01:47:50.045130Z DEBUG netbaiot_transports::business_rpc::v3: business RPC V3 selected frame stream_id=866 frame_type=Data payload_bytes=198
2026-09-26T01:47:50.045141Z DEBUG netbaiot_transports::business_rpc::v3: business RPC V3 writer completed frame stream_id=866 frame_type=Data payload_bytes=198
2026-09-26T01:47:50.045170Z DEBUG netbaiot_transports::business_rpc::v3: business RPC V3 body entered scheduler stream_id=868 class=Rpc body_bytes=198
2026-09-26T01:47:50.045190Z DEBUG netbaiot_transports::business_rpc::v3: business RPC V3 selected frame stream_id=868 frame_type=Open payload_bytes=158
2026-09-26T01:47:50.045207Z DEBUG netbaiot_transports::business_rpc::v3: business RPC V3 writer completed frame stream_id=868 frame_type=Open payload_bytes=158
2026-09-26T01:47:50.045219Z DEBUG netbaiot_transports::business_rpc::v3: business RPC V3 selected frame stream_id=868 frame_type=Data payload_bytes=198
2026-09-26T01:47:50.045231Z DEBUG netbaiot_transports::business_rpc::v3: business RPC V3 writer completed frame stream_id=868 frame_type=Data payload_bytes=198
2026-09-26T01:47:50.045312Z DEBUG netbaiot_transports::business_rpc::v3: business RPC V3 body entered scheduler stream_id=870 class=Rpc body_bytes=198
2026-09-26T01:47:50.045330Z DEBUG netbaiot_transports::business_rpc::v3: business RPC V3 body entered scheduler stream_id=872 class=Rpc body_bytes=198
2026-09-26T01:47:50.045339Z DEBUG netbaiot_transports::business_rpc::v3: business RPC V3 selected frame stream_id=870 frame_type=Open payload_bytes=158
2026-09-26T01:47:50.045354Z DEBUG netbaiot_transports::business_rpc::v3: business RPC V3 writer completed frame stream_id=870 frame_type=Open payload_bytes=158
2026-09-26T01:47:50.045401Z DEBUG netbaiot_transports::business_rpc::v3: business RPC V3 selected frame stream_id=872 frame_type=Open payload_bytes=158
2026-09-26T01:47:50.045412Z DEBUG netbaiot_transports::business_rpc::v3: business RPC V3 writer completed frame stream_id=872 frame_type=Open payload_bytes=158
2026-09-26T01:47:50.045420Z DEBUG netbaiot_transports::business_rpc::v3: business RPC V3 selected frame stream_id=870 frame_type=Data payload_bytes=198
2026-09-26T01:47:50.045430Z DEBUG netbaiot_transports::business_rpc::v3: business RPC V3 writer completed frame stream_id=870 frame_type=Data payload_bytes=198
2026-09-26T01:47:50.045438Z DEBUG netbaiot_transports::business_rpc::v3: business RPC V3 selected frame stream_id=872 frame_type=Data payload_bytes=198
2026-09-26T01:47:50.045448Z DEBUG netbaiot_transports::business_rpc::v3: business RPC V3 writer completed frame stream_id=872 frame_type=Data payload_bytes=198
2026-09-26T01:47:50.045619Z DEBUG netbaiot_transports::business_rpc::v3: business RPC V3 body entered scheduler stream_id=874 class=Rpc body_bytes=198
2026-09-26T01:47:50.045641Z DEBUG netbaiot_transports::business_rpc::v3: business RPC V3 selected frame stream_id=874 frame_type=Open payload_bytes=158
2026-09-26T01:47:50.045656Z DEBUG netbaiot_transports::business_rpc::v3: business RPC V3 writer completed frame stream_id=874 frame_type=Open payload_bytes=158
2026-09-26T01:47:50.045666Z DEBUG netbaiot_transports::business_rpc::v3: business RPC V3 selected frame stream_id=874 frame_type=Data payload_bytes=198
2026-09-26T01:47:50.045679Z DEBUG netbaiot_transports::business_rpc::v3: business RPC V3 writer completed frame stream_id=874 frame_type=Data payload_bytes=198
2026-09-26T01:47:50.071280Z DEBUG netbaiot_transports::business_rpc::v3: business RPC V3 received frame stream_id=0 frame_type=WindowUpdate payload_bytes=4
2026-09-26T01:47:50.071383Z DEBUG netbaiot_transports::business_rpc::v3: business RPC V3 received frame stream_id=854 frame_type=Response payload_bytes=35
2026-09-26T01:47:50.071416Z DEBUG netbaiot_transports::business_rpc::v3: business RPC V3 received frame stream_id=854 frame_type=Data payload_bytes=216
2026-09-26T01:47:50.071488Z DEBUG netbaiot_transports::business_rpc::v3: business RPC V3 selected frame stream_id=0 frame_type=WindowUpdate payload_bytes=4
2026-09-26T01:47:50.071548Z DEBUG netbaiot_transports::business_rpc::v3: business RPC V3 writer completed frame stream_id=0 frame_type=WindowUpdate payload_bytes=4
2026-09-26T01:47:50.098476Z DEBUG netbaiot_transports::business_rpc::v3: business RPC V3 received frame stream_id=0 frame_type=WindowUpdate payload_bytes=4
2026-09-26T01:47:50.098581Z DEBUG netbaiot_transports::business_rpc::v3: business RPC V3 received frame stream_id=830 frame_type=Response payload_bytes=35
2026-09-26T01:47:50.098611Z DEBUG netbaiot_transports::business_rpc::v3: business RPC V3 received frame stream_id=830 frame_type=Data payload_bytes=118
2026-09-26T01:47:50.098634Z DEBUG netbaiot_transports::business_rpc::v3: business RPC V3 Event delivery acknowledged stream_id=830 completion_us=242759
2026-09-26T01:47:50.098675Z DEBUG netbaiot_transports::business_rpc::v3: business RPC V3 selected frame stream_id=0 frame_type=WindowUpdate payload_bytes=4
2026-09-26T01:47:50.098714Z DEBUG netbaiot_transports::business_rpc::v3: business RPC V3 writer completed frame stream_id=0 frame_type=WindowUpdate payload_bytes=4
2026-09-26T01:47:50.165670Z DEBUG netbaiot_transports::business_rpc::v3: business RPC V3 received frame stream_id=0 frame_type=WindowUpdate payload_bytes=4
2026-09-26T01:47:50.165775Z DEBUG netbaiot_transports::business_rpc::v3: business RPC V3 received frame stream_id=0 frame_type=WindowUpdate payload_bytes=4
2026-09-26T01:47:50.165804Z DEBUG netbaiot_transports::business_rpc::v3: business RPC V3 received frame stream_id=0 frame_type=WindowUpdate payload_bytes=4
2026-09-26T01:47:50.165828Z DEBUG netbaiot_transports::business_rpc::v3: business RPC V3 received frame stream_id=0 frame_type=WindowUpdate payload_bytes=4
2026-09-26T01:47:50.165912Z DEBUG netbaiot_transports::business_rpc::v3: business RPC V3 received frame stream_id=0 frame_type=WindowUpdate payload_bytes=4
2026-09-26T01:47:50.165933Z DEBUG netbaiot_transports::business_rpc::v3: business RPC V3 received frame stream_id=0 frame_type=WindowUpdate payload_bytes=4
2026-09-26T01:47:50.165953Z DEBUG netbaiot_transports::business_rpc::v3: business RPC V3 received frame stream_id=0 frame_type=WindowUpdate payload_bytes=4
2026-09-26T01:47:50.165970Z DEBUG netbaiot_transports::business_rpc::v3: business RPC V3 received frame stream_id=0 frame_type=WindowUpdate payload_bytes=4
2026-09-26T01:47:50.165986Z DEBUG netbaiot_transports::business_rpc::v3: business RPC V3 received frame stream_id=0 frame_type=WindowUpdate payload_bytes=4
2026-09-26T01:47:50.166003Z DEBUG netbaiot_transports::business_rpc::v3: business RPC V3 received frame stream_id=0 frame_type=WindowUpdate payload_bytes=4
2026-09-26T01:47:50.166022Z DEBUG netbaiot_transports::business_rpc::v3: business RPC V3 received frame stream_id=856 frame_type=Response payload_bytes=35
2026-09-26T01:47:50.166051Z DEBUG netbaiot_transports::business_rpc::v3: business RPC V3 received frame stream_id=874 frame_type=Response payload_bytes=35
2026-09-26T01:47:50.166073Z DEBUG netbaiot_transports::business_rpc::v3: business RPC V3 received frame stream_id=864 frame_type=Response payload_bytes=35
2026-09-26T01:47:50.166093Z DEBUG netbaiot_transports::business_rpc::v3: business RPC V3 received frame stream_id=860 frame_type=Response payload_bytes=35
2026-09-26T01:47:50.166109Z DEBUG netbaiot_transports::business_rpc::v3: business RPC V3 received frame stream_id=856 frame_type=Data payload_bytes=216
2026-09-26T01:47:50.166178Z DEBUG netbaiot_transports::business_rpc::v3: business RPC V3 received frame stream_id=866 frame_type=Response payload_bytes=35
2026-09-26T01:47:50.166201Z DEBUG netbaiot_transports::business_rpc::v3: business RPC V3 received frame stream_id=862 frame_type=Response payload_bytes=35
2026-09-26T01:47:50.166209Z DEBUG netbaiot_transports::business_rpc::v3: business RPC V3 selected frame stream_id=0 frame_type=WindowUpdate payload_bytes=4
2026-09-26T01:47:50.166219Z DEBUG netbaiot_transports::business_rpc::v3: business RPC V3 received frame stream_id=858 frame_type=Response payload_bytes=35
2026-09-26T01:47:50.166279Z DEBUG netbaiot_transports::business_rpc::v3: business RPC V3 writer completed frame stream_id=0 frame_type=WindowUpdate payload_bytes=4
2026-09-26T01:47:50.166284Z DEBUG netbaiot_transports::business_rpc::v3: business RPC V3 received frame stream_id=870 frame_type=Response payload_bytes=35
2026-09-26T01:47:50.166342Z DEBUG netbaiot_transports::business_rpc::v3: business RPC V3 received frame stream_id=874 frame_type=Data payload_bytes=216
2026-09-26T01:47:50.166384Z DEBUG netbaiot_transports::business_rpc::v3: business RPC V3 received frame stream_id=872 frame_type=Response payload_bytes=35
2026-09-26T01:47:50.166408Z DEBUG netbaiot_transports::business_rpc::v3: business RPC V3 received frame stream_id=868 frame_type=Response payload_bytes=35
2026-09-26T01:47:50.166410Z DEBUG netbaiot_transports::business_rpc::v3: business RPC V3 selected frame stream_id=0 frame_type=WindowUpdate payload_bytes=4
2026-09-26T01:47:50.166434Z DEBUG netbaiot_transports::business_rpc::v3: business RPC V3 received frame stream_id=864 frame_type=Data payload_bytes=216
2026-09-26T01:47:50.166496Z DEBUG netbaiot_transports::business_rpc::v3: business RPC V3 writer completed frame stream_id=0 frame_type=WindowUpdate payload_bytes=4
2026-09-26T01:47:50.166561Z DEBUG netbaiot_transports::business_rpc::v3: business RPC V3 selected frame stream_id=0 frame_type=WindowUpdate payload_bytes=4
2026-09-26T01:47:50.166564Z DEBUG netbaiot_transports::business_rpc::v3: business RPC V3 received frame stream_id=860 frame_type=Data payload_bytes=216
2026-09-26T01:47:50.166610Z DEBUG netbaiot_transports::business_rpc::v3: business RPC V3 writer completed frame stream_id=0 frame_type=WindowUpdate payload_bytes=4
2026-09-26T01:47:50.166678Z DEBUG netbaiot_transports::business_rpc::v3: business RPC V3 selected frame stream_id=0 frame_type=WindowUpdate payload_bytes=4
2026-09-26T01:47:50.166708Z DEBUG netbaiot_transports::business_rpc::v3: business RPC V3 received frame stream_id=866 frame_type=Data payload_bytes=216
2026-09-26T01:47:50.166839Z DEBUG netbaiot_transports::business_rpc::v3: business RPC V3 writer completed frame stream_id=0 frame_type=WindowUpdate payload_bytes=4
2026-09-26T01:47:50.166912Z DEBUG netbaiot_transports::business_rpc::v3: business RPC V3 selected frame stream_id=0 frame_type=WindowUpdate payload_bytes=4
2026-09-26T01:47:50.166954Z DEBUG netbaiot_transports::business_rpc::v3: business RPC V3 writer completed frame stream_id=0 frame_type=WindowUpdate payload_bytes=4
2026-09-26T01:47:50.166896Z DEBUG netbaiot_transports::business_rpc::v3: business RPC V3 received frame stream_id=862 frame_type=Data payload_bytes=216
2026-09-26T01:47:50.167049Z DEBUG netbaiot_transports::business_rpc::v3: business RPC V3 received frame stream_id=858 frame_type=Data payload_bytes=216
2026-09-26T01:47:50.167091Z DEBUG netbaiot_transports::business_rpc::v3: business RPC V3 received frame stream_id=870 frame_type=Data payload_bytes=216
2026-09-26T01:47:50.167131Z DEBUG netbaiot_transports::business_rpc::v3: business RPC V3 received frame stream_id=872 frame_type=Data payload_bytes=216
2026-09-26T01:47:50.167174Z DEBUG netbaiot_transports::business_rpc::v3: business RPC V3 received frame stream_id=868 frame_type=Data payload_bytes=216
2026-09-26T01:47:50.167143Z DEBUG netbaiot_transports::business_rpc::v3: business RPC V3 selected frame stream_id=0 frame_type=WindowUpdate payload_bytes=4
2026-09-26T01:47:50.167251Z DEBUG netbaiot_transports::business_rpc::v3: business RPC V3 writer completed frame stream_id=0 frame_type=WindowUpdate payload_bytes=4
2026-09-26T01:47:50.167274Z DEBUG netbaiot_transports::business_rpc::v3: business RPC V3 selected frame stream_id=0 frame_type=WindowUpdate payload_bytes=4
2026-09-26T01:47:50.167303Z DEBUG netbaiot_transports::business_rpc::v3: business RPC V3 writer completed frame stream_id=0 frame_type=WindowUpdate payload_bytes=4
2026-09-26T01:47:50.167322Z DEBUG netbaiot_transports::business_rpc::v3: business RPC V3 selected frame stream_id=0 frame_type=WindowUpdate payload_bytes=4
2026-09-26T01:47:50.167349Z DEBUG netbaiot_transports::business_rpc::v3: business RPC V3 writer completed frame stream_id=0 frame_type=WindowUpdate payload_bytes=4
2026-09-26T01:47:50.167369Z DEBUG netbaiot_transports::business_rpc::v3: business RPC V3 selected frame stream_id=0 frame_type=WindowUpdate payload_bytes=4
2026-09-26T01:47:50.167393Z DEBUG netbaiot_transports::business_rpc::v3: business RPC V3 writer completed frame stream_id=0 frame_type=WindowUpdate payload_bytes=4
2026-09-26T01:47:50.167410Z DEBUG netbaiot_transports::business_rpc::v3: business RPC V3 selected frame stream_id=0 frame_type=WindowUpdate payload_bytes=4
2026-09-26T01:47:50.167435Z DEBUG netbaiot_transports::business_rpc::v3: business RPC V3 writer completed frame stream_id=0 frame_type=WindowUpdate payload_bytes=4
2026-09-26T01:47:50.354769Z DEBUG netbaiot_transports::business_rpc::v3: business RPC V3 body entered scheduler stream_id=876 class=Event body_bytes=17366
2026-09-26T01:47:50.354868Z DEBUG netbaiot_transports::business_rpc::v3: business RPC V3 selected frame stream_id=876 frame_type=Open payload_bytes=184
2026-09-26T01:47:50.354894Z DEBUG netbaiot_transports::business_rpc::v3: business RPC V3 writer completed frame stream_id=876 frame_type=Open payload_bytes=184
2026-09-26T01:47:50.354907Z DEBUG netbaiot_transports::business_rpc::v3: business RPC V3 selected frame stream_id=876 frame_type=Data payload_bytes=8192
2026-09-26T01:47:50.354921Z DEBUG netbaiot_transports::business_rpc::v3: business RPC V3 writer completed frame stream_id=876 frame_type=Data payload_bytes=8192
2026-09-26T01:47:50.354930Z DEBUG netbaiot_transports::business_rpc::v3: business RPC V3 selected frame stream_id=876 frame_type=Data payload_bytes=8192
2026-09-26T01:47:50.354947Z DEBUG netbaiot_transports::business_rpc::v3: business RPC V3 writer completed frame stream_id=876 frame_type=Data payload_bytes=8192
2026-09-26T01:47:50.501572Z DEBUG netbaiot_transports::business_rpc::v3: business RPC V3 received frame stream_id=0 frame_type=WindowUpdate payload_bytes=4
2026-09-26T01:47:50.501643Z DEBUG netbaiot_transports::business_rpc::v3: business RPC V3 received frame stream_id=876 frame_type=WindowUpdate payload_bytes=4
2026-09-26T01:47:50.501669Z DEBUG netbaiot_transports::business_rpc::v3: business RPC V3 selected frame stream_id=876 frame_type=Data payload_bytes=982
2026-09-26T01:47:50.501698Z DEBUG netbaiot_transports::business_rpc::v3: business RPC V3 writer completed frame stream_id=876 frame_type=Data payload_bytes=982
2026-09-26T01:47:50.528911Z DEBUG netbaiot_transports::business_rpc::v3: business RPC V3 received frame stream_id=0 frame_type=WindowUpdate payload_bytes=4
2026-09-26T01:47:50.528948Z DEBUG netbaiot_transports::business_rpc::v3: business RPC V3 received frame stream_id=876 frame_type=WindowUpdate payload_bytes=4
2026-09-26T01:47:50.615578Z DEBUG netbaiot_transports::business_rpc::v3: business RPC V3 received frame stream_id=0 frame_type=WindowUpdate payload_bytes=4
2026-09-26T01:47:50.615670Z DEBUG netbaiot_transports::business_rpc::v3: business RPC V3 received frame stream_id=876 frame_type=Response payload_bytes=35
2026-09-26T01:47:50.615696Z DEBUG netbaiot_transports::business_rpc::v3: business RPC V3 received frame stream_id=876 frame_type=Data payload_bytes=118
2026-09-26T01:47:50.615719Z DEBUG netbaiot_transports::business_rpc::v3: business RPC V3 Event delivery acknowledged stream_id=876 completion_us=260969
2026-09-26T01:47:50.615762Z DEBUG netbaiot_transports::business_rpc::v3: business RPC V3 selected frame stream_id=0 frame_type=WindowUpdate payload_bytes=4
2026-09-26T01:47:50.615812Z DEBUG netbaiot_transports::business_rpc::v3: business RPC V3 writer completed frame stream_id=0 frame_type=WindowUpdate payload_bytes=4
2026-09-26T01:47:50.718305Z DEBUG netbaiot_transports::business_rpc::v3: business RPC V3 body entered scheduler stream_id=878 class=Rpc body_bytes=198
2026-09-26T01:47:50.718424Z DEBUG netbaiot_transports::business_rpc::v3: business RPC V3 selected frame stream_id=878 frame_type=Open payload_bytes=158
2026-09-26T01:47:50.718485Z DEBUG netbaiot_transports::business_rpc::v3: business RPC V3 writer completed frame stream_id=878 frame_type=Open payload_bytes=158
2026-09-26T01:47:50.718517Z DEBUG netbaiot_transports::business_rpc::v3: business RPC V3 selected frame stream_id=878 frame_type=Data payload_bytes=198
2026-09-26T01:47:50.718543Z DEBUG netbaiot_transports::business_rpc::v3: business RPC V3 writer completed frame stream_id=878 frame_type=Data payload_bytes=198
2026-09-26T01:47:50.764101Z DEBUG netbaiot_transports::business_rpc::v3: business RPC V3 body entered scheduler stream_id=880 class=Rpc body_bytes=198
2026-09-26T01:47:50.764178Z DEBUG netbaiot_transports::business_rpc::v3: business RPC V3 selected frame stream_id=880 frame_type=Open payload_bytes=158
2026-09-26T01:47:50.764235Z DEBUG netbaiot_transports::business_rpc::v3: business RPC V3 writer completed frame stream_id=880 frame_type=Open payload_bytes=158
2026-09-26T01:47:50.764260Z DEBUG netbaiot_transports::business_rpc::v3: business RPC V3 selected frame stream_id=880 frame_type=Data payload_bytes=198
2026-09-26T01:47:50.764280Z DEBUG netbaiot_transports::business_rpc::v3: business RPC V3 writer completed frame stream_id=880 frame_type=Data payload_bytes=198
2026-09-26T01:47:50.832283Z DEBUG netbaiot_transports::business_rpc::v3: business RPC V3 received frame stream_id=0 frame_type=WindowUpdate payload_bytes=4
2026-09-26T01:47:50.832403Z DEBUG netbaiot_transports::business_rpc::v3: business RPC V3 received frame stream_id=878 frame_type=Response payload_bytes=35
2026-09-26T01:47:50.832436Z DEBUG netbaiot_transports::business_rpc::v3: business RPC V3 received frame stream_id=878 frame_type=Data payload_bytes=216
2026-09-26T01:47:50.832514Z DEBUG netbaiot_transports::business_rpc::v3: business RPC V3 selected frame stream_id=0 frame_type=WindowUpdate payload_bytes=4
2026-09-26T01:47:50.832643Z DEBUG netbaiot_transports::business_rpc::v3: business RPC V3 writer completed frame stream_id=0 frame_type=WindowUpdate payload_bytes=4
2026-09-26T01:47:50.832762Z DEBUG netbaiot_transports::business_rpc::v3: business RPC V3 body entered scheduler stream_id=882 class=Rpc body_bytes=198
2026-09-26T01:47:50.832794Z DEBUG netbaiot_transports::business_rpc::v3: business RPC V3 selected frame stream_id=882 frame_type=Open payload_bytes=158
2026-09-26T01:47:50.832817Z DEBUG netbaiot_transports::business_rpc::v3: business RPC V3 writer completed frame stream_id=882 frame_type=Open payload_bytes=158
2026-09-26T01:47:50.832833Z DEBUG netbaiot_transports::business_rpc::v3: business RPC V3 selected frame stream_id=882 frame_type=Data payload_bytes=198
2026-09-26T01:47:50.832847Z DEBUG netbaiot_transports::business_rpc::v3: business RPC V3 writer completed frame stream_id=882 frame_type=Data payload_bytes=198
2026-09-26T01:47:50.833139Z DEBUG netbaiot_transports::business_rpc::v3: business RPC V3 body entered scheduler stream_id=884 class=Rpc body_bytes=198
2026-09-26T01:47:50.833163Z DEBUG netbaiot_transports::business_rpc::v3: business RPC V3 selected frame stream_id=884 frame_type=Open payload_bytes=158
2026-09-26T01:47:50.833182Z DEBUG netbaiot_transports::business_rpc::v3: business RPC V3 writer completed frame stream_id=884 frame_type=Open payload_bytes=158
2026-09-26T01:47:50.833194Z DEBUG netbaiot_transports::business_rpc::v3: business RPC V3 selected frame stream_id=884 frame_type=Data payload_bytes=198
2026-09-26T01:47:50.833208Z DEBUG netbaiot_transports::business_rpc::v3: business RPC V3 writer completed frame stream_id=884 frame_type=Data payload_bytes=198
2026-09-26T01:47:50.856174Z DEBUG netbaiot_transports::business_rpc::v3: business RPC V3 body entered scheduler stream_id=886 class=Event body_bytes=17366
2026-09-26T01:47:50.856342Z DEBUG netbaiot_transports::business_rpc::v3: business RPC V3 selected frame stream_id=886 frame_type=Open payload_bytes=184
2026-09-26T01:47:50.856426Z DEBUG netbaiot_transports::business_rpc::v3: business RPC V3 writer completed frame stream_id=886 frame_type=Open payload_bytes=184
2026-09-26T01:47:50.856458Z DEBUG netbaiot_transports::business_rpc::v3: business RPC V3 selected frame stream_id=886 frame_type=Data payload_bytes=8192
2026-09-26T01:47:50.856486Z DEBUG netbaiot_transports::business_rpc::v3: business RPC V3 writer completed frame stream_id=886 frame_type=Data payload_bytes=8192
2026-09-26T01:47:50.856499Z DEBUG netbaiot_transports::business_rpc::v3: business RPC V3 selected frame stream_id=886 frame_type=Data payload_bytes=8192
2026-09-26T01:47:50.856537Z DEBUG netbaiot_transports::business_rpc::v3: business RPC V3 writer completed frame stream_id=886 frame_type=Data payload_bytes=8192
2026-09-26T01:47:50.858934Z DEBUG netbaiot_transports::business_rpc::v3: business RPC V3 received frame stream_id=0 frame_type=WindowUpdate payload_bytes=4
2026-09-26T01:47:50.859023Z DEBUG netbaiot_transports::business_rpc::v3: business RPC V3 received frame stream_id=880 frame_type=Response payload_bytes=35
2026-09-26T01:47:50.859054Z DEBUG netbaiot_transports::business_rpc::v3: business RPC V3 received frame stream_id=880 frame_type=Data payload_bytes=216
2026-09-26T01:47:50.859122Z DEBUG netbaiot_transports::business_rpc::v3: business RPC V3 selected frame stream_id=0 frame_type=WindowUpdate payload_bytes=4
2026-09-26T01:47:50.859163Z DEBUG netbaiot_transports::business_rpc::v3: business RPC V3 writer completed frame stream_id=0 frame_type=WindowUpdate payload_bytes=4
2026-09-26T01:47:50.859912Z DEBUG netbaiot_transports::business_rpc::v3: business RPC V3 body entered scheduler stream_id=888 class=Rpc body_bytes=198
2026-09-26T01:47:50.859945Z DEBUG netbaiot_transports::business_rpc::v3: business RPC V3 selected frame stream_id=888 frame_type=Open payload_bytes=158
2026-09-26T01:47:50.859965Z DEBUG netbaiot_transports::business_rpc::v3: business RPC V3 writer completed frame stream_id=888 frame_type=Open payload_bytes=158
2026-09-26T01:47:50.860039Z DEBUG netbaiot_transports::business_rpc::v3: business RPC V3 selected frame stream_id=888 frame_type=Data payload_bytes=198
2026-09-26T01:47:50.860057Z DEBUG netbaiot_transports::business_rpc::v3: business RPC V3 writer completed frame stream_id=888 frame_type=Data payload_bytes=198
2026-09-26T01:47:51.006485Z DEBUG netbaiot_transports::business_rpc::v3: business RPC V3 received frame stream_id=0 frame_type=WindowUpdate payload_bytes=4
2026-09-26T01:47:51.006611Z DEBUG netbaiot_transports::business_rpc::v3: business RPC V3 received frame stream_id=0 frame_type=WindowUpdate payload_bytes=4
2026-09-26T01:47:51.006638Z DEBUG netbaiot_transports::business_rpc::v3: business RPC V3 received frame stream_id=0 frame_type=WindowUpdate payload_bytes=4
2026-09-26T01:47:51.006651Z DEBUG netbaiot_transports::business_rpc::v3: business RPC V3 received frame stream_id=886 frame_type=WindowUpdate payload_bytes=4
2026-09-26T01:47:51.006664Z DEBUG netbaiot_transports::business_rpc::v3: business RPC V3 received frame stream_id=884 frame_type=Response payload_bytes=35
2026-09-26T01:47:51.006683Z DEBUG netbaiot_transports::business_rpc::v3: business RPC V3 received frame stream_id=882 frame_type=Response payload_bytes=35
2026-09-26T01:47:51.006698Z DEBUG netbaiot_transports::business_rpc::v3: business RPC V3 received frame stream_id=884 frame_type=Data payload_bytes=216
2026-09-26T01:47:51.006757Z DEBUG netbaiot_transports::business_rpc::v3: business RPC V3 received frame stream_id=882 frame_type=Data payload_bytes=216
2026-09-26T01:47:51.006779Z DEBUG netbaiot_transports::business_rpc::v3: business RPC V3 selected frame stream_id=0 frame_type=WindowUpdate payload_bytes=4
2026-09-26T01:47:51.006837Z DEBUG netbaiot_transports::business_rpc::v3: business RPC V3 writer completed frame stream_id=0 frame_type=WindowUpdate payload_bytes=4
2026-09-26T01:47:51.006857Z DEBUG netbaiot_transports::business_rpc::v3: business RPC V3 selected frame stream_id=0 frame_type=WindowUpdate payload_bytes=4
2026-09-26T01:47:51.006878Z DEBUG netbaiot_transports::business_rpc::v3: business RPC V3 writer completed frame stream_id=0 frame_type=WindowUpdate payload_bytes=4
2026-09-26T01:47:51.006895Z DEBUG netbaiot_transports::business_rpc::v3: business RPC V3 selected frame stream_id=886 frame_type=Data payload_bytes=982
2026-09-26T01:47:51.006918Z DEBUG netbaiot_transports::business_rpc::v3: business RPC V3 writer completed frame stream_id=886 frame_type=Data payload_bytes=982
2026-09-26T01:47:51.007713Z DEBUG netbaiot_transports::business_rpc::v3: business RPC V3 body entered scheduler stream_id=890 class=Rpc body_bytes=198
2026-09-26T01:47:51.007762Z DEBUG netbaiot_transports::business_rpc::v3: business RPC V3 selected frame stream_id=890 frame_type=Open payload_bytes=158
2026-09-26T01:47:51.007787Z DEBUG netbaiot_transports::business_rpc::v3: business RPC V3 writer completed frame stream_id=890 frame_type=Open payload_bytes=158
2026-09-26T01:47:51.007801Z DEBUG netbaiot_transports::business_rpc::v3: business RPC V3 body entered scheduler stream_id=892 class=Rpc body_bytes=198
2026-09-26T01:47:51.007812Z DEBUG netbaiot_transports::business_rpc::v3: business RPC V3 selected frame stream_id=892 frame_type=Open payload_bytes=158
2026-09-26T01:47:51.007825Z DEBUG netbaiot_transports::business_rpc::v3: business RPC V3 writer completed frame stream_id=892 frame_type=Open payload_bytes=158
2026-09-26T01:47:51.007837Z DEBUG netbaiot_transports::business_rpc::v3: business RPC V3 selected frame stream_id=890 frame_type=Data payload_bytes=198
2026-09-26T01:47:51.007852Z DEBUG netbaiot_transports::business_rpc::v3: business RPC V3 writer completed frame stream_id=890 frame_type=Data payload_bytes=198
2026-09-26T01:47:51.007865Z DEBUG netbaiot_transports::business_rpc::v3: business RPC V3 selected frame stream_id=892 frame_type=Data payload_bytes=198
2026-09-26T01:47:51.007883Z DEBUG netbaiot_transports::business_rpc::v3: business RPC V3 writer completed frame stream_id=892 frame_type=Data payload_bytes=198
2026-09-26T01:47:51.034908Z DEBUG netbaiot_transports::business_rpc::v3: business RPC V3 received frame stream_id=0 frame_type=WindowUpdate payload_bytes=4
2026-09-26T01:47:51.035005Z DEBUG netbaiot_transports::business_rpc::v3: business RPC V3 received frame stream_id=886 frame_type=WindowUpdate payload_bytes=4
2026-09-26T01:47:51.035026Z DEBUG netbaiot_transports::business_rpc::v3: business RPC V3 received frame stream_id=0 frame_type=WindowUpdate payload_bytes=4
2026-09-26T01:47:51.035037Z DEBUG netbaiot_transports::business_rpc::v3: business RPC V3 received frame stream_id=888 frame_type=Response payload_bytes=35
2026-09-26T01:47:51.035057Z DEBUG netbaiot_transports::business_rpc::v3: business RPC V3 received frame stream_id=888 frame_type=Data payload_bytes=216
2026-09-26T01:47:51.035135Z DEBUG netbaiot_transports::business_rpc::v3: business RPC V3 selected frame stream_id=0 frame_type=WindowUpdate payload_bytes=4
2026-09-26T01:47:51.035190Z DEBUG netbaiot_transports::business_rpc::v3: business RPC V3 writer completed frame stream_id=0 frame_type=WindowUpdate payload_bytes=4
2026-09-26T01:47:51.035920Z DEBUG netbaiot_transports::business_rpc::v3: business RPC V3 body entered scheduler stream_id=894 class=Rpc body_bytes=198
2026-09-26T01:47:51.035968Z DEBUG netbaiot_transports::business_rpc::v3: business RPC V3 selected frame stream_id=894 frame_type=Open payload_bytes=158
2026-09-26T01:47:51.035992Z DEBUG netbaiot_transports::business_rpc::v3: business RPC V3 writer completed frame stream_id=894 frame_type=Open payload_bytes=158
2026-09-26T01:47:51.036007Z DEBUG netbaiot_transports::business_rpc::v3: business RPC V3 selected frame stream_id=894 frame_type=Data payload_bytes=198
2026-09-26T01:47:51.036022Z DEBUG netbaiot_transports::business_rpc::v3: business RPC V3 writer completed frame stream_id=894 frame_type=Data payload_bytes=198
2026-09-26T01:47:51.045015Z DEBUG netbaiot_transports::business_rpc::v3: business RPC V3 body entered scheduler stream_id=896 class=Rpc body_bytes=198
2026-09-26T01:47:51.045083Z DEBUG netbaiot_transports::business_rpc::v3: business RPC V3 selected frame stream_id=896 frame_type=Open payload_bytes=158
2026-09-26T01:47:51.045117Z DEBUG netbaiot_transports::business_rpc::v3: business RPC V3 writer completed frame stream_id=896 frame_type=Open payload_bytes=158
2026-09-26T01:47:51.045134Z DEBUG netbaiot_transports::business_rpc::v3: business RPC V3 selected frame stream_id=896 frame_type=Data payload_bytes=198
2026-09-26T01:47:51.045148Z DEBUG netbaiot_transports::business_rpc::v3: business RPC V3 writer completed frame stream_id=896 frame_type=Data payload_bytes=198
2026-09-26T01:47:51.055623Z DEBUG netbaiot_transports::business_rpc::v3: business RPC V3 body entered scheduler stream_id=898 class=Rpc body_bytes=198
2026-09-26T01:47:51.055701Z DEBUG netbaiot_transports::business_rpc::v3: business RPC V3 selected frame stream_id=898 frame_type=Open payload_bytes=158
2026-09-26T01:47:51.055741Z DEBUG netbaiot_transports::business_rpc::v3: business RPC V3 writer completed frame stream_id=898 frame_type=Open payload_bytes=158
2026-09-26T01:47:51.055766Z DEBUG netbaiot_transports::business_rpc::v3: business RPC V3 selected frame stream_id=898 frame_type=Data payload_bytes=198
2026-09-26T01:47:51.055781Z DEBUG netbaiot_transports::business_rpc::v3: business RPC V3 writer completed frame stream_id=898 frame_type=Data payload_bytes=198
2026-09-26T01:47:51.066101Z DEBUG netbaiot_transports::business_rpc::v3: business RPC V3 body entered scheduler stream_id=900 class=Rpc body_bytes=198
2026-09-26T01:47:51.066204Z DEBUG netbaiot_transports::business_rpc::v3: business RPC V3 selected frame stream_id=900 frame_type=Open payload_bytes=158
2026-09-26T01:47:51.066244Z DEBUG netbaiot_transports::business_rpc::v3: business RPC V3 writer completed frame stream_id=900 frame_type=Open payload_bytes=158
2026-09-26T01:47:51.066262Z DEBUG netbaiot_transports::business_rpc::v3: business RPC V3 selected frame stream_id=900 frame_type=Data payload_bytes=198
2026-09-26T01:47:51.066277Z DEBUG netbaiot_transports::business_rpc::v3: business RPC V3 writer completed frame stream_id=900 frame_type=Data payload_bytes=198
2026-09-26T01:47:51.083993Z DEBUG netbaiot_transports::business_rpc::v3: business RPC V3 body entered scheduler stream_id=902 class=Rpc body_bytes=198
2026-09-26T01:47:51.084111Z DEBUG netbaiot_transports::business_rpc::v3: business RPC V3 selected frame stream_id=902 frame_type=Open payload_bytes=158
2026-09-26T01:47:51.084243Z DEBUG netbaiot_transports::business_rpc::v3: business RPC V3 writer completed frame stream_id=902 frame_type=Open payload_bytes=158
2026-09-26T01:47:51.084278Z DEBUG netbaiot_transports::business_rpc::v3: business RPC V3 selected frame stream_id=902 frame_type=Data payload_bytes=198
2026-09-26T01:47:51.084301Z DEBUG netbaiot_transports::business_rpc::v3: business RPC V3 writer completed frame stream_id=902 frame_type=Data payload_bytes=198
2026-09-26T01:47:51.118752Z DEBUG netbaiot_transports::business_rpc::v3: business RPC V3 body entered scheduler stream_id=904 class=Rpc body_bytes=198
2026-09-26T01:47:51.118858Z DEBUG netbaiot_transports::business_rpc::v3: business RPC V3 selected frame stream_id=904 frame_type=Open payload_bytes=158
2026-09-26T01:47:51.118895Z DEBUG netbaiot_transports::business_rpc::v3: business RPC V3 writer completed frame stream_id=904 frame_type=Open payload_bytes=158
2026-09-26T01:47:51.118917Z DEBUG netbaiot_transports::business_rpc::v3: business RPC V3 selected frame stream_id=904 frame_type=Data payload_bytes=198
2026-09-26T01:47:51.118931Z DEBUG netbaiot_transports::business_rpc::v3: business RPC V3 writer completed frame stream_id=904 frame_type=Data payload_bytes=198
2026-09-26T01:47:51.125486Z DEBUG netbaiot_transports::business_rpc::v3: business RPC V3 received frame stream_id=0 frame_type=WindowUpdate payload_bytes=4
2026-09-26T01:47:51.125582Z DEBUG netbaiot_transports::business_rpc::v3: business RPC V3 received frame stream_id=0 frame_type=WindowUpdate payload_bytes=4
2026-09-26T01:47:51.125604Z DEBUG netbaiot_transports::business_rpc::v3: business RPC V3 received frame stream_id=0 frame_type=WindowUpdate payload_bytes=4
2026-09-26T01:47:51.125618Z DEBUG netbaiot_transports::business_rpc::v3: business RPC V3 received frame stream_id=892 frame_type=Response payload_bytes=35
2026-09-26T01:47:51.125635Z DEBUG netbaiot_transports::business_rpc::v3: business RPC V3 received frame stream_id=892 frame_type=Data payload_bytes=216
2026-09-26T01:47:51.125691Z DEBUG netbaiot_transports::business_rpc::v3: business RPC V3 received frame stream_id=890 frame_type=Response payload_bytes=35
2026-09-26T01:47:51.125705Z DEBUG netbaiot_transports::business_rpc::v3: business RPC V3 received frame stream_id=890 frame_type=Data payload_bytes=216
2026-09-26T01:47:51.125711Z DEBUG netbaiot_transports::business_rpc::v3: business RPC V3 selected frame stream_id=0 frame_type=WindowUpdate payload_bytes=4
2026-09-26T01:47:51.125725Z DEBUG netbaiot_transports::business_rpc::v3: business RPC V3 received frame stream_id=886 frame_type=Response payload_bytes=35
2026-09-26T01:47:51.125760Z DEBUG netbaiot_transports::business_rpc::v3: business RPC V3 writer completed frame stream_id=0 frame_type=WindowUpdate payload_bytes=4
2026-09-26T01:47:51.125779Z DEBUG netbaiot_transports::business_rpc::v3: business RPC V3 selected frame stream_id=0 frame_type=WindowUpdate payload_bytes=4
2026-09-26T01:47:51.125761Z DEBUG netbaiot_transports::business_rpc::v3: business RPC V3 received frame stream_id=886 frame_type=Data payload_bytes=118
2026-09-26T01:47:51.125799Z DEBUG netbaiot_transports::business_rpc::v3: business RPC V3 writer completed frame stream_id=0 frame_type=WindowUpdate payload_bytes=4
2026-09-26T01:47:51.125832Z DEBUG netbaiot_transports::business_rpc::v3: business RPC V3 selected frame stream_id=0 frame_type=WindowUpdate payload_bytes=4
2026-09-26T01:47:51.125816Z DEBUG netbaiot_transports::business_rpc::v3: business RPC V3 Event delivery acknowledged stream_id=886 completion_us=269711
2026-09-26T01:47:51.125849Z DEBUG netbaiot_transports::business_rpc::v3: business RPC V3 writer completed frame stream_id=0 frame_type=WindowUpdate payload_bytes=4
2026-09-26T01:47:51.126526Z DEBUG netbaiot_transports::business_rpc::v3: business RPC V3 body entered scheduler stream_id=906 class=Rpc body_bytes=198
2026-09-26T01:47:51.126561Z DEBUG netbaiot_transports::business_rpc::v3: business RPC V3 selected frame stream_id=906 frame_type=Open payload_bytes=158
2026-09-26T01:47:51.126581Z DEBUG netbaiot_transports::business_rpc::v3: business RPC V3 writer completed frame stream_id=906 frame_type=Open payload_bytes=158
2026-09-26T01:47:51.126595Z DEBUG netbaiot_transports::business_rpc::v3: business RPC V3 selected frame stream_id=906 frame_type=Data payload_bytes=198
2026-09-26T01:47:51.126609Z DEBUG netbaiot_transports::business_rpc::v3: business RPC V3 writer completed frame stream_id=906 frame_type=Data payload_bytes=198
2026-09-26T01:47:51.126620Z DEBUG netbaiot_transports::business_rpc::v3: business RPC V3 body entered scheduler stream_id=908 class=Rpc body_bytes=198
2026-09-26T01:47:51.126628Z DEBUG netbaiot_transports::business_rpc::v3: business RPC V3 selected frame stream_id=908 frame_type=Open payload_bytes=158
2026-09-26T01:47:51.126642Z DEBUG netbaiot_transports::business_rpc::v3: business RPC V3 writer completed frame stream_id=908 frame_type=Open payload_bytes=158
2026-09-26T01:47:51.126651Z DEBUG netbaiot_transports::business_rpc::v3: business RPC V3 selected frame stream_id=908 frame_type=Data payload_bytes=198
2026-09-26T01:47:51.126663Z DEBUG netbaiot_transports::business_rpc::v3: business RPC V3 writer completed frame stream_id=908 frame_type=Data payload_bytes=198
2026-09-26T01:47:51.157402Z DEBUG netbaiot_transports::business_rpc::v3: business RPC V3 received frame stream_id=0 frame_type=WindowUpdate payload_bytes=4
2026-09-26T01:47:51.157523Z DEBUG netbaiot_transports::business_rpc::v3: business RPC V3 received frame stream_id=0 frame_type=WindowUpdate payload_bytes=4
2026-09-26T01:47:51.157545Z DEBUG netbaiot_transports::business_rpc::v3: business RPC V3 received frame stream_id=0 frame_type=WindowUpdate payload_bytes=4
2026-09-26T01:47:51.157556Z DEBUG netbaiot_transports::business_rpc::v3: business RPC V3 received frame stream_id=0 frame_type=WindowUpdate payload_bytes=4
2026-09-26T01:47:51.157565Z DEBUG netbaiot_transports::business_rpc::v3: business RPC V3 received frame stream_id=900 frame_type=Response payload_bytes=35
2026-09-26T01:47:51.157582Z DEBUG netbaiot_transports::business_rpc::v3: business RPC V3 received frame stream_id=894 frame_type=Response payload_bytes=35
2026-09-26T01:47:51.157592Z DEBUG netbaiot_transports::business_rpc::v3: business RPC V3 received frame stream_id=896 frame_type=Response payload_bytes=35
2026-09-26T01:47:51.157601Z DEBUG netbaiot_transports::business_rpc::v3: business RPC V3 received frame stream_id=898 frame_type=Response payload_bytes=35
2026-09-26T01:47:51.157612Z DEBUG netbaiot_transports::business_rpc::v3: business RPC V3 received frame stream_id=900 frame_type=Data payload_bytes=216
2026-09-26T01:47:51.157662Z DEBUG netbaiot_transports::business_rpc::v3: business RPC V3 received frame stream_id=894 frame_type=Data payload_bytes=216
2026-09-26T01:47:51.157682Z DEBUG netbaiot_transports::business_rpc::v3: business RPC V3 selected frame stream_id=0 frame_type=WindowUpdate payload_bytes=4
2026-09-26T01:47:51.157693Z DEBUG netbaiot_transports::business_rpc::v3: business RPC V3 received frame stream_id=896 frame_type=Data payload_bytes=216
2026-09-26T01:47:51.157728Z DEBUG netbaiot_transports::business_rpc::v3: business RPC V3 writer completed frame stream_id=0 frame_type=WindowUpdate payload_bytes=4
2026-09-26T01:47:51.157742Z DEBUG netbaiot_transports::business_rpc::v3: business RPC V3 received frame stream_id=898 frame_type=Data payload_bytes=216
2026-09-26T01:47:51.157743Z DEBUG netbaiot_transports::business_rpc::v3: business RPC V3 selected frame stream_id=0 frame_type=WindowUpdate payload_bytes=4
2026-09-26T01:47:51.157781Z DEBUG netbaiot_transports::business_rpc::v3: business RPC V3 writer completed frame stream_id=0 frame_type=WindowUpdate payload_bytes=4
2026-09-26T01:47:51.157864Z DEBUG netbaiot_transports::business_rpc::v3: business RPC V3 selected frame stream_id=0 frame_type=WindowUpdate payload_bytes=4
2026-09-26T01:47:51.157887Z DEBUG netbaiot_transports::business_rpc::v3: business RPC V3 writer completed frame stream_id=0 frame_type=WindowUpdate payload_bytes=4
2026-09-26T01:47:51.157900Z DEBUG netbaiot_transports::business_rpc::v3: business RPC V3 selected frame stream_id=0 frame_type=WindowUpdate payload_bytes=4
2026-09-26T01:47:51.157912Z DEBUG netbaiot_transports::business_rpc::v3: business RPC V3 writer completed frame stream_id=0 frame_type=WindowUpdate payload_bytes=4
2026-09-26T01:47:51.158691Z DEBUG netbaiot_transports::business_rpc::v3: business RPC V3 body entered scheduler stream_id=910 class=Rpc body_bytes=198
2026-09-26T01:47:51.158747Z DEBUG netbaiot_transports::business_rpc::v3: business RPC V3 selected frame stream_id=910 frame_type=Open payload_bytes=158
2026-09-26T01:47:51.158770Z DEBUG netbaiot_transports::business_rpc::v3: business RPC V3 writer completed frame stream_id=910 frame_type=Open payload_bytes=158
2026-09-26T01:47:51.158783Z DEBUG netbaiot_transports::business_rpc::v3: business RPC V3 body entered scheduler stream_id=912 class=Rpc body_bytes=198
2026-09-26T01:47:51.158793Z DEBUG netbaiot_transports::business_rpc::v3: business RPC V3 selected frame stream_id=912 frame_type=Open payload_bytes=158
2026-09-26T01:47:51.158807Z DEBUG netbaiot_transports::business_rpc::v3: business RPC V3 writer completed frame stream_id=912 frame_type=Open payload_bytes=158
2026-09-26T01:47:51.158817Z DEBUG netbaiot_transports::business_rpc::v3: business RPC V3 selected frame stream_id=910 frame_type=Data payload_bytes=198
2026-09-26T01:47:51.158828Z DEBUG netbaiot_transports::business_rpc::v3: business RPC V3 writer completed frame stream_id=910 frame_type=Data payload_bytes=198
2026-09-26T01:47:51.158840Z DEBUG netbaiot_transports::business_rpc::v3: business RPC V3 selected frame stream_id=912 frame_type=Data payload_bytes=198
2026-09-26T01:47:51.158854Z DEBUG netbaiot_transports::business_rpc::v3: business RPC V3 writer completed frame stream_id=912 frame_type=Data payload_bytes=198
2026-09-26T01:47:51.158863Z DEBUG netbaiot_transports::business_rpc::v3: business RPC V3 body entered scheduler stream_id=914 class=Rpc body_bytes=198
2026-09-26T01:47:51.158871Z DEBUG netbaiot_transports::business_rpc::v3: business RPC V3 selected frame stream_id=914 frame_type=Open payload_bytes=158
2026-09-26T01:47:51.158888Z DEBUG netbaiot_transports::business_rpc::v3: business RPC V3 writer completed frame stream_id=914 frame_type=Open payload_bytes=158
2026-09-26T01:47:51.158897Z DEBUG netbaiot_transports::business_rpc::v3: business RPC V3 selected frame stream_id=914 frame_type=Data payload_bytes=198
2026-09-26T01:47:51.158907Z DEBUG netbaiot_transports::business_rpc::v3: business RPC V3 writer completed frame stream_id=914 frame_type=Data payload_bytes=198
2026-09-26T01:47:51.158924Z DEBUG netbaiot_transports::business_rpc::v3: business RPC V3 body entered scheduler stream_id=916 class=Rpc body_bytes=198
2026-09-26T01:47:51.158945Z DEBUG netbaiot_transports::business_rpc::v3: business RPC V3 selected frame stream_id=916 frame_type=Open payload_bytes=158
2026-09-26T01:47:51.158967Z DEBUG netbaiot_transports::business_rpc::v3: business RPC V3 writer completed frame stream_id=916 frame_type=Open payload_bytes=158
2026-09-26T01:47:51.158979Z DEBUG netbaiot_transports::business_rpc::v3: business RPC V3 selected frame stream_id=916 frame_type=Data payload_bytes=198
2026-09-26T01:47:51.158992Z DEBUG netbaiot_transports::business_rpc::v3: business RPC V3 writer completed frame stream_id=916 frame_type=Data payload_bytes=198
2026-09-26T01:47:51.185944Z DEBUG netbaiot_transports::business_rpc::v3: business RPC V3 received frame stream_id=0 frame_type=WindowUpdate payload_bytes=4
2026-09-26T01:47:51.186066Z DEBUG netbaiot_transports::business_rpc::v3: business RPC V3 received frame stream_id=902 frame_type=Response payload_bytes=35
2026-09-26T01:47:51.186113Z DEBUG netbaiot_transports::business_rpc::v3: business RPC V3 received frame stream_id=902 frame_type=Data payload_bytes=216
2026-09-26T01:47:51.186317Z DEBUG netbaiot_transports::business_rpc::v3: business RPC V3 selected frame stream_id=0 frame_type=WindowUpdate payload_bytes=4
2026-09-26T01:47:51.186404Z DEBUG netbaiot_transports::business_rpc::v3: business RPC V3 writer completed frame stream_id=0 frame_type=WindowUpdate payload_bytes=4
2026-09-26T01:47:51.187419Z DEBUG netbaiot_transports::business_rpc::v3: business RPC V3 body entered scheduler stream_id=918 class=Rpc body_bytes=198
2026-09-26T01:47:51.187500Z DEBUG netbaiot_transports::business_rpc::v3: business RPC V3 selected frame stream_id=918 frame_type=Open payload_bytes=158
2026-09-26T01:47:51.187551Z DEBUG netbaiot_transports::business_rpc::v3: business RPC V3 writer completed frame stream_id=918 frame_type=Open payload_bytes=158
2026-09-26T01:47:51.187579Z DEBUG netbaiot_transports::business_rpc::v3: business RPC V3 selected frame stream_id=918 frame_type=Data payload_bytes=198
2026-09-26T01:47:51.187607Z DEBUG netbaiot_transports::business_rpc::v3: business RPC V3 writer completed frame stream_id=918 frame_type=Data payload_bytes=198
2026-09-26T01:47:51.216432Z DEBUG netbaiot_transports::business_rpc::v3: business RPC V3 received frame stream_id=0 frame_type=WindowUpdate payload_bytes=4
2026-09-26T01:47:51.216584Z DEBUG netbaiot_transports::business_rpc::v3: business RPC V3 received frame stream_id=0 frame_type=WindowUpdate payload_bytes=4
2026-09-26T01:47:51.216633Z DEBUG netbaiot_transports::business_rpc::v3: business RPC V3 received frame stream_id=0 frame_type=WindowUpdate payload_bytes=4
2026-09-26T01:47:51.216654Z DEBUG netbaiot_transports::business_rpc::v3: business RPC V3 received frame stream_id=908 frame_type=Response payload_bytes=35
2026-09-26T01:47:51.216677Z DEBUG netbaiot_transports::business_rpc::v3: business RPC V3 received frame stream_id=908 frame_type=Data payload_bytes=216
2026-09-26T01:47:51.216744Z DEBUG netbaiot_transports::business_rpc::v3: business RPC V3 received frame stream_id=904 frame_type=Response payload_bytes=35
2026-09-26T01:47:51.216764Z DEBUG netbaiot_transports::business_rpc::v3: business RPC V3 received frame stream_id=904 frame_type=Data payload_bytes=216
2026-09-26T01:47:51.216803Z DEBUG netbaiot_transports::business_rpc::v3: business RPC V3 selected frame stream_id=0 frame_type=WindowUpdate payload_bytes=4
2026-09-26T01:47:51.216805Z DEBUG netbaiot_transports::business_rpc::v3: business RPC V3 received frame stream_id=906 frame_type=Response payload_bytes=35
2026-09-26T01:47:51.216862Z DEBUG netbaiot_transports::business_rpc::v3: business RPC V3 received frame stream_id=906 frame_type=Data payload_bytes=216
2026-09-26T01:47:51.216901Z DEBUG netbaiot_transports::business_rpc::v3: business RPC V3 writer completed frame stream_id=0 frame_type=WindowUpdate payload_bytes=4
2026-09-26T01:47:51.216919Z DEBUG netbaiot_transports::business_rpc::v3: business RPC V3 selected frame stream_id=0 frame_type=WindowUpdate payload_bytes=4
2026-09-26T01:47:51.216936Z DEBUG netbaiot_transports::business_rpc::v3: business RPC V3 writer completed frame stream_id=0 frame_type=WindowUpdate payload_bytes=4
2026-09-26T01:47:51.216948Z DEBUG netbaiot_transports::business_rpc::v3: business RPC V3 selected frame stream_id=0 frame_type=WindowUpdate payload_bytes=4
2026-09-26T01:47:51.216961Z DEBUG netbaiot_transports::business_rpc::v3: business RPC V3 writer completed frame stream_id=0 frame_type=WindowUpdate payload_bytes=4
2026-09-26T01:47:51.217851Z DEBUG netbaiot_transports::business_rpc::v3: business RPC V3 body entered scheduler stream_id=920 class=Rpc body_bytes=198
2026-09-26T01:47:51.217899Z DEBUG netbaiot_transports::business_rpc::v3: business RPC V3 selected frame stream_id=920 frame_type=Open payload_bytes=158
2026-09-26T01:47:51.217933Z DEBUG netbaiot_transports::business_rpc::v3: business RPC V3 writer completed frame stream_id=920 frame_type=Open payload_bytes=158
2026-09-26T01:47:51.217952Z DEBUG netbaiot_transports::business_rpc::v3: business RPC V3 body entered scheduler stream_id=922 class=Rpc body_bytes=198
2026-09-26T01:47:51.218014Z DEBUG netbaiot_transports::business_rpc::v3: business RPC V3 selected frame stream_id=920 frame_type=Data payload_bytes=198
2026-09-26T01:47:51.218028Z DEBUG netbaiot_transports::business_rpc::v3: business RPC V3 writer completed frame stream_id=920 frame_type=Data payload_bytes=198
2026-09-26T01:47:51.218039Z DEBUG netbaiot_transports::business_rpc::v3: business RPC V3 selected frame stream_id=922 frame_type=Open payload_bytes=158
2026-09-26T01:47:51.218051Z DEBUG netbaiot_transports::business_rpc::v3: business RPC V3 writer completed frame stream_id=922 frame_type=Open payload_bytes=158
2026-09-26T01:47:51.218060Z DEBUG netbaiot_transports::business_rpc::v3: business RPC V3 selected frame stream_id=922 frame_type=Data payload_bytes=198
2026-09-26T01:47:51.218071Z DEBUG netbaiot_transports::business_rpc::v3: business RPC V3 writer completed frame stream_id=922 frame_type=Data payload_bytes=198
2026-09-26T01:47:51.218823Z DEBUG netbaiot_transports::business_rpc::v3: business RPC V3 body entered scheduler stream_id=924 class=Rpc body_bytes=198
2026-09-26T01:47:51.218859Z DEBUG netbaiot_transports::business_rpc::v3: business RPC V3 selected frame stream_id=924 frame_type=Open payload_bytes=158
2026-09-26T01:47:51.218878Z DEBUG netbaiot_transports::business_rpc::v3: business RPC V3 writer completed frame stream_id=924 frame_type=Open payload_bytes=158
2026-09-26T01:47:51.218890Z DEBUG netbaiot_transports::business_rpc::v3: business RPC V3 selected frame stream_id=924 frame_type=Data payload_bytes=198
2026-09-26T01:47:51.218901Z DEBUG netbaiot_transports::business_rpc::v3: business RPC V3 writer completed frame stream_id=924 frame_type=Data payload_bytes=198
2026-09-26T01:47:51.276355Z DEBUG netbaiot_transports::business_rpc::v3: business RPC V3 received frame stream_id=0 frame_type=WindowUpdate payload_bytes=4
2026-09-26T01:47:51.276473Z DEBUG netbaiot_transports::business_rpc::v3: business RPC V3 received frame stream_id=0 frame_type=WindowUpdate payload_bytes=4
2026-09-26T01:47:51.276504Z DEBUG netbaiot_transports::business_rpc::v3: business RPC V3 received frame stream_id=0 frame_type=WindowUpdate payload_bytes=4
2026-09-26T01:47:51.276517Z DEBUG netbaiot_transports::business_rpc::v3: business RPC V3 received frame stream_id=0 frame_type=WindowUpdate payload_bytes=4
2026-09-26T01:47:51.276529Z DEBUG netbaiot_transports::business_rpc::v3: business RPC V3 received frame stream_id=916 frame_type=Response payload_bytes=35
2026-09-26T01:47:51.276546Z DEBUG netbaiot_transports::business_rpc::v3: business RPC V3 received frame stream_id=916 frame_type=Data payload_bytes=216
2026-09-26T01:47:51.276603Z DEBUG netbaiot_transports::business_rpc::v3: business RPC V3 received frame stream_id=912 frame_type=Response payload_bytes=35
2026-09-26T01:47:51.276625Z DEBUG netbaiot_transports::business_rpc::v3: business RPC V3 received frame stream_id=912 frame_type=Data payload_bytes=216
2026-09-26T01:47:51.276629Z DEBUG netbaiot_transports::business_rpc::v3: business RPC V3 selected frame stream_id=0 frame_type=WindowUpdate payload_bytes=4
2026-09-26T01:47:51.276653Z DEBUG netbaiot_transports::business_rpc::v3: business RPC V3 received frame stream_id=910 frame_type=Response payload_bytes=35
2026-09-26T01:47:51.276688Z DEBUG netbaiot_transports::business_rpc::v3: business RPC V3 writer completed frame stream_id=0 frame_type=WindowUpdate payload_bytes=4
2026-09-26T01:47:51.276729Z DEBUG netbaiot_transports::business_rpc::v3: business RPC V3 selected frame stream_id=0 frame_type=WindowUpdate payload_bytes=4
2026-09-26T01:47:51.276746Z DEBUG netbaiot_transports::business_rpc::v3: business RPC V3 writer completed frame stream_id=0 frame_type=WindowUpdate payload_bytes=4
2026-09-26T01:47:51.276715Z DEBUG netbaiot_transports::business_rpc::v3: business RPC V3 received frame stream_id=914 frame_type=Response payload_bytes=35
2026-09-26T01:47:51.276781Z DEBUG netbaiot_transports::business_rpc::v3: business RPC V3 received frame stream_id=910 frame_type=Data payload_bytes=216
2026-09-26T01:47:51.276901Z DEBUG netbaiot_transports::business_rpc::v3: business RPC V3 received frame stream_id=914 frame_type=Data payload_bytes=216
2026-09-26T01:47:51.276912Z DEBUG netbaiot_transports::business_rpc::v3: business RPC V3 selected frame stream_id=0 frame_type=WindowUpdate payload_bytes=4
2026-09-26T01:47:51.276963Z DEBUG netbaiot_transports::business_rpc::v3: business RPC V3 writer completed frame stream_id=0 frame_type=WindowUpdate payload_bytes=4
2026-09-26T01:47:51.276980Z DEBUG netbaiot_transports::business_rpc::v3: business RPC V3 selected frame stream_id=0 frame_type=WindowUpdate payload_bytes=4
2026-09-26T01:47:51.276995Z DEBUG netbaiot_transports::business_rpc::v3: business RPC V3 writer completed frame stream_id=0 frame_type=WindowUpdate payload_bytes=4
2026-09-26T01:47:51.277682Z DEBUG netbaiot_transports::business_rpc::v3: business RPC V3 body entered scheduler stream_id=926 class=Rpc body_bytes=198
2026-09-26T01:47:51.277747Z DEBUG netbaiot_transports::business_rpc::v3: business RPC V3 selected frame stream_id=926 frame_type=Open payload_bytes=158
2026-09-26T01:47:51.277779Z DEBUG netbaiot_transports::business_rpc::v3: business RPC V3 writer completed frame stream_id=926 frame_type=Open payload_bytes=158
2026-09-26T01:47:51.277811Z DEBUG netbaiot_transports::business_rpc::v3: business RPC V3 body entered scheduler stream_id=928 class=Rpc body_bytes=198
2026-09-26T01:47:51.277822Z DEBUG netbaiot_transports::business_rpc::v3: business RPC V3 selected frame stream_id=928 frame_type=Open payload_bytes=158
2026-09-26T01:47:51.277837Z DEBUG netbaiot_transports::business_rpc::v3: business RPC V3 writer completed frame stream_id=928 frame_type=Open payload_bytes=158
2026-09-26T01:47:51.277849Z DEBUG netbaiot_transports::business_rpc::v3: business RPC V3 selected frame stream_id=926 frame_type=Data payload_bytes=198
2026-09-26T01:47:51.277862Z DEBUG netbaiot_transports::business_rpc::v3: business RPC V3 writer completed frame stream_id=926 frame_type=Data payload_bytes=198
2026-09-26T01:47:51.277873Z DEBUG netbaiot_transports::business_rpc::v3: business RPC V3 body entered scheduler stream_id=930 class=Rpc body_bytes=198
2026-09-26T01:47:51.277881Z DEBUG netbaiot_transports::business_rpc::v3: business RPC V3 selected frame stream_id=930 frame_type=Open payload_bytes=158
2026-09-26T01:47:51.277893Z DEBUG netbaiot_transports::business_rpc::v3: business RPC V3 writer completed frame stream_id=930 frame_type=Open payload_bytes=158
2026-09-26T01:47:51.277902Z DEBUG netbaiot_transports::business_rpc::v3: business RPC V3 selected frame stream_id=928 frame_type=Data payload_bytes=198
2026-09-26T01:47:51.277914Z DEBUG netbaiot_transports::business_rpc::v3: business RPC V3 writer completed frame stream_id=928 frame_type=Data payload_bytes=198
2026-09-26T01:47:51.277923Z DEBUG netbaiot_transports::business_rpc::v3: business RPC V3 body entered scheduler stream_id=932 class=Rpc body_bytes=198
2026-09-26T01:47:51.277933Z DEBUG netbaiot_transports::business_rpc::v3: business RPC V3 selected frame stream_id=932 frame_type=Open payload_bytes=158
2026-09-26T01:47:51.277948Z DEBUG netbaiot_transports::business_rpc::v3: business RPC V3 writer completed frame stream_id=932 frame_type=Open payload_bytes=158
2026-09-26T01:47:51.277960Z DEBUG netbaiot_transports::business_rpc::v3: business RPC V3 selected frame stream_id=930 frame_type=Data payload_bytes=198
2026-09-26T01:47:51.277971Z DEBUG netbaiot_transports::business_rpc::v3: business RPC V3 writer completed frame stream_id=930 frame_type=Data payload_bytes=198
2026-09-26T01:47:51.277981Z DEBUG netbaiot_transports::business_rpc::v3: business RPC V3 selected frame stream_id=932 frame_type=Data payload_bytes=198
2026-09-26T01:47:51.277993Z DEBUG netbaiot_transports::business_rpc::v3: business RPC V3 writer completed frame stream_id=932 frame_type=Data payload_bytes=198
2026-09-26T01:47:51.304568Z DEBUG netbaiot_transports::business_rpc::v3: business RPC V3 received frame stream_id=0 frame_type=WindowUpdate payload_bytes=4
2026-09-26T01:47:51.304619Z DEBUG netbaiot_transports::business_rpc::v3: business RPC V3 received frame stream_id=918 frame_type=Response payload_bytes=35
2026-09-26T01:47:51.304703Z DEBUG netbaiot_transports::business_rpc::v3: business RPC V3 received frame stream_id=918 frame_type=Data payload_bytes=216
2026-09-26T01:47:51.304760Z DEBUG netbaiot_transports::business_rpc::v3: business RPC V3 selected frame stream_id=0 frame_type=WindowUpdate payload_bytes=4
2026-09-26T01:47:51.304800Z DEBUG netbaiot_transports::business_rpc::v3: business RPC V3 writer completed frame stream_id=0 frame_type=WindowUpdate payload_bytes=4
2026-09-26T01:47:51.305395Z DEBUG netbaiot_transports::business_rpc::v3: business RPC V3 body entered scheduler stream_id=934 class=Rpc body_bytes=198
2026-09-26T01:47:51.305422Z DEBUG netbaiot_transports::business_rpc::v3: business RPC V3 selected frame stream_id=934 frame_type=Open payload_bytes=158
2026-09-26T01:47:51.305445Z DEBUG netbaiot_transports::business_rpc::v3: business RPC V3 writer completed frame stream_id=934 frame_type=Open payload_bytes=158
2026-09-26T01:47:51.305457Z DEBUG netbaiot_transports::business_rpc::v3: business RPC V3 selected frame stream_id=934 frame_type=Data payload_bytes=198
2026-09-26T01:47:51.305469Z DEBUG netbaiot_transports::business_rpc::v3: business RPC V3 writer completed frame stream_id=934 frame_type=Data payload_bytes=198
2026-09-26T01:47:51.335631Z DEBUG netbaiot_transports::business_rpc::v3: business RPC V3 received frame stream_id=0 frame_type=WindowUpdate payload_bytes=4
2026-09-26T01:47:51.335721Z DEBUG netbaiot_transports::business_rpc::v3: business RPC V3 received frame stream_id=0 frame_type=WindowUpdate payload_bytes=4
2026-09-26T01:47:51.335740Z DEBUG netbaiot_transports::business_rpc::v3: business RPC V3 received frame stream_id=0 frame_type=WindowUpdate payload_bytes=4
2026-09-26T01:47:51.335750Z DEBUG netbaiot_transports::business_rpc::v3: business RPC V3 received frame stream_id=924 frame_type=Response payload_bytes=35
2026-09-26T01:47:51.335765Z DEBUG netbaiot_transports::business_rpc::v3: business RPC V3 received frame stream_id=924 frame_type=Data payload_bytes=216
2026-09-26T01:47:51.335804Z DEBUG netbaiot_transports::business_rpc::v3: business RPC V3 received frame stream_id=922 frame_type=Response payload_bytes=35
2026-09-26T01:47:51.335819Z DEBUG netbaiot_transports::business_rpc::v3: business RPC V3 received frame stream_id=920 frame_type=Response payload_bytes=35
2026-09-26T01:47:51.335820Z DEBUG netbaiot_transports::business_rpc::v3: business RPC V3 selected frame stream_id=0 frame_type=WindowUpdate payload_bytes=4
2026-09-26T01:47:51.335835Z DEBUG netbaiot_transports::business_rpc::v3: business RPC V3 received frame stream_id=922 frame_type=Data payload_bytes=216
2026-09-26T01:47:51.335877Z DEBUG netbaiot_transports::business_rpc::v3: business RPC V3 writer completed frame stream_id=0 frame_type=WindowUpdate payload_bytes=4
2026-09-26T01:47:51.335900Z DEBUG netbaiot_transports::business_rpc::v3: business RPC V3 selected frame stream_id=0 frame_type=WindowUpdate payload_bytes=4
2026-09-26T01:47:51.335893Z DEBUG netbaiot_transports::business_rpc::v3: business RPC V3 received frame stream_id=920 frame_type=Data payload_bytes=216
2026-09-26T01:47:51.335921Z DEBUG netbaiot_transports::business_rpc::v3: business RPC V3 writer completed frame stream_id=0 frame_type=WindowUpdate payload_bytes=4
2026-09-26T01:47:51.335974Z DEBUG netbaiot_transports::business_rpc::v3: business RPC V3 selected frame stream_id=0 frame_type=WindowUpdate payload_bytes=4
2026-09-26T01:47:51.335993Z DEBUG netbaiot_transports::business_rpc::v3: business RPC V3 writer completed frame stream_id=0 frame_type=WindowUpdate payload_bytes=4
2026-09-26T01:47:51.336726Z DEBUG netbaiot_transports::business_rpc::v3: business RPC V3 body entered scheduler stream_id=936 class=Rpc body_bytes=198
2026-09-26T01:47:51.336753Z DEBUG netbaiot_transports::business_rpc::v3: business RPC V3 selected frame stream_id=936 frame_type=Open payload_bytes=158
2026-09-26T01:47:51.336770Z DEBUG netbaiot_transports::business_rpc::v3: business RPC V3 writer completed frame stream_id=936 frame_type=Open payload_bytes=158
2026-09-26T01:47:51.336831Z DEBUG netbaiot_transports::business_rpc::v3: business RPC V3 selected frame stream_id=936 frame_type=Data payload_bytes=198
2026-09-26T01:47:51.336843Z DEBUG netbaiot_transports::business_rpc::v3: business RPC V3 writer completed frame stream_id=936 frame_type=Data payload_bytes=198
2026-09-26T01:47:51.354492Z DEBUG netbaiot_transports::business_rpc::v3: business RPC V3 body entered scheduler stream_id=938 class=Event body_bytes=17366
2026-09-26T01:47:51.354597Z DEBUG netbaiot_transports::business_rpc::v3: business RPC V3 selected frame stream_id=938 frame_type=Open payload_bytes=184
2026-09-26T01:47:51.354625Z DEBUG netbaiot_transports::business_rpc::v3: business RPC V3 writer completed frame stream_id=938 frame_type=Open payload_bytes=184
2026-09-26T01:47:51.354645Z DEBUG netbaiot_transports::business_rpc::v3: business RPC V3 selected frame stream_id=938 frame_type=Data payload_bytes=8192
2026-09-26T01:47:51.354663Z DEBUG netbaiot_transports::business_rpc::v3: business RPC V3 writer completed frame stream_id=938 frame_type=Data payload_bytes=8192
2026-09-26T01:47:51.354672Z DEBUG netbaiot_transports::business_rpc::v3: business RPC V3 selected frame stream_id=938 frame_type=Data payload_bytes=8192
2026-09-26T01:47:51.354694Z DEBUG netbaiot_transports::business_rpc::v3: business RPC V3 writer completed frame stream_id=938 frame_type=Data payload_bytes=8192
2026-09-26T01:47:51.396170Z DEBUG netbaiot_transports::business_rpc::v3: business RPC V3 received frame stream_id=0 frame_type=WindowUpdate payload_bytes=4
2026-09-26T01:47:51.396295Z DEBUG netbaiot_transports::business_rpc::v3: business RPC V3 received frame stream_id=0 frame_type=WindowUpdate payload_bytes=4
2026-09-26T01:47:51.396331Z DEBUG netbaiot_transports::business_rpc::v3: business RPC V3 received frame stream_id=0 frame_type=WindowUpdate payload_bytes=4
2026-09-26T01:47:51.396354Z DEBUG netbaiot_transports::business_rpc::v3: business RPC V3 received frame stream_id=0 frame_type=WindowUpdate payload_bytes=4
2026-09-26T01:47:51.396373Z DEBUG netbaiot_transports::business_rpc::v3: business RPC V3 received frame stream_id=932 frame_type=Response payload_bytes=35
2026-09-26T01:47:51.396403Z DEBUG netbaiot_transports::business_rpc::v3: business RPC V3 received frame stream_id=926 frame_type=Response payload_bytes=35
2026-09-26T01:47:51.396424Z DEBUG netbaiot_transports::business_rpc::v3: business RPC V3 received frame stream_id=932 frame_type=Data payload_bytes=216
2026-09-26T01:47:51.396495Z DEBUG netbaiot_transports::business_rpc::v3: business RPC V3 received frame stream_id=926 frame_type=Data payload_bytes=216
2026-09-26T01:47:51.396523Z DEBUG netbaiot_transports::business_rpc::v3: business RPC V3 selected frame stream_id=0 frame_type=WindowUpdate payload_bytes=4
2026-09-26T01:47:51.396545Z DEBUG netbaiot_transports::business_rpc::v3: business RPC V3 received frame stream_id=928 frame_type=Response payload_bytes=35
2026-09-26T01:47:51.396606Z DEBUG netbaiot_transports::business_rpc::v3: business RPC V3 received frame stream_id=930 frame_type=Response payload_bytes=35
2026-09-26T01:47:51.396615Z DEBUG netbaiot_transports::business_rpc::v3: business RPC V3 writer completed frame stream_id=0 frame_type=WindowUpdate payload_bytes=4
2026-09-26T01:47:51.396664Z DEBUG netbaiot_transports::business_rpc::v3: business RPC V3 selected frame stream_id=0 frame_type=WindowUpdate payload_bytes=4
2026-09-26T01:47:51.396633Z DEBUG netbaiot_transports::business_rpc::v3: business RPC V3 received frame stream_id=928 frame_type=Data payload_bytes=216
2026-09-26T01:47:51.396701Z DEBUG netbaiot_transports::business_rpc::v3: business RPC V3 writer completed frame stream_id=0 frame_type=WindowUpdate payload_bytes=4
2026-09-26T01:47:51.396799Z DEBUG netbaiot_transports::business_rpc::v3: business RPC V3 selected frame stream_id=0 frame_type=WindowUpdate payload_bytes=4
2026-09-26T01:47:51.396773Z DEBUG netbaiot_transports::business_rpc::v3: business RPC V3 received frame stream_id=930 frame_type=Data payload_bytes=216
2026-09-26T01:47:51.396856Z DEBUG netbaiot_transports::business_rpc::v3: business RPC V3 writer completed frame stream_id=0 frame_type=WindowUpdate payload_bytes=4
2026-09-26T01:47:51.396983Z DEBUG netbaiot_transports::business_rpc::v3: business RPC V3 selected frame stream_id=0 frame_type=WindowUpdate payload_bytes=4
2026-09-26T01:47:51.397025Z DEBUG netbaiot_transports::business_rpc::v3: business RPC V3 writer completed frame stream_id=0 frame_type=WindowUpdate payload_bytes=4
2026-09-26T01:47:51.424850Z DEBUG netbaiot_transports::business_rpc::v3: business RPC V3 received frame stream_id=0 frame_type=WindowUpdate payload_bytes=4
2026-09-26T01:47:51.424962Z DEBUG netbaiot_transports::business_rpc::v3: business RPC V3 received frame stream_id=934 frame_type=Response payload_bytes=35
2026-09-26T01:47:51.425010Z DEBUG netbaiot_transports::business_rpc::v3: business RPC V3 received frame stream_id=934 frame_type=Data payload_bytes=216
2026-09-26T01:47:51.425120Z DEBUG netbaiot_transports::business_rpc::v3: business RPC V3 selected frame stream_id=0 frame_type=WindowUpdate payload_bytes=4
2026-09-26T01:47:51.425207Z DEBUG netbaiot_transports::business_rpc::v3: business RPC V3 writer completed frame stream_id=0 frame_type=WindowUpdate payload_bytes=4
2026-09-26T01:47:51.512265Z DEBUG netbaiot_transports::business_rpc::v3: business RPC V3 received frame stream_id=0 frame_type=WindowUpdate payload_bytes=4
2026-09-26T01:47:51.512412Z DEBUG netbaiot_transports::business_rpc::v3: business RPC V3 received frame stream_id=0 frame_type=WindowUpdate payload_bytes=4
2026-09-26T01:47:51.512448Z DEBUG netbaiot_transports::business_rpc::v3: business RPC V3 received frame stream_id=938 frame_type=WindowUpdate payload_bytes=4
2026-09-26T01:47:51.512472Z DEBUG netbaiot_transports::business_rpc::v3: business RPC V3 received frame stream_id=936 frame_type=Response payload_bytes=35
2026-09-26T01:47:51.512501Z DEBUG netbaiot_transports::business_rpc::v3: business RPC V3 received frame stream_id=936 frame_type=Data payload_bytes=216
2026-09-26T01:47:51.512605Z DEBUG netbaiot_transports::business_rpc::v3: business RPC V3 selected frame stream_id=0 frame_type=WindowUpdate payload_bytes=4
2026-09-26T01:47:51.512692Z DEBUG netbaiot_transports::business_rpc::v3: business RPC V3 writer completed frame stream_id=0 frame_type=WindowUpdate payload_bytes=4
2026-09-26T01:47:51.512734Z DEBUG netbaiot_transports::business_rpc::v3: business RPC V3 selected frame stream_id=938 frame_type=Data payload_bytes=982
2026-09-26T01:47:51.512769Z DEBUG netbaiot_transports::business_rpc::v3: business RPC V3 writer completed frame stream_id=938 frame_type=Data payload_bytes=982
2026-09-26T01:47:51.539987Z DEBUG netbaiot_transports::business_rpc::v3: business RPC V3 received frame stream_id=0 frame_type=WindowUpdate payload_bytes=4
2026-09-26T01:47:51.540104Z DEBUG netbaiot_transports::business_rpc::v3: business RPC V3 received frame stream_id=938 frame_type=WindowUpdate payload_bytes=4
2026-09-26T01:47:51.626129Z DEBUG netbaiot_transports::business_rpc::v3: business RPC V3 received frame stream_id=0 frame_type=WindowUpdate payload_bytes=4
2026-09-26T01:47:51.626271Z DEBUG netbaiot_transports::business_rpc::v3: business RPC V3 received frame stream_id=938 frame_type=Response payload_bytes=35
2026-09-26T01:47:51.626312Z DEBUG netbaiot_transports::business_rpc::v3: business RPC V3 received frame stream_id=938 frame_type=Data payload_bytes=118
2026-09-26T01:47:51.626345Z DEBUG netbaiot_transports::business_rpc::v3: business RPC V3 Event delivery acknowledged stream_id=938 completion_us=271871
2026-09-26T01:47:51.626381Z DEBUG netbaiot_transports::business_rpc::v3: business RPC V3 received frame stream_id=0 frame_type=Ping payload_bytes=8
2026-09-26T01:47:51.626410Z DEBUG netbaiot_transports::business_rpc::v3: business RPC V3 selected frame stream_id=0 frame_type=WindowUpdate payload_bytes=4
2026-09-26T01:47:51.626493Z DEBUG netbaiot_transports::business_rpc::v3: business RPC V3 writer completed frame stream_id=0 frame_type=WindowUpdate payload_bytes=4
2026-09-26T01:47:51.626583Z DEBUG netbaiot_transports::business_rpc::v3: business RPC V3 selected frame stream_id=0 frame_type=Pong payload_bytes=8
2026-09-26T01:47:51.626614Z DEBUG netbaiot_transports::business_rpc::v3: business RPC V3 writer completed frame stream_id=0 frame_type=Pong payload_bytes=8
2026-09-26T01:47:51.726433Z DEBUG netbaiot_transports::business_rpc::v3: business RPC V3 body entered scheduler stream_id=940 class=Rpc body_bytes=198
2026-09-26T01:47:51.726562Z DEBUG netbaiot_transports::business_rpc::v3: business RPC V3 selected frame stream_id=940 frame_type=Open payload_bytes=158
2026-09-26T01:47:51.726625Z DEBUG netbaiot_transports::business_rpc::v3: business RPC V3 writer completed frame stream_id=940 frame_type=Open payload_bytes=158
2026-09-26T01:47:51.726659Z DEBUG netbaiot_transports::business_rpc::v3: business RPC V3 selected frame stream_id=940 frame_type=Data payload_bytes=198
2026-09-26T01:47:51.726689Z DEBUG netbaiot_transports::business_rpc::v3: business RPC V3 writer completed frame stream_id=940 frame_type=Data payload_bytes=198
2026-09-26T01:47:51.755340Z DEBUG netbaiot_transports::business_rpc::v3: business RPC V3 body entered scheduler stream_id=942 class=Rpc body_bytes=198
2026-09-26T01:47:51.755430Z DEBUG netbaiot_transports::business_rpc::v3: business RPC V3 selected frame stream_id=942 frame_type=Open payload_bytes=158
2026-09-26T01:47:51.755485Z DEBUG netbaiot_transports::business_rpc::v3: business RPC V3 writer completed frame stream_id=942 frame_type=Open payload_bytes=158
2026-09-26T01:47:51.755519Z DEBUG netbaiot_transports::business_rpc::v3: business RPC V3 selected frame stream_id=942 frame_type=Data payload_bytes=198
2026-09-26T01:47:51.755550Z DEBUG netbaiot_transports::business_rpc::v3: business RPC V3 writer completed frame stream_id=942 frame_type=Data payload_bytes=198
2026-09-26T01:47:51.759231Z DEBUG netbaiot_transports::business_rpc::v3: business RPC V3 body entered scheduler stream_id=944 class=Rpc body_bytes=198
2026-09-26T01:47:51.759285Z DEBUG netbaiot_transports::business_rpc::v3: business RPC V3 selected frame stream_id=944 frame_type=Open payload_bytes=158
2026-09-26T01:47:51.759316Z DEBUG netbaiot_transports::business_rpc::v3: business RPC V3 writer completed frame stream_id=944 frame_type=Open payload_bytes=158
2026-09-26T01:47:51.759335Z DEBUG netbaiot_transports::business_rpc::v3: business RPC V3 selected frame stream_id=944 frame_type=Data payload_bytes=198
2026-09-26T01:47:51.759354Z DEBUG netbaiot_transports::business_rpc::v3: business RPC V3 writer completed frame stream_id=944 frame_type=Data payload_bytes=198
2026-09-26T01:47:51.772866Z DEBUG netbaiot_transports::business_rpc::v3: business RPC V3 body entered scheduler stream_id=946 class=Rpc body_bytes=198
2026-09-26T01:47:51.772975Z DEBUG netbaiot_transports::business_rpc::v3: business RPC V3 selected frame stream_id=946 frame_type=Open payload_bytes=158
2026-09-26T01:47:51.773037Z DEBUG netbaiot_transports::business_rpc::v3: business RPC V3 writer completed frame stream_id=946 frame_type=Open payload_bytes=158
2026-09-26T01:47:51.773068Z DEBUG netbaiot_transports::business_rpc::v3: business RPC V3 selected frame stream_id=946 frame_type=Data payload_bytes=198
2026-09-26T01:47:51.773098Z DEBUG netbaiot_transports::business_rpc::v3: business RPC V3 writer completed frame stream_id=946 frame_type=Data payload_bytes=198
2026-09-26T01:47:51.812085Z DEBUG netbaiot_transports::business_rpc::v3: business RPC V3 body entered scheduler stream_id=948 class=Rpc body_bytes=198
2026-09-26T01:47:51.812152Z DEBUG netbaiot_transports::business_rpc::v3: business RPC V3 selected frame stream_id=948 frame_type=Open payload_bytes=158
2026-09-26T01:47:51.812181Z DEBUG netbaiot_transports::business_rpc::v3: business RPC V3 writer completed frame stream_id=948 frame_type=Open payload_bytes=158
2026-09-26T01:47:51.812198Z DEBUG netbaiot_transports::business_rpc::v3: business RPC V3 selected frame stream_id=948 frame_type=Data payload_bytes=198
2026-09-26T01:47:51.812209Z DEBUG netbaiot_transports::business_rpc::v3: business RPC V3 writer completed frame stream_id=948 frame_type=Data payload_bytes=198
2026-09-26T01:47:51.819430Z DEBUG netbaiot_transports::business_rpc::v3: business RPC V3 body entered scheduler stream_id=950 class=Rpc body_bytes=198
2026-09-26T01:47:51.819528Z DEBUG netbaiot_transports::business_rpc::v3: business RPC V3 selected frame stream_id=950 frame_type=Open payload_bytes=158
2026-09-26T01:47:51.819556Z DEBUG netbaiot_transports::business_rpc::v3: business RPC V3 writer completed frame stream_id=950 frame_type=Open payload_bytes=158
2026-09-26T01:47:51.819573Z DEBUG netbaiot_transports::business_rpc::v3: business RPC V3 selected frame stream_id=950 frame_type=Data payload_bytes=198
2026-09-26T01:47:51.819584Z DEBUG netbaiot_transports::business_rpc::v3: business RPC V3 writer completed frame stream_id=950 frame_type=Data payload_bytes=198
2026-09-26T01:47:51.823279Z DEBUG netbaiot_transports::business_rpc::v3: business RPC V3 body entered scheduler stream_id=952 class=Rpc body_bytes=198
2026-09-26T01:47:51.823307Z DEBUG netbaiot_transports::business_rpc::v3: business RPC V3 selected frame stream_id=952 frame_type=Open payload_bytes=158
2026-09-26T01:47:51.823325Z DEBUG netbaiot_transports::business_rpc::v3: business RPC V3 writer completed frame stream_id=952 frame_type=Open payload_bytes=158
2026-09-26T01:47:51.823337Z DEBUG netbaiot_transports::business_rpc::v3: business RPC V3 selected frame stream_id=952 frame_type=Data payload_bytes=198
2026-09-26T01:47:51.823347Z DEBUG netbaiot_transports::business_rpc::v3: business RPC V3 writer completed frame stream_id=952 frame_type=Data payload_bytes=198
2026-09-26T01:47:51.837392Z DEBUG netbaiot_transports::business_rpc::v3: business RPC V3 received frame stream_id=0 frame_type=WindowUpdate payload_bytes=4
2026-09-26T01:47:51.837482Z DEBUG netbaiot_transports::business_rpc::v3: business RPC V3 received frame stream_id=940 frame_type=Response payload_bytes=35
2026-09-26T01:47:51.837511Z DEBUG netbaiot_transports::business_rpc::v3: business RPC V3 received frame stream_id=940 frame_type=Data payload_bytes=216
2026-09-26T01:47:51.837583Z DEBUG netbaiot_transports::business_rpc::v3: business RPC V3 selected frame stream_id=0 frame_type=WindowUpdate payload_bytes=4
2026-09-26T01:47:51.837634Z DEBUG netbaiot_transports::business_rpc::v3: business RPC V3 writer completed frame stream_id=0 frame_type=WindowUpdate payload_bytes=4
2026-09-26T01:47:51.838305Z DEBUG netbaiot_transports::business_rpc::v3: business RPC V3 body entered scheduler stream_id=954 class=Rpc body_bytes=198
2026-09-26T01:47:51.838331Z DEBUG netbaiot_transports::business_rpc::v3: business RPC V3 selected frame stream_id=954 frame_type=Open payload_bytes=158
2026-09-26T01:47:51.838350Z DEBUG netbaiot_transports::business_rpc::v3: business RPC V3 writer completed frame stream_id=954 frame_type=Open payload_bytes=158
2026-09-26T01:47:51.838363Z DEBUG netbaiot_transports::business_rpc::v3: business RPC V3 selected frame stream_id=954 frame_type=Data payload_bytes=198
2026-09-26T01:47:51.838378Z DEBUG netbaiot_transports::business_rpc::v3: business RPC V3 writer completed frame stream_id=954 frame_type=Data payload_bytes=198
2026-09-26T01:47:51.856122Z DEBUG netbaiot_transports::business_rpc::v3: business RPC V3 body entered scheduler stream_id=956 class=Event body_bytes=17366
2026-09-26T01:47:51.856239Z DEBUG netbaiot_transports::business_rpc::v3: business RPC V3 selected frame stream_id=956 frame_type=Open payload_bytes=184
2026-09-26T01:47:51.856311Z DEBUG netbaiot_transports::business_rpc::v3: business RPC V3 writer completed frame stream_id=956 frame_type=Open payload_bytes=184
2026-09-26T01:47:51.856349Z DEBUG netbaiot_transports::business_rpc::v3: business RPC V3 selected frame stream_id=956 frame_type=Data payload_bytes=8192
2026-09-26T01:47:51.856379Z DEBUG netbaiot_transports::business_rpc::v3: business RPC V3 writer completed frame stream_id=956 frame_type=Data payload_bytes=8192
2026-09-26T01:47:51.856396Z DEBUG netbaiot_transports::business_rpc::v3: business RPC V3 body entered scheduler stream_id=958 class=Rpc body_bytes=198
2026-09-26T01:47:51.856485Z DEBUG netbaiot_transports::business_rpc::v3: business RPC V3 selected frame stream_id=958 frame_type=Open payload_bytes=158
2026-09-26T01:47:51.856529Z DEBUG netbaiot_transports::business_rpc::v3: business RPC V3 writer completed frame stream_id=958 frame_type=Open payload_bytes=158
2026-09-26T01:47:51.856548Z DEBUG netbaiot_transports::business_rpc::v3: business RPC V3 selected frame stream_id=958 frame_type=Data payload_bytes=198
2026-09-26T01:47:51.856571Z DEBUG netbaiot_transports::business_rpc::v3: business RPC V3 writer completed frame stream_id=958 frame_type=Data payload_bytes=198
2026-09-26T01:47:51.856585Z DEBUG netbaiot_transports::business_rpc::v3: business RPC V3 selected frame stream_id=956 frame_type=Data payload_bytes=8192
2026-09-26T01:47:51.856607Z DEBUG netbaiot_transports::business_rpc::v3: business RPC V3 writer completed frame stream_id=956 frame_type=Data payload_bytes=8192
2026-09-26T01:47:51.868148Z DEBUG netbaiot_transports::business_rpc::v3: business RPC V3 received frame stream_id=0 frame_type=WindowUpdate payload_bytes=4
2026-09-26T01:47:51.868246Z DEBUG netbaiot_transports::business_rpc::v3: business RPC V3 received frame stream_id=0 frame_type=WindowUpdate payload_bytes=4
2026-09-26T01:47:51.868288Z DEBUG netbaiot_transports::business_rpc::v3: business RPC V3 received frame stream_id=0 frame_type=WindowUpdate payload_bytes=4
2026-09-26T01:47:51.868322Z DEBUG netbaiot_transports::business_rpc::v3: business RPC V3 received frame stream_id=946 frame_type=Response payload_bytes=35
2026-09-26T01:47:51.868354Z DEBUG netbaiot_transports::business_rpc::v3: business RPC V3 received frame stream_id=946 frame_type=Data payload_bytes=216
2026-09-26T01:47:51.868430Z DEBUG netbaiot_transports::business_rpc::v3: business RPC V3 received frame stream_id=942 frame_type=Response payload_bytes=35
2026-09-26T01:47:51.868473Z DEBUG netbaiot_transports::business_rpc::v3: business RPC V3 received frame stream_id=944 frame_type=Response payload_bytes=35
2026-09-26T01:47:51.868497Z DEBUG netbaiot_transports::business_rpc::v3: business RPC V3 received frame stream_id=942 frame_type=Data payload_bytes=216
2026-09-26T01:47:51.868541Z DEBUG netbaiot_transports::business_rpc::v3: business RPC V3 received frame stream_id=944 frame_type=Data payload_bytes=216
2026-09-26T01:47:51.868669Z DEBUG netbaiot_transports::business_rpc::v3: business RPC V3 selected frame stream_id=0 frame_type=WindowUpdate payload_bytes=4
2026-09-26T01:47:51.868762Z DEBUG netbaiot_transports::business_rpc::v3: business RPC V3 writer completed frame stream_id=0 frame_type=WindowUpdate payload_bytes=4
2026-09-26T01:47:51.868800Z DEBUG netbaiot_transports::business_rpc::v3: business RPC V3 selected frame stream_id=0 frame_type=WindowUpdate payload_bytes=4
2026-09-26T01:47:51.868833Z DEBUG netbaiot_transports::business_rpc::v3: business RPC V3 writer completed frame stream_id=0 frame_type=WindowUpdate payload_bytes=4
2026-09-26T01:47:51.868884Z DEBUG netbaiot_transports::business_rpc::v3: business RPC V3 selected frame stream_id=0 frame_type=WindowUpdate payload_bytes=4
2026-09-26T01:47:51.868946Z DEBUG netbaiot_transports::business_rpc::v3: business RPC V3 writer completed frame stream_id=0 frame_type=WindowUpdate payload_bytes=4
2026-09-26T01:47:51.927372Z DEBUG netbaiot_transports::business_rpc::v3: business RPC V3 received frame stream_id=0 frame_type=WindowUpdate payload_bytes=4
2026-09-26T01:47:51.927568Z DEBUG netbaiot_transports::business_rpc::v3: business RPC V3 received frame stream_id=0 frame_type=WindowUpdate payload_bytes=4
2026-09-26T01:47:51.927603Z DEBUG netbaiot_transports::business_rpc::v3: business RPC V3 received frame stream_id=0 frame_type=WindowUpdate payload_bytes=4
2026-09-26T01:47:51.927618Z DEBUG netbaiot_transports::business_rpc::v3: business RPC V3 received frame stream_id=952 frame_type=Response payload_bytes=35
2026-09-26T01:47:51.927637Z DEBUG netbaiot_transports::business_rpc::v3: business RPC V3 received frame stream_id=952 frame_type=Data payload_bytes=216
2026-09-26T01:47:51.927752Z DEBUG netbaiot_transports::business_rpc::v3: business RPC V3 received frame stream_id=948 frame_type=Response payload_bytes=35
2026-09-26T01:47:51.927766Z DEBUG netbaiot_transports::business_rpc::v3: business RPC V3 received frame stream_id=950 frame_type=Response payload_bytes=35
2026-09-26T01:47:51.927774Z DEBUG netbaiot_transports::business_rpc::v3: business RPC V3 selected frame stream_id=0 frame_type=WindowUpdate payload_bytes=4
2026-09-26T01:47:51.927778Z DEBUG netbaiot_transports::business_rpc::v3: business RPC V3 received frame stream_id=948 frame_type=Data payload_bytes=216
2026-09-26T01:47:51.927836Z DEBUG netbaiot_transports::business_rpc::v3: business RPC V3 writer completed frame stream_id=0 frame_type=WindowUpdate payload_bytes=4
2026-09-26T01:47:51.927849Z DEBUG netbaiot_transports::business_rpc::v3: business RPC V3 received frame stream_id=950 frame_type=Data payload_bytes=216
2026-09-26T01:47:51.927853Z DEBUG netbaiot_transports::business_rpc::v3: business RPC V3 selected frame stream_id=0 frame_type=WindowUpdate payload_bytes=4
2026-09-26T01:47:51.927908Z DEBUG netbaiot_transports::business_rpc::v3: business RPC V3 writer completed frame stream_id=0 frame_type=WindowUpdate payload_bytes=4
2026-09-26T01:47:51.927950Z DEBUG netbaiot_transports::business_rpc::v3: business RPC V3 selected frame stream_id=0 frame_type=WindowUpdate payload_bytes=4
2026-09-26T01:47:51.927973Z DEBUG netbaiot_transports::business_rpc::v3: business RPC V3 writer completed frame stream_id=0 frame_type=WindowUpdate payload_bytes=4
2026-09-26T01:47:51.959091Z DEBUG netbaiot_transports::business_rpc::v3: business RPC V3 body entered scheduler stream_id=960 class=Rpc body_bytes=198
2026-09-26T01:47:51.959199Z DEBUG netbaiot_transports::business_rpc::v3: business RPC V3 body entered scheduler stream_id=962 class=Rpc body_bytes=198
2026-09-26T01:47:51.959220Z DEBUG netbaiot_transports::business_rpc::v3: business RPC V3 selected frame stream_id=960 frame_type=Open payload_bytes=158
2026-09-26T01:47:51.959248Z DEBUG netbaiot_transports::business_rpc::v3: business RPC V3 writer completed frame stream_id=960 frame_type=Open payload_bytes=158
2026-09-26T01:47:51.959267Z DEBUG netbaiot_transports::business_rpc::v3: business RPC V3 selected frame stream_id=962 frame_type=Open payload_bytes=158
2026-09-26T01:47:51.959282Z DEBUG netbaiot_transports::business_rpc::v3: business RPC V3 writer completed frame stream_id=962 frame_type=Open payload_bytes=158
2026-09-26T01:47:51.959297Z DEBUG netbaiot_transports::business_rpc::v3: business RPC V3 selected frame stream_id=960 frame_type=Data payload_bytes=198
2026-09-26T01:47:51.959313Z DEBUG netbaiot_transports::business_rpc::v3: business RPC V3 writer completed frame stream_id=960 frame_type=Data payload_bytes=198
2026-09-26T01:47:51.959329Z DEBUG netbaiot_transports::business_rpc::v3: business RPC V3 selected frame stream_id=962 frame_type=Data payload_bytes=198
2026-09-26T01:47:51.959341Z DEBUG netbaiot_transports::business_rpc::v3: business RPC V3 writer completed frame stream_id=962 frame_type=Data payload_bytes=198
2026-09-26T01:47:51.975686Z DEBUG netbaiot_transports::business_rpc::v3: business RPC V3 body entered scheduler stream_id=964 class=Rpc body_bytes=198
2026-09-26T01:47:51.975802Z DEBUG netbaiot_transports::business_rpc::v3: business RPC V3 selected frame stream_id=964 frame_type=Open payload_bytes=158
2026-09-26T01:47:51.975896Z DEBUG netbaiot_transports::business_rpc::v3: business RPC V3 writer completed frame stream_id=964 frame_type=Open payload_bytes=158
2026-09-26T01:47:51.975941Z DEBUG netbaiot_transports::business_rpc::v3: business RPC V3 selected frame stream_id=964 frame_type=Data payload_bytes=198
2026-09-26T01:47:51.975975Z DEBUG netbaiot_transports::business_rpc::v3: business RPC V3 writer completed frame stream_id=964 frame_type=Data payload_bytes=198
2026-09-26T01:47:52.017330Z DEBUG netbaiot_transports::business_rpc::v3: business RPC V3 received frame stream_id=0 frame_type=WindowUpdate payload_bytes=4
2026-09-26T01:47:52.017484Z DEBUG netbaiot_transports::business_rpc::v3: business RPC V3 received frame stream_id=0 frame_type=WindowUpdate payload_bytes=4
2026-09-26T01:47:52.017615Z DEBUG netbaiot_transports::business_rpc::v3: business RPC V3 received frame stream_id=956 frame_type=WindowUpdate payload_bytes=4
2026-09-26T01:47:52.017646Z DEBUG netbaiot_transports::business_rpc::v3: business RPC V3 received frame stream_id=0 frame_type=WindowUpdate payload_bytes=4
2026-09-26T01:47:52.017667Z DEBUG netbaiot_transports::business_rpc::v3: business RPC V3 received frame stream_id=958 frame_type=Response payload_bytes=35
2026-09-26T01:47:52.017699Z DEBUG netbaiot_transports::business_rpc::v3: business RPC V3 received frame stream_id=954 frame_type=Response payload_bytes=35
2026-09-26T01:47:52.017720Z DEBUG netbaiot_transports::business_rpc::v3: business RPC V3 received frame stream_id=958 frame_type=Data payload_bytes=216
2026-09-26T01:47:52.017795Z DEBUG netbaiot_transports::business_rpc::v3: business RPC V3 received frame stream_id=954 frame_type=Data payload_bytes=216
2026-09-26T01:47:52.017828Z DEBUG netbaiot_transports::business_rpc::v3: business RPC V3 selected frame stream_id=0 frame_type=WindowUpdate payload_bytes=4
2026-09-26T01:47:52.017923Z DEBUG netbaiot_transports::business_rpc::v3: business RPC V3 writer completed frame stream_id=0 frame_type=WindowUpdate payload_bytes=4
2026-09-26T01:47:52.017958Z DEBUG netbaiot_transports::business_rpc::v3: business RPC V3 selected frame stream_id=0 frame_type=WindowUpdate payload_bytes=4
2026-09-26T01:47:52.017992Z DEBUG netbaiot_transports::business_rpc::v3: business RPC V3 writer completed frame stream_id=0 frame_type=WindowUpdate payload_bytes=4
2026-09-26T01:47:52.018021Z DEBUG netbaiot_transports::business_rpc::v3: business RPC V3 selected frame stream_id=956 frame_type=Data payload_bytes=982
2026-09-26T01:47:52.018069Z DEBUG netbaiot_transports::business_rpc::v3: business RPC V3 writer completed frame stream_id=956 frame_type=Data payload_bytes=982
2026-09-26T01:47:52.044849Z DEBUG netbaiot_transports::business_rpc::v3: business RPC V3 received frame stream_id=0 frame_type=WindowUpdate payload_bytes=4
2026-09-26T01:47:52.044911Z DEBUG netbaiot_transports::business_rpc::v3: business RPC V3 received frame stream_id=956 frame_type=WindowUpdate payload_bytes=4
2026-09-26T01:47:52.075462Z DEBUG netbaiot_transports::business_rpc::v3: business RPC V3 received frame stream_id=0 frame_type=WindowUpdate payload_bytes=4
2026-09-26T01:47:52.075556Z DEBUG netbaiot_transports::business_rpc::v3: business RPC V3 received frame stream_id=0 frame_type=WindowUpdate payload_bytes=4
2026-09-26T01:47:52.075573Z DEBUG netbaiot_transports::business_rpc::v3: business RPC V3 received frame stream_id=0 frame_type=WindowUpdate payload_bytes=4
2026-09-26T01:47:52.075583Z DEBUG netbaiot_transports::business_rpc::v3: business RPC V3 received frame stream_id=964 frame_type=Response payload_bytes=35
2026-09-26T01:47:52.075598Z DEBUG netbaiot_transports::business_rpc::v3: business RPC V3 received frame stream_id=960 frame_type=Response payload_bytes=35
2026-09-26T01:47:52.075607Z DEBUG netbaiot_transports::business_rpc::v3: business RPC V3 received frame stream_id=962 frame_type=Response payload_bytes=35
2026-09-26T01:47:52.075614Z DEBUG netbaiot_transports::business_rpc::v3: business RPC V3 received frame stream_id=964 frame_type=Data payload_bytes=216
2026-09-26T01:47:52.075660Z DEBUG netbaiot_transports::business_rpc::v3: business RPC V3 received frame stream_id=960 frame_type=Data payload_bytes=216
2026-09-26T01:47:52.075677Z DEBUG netbaiot_transports::business_rpc::v3: business RPC V3 received frame stream_id=962 frame_type=Data payload_bytes=216
2026-09-26T01:47:52.075677Z DEBUG netbaiot_transports::business_rpc::v3: business RPC V3 selected frame stream_id=0 frame_type=WindowUpdate payload_bytes=4
2026-09-26T01:47:52.075727Z DEBUG netbaiot_transports::business_rpc::v3: business RPC V3 writer completed frame stream_id=0 frame_type=WindowUpdate payload_bytes=4
2026-09-26T01:47:52.075741Z DEBUG netbaiot_transports::business_rpc::v3: business RPC V3 selected frame stream_id=0 frame_type=WindowUpdate payload_bytes=4
2026-09-26T01:47:52.075834Z DEBUG netbaiot_transports::business_rpc::v3: business RPC V3 writer completed frame stream_id=0 frame_type=WindowUpdate payload_bytes=4
2026-09-26T01:47:52.075845Z DEBUG netbaiot_transports::business_rpc::v3: business RPC V3 selected frame stream_id=0 frame_type=WindowUpdate payload_bytes=4
2026-09-26T01:47:52.075855Z DEBUG netbaiot_transports::business_rpc::v3: business RPC V3 writer completed frame stream_id=0 frame_type=WindowUpdate payload_bytes=4
2026-09-26T01:47:52.103018Z DEBUG netbaiot_transports::business_rpc::v3: business RPC V3 received frame stream_id=0 frame_type=WindowUpdate payload_bytes=4
2026-09-26T01:47:52.698316Z DEBUG netbaiot_transports::business_rpc::v3: business RPC V3 body entered scheduler stream_id=966 class=Rpc body_bytes=198
2026-09-26T01:47:52.698425Z DEBUG netbaiot_transports::business_rpc::v3: business RPC V3 selected frame stream_id=966 frame_type=Open payload_bytes=158
2026-09-26T01:47:52.698487Z DEBUG netbaiot_transports::business_rpc::v3: business RPC V3 writer completed frame stream_id=966 frame_type=Open payload_bytes=158
2026-09-26T01:47:52.698520Z DEBUG netbaiot_transports::business_rpc::v3: business RPC V3 selected frame stream_id=966 frame_type=Data payload_bytes=198
2026-09-26T01:47:52.698549Z DEBUG netbaiot_transports::business_rpc::v3: business RPC V3 writer completed frame stream_id=966 frame_type=Data payload_bytes=198
2026-09-26T01:47:52.727406Z DEBUG netbaiot_transports::business_rpc::v3: business RPC V3 body entered scheduler stream_id=968 class=Rpc body_bytes=198
2026-09-26T01:47:52.727474Z DEBUG netbaiot_transports::business_rpc::v3: business RPC V3 selected frame stream_id=968 frame_type=Open payload_bytes=158
2026-09-26T01:47:52.727529Z DEBUG netbaiot_transports::business_rpc::v3: business RPC V3 writer completed frame stream_id=968 frame_type=Open payload_bytes=158
2026-09-26T01:47:52.727555Z DEBUG netbaiot_transports::business_rpc::v3: business RPC V3 selected frame stream_id=968 frame_type=Data payload_bytes=198
2026-09-26T01:47:52.727581Z DEBUG netbaiot_transports::business_rpc::v3: business RPC V3 writer completed frame stream_id=968 frame_type=Data payload_bytes=198
2026-09-26T01:47:52.785877Z DEBUG netbaiot_transports::business_rpc::v3: business RPC V3 received frame stream_id=0 frame_type=WindowUpdate payload_bytes=4
2026-09-26T01:47:52.785946Z DEBUG netbaiot_transports::business_rpc::v3: business RPC V3 received frame stream_id=966 frame_type=Response payload_bytes=35
2026-09-26T01:47:52.785965Z DEBUG netbaiot_transports::business_rpc::v3: business RPC V3 received frame stream_id=966 frame_type=Data payload_bytes=216
2026-09-26T01:47:52.786030Z DEBUG netbaiot_transports::business_rpc::v3: business RPC V3 selected frame stream_id=0 frame_type=WindowUpdate payload_bytes=4
2026-09-26T01:47:52.786072Z DEBUG netbaiot_transports::business_rpc::v3: business RPC V3 writer completed frame stream_id=0 frame_type=WindowUpdate payload_bytes=4
2026-09-26T01:47:52.813763Z DEBUG netbaiot_transports::business_rpc::v3: business RPC V3 received frame stream_id=0 frame_type=WindowUpdate payload_bytes=4
2026-09-26T01:47:52.813824Z DEBUG netbaiot_transports::business_rpc::v3: business RPC V3 received frame stream_id=968 frame_type=Response payload_bytes=35
2026-09-26T01:47:52.813842Z DEBUG netbaiot_transports::business_rpc::v3: business RPC V3 received frame stream_id=968 frame_type=Data payload_bytes=216
2026-09-26T01:47:52.813897Z DEBUG netbaiot_transports::business_rpc::v3: business RPC V3 selected frame stream_id=0 frame_type=WindowUpdate payload_bytes=4
2026-09-26T01:47:52.813932Z DEBUG netbaiot_transports::business_rpc::v3: business RPC V3 writer completed frame stream_id=0 frame_type=WindowUpdate payload_bytes=4
2026-09-26T01:47:53.173735Z DEBUG netbaiot_transports::business_rpc::v3: business RPC V3 body entered scheduler stream_id=970 class=Rpc body_bytes=198
2026-09-26T01:47:53.173868Z DEBUG netbaiot_transports::business_rpc::v3: business RPC V3 selected frame stream_id=970 frame_type=Open payload_bytes=158
2026-09-26T01:47:53.174076Z DEBUG netbaiot_transports::business_rpc::v3: business RPC V3 writer completed frame stream_id=970 frame_type=Open payload_bytes=158
2026-09-26T01:47:53.174116Z DEBUG netbaiot_transports::business_rpc::v3: business RPC V3 selected frame stream_id=970 frame_type=Data payload_bytes=198
2026-09-26T01:47:53.174147Z DEBUG netbaiot_transports::business_rpc::v3: business RPC V3 writer completed frame stream_id=970 frame_type=Data payload_bytes=198
2026-09-26T01:47:53.261091Z DEBUG netbaiot_transports::business_rpc::v3: business RPC V3 received frame stream_id=0 frame_type=WindowUpdate payload_bytes=4
2026-09-26T01:47:53.261234Z DEBUG netbaiot_transports::business_rpc::v3: business RPC V3 received frame stream_id=970 frame_type=Response payload_bytes=35
2026-09-26T01:47:53.261281Z DEBUG netbaiot_transports::business_rpc::v3: business RPC V3 received frame stream_id=970 frame_type=Data payload_bytes=216
2026-09-26T01:47:53.261395Z DEBUG netbaiot_transports::business_rpc::v3: business RPC V3 selected frame stream_id=0 frame_type=WindowUpdate payload_bytes=4
2026-09-26T01:47:53.261496Z DEBUG netbaiot_transports::business_rpc::v3: business RPC V3 writer completed frame stream_id=0 frame_type=WindowUpdate payload_bytes=4
2026-09-26T01:47:53.774085Z DEBUG netbaiot_transports::business_rpc::v3: business RPC V3 body entered scheduler stream_id=972 class=Rpc body_bytes=198
2026-09-26T01:47:53.774222Z DEBUG netbaiot_transports::business_rpc::v3: business RPC V3 selected frame stream_id=972 frame_type=Open payload_bytes=158
2026-09-26T01:47:53.774297Z DEBUG netbaiot_transports::business_rpc::v3: business RPC V3 writer completed frame stream_id=972 frame_type=Open payload_bytes=158
2026-09-26T01:47:53.774339Z DEBUG netbaiot_transports::business_rpc::v3: business RPC V3 selected frame stream_id=972 frame_type=Data payload_bytes=198
2026-09-26T01:47:53.774372Z DEBUG netbaiot_transports::business_rpc::v3: business RPC V3 writer completed frame stream_id=972 frame_type=Data payload_bytes=198
2026-09-26T01:47:53.860845Z DEBUG netbaiot_transports::business_rpc::v3: business RPC V3 received frame stream_id=0 frame_type=WindowUpdate payload_bytes=4
2026-09-26T01:47:53.860988Z DEBUG netbaiot_transports::business_rpc::v3: business RPC V3 received frame stream_id=972 frame_type=Response payload_bytes=35
2026-09-26T01:47:53.861038Z DEBUG netbaiot_transports::business_rpc::v3: business RPC V3 received frame stream_id=972 frame_type=Data payload_bytes=216
2026-09-26T01:47:53.861153Z DEBUG netbaiot_transports::business_rpc::v3: business RPC V3 selected frame stream_id=0 frame_type=WindowUpdate payload_bytes=4
2026-09-26T01:47:53.861252Z DEBUG netbaiot_transports::business_rpc::v3: business RPC V3 writer completed frame stream_id=0 frame_type=WindowUpdate payload_bytes=4
2026-09-26T01:47:54.123799Z DEBUG netbaiot_transports::business_rpc::v3: business RPC V3 received frame stream_id=0 frame_type=Ping payload_bytes=8
2026-09-26T01:47:54.123924Z DEBUG netbaiot_transports::business_rpc::v3: business RPC V3 selected frame stream_id=0 frame_type=Pong payload_bytes=8
2026-09-26T01:47:54.123992Z DEBUG netbaiot_transports::business_rpc::v3: business RPC V3 writer completed frame stream_id=0 frame_type=Pong payload_bytes=8
2026-09-26T01:47:55.807046Z DEBUG netbaiot_transports::business_rpc::v3: business RPC V3 body entered scheduler stream_id=974 class=Rpc body_bytes=198
2026-09-26T01:47:55.807163Z DEBUG netbaiot_transports::business_rpc::v3: business RPC V3 selected frame stream_id=974 frame_type=Open payload_bytes=158
2026-09-26T01:47:55.807211Z DEBUG netbaiot_transports::business_rpc::v3: business RPC V3 writer completed frame stream_id=974 frame_type=Open payload_bytes=158
2026-09-26T01:47:55.807233Z DEBUG netbaiot_transports::business_rpc::v3: business RPC V3 selected frame stream_id=974 frame_type=Data payload_bytes=198
2026-09-26T01:47:55.807252Z DEBUG netbaiot_transports::business_rpc::v3: business RPC V3 writer completed frame stream_id=974 frame_type=Data payload_bytes=198
2026-09-26T01:47:55.865697Z DEBUG netbaiot_transports::business_rpc::v3: business RPC V3 received frame stream_id=0 frame_type=WindowUpdate payload_bytes=4
2026-09-26T01:47:55.865835Z DEBUG netbaiot_transports::business_rpc::v3: business RPC V3 received frame stream_id=974 frame_type=Response payload_bytes=35
2026-09-26T01:47:55.865883Z DEBUG netbaiot_transports::business_rpc::v3: business RPC V3 received frame stream_id=974 frame_type=Data payload_bytes=216
2026-09-26T01:47:55.865996Z DEBUG netbaiot_transports::business_rpc::v3: business RPC V3 selected frame stream_id=0 frame_type=WindowUpdate payload_bytes=4
2026-09-26T01:47:55.866099Z DEBUG netbaiot_transports::business_rpc::v3: business RPC V3 writer completed frame stream_id=0 frame_type=WindowUpdate payload_bytes=4
2026-09-26T01:47:55.894805Z DEBUG netbaiot_transports::business_rpc::v3: business RPC V3 received frame stream_id=0 frame_type=GoAway payload_bytes=53
2026-09-26T01:47:55.895081Z DEBUG netbaiot_transports::business_rpc::v3: business RPC V3 frame read failed error=Io
2026-09-26T01:47:55.895372Z  WARN netbaiot_transports::business_rpc::v3: business RPC V3 connection closed abnormally error=device unavailable
