2026-09-26T01:46:47.463530Z  INFO netbaiot_server: runtime ready device_ingress=127.0.0.1:51814 management_http=127.0.0.1:51815 business_tcp=Some(127.0.0.1:51816)
2026-09-26T01:46:47.871275Z  INFO netbaiot_transports::business_rpc: business RPC socket send buffer send_buffer_bytes=146988
2026-09-26T01:46:47.956154Z DEBUG netbaiot_transports::business_rpc::v3: business RPC V3 received frame stream_id=1 frame_type=Open payload_bytes=43
2026-09-26T01:46:47.956203Z DEBUG netbaiot_transports::business_rpc::v3: business RPC V3 received frame stream_id=3 frame_type=Open payload_bytes=157
2026-09-26T01:46:47.956221Z DEBUG netbaiot_transports::business_rpc::v3: business RPC V3 selected frame stream_id=1 frame_type=Accept payload_bytes=41
2026-09-26T01:46:47.956233Z DEBUG netbaiot_transports::business_rpc::v3: business RPC V3 writer completed frame stream_id=1 frame_type=Accept payload_bytes=41
2026-09-26T01:46:47.956238Z DEBUG netbaiot_transports::business_rpc::v3: business RPC V3 selected frame stream_id=3 frame_type=Accept payload_bytes=45
2026-09-26T01:46:47.956247Z DEBUG netbaiot_transports::business_rpc::v3: business RPC V3 writer completed frame stream_id=3 frame_type=Accept payload_bytes=45
2026-09-26T01:46:48.012415Z DEBUG netbaiot_transports::business_rpc::v3: business RPC V3 received frame stream_id=5 frame_type=Open payload_bytes=147
2026-09-26T01:46:48.012458Z DEBUG netbaiot_transports::business_rpc::v3: business RPC V3 received frame stream_id=5 frame_type=Data payload_bytes=95
2026-09-26T01:46:48.012481Z DEBUG netbaiot_transports::business_rpc::v3: business RPC V3 selected frame stream_id=0 frame_type=WindowUpdate payload_bytes=4
2026-09-26T01:46:48.012500Z DEBUG netbaiot_transports::business_rpc::v3: business RPC V3 writer completed frame stream_id=0 frame_type=WindowUpdate payload_bytes=4
2026-09-26T01:46:48.012508Z DEBUG netbaiot_transports::business_rpc::v3: business RPC V3 body entered scheduler stream_id=5 class=Rpc body_bytes=22
2026-09-26T01:46:48.012516Z DEBUG netbaiot_transports::business_rpc::v3: business RPC V3 selected frame stream_id=5 frame_type=Response payload_bytes=34
2026-09-26T01:46:48.012527Z DEBUG netbaiot_transports::business_rpc::v3: business RPC V3 writer completed frame stream_id=5 frame_type=Response payload_bytes=34
2026-09-26T01:46:48.012532Z DEBUG netbaiot_transports::business_rpc::v3: business RPC V3 selected frame stream_id=5 frame_type=Data payload_bytes=22
2026-09-26T01:46:48.012570Z DEBUG netbaiot_transports::business_rpc::v3: business RPC V3 writer completed frame stream_id=5 frame_type=Data payload_bytes=22
2026-09-26T01:46:48.012587Z DEBUG netbaiot_transports::business_rpc::v3: business RPC V3 selected frame stream_id=0 frame_type=Ping payload_bytes=8
2026-09-26T01:46:48.012603Z DEBUG netbaiot_transports::business_rpc::v3: business RPC V3 writer completed frame stream_id=0 frame_type=Ping payload_bytes=8
2026-09-26T01:46:48.093957Z DEBUG netbaiot_transports::business_rpc::v3: business RPC V3 received frame stream_id=0 frame_type=Pong payload_bytes=8
2026-09-26T01:46:48.094528Z DEBUG netbaiot_transports::business_rpc::v3: business RPC V3 body entered scheduler stream_id=2 class=Rpc body_bytes=200
2026-09-26T01:46:48.094546Z DEBUG netbaiot_transports::business_rpc::v3: business RPC V3 selected frame stream_id=2 frame_type=Open payload_bytes=158
2026-09-26T01:46:48.094557Z DEBUG netbaiot_transports::business_rpc::v3: business RPC V3 writer completed frame stream_id=2 frame_type=Open payload_bytes=158
2026-09-26T01:46:48.094562Z DEBUG netbaiot_transports::business_rpc::v3: business RPC V3 selected frame stream_id=2 frame_type=Data payload_bytes=200
2026-09-26T01:46:48.094567Z DEBUG netbaiot_transports::business_rpc::v3: business RPC V3 writer completed frame stream_id=2 frame_type=Data payload_bytes=200
2026-09-26T01:46:48.121283Z DEBUG netbaiot_transports::business_rpc::v3: business RPC V3 received frame stream_id=0 frame_type=WindowUpdate payload_bytes=4
2026-09-26T01:46:48.148445Z DEBUG netbaiot_transports::business_rpc::v3: business RPC V3 received frame stream_id=0 frame_type=WindowUpdate payload_bytes=4
2026-09-26T01:46:48.176854Z DEBUG netbaiot_transports::business_rpc::v3: business RPC V3 received frame stream_id=2 frame_type=Response payload_bytes=35
2026-09-26T01:46:48.176912Z DEBUG netbaiot_transports::business_rpc::v3: business RPC V3 received frame stream_id=2 frame_type=Data payload_bytes=218
2026-09-26T01:46:48.176964Z DEBUG netbaiot_transports::business_rpc::v3: business RPC V3 selected frame stream_id=0 frame_type=WindowUpdate payload_bytes=4
2026-09-26T01:46:48.176992Z DEBUG netbaiot_transports::business_rpc::v3: business RPC V3 writer completed frame stream_id=0 frame_type=WindowUpdate payload_bytes=4
2026-09-26T01:46:48.177550Z DEBUG netbaiot_transports::business_rpc::v3: business RPC V3 body entered scheduler stream_id=4 class=Rpc body_bytes=196
2026-09-26T01:46:48.177578Z DEBUG netbaiot_transports::business_rpc::v3: business RPC V3 body entered scheduler stream_id=6 class=Rpc body_bytes=197
2026-09-26T01:46:48.177585Z DEBUG netbaiot_transports::business_rpc::v3: business RPC V3 selected frame stream_id=4 frame_type=Open payload_bytes=158
2026-09-26T01:46:48.177601Z DEBUG netbaiot_transports::business_rpc::v3: business RPC V3 writer completed frame stream_id=4 frame_type=Open payload_bytes=158
2026-09-26T01:46:48.177608Z DEBUG netbaiot_transports::business_rpc::v3: business RPC V3 body entered scheduler stream_id=8 class=Rpc body_bytes=196
2026-09-26T01:46:48.177614Z DEBUG netbaiot_transports::business_rpc::v3: business RPC V3 body entered scheduler stream_id=10 class=Rpc body_bytes=197
2026-09-26T01:46:48.177621Z DEBUG netbaiot_transports::business_rpc::v3: business RPC V3 body entered scheduler stream_id=12 class=Rpc body_bytes=196
2026-09-26T01:46:48.177627Z DEBUG netbaiot_transports::business_rpc::v3: business RPC V3 body entered scheduler stream_id=14 class=Rpc body_bytes=196
2026-09-26T01:46:48.177633Z DEBUG netbaiot_transports::business_rpc::v3: business RPC V3 body entered scheduler stream_id=16 class=Rpc body_bytes=196
2026-09-26T01:46:48.177637Z DEBUG netbaiot_transports::business_rpc::v3: business RPC V3 body entered scheduler stream_id=18 class=Rpc body_bytes=196
2026-09-26T01:46:48.177644Z DEBUG netbaiot_transports::business_rpc::v3: business RPC V3 body entered scheduler stream_id=20 class=Rpc body_bytes=196
2026-09-26T01:46:48.177653Z DEBUG netbaiot_transports::business_rpc::v3: business RPC V3 body entered scheduler stream_id=22 class=Rpc body_bytes=196
2026-09-26T01:46:48.177659Z DEBUG netbaiot_transports::business_rpc::v3: business RPC V3 selected frame stream_id=6 frame_type=Open payload_bytes=158
2026-09-26T01:46:48.177671Z DEBUG netbaiot_transports::business_rpc::v3: business RPC V3 writer completed frame stream_id=6 frame_type=Open payload_bytes=158
2026-09-26T01:46:48.177676Z DEBUG netbaiot_transports::business_rpc::v3: business RPC V3 body entered scheduler stream_id=24 class=Rpc body_bytes=197
2026-09-26T01:46:48.177680Z DEBUG netbaiot_transports::business_rpc::v3: business RPC V3 body entered scheduler stream_id=26 class=Rpc body_bytes=197
2026-09-26T01:46:48.177685Z DEBUG netbaiot_transports::business_rpc::v3: business RPC V3 body entered scheduler stream_id=28 class=Rpc body_bytes=197
2026-09-26T01:46:48.177689Z DEBUG netbaiot_transports::business_rpc::v3: business RPC V3 body entered scheduler stream_id=30 class=Rpc body_bytes=197
2026-09-26T01:46:48.177693Z DEBUG netbaiot_transports::business_rpc::v3: business RPC V3 body entered scheduler stream_id=32 class=Rpc body_bytes=196
2026-09-26T01:46:48.177699Z DEBUG netbaiot_transports::business_rpc::v3: business RPC V3 body entered scheduler stream_id=34 class=Rpc body_bytes=196
2026-09-26T01:46:48.177704Z DEBUG netbaiot_transports::business_rpc::v3: business RPC V3 selected frame stream_id=8 frame_type=Open payload_bytes=158
2026-09-26T01:46:48.177711Z DEBUG netbaiot_transports::business_rpc::v3: business RPC V3 writer completed frame stream_id=8 frame_type=Open payload_bytes=158
2026-09-26T01:46:48.177716Z DEBUG netbaiot_transports::business_rpc::v3: business RPC V3 selected frame stream_id=4 frame_type=Data payload_bytes=196
2026-09-26T01:46:48.177741Z DEBUG netbaiot_transports::business_rpc::v3: business RPC V3 writer completed frame stream_id=4 frame_type=Data payload_bytes=196
2026-09-26T01:46:48.177747Z DEBUG netbaiot_transports::business_rpc::v3: business RPC V3 selected frame stream_id=10 frame_type=Open payload_bytes=158
2026-09-26T01:46:48.177755Z DEBUG netbaiot_transports::business_rpc::v3: business RPC V3 writer completed frame stream_id=10 frame_type=Open payload_bytes=158
2026-09-26T01:46:48.177759Z DEBUG netbaiot_transports::business_rpc::v3: business RPC V3 selected frame stream_id=12 frame_type=Open payload_bytes=158
2026-09-26T01:46:48.177768Z DEBUG netbaiot_transports::business_rpc::v3: business RPC V3 writer completed frame stream_id=12 frame_type=Open payload_bytes=158
2026-09-26T01:46:48.177773Z DEBUG netbaiot_transports::business_rpc::v3: business RPC V3 selected frame stream_id=14 frame_type=Open payload_bytes=158
2026-09-26T01:46:48.177780Z DEBUG netbaiot_transports::business_rpc::v3: business RPC V3 writer completed frame stream_id=14 frame_type=Open payload_bytes=158
2026-09-26T01:46:48.177785Z DEBUG netbaiot_transports::business_rpc::v3: business RPC V3 selected frame stream_id=16 frame_type=Open payload_bytes=158
2026-09-26T01:46:48.177791Z DEBUG netbaiot_transports::business_rpc::v3: business RPC V3 writer completed frame stream_id=16 frame_type=Open payload_bytes=158
2026-09-26T01:46:48.177796Z DEBUG netbaiot_transports::business_rpc::v3: business RPC V3 selected frame stream_id=6 frame_type=Data payload_bytes=197
2026-09-26T01:46:48.177803Z DEBUG netbaiot_transports::business_rpc::v3: business RPC V3 writer completed frame stream_id=6 frame_type=Data payload_bytes=197
2026-09-26T01:46:48.177808Z DEBUG netbaiot_transports::business_rpc::v3: business RPC V3 selected frame stream_id=18 frame_type=Open payload_bytes=158
2026-09-26T01:46:48.177815Z DEBUG netbaiot_transports::business_rpc::v3: business RPC V3 writer completed frame stream_id=18 frame_type=Open payload_bytes=158
2026-09-26T01:46:48.177819Z DEBUG netbaiot_transports::business_rpc::v3: business RPC V3 selected frame stream_id=20 frame_type=Open payload_bytes=158
2026-09-26T01:46:48.177826Z DEBUG netbaiot_transports::business_rpc::v3: business RPC V3 writer completed frame stream_id=20 frame_type=Open payload_bytes=158
2026-09-26T01:46:48.177830Z DEBUG netbaiot_transports::business_rpc::v3: business RPC V3 selected frame stream_id=22 frame_type=Open payload_bytes=158
2026-09-26T01:46:48.177837Z DEBUG netbaiot_transports::business_rpc::v3: business RPC V3 writer completed frame stream_id=22 frame_type=Open payload_bytes=158
2026-09-26T01:46:48.177841Z DEBUG netbaiot_transports::business_rpc::v3: business RPC V3 selected frame stream_id=24 frame_type=Open payload_bytes=158
2026-09-26T01:46:48.177850Z DEBUG netbaiot_transports::business_rpc::v3: business RPC V3 writer completed frame stream_id=24 frame_type=Open payload_bytes=158
2026-09-26T01:46:48.177855Z DEBUG netbaiot_transports::business_rpc::v3: business RPC V3 selected frame stream_id=8 frame_type=Data payload_bytes=196
2026-09-26T01:46:48.177861Z DEBUG netbaiot_transports::business_rpc::v3: business RPC V3 writer completed frame stream_id=8 frame_type=Data payload_bytes=196
2026-09-26T01:46:48.177866Z DEBUG netbaiot_transports::business_rpc::v3: business RPC V3 selected frame stream_id=26 frame_type=Open payload_bytes=158
2026-09-26T01:46:48.177873Z DEBUG netbaiot_transports::business_rpc::v3: business RPC V3 writer completed frame stream_id=26 frame_type=Open payload_bytes=158
2026-09-26T01:46:48.177877Z DEBUG netbaiot_transports::business_rpc::v3: business RPC V3 selected frame stream_id=28 frame_type=Open payload_bytes=158
2026-09-26T01:46:48.177885Z DEBUG netbaiot_transports::business_rpc::v3: business RPC V3 writer completed frame stream_id=28 frame_type=Open payload_bytes=158
2026-09-26T01:46:48.177889Z DEBUG netbaiot_transports::business_rpc::v3: business RPC V3 selected frame stream_id=30 frame_type=Open payload_bytes=158
2026-09-26T01:46:48.177896Z DEBUG netbaiot_transports::business_rpc::v3: business RPC V3 writer completed frame stream_id=30 frame_type=Open payload_bytes=158
2026-09-26T01:46:48.177906Z DEBUG netbaiot_transports::business_rpc::v3: business RPC V3 selected frame stream_id=32 frame_type=Open payload_bytes=158
2026-09-26T01:46:48.177917Z DEBUG netbaiot_transports::business_rpc::v3: business RPC V3 writer completed frame stream_id=32 frame_type=Open payload_bytes=158
2026-09-26T01:46:48.177923Z DEBUG netbaiot_transports::business_rpc::v3: business RPC V3 selected frame stream_id=10 frame_type=Data payload_bytes=197
2026-09-26T01:46:48.177929Z DEBUG netbaiot_transports::business_rpc::v3: business RPC V3 writer completed frame stream_id=10 frame_type=Data payload_bytes=197
2026-09-26T01:46:48.177934Z DEBUG netbaiot_transports::business_rpc::v3: business RPC V3 selected frame stream_id=34 frame_type=Open payload_bytes=158
2026-09-26T01:46:48.177941Z DEBUG netbaiot_transports::business_rpc::v3: business RPC V3 writer completed frame stream_id=34 frame_type=Open payload_bytes=158
2026-09-26T01:46:48.177946Z DEBUG netbaiot_transports::business_rpc::v3: business RPC V3 selected frame stream_id=12 frame_type=Data payload_bytes=196
2026-09-26T01:46:48.177952Z DEBUG netbaiot_transports::business_rpc::v3: business RPC V3 writer completed frame stream_id=12 frame_type=Data payload_bytes=196
2026-09-26T01:46:48.177957Z DEBUG netbaiot_transports::business_rpc::v3: business RPC V3 selected frame stream_id=14 frame_type=Data payload_bytes=196
2026-09-26T01:46:48.177963Z DEBUG netbaiot_transports::business_rpc::v3: business RPC V3 writer completed frame stream_id=14 frame_type=Data payload_bytes=196
2026-09-26T01:46:48.177968Z DEBUG netbaiot_transports::business_rpc::v3: business RPC V3 selected frame stream_id=16 frame_type=Data payload_bytes=196
2026-09-26T01:46:48.177975Z DEBUG netbaiot_transports::business_rpc::v3: business RPC V3 writer completed frame stream_id=16 frame_type=Data payload_bytes=196
2026-09-26T01:46:48.177980Z DEBUG netbaiot_transports::business_rpc::v3: business RPC V3 selected frame stream_id=18 frame_type=Data payload_bytes=196
2026-09-26T01:46:48.177988Z DEBUG netbaiot_transports::business_rpc::v3: business RPC V3 writer completed frame stream_id=18 frame_type=Data payload_bytes=196
2026-09-26T01:46:48.177993Z DEBUG netbaiot_transports::business_rpc::v3: business RPC V3 selected frame stream_id=20 frame_type=Data payload_bytes=196
2026-09-26T01:46:48.178002Z DEBUG netbaiot_transports::business_rpc::v3: business RPC V3 writer completed frame stream_id=20 frame_type=Data payload_bytes=196
2026-09-26T01:46:48.178007Z DEBUG netbaiot_transports::business_rpc::v3: business RPC V3 selected frame stream_id=22 frame_type=Data payload_bytes=196
2026-09-26T01:46:48.178015Z DEBUG netbaiot_transports::business_rpc::v3: business RPC V3 writer completed frame stream_id=22 frame_type=Data payload_bytes=196
2026-09-26T01:46:48.178020Z DEBUG netbaiot_transports::business_rpc::v3: business RPC V3 selected frame stream_id=24 frame_type=Data payload_bytes=197
2026-09-26T01:46:48.178026Z DEBUG netbaiot_transports::business_rpc::v3: business RPC V3 writer completed frame stream_id=24 frame_type=Data payload_bytes=197
2026-09-26T01:46:48.178031Z DEBUG netbaiot_transports::business_rpc::v3: business RPC V3 selected frame stream_id=26 frame_type=Data payload_bytes=197
2026-09-26T01:46:48.178038Z DEBUG netbaiot_transports::business_rpc::v3: business RPC V3 writer completed frame stream_id=26 frame_type=Data payload_bytes=197
2026-09-26T01:46:48.178042Z DEBUG netbaiot_transports::business_rpc::v3: business RPC V3 selected frame stream_id=28 frame_type=Data payload_bytes=197
2026-09-26T01:46:48.178051Z DEBUG netbaiot_transports::business_rpc::v3: business RPC V3 writer completed frame stream_id=28 frame_type=Data payload_bytes=197
2026-09-26T01:46:48.178056Z DEBUG netbaiot_transports::business_rpc::v3: business RPC V3 selected frame stream_id=30 frame_type=Data payload_bytes=197
2026-09-26T01:46:48.178063Z DEBUG netbaiot_transports::business_rpc::v3: business RPC V3 writer completed frame stream_id=30 frame_type=Data payload_bytes=197
2026-09-26T01:46:48.178075Z DEBUG netbaiot_transports::business_rpc::v3: business RPC V3 selected frame stream_id=32 frame_type=Data payload_bytes=196
2026-09-26T01:46:48.178085Z DEBUG netbaiot_transports::business_rpc::v3: business RPC V3 writer completed frame stream_id=32 frame_type=Data payload_bytes=196
2026-09-26T01:46:48.178090Z DEBUG netbaiot_transports::business_rpc::v3: business RPC V3 selected frame stream_id=34 frame_type=Data payload_bytes=196
2026-09-26T01:46:48.178097Z DEBUG netbaiot_transports::business_rpc::v3: business RPC V3 writer completed frame stream_id=34 frame_type=Data payload_bytes=196
2026-09-26T01:46:48.179231Z DEBUG netbaiot_transports::business_rpc::v3: business RPC V3 body entered scheduler stream_id=36 class=Event body_bytes=17365
2026-09-26T01:46:48.179245Z DEBUG netbaiot_transports::business_rpc::v3: business RPC V3 selected frame stream_id=36 frame_type=Open payload_bytes=184
2026-09-26T01:46:48.179257Z DEBUG netbaiot_transports::business_rpc::v3: business RPC V3 writer completed frame stream_id=36 frame_type=Open payload_bytes=184
2026-09-26T01:46:48.179264Z DEBUG netbaiot_transports::business_rpc::v3: business RPC V3 selected frame stream_id=36 frame_type=Data payload_bytes=8192
2026-09-26T01:46:48.179273Z DEBUG netbaiot_transports::business_rpc::v3: business RPC V3 writer completed frame stream_id=36 frame_type=Data payload_bytes=8192
2026-09-26T01:46:48.179278Z DEBUG netbaiot_transports::business_rpc::v3: business RPC V3 selected frame stream_id=36 frame_type=Data payload_bytes=8192
2026-09-26T01:46:48.179287Z DEBUG netbaiot_transports::business_rpc::v3: business RPC V3 writer completed frame stream_id=36 frame_type=Data payload_bytes=8192
2026-09-26T01:46:48.322059Z DEBUG netbaiot_transports::business_rpc::v3: business RPC V3 received frame stream_id=0 frame_type=WindowUpdate payload_bytes=4
2026-09-26T01:46:48.322101Z DEBUG netbaiot_transports::business_rpc::v3: business RPC V3 received frame stream_id=0 frame_type=WindowUpdate payload_bytes=4
2026-09-26T01:46:48.322112Z DEBUG netbaiot_transports::business_rpc::v3: business RPC V3 received frame stream_id=0 frame_type=WindowUpdate payload_bytes=4
2026-09-26T01:46:48.322119Z DEBUG netbaiot_transports::business_rpc::v3: business RPC V3 received frame stream_id=0 frame_type=WindowUpdate payload_bytes=4
2026-09-26T01:46:48.322127Z DEBUG netbaiot_transports::business_rpc::v3: business RPC V3 received frame stream_id=0 frame_type=WindowUpdate payload_bytes=4
2026-09-26T01:46:48.322135Z DEBUG netbaiot_transports::business_rpc::v3: business RPC V3 received frame stream_id=0 frame_type=WindowUpdate payload_bytes=4
2026-09-26T01:46:48.322141Z DEBUG netbaiot_transports::business_rpc::v3: business RPC V3 received frame stream_id=0 frame_type=WindowUpdate payload_bytes=4
2026-09-26T01:46:48.322148Z DEBUG netbaiot_transports::business_rpc::v3: business RPC V3 received frame stream_id=0 frame_type=WindowUpdate payload_bytes=4
2026-09-26T01:46:48.322155Z DEBUG netbaiot_transports::business_rpc::v3: business RPC V3 received frame stream_id=0 frame_type=WindowUpdate payload_bytes=4
2026-09-26T01:46:48.322172Z DEBUG netbaiot_transports::business_rpc::v3: business RPC V3 received frame stream_id=0 frame_type=WindowUpdate payload_bytes=4
2026-09-26T01:46:48.322213Z DEBUG netbaiot_transports::business_rpc::v3: business RPC V3 received frame stream_id=0 frame_type=WindowUpdate payload_bytes=4
2026-09-26T01:46:48.322222Z DEBUG netbaiot_transports::business_rpc::v3: business RPC V3 received frame stream_id=0 frame_type=WindowUpdate payload_bytes=4
2026-09-26T01:46:48.366405Z DEBUG netbaiot_transports::business_rpc::v3: business RPC V3 received frame stream_id=4 frame_type=Response payload_bytes=35
2026-09-26T01:46:48.366434Z DEBUG netbaiot_transports::business_rpc::v3: business RPC V3 received frame stream_id=6 frame_type=Response payload_bytes=35
2026-09-26T01:46:48.366439Z DEBUG netbaiot_transports::business_rpc::v3: business RPC V3 received frame stream_id=4 frame_type=Data payload_bytes=214
2026-09-26T01:46:48.366459Z DEBUG netbaiot_transports::business_rpc::v3: business RPC V3 received frame stream_id=8 frame_type=Response payload_bytes=35
2026-09-26T01:46:48.366470Z DEBUG netbaiot_transports::business_rpc::v3: business RPC V3 received frame stream_id=18 frame_type=Response payload_bytes=35
2026-09-26T01:46:48.366474Z DEBUG netbaiot_transports::business_rpc::v3: business RPC V3 received frame stream_id=24 frame_type=Response payload_bytes=35
2026-09-26T01:46:48.366477Z DEBUG netbaiot_transports::business_rpc::v3: business RPC V3 received frame stream_id=10 frame_type=Response payload_bytes=35
2026-09-26T01:46:48.366479Z DEBUG netbaiot_transports::business_rpc::v3: business RPC V3 received frame stream_id=6 frame_type=Data payload_bytes=215
2026-09-26T01:46:48.366474Z DEBUG netbaiot_transports::business_rpc::v3: business RPC V3 selected frame stream_id=0 frame_type=WindowUpdate payload_bytes=4
2026-09-26T01:46:48.366488Z DEBUG netbaiot_transports::business_rpc::v3: business RPC V3 received frame stream_id=12 frame_type=Response payload_bytes=35
2026-09-26T01:46:48.366513Z DEBUG netbaiot_transports::business_rpc::v3: business RPC V3 received frame stream_id=0 frame_type=WindowUpdate payload_bytes=4
2026-09-26T01:46:48.366516Z DEBUG netbaiot_transports::business_rpc::v3: business RPC V3 received frame stream_id=0 frame_type=WindowUpdate payload_bytes=4
2026-09-26T01:46:48.366519Z DEBUG netbaiot_transports::business_rpc::v3: business RPC V3 received frame stream_id=0 frame_type=WindowUpdate payload_bytes=4
2026-09-26T01:46:48.366521Z DEBUG netbaiot_transports::business_rpc::v3: business RPC V3 received frame stream_id=8 frame_type=Data payload_bytes=214
2026-09-26T01:46:48.366525Z DEBUG netbaiot_transports::business_rpc::v3: business RPC V3 writer completed frame stream_id=0 frame_type=WindowUpdate payload_bytes=4
2026-09-26T01:46:48.366543Z DEBUG netbaiot_transports::business_rpc::v3: business RPC V3 selected frame stream_id=0 frame_type=WindowUpdate payload_bytes=4
2026-09-26T01:46:48.366560Z DEBUG netbaiot_transports::business_rpc::v3: business RPC V3 writer completed frame stream_id=0 frame_type=WindowUpdate payload_bytes=4
2026-09-26T01:46:48.366567Z DEBUG netbaiot_transports::business_rpc::v3: business RPC V3 selected frame stream_id=0 frame_type=WindowUpdate payload_bytes=4
2026-09-26T01:46:48.366575Z DEBUG netbaiot_transports::business_rpc::v3: business RPC V3 writer completed frame stream_id=0 frame_type=WindowUpdate payload_bytes=4
2026-09-26T01:46:48.366529Z DEBUG netbaiot_transports::business_rpc::v3: business RPC V3 received frame stream_id=0 frame_type=WindowUpdate payload_bytes=4
2026-09-26T01:46:48.366600Z DEBUG netbaiot_transports::business_rpc::v3: business RPC V3 received frame stream_id=14 frame_type=Response payload_bytes=35
2026-09-26T01:46:48.366609Z DEBUG netbaiot_transports::business_rpc::v3: business RPC V3 received frame stream_id=0 frame_type=WindowUpdate payload_bytes=4
2026-09-26T01:46:48.366615Z DEBUG netbaiot_transports::business_rpc::v3: business RPC V3 received frame stream_id=36 frame_type=WindowUpdate payload_bytes=4
2026-09-26T01:46:48.366622Z DEBUG netbaiot_transports::business_rpc::v3: business RPC V3 received frame stream_id=18 frame_type=Data payload_bytes=214
2026-09-26T01:46:48.366642Z DEBUG netbaiot_transports::business_rpc::v3: business RPC V3 received frame stream_id=20 frame_type=Response payload_bytes=35
2026-09-26T01:46:48.366648Z DEBUG netbaiot_transports::business_rpc::v3: business RPC V3 selected frame stream_id=0 frame_type=WindowUpdate payload_bytes=4
2026-09-26T01:46:48.366651Z DEBUG netbaiot_transports::business_rpc::v3: business RPC V3 received frame stream_id=16 frame_type=Response payload_bytes=35
2026-09-26T01:46:48.366675Z DEBUG netbaiot_transports::business_rpc::v3: business RPC V3 received frame stream_id=22 frame_type=Response payload_bytes=35
2026-09-26T01:46:48.366681Z DEBUG netbaiot_transports::business_rpc::v3: business RPC V3 received frame stream_id=34 frame_type=Response payload_bytes=35
2026-09-26T01:46:48.366690Z DEBUG netbaiot_transports::business_rpc::v3: business RPC V3 received frame stream_id=24 frame_type=Data payload_bytes=215
2026-09-26T01:46:48.366728Z DEBUG netbaiot_transports::business_rpc::v3: business RPC V3 received frame stream_id=28 frame_type=Response payload_bytes=35
2026-09-26T01:46:48.366736Z DEBUG netbaiot_transports::business_rpc::v3: business RPC V3 received frame stream_id=26 frame_type=Response payload_bytes=35
2026-09-26T01:46:48.366674Z DEBUG netbaiot_transports::business_rpc::v3: business RPC V3 writer completed frame stream_id=0 frame_type=WindowUpdate payload_bytes=4
2026-09-26T01:46:48.366758Z DEBUG netbaiot_transports::business_rpc::v3: business RPC V3 selected frame stream_id=36 frame_type=Data payload_bytes=981
2026-09-26T01:46:48.366772Z DEBUG netbaiot_transports::business_rpc::v3: business RPC V3 writer completed frame stream_id=36 frame_type=Data payload_bytes=981
2026-09-26T01:46:48.366782Z DEBUG netbaiot_transports::business_rpc::v3: business RPC V3 selected frame stream_id=0 frame_type=WindowUpdate payload_bytes=4
2026-09-26T01:46:48.366792Z DEBUG netbaiot_transports::business_rpc::v3: business RPC V3 writer completed frame stream_id=0 frame_type=WindowUpdate payload_bytes=4
2026-09-26T01:46:48.366743Z DEBUG netbaiot_transports::business_rpc::v3: business RPC V3 received frame stream_id=30 frame_type=Response payload_bytes=35
2026-09-26T01:46:48.366860Z DEBUG netbaiot_transports::business_rpc::v3: business RPC V3 received frame stream_id=32 frame_type=Response payload_bytes=35
2026-09-26T01:46:48.366878Z DEBUG netbaiot_transports::business_rpc::v3: business RPC V3 received frame stream_id=10 frame_type=Data payload_bytes=215
2026-09-26T01:46:48.366900Z DEBUG netbaiot_transports::business_rpc::v3: business RPC V3 received frame stream_id=12 frame_type=Data payload_bytes=214
2026-09-26T01:46:48.366915Z DEBUG netbaiot_transports::business_rpc::v3: business RPC V3 received frame stream_id=14 frame_type=Data payload_bytes=214
2026-09-26T01:46:48.366916Z DEBUG netbaiot_transports::business_rpc::v3: business RPC V3 selected frame stream_id=0 frame_type=WindowUpdate payload_bytes=4
2026-09-26T01:46:48.366941Z DEBUG netbaiot_transports::business_rpc::v3: business RPC V3 writer completed frame stream_id=0 frame_type=WindowUpdate payload_bytes=4
2026-09-26T01:46:48.366952Z DEBUG netbaiot_transports::business_rpc::v3: business RPC V3 selected frame stream_id=0 frame_type=WindowUpdate payload_bytes=4
2026-09-26T01:46:48.366932Z DEBUG netbaiot_transports::business_rpc::v3: business RPC V3 received frame stream_id=20 frame_type=Data payload_bytes=214
2026-09-26T01:46:48.366964Z DEBUG netbaiot_transports::business_rpc::v3: business RPC V3 writer completed frame stream_id=0 frame_type=WindowUpdate payload_bytes=4
2026-09-26T01:46:48.366991Z DEBUG netbaiot_transports::business_rpc::v3: business RPC V3 selected frame stream_id=0 frame_type=WindowUpdate payload_bytes=4
2026-09-26T01:46:48.367003Z DEBUG netbaiot_transports::business_rpc::v3: business RPC V3 writer completed frame stream_id=0 frame_type=WindowUpdate payload_bytes=4
2026-09-26T01:46:48.367011Z DEBUG netbaiot_transports::business_rpc::v3: business RPC V3 selected frame stream_id=0 frame_type=WindowUpdate payload_bytes=4
2026-09-26T01:46:48.367019Z DEBUG netbaiot_transports::business_rpc::v3: business RPC V3 writer completed frame stream_id=0 frame_type=WindowUpdate payload_bytes=4
2026-09-26T01:46:48.366993Z DEBUG netbaiot_transports::business_rpc::v3: business RPC V3 received frame stream_id=16 frame_type=Data payload_bytes=214
2026-09-26T01:46:48.367071Z DEBUG netbaiot_transports::business_rpc::v3: business RPC V3 selected frame stream_id=0 frame_type=WindowUpdate payload_bytes=4
2026-09-26T01:46:48.367075Z DEBUG netbaiot_transports::business_rpc::v3: business RPC V3 received frame stream_id=22 frame_type=Data payload_bytes=214
2026-09-26T01:46:48.367080Z DEBUG netbaiot_transports::business_rpc::v3: business RPC V3 writer completed frame stream_id=0 frame_type=WindowUpdate payload_bytes=4
2026-09-26T01:46:48.367083Z DEBUG netbaiot_transports::business_rpc::v3: business RPC V3 body entered scheduler stream_id=38 class=Rpc body_bytes=197
2026-09-26T01:46:48.367089Z DEBUG netbaiot_transports::business_rpc::v3: business RPC V3 received frame stream_id=34 frame_type=Data payload_bytes=214
2026-09-26T01:46:48.367109Z DEBUG netbaiot_transports::business_rpc::v3: business RPC V3 received frame stream_id=28 frame_type=Data payload_bytes=215
2026-09-26T01:46:48.367116Z DEBUG netbaiot_transports::business_rpc::v3: business RPC V3 received frame stream_id=26 frame_type=Data payload_bytes=215
2026-09-26T01:46:48.367124Z DEBUG netbaiot_transports::business_rpc::v3: business RPC V3 received frame stream_id=30 frame_type=Data payload_bytes=215
2026-09-26T01:46:48.367129Z DEBUG netbaiot_transports::business_rpc::v3: business RPC V3 received frame stream_id=32 frame_type=Data payload_bytes=214
2026-09-26T01:46:48.367092Z DEBUG netbaiot_transports::business_rpc::v3: business RPC V3 body entered scheduler stream_id=40 class=Rpc body_bytes=197
2026-09-26T01:46:48.367174Z DEBUG netbaiot_transports::business_rpc::v3: business RPC V3 selected frame stream_id=38 frame_type=Open payload_bytes=158
2026-09-26T01:46:48.367187Z DEBUG netbaiot_transports::business_rpc::v3: business RPC V3 writer completed frame stream_id=38 frame_type=Open payload_bytes=158
2026-09-26T01:46:48.367194Z DEBUG netbaiot_transports::business_rpc::v3: business RPC V3 selected frame stream_id=40 frame_type=Open payload_bytes=158
2026-09-26T01:46:48.367203Z DEBUG netbaiot_transports::business_rpc::v3: business RPC V3 writer completed frame stream_id=40 frame_type=Open payload_bytes=158
2026-09-26T01:46:48.367210Z DEBUG netbaiot_transports::business_rpc::v3: business RPC V3 selected frame stream_id=0 frame_type=WindowUpdate payload_bytes=4
2026-09-26T01:46:48.367218Z DEBUG netbaiot_transports::business_rpc::v3: business RPC V3 writer completed frame stream_id=0 frame_type=WindowUpdate payload_bytes=4
2026-09-26T01:46:48.367224Z DEBUG netbaiot_transports::business_rpc::v3: business RPC V3 body entered scheduler stream_id=42 class=Rpc body_bytes=197
2026-09-26T01:46:48.367231Z DEBUG netbaiot_transports::business_rpc::v3: business RPC V3 selected frame stream_id=38 frame_type=Data payload_bytes=197
2026-09-26T01:46:48.367248Z DEBUG netbaiot_transports::business_rpc::v3: business RPC V3 writer completed frame stream_id=38 frame_type=Data payload_bytes=197
2026-09-26T01:46:48.367261Z DEBUG netbaiot_transports::business_rpc::v3: business RPC V3 selected frame stream_id=0 frame_type=WindowUpdate payload_bytes=4
2026-09-26T01:46:48.367276Z DEBUG netbaiot_transports::business_rpc::v3: business RPC V3 writer completed frame stream_id=0 frame_type=WindowUpdate payload_bytes=4
2026-09-26T01:46:48.367283Z DEBUG netbaiot_transports::business_rpc::v3: business RPC V3 selected frame stream_id=0 frame_type=WindowUpdate payload_bytes=4
2026-09-26T01:46:48.367292Z DEBUG netbaiot_transports::business_rpc::v3: business RPC V3 writer completed frame stream_id=0 frame_type=WindowUpdate payload_bytes=4
2026-09-26T01:46:48.367299Z DEBUG netbaiot_transports::business_rpc::v3: business RPC V3 selected frame stream_id=0 frame_type=WindowUpdate payload_bytes=4
2026-09-26T01:46:48.367308Z DEBUG netbaiot_transports::business_rpc::v3: business RPC V3 writer completed frame stream_id=0 frame_type=WindowUpdate payload_bytes=4
2026-09-26T01:46:48.367315Z DEBUG netbaiot_transports::business_rpc::v3: business RPC V3 selected frame stream_id=0 frame_type=WindowUpdate payload_bytes=4
2026-09-26T01:46:48.367323Z DEBUG netbaiot_transports::business_rpc::v3: business RPC V3 writer completed frame stream_id=0 frame_type=WindowUpdate payload_bytes=4
2026-09-26T01:46:48.367330Z DEBUG netbaiot_transports::business_rpc::v3: business RPC V3 selected frame stream_id=40 frame_type=Data payload_bytes=197
2026-09-26T01:46:48.367338Z DEBUG netbaiot_transports::business_rpc::v3: business RPC V3 writer completed frame stream_id=40 frame_type=Data payload_bytes=197
2026-09-26T01:46:48.367344Z DEBUG netbaiot_transports::business_rpc::v3: business RPC V3 selected frame stream_id=0 frame_type=WindowUpdate payload_bytes=4
2026-09-26T01:46:48.367378Z DEBUG netbaiot_transports::business_rpc::v3: business RPC V3 writer completed frame stream_id=0 frame_type=WindowUpdate payload_bytes=4
2026-09-26T01:46:48.367399Z DEBUG netbaiot_transports::business_rpc::v3: business RPC V3 selected frame stream_id=42 frame_type=Open payload_bytes=158
2026-09-26T01:46:48.367420Z DEBUG netbaiot_transports::business_rpc::v3: business RPC V3 writer completed frame stream_id=42 frame_type=Open payload_bytes=158
2026-09-26T01:46:48.367429Z DEBUG netbaiot_transports::business_rpc::v3: business RPC V3 selected frame stream_id=42 frame_type=Data payload_bytes=197
2026-09-26T01:46:48.367439Z DEBUG netbaiot_transports::business_rpc::v3: business RPC V3 writer completed frame stream_id=42 frame_type=Data payload_bytes=197
2026-09-26T01:46:48.367465Z DEBUG netbaiot_transports::business_rpc::v3: business RPC V3 body entered scheduler stream_id=44 class=Rpc body_bytes=197
2026-09-26T01:46:48.367473Z DEBUG netbaiot_transports::business_rpc::v3: business RPC V3 body entered scheduler stream_id=46 class=Rpc body_bytes=197
2026-09-26T01:46:48.367479Z DEBUG netbaiot_transports::business_rpc::v3: business RPC V3 body entered scheduler stream_id=48 class=Rpc body_bytes=197
2026-09-26T01:46:48.367485Z DEBUG netbaiot_transports::business_rpc::v3: business RPC V3 selected frame stream_id=44 frame_type=Open payload_bytes=158
2026-09-26T01:46:48.367494Z DEBUG netbaiot_transports::business_rpc::v3: business RPC V3 writer completed frame stream_id=44 frame_type=Open payload_bytes=158
2026-09-26T01:46:48.367500Z DEBUG netbaiot_transports::business_rpc::v3: business RPC V3 selected frame stream_id=46 frame_type=Open payload_bytes=158
2026-09-26T01:46:48.367507Z DEBUG netbaiot_transports::business_rpc::v3: business RPC V3 writer completed frame stream_id=46 frame_type=Open payload_bytes=158
2026-09-26T01:46:48.367513Z DEBUG netbaiot_transports::business_rpc::v3: business RPC V3 selected frame stream_id=48 frame_type=Open payload_bytes=158
2026-09-26T01:46:48.367521Z DEBUG netbaiot_transports::business_rpc::v3: business RPC V3 writer completed frame stream_id=48 frame_type=Open payload_bytes=158
2026-09-26T01:46:48.367527Z DEBUG netbaiot_transports::business_rpc::v3: business RPC V3 selected frame stream_id=44 frame_type=Data payload_bytes=197
2026-09-26T01:46:48.367537Z DEBUG netbaiot_transports::business_rpc::v3: business RPC V3 writer completed frame stream_id=44 frame_type=Data payload_bytes=197
2026-09-26T01:46:48.367543Z DEBUG netbaiot_transports::business_rpc::v3: business RPC V3 selected frame stream_id=46 frame_type=Data payload_bytes=197
2026-09-26T01:46:48.367552Z DEBUG netbaiot_transports::business_rpc::v3: business RPC V3 writer completed frame stream_id=46 frame_type=Data payload_bytes=197
2026-09-26T01:46:48.367558Z DEBUG netbaiot_transports::business_rpc::v3: business RPC V3 selected frame stream_id=48 frame_type=Data payload_bytes=197
2026-09-26T01:46:48.367565Z DEBUG netbaiot_transports::business_rpc::v3: business RPC V3 writer completed frame stream_id=48 frame_type=Data payload_bytes=197
2026-09-26T01:46:48.367586Z DEBUG netbaiot_transports::business_rpc::v3: business RPC V3 body entered scheduler stream_id=50 class=Rpc body_bytes=197
2026-09-26T01:46:48.367594Z DEBUG netbaiot_transports::business_rpc::v3: business RPC V3 selected frame stream_id=50 frame_type=Open payload_bytes=158
2026-09-26T01:46:48.367633Z DEBUG netbaiot_transports::business_rpc::v3: business RPC V3 writer completed frame stream_id=50 frame_type=Open payload_bytes=158
2026-09-26T01:46:48.367643Z DEBUG netbaiot_transports::business_rpc::v3: business RPC V3 selected frame stream_id=50 frame_type=Data payload_bytes=197
2026-09-26T01:46:48.367668Z DEBUG netbaiot_transports::business_rpc::v3: business RPC V3 writer completed frame stream_id=50 frame_type=Data payload_bytes=197
2026-09-26T01:46:48.367688Z DEBUG netbaiot_transports::business_rpc::v3: business RPC V3 body entered scheduler stream_id=52 class=Rpc body_bytes=197
2026-09-26T01:46:48.367697Z DEBUG netbaiot_transports::business_rpc::v3: business RPC V3 selected frame stream_id=52 frame_type=Open payload_bytes=158
2026-09-26T01:46:48.367726Z DEBUG netbaiot_transports::business_rpc::v3: business RPC V3 writer completed frame stream_id=52 frame_type=Open payload_bytes=158
2026-09-26T01:46:48.367733Z DEBUG netbaiot_transports::business_rpc::v3: business RPC V3 selected frame stream_id=52 frame_type=Data payload_bytes=197
2026-09-26T01:46:48.367743Z DEBUG netbaiot_transports::business_rpc::v3: business RPC V3 writer completed frame stream_id=52 frame_type=Data payload_bytes=197
2026-09-26T01:46:48.367833Z DEBUG netbaiot_transports::business_rpc::v3: business RPC V3 body entered scheduler stream_id=54 class=Rpc body_bytes=197
2026-09-26T01:46:48.367844Z DEBUG netbaiot_transports::business_rpc::v3: business RPC V3 body entered scheduler stream_id=56 class=Rpc body_bytes=197
2026-09-26T01:46:48.367849Z DEBUG netbaiot_transports::business_rpc::v3: business RPC V3 selected frame stream_id=54 frame_type=Open payload_bytes=158
2026-09-26T01:46:48.367862Z DEBUG netbaiot_transports::business_rpc::v3: business RPC V3 writer completed frame stream_id=54 frame_type=Open payload_bytes=158
2026-09-26T01:46:48.367869Z DEBUG netbaiot_transports::business_rpc::v3: business RPC V3 selected frame stream_id=56 frame_type=Open payload_bytes=158
2026-09-26T01:46:48.367877Z DEBUG netbaiot_transports::business_rpc::v3: business RPC V3 writer completed frame stream_id=56 frame_type=Open payload_bytes=158
2026-09-26T01:46:48.367890Z DEBUG netbaiot_transports::business_rpc::v3: business RPC V3 body entered scheduler stream_id=58 class=Rpc body_bytes=197
2026-09-26T01:46:48.367896Z DEBUG netbaiot_transports::business_rpc::v3: business RPC V3 selected frame stream_id=58 frame_type=Open payload_bytes=158
2026-09-26T01:46:48.367901Z DEBUG netbaiot_transports::business_rpc::v3: business RPC V3 writer completed frame stream_id=58 frame_type=Open payload_bytes=158
2026-09-26T01:46:48.367903Z DEBUG netbaiot_transports::business_rpc::v3: business RPC V3 selected frame stream_id=54 frame_type=Data payload_bytes=197
2026-09-26T01:46:48.367907Z DEBUG netbaiot_transports::business_rpc::v3: business RPC V3 writer completed frame stream_id=54 frame_type=Data payload_bytes=197
2026-09-26T01:46:48.367910Z DEBUG netbaiot_transports::business_rpc::v3: business RPC V3 selected frame stream_id=56 frame_type=Data payload_bytes=197
2026-09-26T01:46:48.367914Z DEBUG netbaiot_transports::business_rpc::v3: business RPC V3 writer completed frame stream_id=56 frame_type=Data payload_bytes=197
2026-09-26T01:46:48.367916Z DEBUG netbaiot_transports::business_rpc::v3: business RPC V3 selected frame stream_id=58 frame_type=Data payload_bytes=197
2026-09-26T01:46:48.367920Z DEBUG netbaiot_transports::business_rpc::v3: business RPC V3 writer completed frame stream_id=58 frame_type=Data payload_bytes=197
2026-09-26T01:46:48.393807Z DEBUG netbaiot_transports::business_rpc::v3: business RPC V3 received frame stream_id=0 frame_type=WindowUpdate payload_bytes=4
2026-09-26T01:46:48.393866Z DEBUG netbaiot_transports::business_rpc::v3: business RPC V3 received frame stream_id=36 frame_type=WindowUpdate payload_bytes=4
2026-09-26T01:46:48.507833Z DEBUG netbaiot_transports::business_rpc::v3: business RPC V3 received frame stream_id=0 frame_type=WindowUpdate payload_bytes=4
2026-09-26T01:46:48.507867Z DEBUG netbaiot_transports::business_rpc::v3: business RPC V3 received frame stream_id=0 frame_type=WindowUpdate payload_bytes=4
2026-09-26T01:46:48.507885Z DEBUG netbaiot_transports::business_rpc::v3: business RPC V3 received frame stream_id=0 frame_type=WindowUpdate payload_bytes=4
2026-09-26T01:46:48.507910Z DEBUG netbaiot_transports::business_rpc::v3: business RPC V3 received frame stream_id=0 frame_type=WindowUpdate payload_bytes=4
2026-09-26T01:46:48.507920Z DEBUG netbaiot_transports::business_rpc::v3: business RPC V3 received frame stream_id=36 frame_type=Response payload_bytes=35
2026-09-26T01:46:48.507932Z DEBUG netbaiot_transports::business_rpc::v3: business RPC V3 received frame stream_id=0 frame_type=WindowUpdate payload_bytes=4
2026-09-26T01:46:48.507949Z DEBUG netbaiot_transports::business_rpc::v3: business RPC V3 received frame stream_id=0 frame_type=WindowUpdate payload_bytes=4
2026-09-26T01:46:48.507955Z DEBUG netbaiot_transports::business_rpc::v3: business RPC V3 received frame stream_id=36 frame_type=Data payload_bytes=118
2026-09-26T01:46:48.507975Z DEBUG netbaiot_transports::business_rpc::v3: business RPC V3 Event delivery acknowledged stream_id=36 completion_us=328749
2026-09-26T01:46:48.507987Z DEBUG netbaiot_transports::business_rpc::v3: business RPC V3 received frame stream_id=0 frame_type=WindowUpdate payload_bytes=4
2026-09-26T01:46:48.507996Z DEBUG netbaiot_transports::business_rpc::v3: business RPC V3 received frame stream_id=38 frame_type=Response payload_bytes=35
2026-09-26T01:46:48.507991Z DEBUG netbaiot_transports::business_rpc::v3: business RPC V3 selected frame stream_id=0 frame_type=WindowUpdate payload_bytes=4
2026-09-26T01:46:48.508002Z DEBUG netbaiot_transports::business_rpc::v3: business RPC V3 received frame stream_id=42 frame_type=Response payload_bytes=35
2026-09-26T01:46:48.508042Z DEBUG netbaiot_transports::business_rpc::v3: business RPC V3 received frame stream_id=0 frame_type=WindowUpdate payload_bytes=4
2026-09-26T01:46:48.508055Z DEBUG netbaiot_transports::business_rpc::v3: business RPC V3 received frame stream_id=38 frame_type=Data payload_bytes=215
2026-09-26T01:46:48.508042Z DEBUG netbaiot_transports::business_rpc::v3: business RPC V3 writer completed frame stream_id=0 frame_type=WindowUpdate payload_bytes=4
2026-09-26T01:46:48.508077Z DEBUG netbaiot_transports::business_rpc::v3: business RPC V3 selected frame stream_id=0 frame_type=WindowUpdate payload_bytes=4
2026-09-26T01:46:48.508089Z DEBUG netbaiot_transports::business_rpc::v3: business RPC V3 received frame stream_id=40 frame_type=Response payload_bytes=35
2026-09-26T01:46:48.508106Z DEBUG netbaiot_transports::business_rpc::v3: business RPC V3 received frame stream_id=44 frame_type=Response payload_bytes=35
2026-09-26T01:46:48.508114Z DEBUG netbaiot_transports::business_rpc::v3: business RPC V3 received frame stream_id=0 frame_type=WindowUpdate payload_bytes=4
2026-09-26T01:46:48.508120Z DEBUG netbaiot_transports::business_rpc::v3: business RPC V3 received frame stream_id=48 frame_type=Response payload_bytes=35
2026-09-26T01:46:48.508126Z DEBUG netbaiot_transports::business_rpc::v3: business RPC V3 received frame stream_id=42 frame_type=Data payload_bytes=215
2026-09-26T01:46:48.508090Z DEBUG netbaiot_transports::business_rpc::v3: business RPC V3 writer completed frame stream_id=0 frame_type=WindowUpdate payload_bytes=4
2026-09-26T01:46:48.508141Z DEBUG netbaiot_transports::business_rpc::v3: business RPC V3 selected frame stream_id=0 frame_type=WindowUpdate payload_bytes=4
2026-09-26T01:46:48.508143Z DEBUG netbaiot_transports::business_rpc::v3: business RPC V3 received frame stream_id=46 frame_type=Response payload_bytes=35
2026-09-26T01:46:48.508169Z DEBUG netbaiot_transports::business_rpc::v3: business RPC V3 received frame stream_id=0 frame_type=WindowUpdate payload_bytes=4
2026-09-26T01:46:48.508176Z DEBUG netbaiot_transports::business_rpc::v3: business RPC V3 received frame stream_id=0 frame_type=WindowUpdate payload_bytes=4
2026-09-26T01:46:48.508183Z DEBUG netbaiot_transports::business_rpc::v3: business RPC V3 received frame stream_id=0 frame_type=WindowUpdate payload_bytes=4
2026-09-26T01:46:48.508200Z DEBUG netbaiot_transports::business_rpc::v3: business RPC V3 received frame stream_id=40 frame_type=Data payload_bytes=215
2026-09-26T01:46:48.508216Z DEBUG netbaiot_transports::business_rpc::v3: business RPC V3 received frame stream_id=50 frame_type=Response payload_bytes=35
2026-09-26T01:46:48.508220Z DEBUG netbaiot_transports::business_rpc::v3: business RPC V3 received frame stream_id=54 frame_type=Response payload_bytes=35
2026-09-26T01:46:48.508223Z DEBUG netbaiot_transports::business_rpc::v3: business RPC V3 received frame stream_id=58 frame_type=Response payload_bytes=35
2026-09-26T01:46:48.508226Z DEBUG netbaiot_transports::business_rpc::v3: business RPC V3 received frame stream_id=52 frame_type=Response payload_bytes=35
2026-09-26T01:46:48.508265Z DEBUG netbaiot_transports::business_rpc::v3: business RPC V3 received frame stream_id=44 frame_type=Data payload_bytes=215
2026-09-26T01:46:48.508312Z DEBUG netbaiot_transports::business_rpc::v3: business RPC V3 received frame stream_id=56 frame_type=Response payload_bytes=35
2026-09-26T01:46:48.508156Z DEBUG netbaiot_transports::business_rpc::v3: business RPC V3 writer completed frame stream_id=0 frame_type=WindowUpdate payload_bytes=4
2026-09-26T01:46:48.508407Z DEBUG netbaiot_transports::business_rpc::v3: business RPC V3 selected frame stream_id=0 frame_type=WindowUpdate payload_bytes=4
2026-09-26T01:46:48.508423Z DEBUG netbaiot_transports::business_rpc::v3: business RPC V3 writer completed frame stream_id=0 frame_type=WindowUpdate payload_bytes=4
2026-09-26T01:46:48.508428Z DEBUG netbaiot_transports::business_rpc::v3: business RPC V3 selected frame stream_id=0 frame_type=WindowUpdate payload_bytes=4
2026-09-26T01:46:48.508432Z DEBUG netbaiot_transports::business_rpc::v3: business RPC V3 writer completed frame stream_id=0 frame_type=WindowUpdate payload_bytes=4
2026-09-26T01:46:48.508429Z DEBUG netbaiot_transports::business_rpc::v3: business RPC V3 received frame stream_id=48 frame_type=Data payload_bytes=215
2026-09-26T01:46:48.508483Z DEBUG netbaiot_transports::business_rpc::v3: business RPC V3 received frame stream_id=46 frame_type=Data payload_bytes=215
2026-09-26T01:46:48.508489Z DEBUG netbaiot_transports::business_rpc::v3: business RPC V3 received frame stream_id=50 frame_type=Data payload_bytes=215
2026-09-26T01:46:48.508491Z DEBUG netbaiot_transports::business_rpc::v3: business RPC V3 selected frame stream_id=0 frame_type=WindowUpdate payload_bytes=4
2026-09-26T01:46:48.508494Z DEBUG netbaiot_transports::business_rpc::v3: business RPC V3 received frame stream_id=54 frame_type=Data payload_bytes=215
2026-09-26T01:46:48.508502Z DEBUG netbaiot_transports::business_rpc::v3: business RPC V3 received frame stream_id=58 frame_type=Data payload_bytes=215
2026-09-26T01:46:48.508508Z DEBUG netbaiot_transports::business_rpc::v3: business RPC V3 received frame stream_id=52 frame_type=Data payload_bytes=215
2026-09-26T01:46:48.508513Z DEBUG netbaiot_transports::business_rpc::v3: business RPC V3 received frame stream_id=56 frame_type=Data payload_bytes=215
2026-09-26T01:46:48.508496Z DEBUG netbaiot_transports::business_rpc::v3: business RPC V3 writer completed frame stream_id=0 frame_type=WindowUpdate payload_bytes=4
2026-09-26T01:46:48.508599Z DEBUG netbaiot_transports::business_rpc::v3: business RPC V3 selected frame stream_id=0 frame_type=WindowUpdate payload_bytes=4
2026-09-26T01:46:48.508616Z DEBUG netbaiot_transports::business_rpc::v3: business RPC V3 writer completed frame stream_id=0 frame_type=WindowUpdate payload_bytes=4
2026-09-26T01:46:48.508624Z DEBUG netbaiot_transports::business_rpc::v3: business RPC V3 selected frame stream_id=0 frame_type=WindowUpdate payload_bytes=4
2026-09-26T01:46:48.508633Z DEBUG netbaiot_transports::business_rpc::v3: business RPC V3 writer completed frame stream_id=0 frame_type=WindowUpdate payload_bytes=4
2026-09-26T01:46:48.508639Z DEBUG netbaiot_transports::business_rpc::v3: business RPC V3 selected frame stream_id=0 frame_type=WindowUpdate payload_bytes=4
2026-09-26T01:46:48.508647Z DEBUG netbaiot_transports::business_rpc::v3: business RPC V3 writer completed frame stream_id=0 frame_type=WindowUpdate payload_bytes=4
2026-09-26T01:46:48.508654Z DEBUG netbaiot_transports::business_rpc::v3: business RPC V3 selected frame stream_id=0 frame_type=WindowUpdate payload_bytes=4
2026-09-26T01:46:48.508662Z DEBUG netbaiot_transports::business_rpc::v3: business RPC V3 writer completed frame stream_id=0 frame_type=WindowUpdate payload_bytes=4
2026-09-26T01:46:48.508667Z DEBUG netbaiot_transports::business_rpc::v3: business RPC V3 selected frame stream_id=0 frame_type=WindowUpdate payload_bytes=4
2026-09-26T01:46:48.508674Z DEBUG netbaiot_transports::business_rpc::v3: business RPC V3 writer completed frame stream_id=0 frame_type=WindowUpdate payload_bytes=4
2026-09-26T01:46:48.508694Z DEBUG netbaiot_transports::business_rpc::v3: business RPC V3 selected frame stream_id=0 frame_type=WindowUpdate payload_bytes=4
2026-09-26T01:46:48.508703Z DEBUG netbaiot_transports::business_rpc::v3: business RPC V3 writer completed frame stream_id=0 frame_type=WindowUpdate payload_bytes=4
2026-09-26T01:46:48.680021Z DEBUG netbaiot_transports::business_rpc::v3: business RPC V3 body entered scheduler stream_id=60 class=Event body_bytes=17365
2026-09-26T01:46:48.680083Z DEBUG netbaiot_transports::business_rpc::v3: business RPC V3 selected frame stream_id=60 frame_type=Open payload_bytes=184
2026-09-26T01:46:48.680120Z DEBUG netbaiot_transports::business_rpc::v3: business RPC V3 writer completed frame stream_id=60 frame_type=Open payload_bytes=184
2026-09-26T01:46:48.680136Z DEBUG netbaiot_transports::business_rpc::v3: business RPC V3 selected frame stream_id=60 frame_type=Data payload_bytes=8192
2026-09-26T01:46:48.680143Z DEBUG netbaiot_transports::business_rpc::v3: business RPC V3 writer completed frame stream_id=60 frame_type=Data payload_bytes=8192
2026-09-26T01:46:48.680146Z DEBUG netbaiot_transports::business_rpc::v3: business RPC V3 selected frame stream_id=60 frame_type=Data payload_bytes=8192
2026-09-26T01:46:48.680155Z DEBUG netbaiot_transports::business_rpc::v3: business RPC V3 writer completed frame stream_id=60 frame_type=Data payload_bytes=8192
2026-09-26T01:46:48.824588Z DEBUG netbaiot_transports::business_rpc::v3: business RPC V3 received frame stream_id=0 frame_type=WindowUpdate payload_bytes=4
2026-09-26T01:46:48.824631Z DEBUG netbaiot_transports::business_rpc::v3: business RPC V3 received frame stream_id=60 frame_type=WindowUpdate payload_bytes=4
2026-09-26T01:46:48.824646Z DEBUG netbaiot_transports::business_rpc::v3: business RPC V3 selected frame stream_id=60 frame_type=Data payload_bytes=981
2026-09-26T01:46:48.824665Z DEBUG netbaiot_transports::business_rpc::v3: business RPC V3 writer completed frame stream_id=60 frame_type=Data payload_bytes=981
2026-09-26T01:46:48.852050Z DEBUG netbaiot_transports::business_rpc::v3: business RPC V3 received frame stream_id=0 frame_type=WindowUpdate payload_bytes=4
2026-09-26T01:46:48.852095Z DEBUG netbaiot_transports::business_rpc::v3: business RPC V3 received frame stream_id=60 frame_type=WindowUpdate payload_bytes=4
2026-09-26T01:46:48.871366Z DEBUG netbaiot_transports::business_rpc::v3: business RPC V3 body entered scheduler stream_id=62 class=Rpc body_bytes=197
2026-09-26T01:46:48.871400Z DEBUG netbaiot_transports::business_rpc::v3: business RPC V3 selected frame stream_id=62 frame_type=Open payload_bytes=158
2026-09-26T01:46:48.871425Z DEBUG netbaiot_transports::business_rpc::v3: business RPC V3 writer completed frame stream_id=62 frame_type=Open payload_bytes=158
2026-09-26T01:46:48.871436Z DEBUG netbaiot_transports::business_rpc::v3: business RPC V3 selected frame stream_id=62 frame_type=Data payload_bytes=197
2026-09-26T01:46:48.871445Z DEBUG netbaiot_transports::business_rpc::v3: business RPC V3 writer completed frame stream_id=62 frame_type=Data payload_bytes=197
2026-09-26T01:46:48.876519Z DEBUG netbaiot_transports::business_rpc::v3: business RPC V3 body entered scheduler stream_id=64 class=Rpc body_bytes=197
2026-09-26T01:46:48.876548Z DEBUG netbaiot_transports::business_rpc::v3: business RPC V3 selected frame stream_id=64 frame_type=Open payload_bytes=158
2026-09-26T01:46:48.876572Z DEBUG netbaiot_transports::business_rpc::v3: business RPC V3 writer completed frame stream_id=64 frame_type=Open payload_bytes=158
2026-09-26T01:46:48.876581Z DEBUG netbaiot_transports::business_rpc::v3: business RPC V3 selected frame stream_id=64 frame_type=Data payload_bytes=197
2026-09-26T01:46:48.876591Z DEBUG netbaiot_transports::business_rpc::v3: business RPC V3 writer completed frame stream_id=64 frame_type=Data payload_bytes=197
2026-09-26T01:46:48.879790Z DEBUG netbaiot_transports::business_rpc::v3: business RPC V3 body entered scheduler stream_id=66 class=Rpc body_bytes=197
2026-09-26T01:46:48.879842Z DEBUG netbaiot_transports::business_rpc::v3: business RPC V3 selected frame stream_id=66 frame_type=Open payload_bytes=158
2026-09-26T01:46:48.879880Z DEBUG netbaiot_transports::business_rpc::v3: business RPC V3 writer completed frame stream_id=66 frame_type=Open payload_bytes=158
2026-09-26T01:46:48.879892Z DEBUG netbaiot_transports::business_rpc::v3: business RPC V3 selected frame stream_id=66 frame_type=Data payload_bytes=197
2026-09-26T01:46:48.879902Z DEBUG netbaiot_transports::business_rpc::v3: business RPC V3 writer completed frame stream_id=66 frame_type=Data payload_bytes=197
2026-09-26T01:46:48.903323Z DEBUG netbaiot_transports::business_rpc::v3: business RPC V3 body entered scheduler stream_id=68 class=Rpc body_bytes=197
2026-09-26T01:46:48.903364Z DEBUG netbaiot_transports::business_rpc::v3: business RPC V3 selected frame stream_id=68 frame_type=Open payload_bytes=158
2026-09-26T01:46:48.903385Z DEBUG netbaiot_transports::business_rpc::v3: business RPC V3 writer completed frame stream_id=68 frame_type=Open payload_bytes=158
2026-09-26T01:46:48.903394Z DEBUG netbaiot_transports::business_rpc::v3: business RPC V3 selected frame stream_id=68 frame_type=Data payload_bytes=197
2026-09-26T01:46:48.903403Z DEBUG netbaiot_transports::business_rpc::v3: business RPC V3 writer completed frame stream_id=68 frame_type=Data payload_bytes=197
2026-09-26T01:46:48.927189Z DEBUG netbaiot_transports::business_rpc::v3: business RPC V3 body entered scheduler stream_id=70 class=Rpc body_bytes=197
2026-09-26T01:46:48.927224Z DEBUG netbaiot_transports::business_rpc::v3: business RPC V3 selected frame stream_id=70 frame_type=Open payload_bytes=158
2026-09-26T01:46:48.927249Z DEBUG netbaiot_transports::business_rpc::v3: business RPC V3 writer completed frame stream_id=70 frame_type=Open payload_bytes=158
2026-09-26T01:46:48.927259Z DEBUG netbaiot_transports::business_rpc::v3: business RPC V3 selected frame stream_id=70 frame_type=Data payload_bytes=197
2026-09-26T01:46:48.927269Z DEBUG netbaiot_transports::business_rpc::v3: business RPC V3 writer completed frame stream_id=70 frame_type=Data payload_bytes=197
2026-09-26T01:46:48.936308Z DEBUG netbaiot_transports::business_rpc::v3: business RPC V3 received frame stream_id=0 frame_type=WindowUpdate payload_bytes=4
2026-09-26T01:46:48.936356Z DEBUG netbaiot_transports::business_rpc::v3: business RPC V3 received frame stream_id=60 frame_type=Response payload_bytes=35
2026-09-26T01:46:48.936375Z DEBUG netbaiot_transports::business_rpc::v3: business RPC V3 received frame stream_id=60 frame_type=Data payload_bytes=118
2026-09-26T01:46:48.936388Z DEBUG netbaiot_transports::business_rpc::v3: business RPC V3 Event delivery acknowledged stream_id=60 completion_us=256374
2026-09-26T01:46:48.936426Z DEBUG netbaiot_transports::business_rpc::v3: business RPC V3 selected frame stream_id=0 frame_type=WindowUpdate payload_bytes=4
2026-09-26T01:46:48.936461Z DEBUG netbaiot_transports::business_rpc::v3: business RPC V3 writer completed frame stream_id=0 frame_type=WindowUpdate payload_bytes=4
2026-09-26T01:46:48.966958Z DEBUG netbaiot_transports::business_rpc::v3: business RPC V3 received frame stream_id=0 frame_type=WindowUpdate payload_bytes=4
2026-09-26T01:46:48.966995Z DEBUG netbaiot_transports::business_rpc::v3: business RPC V3 received frame stream_id=0 frame_type=WindowUpdate payload_bytes=4
2026-09-26T01:46:48.967005Z DEBUG netbaiot_transports::business_rpc::v3: business RPC V3 received frame stream_id=0 frame_type=WindowUpdate payload_bytes=4
2026-09-26T01:46:48.967013Z DEBUG netbaiot_transports::business_rpc::v3: business RPC V3 received frame stream_id=66 frame_type=Response payload_bytes=35
2026-09-26T01:46:48.967024Z DEBUG netbaiot_transports::business_rpc::v3: business RPC V3 received frame stream_id=66 frame_type=Data payload_bytes=215
2026-09-26T01:46:48.967053Z DEBUG netbaiot_transports::business_rpc::v3: business RPC V3 received frame stream_id=64 frame_type=Response payload_bytes=35
2026-09-26T01:46:48.967062Z DEBUG netbaiot_transports::business_rpc::v3: business RPC V3 received frame stream_id=62 frame_type=Response payload_bytes=35
2026-09-26T01:46:48.967084Z DEBUG netbaiot_transports::business_rpc::v3: business RPC V3 received frame stream_id=64 frame_type=Data payload_bytes=215
2026-09-26T01:46:48.967066Z DEBUG netbaiot_transports::business_rpc::v3: business RPC V3 selected frame stream_id=0 frame_type=WindowUpdate payload_bytes=4
2026-09-26T01:46:48.967101Z DEBUG netbaiot_transports::business_rpc::v3: business RPC V3 received frame stream_id=62 frame_type=Data payload_bytes=215
2026-09-26T01:46:48.967120Z DEBUG netbaiot_transports::business_rpc::v3: business RPC V3 writer completed frame stream_id=0 frame_type=WindowUpdate payload_bytes=4
2026-09-26T01:46:48.967151Z DEBUG netbaiot_transports::business_rpc::v3: business RPC V3 selected frame stream_id=0 frame_type=WindowUpdate payload_bytes=4
2026-09-26T01:46:48.967163Z DEBUG netbaiot_transports::business_rpc::v3: business RPC V3 writer completed frame stream_id=0 frame_type=WindowUpdate payload_bytes=4
2026-09-26T01:46:48.967169Z DEBUG netbaiot_transports::business_rpc::v3: business RPC V3 selected frame stream_id=0 frame_type=WindowUpdate payload_bytes=4
2026-09-26T01:46:48.967177Z DEBUG netbaiot_transports::business_rpc::v3: business RPC V3 writer completed frame stream_id=0 frame_type=WindowUpdate payload_bytes=4
2026-09-26T01:46:48.967576Z DEBUG netbaiot_transports::business_rpc::v3: business RPC V3 body entered scheduler stream_id=72 class=Rpc body_bytes=197
2026-09-26T01:46:48.967610Z DEBUG netbaiot_transports::business_rpc::v3: business RPC V3 selected frame stream_id=72 frame_type=Open payload_bytes=158
2026-09-26T01:46:48.967631Z DEBUG netbaiot_transports::business_rpc::v3: business RPC V3 writer completed frame stream_id=72 frame_type=Open payload_bytes=158
2026-09-26T01:46:48.967641Z DEBUG netbaiot_transports::business_rpc::v3: business RPC V3 selected frame stream_id=72 frame_type=Data payload_bytes=197
2026-09-26T01:46:48.967651Z DEBUG netbaiot_transports::business_rpc::v3: business RPC V3 writer completed frame stream_id=72 frame_type=Data payload_bytes=197
2026-09-26T01:46:48.967729Z DEBUG netbaiot_transports::business_rpc::v3: business RPC V3 body entered scheduler stream_id=74 class=Rpc body_bytes=197
2026-09-26T01:46:48.967744Z DEBUG netbaiot_transports::business_rpc::v3: business RPC V3 selected frame stream_id=74 frame_type=Open payload_bytes=158
2026-09-26T01:46:48.967757Z DEBUG netbaiot_transports::business_rpc::v3: business RPC V3 writer completed frame stream_id=74 frame_type=Open payload_bytes=158
2026-09-26T01:46:48.967765Z DEBUG netbaiot_transports::business_rpc::v3: business RPC V3 selected frame stream_id=74 frame_type=Data payload_bytes=197
2026-09-26T01:46:48.967773Z DEBUG netbaiot_transports::business_rpc::v3: business RPC V3 writer completed frame stream_id=74 frame_type=Data payload_bytes=197
2026-09-26T01:46:48.967861Z DEBUG netbaiot_transports::business_rpc::v3: business RPC V3 body entered scheduler stream_id=76 class=Rpc body_bytes=197
2026-09-26T01:46:48.967873Z DEBUG netbaiot_transports::business_rpc::v3: business RPC V3 selected frame stream_id=76 frame_type=Open payload_bytes=158
2026-09-26T01:46:48.967885Z DEBUG netbaiot_transports::business_rpc::v3: business RPC V3 writer completed frame stream_id=76 frame_type=Open payload_bytes=158
2026-09-26T01:46:48.967893Z DEBUG netbaiot_transports::business_rpc::v3: business RPC V3 selected frame stream_id=76 frame_type=Data payload_bytes=197
2026-09-26T01:46:48.967901Z DEBUG netbaiot_transports::business_rpc::v3: business RPC V3 writer completed frame stream_id=76 frame_type=Data payload_bytes=197
2026-09-26T01:46:48.993641Z DEBUG netbaiot_transports::business_rpc::v3: business RPC V3 received frame stream_id=0 frame_type=WindowUpdate payload_bytes=4
2026-09-26T01:46:48.993674Z DEBUG netbaiot_transports::business_rpc::v3: business RPC V3 received frame stream_id=68 frame_type=Response payload_bytes=35
2026-09-26T01:46:48.993687Z DEBUG netbaiot_transports::business_rpc::v3: business RPC V3 received frame stream_id=68 frame_type=Data payload_bytes=215
2026-09-26T01:46:48.993792Z DEBUG netbaiot_transports::business_rpc::v3: business RPC V3 selected frame stream_id=0 frame_type=WindowUpdate payload_bytes=4
2026-09-26T01:46:48.993810Z DEBUG netbaiot_transports::business_rpc::v3: business RPC V3 writer completed frame stream_id=0 frame_type=WindowUpdate payload_bytes=4
2026-09-26T01:46:48.995360Z DEBUG netbaiot_transports::business_rpc::v3: business RPC V3 body entered scheduler stream_id=78 class=Rpc body_bytes=197
2026-09-26T01:46:48.995387Z DEBUG netbaiot_transports::business_rpc::v3: business RPC V3 selected frame stream_id=78 frame_type=Open payload_bytes=158
2026-09-26T01:46:48.995412Z DEBUG netbaiot_transports::business_rpc::v3: business RPC V3 writer completed frame stream_id=78 frame_type=Open payload_bytes=158
2026-09-26T01:46:48.995422Z DEBUG netbaiot_transports::business_rpc::v3: business RPC V3 selected frame stream_id=78 frame_type=Data payload_bytes=197
2026-09-26T01:46:48.995461Z DEBUG netbaiot_transports::business_rpc::v3: business RPC V3 writer completed frame stream_id=78 frame_type=Data payload_bytes=197
2026-09-26T01:46:48.997036Z DEBUG netbaiot_transports::business_rpc::v3: business RPC V3 body entered scheduler stream_id=80 class=Rpc body_bytes=197
2026-09-26T01:46:48.997047Z DEBUG netbaiot_transports::business_rpc::v3: business RPC V3 selected frame stream_id=80 frame_type=Open payload_bytes=158
2026-09-26T01:46:48.997060Z DEBUG netbaiot_transports::business_rpc::v3: business RPC V3 writer completed frame stream_id=80 frame_type=Open payload_bytes=158
2026-09-26T01:46:48.997064Z DEBUG netbaiot_transports::business_rpc::v3: business RPC V3 selected frame stream_id=80 frame_type=Data payload_bytes=197
2026-09-26T01:46:48.997067Z DEBUG netbaiot_transports::business_rpc::v3: business RPC V3 writer completed frame stream_id=80 frame_type=Data payload_bytes=197
2026-09-26T01:46:49.001114Z DEBUG netbaiot_transports::business_rpc::v3: business RPC V3 body entered scheduler stream_id=82 class=Rpc body_bytes=197
2026-09-26T01:46:49.001149Z DEBUG netbaiot_transports::business_rpc::v3: business RPC V3 selected frame stream_id=82 frame_type=Open payload_bytes=158
2026-09-26T01:46:49.001174Z DEBUG netbaiot_transports::business_rpc::v3: business RPC V3 writer completed frame stream_id=82 frame_type=Open payload_bytes=158
2026-09-26T01:46:49.001184Z DEBUG netbaiot_transports::business_rpc::v3: business RPC V3 selected frame stream_id=82 frame_type=Data payload_bytes=197
2026-09-26T01:46:49.001194Z DEBUG netbaiot_transports::business_rpc::v3: business RPC V3 writer completed frame stream_id=82 frame_type=Data payload_bytes=197
2026-09-26T01:46:49.022579Z DEBUG netbaiot_transports::business_rpc::v3: business RPC V3 received frame stream_id=0 frame_type=WindowUpdate payload_bytes=4
2026-09-26T01:46:49.022608Z DEBUG netbaiot_transports::business_rpc::v3: business RPC V3 received frame stream_id=70 frame_type=Response payload_bytes=35
2026-09-26T01:46:49.022615Z DEBUG netbaiot_transports::business_rpc::v3: business RPC V3 received frame stream_id=70 frame_type=Data payload_bytes=215
2026-09-26T01:46:49.022671Z DEBUG netbaiot_transports::business_rpc::v3: business RPC V3 selected frame stream_id=0 frame_type=WindowUpdate payload_bytes=4
2026-09-26T01:46:49.022726Z DEBUG netbaiot_transports::business_rpc::v3: business RPC V3 writer completed frame stream_id=0 frame_type=WindowUpdate payload_bytes=4
2026-09-26T01:46:49.023103Z DEBUG netbaiot_transports::business_rpc::v3: business RPC V3 body entered scheduler stream_id=84 class=Rpc body_bytes=197
2026-09-26T01:46:49.023131Z DEBUG netbaiot_transports::business_rpc::v3: business RPC V3 selected frame stream_id=84 frame_type=Open payload_bytes=158
2026-09-26T01:46:49.023152Z DEBUG netbaiot_transports::business_rpc::v3: business RPC V3 writer completed frame stream_id=84 frame_type=Open payload_bytes=158
2026-09-26T01:46:49.023163Z DEBUG netbaiot_transports::business_rpc::v3: business RPC V3 selected frame stream_id=84 frame_type=Data payload_bytes=197
2026-09-26T01:46:49.023174Z DEBUG netbaiot_transports::business_rpc::v3: business RPC V3 writer completed frame stream_id=84 frame_type=Data payload_bytes=197
2026-09-26T01:46:49.037876Z DEBUG netbaiot_transports::business_rpc::v3: business RPC V3 body entered scheduler stream_id=86 class=Rpc body_bytes=197
2026-09-26T01:46:49.037936Z DEBUG netbaiot_transports::business_rpc::v3: business RPC V3 selected frame stream_id=86 frame_type=Open payload_bytes=158
2026-09-26T01:46:49.037982Z DEBUG netbaiot_transports::business_rpc::v3: business RPC V3 writer completed frame stream_id=86 frame_type=Open payload_bytes=158
2026-09-26T01:46:49.037988Z DEBUG netbaiot_transports::business_rpc::v3: business RPC V3 selected frame stream_id=86 frame_type=Data payload_bytes=197
2026-09-26T01:46:49.037993Z DEBUG netbaiot_transports::business_rpc::v3: business RPC V3 writer completed frame stream_id=86 frame_type=Data payload_bytes=197
2026-09-26T01:46:49.079578Z DEBUG netbaiot_transports::business_rpc::v3: business RPC V3 received frame stream_id=0 frame_type=WindowUpdate payload_bytes=4
2026-09-26T01:46:49.079614Z DEBUG netbaiot_transports::business_rpc::v3: business RPC V3 received frame stream_id=0 frame_type=WindowUpdate payload_bytes=4
2026-09-26T01:46:49.079624Z DEBUG netbaiot_transports::business_rpc::v3: business RPC V3 received frame stream_id=0 frame_type=WindowUpdate payload_bytes=4
2026-09-26T01:46:49.079631Z DEBUG netbaiot_transports::business_rpc::v3: business RPC V3 received frame stream_id=76 frame_type=Response payload_bytes=35
2026-09-26T01:46:49.079641Z DEBUG netbaiot_transports::business_rpc::v3: business RPC V3 received frame stream_id=76 frame_type=Data payload_bytes=215
2026-09-26T01:46:49.079671Z DEBUG netbaiot_transports::business_rpc::v3: business RPC V3 received frame stream_id=72 frame_type=Response payload_bytes=35
2026-09-26T01:46:49.079680Z DEBUG netbaiot_transports::business_rpc::v3: business RPC V3 received frame stream_id=72 frame_type=Data payload_bytes=215
2026-09-26T01:46:49.079688Z DEBUG netbaiot_transports::business_rpc::v3: business RPC V3 selected frame stream_id=0 frame_type=WindowUpdate payload_bytes=4
2026-09-26T01:46:49.079693Z DEBUG netbaiot_transports::business_rpc::v3: business RPC V3 received frame stream_id=74 frame_type=Response payload_bytes=35
2026-09-26T01:46:49.079724Z DEBUG netbaiot_transports::business_rpc::v3: business RPC V3 received frame stream_id=74 frame_type=Data payload_bytes=215
2026-09-26T01:46:49.079727Z DEBUG netbaiot_transports::business_rpc::v3: business RPC V3 writer completed frame stream_id=0 frame_type=WindowUpdate payload_bytes=4
2026-09-26T01:46:49.079750Z DEBUG netbaiot_transports::business_rpc::v3: business RPC V3 selected frame stream_id=0 frame_type=WindowUpdate payload_bytes=4
2026-09-26T01:46:49.079763Z DEBUG netbaiot_transports::business_rpc::v3: business RPC V3 writer completed frame stream_id=0 frame_type=WindowUpdate payload_bytes=4
2026-09-26T01:46:49.079770Z DEBUG netbaiot_transports::business_rpc::v3: business RPC V3 selected frame stream_id=0 frame_type=WindowUpdate payload_bytes=4
2026-09-26T01:46:49.079779Z DEBUG netbaiot_transports::business_rpc::v3: business RPC V3 writer completed frame stream_id=0 frame_type=WindowUpdate payload_bytes=4
2026-09-26T01:46:49.080247Z DEBUG netbaiot_transports::business_rpc::v3: business RPC V3 body entered scheduler stream_id=88 class=Rpc body_bytes=197
2026-09-26T01:46:49.080294Z DEBUG netbaiot_transports::business_rpc::v3: business RPC V3 body entered scheduler stream_id=90 class=Rpc body_bytes=197
2026-09-26T01:46:49.080303Z DEBUG netbaiot_transports::business_rpc::v3: business RPC V3 body entered scheduler stream_id=92 class=Rpc body_bytes=197
2026-09-26T01:46:49.080310Z DEBUG netbaiot_transports::business_rpc::v3: business RPC V3 selected frame stream_id=88 frame_type=Open payload_bytes=158
2026-09-26T01:46:49.080328Z DEBUG netbaiot_transports::business_rpc::v3: business RPC V3 writer completed frame stream_id=88 frame_type=Open payload_bytes=158
2026-09-26T01:46:49.080363Z DEBUG netbaiot_transports::business_rpc::v3: business RPC V3 selected frame stream_id=88 frame_type=Data payload_bytes=197
2026-09-26T01:46:49.080397Z DEBUG netbaiot_transports::business_rpc::v3: business RPC V3 writer completed frame stream_id=88 frame_type=Data payload_bytes=197
2026-09-26T01:46:49.080412Z DEBUG netbaiot_transports::business_rpc::v3: business RPC V3 selected frame stream_id=90 frame_type=Open payload_bytes=158
2026-09-26T01:46:49.080422Z DEBUG netbaiot_transports::business_rpc::v3: business RPC V3 writer completed frame stream_id=90 frame_type=Open payload_bytes=158
2026-09-26T01:46:49.080428Z DEBUG netbaiot_transports::business_rpc::v3: business RPC V3 selected frame stream_id=92 frame_type=Open payload_bytes=158
2026-09-26T01:46:49.080440Z DEBUG netbaiot_transports::business_rpc::v3: business RPC V3 writer completed frame stream_id=92 frame_type=Open payload_bytes=158
2026-09-26T01:46:49.080446Z DEBUG netbaiot_transports::business_rpc::v3: business RPC V3 selected frame stream_id=90 frame_type=Data payload_bytes=197
2026-09-26T01:46:49.080454Z DEBUG netbaiot_transports::business_rpc::v3: business RPC V3 writer completed frame stream_id=90 frame_type=Data payload_bytes=197
2026-09-26T01:46:49.080461Z DEBUG netbaiot_transports::business_rpc::v3: business RPC V3 selected frame stream_id=92 frame_type=Data payload_bytes=197
2026-09-26T01:46:49.080469Z DEBUG netbaiot_transports::business_rpc::v3: business RPC V3 writer completed frame stream_id=92 frame_type=Data payload_bytes=197
2026-09-26T01:46:49.108807Z DEBUG netbaiot_transports::business_rpc::v3: business RPC V3 received frame stream_id=0 frame_type=WindowUpdate payload_bytes=4
2026-09-26T01:46:49.108839Z DEBUG netbaiot_transports::business_rpc::v3: business RPC V3 received frame stream_id=0 frame_type=WindowUpdate payload_bytes=4
2026-09-26T01:46:49.108843Z DEBUG netbaiot_transports::business_rpc::v3: business RPC V3 received frame stream_id=0 frame_type=WindowUpdate payload_bytes=4
2026-09-26T01:46:49.108846Z DEBUG netbaiot_transports::business_rpc::v3: business RPC V3 received frame stream_id=82 frame_type=Response payload_bytes=35
2026-09-26T01:46:49.108853Z DEBUG netbaiot_transports::business_rpc::v3: business RPC V3 received frame stream_id=82 frame_type=Data payload_bytes=215
2026-09-26T01:46:49.108872Z DEBUG netbaiot_transports::business_rpc::v3: business RPC V3 received frame stream_id=80 frame_type=Response payload_bytes=35
2026-09-26T01:46:49.108876Z DEBUG netbaiot_transports::business_rpc::v3: business RPC V3 received frame stream_id=80 frame_type=Data payload_bytes=215
2026-09-26T01:46:49.108883Z DEBUG netbaiot_transports::business_rpc::v3: business RPC V3 received frame stream_id=78 frame_type=Response payload_bytes=35
2026-09-26T01:46:49.108886Z DEBUG netbaiot_transports::business_rpc::v3: business RPC V3 received frame stream_id=78 frame_type=Data payload_bytes=215
2026-09-26T01:46:49.108887Z DEBUG netbaiot_transports::business_rpc::v3: business RPC V3 selected frame stream_id=0 frame_type=WindowUpdate payload_bytes=4
2026-09-26T01:46:49.108930Z DEBUG netbaiot_transports::business_rpc::v3: business RPC V3 writer completed frame stream_id=0 frame_type=WindowUpdate payload_bytes=4
2026-09-26T01:46:49.108939Z DEBUG netbaiot_transports::business_rpc::v3: business RPC V3 selected frame stream_id=0 frame_type=WindowUpdate payload_bytes=4
2026-09-26T01:46:49.108944Z DEBUG netbaiot_transports::business_rpc::v3: business RPC V3 writer completed frame stream_id=0 frame_type=WindowUpdate payload_bytes=4
2026-09-26T01:46:49.108947Z DEBUG netbaiot_transports::business_rpc::v3: business RPC V3 selected frame stream_id=0 frame_type=WindowUpdate payload_bytes=4
2026-09-26T01:46:49.108951Z DEBUG netbaiot_transports::business_rpc::v3: business RPC V3 writer completed frame stream_id=0 frame_type=WindowUpdate payload_bytes=4
2026-09-26T01:46:49.109561Z DEBUG netbaiot_transports::business_rpc::v3: business RPC V3 body entered scheduler stream_id=94 class=Rpc body_bytes=197
2026-09-26T01:46:49.109598Z DEBUG netbaiot_transports::business_rpc::v3: business RPC V3 body entered scheduler stream_id=96 class=Rpc body_bytes=197
2026-09-26T01:46:49.109608Z DEBUG netbaiot_transports::business_rpc::v3: business RPC V3 selected frame stream_id=94 frame_type=Open payload_bytes=158
2026-09-26T01:46:49.109635Z DEBUG netbaiot_transports::business_rpc::v3: business RPC V3 writer completed frame stream_id=94 frame_type=Open payload_bytes=158
2026-09-26T01:46:49.109646Z DEBUG netbaiot_transports::business_rpc::v3: business RPC V3 body entered scheduler stream_id=98 class=Rpc body_bytes=197
2026-09-26T01:46:49.109653Z DEBUG netbaiot_transports::business_rpc::v3: business RPC V3 selected frame stream_id=94 frame_type=Data payload_bytes=197
2026-09-26T01:46:49.109662Z DEBUG netbaiot_transports::business_rpc::v3: business RPC V3 writer completed frame stream_id=94 frame_type=Data payload_bytes=197
2026-09-26T01:46:49.109669Z DEBUG netbaiot_transports::business_rpc::v3: business RPC V3 selected frame stream_id=96 frame_type=Open payload_bytes=158
2026-09-26T01:46:49.109678Z DEBUG netbaiot_transports::business_rpc::v3: business RPC V3 writer completed frame stream_id=96 frame_type=Open payload_bytes=158
2026-09-26T01:46:49.109684Z DEBUG netbaiot_transports::business_rpc::v3: business RPC V3 selected frame stream_id=98 frame_type=Open payload_bytes=158
2026-09-26T01:46:49.109692Z DEBUG netbaiot_transports::business_rpc::v3: business RPC V3 writer completed frame stream_id=98 frame_type=Open payload_bytes=158
2026-09-26T01:46:49.109698Z DEBUG netbaiot_transports::business_rpc::v3: business RPC V3 selected frame stream_id=96 frame_type=Data payload_bytes=197
2026-09-26T01:46:49.109706Z DEBUG netbaiot_transports::business_rpc::v3: business RPC V3 writer completed frame stream_id=96 frame_type=Data payload_bytes=197
2026-09-26T01:46:49.109712Z DEBUG netbaiot_transports::business_rpc::v3: business RPC V3 selected frame stream_id=98 frame_type=Data payload_bytes=197
2026-09-26T01:46:49.109720Z DEBUG netbaiot_transports::business_rpc::v3: business RPC V3 writer completed frame stream_id=98 frame_type=Data payload_bytes=197
2026-09-26T01:46:49.138567Z DEBUG netbaiot_transports::business_rpc::v3: business RPC V3 received frame stream_id=0 frame_type=WindowUpdate payload_bytes=4
2026-09-26T01:46:49.138603Z DEBUG netbaiot_transports::business_rpc::v3: business RPC V3 received frame stream_id=0 frame_type=WindowUpdate payload_bytes=4
2026-09-26T01:46:49.138612Z DEBUG netbaiot_transports::business_rpc::v3: business RPC V3 received frame stream_id=86 frame_type=Response payload_bytes=35
2026-09-26T01:46:49.138622Z DEBUG netbaiot_transports::business_rpc::v3: business RPC V3 received frame stream_id=86 frame_type=Data payload_bytes=215
2026-09-26T01:46:49.138651Z DEBUG netbaiot_transports::business_rpc::v3: business RPC V3 received frame stream_id=84 frame_type=Response payload_bytes=35
2026-09-26T01:46:49.138659Z DEBUG netbaiot_transports::business_rpc::v3: business RPC V3 received frame stream_id=84 frame_type=Data payload_bytes=215
2026-09-26T01:46:49.138677Z DEBUG netbaiot_transports::business_rpc::v3: business RPC V3 selected frame stream_id=0 frame_type=WindowUpdate payload_bytes=4
2026-09-26T01:46:49.138723Z DEBUG netbaiot_transports::business_rpc::v3: business RPC V3 writer completed frame stream_id=0 frame_type=WindowUpdate payload_bytes=4
2026-09-26T01:46:49.138728Z DEBUG netbaiot_transports::business_rpc::v3: business RPC V3 selected frame stream_id=0 frame_type=WindowUpdate payload_bytes=4
2026-09-26T01:46:49.138733Z DEBUG netbaiot_transports::business_rpc::v3: business RPC V3 writer completed frame stream_id=0 frame_type=WindowUpdate payload_bytes=4
2026-09-26T01:46:49.139211Z DEBUG netbaiot_transports::business_rpc::v3: business RPC V3 body entered scheduler stream_id=100 class=Rpc body_bytes=197
2026-09-26T01:46:49.139237Z DEBUG netbaiot_transports::business_rpc::v3: business RPC V3 selected frame stream_id=100 frame_type=Open payload_bytes=158
2026-09-26T01:46:49.139263Z DEBUG netbaiot_transports::business_rpc::v3: business RPC V3 writer completed frame stream_id=100 frame_type=Open payload_bytes=158
2026-09-26T01:46:49.139288Z DEBUG netbaiot_transports::business_rpc::v3: business RPC V3 body entered scheduler stream_id=102 class=Rpc body_bytes=197
2026-09-26T01:46:49.139293Z DEBUG netbaiot_transports::business_rpc::v3: business RPC V3 selected frame stream_id=102 frame_type=Open payload_bytes=158
2026-09-26T01:46:49.139299Z DEBUG netbaiot_transports::business_rpc::v3: business RPC V3 writer completed frame stream_id=102 frame_type=Open payload_bytes=158
2026-09-26T01:46:49.139302Z DEBUG netbaiot_transports::business_rpc::v3: business RPC V3 selected frame stream_id=100 frame_type=Data payload_bytes=197
2026-09-26T01:46:49.139306Z DEBUG netbaiot_transports::business_rpc::v3: business RPC V3 writer completed frame stream_id=100 frame_type=Data payload_bytes=197
2026-09-26T01:46:49.139309Z DEBUG netbaiot_transports::business_rpc::v3: business RPC V3 selected frame stream_id=102 frame_type=Data payload_bytes=197
2026-09-26T01:46:49.139313Z DEBUG netbaiot_transports::business_rpc::v3: business RPC V3 writer completed frame stream_id=102 frame_type=Data payload_bytes=197
2026-09-26T01:46:49.169433Z DEBUG netbaiot_transports::business_rpc::v3: business RPC V3 received frame stream_id=0 frame_type=WindowUpdate payload_bytes=4
2026-09-26T01:46:49.169479Z DEBUG netbaiot_transports::business_rpc::v3: business RPC V3 received frame stream_id=0 frame_type=WindowUpdate payload_bytes=4
2026-09-26T01:46:49.169491Z DEBUG netbaiot_transports::business_rpc::v3: business RPC V3 received frame stream_id=0 frame_type=WindowUpdate payload_bytes=4
2026-09-26T01:46:49.169497Z DEBUG netbaiot_transports::business_rpc::v3: business RPC V3 received frame stream_id=92 frame_type=Response payload_bytes=35
2026-09-26T01:46:49.169507Z DEBUG netbaiot_transports::business_rpc::v3: business RPC V3 received frame stream_id=92 frame_type=Data payload_bytes=215
2026-09-26T01:46:49.169552Z DEBUG netbaiot_transports::business_rpc::v3: business RPC V3 received frame stream_id=88 frame_type=Response payload_bytes=35
2026-09-26T01:46:49.169571Z DEBUG netbaiot_transports::business_rpc::v3: business RPC V3 received frame stream_id=88 frame_type=Data payload_bytes=215
2026-09-26T01:46:49.169574Z DEBUG netbaiot_transports::business_rpc::v3: business RPC V3 selected frame stream_id=0 frame_type=WindowUpdate payload_bytes=4
2026-09-26T01:46:49.169592Z DEBUG netbaiot_transports::business_rpc::v3: business RPC V3 received frame stream_id=90 frame_type=Response payload_bytes=35
2026-09-26T01:46:49.169601Z DEBUG netbaiot_transports::business_rpc::v3: business RPC V3 received frame stream_id=90 frame_type=Data payload_bytes=215
2026-09-26T01:46:49.169611Z DEBUG netbaiot_transports::business_rpc::v3: business RPC V3 writer completed frame stream_id=0 frame_type=WindowUpdate payload_bytes=4
2026-09-26T01:46:49.169621Z DEBUG netbaiot_transports::business_rpc::v3: business RPC V3 selected frame stream_id=0 frame_type=WindowUpdate payload_bytes=4
2026-09-26T01:46:49.169631Z DEBUG netbaiot_transports::business_rpc::v3: business RPC V3 writer completed frame stream_id=0 frame_type=WindowUpdate payload_bytes=4
2026-09-26T01:46:49.169638Z DEBUG netbaiot_transports::business_rpc::v3: business RPC V3 selected frame stream_id=0 frame_type=WindowUpdate payload_bytes=4
2026-09-26T01:46:49.169646Z DEBUG netbaiot_transports::business_rpc::v3: business RPC V3 writer completed frame stream_id=0 frame_type=WindowUpdate payload_bytes=4
2026-09-26T01:46:49.170131Z DEBUG netbaiot_transports::business_rpc::v3: business RPC V3 body entered scheduler stream_id=104 class=Rpc body_bytes=197
2026-09-26T01:46:49.170161Z DEBUG netbaiot_transports::business_rpc::v3: business RPC V3 body entered scheduler stream_id=106 class=Rpc body_bytes=197
2026-09-26T01:46:49.170169Z DEBUG netbaiot_transports::business_rpc::v3: business RPC V3 body entered scheduler stream_id=108 class=Rpc body_bytes=197
2026-09-26T01:46:49.170183Z DEBUG netbaiot_transports::business_rpc::v3: business RPC V3 selected frame stream_id=104 frame_type=Open payload_bytes=158
2026-09-26T01:46:49.170220Z DEBUG netbaiot_transports::business_rpc::v3: business RPC V3 writer completed frame stream_id=104 frame_type=Open payload_bytes=158
2026-09-26T01:46:49.170252Z DEBUG netbaiot_transports::business_rpc::v3: business RPC V3 selected frame stream_id=104 frame_type=Data payload_bytes=197
2026-09-26T01:46:49.170261Z DEBUG netbaiot_transports::business_rpc::v3: business RPC V3 writer completed frame stream_id=104 frame_type=Data payload_bytes=197
2026-09-26T01:46:49.170265Z DEBUG netbaiot_transports::business_rpc::v3: business RPC V3 selected frame stream_id=106 frame_type=Open payload_bytes=158
2026-09-26T01:46:49.170273Z DEBUG netbaiot_transports::business_rpc::v3: business RPC V3 writer completed frame stream_id=106 frame_type=Open payload_bytes=158
2026-09-26T01:46:49.170276Z DEBUG netbaiot_transports::business_rpc::v3: business RPC V3 selected frame stream_id=108 frame_type=Open payload_bytes=158
2026-09-26T01:46:49.170280Z DEBUG netbaiot_transports::business_rpc::v3: business RPC V3 writer completed frame stream_id=108 frame_type=Open payload_bytes=158
2026-09-26T01:46:49.170302Z DEBUG netbaiot_transports::business_rpc::v3: business RPC V3 selected frame stream_id=106 frame_type=Data payload_bytes=197
2026-09-26T01:46:49.170319Z DEBUG netbaiot_transports::business_rpc::v3: business RPC V3 writer completed frame stream_id=106 frame_type=Data payload_bytes=197
2026-09-26T01:46:49.170328Z DEBUG netbaiot_transports::business_rpc::v3: business RPC V3 selected frame stream_id=108 frame_type=Data payload_bytes=197
2026-09-26T01:46:49.170337Z DEBUG netbaiot_transports::business_rpc::v3: business RPC V3 writer completed frame stream_id=108 frame_type=Data payload_bytes=197
2026-09-26T01:46:49.172377Z DEBUG netbaiot_transports::business_rpc::v3: business RPC V3 body entered scheduler stream_id=110 class=Rpc body_bytes=197
2026-09-26T01:46:49.172402Z DEBUG netbaiot_transports::business_rpc::v3: business RPC V3 selected frame stream_id=110 frame_type=Open payload_bytes=158
2026-09-26T01:46:49.172417Z DEBUG netbaiot_transports::business_rpc::v3: business RPC V3 writer completed frame stream_id=110 frame_type=Open payload_bytes=158
2026-09-26T01:46:49.172426Z DEBUG netbaiot_transports::business_rpc::v3: business RPC V3 selected frame stream_id=110 frame_type=Data payload_bytes=197
2026-09-26T01:46:49.172433Z DEBUG netbaiot_transports::business_rpc::v3: business RPC V3 writer completed frame stream_id=110 frame_type=Data payload_bytes=197
2026-09-26T01:46:49.180517Z DEBUG netbaiot_transports::business_rpc::v3: business RPC V3 body entered scheduler stream_id=112 class=Event body_bytes=17365
2026-09-26T01:46:49.180551Z DEBUG netbaiot_transports::business_rpc::v3: business RPC V3 selected frame stream_id=112 frame_type=Open payload_bytes=184
2026-09-26T01:46:49.180570Z DEBUG netbaiot_transports::business_rpc::v3: business RPC V3 writer completed frame stream_id=112 frame_type=Open payload_bytes=184
2026-09-26T01:46:49.180580Z DEBUG netbaiot_transports::business_rpc::v3: business RPC V3 selected frame stream_id=112 frame_type=Data payload_bytes=8192
2026-09-26T01:46:49.180593Z DEBUG netbaiot_transports::business_rpc::v3: business RPC V3 writer completed frame stream_id=112 frame_type=Data payload_bytes=8192
2026-09-26T01:46:49.180600Z DEBUG netbaiot_transports::business_rpc::v3: business RPC V3 selected frame stream_id=112 frame_type=Data payload_bytes=8192
2026-09-26T01:46:49.180615Z DEBUG netbaiot_transports::business_rpc::v3: business RPC V3 writer completed frame stream_id=112 frame_type=Data payload_bytes=8192
2026-09-26T01:46:49.185728Z DEBUG netbaiot_transports::business_rpc::v3: business RPC V3 body entered scheduler stream_id=114 class=Rpc body_bytes=197
2026-09-26T01:46:49.185767Z DEBUG netbaiot_transports::business_rpc::v3: business RPC V3 selected frame stream_id=114 frame_type=Open payload_bytes=158
2026-09-26T01:46:49.185785Z DEBUG netbaiot_transports::business_rpc::v3: business RPC V3 writer completed frame stream_id=114 frame_type=Open payload_bytes=158
2026-09-26T01:46:49.185794Z DEBUG netbaiot_transports::business_rpc::v3: business RPC V3 selected frame stream_id=114 frame_type=Data payload_bytes=197
2026-09-26T01:46:49.185803Z DEBUG netbaiot_transports::business_rpc::v3: business RPC V3 writer completed frame stream_id=114 frame_type=Data payload_bytes=197
2026-09-26T01:46:49.200141Z DEBUG netbaiot_transports::business_rpc::v3: business RPC V3 received frame stream_id=0 frame_type=WindowUpdate payload_bytes=4
2026-09-26T01:46:49.200173Z DEBUG netbaiot_transports::business_rpc::v3: business RPC V3 received frame stream_id=0 frame_type=WindowUpdate payload_bytes=4
2026-09-26T01:46:49.200182Z DEBUG netbaiot_transports::business_rpc::v3: business RPC V3 received frame stream_id=0 frame_type=WindowUpdate payload_bytes=4
2026-09-26T01:46:49.200188Z DEBUG netbaiot_transports::business_rpc::v3: business RPC V3 received frame stream_id=94 frame_type=Response payload_bytes=35
2026-09-26T01:46:49.200197Z DEBUG netbaiot_transports::business_rpc::v3: business RPC V3 received frame stream_id=94 frame_type=Data payload_bytes=215
2026-09-26T01:46:49.200222Z DEBUG netbaiot_transports::business_rpc::v3: business RPC V3 received frame stream_id=98 frame_type=Response payload_bytes=35
2026-09-26T01:46:49.200230Z DEBUG netbaiot_transports::business_rpc::v3: business RPC V3 received frame stream_id=96 frame_type=Response payload_bytes=35
2026-09-26T01:46:49.200230Z DEBUG netbaiot_transports::business_rpc::v3: business RPC V3 selected frame stream_id=0 frame_type=WindowUpdate payload_bytes=4
2026-09-26T01:46:49.200240Z DEBUG netbaiot_transports::business_rpc::v3: business RPC V3 received frame stream_id=98 frame_type=Data payload_bytes=215
2026-09-26T01:46:49.200261Z DEBUG netbaiot_transports::business_rpc::v3: business RPC V3 writer completed frame stream_id=0 frame_type=WindowUpdate payload_bytes=4
2026-09-26T01:46:49.200268Z DEBUG netbaiot_transports::business_rpc::v3: business RPC V3 received frame stream_id=96 frame_type=Data payload_bytes=215
2026-09-26T01:46:49.200270Z DEBUG netbaiot_transports::business_rpc::v3: business RPC V3 selected frame stream_id=0 frame_type=WindowUpdate payload_bytes=4
2026-09-26T01:46:49.200308Z DEBUG netbaiot_transports::business_rpc::v3: business RPC V3 writer completed frame stream_id=0 frame_type=WindowUpdate payload_bytes=4
2026-09-26T01:46:49.200315Z DEBUG netbaiot_transports::business_rpc::v3: business RPC V3 selected frame stream_id=0 frame_type=WindowUpdate payload_bytes=4
2026-09-26T01:46:49.200324Z DEBUG netbaiot_transports::business_rpc::v3: business RPC V3 writer completed frame stream_id=0 frame_type=WindowUpdate payload_bytes=4
2026-09-26T01:46:49.200657Z DEBUG netbaiot_transports::business_rpc::v3: business RPC V3 body entered scheduler stream_id=116 class=Rpc body_bytes=197
2026-09-26T01:46:49.200675Z DEBUG netbaiot_transports::business_rpc::v3: business RPC V3 body entered scheduler stream_id=118 class=Rpc body_bytes=197
2026-09-26T01:46:49.200681Z DEBUG netbaiot_transports::business_rpc::v3: business RPC V3 body entered scheduler stream_id=120 class=Rpc body_bytes=197
2026-09-26T01:46:49.200686Z DEBUG netbaiot_transports::business_rpc::v3: business RPC V3 selected frame stream_id=116 frame_type=Open payload_bytes=158
2026-09-26T01:46:49.200698Z DEBUG netbaiot_transports::business_rpc::v3: business RPC V3 writer completed frame stream_id=116 frame_type=Open payload_bytes=158
2026-09-26T01:46:49.200704Z DEBUG netbaiot_transports::business_rpc::v3: business RPC V3 selected frame stream_id=116 frame_type=Data payload_bytes=197
2026-09-26T01:46:49.200713Z DEBUG netbaiot_transports::business_rpc::v3: business RPC V3 writer completed frame stream_id=116 frame_type=Data payload_bytes=197
2026-09-26T01:46:49.200719Z DEBUG netbaiot_transports::business_rpc::v3: business RPC V3 selected frame stream_id=118 frame_type=Open payload_bytes=158
2026-09-26T01:46:49.200728Z DEBUG netbaiot_transports::business_rpc::v3: business RPC V3 writer completed frame stream_id=118 frame_type=Open payload_bytes=158
2026-09-26T01:46:49.200733Z DEBUG netbaiot_transports::business_rpc::v3: business RPC V3 selected frame stream_id=120 frame_type=Open payload_bytes=158
2026-09-26T01:46:49.200740Z DEBUG netbaiot_transports::business_rpc::v3: business RPC V3 writer completed frame stream_id=120 frame_type=Open payload_bytes=158
2026-09-26T01:46:49.200745Z DEBUG netbaiot_transports::business_rpc::v3: business RPC V3 selected frame stream_id=118 frame_type=Data payload_bytes=197
2026-09-26T01:46:49.200753Z DEBUG netbaiot_transports::business_rpc::v3: business RPC V3 writer completed frame stream_id=118 frame_type=Data payload_bytes=197
2026-09-26T01:46:49.200758Z DEBUG netbaiot_transports::business_rpc::v3: business RPC V3 selected frame stream_id=120 frame_type=Data payload_bytes=197
2026-09-26T01:46:49.200769Z DEBUG netbaiot_transports::business_rpc::v3: business RPC V3 writer completed frame stream_id=120 frame_type=Data payload_bytes=197
2026-09-26T01:46:49.229690Z DEBUG netbaiot_transports::business_rpc::v3: business RPC V3 received frame stream_id=0 frame_type=WindowUpdate payload_bytes=4
2026-09-26T01:46:49.229720Z DEBUG netbaiot_transports::business_rpc::v3: business RPC V3 received frame stream_id=0 frame_type=WindowUpdate payload_bytes=4
2026-09-26T01:46:49.229731Z DEBUG netbaiot_transports::business_rpc::v3: business RPC V3 received frame stream_id=102 frame_type=Response payload_bytes=35
2026-09-26T01:46:49.229741Z DEBUG netbaiot_transports::business_rpc::v3: business RPC V3 received frame stream_id=102 frame_type=Data payload_bytes=215
2026-09-26T01:46:49.229777Z DEBUG netbaiot_transports::business_rpc::v3: business RPC V3 received frame stream_id=100 frame_type=Response payload_bytes=35
2026-09-26T01:46:49.229786Z DEBUG netbaiot_transports::business_rpc::v3: business RPC V3 selected frame stream_id=0 frame_type=WindowUpdate payload_bytes=4
2026-09-26T01:46:49.229793Z DEBUG netbaiot_transports::business_rpc::v3: business RPC V3 received frame stream_id=100 frame_type=Data payload_bytes=215
2026-09-26T01:46:49.229820Z DEBUG netbaiot_transports::business_rpc::v3: business RPC V3 writer completed frame stream_id=0 frame_type=WindowUpdate payload_bytes=4
2026-09-26T01:46:49.229830Z DEBUG netbaiot_transports::business_rpc::v3: business RPC V3 selected frame stream_id=0 frame_type=WindowUpdate payload_bytes=4
2026-09-26T01:46:49.229839Z DEBUG netbaiot_transports::business_rpc::v3: business RPC V3 writer completed frame stream_id=0 frame_type=WindowUpdate payload_bytes=4
2026-09-26T01:46:49.230472Z DEBUG netbaiot_transports::business_rpc::v3: business RPC V3 body entered scheduler stream_id=122 class=Rpc body_bytes=197
2026-09-26T01:46:49.230483Z DEBUG netbaiot_transports::business_rpc::v3: business RPC V3 selected frame stream_id=122 frame_type=Open payload_bytes=158
2026-09-26T01:46:49.230494Z DEBUG netbaiot_transports::business_rpc::v3: business RPC V3 writer completed frame stream_id=122 frame_type=Open payload_bytes=158
2026-09-26T01:46:49.230499Z DEBUG netbaiot_transports::business_rpc::v3: business RPC V3 selected frame stream_id=122 frame_type=Data payload_bytes=197
2026-09-26T01:46:49.230504Z DEBUG netbaiot_transports::business_rpc::v3: business RPC V3 writer completed frame stream_id=122 frame_type=Data payload_bytes=197
2026-09-26T01:46:49.260230Z DEBUG netbaiot_transports::business_rpc::v3: business RPC V3 received frame stream_id=0 frame_type=WindowUpdate payload_bytes=4
2026-09-26T01:46:49.260265Z DEBUG netbaiot_transports::business_rpc::v3: business RPC V3 received frame stream_id=0 frame_type=WindowUpdate payload_bytes=4
2026-09-26T01:46:49.260273Z DEBUG netbaiot_transports::business_rpc::v3: business RPC V3 received frame stream_id=0 frame_type=WindowUpdate payload_bytes=4
2026-09-26T01:46:49.260278Z DEBUG netbaiot_transports::business_rpc::v3: business RPC V3 received frame stream_id=108 frame_type=Response payload_bytes=35
2026-09-26T01:46:49.260287Z DEBUG netbaiot_transports::business_rpc::v3: business RPC V3 received frame stream_id=108 frame_type=Data payload_bytes=215
2026-09-26T01:46:49.260314Z DEBUG netbaiot_transports::business_rpc::v3: business RPC V3 received frame stream_id=104 frame_type=Response payload_bytes=35
2026-09-26T01:46:49.260322Z DEBUG netbaiot_transports::business_rpc::v3: business RPC V3 received frame stream_id=106 frame_type=Response payload_bytes=35
2026-09-26T01:46:49.260322Z DEBUG netbaiot_transports::business_rpc::v3: business RPC V3 selected frame stream_id=0 frame_type=WindowUpdate payload_bytes=4
2026-09-26T01:46:49.260329Z DEBUG netbaiot_transports::business_rpc::v3: business RPC V3 received frame stream_id=104 frame_type=Data payload_bytes=215
2026-09-26T01:46:49.260350Z DEBUG netbaiot_transports::business_rpc::v3: business RPC V3 writer completed frame stream_id=0 frame_type=WindowUpdate payload_bytes=4
2026-09-26T01:46:49.260360Z DEBUG netbaiot_transports::business_rpc::v3: business RPC V3 selected frame stream_id=0 frame_type=WindowUpdate payload_bytes=4
2026-09-26T01:46:49.260356Z DEBUG netbaiot_transports::business_rpc::v3: business RPC V3 received frame stream_id=106 frame_type=Data payload_bytes=215
2026-09-26T01:46:49.260372Z DEBUG netbaiot_transports::business_rpc::v3: business RPC V3 writer completed frame stream_id=0 frame_type=WindowUpdate payload_bytes=4
2026-09-26T01:46:49.260386Z DEBUG netbaiot_transports::business_rpc::v3: business RPC V3 selected frame stream_id=0 frame_type=WindowUpdate payload_bytes=4
2026-09-26T01:46:49.260395Z DEBUG netbaiot_transports::business_rpc::v3: business RPC V3 writer completed frame stream_id=0 frame_type=WindowUpdate payload_bytes=4
2026-09-26T01:46:49.347421Z DEBUG netbaiot_transports::business_rpc::v3: business RPC V3 received frame stream_id=0 frame_type=WindowUpdate payload_bytes=4
2026-09-26T01:46:49.347466Z DEBUG netbaiot_transports::business_rpc::v3: business RPC V3 received frame stream_id=0 frame_type=WindowUpdate payload_bytes=4
2026-09-26T01:46:49.347472Z DEBUG netbaiot_transports::business_rpc::v3: business RPC V3 received frame stream_id=112 frame_type=WindowUpdate payload_bytes=4
2026-09-26T01:46:49.347475Z DEBUG netbaiot_transports::business_rpc::v3: business RPC V3 received frame stream_id=110 frame_type=Response payload_bytes=35
2026-09-26T01:46:49.347481Z DEBUG netbaiot_transports::business_rpc::v3: business RPC V3 received frame stream_id=110 frame_type=Data payload_bytes=215
2026-09-26T01:46:49.347551Z DEBUG netbaiot_transports::business_rpc::v3: business RPC V3 selected frame stream_id=0 frame_type=WindowUpdate payload_bytes=4
2026-09-26T01:46:49.347570Z DEBUG netbaiot_transports::business_rpc::v3: business RPC V3 writer completed frame stream_id=0 frame_type=WindowUpdate payload_bytes=4
2026-09-26T01:46:49.347592Z DEBUG netbaiot_transports::business_rpc::v3: business RPC V3 selected frame stream_id=112 frame_type=Data payload_bytes=981
2026-09-26T01:46:49.347599Z DEBUG netbaiot_transports::business_rpc::v3: business RPC V3 writer completed frame stream_id=112 frame_type=Data payload_bytes=981
2026-09-26T01:46:49.379091Z DEBUG netbaiot_transports::business_rpc::v3: business RPC V3 received frame stream_id=0 frame_type=WindowUpdate payload_bytes=4
2026-09-26T01:46:49.379109Z DEBUG netbaiot_transports::business_rpc::v3: business RPC V3 received frame stream_id=112 frame_type=WindowUpdate payload_bytes=4
2026-09-26T01:46:49.379112Z DEBUG netbaiot_transports::business_rpc::v3: business RPC V3 received frame stream_id=0 frame_type=WindowUpdate payload_bytes=4
2026-09-26T01:46:49.379115Z DEBUG netbaiot_transports::business_rpc::v3: business RPC V3 received frame stream_id=0 frame_type=WindowUpdate payload_bytes=4
2026-09-26T01:46:49.379117Z DEBUG netbaiot_transports::business_rpc::v3: business RPC V3 received frame stream_id=0 frame_type=WindowUpdate payload_bytes=4
2026-09-26T01:46:49.379119Z DEBUG netbaiot_transports::business_rpc::v3: business RPC V3 received frame stream_id=0 frame_type=WindowUpdate payload_bytes=4
2026-09-26T01:46:49.379122Z DEBUG netbaiot_transports::business_rpc::v3: business RPC V3 received frame stream_id=0 frame_type=WindowUpdate payload_bytes=4
2026-09-26T01:46:49.379124Z DEBUG netbaiot_transports::business_rpc::v3: business RPC V3 received frame stream_id=122 frame_type=Response payload_bytes=35
2026-09-26T01:46:49.379130Z DEBUG netbaiot_transports::business_rpc::v3: business RPC V3 received frame stream_id=114 frame_type=Response payload_bytes=35
2026-09-26T01:46:49.379134Z DEBUG netbaiot_transports::business_rpc::v3: business RPC V3 received frame stream_id=122 frame_type=Data payload_bytes=215
2026-09-26T01:46:49.379151Z DEBUG netbaiot_transports::business_rpc::v3: business RPC V3 received frame stream_id=118 frame_type=Response payload_bytes=35
2026-09-26T01:46:49.379154Z DEBUG netbaiot_transports::business_rpc::v3: business RPC V3 received frame stream_id=120 frame_type=Response payload_bytes=35
2026-09-26T01:46:49.379157Z DEBUG netbaiot_transports::business_rpc::v3: business RPC V3 received frame stream_id=116 frame_type=Response payload_bytes=35
2026-09-26T01:46:49.379159Z DEBUG netbaiot_transports::business_rpc::v3: business RPC V3 received frame stream_id=114 frame_type=Data payload_bytes=215
2026-09-26T01:46:49.379165Z DEBUG netbaiot_transports::business_rpc::v3: business RPC V3 received frame stream_id=118 frame_type=Data payload_bytes=215
2026-09-26T01:46:49.379169Z DEBUG netbaiot_transports::business_rpc::v3: business RPC V3 received frame stream_id=120 frame_type=Data payload_bytes=215
2026-09-26T01:46:49.379173Z DEBUG netbaiot_transports::business_rpc::v3: business RPC V3 received frame stream_id=116 frame_type=Data payload_bytes=215
2026-09-26T01:46:49.379224Z DEBUG netbaiot_transports::business_rpc::v3: business RPC V3 selected frame stream_id=0 frame_type=WindowUpdate payload_bytes=4
2026-09-26T01:46:49.379231Z DEBUG netbaiot_transports::business_rpc::v3: business RPC V3 writer completed frame stream_id=0 frame_type=WindowUpdate payload_bytes=4
2026-09-26T01:46:49.379234Z DEBUG netbaiot_transports::business_rpc::v3: business RPC V3 selected frame stream_id=0 frame_type=WindowUpdate payload_bytes=4
2026-09-26T01:46:49.379237Z DEBUG netbaiot_transports::business_rpc::v3: business RPC V3 writer completed frame stream_id=0 frame_type=WindowUpdate payload_bytes=4
2026-09-26T01:46:49.379240Z DEBUG netbaiot_transports::business_rpc::v3: business RPC V3 selected frame stream_id=0 frame_type=WindowUpdate payload_bytes=4
2026-09-26T01:46:49.379242Z DEBUG netbaiot_transports::business_rpc::v3: business RPC V3 writer completed frame stream_id=0 frame_type=WindowUpdate payload_bytes=4
2026-09-26T01:46:49.379244Z DEBUG netbaiot_transports::business_rpc::v3: business RPC V3 selected frame stream_id=0 frame_type=WindowUpdate payload_bytes=4
2026-09-26T01:46:49.379247Z DEBUG netbaiot_transports::business_rpc::v3: business RPC V3 writer completed frame stream_id=0 frame_type=WindowUpdate payload_bytes=4
2026-09-26T01:46:49.379249Z DEBUG netbaiot_transports::business_rpc::v3: business RPC V3 selected frame stream_id=0 frame_type=WindowUpdate payload_bytes=4
2026-09-26T01:46:49.379252Z DEBUG netbaiot_transports::business_rpc::v3: business RPC V3 writer completed frame stream_id=0 frame_type=WindowUpdate payload_bytes=4
2026-09-26T01:46:49.464461Z DEBUG netbaiot_transports::business_rpc::v3: business RPC V3 received frame stream_id=0 frame_type=WindowUpdate payload_bytes=4
2026-09-26T01:46:49.464503Z DEBUG netbaiot_transports::business_rpc::v3: business RPC V3 received frame stream_id=112 frame_type=Response payload_bytes=35
2026-09-26T01:46:49.464516Z DEBUG netbaiot_transports::business_rpc::v3: business RPC V3 received frame stream_id=112 frame_type=Data payload_bytes=118
2026-09-26T01:46:49.464528Z DEBUG netbaiot_transports::business_rpc::v3: business RPC V3 Event delivery acknowledged stream_id=112 completion_us=284021
2026-09-26T01:46:49.464561Z DEBUG netbaiot_transports::business_rpc::v3: business RPC V3 selected frame stream_id=0 frame_type=WindowUpdate payload_bytes=4
2026-09-26T01:46:49.464580Z DEBUG netbaiot_transports::business_rpc::v3: business RPC V3 writer completed frame stream_id=0 frame_type=WindowUpdate payload_bytes=4
2026-09-26T01:46:49.681288Z DEBUG netbaiot_transports::business_rpc::v3: business RPC V3 body entered scheduler stream_id=124 class=Event body_bytes=17365
2026-09-26T01:46:49.681334Z DEBUG netbaiot_transports::business_rpc::v3: business RPC V3 selected frame stream_id=124 frame_type=Open payload_bytes=184
2026-09-26T01:46:49.681359Z DEBUG netbaiot_transports::business_rpc::v3: business RPC V3 writer completed frame stream_id=124 frame_type=Open payload_bytes=184
2026-09-26T01:46:49.681388Z DEBUG netbaiot_transports::business_rpc::v3: business RPC V3 selected frame stream_id=124 frame_type=Data payload_bytes=8192
2026-09-26T01:46:49.681436Z DEBUG netbaiot_transports::business_rpc::v3: business RPC V3 writer completed frame stream_id=124 frame_type=Data payload_bytes=8192
2026-09-26T01:46:49.681457Z DEBUG netbaiot_transports::business_rpc::v3: business RPC V3 selected frame stream_id=124 frame_type=Data payload_bytes=8192
2026-09-26T01:46:49.681483Z DEBUG netbaiot_transports::business_rpc::v3: business RPC V3 writer completed frame stream_id=124 frame_type=Data payload_bytes=8192
2026-09-26T01:46:49.853263Z DEBUG netbaiot_transports::business_rpc::v3: business RPC V3 received frame stream_id=0 frame_type=WindowUpdate payload_bytes=4
2026-09-26T01:46:49.853303Z DEBUG netbaiot_transports::business_rpc::v3: business RPC V3 received frame stream_id=124 frame_type=WindowUpdate payload_bytes=4
2026-09-26T01:46:49.853320Z DEBUG netbaiot_transports::business_rpc::v3: business RPC V3 selected frame stream_id=124 frame_type=Data payload_bytes=981
2026-09-26T01:46:49.853338Z DEBUG netbaiot_transports::business_rpc::v3: business RPC V3 writer completed frame stream_id=124 frame_type=Data payload_bytes=981
2026-09-26T01:46:49.880765Z DEBUG netbaiot_transports::business_rpc::v3: business RPC V3 received frame stream_id=0 frame_type=WindowUpdate payload_bytes=4
2026-09-26T01:46:49.880825Z DEBUG netbaiot_transports::business_rpc::v3: business RPC V3 received frame stream_id=124 frame_type=WindowUpdate payload_bytes=4
2026-09-26T01:46:49.884876Z DEBUG netbaiot_transports::business_rpc::v3: business RPC V3 body entered scheduler stream_id=126 class=Rpc body_bytes=197
2026-09-26T01:46:49.884897Z DEBUG netbaiot_transports::business_rpc::v3: business RPC V3 selected frame stream_id=126 frame_type=Open payload_bytes=158
2026-09-26T01:46:49.884909Z DEBUG netbaiot_transports::business_rpc::v3: business RPC V3 writer completed frame stream_id=126 frame_type=Open payload_bytes=158
2026-09-26T01:46:49.884913Z DEBUG netbaiot_transports::business_rpc::v3: business RPC V3 selected frame stream_id=126 frame_type=Data payload_bytes=197
2026-09-26T01:46:49.884917Z DEBUG netbaiot_transports::business_rpc::v3: business RPC V3 writer completed frame stream_id=126 frame_type=Data payload_bytes=197
2026-09-26T01:46:49.897089Z DEBUG netbaiot_transports::business_rpc::v3: business RPC V3 body entered scheduler stream_id=128 class=Rpc body_bytes=197
2026-09-26T01:46:49.897106Z DEBUG netbaiot_transports::business_rpc::v3: business RPC V3 selected frame stream_id=128 frame_type=Open payload_bytes=158
2026-09-26T01:46:49.897121Z DEBUG netbaiot_transports::business_rpc::v3: business RPC V3 writer completed frame stream_id=128 frame_type=Open payload_bytes=158
2026-09-26T01:46:49.897126Z DEBUG netbaiot_transports::business_rpc::v3: business RPC V3 selected frame stream_id=128 frame_type=Data payload_bytes=197
2026-09-26T01:46:49.897130Z DEBUG netbaiot_transports::business_rpc::v3: business RPC V3 writer completed frame stream_id=128 frame_type=Data payload_bytes=197
2026-09-26T01:46:49.928273Z DEBUG netbaiot_transports::business_rpc::v3: business RPC V3 body entered scheduler stream_id=130 class=Rpc body_bytes=197
2026-09-26T01:46:49.928296Z DEBUG netbaiot_transports::business_rpc::v3: business RPC V3 body entered scheduler stream_id=132 class=Rpc body_bytes=197
2026-09-26T01:46:49.928300Z DEBUG netbaiot_transports::business_rpc::v3: business RPC V3 selected frame stream_id=130 frame_type=Open payload_bytes=158
2026-09-26T01:46:49.928310Z DEBUG netbaiot_transports::business_rpc::v3: business RPC V3 writer completed frame stream_id=130 frame_type=Open payload_bytes=158
2026-09-26T01:46:49.928314Z DEBUG netbaiot_transports::business_rpc::v3: business RPC V3 selected frame stream_id=132 frame_type=Open payload_bytes=158
2026-09-26T01:46:49.928318Z DEBUG netbaiot_transports::business_rpc::v3: business RPC V3 writer completed frame stream_id=132 frame_type=Open payload_bytes=158
2026-09-26T01:46:49.928321Z DEBUG netbaiot_transports::business_rpc::v3: business RPC V3 selected frame stream_id=130 frame_type=Data payload_bytes=197
2026-09-26T01:46:49.928324Z DEBUG netbaiot_transports::business_rpc::v3: business RPC V3 writer completed frame stream_id=130 frame_type=Data payload_bytes=197
2026-09-26T01:46:49.928327Z DEBUG netbaiot_transports::business_rpc::v3: business RPC V3 selected frame stream_id=132 frame_type=Data payload_bytes=197
2026-09-26T01:46:49.928347Z DEBUG netbaiot_transports::business_rpc::v3: business RPC V3 writer completed frame stream_id=132 frame_type=Data payload_bytes=197
2026-09-26T01:46:49.968229Z DEBUG netbaiot_transports::business_rpc::v3: business RPC V3 received frame stream_id=0 frame_type=WindowUpdate payload_bytes=4
2026-09-26T01:46:49.968258Z DEBUG netbaiot_transports::business_rpc::v3: business RPC V3 received frame stream_id=124 frame_type=Response payload_bytes=35
2026-09-26T01:46:49.968266Z DEBUG netbaiot_transports::business_rpc::v3: business RPC V3 received frame stream_id=124 frame_type=Data payload_bytes=118
2026-09-26T01:46:49.968274Z DEBUG netbaiot_transports::business_rpc::v3: business RPC V3 Event delivery acknowledged stream_id=124 completion_us=286995
2026-09-26T01:46:49.968298Z DEBUG netbaiot_transports::business_rpc::v3: business RPC V3 selected frame stream_id=0 frame_type=WindowUpdate payload_bytes=4
2026-09-26T01:46:49.968309Z DEBUG netbaiot_transports::business_rpc::v3: business RPC V3 writer completed frame stream_id=0 frame_type=WindowUpdate payload_bytes=4
2026-09-26T01:46:49.968591Z DEBUG netbaiot_transports::business_rpc::v3: business RPC V3 body entered scheduler stream_id=134 class=Rpc body_bytes=197
2026-09-26T01:46:49.968600Z DEBUG netbaiot_transports::business_rpc::v3: business RPC V3 selected frame stream_id=134 frame_type=Open payload_bytes=158
2026-09-26T01:46:49.968659Z DEBUG netbaiot_transports::business_rpc::v3: business RPC V3 writer completed frame stream_id=134 frame_type=Open payload_bytes=158
2026-09-26T01:46:49.968687Z DEBUG netbaiot_transports::business_rpc::v3: business RPC V3 selected frame stream_id=134 frame_type=Data payload_bytes=197
2026-09-26T01:46:49.968698Z DEBUG netbaiot_transports::business_rpc::v3: business RPC V3 writer completed frame stream_id=134 frame_type=Data payload_bytes=197
2026-09-26T01:46:49.995990Z DEBUG netbaiot_transports::business_rpc::v3: business RPC V3 received frame stream_id=0 frame_type=WindowUpdate payload_bytes=4
2026-09-26T01:46:49.996018Z DEBUG netbaiot_transports::business_rpc::v3: business RPC V3 received frame stream_id=0 frame_type=WindowUpdate payload_bytes=4
2026-09-26T01:46:49.996046Z DEBUG netbaiot_transports::business_rpc::v3: business RPC V3 received frame stream_id=128 frame_type=Response payload_bytes=35
2026-09-26T01:46:49.996058Z DEBUG netbaiot_transports::business_rpc::v3: business RPC V3 received frame stream_id=126 frame_type=Response payload_bytes=35
2026-09-26T01:46:49.996067Z DEBUG netbaiot_transports::business_rpc::v3: business RPC V3 received frame stream_id=128 frame_type=Data payload_bytes=215
2026-09-26T01:46:49.996093Z DEBUG netbaiot_transports::business_rpc::v3: business RPC V3 received frame stream_id=126 frame_type=Data payload_bytes=215
2026-09-26T01:46:49.996115Z DEBUG netbaiot_transports::business_rpc::v3: business RPC V3 selected frame stream_id=0 frame_type=WindowUpdate payload_bytes=4
2026-09-26T01:46:49.996137Z DEBUG netbaiot_transports::business_rpc::v3: business RPC V3 writer completed frame stream_id=0 frame_type=WindowUpdate payload_bytes=4
2026-09-26T01:46:49.996145Z DEBUG netbaiot_transports::business_rpc::v3: business RPC V3 selected frame stream_id=0 frame_type=WindowUpdate payload_bytes=4
2026-09-26T01:46:49.996154Z DEBUG netbaiot_transports::business_rpc::v3: business RPC V3 writer completed frame stream_id=0 frame_type=WindowUpdate payload_bytes=4
2026-09-26T01:46:49.996249Z DEBUG netbaiot_transports::business_rpc::v3: business RPC V3 body entered scheduler stream_id=136 class=Rpc body_bytes=197
2026-09-26T01:46:49.996269Z DEBUG netbaiot_transports::business_rpc::v3: business RPC V3 selected frame stream_id=136 frame_type=Open payload_bytes=158
2026-09-26T01:46:49.996292Z DEBUG netbaiot_transports::business_rpc::v3: business RPC V3 writer completed frame stream_id=136 frame_type=Open payload_bytes=158
2026-09-26T01:46:49.996303Z DEBUG netbaiot_transports::business_rpc::v3: business RPC V3 selected frame stream_id=136 frame_type=Data payload_bytes=197
2026-09-26T01:46:49.996312Z DEBUG netbaiot_transports::business_rpc::v3: business RPC V3 writer completed frame stream_id=136 frame_type=Data payload_bytes=197
2026-09-26T01:46:49.996533Z DEBUG netbaiot_transports::business_rpc::v3: business RPC V3 body entered scheduler stream_id=138 class=Rpc body_bytes=197
2026-09-26T01:46:49.996542Z DEBUG netbaiot_transports::business_rpc::v3: business RPC V3 body entered scheduler stream_id=140 class=Rpc body_bytes=197
2026-09-26T01:46:49.996545Z DEBUG netbaiot_transports::business_rpc::v3: business RPC V3 selected frame stream_id=138 frame_type=Open payload_bytes=158
2026-09-26T01:46:49.996553Z DEBUG netbaiot_transports::business_rpc::v3: business RPC V3 writer completed frame stream_id=138 frame_type=Open payload_bytes=158
2026-09-26T01:46:49.996556Z DEBUG netbaiot_transports::business_rpc::v3: business RPC V3 selected frame stream_id=140 frame_type=Open payload_bytes=158
2026-09-26T01:46:49.996561Z DEBUG netbaiot_transports::business_rpc::v3: business RPC V3 writer completed frame stream_id=140 frame_type=Open payload_bytes=158
2026-09-26T01:46:49.996563Z DEBUG netbaiot_transports::business_rpc::v3: business RPC V3 selected frame stream_id=138 frame_type=Data payload_bytes=197
2026-09-26T01:46:49.996566Z DEBUG netbaiot_transports::business_rpc::v3: business RPC V3 writer completed frame stream_id=138 frame_type=Data payload_bytes=197
2026-09-26T01:46:49.996569Z DEBUG netbaiot_transports::business_rpc::v3: business RPC V3 selected frame stream_id=140 frame_type=Data payload_bytes=197
2026-09-26T01:46:49.996572Z DEBUG netbaiot_transports::business_rpc::v3: business RPC V3 writer completed frame stream_id=140 frame_type=Data payload_bytes=197
2026-09-26T01:46:49.998189Z DEBUG netbaiot_transports::business_rpc::v3: business RPC V3 body entered scheduler stream_id=142 class=Rpc body_bytes=197
2026-09-26T01:46:49.998201Z DEBUG netbaiot_transports::business_rpc::v3: business RPC V3 selected frame stream_id=142 frame_type=Open payload_bytes=158
2026-09-26T01:46:49.998236Z DEBUG netbaiot_transports::business_rpc::v3: business RPC V3 writer completed frame stream_id=142 frame_type=Open payload_bytes=158
2026-09-26T01:46:49.998240Z DEBUG netbaiot_transports::business_rpc::v3: business RPC V3 selected frame stream_id=142 frame_type=Data payload_bytes=197
2026-09-26T01:46:49.998244Z DEBUG netbaiot_transports::business_rpc::v3: business RPC V3 writer completed frame stream_id=142 frame_type=Data payload_bytes=197
2026-09-26T01:46:50.005941Z DEBUG netbaiot_transports::business_rpc::v3: business RPC V3 body entered scheduler stream_id=144 class=Rpc body_bytes=197
2026-09-26T01:46:50.005953Z DEBUG netbaiot_transports::business_rpc::v3: business RPC V3 selected frame stream_id=144 frame_type=Open payload_bytes=158
2026-09-26T01:46:50.005963Z DEBUG netbaiot_transports::business_rpc::v3: business RPC V3 writer completed frame stream_id=144 frame_type=Open payload_bytes=158
2026-09-26T01:46:50.005969Z DEBUG netbaiot_transports::business_rpc::v3: business RPC V3 selected frame stream_id=144 frame_type=Data payload_bytes=197
2026-09-26T01:46:50.005973Z DEBUG netbaiot_transports::business_rpc::v3: business RPC V3 writer completed frame stream_id=144 frame_type=Data payload_bytes=197
2026-09-26T01:46:50.024255Z DEBUG netbaiot_transports::business_rpc::v3: business RPC V3 received frame stream_id=0 frame_type=WindowUpdate payload_bytes=4
2026-09-26T01:46:50.024280Z DEBUG netbaiot_transports::business_rpc::v3: business RPC V3 received frame stream_id=0 frame_type=WindowUpdate payload_bytes=4
2026-09-26T01:46:50.024286Z DEBUG netbaiot_transports::business_rpc::v3: business RPC V3 received frame stream_id=130 frame_type=Response payload_bytes=35
2026-09-26T01:46:50.024323Z DEBUG netbaiot_transports::business_rpc::v3: business RPC V3 received frame stream_id=132 frame_type=Response payload_bytes=35
2026-09-26T01:46:50.024335Z DEBUG netbaiot_transports::business_rpc::v3: business RPC V3 received frame stream_id=130 frame_type=Data payload_bytes=215
2026-09-26T01:46:50.024355Z DEBUG netbaiot_transports::business_rpc::v3: business RPC V3 received frame stream_id=132 frame_type=Data payload_bytes=215
2026-09-26T01:46:50.024431Z DEBUG netbaiot_transports::business_rpc::v3: business RPC V3 selected frame stream_id=0 frame_type=WindowUpdate payload_bytes=4
2026-09-26T01:46:50.024442Z DEBUG netbaiot_transports::business_rpc::v3: business RPC V3 writer completed frame stream_id=0 frame_type=WindowUpdate payload_bytes=4
2026-09-26T01:46:50.024446Z DEBUG netbaiot_transports::business_rpc::v3: business RPC V3 selected frame stream_id=0 frame_type=WindowUpdate payload_bytes=4
2026-09-26T01:46:50.024451Z DEBUG netbaiot_transports::business_rpc::v3: business RPC V3 writer completed frame stream_id=0 frame_type=WindowUpdate payload_bytes=4
2026-09-26T01:46:50.024987Z DEBUG netbaiot_transports::business_rpc::v3: business RPC V3 body entered scheduler stream_id=146 class=Rpc body_bytes=197
2026-09-26T01:46:50.024996Z DEBUG netbaiot_transports::business_rpc::v3: business RPC V3 body entered scheduler stream_id=148 class=Rpc body_bytes=197
2026-09-26T01:46:50.024999Z DEBUG netbaiot_transports::business_rpc::v3: business RPC V3 selected frame stream_id=146 frame_type=Open payload_bytes=158
2026-09-26T01:46:50.025025Z DEBUG netbaiot_transports::business_rpc::v3: business RPC V3 writer completed frame stream_id=146 frame_type=Open payload_bytes=158
2026-09-26T01:46:50.025030Z DEBUG netbaiot_transports::business_rpc::v3: business RPC V3 selected frame stream_id=148 frame_type=Open payload_bytes=158
2026-09-26T01:46:50.025034Z DEBUG netbaiot_transports::business_rpc::v3: business RPC V3 writer completed frame stream_id=148 frame_type=Open payload_bytes=158
2026-09-26T01:46:50.025037Z DEBUG netbaiot_transports::business_rpc::v3: business RPC V3 selected frame stream_id=146 frame_type=Data payload_bytes=197
2026-09-26T01:46:50.025045Z DEBUG netbaiot_transports::business_rpc::v3: business RPC V3 writer completed frame stream_id=146 frame_type=Data payload_bytes=197
2026-09-26T01:46:50.025048Z DEBUG netbaiot_transports::business_rpc::v3: business RPC V3 selected frame stream_id=148 frame_type=Data payload_bytes=197
2026-09-26T01:46:50.025051Z DEBUG netbaiot_transports::business_rpc::v3: business RPC V3 writer completed frame stream_id=148 frame_type=Data payload_bytes=197
2026-09-26T01:46:50.053361Z DEBUG netbaiot_transports::business_rpc::v3: business RPC V3 received frame stream_id=0 frame_type=WindowUpdate payload_bytes=4
2026-09-26T01:46:50.053402Z DEBUG netbaiot_transports::business_rpc::v3: business RPC V3 received frame stream_id=134 frame_type=Response payload_bytes=35
2026-09-26T01:46:50.053414Z DEBUG netbaiot_transports::business_rpc::v3: business RPC V3 received frame stream_id=134 frame_type=Data payload_bytes=215
2026-09-26T01:46:50.053506Z DEBUG netbaiot_transports::business_rpc::v3: business RPC V3 selected frame stream_id=0 frame_type=WindowUpdate payload_bytes=4
2026-09-26T01:46:50.053533Z DEBUG netbaiot_transports::business_rpc::v3: business RPC V3 writer completed frame stream_id=0 frame_type=WindowUpdate payload_bytes=4
2026-09-26T01:46:50.053921Z DEBUG netbaiot_transports::business_rpc::v3: business RPC V3 body entered scheduler stream_id=150 class=Rpc body_bytes=197
2026-09-26T01:46:50.053963Z DEBUG netbaiot_transports::business_rpc::v3: business RPC V3 selected frame stream_id=150 frame_type=Open payload_bytes=158
2026-09-26T01:46:50.053980Z DEBUG netbaiot_transports::business_rpc::v3: business RPC V3 writer completed frame stream_id=150 frame_type=Open payload_bytes=158
2026-09-26T01:46:50.053985Z DEBUG netbaiot_transports::business_rpc::v3: business RPC V3 selected frame stream_id=150 frame_type=Data payload_bytes=197
2026-09-26T01:46:50.053990Z DEBUG netbaiot_transports::business_rpc::v3: business RPC V3 writer completed frame stream_id=150 frame_type=Data payload_bytes=197
2026-09-26T01:46:50.117558Z DEBUG netbaiot_transports::business_rpc::v3: business RPC V3 body entered scheduler stream_id=152 class=Rpc body_bytes=197
2026-09-26T01:46:50.117584Z DEBUG netbaiot_transports::business_rpc::v3: business RPC V3 selected frame stream_id=152 frame_type=Open payload_bytes=158
2026-09-26T01:46:50.117598Z DEBUG netbaiot_transports::business_rpc::v3: business RPC V3 writer completed frame stream_id=152 frame_type=Open payload_bytes=158
2026-09-26T01:46:50.117604Z DEBUG netbaiot_transports::business_rpc::v3: business RPC V3 selected frame stream_id=152 frame_type=Data payload_bytes=197
2026-09-26T01:46:50.117609Z DEBUG netbaiot_transports::business_rpc::v3: business RPC V3 writer completed frame stream_id=152 frame_type=Data payload_bytes=197
2026-09-26T01:46:50.117841Z DEBUG netbaiot_transports::business_rpc::v3: business RPC V3 received frame stream_id=0 frame_type=WindowUpdate payload_bytes=4
2026-09-26T01:46:50.117900Z DEBUG netbaiot_transports::business_rpc::v3: business RPC V3 received frame stream_id=0 frame_type=WindowUpdate payload_bytes=4
2026-09-26T01:46:50.117917Z DEBUG netbaiot_transports::business_rpc::v3: business RPC V3 received frame stream_id=0 frame_type=WindowUpdate payload_bytes=4
2026-09-26T01:46:50.117926Z DEBUG netbaiot_transports::business_rpc::v3: business RPC V3 received frame stream_id=0 frame_type=WindowUpdate payload_bytes=4
2026-09-26T01:46:50.117934Z DEBUG netbaiot_transports::business_rpc::v3: business RPC V3 received frame stream_id=0 frame_type=WindowUpdate payload_bytes=4
2026-09-26T01:46:50.117941Z DEBUG netbaiot_transports::business_rpc::v3: business RPC V3 received frame stream_id=144 frame_type=Response payload_bytes=35
2026-09-26T01:46:50.117950Z DEBUG netbaiot_transports::business_rpc::v3: business RPC V3 received frame stream_id=138 frame_type=Response payload_bytes=35
2026-09-26T01:46:50.117957Z DEBUG netbaiot_transports::business_rpc::v3: business RPC V3 received frame stream_id=144 frame_type=Data payload_bytes=215
2026-09-26T01:46:50.117983Z DEBUG netbaiot_transports::business_rpc::v3: business RPC V3 received frame stream_id=138 frame_type=Data payload_bytes=215
2026-09-26T01:46:50.117996Z DEBUG netbaiot_transports::business_rpc::v3: business RPC V3 received frame stream_id=140 frame_type=Response payload_bytes=35
2026-09-26T01:46:50.118003Z DEBUG netbaiot_transports::business_rpc::v3: business RPC V3 received frame stream_id=136 frame_type=Response payload_bytes=35
2026-09-26T01:46:50.118009Z DEBUG netbaiot_transports::business_rpc::v3: business RPC V3 received frame stream_id=142 frame_type=Response payload_bytes=35
2026-09-26T01:46:50.118015Z DEBUG netbaiot_transports::business_rpc::v3: business RPC V3 received frame stream_id=140 frame_type=Data payload_bytes=215
2026-09-26T01:46:50.118026Z DEBUG netbaiot_transports::business_rpc::v3: business RPC V3 received frame stream_id=136 frame_type=Data payload_bytes=215
2026-09-26T01:46:50.118038Z DEBUG netbaiot_transports::business_rpc::v3: business RPC V3 received frame stream_id=142 frame_type=Data payload_bytes=215
2026-09-26T01:46:50.118144Z DEBUG netbaiot_transports::business_rpc::v3: business RPC V3 selected frame stream_id=0 frame_type=WindowUpdate payload_bytes=4
2026-09-26T01:46:50.118158Z DEBUG netbaiot_transports::business_rpc::v3: business RPC V3 writer completed frame stream_id=0 frame_type=WindowUpdate payload_bytes=4
2026-09-26T01:46:50.118163Z DEBUG netbaiot_transports::business_rpc::v3: business RPC V3 selected frame stream_id=0 frame_type=WindowUpdate payload_bytes=4
2026-09-26T01:46:50.118169Z DEBUG netbaiot_transports::business_rpc::v3: business RPC V3 writer completed frame stream_id=0 frame_type=WindowUpdate payload_bytes=4
2026-09-26T01:46:50.118172Z DEBUG netbaiot_transports::business_rpc::v3: business RPC V3 selected frame stream_id=0 frame_type=WindowUpdate payload_bytes=4
2026-09-26T01:46:50.118175Z DEBUG netbaiot_transports::business_rpc::v3: business RPC V3 writer completed frame stream_id=0 frame_type=WindowUpdate payload_bytes=4
2026-09-26T01:46:50.118178Z DEBUG netbaiot_transports::business_rpc::v3: business RPC V3 selected frame stream_id=0 frame_type=WindowUpdate payload_bytes=4
2026-09-26T01:46:50.118182Z DEBUG netbaiot_transports::business_rpc::v3: business RPC V3 writer completed frame stream_id=0 frame_type=WindowUpdate payload_bytes=4
2026-09-26T01:46:50.118184Z DEBUG netbaiot_transports::business_rpc::v3: business RPC V3 selected frame stream_id=0 frame_type=WindowUpdate payload_bytes=4
2026-09-26T01:46:50.118187Z DEBUG netbaiot_transports::business_rpc::v3: business RPC V3 writer completed frame stream_id=0 frame_type=WindowUpdate payload_bytes=4
2026-09-26T01:46:50.118808Z DEBUG netbaiot_transports::business_rpc::v3: business RPC V3 body entered scheduler stream_id=154 class=Rpc body_bytes=197
2026-09-26T01:46:50.118830Z DEBUG netbaiot_transports::business_rpc::v3: business RPC V3 selected frame stream_id=154 frame_type=Open payload_bytes=158
2026-09-26T01:46:50.118845Z DEBUG netbaiot_transports::business_rpc::v3: business RPC V3 writer completed frame stream_id=154 frame_type=Open payload_bytes=158
2026-09-26T01:46:50.118853Z DEBUG netbaiot_transports::business_rpc::v3: business RPC V3 selected frame stream_id=154 frame_type=Data payload_bytes=197
2026-09-26T01:46:50.118862Z DEBUG netbaiot_transports::business_rpc::v3: business RPC V3 writer completed frame stream_id=154 frame_type=Data payload_bytes=197
2026-09-26T01:46:50.118881Z DEBUG netbaiot_transports::business_rpc::v3: business RPC V3 body entered scheduler stream_id=156 class=Rpc body_bytes=197
2026-09-26T01:46:50.118894Z DEBUG netbaiot_transports::business_rpc::v3: business RPC V3 body entered scheduler stream_id=158 class=Rpc body_bytes=197
2026-09-26T01:46:50.118901Z DEBUG netbaiot_transports::business_rpc::v3: business RPC V3 body entered scheduler stream_id=160 class=Rpc body_bytes=197
2026-09-26T01:46:50.118907Z DEBUG netbaiot_transports::business_rpc::v3: business RPC V3 body entered scheduler stream_id=162 class=Rpc body_bytes=197
2026-09-26T01:46:50.118912Z DEBUG netbaiot_transports::business_rpc::v3: business RPC V3 selected frame stream_id=156 frame_type=Open payload_bytes=158
2026-09-26T01:46:50.118921Z DEBUG netbaiot_transports::business_rpc::v3: business RPC V3 writer completed frame stream_id=156 frame_type=Open payload_bytes=158
2026-09-26T01:46:50.118928Z DEBUG netbaiot_transports::business_rpc::v3: business RPC V3 selected frame stream_id=158 frame_type=Open payload_bytes=158
2026-09-26T01:46:50.118937Z DEBUG netbaiot_transports::business_rpc::v3: business RPC V3 writer completed frame stream_id=158 frame_type=Open payload_bytes=158
2026-09-26T01:46:50.118944Z DEBUG netbaiot_transports::business_rpc::v3: business RPC V3 selected frame stream_id=160 frame_type=Open payload_bytes=158
2026-09-26T01:46:50.118953Z DEBUG netbaiot_transports::business_rpc::v3: business RPC V3 writer completed frame stream_id=160 frame_type=Open payload_bytes=158
2026-09-26T01:46:50.118958Z DEBUG netbaiot_transports::business_rpc::v3: business RPC V3 selected frame stream_id=162 frame_type=Open payload_bytes=158
2026-09-26T01:46:50.118966Z DEBUG netbaiot_transports::business_rpc::v3: business RPC V3 writer completed frame stream_id=162 frame_type=Open payload_bytes=158
2026-09-26T01:46:50.118972Z DEBUG netbaiot_transports::business_rpc::v3: business RPC V3 selected frame stream_id=156 frame_type=Data payload_bytes=197
2026-09-26T01:46:50.118979Z DEBUG netbaiot_transports::business_rpc::v3: business RPC V3 writer completed frame stream_id=156 frame_type=Data payload_bytes=197
2026-09-26T01:46:50.118985Z DEBUG netbaiot_transports::business_rpc::v3: business RPC V3 selected frame stream_id=158 frame_type=Data payload_bytes=197
2026-09-26T01:46:50.118992Z DEBUG netbaiot_transports::business_rpc::v3: business RPC V3 writer completed frame stream_id=158 frame_type=Data payload_bytes=197
2026-09-26T01:46:50.118999Z DEBUG netbaiot_transports::business_rpc::v3: business RPC V3 selected frame stream_id=160 frame_type=Data payload_bytes=197
2026-09-26T01:46:50.119006Z DEBUG netbaiot_transports::business_rpc::v3: business RPC V3 writer completed frame stream_id=160 frame_type=Data payload_bytes=197
2026-09-26T01:46:50.119012Z DEBUG netbaiot_transports::business_rpc::v3: business RPC V3 selected frame stream_id=162 frame_type=Data payload_bytes=197
2026-09-26T01:46:50.119019Z DEBUG netbaiot_transports::business_rpc::v3: business RPC V3 writer completed frame stream_id=162 frame_type=Data payload_bytes=197
2026-09-26T01:46:50.146736Z DEBUG netbaiot_transports::business_rpc::v3: business RPC V3 received frame stream_id=0 frame_type=WindowUpdate payload_bytes=4
2026-09-26T01:46:50.146769Z DEBUG netbaiot_transports::business_rpc::v3: business RPC V3 received frame stream_id=0 frame_type=WindowUpdate payload_bytes=4
2026-09-26T01:46:50.146778Z DEBUG netbaiot_transports::business_rpc::v3: business RPC V3 received frame stream_id=0 frame_type=WindowUpdate payload_bytes=4
2026-09-26T01:46:50.146784Z DEBUG netbaiot_transports::business_rpc::v3: business RPC V3 received frame stream_id=150 frame_type=Response payload_bytes=35
2026-09-26T01:46:50.146794Z DEBUG netbaiot_transports::business_rpc::v3: business RPC V3 received frame stream_id=150 frame_type=Data payload_bytes=215
2026-09-26T01:46:50.146820Z DEBUG netbaiot_transports::business_rpc::v3: business RPC V3 received frame stream_id=148 frame_type=Response payload_bytes=35
2026-09-26T01:46:50.146828Z DEBUG netbaiot_transports::business_rpc::v3: business RPC V3 received frame stream_id=148 frame_type=Data payload_bytes=215
2026-09-26T01:46:50.146840Z DEBUG netbaiot_transports::business_rpc::v3: business RPC V3 received frame stream_id=146 frame_type=Response payload_bytes=35
2026-09-26T01:46:50.146847Z DEBUG netbaiot_transports::business_rpc::v3: business RPC V3 received frame stream_id=146 frame_type=Data payload_bytes=215
2026-09-26T01:46:50.146895Z DEBUG netbaiot_transports::business_rpc::v3: business RPC V3 selected frame stream_id=0 frame_type=WindowUpdate payload_bytes=4
2026-09-26T01:46:50.146919Z DEBUG netbaiot_transports::business_rpc::v3: business RPC V3 writer completed frame stream_id=0 frame_type=WindowUpdate payload_bytes=4
2026-09-26T01:46:50.146928Z DEBUG netbaiot_transports::business_rpc::v3: business RPC V3 selected frame stream_id=0 frame_type=WindowUpdate payload_bytes=4
2026-09-26T01:46:50.146937Z DEBUG netbaiot_transports::business_rpc::v3: business RPC V3 writer completed frame stream_id=0 frame_type=WindowUpdate payload_bytes=4
2026-09-26T01:46:50.146967Z DEBUG netbaiot_transports::business_rpc::v3: business RPC V3 selected frame stream_id=0 frame_type=WindowUpdate payload_bytes=4
2026-09-26T01:46:50.146984Z DEBUG netbaiot_transports::business_rpc::v3: business RPC V3 writer completed frame stream_id=0 frame_type=WindowUpdate payload_bytes=4
2026-09-26T01:46:50.147263Z DEBUG netbaiot_transports::business_rpc::v3: business RPC V3 body entered scheduler stream_id=164 class=Rpc body_bytes=197
2026-09-26T01:46:50.147270Z DEBUG netbaiot_transports::business_rpc::v3: business RPC V3 selected frame stream_id=164 frame_type=Open payload_bytes=158
2026-09-26T01:46:50.147277Z DEBUG netbaiot_transports::business_rpc::v3: business RPC V3 writer completed frame stream_id=164 frame_type=Open payload_bytes=158
2026-09-26T01:46:50.147282Z DEBUG netbaiot_transports::business_rpc::v3: business RPC V3 selected frame stream_id=164 frame_type=Data payload_bytes=197
2026-09-26T01:46:50.147285Z DEBUG netbaiot_transports::business_rpc::v3: business RPC V3 writer completed frame stream_id=164 frame_type=Data payload_bytes=197
2026-09-26T01:46:50.147288Z DEBUG netbaiot_transports::business_rpc::v3: business RPC V3 body entered scheduler stream_id=166 class=Rpc body_bytes=197
2026-09-26T01:46:50.147290Z DEBUG netbaiot_transports::business_rpc::v3: business RPC V3 selected frame stream_id=166 frame_type=Open payload_bytes=158
2026-09-26T01:46:50.147309Z DEBUG netbaiot_transports::business_rpc::v3: business RPC V3 writer completed frame stream_id=166 frame_type=Open payload_bytes=158
2026-09-26T01:46:50.147313Z DEBUG netbaiot_transports::business_rpc::v3: business RPC V3 selected frame stream_id=166 frame_type=Data payload_bytes=197
2026-09-26T01:46:50.147317Z DEBUG netbaiot_transports::business_rpc::v3: business RPC V3 writer completed frame stream_id=166 frame_type=Data payload_bytes=197
2026-09-26T01:46:50.147325Z DEBUG netbaiot_transports::business_rpc::v3: business RPC V3 body entered scheduler stream_id=168 class=Rpc body_bytes=197
2026-09-26T01:46:50.147357Z DEBUG netbaiot_transports::business_rpc::v3: business RPC V3 selected frame stream_id=168 frame_type=Open payload_bytes=158
2026-09-26T01:46:50.147393Z DEBUG netbaiot_transports::business_rpc::v3: business RPC V3 writer completed frame stream_id=168 frame_type=Open payload_bytes=158
2026-09-26T01:46:50.147402Z DEBUG netbaiot_transports::business_rpc::v3: business RPC V3 selected frame stream_id=168 frame_type=Data payload_bytes=197
2026-09-26T01:46:50.147406Z DEBUG netbaiot_transports::business_rpc::v3: business RPC V3 writer completed frame stream_id=168 frame_type=Data payload_bytes=197
2026-09-26T01:46:50.153788Z DEBUG netbaiot_transports::business_rpc::v3: business RPC V3 body entered scheduler stream_id=170 class=Rpc body_bytes=197
2026-09-26T01:46:50.153818Z DEBUG netbaiot_transports::business_rpc::v3: business RPC V3 selected frame stream_id=170 frame_type=Open payload_bytes=158
2026-09-26T01:46:50.153855Z DEBUG netbaiot_transports::business_rpc::v3: business RPC V3 writer completed frame stream_id=170 frame_type=Open payload_bytes=158
2026-09-26T01:46:50.153860Z DEBUG netbaiot_transports::business_rpc::v3: business RPC V3 selected frame stream_id=170 frame_type=Data payload_bytes=197
2026-09-26T01:46:50.153864Z DEBUG netbaiot_transports::business_rpc::v3: business RPC V3 writer completed frame stream_id=170 frame_type=Data payload_bytes=197
2026-09-26T01:46:50.179745Z DEBUG netbaiot_transports::business_rpc::v3: business RPC V3 body entered scheduler stream_id=172 class=Event body_bytes=17365
2026-09-26T01:46:50.179762Z DEBUG netbaiot_transports::business_rpc::v3: business RPC V3 selected frame stream_id=172 frame_type=Open payload_bytes=184
2026-09-26T01:46:50.179771Z DEBUG netbaiot_transports::business_rpc::v3: business RPC V3 writer completed frame stream_id=172 frame_type=Open payload_bytes=184
2026-09-26T01:46:50.179775Z DEBUG netbaiot_transports::business_rpc::v3: business RPC V3 selected frame stream_id=172 frame_type=Data payload_bytes=8192
2026-09-26T01:46:50.179780Z DEBUG netbaiot_transports::business_rpc::v3: business RPC V3 writer completed frame stream_id=172 frame_type=Data payload_bytes=8192
2026-09-26T01:46:50.179798Z DEBUG netbaiot_transports::business_rpc::v3: business RPC V3 selected frame stream_id=172 frame_type=Data payload_bytes=8192
2026-09-26T01:46:50.179806Z DEBUG netbaiot_transports::business_rpc::v3: business RPC V3 writer completed frame stream_id=172 frame_type=Data payload_bytes=8192
2026-09-26T01:46:50.240635Z DEBUG netbaiot_transports::business_rpc::v3: business RPC V3 received frame stream_id=0 frame_type=WindowUpdate payload_bytes=4
2026-09-26T01:46:50.240673Z DEBUG netbaiot_transports::business_rpc::v3: business RPC V3 received frame stream_id=0 frame_type=WindowUpdate payload_bytes=4
2026-09-26T01:46:50.240684Z DEBUG netbaiot_transports::business_rpc::v3: business RPC V3 received frame stream_id=152 frame_type=Response payload_bytes=35
2026-09-26T01:46:50.240695Z DEBUG netbaiot_transports::business_rpc::v3: business RPC V3 received frame stream_id=0 frame_type=WindowUpdate payload_bytes=4
2026-09-26T01:46:50.240701Z DEBUG netbaiot_transports::business_rpc::v3: business RPC V3 received frame stream_id=152 frame_type=Data payload_bytes=215
2026-09-26T01:46:50.240729Z DEBUG netbaiot_transports::business_rpc::v3: business RPC V3 received frame stream_id=0 frame_type=WindowUpdate payload_bytes=4
2026-09-26T01:46:50.240738Z DEBUG netbaiot_transports::business_rpc::v3: business RPC V3 received frame stream_id=0 frame_type=WindowUpdate payload_bytes=4
2026-09-26T01:46:50.240766Z DEBUG netbaiot_transports::business_rpc::v3: business RPC V3 received frame stream_id=0 frame_type=WindowUpdate payload_bytes=4
2026-09-26T01:46:50.240773Z DEBUG netbaiot_transports::business_rpc::v3: business RPC V3 received frame stream_id=154 frame_type=Response payload_bytes=35
2026-09-26T01:46:50.240774Z DEBUG netbaiot_transports::business_rpc::v3: business RPC V3 selected frame stream_id=0 frame_type=WindowUpdate payload_bytes=4
2026-09-26T01:46:50.240807Z DEBUG netbaiot_transports::business_rpc::v3: business RPC V3 writer completed frame stream_id=0 frame_type=WindowUpdate payload_bytes=4
2026-09-26T01:46:50.240780Z DEBUG netbaiot_transports::business_rpc::v3: business RPC V3 received frame stream_id=154 frame_type=Data payload_bytes=215
2026-09-26T01:46:50.240844Z DEBUG netbaiot_transports::business_rpc::v3: business RPC V3 received frame stream_id=162 frame_type=Response payload_bytes=35
2026-09-26T01:46:50.240856Z DEBUG netbaiot_transports::business_rpc::v3: business RPC V3 received frame stream_id=158 frame_type=Response payload_bytes=35
2026-09-26T01:46:50.240864Z DEBUG netbaiot_transports::business_rpc::v3: business RPC V3 received frame stream_id=156 frame_type=Response payload_bytes=35
2026-09-26T01:46:50.240870Z DEBUG netbaiot_transports::business_rpc::v3: business RPC V3 received frame stream_id=160 frame_type=Response payload_bytes=35
2026-09-26T01:46:50.240879Z DEBUG netbaiot_transports::business_rpc::v3: business RPC V3 received frame stream_id=162 frame_type=Data payload_bytes=215
2026-09-26T01:46:50.240871Z DEBUG netbaiot_transports::business_rpc::v3: business RPC V3 selected frame stream_id=0 frame_type=WindowUpdate payload_bytes=4
2026-09-26T01:46:50.240894Z DEBUG netbaiot_transports::business_rpc::v3: business RPC V3 received frame stream_id=158 frame_type=Data payload_bytes=215
2026-09-26T01:46:50.240905Z DEBUG netbaiot_transports::business_rpc::v3: business RPC V3 writer completed frame stream_id=0 frame_type=WindowUpdate payload_bytes=4
2026-09-26T01:46:50.240916Z DEBUG netbaiot_transports::business_rpc::v3: business RPC V3 selected frame stream_id=0 frame_type=WindowUpdate payload_bytes=4
2026-09-26T01:46:50.240943Z DEBUG netbaiot_transports::business_rpc::v3: business RPC V3 writer completed frame stream_id=0 frame_type=WindowUpdate payload_bytes=4
2026-09-26T01:46:50.240960Z DEBUG netbaiot_transports::business_rpc::v3: business RPC V3 selected frame stream_id=0 frame_type=WindowUpdate payload_bytes=4
2026-09-26T01:46:50.240967Z DEBUG netbaiot_transports::business_rpc::v3: business RPC V3 writer completed frame stream_id=0 frame_type=WindowUpdate payload_bytes=4
2026-09-26T01:46:50.240907Z DEBUG netbaiot_transports::business_rpc::v3: business RPC V3 received frame stream_id=156 frame_type=Data payload_bytes=215
2026-09-26T01:46:50.241005Z DEBUG netbaiot_transports::business_rpc::v3: business RPC V3 received frame stream_id=160 frame_type=Data payload_bytes=215
2026-09-26T01:46:50.241011Z DEBUG netbaiot_transports::business_rpc::v3: business RPC V3 selected frame stream_id=0 frame_type=WindowUpdate payload_bytes=4
2026-09-26T01:46:50.241057Z DEBUG netbaiot_transports::business_rpc::v3: business RPC V3 writer completed frame stream_id=0 frame_type=WindowUpdate payload_bytes=4
2026-09-26T01:46:50.241065Z DEBUG netbaiot_transports::business_rpc::v3: business RPC V3 selected frame stream_id=0 frame_type=WindowUpdate payload_bytes=4
2026-09-26T01:46:50.241070Z DEBUG netbaiot_transports::business_rpc::v3: business RPC V3 writer completed frame stream_id=0 frame_type=WindowUpdate payload_bytes=4
2026-09-26T01:46:50.241524Z DEBUG netbaiot_transports::business_rpc::v3: business RPC V3 body entered scheduler stream_id=174 class=Rpc body_bytes=197
2026-09-26T01:46:50.241561Z DEBUG netbaiot_transports::business_rpc::v3: business RPC V3 body entered scheduler stream_id=176 class=Rpc body_bytes=197
2026-09-26T01:46:50.241575Z DEBUG netbaiot_transports::business_rpc::v3: business RPC V3 selected frame stream_id=174 frame_type=Open payload_bytes=158
2026-09-26T01:46:50.241593Z DEBUG netbaiot_transports::business_rpc::v3: business RPC V3 writer completed frame stream_id=174 frame_type=Open payload_bytes=158
2026-09-26T01:46:50.241600Z DEBUG netbaiot_transports::business_rpc::v3: business RPC V3 body entered scheduler stream_id=178 class=Rpc body_bytes=197
2026-09-26T01:46:50.241606Z DEBUG netbaiot_transports::business_rpc::v3: business RPC V3 body entered scheduler stream_id=180 class=Rpc body_bytes=197
2026-09-26T01:46:50.241612Z DEBUG netbaiot_transports::business_rpc::v3: business RPC V3 body entered scheduler stream_id=182 class=Rpc body_bytes=197
2026-09-26T01:46:50.241618Z DEBUG netbaiot_transports::business_rpc::v3: business RPC V3 body entered scheduler stream_id=184 class=Rpc body_bytes=197
2026-09-26T01:46:50.241624Z DEBUG netbaiot_transports::business_rpc::v3: business RPC V3 selected frame stream_id=176 frame_type=Open payload_bytes=158
2026-09-26T01:46:50.241639Z DEBUG netbaiot_transports::business_rpc::v3: business RPC V3 writer completed frame stream_id=176 frame_type=Open payload_bytes=158
2026-09-26T01:46:50.241649Z DEBUG netbaiot_transports::business_rpc::v3: business RPC V3 selected frame stream_id=178 frame_type=Open payload_bytes=158
2026-09-26T01:46:50.241658Z DEBUG netbaiot_transports::business_rpc::v3: business RPC V3 writer completed frame stream_id=178 frame_type=Open payload_bytes=158
2026-09-26T01:46:50.241662Z DEBUG netbaiot_transports::business_rpc::v3: business RPC V3 selected frame stream_id=174 frame_type=Data payload_bytes=197
2026-09-26T01:46:50.241665Z DEBUG netbaiot_transports::business_rpc::v3: business RPC V3 writer completed frame stream_id=174 frame_type=Data payload_bytes=197
2026-09-26T01:46:50.241668Z DEBUG netbaiot_transports::business_rpc::v3: business RPC V3 selected frame stream_id=180 frame_type=Open payload_bytes=158
2026-09-26T01:46:50.241672Z DEBUG netbaiot_transports::business_rpc::v3: business RPC V3 writer completed frame stream_id=180 frame_type=Open payload_bytes=158
2026-09-26T01:46:50.241674Z DEBUG netbaiot_transports::business_rpc::v3: business RPC V3 selected frame stream_id=182 frame_type=Open payload_bytes=158
2026-09-26T01:46:50.241677Z DEBUG netbaiot_transports::business_rpc::v3: business RPC V3 writer completed frame stream_id=182 frame_type=Open payload_bytes=158
2026-09-26T01:46:50.241679Z DEBUG netbaiot_transports::business_rpc::v3: business RPC V3 selected frame stream_id=184 frame_type=Open payload_bytes=158
2026-09-26T01:46:50.241686Z DEBUG netbaiot_transports::business_rpc::v3: business RPC V3 writer completed frame stream_id=184 frame_type=Open payload_bytes=158
2026-09-26T01:46:50.241688Z DEBUG netbaiot_transports::business_rpc::v3: business RPC V3 selected frame stream_id=176 frame_type=Data payload_bytes=197
2026-09-26T01:46:50.241692Z DEBUG netbaiot_transports::business_rpc::v3: business RPC V3 writer completed frame stream_id=176 frame_type=Data payload_bytes=197
2026-09-26T01:46:50.241694Z DEBUG netbaiot_transports::business_rpc::v3: business RPC V3 selected frame stream_id=178 frame_type=Data payload_bytes=197
2026-09-26T01:46:50.241698Z DEBUG netbaiot_transports::business_rpc::v3: business RPC V3 writer completed frame stream_id=178 frame_type=Data payload_bytes=197
2026-09-26T01:46:50.241700Z DEBUG netbaiot_transports::business_rpc::v3: business RPC V3 selected frame stream_id=180 frame_type=Data payload_bytes=197
2026-09-26T01:46:50.241703Z DEBUG netbaiot_transports::business_rpc::v3: business RPC V3 writer completed frame stream_id=180 frame_type=Data payload_bytes=197
2026-09-26T01:46:50.241705Z DEBUG netbaiot_transports::business_rpc::v3: business RPC V3 selected frame stream_id=182 frame_type=Data payload_bytes=197
2026-09-26T01:46:50.241708Z DEBUG netbaiot_transports::business_rpc::v3: business RPC V3 writer completed frame stream_id=182 frame_type=Data payload_bytes=197
2026-09-26T01:46:50.241710Z DEBUG netbaiot_transports::business_rpc::v3: business RPC V3 selected frame stream_id=184 frame_type=Data payload_bytes=197
2026-09-26T01:46:50.241713Z DEBUG netbaiot_transports::business_rpc::v3: business RPC V3 writer completed frame stream_id=184 frame_type=Data payload_bytes=197
2026-09-26T01:46:50.291279Z DEBUG netbaiot_transports::business_rpc::v3: business RPC V3 body entered scheduler stream_id=186 class=Rpc body_bytes=197
2026-09-26T01:46:50.291303Z DEBUG netbaiot_transports::business_rpc::v3: business RPC V3 selected frame stream_id=186 frame_type=Open payload_bytes=158
2026-09-26T01:46:50.291316Z DEBUG netbaiot_transports::business_rpc::v3: business RPC V3 writer completed frame stream_id=186 frame_type=Open payload_bytes=158
2026-09-26T01:46:50.291320Z DEBUG netbaiot_transports::business_rpc::v3: business RPC V3 selected frame stream_id=186 frame_type=Data payload_bytes=197
2026-09-26T01:46:50.291324Z DEBUG netbaiot_transports::business_rpc::v3: business RPC V3 writer completed frame stream_id=186 frame_type=Data payload_bytes=197
2026-09-26T01:46:50.326685Z DEBUG netbaiot_transports::business_rpc::v3: business RPC V3 received frame stream_id=0 frame_type=WindowUpdate payload_bytes=4
2026-09-26T01:46:50.326727Z DEBUG netbaiot_transports::business_rpc::v3: business RPC V3 received frame stream_id=0 frame_type=WindowUpdate payload_bytes=4
2026-09-26T01:46:50.326737Z DEBUG netbaiot_transports::business_rpc::v3: business RPC V3 received frame stream_id=0 frame_type=WindowUpdate payload_bytes=4
2026-09-26T01:46:50.326744Z DEBUG netbaiot_transports::business_rpc::v3: business RPC V3 received frame stream_id=0 frame_type=WindowUpdate payload_bytes=4
2026-09-26T01:46:50.326750Z DEBUG netbaiot_transports::business_rpc::v3: business RPC V3 received frame stream_id=0 frame_type=WindowUpdate payload_bytes=4
2026-09-26T01:46:50.326756Z DEBUG netbaiot_transports::business_rpc::v3: business RPC V3 received frame stream_id=172 frame_type=WindowUpdate payload_bytes=4
2026-09-26T01:46:50.326762Z DEBUG netbaiot_transports::business_rpc::v3: business RPC V3 received frame stream_id=170 frame_type=Response payload_bytes=35
2026-09-26T01:46:50.326774Z DEBUG netbaiot_transports::business_rpc::v3: business RPC V3 received frame stream_id=166 frame_type=Response payload_bytes=35
2026-09-26T01:46:50.326781Z DEBUG netbaiot_transports::business_rpc::v3: business RPC V3 received frame stream_id=164 frame_type=Response payload_bytes=35
2026-09-26T01:46:50.326788Z DEBUG netbaiot_transports::business_rpc::v3: business RPC V3 received frame stream_id=170 frame_type=Data payload_bytes=215
2026-09-26T01:46:50.326840Z DEBUG netbaiot_transports::business_rpc::v3: business RPC V3 received frame stream_id=168 frame_type=Response payload_bytes=35
2026-09-26T01:46:50.326855Z DEBUG netbaiot_transports::business_rpc::v3: business RPC V3 received frame stream_id=166 frame_type=Data payload_bytes=215
2026-09-26T01:46:50.326891Z DEBUG netbaiot_transports::business_rpc::v3: business RPC V3 received frame stream_id=164 frame_type=Data payload_bytes=215
2026-09-26T01:46:50.326902Z DEBUG netbaiot_transports::business_rpc::v3: business RPC V3 selected frame stream_id=0 frame_type=WindowUpdate payload_bytes=4
2026-09-26T01:46:50.326931Z DEBUG netbaiot_transports::business_rpc::v3: business RPC V3 received frame stream_id=168 frame_type=Data payload_bytes=215
2026-09-26T01:46:50.326979Z DEBUG netbaiot_transports::business_rpc::v3: business RPC V3 writer completed frame stream_id=0 frame_type=WindowUpdate payload_bytes=4
2026-09-26T01:46:50.326991Z DEBUG netbaiot_transports::business_rpc::v3: business RPC V3 selected frame stream_id=0 frame_type=WindowUpdate payload_bytes=4
2026-09-26T01:46:50.327002Z DEBUG netbaiot_transports::business_rpc::v3: business RPC V3 writer completed frame stream_id=0 frame_type=WindowUpdate payload_bytes=4
2026-09-26T01:46:50.327009Z DEBUG netbaiot_transports::business_rpc::v3: business RPC V3 selected frame stream_id=0 frame_type=WindowUpdate payload_bytes=4
2026-09-26T01:46:50.327018Z DEBUG netbaiot_transports::business_rpc::v3: business RPC V3 writer completed frame stream_id=0 frame_type=WindowUpdate payload_bytes=4
2026-09-26T01:46:50.327024Z DEBUG netbaiot_transports::business_rpc::v3: business RPC V3 selected frame stream_id=0 frame_type=WindowUpdate payload_bytes=4
2026-09-26T01:46:50.327040Z DEBUG netbaiot_transports::business_rpc::v3: business RPC V3 writer completed frame stream_id=0 frame_type=WindowUpdate payload_bytes=4
2026-09-26T01:46:50.327049Z DEBUG netbaiot_transports::business_rpc::v3: business RPC V3 selected frame stream_id=172 frame_type=Data payload_bytes=981
2026-09-26T01:46:50.327063Z DEBUG netbaiot_transports::business_rpc::v3: business RPC V3 writer completed frame stream_id=172 frame_type=Data payload_bytes=981
2026-09-26T01:46:50.360940Z DEBUG netbaiot_transports::business_rpc::v3: business RPC V3 received frame stream_id=0 frame_type=WindowUpdate payload_bytes=4
2026-09-26T01:46:50.361004Z DEBUG netbaiot_transports::business_rpc::v3: business RPC V3 received frame stream_id=172 frame_type=WindowUpdate payload_bytes=4
2026-09-26T01:46:50.361013Z DEBUG netbaiot_transports::business_rpc::v3: business RPC V3 received frame stream_id=0 frame_type=WindowUpdate payload_bytes=4
2026-09-26T01:46:50.361017Z DEBUG netbaiot_transports::business_rpc::v3: business RPC V3 received frame stream_id=0 frame_type=WindowUpdate payload_bytes=4
2026-09-26T01:46:50.361034Z DEBUG netbaiot_transports::business_rpc::v3: business RPC V3 received frame stream_id=0 frame_type=WindowUpdate payload_bytes=4
2026-09-26T01:46:50.361038Z DEBUG netbaiot_transports::business_rpc::v3: business RPC V3 received frame stream_id=0 frame_type=WindowUpdate payload_bytes=4
2026-09-26T01:46:50.361040Z DEBUG netbaiot_transports::business_rpc::v3: business RPC V3 received frame stream_id=0 frame_type=WindowUpdate payload_bytes=4
2026-09-26T01:46:50.361042Z DEBUG netbaiot_transports::business_rpc::v3: business RPC V3 received frame stream_id=0 frame_type=WindowUpdate payload_bytes=4
2026-09-26T01:46:50.361045Z DEBUG netbaiot_transports::business_rpc::v3: business RPC V3 received frame stream_id=184 frame_type=Response payload_bytes=35
2026-09-26T01:46:50.361050Z DEBUG netbaiot_transports::business_rpc::v3: business RPC V3 received frame stream_id=184 frame_type=Data payload_bytes=215
2026-09-26T01:46:50.361108Z DEBUG netbaiot_transports::business_rpc::v3: business RPC V3 received frame stream_id=176 frame_type=Response payload_bytes=35
2026-09-26T01:46:50.361118Z DEBUG netbaiot_transports::business_rpc::v3: business RPC V3 received frame stream_id=178 frame_type=Response payload_bytes=35
2026-09-26T01:46:50.361122Z DEBUG netbaiot_transports::business_rpc::v3: business RPC V3 received frame stream_id=180 frame_type=Response payload_bytes=35
2026-09-26T01:46:50.361125Z DEBUG netbaiot_transports::business_rpc::v3: business RPC V3 received frame stream_id=174 frame_type=Response payload_bytes=35
2026-09-26T01:46:50.361128Z DEBUG netbaiot_transports::business_rpc::v3: business RPC V3 received frame stream_id=176 frame_type=Data payload_bytes=215
2026-09-26T01:46:50.361143Z DEBUG netbaiot_transports::business_rpc::v3: business RPC V3 selected frame stream_id=0 frame_type=WindowUpdate payload_bytes=4
2026-09-26T01:46:50.361135Z DEBUG netbaiot_transports::business_rpc::v3: business RPC V3 received frame stream_id=182 frame_type=Response payload_bytes=35
2026-09-26T01:46:50.361187Z DEBUG netbaiot_transports::business_rpc::v3: business RPC V3 received frame stream_id=178 frame_type=Data payload_bytes=215
2026-09-26T01:46:50.361212Z DEBUG netbaiot_transports::business_rpc::v3: business RPC V3 received frame stream_id=180 frame_type=Data payload_bytes=215
2026-09-26T01:46:50.361226Z DEBUG netbaiot_transports::business_rpc::v3: business RPC V3 received frame stream_id=174 frame_type=Data payload_bytes=215
2026-09-26T01:46:50.361239Z DEBUG netbaiot_transports::business_rpc::v3: business RPC V3 received frame stream_id=182 frame_type=Data payload_bytes=215
2026-09-26T01:46:50.361189Z DEBUG netbaiot_transports::business_rpc::v3: business RPC V3 writer completed frame stream_id=0 frame_type=WindowUpdate payload_bytes=4
2026-09-26T01:46:50.361317Z DEBUG netbaiot_transports::business_rpc::v3: business RPC V3 selected frame stream_id=0 frame_type=WindowUpdate payload_bytes=4
2026-09-26T01:46:50.361332Z DEBUG netbaiot_transports::business_rpc::v3: business RPC V3 writer completed frame stream_id=0 frame_type=WindowUpdate payload_bytes=4
2026-09-26T01:46:50.361339Z DEBUG netbaiot_transports::business_rpc::v3: business RPC V3 selected frame stream_id=0 frame_type=WindowUpdate payload_bytes=4
2026-09-26T01:46:50.361350Z DEBUG netbaiot_transports::business_rpc::v3: business RPC V3 writer completed frame stream_id=0 frame_type=WindowUpdate payload_bytes=4
2026-09-26T01:46:50.361357Z DEBUG netbaiot_transports::business_rpc::v3: business RPC V3 selected frame stream_id=0 frame_type=WindowUpdate payload_bytes=4
2026-09-26T01:46:50.361368Z DEBUG netbaiot_transports::business_rpc::v3: business RPC V3 writer completed frame stream_id=0 frame_type=WindowUpdate payload_bytes=4
2026-09-26T01:46:50.361375Z DEBUG netbaiot_transports::business_rpc::v3: business RPC V3 selected frame stream_id=0 frame_type=WindowUpdate payload_bytes=4
2026-09-26T01:46:50.361383Z DEBUG netbaiot_transports::business_rpc::v3: business RPC V3 writer completed frame stream_id=0 frame_type=WindowUpdate payload_bytes=4
2026-09-26T01:46:50.361389Z DEBUG netbaiot_transports::business_rpc::v3: business RPC V3 selected frame stream_id=0 frame_type=WindowUpdate payload_bytes=4
2026-09-26T01:46:50.361397Z DEBUG netbaiot_transports::business_rpc::v3: business RPC V3 writer completed frame stream_id=0 frame_type=WindowUpdate payload_bytes=4
2026-09-26T01:46:50.389197Z DEBUG netbaiot_transports::business_rpc::v3: business RPC V3 received frame stream_id=0 frame_type=WindowUpdate payload_bytes=4
2026-09-26T01:46:50.389237Z DEBUG netbaiot_transports::business_rpc::v3: business RPC V3 received frame stream_id=186 frame_type=Response payload_bytes=35
2026-09-26T01:46:50.389245Z DEBUG netbaiot_transports::business_rpc::v3: business RPC V3 received frame stream_id=186 frame_type=Data payload_bytes=215
2026-09-26T01:46:50.389359Z DEBUG netbaiot_transports::business_rpc::v3: business RPC V3 selected frame stream_id=0 frame_type=WindowUpdate payload_bytes=4
2026-09-26T01:46:50.389370Z DEBUG netbaiot_transports::business_rpc::v3: business RPC V3 writer completed frame stream_id=0 frame_type=WindowUpdate payload_bytes=4
2026-09-26T01:46:50.417526Z DEBUG netbaiot_transports::business_rpc::v3: business RPC V3 received frame stream_id=0 frame_type=WindowUpdate payload_bytes=4
2026-09-26T01:46:50.417578Z DEBUG netbaiot_transports::business_rpc::v3: business RPC V3 received frame stream_id=172 frame_type=Response payload_bytes=35
2026-09-26T01:46:50.417595Z DEBUG netbaiot_transports::business_rpc::v3: business RPC V3 received frame stream_id=172 frame_type=Data payload_bytes=118
2026-09-26T01:46:50.417609Z DEBUG netbaiot_transports::business_rpc::v3: business RPC V3 Event delivery acknowledged stream_id=172 completion_us=237870
2026-09-26T01:46:50.417637Z DEBUG netbaiot_transports::business_rpc::v3: business RPC V3 selected frame stream_id=0 frame_type=WindowUpdate payload_bytes=4
2026-09-26T01:46:50.417678Z DEBUG netbaiot_transports::business_rpc::v3: business RPC V3 writer completed frame stream_id=0 frame_type=WindowUpdate payload_bytes=4
2026-09-26T01:46:50.483314Z DEBUG netbaiot_transports::business_rpc::v3: business RPC V3 received frame stream_id=0 frame_type=Ping payload_bytes=8
2026-09-26T01:46:50.483364Z DEBUG netbaiot_transports::business_rpc::v3: business RPC V3 selected frame stream_id=0 frame_type=Pong payload_bytes=8
2026-09-26T01:46:50.483395Z DEBUG netbaiot_transports::business_rpc::v3: business RPC V3 writer completed frame stream_id=0 frame_type=Pong payload_bytes=8
2026-09-26T01:46:50.680873Z DEBUG netbaiot_transports::business_rpc::v3: business RPC V3 body entered scheduler stream_id=188 class=Event body_bytes=17365
2026-09-26T01:46:50.680919Z DEBUG netbaiot_transports::business_rpc::v3: business RPC V3 selected frame stream_id=188 frame_type=Open payload_bytes=184
2026-09-26T01:46:50.680975Z DEBUG netbaiot_transports::business_rpc::v3: business RPC V3 writer completed frame stream_id=188 frame_type=Open payload_bytes=184
2026-09-26T01:46:50.680995Z DEBUG netbaiot_transports::business_rpc::v3: business RPC V3 selected frame stream_id=188 frame_type=Data payload_bytes=8192
2026-09-26T01:46:50.681037Z DEBUG netbaiot_transports::business_rpc::v3: business RPC V3 writer completed frame stream_id=188 frame_type=Data payload_bytes=8192
2026-09-26T01:46:50.681042Z DEBUG netbaiot_transports::business_rpc::v3: business RPC V3 selected frame stream_id=188 frame_type=Data payload_bytes=8192
2026-09-26T01:46:50.681055Z DEBUG netbaiot_transports::business_rpc::v3: business RPC V3 writer completed frame stream_id=188 frame_type=Data payload_bytes=8192
2026-09-26T01:46:50.858517Z DEBUG netbaiot_transports::business_rpc::v3: business RPC V3 received frame stream_id=0 frame_type=WindowUpdate payload_bytes=4
2026-09-26T01:46:50.858567Z DEBUG netbaiot_transports::business_rpc::v3: business RPC V3 received frame stream_id=188 frame_type=WindowUpdate payload_bytes=4
2026-09-26T01:46:50.858592Z DEBUG netbaiot_transports::business_rpc::v3: business RPC V3 selected frame stream_id=188 frame_type=Data payload_bytes=981
2026-09-26T01:46:50.858609Z DEBUG netbaiot_transports::business_rpc::v3: business RPC V3 writer completed frame stream_id=188 frame_type=Data payload_bytes=981
2026-09-26T01:46:50.885745Z DEBUG netbaiot_transports::business_rpc::v3: business RPC V3 received frame stream_id=0 frame_type=WindowUpdate payload_bytes=4
2026-09-26T01:46:50.885792Z DEBUG netbaiot_transports::business_rpc::v3: business RPC V3 received frame stream_id=188 frame_type=WindowUpdate payload_bytes=4
2026-09-26T01:46:50.962946Z DEBUG netbaiot_transports::business_rpc::v3: business RPC V3 body entered scheduler stream_id=190 class=Rpc body_bytes=197
2026-09-26T01:46:50.962971Z DEBUG netbaiot_transports::business_rpc::v3: business RPC V3 selected frame stream_id=190 frame_type=Open payload_bytes=158
2026-09-26T01:46:50.962982Z DEBUG netbaiot_transports::business_rpc::v3: business RPC V3 writer completed frame stream_id=190 frame_type=Open payload_bytes=158
2026-09-26T01:46:50.962987Z DEBUG netbaiot_transports::business_rpc::v3: business RPC V3 selected frame stream_id=190 frame_type=Data payload_bytes=197
2026-09-26T01:46:50.962991Z DEBUG netbaiot_transports::business_rpc::v3: business RPC V3 writer completed frame stream_id=190 frame_type=Data payload_bytes=197
2026-09-26T01:46:50.963021Z DEBUG netbaiot_transports::business_rpc::v3: business RPC V3 body entered scheduler stream_id=192 class=Rpc body_bytes=197
2026-09-26T01:46:50.963026Z DEBUG netbaiot_transports::business_rpc::v3: business RPC V3 selected frame stream_id=192 frame_type=Open payload_bytes=158
2026-09-26T01:46:50.963030Z DEBUG netbaiot_transports::business_rpc::v3: business RPC V3 writer completed frame stream_id=192 frame_type=Open payload_bytes=158
2026-09-26T01:46:50.963032Z DEBUG netbaiot_transports::business_rpc::v3: business RPC V3 selected frame stream_id=192 frame_type=Data payload_bytes=197
2026-09-26T01:46:50.963035Z DEBUG netbaiot_transports::business_rpc::v3: business RPC V3 writer completed frame stream_id=192 frame_type=Data payload_bytes=197
2026-09-26T01:46:50.972052Z DEBUG netbaiot_transports::business_rpc::v3: business RPC V3 received frame stream_id=0 frame_type=WindowUpdate payload_bytes=4
2026-09-26T01:46:50.972071Z DEBUG netbaiot_transports::business_rpc::v3: business RPC V3 received frame stream_id=188 frame_type=Response payload_bytes=35
2026-09-26T01:46:50.972079Z DEBUG netbaiot_transports::business_rpc::v3: business RPC V3 received frame stream_id=188 frame_type=Data payload_bytes=118
2026-09-26T01:46:50.972086Z DEBUG netbaiot_transports::business_rpc::v3: business RPC V3 Event delivery acknowledged stream_id=188 completion_us=291222
2026-09-26T01:46:50.972108Z DEBUG netbaiot_transports::business_rpc::v3: business RPC V3 selected frame stream_id=0 frame_type=WindowUpdate payload_bytes=4
2026-09-26T01:46:50.972125Z DEBUG netbaiot_transports::business_rpc::v3: business RPC V3 writer completed frame stream_id=0 frame_type=WindowUpdate payload_bytes=4
2026-09-26T01:46:51.071691Z DEBUG netbaiot_transports::business_rpc::v3: business RPC V3 body entered scheduler stream_id=194 class=Rpc body_bytes=197
2026-09-26T01:46:51.071716Z DEBUG netbaiot_transports::business_rpc::v3: business RPC V3 selected frame stream_id=194 frame_type=Open payload_bytes=158
2026-09-26T01:46:51.071727Z DEBUG netbaiot_transports::business_rpc::v3: business RPC V3 writer completed frame stream_id=194 frame_type=Open payload_bytes=158
2026-09-26T01:46:51.071732Z DEBUG netbaiot_transports::business_rpc::v3: business RPC V3 selected frame stream_id=194 frame_type=Data payload_bytes=197
2026-09-26T01:46:51.071736Z DEBUG netbaiot_transports::business_rpc::v3: business RPC V3 writer completed frame stream_id=194 frame_type=Data payload_bytes=197
2026-09-26T01:46:51.074248Z DEBUG netbaiot_transports::business_rpc::v3: business RPC V3 received frame stream_id=0 frame_type=WindowUpdate payload_bytes=4
2026-09-26T01:46:51.074262Z DEBUG netbaiot_transports::business_rpc::v3: business RPC V3 received frame stream_id=0 frame_type=WindowUpdate payload_bytes=4
2026-09-26T01:46:51.074265Z DEBUG netbaiot_transports::business_rpc::v3: business RPC V3 received frame stream_id=192 frame_type=Response payload_bytes=35
2026-09-26T01:46:51.074271Z DEBUG netbaiot_transports::business_rpc::v3: business RPC V3 received frame stream_id=192 frame_type=Data payload_bytes=215
2026-09-26T01:46:51.074289Z DEBUG netbaiot_transports::business_rpc::v3: business RPC V3 received frame stream_id=190 frame_type=Response payload_bytes=35
2026-09-26T01:46:51.074293Z DEBUG netbaiot_transports::business_rpc::v3: business RPC V3 received frame stream_id=190 frame_type=Data payload_bytes=215
2026-09-26T01:46:51.074304Z DEBUG netbaiot_transports::business_rpc::v3: business RPC V3 selected frame stream_id=0 frame_type=WindowUpdate payload_bytes=4
2026-09-26T01:46:51.074346Z DEBUG netbaiot_transports::business_rpc::v3: business RPC V3 writer completed frame stream_id=0 frame_type=WindowUpdate payload_bytes=4
2026-09-26T01:46:51.074361Z DEBUG netbaiot_transports::business_rpc::v3: business RPC V3 selected frame stream_id=0 frame_type=WindowUpdate payload_bytes=4
2026-09-26T01:46:51.074378Z DEBUG netbaiot_transports::business_rpc::v3: business RPC V3 writer completed frame stream_id=0 frame_type=WindowUpdate payload_bytes=4
2026-09-26T01:46:51.074646Z DEBUG netbaiot_transports::business_rpc::v3: business RPC V3 body entered scheduler stream_id=196 class=Rpc body_bytes=198
2026-09-26T01:46:51.074650Z DEBUG netbaiot_transports::business_rpc::v3: business RPC V3 selected frame stream_id=196 frame_type=Open payload_bytes=158
2026-09-26T01:46:51.074656Z DEBUG netbaiot_transports::business_rpc::v3: business RPC V3 writer completed frame stream_id=196 frame_type=Open payload_bytes=158
2026-09-26T01:46:51.074659Z DEBUG netbaiot_transports::business_rpc::v3: business RPC V3 selected frame stream_id=196 frame_type=Data payload_bytes=198
2026-09-26T01:46:51.074663Z DEBUG netbaiot_transports::business_rpc::v3: business RPC V3 writer completed frame stream_id=196 frame_type=Data payload_bytes=198
2026-09-26T01:46:51.074687Z DEBUG netbaiot_transports::business_rpc::v3: business RPC V3 body entered scheduler stream_id=198 class=Rpc body_bytes=198
2026-09-26T01:46:51.074690Z DEBUG netbaiot_transports::business_rpc::v3: business RPC V3 selected frame stream_id=198 frame_type=Open payload_bytes=158
2026-09-26T01:46:51.074694Z DEBUG netbaiot_transports::business_rpc::v3: business RPC V3 writer completed frame stream_id=198 frame_type=Open payload_bytes=158
2026-09-26T01:46:51.074696Z DEBUG netbaiot_transports::business_rpc::v3: business RPC V3 selected frame stream_id=198 frame_type=Data payload_bytes=198
2026-09-26T01:46:51.074699Z DEBUG netbaiot_transports::business_rpc::v3: business RPC V3 writer completed frame stream_id=198 frame_type=Data payload_bytes=198
2026-09-26T01:46:51.119478Z DEBUG netbaiot_transports::business_rpc::v3: business RPC V3 body entered scheduler stream_id=200 class=Rpc body_bytes=197
2026-09-26T01:46:51.119517Z DEBUG netbaiot_transports::business_rpc::v3: business RPC V3 selected frame stream_id=200 frame_type=Open payload_bytes=158
2026-09-26T01:46:51.119541Z DEBUG netbaiot_transports::business_rpc::v3: business RPC V3 writer completed frame stream_id=200 frame_type=Open payload_bytes=158
2026-09-26T01:46:51.119553Z DEBUG netbaiot_transports::business_rpc::v3: business RPC V3 selected frame stream_id=200 frame_type=Data payload_bytes=197
2026-09-26T01:46:51.119561Z DEBUG netbaiot_transports::business_rpc::v3: business RPC V3 writer completed frame stream_id=200 frame_type=Data payload_bytes=197
2026-09-26T01:46:51.142074Z DEBUG netbaiot_transports::business_rpc::v3: business RPC V3 body entered scheduler stream_id=202 class=Rpc body_bytes=197
2026-09-26T01:46:51.142108Z DEBUG netbaiot_transports::business_rpc::v3: business RPC V3 selected frame stream_id=202 frame_type=Open payload_bytes=158
2026-09-26T01:46:51.142130Z DEBUG netbaiot_transports::business_rpc::v3: business RPC V3 writer completed frame stream_id=202 frame_type=Open payload_bytes=158
2026-09-26T01:46:51.142141Z DEBUG netbaiot_transports::business_rpc::v3: business RPC V3 selected frame stream_id=202 frame_type=Data payload_bytes=197
2026-09-26T01:46:51.142150Z DEBUG netbaiot_transports::business_rpc::v3: business RPC V3 writer completed frame stream_id=202 frame_type=Data payload_bytes=197
2026-09-26T01:46:51.174117Z DEBUG netbaiot_transports::business_rpc::v3: business RPC V3 body entered scheduler stream_id=204 class=Rpc body_bytes=198
2026-09-26T01:46:51.174156Z DEBUG netbaiot_transports::business_rpc::v3: business RPC V3 selected frame stream_id=204 frame_type=Open payload_bytes=158
2026-09-26T01:46:51.174188Z DEBUG netbaiot_transports::business_rpc::v3: business RPC V3 writer completed frame stream_id=204 frame_type=Open payload_bytes=158
2026-09-26T01:46:51.174200Z DEBUG netbaiot_transports::business_rpc::v3: business RPC V3 selected frame stream_id=204 frame_type=Data payload_bytes=198
2026-09-26T01:46:51.174210Z DEBUG netbaiot_transports::business_rpc::v3: business RPC V3 writer completed frame stream_id=204 frame_type=Data payload_bytes=198
2026-09-26T01:46:51.179566Z DEBUG netbaiot_transports::business_rpc::v3: business RPC V3 body entered scheduler stream_id=206 class=Event body_bytes=17365
2026-09-26T01:46:51.179604Z DEBUG netbaiot_transports::business_rpc::v3: business RPC V3 selected frame stream_id=206 frame_type=Open payload_bytes=184
2026-09-26T01:46:51.179625Z DEBUG netbaiot_transports::business_rpc::v3: business RPC V3 writer completed frame stream_id=206 frame_type=Open payload_bytes=184
2026-09-26T01:46:51.179635Z DEBUG netbaiot_transports::business_rpc::v3: business RPC V3 selected frame stream_id=206 frame_type=Data payload_bytes=8192
2026-09-26T01:46:51.179646Z DEBUG netbaiot_transports::business_rpc::v3: business RPC V3 writer completed frame stream_id=206 frame_type=Data payload_bytes=8192
2026-09-26T01:46:51.179653Z DEBUG netbaiot_transports::business_rpc::v3: business RPC V3 selected frame stream_id=206 frame_type=Data payload_bytes=8192
2026-09-26T01:46:51.179668Z DEBUG netbaiot_transports::business_rpc::v3: business RPC V3 writer completed frame stream_id=206 frame_type=Data payload_bytes=8192
2026-09-26T01:46:51.181051Z DEBUG netbaiot_transports::business_rpc::v3: business RPC V3 body entered scheduler stream_id=208 class=Rpc body_bytes=197
2026-09-26T01:46:51.181081Z DEBUG netbaiot_transports::business_rpc::v3: business RPC V3 selected frame stream_id=208 frame_type=Open payload_bytes=158
2026-09-26T01:46:51.181101Z DEBUG netbaiot_transports::business_rpc::v3: business RPC V3 writer completed frame stream_id=208 frame_type=Open payload_bytes=158
2026-09-26T01:46:51.181111Z DEBUG netbaiot_transports::business_rpc::v3: business RPC V3 selected frame stream_id=208 frame_type=Data payload_bytes=197
2026-09-26T01:46:51.181119Z DEBUG netbaiot_transports::business_rpc::v3: business RPC V3 writer completed frame stream_id=208 frame_type=Data payload_bytes=197
2026-09-26T01:46:51.186409Z DEBUG netbaiot_transports::business_rpc::v3: business RPC V3 received frame stream_id=0 frame_type=WindowUpdate payload_bytes=4
2026-09-26T01:46:51.186435Z DEBUG netbaiot_transports::business_rpc::v3: business RPC V3 received frame stream_id=0 frame_type=WindowUpdate payload_bytes=4
2026-09-26T01:46:51.186443Z DEBUG netbaiot_transports::business_rpc::v3: business RPC V3 received frame stream_id=0 frame_type=WindowUpdate payload_bytes=4
2026-09-26T01:46:51.186450Z DEBUG netbaiot_transports::business_rpc::v3: business RPC V3 received frame stream_id=198 frame_type=Response payload_bytes=35
2026-09-26T01:46:51.186461Z DEBUG netbaiot_transports::business_rpc::v3: business RPC V3 received frame stream_id=198 frame_type=Data payload_bytes=216
2026-09-26T01:46:51.186489Z DEBUG netbaiot_transports::business_rpc::v3: business RPC V3 received frame stream_id=194 frame_type=Response payload_bytes=35
2026-09-26T01:46:51.186498Z DEBUG netbaiot_transports::business_rpc::v3: business RPC V3 received frame stream_id=194 frame_type=Data payload_bytes=215
2026-09-26T01:46:51.186502Z DEBUG netbaiot_transports::business_rpc::v3: business RPC V3 selected frame stream_id=0 frame_type=WindowUpdate payload_bytes=4
2026-09-26T01:46:51.186538Z DEBUG netbaiot_transports::business_rpc::v3: business RPC V3 writer completed frame stream_id=0 frame_type=WindowUpdate payload_bytes=4
2026-09-26T01:46:51.186548Z DEBUG netbaiot_transports::business_rpc::v3: business RPC V3 selected frame stream_id=0 frame_type=WindowUpdate payload_bytes=4
2026-09-26T01:46:51.186563Z DEBUG netbaiot_transports::business_rpc::v3: business RPC V3 writer completed frame stream_id=0 frame_type=WindowUpdate payload_bytes=4
2026-09-26T01:46:51.186510Z DEBUG netbaiot_transports::business_rpc::v3: business RPC V3 received frame stream_id=196 frame_type=Response payload_bytes=35
2026-09-26T01:46:51.186591Z DEBUG netbaiot_transports::business_rpc::v3: business RPC V3 received frame stream_id=196 frame_type=Data payload_bytes=216
2026-09-26T01:46:51.186666Z DEBUG netbaiot_transports::business_rpc::v3: business RPC V3 selected frame stream_id=0 frame_type=WindowUpdate payload_bytes=4
2026-09-26T01:46:51.186683Z DEBUG netbaiot_transports::business_rpc::v3: business RPC V3 writer completed frame stream_id=0 frame_type=WindowUpdate payload_bytes=4
2026-09-26T01:46:51.187064Z DEBUG netbaiot_transports::business_rpc::v3: business RPC V3 body entered scheduler stream_id=210 class=Rpc body_bytes=198
2026-09-26T01:46:51.187094Z DEBUG netbaiot_transports::business_rpc::v3: business RPC V3 body entered scheduler stream_id=212 class=Rpc body_bytes=198
2026-09-26T01:46:51.187102Z DEBUG netbaiot_transports::business_rpc::v3: business RPC V3 body entered scheduler stream_id=214 class=Rpc body_bytes=198
2026-09-26T01:46:51.187108Z DEBUG netbaiot_transports::business_rpc::v3: business RPC V3 selected frame stream_id=210 frame_type=Open payload_bytes=158
2026-09-26T01:46:51.187125Z DEBUG netbaiot_transports::business_rpc::v3: business RPC V3 writer completed frame stream_id=210 frame_type=Open payload_bytes=158
2026-09-26T01:46:51.187135Z DEBUG netbaiot_transports::business_rpc::v3: business RPC V3 selected frame stream_id=210 frame_type=Data payload_bytes=198
2026-09-26T01:46:51.187145Z DEBUG netbaiot_transports::business_rpc::v3: business RPC V3 writer completed frame stream_id=210 frame_type=Data payload_bytes=198
2026-09-26T01:46:51.187152Z DEBUG netbaiot_transports::business_rpc::v3: business RPC V3 selected frame stream_id=212 frame_type=Open payload_bytes=158
2026-09-26T01:46:51.187160Z DEBUG netbaiot_transports::business_rpc::v3: business RPC V3 writer completed frame stream_id=212 frame_type=Open payload_bytes=158
2026-09-26T01:46:51.187166Z DEBUG netbaiot_transports::business_rpc::v3: business RPC V3 selected frame stream_id=214 frame_type=Open payload_bytes=158
2026-09-26T01:46:51.187180Z DEBUG netbaiot_transports::business_rpc::v3: business RPC V3 writer completed frame stream_id=214 frame_type=Open payload_bytes=158
2026-09-26T01:46:51.187186Z DEBUG netbaiot_transports::business_rpc::v3: business RPC V3 selected frame stream_id=212 frame_type=Data payload_bytes=198
2026-09-26T01:46:51.187194Z DEBUG netbaiot_transports::business_rpc::v3: business RPC V3 writer completed frame stream_id=212 frame_type=Data payload_bytes=198
2026-09-26T01:46:51.187201Z DEBUG netbaiot_transports::business_rpc::v3: business RPC V3 selected frame stream_id=214 frame_type=Data payload_bytes=198
2026-09-26T01:46:51.187209Z DEBUG netbaiot_transports::business_rpc::v3: business RPC V3 writer completed frame stream_id=214 frame_type=Data payload_bytes=198
2026-09-26T01:46:51.215137Z DEBUG netbaiot_transports::business_rpc::v3: business RPC V3 received frame stream_id=0 frame_type=WindowUpdate payload_bytes=4
2026-09-26T01:46:51.215156Z DEBUG netbaiot_transports::business_rpc::v3: business RPC V3 received frame stream_id=200 frame_type=Response payload_bytes=35
2026-09-26T01:46:51.215165Z DEBUG netbaiot_transports::business_rpc::v3: business RPC V3 received frame stream_id=200 frame_type=Data payload_bytes=215
2026-09-26T01:46:51.215225Z DEBUG netbaiot_transports::business_rpc::v3: business RPC V3 selected frame stream_id=0 frame_type=WindowUpdate payload_bytes=4
2026-09-26T01:46:51.215235Z DEBUG netbaiot_transports::business_rpc::v3: business RPC V3 writer completed frame stream_id=0 frame_type=WindowUpdate payload_bytes=4
2026-09-26T01:46:51.215556Z DEBUG netbaiot_transports::business_rpc::v3: business RPC V3 body entered scheduler stream_id=216 class=Rpc body_bytes=198
2026-09-26T01:46:51.215564Z DEBUG netbaiot_transports::business_rpc::v3: business RPC V3 selected frame stream_id=216 frame_type=Open payload_bytes=158
2026-09-26T01:46:51.215571Z DEBUG netbaiot_transports::business_rpc::v3: business RPC V3 writer completed frame stream_id=216 frame_type=Open payload_bytes=158
2026-09-26T01:46:51.215575Z DEBUG netbaiot_transports::business_rpc::v3: business RPC V3 selected frame stream_id=216 frame_type=Data payload_bytes=198
2026-09-26T01:46:51.215579Z DEBUG netbaiot_transports::business_rpc::v3: business RPC V3 writer completed frame stream_id=216 frame_type=Data payload_bytes=198
2026-09-26T01:46:51.241564Z DEBUG netbaiot_transports::business_rpc::v3: business RPC V3 received frame stream_id=0 frame_type=WindowUpdate payload_bytes=4
2026-09-26T01:46:51.241596Z DEBUG netbaiot_transports::business_rpc::v3: business RPC V3 received frame stream_id=202 frame_type=Response payload_bytes=35
2026-09-26T01:46:51.241608Z DEBUG netbaiot_transports::business_rpc::v3: business RPC V3 received frame stream_id=202 frame_type=Data payload_bytes=215
2026-09-26T01:46:51.241647Z DEBUG netbaiot_transports::business_rpc::v3: business RPC V3 selected frame stream_id=0 frame_type=WindowUpdate payload_bytes=4
2026-09-26T01:46:51.241679Z DEBUG netbaiot_transports::business_rpc::v3: business RPC V3 writer completed frame stream_id=0 frame_type=WindowUpdate payload_bytes=4
2026-09-26T01:46:51.242120Z DEBUG netbaiot_transports::business_rpc::v3: business RPC V3 body entered scheduler stream_id=218 class=Rpc body_bytes=198
2026-09-26T01:46:51.242147Z DEBUG netbaiot_transports::business_rpc::v3: business RPC V3 selected frame stream_id=218 frame_type=Open payload_bytes=158
2026-09-26T01:46:51.242161Z DEBUG netbaiot_transports::business_rpc::v3: business RPC V3 writer completed frame stream_id=218 frame_type=Open payload_bytes=158
2026-09-26T01:46:51.242169Z DEBUG netbaiot_transports::business_rpc::v3: business RPC V3 selected frame stream_id=218 frame_type=Data payload_bytes=198
2026-09-26T01:46:51.242178Z DEBUG netbaiot_transports::business_rpc::v3: business RPC V3 writer completed frame stream_id=218 frame_type=Data payload_bytes=198
2026-09-26T01:46:51.288364Z DEBUG netbaiot_transports::business_rpc::v3: business RPC V3 body entered scheduler stream_id=220 class=Rpc body_bytes=198
2026-09-26T01:46:51.288394Z DEBUG netbaiot_transports::business_rpc::v3: business RPC V3 selected frame stream_id=220 frame_type=Open payload_bytes=158
2026-09-26T01:46:51.288411Z DEBUG netbaiot_transports::business_rpc::v3: business RPC V3 writer completed frame stream_id=220 frame_type=Open payload_bytes=158
2026-09-26T01:46:51.288420Z DEBUG netbaiot_transports::business_rpc::v3: business RPC V3 selected frame stream_id=220 frame_type=Data payload_bytes=198
2026-09-26T01:46:51.288430Z DEBUG netbaiot_transports::business_rpc::v3: business RPC V3 writer completed frame stream_id=220 frame_type=Data payload_bytes=198
2026-09-26T01:46:51.296853Z DEBUG netbaiot_transports::business_rpc::v3: business RPC V3 body entered scheduler stream_id=222 class=Rpc body_bytes=198
2026-09-26T01:46:51.296882Z DEBUG netbaiot_transports::business_rpc::v3: business RPC V3 selected frame stream_id=222 frame_type=Open payload_bytes=158
2026-09-26T01:46:51.296898Z DEBUG netbaiot_transports::business_rpc::v3: business RPC V3 writer completed frame stream_id=222 frame_type=Open payload_bytes=158
2026-09-26T01:46:51.296906Z DEBUG netbaiot_transports::business_rpc::v3: business RPC V3 selected frame stream_id=222 frame_type=Data payload_bytes=198
2026-09-26T01:46:51.296914Z DEBUG netbaiot_transports::business_rpc::v3: business RPC V3 writer completed frame stream_id=222 frame_type=Data payload_bytes=198
2026-09-26T01:46:51.304608Z DEBUG netbaiot_transports::business_rpc::v3: business RPC V3 body entered scheduler stream_id=224 class=Rpc body_bytes=197
2026-09-26T01:46:51.304645Z DEBUG netbaiot_transports::business_rpc::v3: business RPC V3 selected frame stream_id=224 frame_type=Open payload_bytes=158
2026-09-26T01:46:51.304665Z DEBUG netbaiot_transports::business_rpc::v3: business RPC V3 writer completed frame stream_id=224 frame_type=Open payload_bytes=158
2026-09-26T01:46:51.304676Z DEBUG netbaiot_transports::business_rpc::v3: business RPC V3 selected frame stream_id=224 frame_type=Data payload_bytes=197
2026-09-26T01:46:51.304684Z DEBUG netbaiot_transports::business_rpc::v3: business RPC V3 writer completed frame stream_id=224 frame_type=Data payload_bytes=197
2026-09-26T01:46:51.330818Z DEBUG netbaiot_transports::business_rpc::v3: business RPC V3 received frame stream_id=0 frame_type=WindowUpdate payload_bytes=4
2026-09-26T01:46:51.330845Z DEBUG netbaiot_transports::business_rpc::v3: business RPC V3 received frame stream_id=0 frame_type=WindowUpdate payload_bytes=4
2026-09-26T01:46:51.330854Z DEBUG netbaiot_transports::business_rpc::v3: business RPC V3 received frame stream_id=206 frame_type=WindowUpdate payload_bytes=4
2026-09-26T01:46:51.330858Z DEBUG netbaiot_transports::business_rpc::v3: business RPC V3 received frame stream_id=204 frame_type=Response payload_bytes=35
2026-09-26T01:46:51.330864Z DEBUG netbaiot_transports::business_rpc::v3: business RPC V3 received frame stream_id=204 frame_type=Data payload_bytes=216
2026-09-26T01:46:51.330901Z DEBUG netbaiot_transports::business_rpc::v3: business RPC V3 selected frame stream_id=0 frame_type=WindowUpdate payload_bytes=4
2026-09-26T01:46:51.330938Z DEBUG netbaiot_transports::business_rpc::v3: business RPC V3 writer completed frame stream_id=0 frame_type=WindowUpdate payload_bytes=4
2026-09-26T01:46:51.330949Z DEBUG netbaiot_transports::business_rpc::v3: business RPC V3 selected frame stream_id=206 frame_type=Data payload_bytes=981
2026-09-26T01:46:51.330966Z DEBUG netbaiot_transports::business_rpc::v3: business RPC V3 writer completed frame stream_id=206 frame_type=Data payload_bytes=981
2026-09-26T01:46:51.331293Z DEBUG netbaiot_transports::business_rpc::v3: business RPC V3 body entered scheduler stream_id=226 class=Rpc body_bytes=198
2026-09-26T01:46:51.331298Z DEBUG netbaiot_transports::business_rpc::v3: business RPC V3 selected frame stream_id=226 frame_type=Open payload_bytes=158
2026-09-26T01:46:51.331305Z DEBUG netbaiot_transports::business_rpc::v3: business RPC V3 writer completed frame stream_id=226 frame_type=Open payload_bytes=158
2026-09-26T01:46:51.331308Z DEBUG netbaiot_transports::business_rpc::v3: business RPC V3 selected frame stream_id=226 frame_type=Data payload_bytes=198
2026-09-26T01:46:51.331312Z DEBUG netbaiot_transports::business_rpc::v3: business RPC V3 writer completed frame stream_id=226 frame_type=Data payload_bytes=198
2026-09-26T01:46:51.363146Z DEBUG netbaiot_transports::business_rpc::v3: business RPC V3 received frame stream_id=0 frame_type=WindowUpdate payload_bytes=4
2026-09-26T01:46:51.363189Z DEBUG netbaiot_transports::business_rpc::v3: business RPC V3 received frame stream_id=206 frame_type=WindowUpdate payload_bytes=4
2026-09-26T01:46:51.363194Z DEBUG netbaiot_transports::business_rpc::v3: business RPC V3 received frame stream_id=0 frame_type=WindowUpdate payload_bytes=4
2026-09-26T01:46:51.363197Z DEBUG netbaiot_transports::business_rpc::v3: business RPC V3 received frame stream_id=0 frame_type=WindowUpdate payload_bytes=4
2026-09-26T01:46:51.363199Z DEBUG netbaiot_transports::business_rpc::v3: business RPC V3 received frame stream_id=0 frame_type=WindowUpdate payload_bytes=4
2026-09-26T01:46:51.363202Z DEBUG netbaiot_transports::business_rpc::v3: business RPC V3 received frame stream_id=0 frame_type=WindowUpdate payload_bytes=4
2026-09-26T01:46:51.363204Z DEBUG netbaiot_transports::business_rpc::v3: business RPC V3 received frame stream_id=0 frame_type=WindowUpdate payload_bytes=4
2026-09-26T01:46:51.363206Z DEBUG netbaiot_transports::business_rpc::v3: business RPC V3 received frame stream_id=0 frame_type=WindowUpdate payload_bytes=4
2026-09-26T01:46:51.363208Z DEBUG netbaiot_transports::business_rpc::v3: business RPC V3 received frame stream_id=208 frame_type=Response payload_bytes=35
2026-09-26T01:46:51.363213Z DEBUG netbaiot_transports::business_rpc::v3: business RPC V3 received frame stream_id=208 frame_type=Data payload_bytes=215
2026-09-26T01:46:51.363227Z DEBUG netbaiot_transports::business_rpc::v3: business RPC V3 received frame stream_id=212 frame_type=Response payload_bytes=35
2026-09-26T01:46:51.363230Z DEBUG netbaiot_transports::business_rpc::v3: business RPC V3 received frame stream_id=214 frame_type=Response payload_bytes=35
2026-09-26T01:46:51.363232Z DEBUG netbaiot_transports::business_rpc::v3: business RPC V3 received frame stream_id=216 frame_type=Response payload_bytes=35
2026-09-26T01:46:51.363235Z DEBUG netbaiot_transports::business_rpc::v3: business RPC V3 received frame stream_id=212 frame_type=Data payload_bytes=216
2026-09-26T01:46:51.363240Z DEBUG netbaiot_transports::business_rpc::v3: business RPC V3 received frame stream_id=210 frame_type=Response payload_bytes=35
2026-09-26T01:46:51.363243Z DEBUG netbaiot_transports::business_rpc::v3: business RPC V3 received frame stream_id=218 frame_type=Response payload_bytes=35
2026-09-26T01:46:51.363245Z DEBUG netbaiot_transports::business_rpc::v3: business RPC V3 received frame stream_id=214 frame_type=Data payload_bytes=216
2026-09-26T01:46:51.363250Z DEBUG netbaiot_transports::business_rpc::v3: business RPC V3 received frame stream_id=216 frame_type=Data payload_bytes=216
2026-09-26T01:46:51.363248Z DEBUG netbaiot_transports::business_rpc::v3: business RPC V3 body entered scheduler stream_id=228 class=Rpc body_bytes=197
2026-09-26T01:46:51.363275Z DEBUG netbaiot_transports::business_rpc::v3: business RPC V3 selected frame stream_id=228 frame_type=Open payload_bytes=158
2026-09-26T01:46:51.363256Z DEBUG netbaiot_transports::business_rpc::v3: business RPC V3 received frame stream_id=210 frame_type=Data payload_bytes=216
2026-09-26T01:46:51.363292Z DEBUG netbaiot_transports::business_rpc::v3: business RPC V3 writer completed frame stream_id=228 frame_type=Open payload_bytes=158
2026-09-26T01:46:51.363332Z DEBUG netbaiot_transports::business_rpc::v3: business RPC V3 selected frame stream_id=0 frame_type=WindowUpdate payload_bytes=4
2026-09-26T01:46:51.363309Z DEBUG netbaiot_transports::business_rpc::v3: business RPC V3 received frame stream_id=218 frame_type=Data payload_bytes=216
2026-09-26T01:46:51.363347Z DEBUG netbaiot_transports::business_rpc::v3: business RPC V3 writer completed frame stream_id=0 frame_type=WindowUpdate payload_bytes=4
2026-09-26T01:46:51.363393Z DEBUG netbaiot_transports::business_rpc::v3: business RPC V3 selected frame stream_id=0 frame_type=WindowUpdate payload_bytes=4
2026-09-26T01:46:51.363405Z DEBUG netbaiot_transports::business_rpc::v3: business RPC V3 writer completed frame stream_id=0 frame_type=WindowUpdate payload_bytes=4
2026-09-26T01:46:51.363413Z DEBUG netbaiot_transports::business_rpc::v3: business RPC V3 selected frame stream_id=0 frame_type=WindowUpdate payload_bytes=4
2026-09-26T01:46:51.363422Z DEBUG netbaiot_transports::business_rpc::v3: business RPC V3 writer completed frame stream_id=0 frame_type=WindowUpdate payload_bytes=4
2026-09-26T01:46:51.363438Z DEBUG netbaiot_transports::business_rpc::v3: business RPC V3 selected frame stream_id=228 frame_type=Data payload_bytes=197
2026-09-26T01:46:51.363454Z DEBUG netbaiot_transports::business_rpc::v3: business RPC V3 writer completed frame stream_id=228 frame_type=Data payload_bytes=197
2026-09-26T01:46:51.363465Z DEBUG netbaiot_transports::business_rpc::v3: business RPC V3 selected frame stream_id=0 frame_type=WindowUpdate payload_bytes=4
2026-09-26T01:46:51.363476Z DEBUG netbaiot_transports::business_rpc::v3: business RPC V3 writer completed frame stream_id=0 frame_type=WindowUpdate payload_bytes=4
2026-09-26T01:46:51.363483Z DEBUG netbaiot_transports::business_rpc::v3: business RPC V3 selected frame stream_id=0 frame_type=WindowUpdate payload_bytes=4
2026-09-26T01:46:51.363493Z DEBUG netbaiot_transports::business_rpc::v3: business RPC V3 writer completed frame stream_id=0 frame_type=WindowUpdate payload_bytes=4
2026-09-26T01:46:51.363498Z DEBUG netbaiot_transports::business_rpc::v3: business RPC V3 selected frame stream_id=0 frame_type=WindowUpdate payload_bytes=4
2026-09-26T01:46:51.363506Z DEBUG netbaiot_transports::business_rpc::v3: business RPC V3 writer completed frame stream_id=0 frame_type=WindowUpdate payload_bytes=4
2026-09-26T01:46:51.363780Z DEBUG netbaiot_transports::business_rpc::v3: business RPC V3 body entered scheduler stream_id=230 class=Rpc body_bytes=198
2026-09-26T01:46:51.363786Z DEBUG netbaiot_transports::business_rpc::v3: business RPC V3 selected frame stream_id=230 frame_type=Open payload_bytes=158
2026-09-26T01:46:51.363793Z DEBUG netbaiot_transports::business_rpc::v3: business RPC V3 writer completed frame stream_id=230 frame_type=Open payload_bytes=158
2026-09-26T01:46:51.363796Z DEBUG netbaiot_transports::business_rpc::v3: business RPC V3 selected frame stream_id=230 frame_type=Data payload_bytes=198
2026-09-26T01:46:51.363799Z DEBUG netbaiot_transports::business_rpc::v3: business RPC V3 writer completed frame stream_id=230 frame_type=Data payload_bytes=198
2026-09-26T01:46:51.363841Z DEBUG netbaiot_transports::business_rpc::v3: business RPC V3 body entered scheduler stream_id=232 class=Rpc body_bytes=198
2026-09-26T01:46:51.363844Z DEBUG netbaiot_transports::business_rpc::v3: business RPC V3 selected frame stream_id=232 frame_type=Open payload_bytes=158
2026-09-26T01:46:51.363848Z DEBUG netbaiot_transports::business_rpc::v3: business RPC V3 writer completed frame stream_id=232 frame_type=Open payload_bytes=158
2026-09-26T01:46:51.363850Z DEBUG netbaiot_transports::business_rpc::v3: business RPC V3 selected frame stream_id=232 frame_type=Data payload_bytes=198
2026-09-26T01:46:51.363853Z DEBUG netbaiot_transports::business_rpc::v3: business RPC V3 writer completed frame stream_id=232 frame_type=Data payload_bytes=198
2026-09-26T01:46:51.363857Z DEBUG netbaiot_transports::business_rpc::v3: business RPC V3 body entered scheduler stream_id=234 class=Rpc body_bytes=198
2026-09-26T01:46:51.363864Z DEBUG netbaiot_transports::business_rpc::v3: business RPC V3 selected frame stream_id=234 frame_type=Open payload_bytes=158
2026-09-26T01:46:51.363875Z DEBUG netbaiot_transports::business_rpc::v3: business RPC V3 writer completed frame stream_id=234 frame_type=Open payload_bytes=158
2026-09-26T01:46:51.363878Z DEBUG netbaiot_transports::business_rpc::v3: business RPC V3 body entered scheduler stream_id=236 class=Rpc body_bytes=198
2026-09-26T01:46:51.363880Z DEBUG netbaiot_transports::business_rpc::v3: business RPC V3 selected frame stream_id=236 frame_type=Open payload_bytes=158
2026-09-26T01:46:51.363884Z DEBUG netbaiot_transports::business_rpc::v3: business RPC V3 writer completed frame stream_id=236 frame_type=Open payload_bytes=158
2026-09-26T01:46:51.363886Z DEBUG netbaiot_transports::business_rpc::v3: business RPC V3 selected frame stream_id=234 frame_type=Data payload_bytes=198
2026-09-26T01:46:51.363891Z DEBUG netbaiot_transports::business_rpc::v3: business RPC V3 writer completed frame stream_id=234 frame_type=Data payload_bytes=198
2026-09-26T01:46:51.363894Z DEBUG netbaiot_transports::business_rpc::v3: business RPC V3 selected frame stream_id=236 frame_type=Data payload_bytes=198
2026-09-26T01:46:51.363897Z DEBUG netbaiot_transports::business_rpc::v3: business RPC V3 writer completed frame stream_id=236 frame_type=Data payload_bytes=198
2026-09-26T01:46:51.363915Z DEBUG netbaiot_transports::business_rpc::v3: business RPC V3 body entered scheduler stream_id=238 class=Rpc body_bytes=198
2026-09-26T01:46:51.363932Z DEBUG netbaiot_transports::business_rpc::v3: business RPC V3 selected frame stream_id=238 frame_type=Open payload_bytes=158
2026-09-26T01:46:51.363942Z DEBUG netbaiot_transports::business_rpc::v3: business RPC V3 writer completed frame stream_id=238 frame_type=Open payload_bytes=158
2026-09-26T01:46:51.363954Z DEBUG netbaiot_transports::business_rpc::v3: business RPC V3 body entered scheduler stream_id=240 class=Rpc body_bytes=198
2026-09-26T01:46:51.363959Z DEBUG netbaiot_transports::business_rpc::v3: business RPC V3 selected frame stream_id=240 frame_type=Open payload_bytes=158
2026-09-26T01:46:51.363981Z DEBUG netbaiot_transports::business_rpc::v3: business RPC V3 writer completed frame stream_id=240 frame_type=Open payload_bytes=158
2026-09-26T01:46:51.363986Z DEBUG netbaiot_transports::business_rpc::v3: business RPC V3 selected frame stream_id=238 frame_type=Data payload_bytes=198
2026-09-26T01:46:51.363990Z DEBUG netbaiot_transports::business_rpc::v3: business RPC V3 writer completed frame stream_id=238 frame_type=Data payload_bytes=198
2026-09-26T01:46:51.363993Z DEBUG netbaiot_transports::business_rpc::v3: business RPC V3 selected frame stream_id=240 frame_type=Data payload_bytes=198
2026-09-26T01:46:51.363996Z DEBUG netbaiot_transports::business_rpc::v3: business RPC V3 writer completed frame stream_id=240 frame_type=Data payload_bytes=198
2026-09-26T01:46:51.392942Z DEBUG netbaiot_transports::business_rpc::v3: business RPC V3 received frame stream_id=0 frame_type=WindowUpdate payload_bytes=4
2026-09-26T01:46:51.392958Z DEBUG netbaiot_transports::business_rpc::v3: business RPC V3 received frame stream_id=0 frame_type=WindowUpdate payload_bytes=4
2026-09-26T01:46:51.392963Z DEBUG netbaiot_transports::business_rpc::v3: business RPC V3 received frame stream_id=0 frame_type=WindowUpdate payload_bytes=4
2026-09-26T01:46:51.392965Z DEBUG netbaiot_transports::business_rpc::v3: business RPC V3 received frame stream_id=224 frame_type=Response payload_bytes=35
2026-09-26T01:46:51.392971Z DEBUG netbaiot_transports::business_rpc::v3: business RPC V3 received frame stream_id=224 frame_type=Data payload_bytes=215
2026-09-26T01:46:51.393014Z DEBUG netbaiot_transports::business_rpc::v3: business RPC V3 received frame stream_id=220 frame_type=Response payload_bytes=35
2026-09-26T01:46:51.393023Z DEBUG netbaiot_transports::business_rpc::v3: business RPC V3 received frame stream_id=220 frame_type=Data payload_bytes=216
2026-09-26T01:46:51.393030Z DEBUG netbaiot_transports::business_rpc::v3: business RPC V3 received frame stream_id=222 frame_type=Response payload_bytes=35
2026-09-26T01:46:51.393035Z DEBUG netbaiot_transports::business_rpc::v3: business RPC V3 received frame stream_id=222 frame_type=Data payload_bytes=216
2026-09-26T01:46:51.393080Z DEBUG netbaiot_transports::business_rpc::v3: business RPC V3 selected frame stream_id=0 frame_type=WindowUpdate payload_bytes=4
2026-09-26T01:46:51.393107Z DEBUG netbaiot_transports::business_rpc::v3: business RPC V3 writer completed frame stream_id=0 frame_type=WindowUpdate payload_bytes=4
2026-09-26T01:46:51.393131Z DEBUG netbaiot_transports::business_rpc::v3: business RPC V3 selected frame stream_id=0 frame_type=WindowUpdate payload_bytes=4
2026-09-26T01:46:51.393143Z DEBUG netbaiot_transports::business_rpc::v3: business RPC V3 writer completed frame stream_id=0 frame_type=WindowUpdate payload_bytes=4
2026-09-26T01:46:51.393150Z DEBUG netbaiot_transports::business_rpc::v3: business RPC V3 selected frame stream_id=0 frame_type=WindowUpdate payload_bytes=4
2026-09-26T01:46:51.393159Z DEBUG netbaiot_transports::business_rpc::v3: business RPC V3 writer completed frame stream_id=0 frame_type=WindowUpdate payload_bytes=4
2026-09-26T01:46:51.393520Z DEBUG netbaiot_transports::business_rpc::v3: business RPC V3 body entered scheduler stream_id=242 class=Rpc body_bytes=198
2026-09-26T01:46:51.393542Z DEBUG netbaiot_transports::business_rpc::v3: business RPC V3 body entered scheduler stream_id=244 class=Rpc body_bytes=198
2026-09-26T01:46:51.393550Z DEBUG netbaiot_transports::business_rpc::v3: business RPC V3 body entered scheduler stream_id=246 class=Rpc body_bytes=198
2026-09-26T01:46:51.393555Z DEBUG netbaiot_transports::business_rpc::v3: business RPC V3 selected frame stream_id=242 frame_type=Open payload_bytes=158
2026-09-26T01:46:51.393571Z DEBUG netbaiot_transports::business_rpc::v3: business RPC V3 writer completed frame stream_id=242 frame_type=Open payload_bytes=158
2026-09-26T01:46:51.393579Z DEBUG netbaiot_transports::business_rpc::v3: business RPC V3 selected frame stream_id=242 frame_type=Data payload_bytes=198
2026-09-26T01:46:51.393588Z DEBUG netbaiot_transports::business_rpc::v3: business RPC V3 writer completed frame stream_id=242 frame_type=Data payload_bytes=198
2026-09-26T01:46:51.393595Z DEBUG netbaiot_transports::business_rpc::v3: business RPC V3 selected frame stream_id=244 frame_type=Open payload_bytes=158
2026-09-26T01:46:51.393603Z DEBUG netbaiot_transports::business_rpc::v3: business RPC V3 writer completed frame stream_id=244 frame_type=Open payload_bytes=158
2026-09-26T01:46:51.393610Z DEBUG netbaiot_transports::business_rpc::v3: business RPC V3 selected frame stream_id=246 frame_type=Open payload_bytes=158
2026-09-26T01:46:51.393618Z DEBUG netbaiot_transports::business_rpc::v3: business RPC V3 writer completed frame stream_id=246 frame_type=Open payload_bytes=158
2026-09-26T01:46:51.393624Z DEBUG netbaiot_transports::business_rpc::v3: business RPC V3 selected frame stream_id=244 frame_type=Data payload_bytes=198
2026-09-26T01:46:51.393632Z DEBUG netbaiot_transports::business_rpc::v3: business RPC V3 writer completed frame stream_id=244 frame_type=Data payload_bytes=198
2026-09-26T01:46:51.393639Z DEBUG netbaiot_transports::business_rpc::v3: business RPC V3 selected frame stream_id=246 frame_type=Data payload_bytes=198
2026-09-26T01:46:51.393646Z DEBUG netbaiot_transports::business_rpc::v3: business RPC V3 writer completed frame stream_id=246 frame_type=Data payload_bytes=198
2026-09-26T01:46:51.421418Z DEBUG netbaiot_transports::business_rpc::v3: business RPC V3 received frame stream_id=0 frame_type=WindowUpdate payload_bytes=4
2026-09-26T01:46:51.421433Z DEBUG netbaiot_transports::business_rpc::v3: business RPC V3 received frame stream_id=0 frame_type=WindowUpdate payload_bytes=4
2026-09-26T01:46:51.421436Z DEBUG netbaiot_transports::business_rpc::v3: business RPC V3 received frame stream_id=226 frame_type=Response payload_bytes=35
2026-09-26T01:46:51.421441Z DEBUG netbaiot_transports::business_rpc::v3: business RPC V3 received frame stream_id=226 frame_type=Data payload_bytes=216
2026-09-26T01:46:51.421457Z DEBUG netbaiot_transports::business_rpc::v3: business RPC V3 received frame stream_id=206 frame_type=Response payload_bytes=35
2026-09-26T01:46:51.421460Z DEBUG netbaiot_transports::business_rpc::v3: business RPC V3 received frame stream_id=206 frame_type=Data payload_bytes=118
2026-09-26T01:46:51.421465Z DEBUG netbaiot_transports::business_rpc::v3: business RPC V3 Event delivery acknowledged stream_id=206 completion_us=241910
2026-09-26T01:46:51.421485Z DEBUG netbaiot_transports::business_rpc::v3: business RPC V3 selected frame stream_id=0 frame_type=WindowUpdate payload_bytes=4
2026-09-26T01:46:51.421523Z DEBUG netbaiot_transports::business_rpc::v3: business RPC V3 writer completed frame stream_id=0 frame_type=WindowUpdate payload_bytes=4
2026-09-26T01:46:51.421535Z DEBUG netbaiot_transports::business_rpc::v3: business RPC V3 selected frame stream_id=0 frame_type=WindowUpdate payload_bytes=4
2026-09-26T01:46:51.421544Z DEBUG netbaiot_transports::business_rpc::v3: business RPC V3 writer completed frame stream_id=0 frame_type=WindowUpdate payload_bytes=4
2026-09-26T01:46:51.421865Z DEBUG netbaiot_transports::business_rpc::v3: business RPC V3 body entered scheduler stream_id=248 class=Rpc body_bytes=198
2026-09-26T01:46:51.421874Z DEBUG netbaiot_transports::business_rpc::v3: business RPC V3 selected frame stream_id=248 frame_type=Open payload_bytes=158
2026-09-26T01:46:51.421881Z DEBUG netbaiot_transports::business_rpc::v3: business RPC V3 writer completed frame stream_id=248 frame_type=Open payload_bytes=158
2026-09-26T01:46:51.421885Z DEBUG netbaiot_transports::business_rpc::v3: business RPC V3 selected frame stream_id=248 frame_type=Data payload_bytes=198
2026-09-26T01:46:51.421888Z DEBUG netbaiot_transports::business_rpc::v3: business RPC V3 writer completed frame stream_id=248 frame_type=Data payload_bytes=198
2026-09-26T01:46:51.454910Z DEBUG netbaiot_transports::business_rpc::v3: business RPC V3 received frame stream_id=0 frame_type=WindowUpdate payload_bytes=4
2026-09-26T01:46:51.454927Z DEBUG netbaiot_transports::business_rpc::v3: business RPC V3 received frame stream_id=0 frame_type=WindowUpdate payload_bytes=4
2026-09-26T01:46:51.454930Z DEBUG netbaiot_transports::business_rpc::v3: business RPC V3 received frame stream_id=0 frame_type=WindowUpdate payload_bytes=4
2026-09-26T01:46:51.454932Z DEBUG netbaiot_transports::business_rpc::v3: business RPC V3 received frame stream_id=0 frame_type=WindowUpdate payload_bytes=4
2026-09-26T01:46:51.454935Z DEBUG netbaiot_transports::business_rpc::v3: business RPC V3 received frame stream_id=0 frame_type=WindowUpdate payload_bytes=4
2026-09-26T01:46:51.454937Z DEBUG netbaiot_transports::business_rpc::v3: business RPC V3 received frame stream_id=0 frame_type=WindowUpdate payload_bytes=4
2026-09-26T01:46:51.454940Z DEBUG netbaiot_transports::business_rpc::v3: business RPC V3 received frame stream_id=0 frame_type=WindowUpdate payload_bytes=4
2026-09-26T01:46:51.454943Z DEBUG netbaiot_transports::business_rpc::v3: business RPC V3 received frame stream_id=240 frame_type=Response payload_bytes=35
2026-09-26T01:46:51.454964Z DEBUG netbaiot_transports::business_rpc::v3: business RPC V3 received frame stream_id=230 frame_type=Response payload_bytes=35
2026-09-26T01:46:51.454982Z DEBUG netbaiot_transports::business_rpc::v3: business RPC V3 received frame stream_id=240 frame_type=Data payload_bytes=216
2026-09-26T01:46:51.455010Z DEBUG netbaiot_transports::business_rpc::v3: business RPC V3 received frame stream_id=234 frame_type=Response payload_bytes=35
2026-09-26T01:46:51.455019Z DEBUG netbaiot_transports::business_rpc::v3: business RPC V3 received frame stream_id=236 frame_type=Response payload_bytes=35
2026-09-26T01:46:51.455042Z DEBUG netbaiot_transports::business_rpc::v3: business RPC V3 received frame stream_id=238 frame_type=Response payload_bytes=35
2026-09-26T01:46:51.455020Z DEBUG netbaiot_transports::business_rpc::v3: business RPC V3 selected frame stream_id=0 frame_type=WindowUpdate payload_bytes=4
2026-09-26T01:46:51.455052Z DEBUG netbaiot_transports::business_rpc::v3: business RPC V3 received frame stream_id=228 frame_type=Response payload_bytes=35
2026-09-26T01:46:51.455081Z DEBUG netbaiot_transports::business_rpc::v3: business RPC V3 writer completed frame stream_id=0 frame_type=WindowUpdate payload_bytes=4
2026-09-26T01:46:51.455086Z DEBUG netbaiot_transports::business_rpc::v3: business RPC V3 received frame stream_id=230 frame_type=Data payload_bytes=216
2026-09-26T01:46:51.455136Z DEBUG netbaiot_transports::business_rpc::v3: business RPC V3 received frame stream_id=232 frame_type=Response payload_bytes=35
2026-09-26T01:46:51.455146Z DEBUG netbaiot_transports::business_rpc::v3: business RPC V3 received frame stream_id=234 frame_type=Data payload_bytes=216
2026-09-26T01:46:51.455140Z DEBUG netbaiot_transports::business_rpc::v3: business RPC V3 selected frame stream_id=0 frame_type=WindowUpdate payload_bytes=4
2026-09-26T01:46:51.455161Z DEBUG netbaiot_transports::business_rpc::v3: business RPC V3 received frame stream_id=236 frame_type=Data payload_bytes=216
2026-09-26T01:46:51.455192Z DEBUG netbaiot_transports::business_rpc::v3: business RPC V3 writer completed frame stream_id=0 frame_type=WindowUpdate payload_bytes=4
2026-09-26T01:46:51.455206Z DEBUG netbaiot_transports::business_rpc::v3: business RPC V3 selected frame stream_id=0 frame_type=WindowUpdate payload_bytes=4
2026-09-26T01:46:51.455210Z DEBUG netbaiot_transports::business_rpc::v3: business RPC V3 received frame stream_id=238 frame_type=Data payload_bytes=216
2026-09-26T01:46:51.455217Z DEBUG netbaiot_transports::business_rpc::v3: business RPC V3 writer completed frame stream_id=0 frame_type=WindowUpdate payload_bytes=4
2026-09-26T01:46:51.455235Z DEBUG netbaiot_transports::business_rpc::v3: business RPC V3 selected frame stream_id=0 frame_type=WindowUpdate payload_bytes=4
2026-09-26T01:46:51.455235Z DEBUG netbaiot_transports::business_rpc::v3: business RPC V3 received frame stream_id=228 frame_type=Data payload_bytes=215
2026-09-26T01:46:51.455261Z DEBUG netbaiot_transports::business_rpc::v3: business RPC V3 received frame stream_id=232 frame_type=Data payload_bytes=216
2026-09-26T01:46:51.455246Z DEBUG netbaiot_transports::business_rpc::v3: business RPC V3 writer completed frame stream_id=0 frame_type=WindowUpdate payload_bytes=4
2026-09-26T01:46:51.455285Z DEBUG netbaiot_transports::business_rpc::v3: business RPC V3 selected frame stream_id=0 frame_type=WindowUpdate payload_bytes=4
2026-09-26T01:46:51.455298Z DEBUG netbaiot_transports::business_rpc::v3: business RPC V3 writer completed frame stream_id=0 frame_type=WindowUpdate payload_bytes=4
2026-09-26T01:46:51.455306Z DEBUG netbaiot_transports::business_rpc::v3: business RPC V3 selected frame stream_id=0 frame_type=WindowUpdate payload_bytes=4
2026-09-26T01:46:51.455318Z DEBUG netbaiot_transports::business_rpc::v3: business RPC V3 writer completed frame stream_id=0 frame_type=WindowUpdate payload_bytes=4
2026-09-26T01:46:51.455325Z DEBUG netbaiot_transports::business_rpc::v3: business RPC V3 selected frame stream_id=0 frame_type=WindowUpdate payload_bytes=4
2026-09-26T01:46:51.455344Z DEBUG netbaiot_transports::business_rpc::v3: business RPC V3 writer completed frame stream_id=0 frame_type=WindowUpdate payload_bytes=4
2026-09-26T01:46:51.485641Z DEBUG netbaiot_transports::business_rpc::v3: business RPC V3 received frame stream_id=0 frame_type=WindowUpdate payload_bytes=4
2026-09-26T01:46:51.485675Z DEBUG netbaiot_transports::business_rpc::v3: business RPC V3 received frame stream_id=0 frame_type=WindowUpdate payload_bytes=4
2026-09-26T01:46:51.485699Z DEBUG netbaiot_transports::business_rpc::v3: business RPC V3 received frame stream_id=0 frame_type=WindowUpdate payload_bytes=4
2026-09-26T01:46:51.485720Z DEBUG netbaiot_transports::business_rpc::v3: business RPC V3 received frame stream_id=246 frame_type=Response payload_bytes=35
2026-09-26T01:46:51.485731Z DEBUG netbaiot_transports::business_rpc::v3: business RPC V3 received frame stream_id=246 frame_type=Data payload_bytes=216
2026-09-26T01:46:51.485748Z DEBUG netbaiot_transports::business_rpc::v3: business RPC V3 received frame stream_id=242 frame_type=Response payload_bytes=35
2026-09-26T01:46:51.485752Z DEBUG netbaiot_transports::business_rpc::v3: business RPC V3 received frame stream_id=244 frame_type=Response payload_bytes=35
2026-09-26T01:46:51.485754Z DEBUG netbaiot_transports::business_rpc::v3: business RPC V3 received frame stream_id=242 frame_type=Data payload_bytes=216
2026-09-26T01:46:51.485760Z DEBUG netbaiot_transports::business_rpc::v3: business RPC V3 received frame stream_id=244 frame_type=Data payload_bytes=216
2026-09-26T01:46:51.485780Z DEBUG netbaiot_transports::business_rpc::v3: business RPC V3 selected frame stream_id=0 frame_type=WindowUpdate payload_bytes=4
2026-09-26T01:46:51.485804Z DEBUG netbaiot_transports::business_rpc::v3: business RPC V3 writer completed frame stream_id=0 frame_type=WindowUpdate payload_bytes=4
2026-09-26T01:46:51.485812Z DEBUG netbaiot_transports::business_rpc::v3: business RPC V3 selected frame stream_id=0 frame_type=WindowUpdate payload_bytes=4
2026-09-26T01:46:51.485821Z DEBUG netbaiot_transports::business_rpc::v3: business RPC V3 writer completed frame stream_id=0 frame_type=WindowUpdate payload_bytes=4
2026-09-26T01:46:51.485827Z DEBUG netbaiot_transports::business_rpc::v3: business RPC V3 selected frame stream_id=0 frame_type=WindowUpdate payload_bytes=4
2026-09-26T01:46:51.485835Z DEBUG netbaiot_transports::business_rpc::v3: business RPC V3 writer completed frame stream_id=0 frame_type=WindowUpdate payload_bytes=4
2026-09-26T01:46:51.513982Z DEBUG netbaiot_transports::business_rpc::v3: business RPC V3 received frame stream_id=0 frame_type=WindowUpdate payload_bytes=4
2026-09-26T01:46:51.514040Z DEBUG netbaiot_transports::business_rpc::v3: business RPC V3 received frame stream_id=248 frame_type=Response payload_bytes=35
2026-09-26T01:46:51.514051Z DEBUG netbaiot_transports::business_rpc::v3: business RPC V3 received frame stream_id=248 frame_type=Data payload_bytes=216
2026-09-26T01:46:51.514104Z DEBUG netbaiot_transports::business_rpc::v3: business RPC V3 selected frame stream_id=0 frame_type=WindowUpdate payload_bytes=4
2026-09-26T01:46:51.514129Z DEBUG netbaiot_transports::business_rpc::v3: business RPC V3 writer completed frame stream_id=0 frame_type=WindowUpdate payload_bytes=4
2026-09-26T01:46:51.679155Z DEBUG netbaiot_transports::business_rpc::v3: business RPC V3 body entered scheduler stream_id=250 class=Event body_bytes=17365
2026-09-26T01:46:51.679178Z DEBUG netbaiot_transports::business_rpc::v3: business RPC V3 selected frame stream_id=250 frame_type=Open payload_bytes=184
2026-09-26T01:46:51.679190Z DEBUG netbaiot_transports::business_rpc::v3: business RPC V3 writer completed frame stream_id=250 frame_type=Open payload_bytes=184
2026-09-26T01:46:51.679194Z DEBUG netbaiot_transports::business_rpc::v3: business RPC V3 selected frame stream_id=250 frame_type=Data payload_bytes=8192
2026-09-26T01:46:51.679199Z DEBUG netbaiot_transports::business_rpc::v3: business RPC V3 writer completed frame stream_id=250 frame_type=Data payload_bytes=8192
2026-09-26T01:46:51.679202Z DEBUG netbaiot_transports::business_rpc::v3: business RPC V3 selected frame stream_id=250 frame_type=Data payload_bytes=8192
2026-09-26T01:46:51.679209Z DEBUG netbaiot_transports::business_rpc::v3: business RPC V3 writer completed frame stream_id=250 frame_type=Data payload_bytes=8192
2026-09-26T01:46:51.822012Z DEBUG netbaiot_transports::business_rpc::v3: business RPC V3 received frame stream_id=0 frame_type=WindowUpdate payload_bytes=4
2026-09-26T01:46:51.822029Z DEBUG netbaiot_transports::business_rpc::v3: business RPC V3 received frame stream_id=250 frame_type=WindowUpdate payload_bytes=4
2026-09-26T01:46:51.822037Z DEBUG netbaiot_transports::business_rpc::v3: business RPC V3 selected frame stream_id=250 frame_type=Data payload_bytes=981
2026-09-26T01:46:51.822048Z DEBUG netbaiot_transports::business_rpc::v3: business RPC V3 writer completed frame stream_id=250 frame_type=Data payload_bytes=981
2026-09-26T01:46:51.849197Z DEBUG netbaiot_transports::business_rpc::v3: business RPC V3 received frame stream_id=0 frame_type=WindowUpdate payload_bytes=4
2026-09-26T01:46:51.849224Z DEBUG netbaiot_transports::business_rpc::v3: business RPC V3 received frame stream_id=250 frame_type=WindowUpdate payload_bytes=4
2026-09-26T01:46:51.929113Z DEBUG netbaiot_transports::business_rpc::v3: business RPC V3 body entered scheduler stream_id=252 class=Rpc body_bytes=198
2026-09-26T01:46:51.929128Z DEBUG netbaiot_transports::business_rpc::v3: business RPC V3 selected frame stream_id=252 frame_type=Open payload_bytes=158
2026-09-26T01:46:51.929154Z DEBUG netbaiot_transports::business_rpc::v3: business RPC V3 writer completed frame stream_id=252 frame_type=Open payload_bytes=158
2026-09-26T01:46:51.929161Z DEBUG netbaiot_transports::business_rpc::v3: business RPC V3 selected frame stream_id=252 frame_type=Data payload_bytes=198
2026-09-26T01:46:51.929165Z DEBUG netbaiot_transports::business_rpc::v3: business RPC V3 writer completed frame stream_id=252 frame_type=Data payload_bytes=198
2026-09-26T01:46:51.932296Z DEBUG netbaiot_transports::business_rpc::v3: business RPC V3 body entered scheduler stream_id=254 class=Rpc body_bytes=198
2026-09-26T01:46:51.932302Z DEBUG netbaiot_transports::business_rpc::v3: business RPC V3 selected frame stream_id=254 frame_type=Open payload_bytes=158
2026-09-26T01:46:51.932342Z DEBUG netbaiot_transports::business_rpc::v3: business RPC V3 writer completed frame stream_id=254 frame_type=Open payload_bytes=158
2026-09-26T01:46:51.932348Z DEBUG netbaiot_transports::business_rpc::v3: business RPC V3 selected frame stream_id=254 frame_type=Data payload_bytes=198
2026-09-26T01:46:51.932353Z DEBUG netbaiot_transports::business_rpc::v3: business RPC V3 writer completed frame stream_id=254 frame_type=Data payload_bytes=198
2026-09-26T01:46:51.932651Z DEBUG netbaiot_transports::business_rpc::v3: business RPC V3 received frame stream_id=0 frame_type=WindowUpdate payload_bytes=4
2026-09-26T01:46:51.932658Z DEBUG netbaiot_transports::business_rpc::v3: business RPC V3 received frame stream_id=250 frame_type=Response payload_bytes=35
2026-09-26T01:46:51.932664Z DEBUG netbaiot_transports::business_rpc::v3: business RPC V3 received frame stream_id=250 frame_type=Data payload_bytes=118
2026-09-26T01:46:51.932670Z DEBUG netbaiot_transports::business_rpc::v3: business RPC V3 Event delivery acknowledged stream_id=250 completion_us=253521
2026-09-26T01:46:51.932694Z DEBUG netbaiot_transports::business_rpc::v3: business RPC V3 selected frame stream_id=0 frame_type=WindowUpdate payload_bytes=4
2026-09-26T01:46:51.932729Z DEBUG netbaiot_transports::business_rpc::v3: business RPC V3 writer completed frame stream_id=0 frame_type=WindowUpdate payload_bytes=4
2026-09-26T01:46:51.955584Z DEBUG netbaiot_transports::business_rpc::v3: business RPC V3 body entered scheduler stream_id=256 class=Rpc body_bytes=198
2026-09-26T01:46:51.955598Z DEBUG netbaiot_transports::business_rpc::v3: business RPC V3 selected frame stream_id=256 frame_type=Open payload_bytes=158
2026-09-26T01:46:51.955608Z DEBUG netbaiot_transports::business_rpc::v3: business RPC V3 writer completed frame stream_id=256 frame_type=Open payload_bytes=158
2026-09-26T01:46:51.955612Z DEBUG netbaiot_transports::business_rpc::v3: business RPC V3 selected frame stream_id=256 frame_type=Data payload_bytes=198
2026-09-26T01:46:51.955616Z DEBUG netbaiot_transports::business_rpc::v3: business RPC V3 writer completed frame stream_id=256 frame_type=Data payload_bytes=198
2026-09-26T01:46:52.033401Z DEBUG netbaiot_transports::business_rpc::v3: business RPC V3 body entered scheduler stream_id=258 class=Rpc body_bytes=198
2026-09-26T01:46:52.033413Z DEBUG netbaiot_transports::business_rpc::v3: business RPC V3 selected frame stream_id=258 frame_type=Open payload_bytes=158
2026-09-26T01:46:52.033423Z DEBUG netbaiot_transports::business_rpc::v3: business RPC V3 writer completed frame stream_id=258 frame_type=Open payload_bytes=158
2026-09-26T01:46:52.033427Z DEBUG netbaiot_transports::business_rpc::v3: business RPC V3 selected frame stream_id=258 frame_type=Data payload_bytes=198
2026-09-26T01:46:52.033431Z DEBUG netbaiot_transports::business_rpc::v3: business RPC V3 writer completed frame stream_id=258 frame_type=Data payload_bytes=198
2026-09-26T01:46:52.041530Z DEBUG netbaiot_transports::business_rpc::v3: business RPC V3 received frame stream_id=0 frame_type=WindowUpdate payload_bytes=4
2026-09-26T01:46:52.041547Z DEBUG netbaiot_transports::business_rpc::v3: business RPC V3 received frame stream_id=0 frame_type=WindowUpdate payload_bytes=4
2026-09-26T01:46:52.041550Z DEBUG netbaiot_transports::business_rpc::v3: business RPC V3 received frame stream_id=254 frame_type=Response payload_bytes=35
2026-09-26T01:46:52.041556Z DEBUG netbaiot_transports::business_rpc::v3: business RPC V3 received frame stream_id=254 frame_type=Data payload_bytes=216
2026-09-26T01:46:52.041574Z DEBUG netbaiot_transports::business_rpc::v3: business RPC V3 received frame stream_id=252 frame_type=Response payload_bytes=35
2026-09-26T01:46:52.041578Z DEBUG netbaiot_transports::business_rpc::v3: business RPC V3 received frame stream_id=252 frame_type=Data payload_bytes=216
2026-09-26T01:46:52.041591Z DEBUG netbaiot_transports::business_rpc::v3: business RPC V3 selected frame stream_id=0 frame_type=WindowUpdate payload_bytes=4
2026-09-26T01:46:52.041625Z DEBUG netbaiot_transports::business_rpc::v3: business RPC V3 writer completed frame stream_id=0 frame_type=WindowUpdate payload_bytes=4
2026-09-26T01:46:52.041635Z DEBUG netbaiot_transports::business_rpc::v3: business RPC V3 selected frame stream_id=0 frame_type=WindowUpdate payload_bytes=4
2026-09-26T01:46:52.041651Z DEBUG netbaiot_transports::business_rpc::v3: business RPC V3 writer completed frame stream_id=0 frame_type=WindowUpdate payload_bytes=4
2026-09-26T01:46:52.042038Z DEBUG netbaiot_transports::business_rpc::v3: business RPC V3 body entered scheduler stream_id=260 class=Rpc body_bytes=198
2026-09-26T01:46:52.042044Z DEBUG netbaiot_transports::business_rpc::v3: business RPC V3 selected frame stream_id=260 frame_type=Open payload_bytes=158
2026-09-26T01:46:52.042051Z DEBUG netbaiot_transports::business_rpc::v3: business RPC V3 writer completed frame stream_id=260 frame_type=Open payload_bytes=158
2026-09-26T01:46:52.042054Z DEBUG netbaiot_transports::business_rpc::v3: business RPC V3 selected frame stream_id=260 frame_type=Data payload_bytes=198
2026-09-26T01:46:52.042058Z DEBUG netbaiot_transports::business_rpc::v3: business RPC V3 writer completed frame stream_id=260 frame_type=Data payload_bytes=198
2026-09-26T01:46:52.042086Z DEBUG netbaiot_transports::business_rpc::v3: business RPC V3 body entered scheduler stream_id=262 class=Rpc body_bytes=198
2026-09-26T01:46:52.042091Z DEBUG netbaiot_transports::business_rpc::v3: business RPC V3 selected frame stream_id=262 frame_type=Open payload_bytes=158
2026-09-26T01:46:52.042096Z DEBUG netbaiot_transports::business_rpc::v3: business RPC V3 writer completed frame stream_id=262 frame_type=Open payload_bytes=158
2026-09-26T01:46:52.042099Z DEBUG netbaiot_transports::business_rpc::v3: business RPC V3 selected frame stream_id=262 frame_type=Data payload_bytes=198
2026-09-26T01:46:52.042103Z DEBUG netbaiot_transports::business_rpc::v3: business RPC V3 writer completed frame stream_id=262 frame_type=Data payload_bytes=198
2026-09-26T01:46:52.070068Z DEBUG netbaiot_transports::business_rpc::v3: business RPC V3 received frame stream_id=0 frame_type=WindowUpdate payload_bytes=4
2026-09-26T01:46:52.070087Z DEBUG netbaiot_transports::business_rpc::v3: business RPC V3 received frame stream_id=256 frame_type=Response payload_bytes=35
2026-09-26T01:46:52.070094Z DEBUG netbaiot_transports::business_rpc::v3: business RPC V3 received frame stream_id=256 frame_type=Data payload_bytes=216
2026-09-26T01:46:52.070135Z DEBUG netbaiot_transports::business_rpc::v3: business RPC V3 selected frame stream_id=0 frame_type=WindowUpdate payload_bytes=4
2026-09-26T01:46:52.070167Z DEBUG netbaiot_transports::business_rpc::v3: business RPC V3 writer completed frame stream_id=0 frame_type=WindowUpdate payload_bytes=4
2026-09-26T01:46:52.070614Z DEBUG netbaiot_transports::business_rpc::v3: business RPC V3 body entered scheduler stream_id=264 class=Rpc body_bytes=198
2026-09-26T01:46:52.070622Z DEBUG netbaiot_transports::business_rpc::v3: business RPC V3 selected frame stream_id=264 frame_type=Open payload_bytes=158
2026-09-26T01:46:52.070631Z DEBUG netbaiot_transports::business_rpc::v3: business RPC V3 writer completed frame stream_id=264 frame_type=Open payload_bytes=158
2026-09-26T01:46:52.070635Z DEBUG netbaiot_transports::business_rpc::v3: business RPC V3 selected frame stream_id=264 frame_type=Data payload_bytes=198
2026-09-26T01:46:52.070658Z DEBUG netbaiot_transports::business_rpc::v3: business RPC V3 writer completed frame stream_id=264 frame_type=Data payload_bytes=198
2026-09-26T01:46:52.095373Z DEBUG netbaiot_transports::business_rpc::v3: business RPC V3 body entered scheduler stream_id=266 class=Rpc body_bytes=198
2026-09-26T01:46:52.095387Z DEBUG netbaiot_transports::business_rpc::v3: business RPC V3 selected frame stream_id=266 frame_type=Open payload_bytes=158
2026-09-26T01:46:52.095397Z DEBUG netbaiot_transports::business_rpc::v3: business RPC V3 writer completed frame stream_id=266 frame_type=Open payload_bytes=158
2026-09-26T01:46:52.095401Z DEBUG netbaiot_transports::business_rpc::v3: business RPC V3 selected frame stream_id=266 frame_type=Data payload_bytes=198
2026-09-26T01:46:52.095405Z DEBUG netbaiot_transports::business_rpc::v3: business RPC V3 writer completed frame stream_id=266 frame_type=Data payload_bytes=198
2026-09-26T01:46:52.139367Z DEBUG netbaiot_transports::business_rpc::v3: business RPC V3 body entered scheduler stream_id=268 class=Rpc body_bytes=197
2026-09-26T01:46:52.139384Z DEBUG netbaiot_transports::business_rpc::v3: business RPC V3 selected frame stream_id=268 frame_type=Open payload_bytes=158
2026-09-26T01:46:52.139418Z DEBUG netbaiot_transports::business_rpc::v3: business RPC V3 writer completed frame stream_id=268 frame_type=Open payload_bytes=158
2026-09-26T01:46:52.139426Z DEBUG netbaiot_transports::business_rpc::v3: business RPC V3 selected frame stream_id=268 frame_type=Data payload_bytes=197
2026-09-26T01:46:52.139431Z DEBUG netbaiot_transports::business_rpc::v3: business RPC V3 writer completed frame stream_id=268 frame_type=Data payload_bytes=197
2026-09-26T01:46:52.146941Z DEBUG netbaiot_transports::business_rpc::v3: business RPC V3 received frame stream_id=0 frame_type=WindowUpdate payload_bytes=4
2026-09-26T01:46:52.146953Z DEBUG netbaiot_transports::business_rpc::v3: business RPC V3 received frame stream_id=0 frame_type=WindowUpdate payload_bytes=4
2026-09-26T01:46:52.146956Z DEBUG netbaiot_transports::business_rpc::v3: business RPC V3 received frame stream_id=0 frame_type=WindowUpdate payload_bytes=4
2026-09-26T01:46:52.146959Z DEBUG netbaiot_transports::business_rpc::v3: business RPC V3 received frame stream_id=262 frame_type=Response payload_bytes=35
2026-09-26T01:46:52.146965Z DEBUG netbaiot_transports::business_rpc::v3: business RPC V3 received frame stream_id=262 frame_type=Data payload_bytes=216
2026-09-26T01:46:52.147028Z DEBUG netbaiot_transports::business_rpc::v3: business RPC V3 received frame stream_id=258 frame_type=Response payload_bytes=35
2026-09-26T01:46:52.147032Z DEBUG netbaiot_transports::business_rpc::v3: business RPC V3 received frame stream_id=260 frame_type=Response payload_bytes=35
2026-09-26T01:46:52.147034Z DEBUG netbaiot_transports::business_rpc::v3: business RPC V3 received frame stream_id=258 frame_type=Data payload_bytes=216
2026-09-26T01:46:52.147041Z DEBUG netbaiot_transports::business_rpc::v3: business RPC V3 received frame stream_id=260 frame_type=Data payload_bytes=216
2026-09-26T01:46:52.147089Z DEBUG netbaiot_transports::business_rpc::v3: business RPC V3 selected frame stream_id=0 frame_type=WindowUpdate payload_bytes=4
2026-09-26T01:46:52.147130Z DEBUG netbaiot_transports::business_rpc::v3: business RPC V3 writer completed frame stream_id=0 frame_type=WindowUpdate payload_bytes=4
2026-09-26T01:46:52.147158Z DEBUG netbaiot_transports::business_rpc::v3: business RPC V3 selected frame stream_id=0 frame_type=WindowUpdate payload_bytes=4
2026-09-26T01:46:52.147168Z DEBUG netbaiot_transports::business_rpc::v3: business RPC V3 writer completed frame stream_id=0 frame_type=WindowUpdate payload_bytes=4
2026-09-26T01:46:52.147171Z DEBUG netbaiot_transports::business_rpc::v3: business RPC V3 selected frame stream_id=0 frame_type=WindowUpdate payload_bytes=4
2026-09-26T01:46:52.147199Z DEBUG netbaiot_transports::business_rpc::v3: business RPC V3 writer completed frame stream_id=0 frame_type=WindowUpdate payload_bytes=4
2026-09-26T01:46:52.147507Z DEBUG netbaiot_transports::business_rpc::v3: business RPC V3 body entered scheduler stream_id=270 class=Rpc body_bytes=198
2026-09-26T01:46:52.147514Z DEBUG netbaiot_transports::business_rpc::v3: business RPC V3 selected frame stream_id=270 frame_type=Open payload_bytes=158
2026-09-26T01:46:52.147522Z DEBUG netbaiot_transports::business_rpc::v3: business RPC V3 writer completed frame stream_id=270 frame_type=Open payload_bytes=158
2026-09-26T01:46:52.147526Z DEBUG netbaiot_transports::business_rpc::v3: business RPC V3 body entered scheduler stream_id=272 class=Rpc body_bytes=198
2026-09-26T01:46:52.147530Z DEBUG netbaiot_transports::business_rpc::v3: business RPC V3 selected frame stream_id=270 frame_type=Data payload_bytes=198
2026-09-26T01:46:52.147534Z DEBUG netbaiot_transports::business_rpc::v3: business RPC V3 writer completed frame stream_id=270 frame_type=Data payload_bytes=198
2026-09-26T01:46:52.147537Z DEBUG netbaiot_transports::business_rpc::v3: business RPC V3 selected frame stream_id=272 frame_type=Open payload_bytes=158
2026-09-26T01:46:52.147541Z DEBUG netbaiot_transports::business_rpc::v3: business RPC V3 writer completed frame stream_id=272 frame_type=Open payload_bytes=158
2026-09-26T01:46:52.147544Z DEBUG netbaiot_transports::business_rpc::v3: business RPC V3 selected frame stream_id=272 frame_type=Data payload_bytes=198
2026-09-26T01:46:52.147548Z DEBUG netbaiot_transports::business_rpc::v3: business RPC V3 writer completed frame stream_id=272 frame_type=Data payload_bytes=198
2026-09-26T01:46:52.147555Z DEBUG netbaiot_transports::business_rpc::v3: business RPC V3 body entered scheduler stream_id=274 class=Rpc body_bytes=198
2026-09-26T01:46:52.147562Z DEBUG netbaiot_transports::business_rpc::v3: business RPC V3 selected frame stream_id=274 frame_type=Open payload_bytes=158
2026-09-26T01:46:52.147568Z DEBUG netbaiot_transports::business_rpc::v3: business RPC V3 writer completed frame stream_id=274 frame_type=Open payload_bytes=158
2026-09-26T01:46:52.147591Z DEBUG netbaiot_transports::business_rpc::v3: business RPC V3 selected frame stream_id=274 frame_type=Data payload_bytes=198
2026-09-26T01:46:52.147596Z DEBUG netbaiot_transports::business_rpc::v3: business RPC V3 writer completed frame stream_id=274 frame_type=Data payload_bytes=198
2026-09-26T01:46:52.175286Z DEBUG netbaiot_transports::business_rpc::v3: business RPC V3 received frame stream_id=0 frame_type=WindowUpdate payload_bytes=4
2026-09-26T01:46:52.175302Z DEBUG netbaiot_transports::business_rpc::v3: business RPC V3 received frame stream_id=264 frame_type=Response payload_bytes=35
2026-09-26T01:46:52.175308Z DEBUG netbaiot_transports::business_rpc::v3: business RPC V3 received frame stream_id=264 frame_type=Data payload_bytes=216
2026-09-26T01:46:52.175326Z DEBUG netbaiot_transports::business_rpc::v3: business RPC V3 received frame stream_id=0 frame_type=WindowUpdate payload_bytes=4
2026-09-26T01:46:52.175329Z DEBUG netbaiot_transports::business_rpc::v3: business RPC V3 received frame stream_id=266 frame_type=Response payload_bytes=35
2026-09-26T01:46:52.175331Z DEBUG netbaiot_transports::business_rpc::v3: business RPC V3 received frame stream_id=266 frame_type=Data payload_bytes=216
2026-09-26T01:46:52.175349Z DEBUG netbaiot_transports::business_rpc::v3: business RPC V3 selected frame stream_id=0 frame_type=WindowUpdate payload_bytes=4
2026-09-26T01:46:52.175392Z DEBUG netbaiot_transports::business_rpc::v3: business RPC V3 writer completed frame stream_id=0 frame_type=WindowUpdate payload_bytes=4
2026-09-26T01:46:52.175418Z DEBUG netbaiot_transports::business_rpc::v3: business RPC V3 selected frame stream_id=0 frame_type=WindowUpdate payload_bytes=4
2026-09-26T01:46:52.175438Z DEBUG netbaiot_transports::business_rpc::v3: business RPC V3 writer completed frame stream_id=0 frame_type=WindowUpdate payload_bytes=4
2026-09-26T01:46:52.175812Z DEBUG netbaiot_transports::business_rpc::v3: business RPC V3 body entered scheduler stream_id=276 class=Rpc body_bytes=198
2026-09-26T01:46:52.175847Z DEBUG netbaiot_transports::business_rpc::v3: business RPC V3 body entered scheduler stream_id=278 class=Rpc body_bytes=198
2026-09-26T01:46:52.175854Z DEBUG netbaiot_transports::business_rpc::v3: business RPC V3 selected frame stream_id=276 frame_type=Open payload_bytes=158
2026-09-26T01:46:52.175862Z DEBUG netbaiot_transports::business_rpc::v3: business RPC V3 writer completed frame stream_id=276 frame_type=Open payload_bytes=158
2026-09-26T01:46:52.175865Z DEBUG netbaiot_transports::business_rpc::v3: business RPC V3 selected frame stream_id=278 frame_type=Open payload_bytes=158
2026-09-26T01:46:52.175868Z DEBUG netbaiot_transports::business_rpc::v3: business RPC V3 writer completed frame stream_id=278 frame_type=Open payload_bytes=158
2026-09-26T01:46:52.175871Z DEBUG netbaiot_transports::business_rpc::v3: business RPC V3 selected frame stream_id=276 frame_type=Data payload_bytes=198
2026-09-26T01:46:52.175874Z DEBUG netbaiot_transports::business_rpc::v3: business RPC V3 writer completed frame stream_id=276 frame_type=Data payload_bytes=198
2026-09-26T01:46:52.175877Z DEBUG netbaiot_transports::business_rpc::v3: business RPC V3 selected frame stream_id=278 frame_type=Data payload_bytes=198
2026-09-26T01:46:52.175897Z DEBUG netbaiot_transports::business_rpc::v3: business RPC V3 writer completed frame stream_id=278 frame_type=Data payload_bytes=198
2026-09-26T01:46:52.179868Z DEBUG netbaiot_transports::business_rpc::v3: business RPC V3 body entered scheduler stream_id=280 class=Event body_bytes=17365
2026-09-26T01:46:52.179874Z DEBUG netbaiot_transports::business_rpc::v3: business RPC V3 selected frame stream_id=280 frame_type=Open payload_bytes=184
2026-09-26T01:46:52.179880Z DEBUG netbaiot_transports::business_rpc::v3: business RPC V3 writer completed frame stream_id=280 frame_type=Open payload_bytes=184
2026-09-26T01:46:52.179884Z DEBUG netbaiot_transports::business_rpc::v3: business RPC V3 selected frame stream_id=280 frame_type=Data payload_bytes=8192
2026-09-26T01:46:52.179888Z DEBUG netbaiot_transports::business_rpc::v3: business RPC V3 writer completed frame stream_id=280 frame_type=Data payload_bytes=8192
2026-09-26T01:46:52.179890Z DEBUG netbaiot_transports::business_rpc::v3: business RPC V3 selected frame stream_id=280 frame_type=Data payload_bytes=8192
2026-09-26T01:46:52.179909Z DEBUG netbaiot_transports::business_rpc::v3: business RPC V3 writer completed frame stream_id=280 frame_type=Data payload_bytes=8192
2026-09-26T01:46:52.188899Z DEBUG netbaiot_transports::business_rpc::v3: business RPC V3 body entered scheduler stream_id=282 class=Rpc body_bytes=197
2026-09-26T01:46:52.188911Z DEBUG netbaiot_transports::business_rpc::v3: business RPC V3 selected frame stream_id=282 frame_type=Open payload_bytes=158
2026-09-26T01:46:52.188920Z DEBUG netbaiot_transports::business_rpc::v3: business RPC V3 writer completed frame stream_id=282 frame_type=Open payload_bytes=158
2026-09-26T01:46:52.188941Z DEBUG netbaiot_transports::business_rpc::v3: business RPC V3 selected frame stream_id=282 frame_type=Data payload_bytes=197
2026-09-26T01:46:52.188949Z DEBUG netbaiot_transports::business_rpc::v3: business RPC V3 writer completed frame stream_id=282 frame_type=Data payload_bytes=197
2026-09-26T01:46:52.228979Z DEBUG netbaiot_transports::business_rpc::v3: business RPC V3 received frame stream_id=0 frame_type=WindowUpdate payload_bytes=4
2026-09-26T01:46:52.229001Z DEBUG netbaiot_transports::business_rpc::v3: business RPC V3 received frame stream_id=268 frame_type=Response payload_bytes=35
2026-09-26T01:46:52.229007Z DEBUG netbaiot_transports::business_rpc::v3: business RPC V3 received frame stream_id=268 frame_type=Data payload_bytes=215
2026-09-26T01:46:52.229042Z DEBUG netbaiot_transports::business_rpc::v3: business RPC V3 selected frame stream_id=0 frame_type=WindowUpdate payload_bytes=4
2026-09-26T01:46:52.229084Z DEBUG netbaiot_transports::business_rpc::v3: business RPC V3 writer completed frame stream_id=0 frame_type=WindowUpdate payload_bytes=4
2026-09-26T01:46:52.229544Z DEBUG netbaiot_transports::business_rpc::v3: business RPC V3 body entered scheduler stream_id=284 class=Rpc body_bytes=198
2026-09-26T01:46:52.229552Z DEBUG netbaiot_transports::business_rpc::v3: business RPC V3 selected frame stream_id=284 frame_type=Open payload_bytes=158
2026-09-26T01:46:52.229561Z DEBUG netbaiot_transports::business_rpc::v3: business RPC V3 writer completed frame stream_id=284 frame_type=Open payload_bytes=158
2026-09-26T01:46:52.229565Z DEBUG netbaiot_transports::business_rpc::v3: business RPC V3 selected frame stream_id=284 frame_type=Data payload_bytes=198
2026-09-26T01:46:52.229569Z DEBUG netbaiot_transports::business_rpc::v3: business RPC V3 writer completed frame stream_id=284 frame_type=Data payload_bytes=198
2026-09-26T01:46:52.233603Z DEBUG netbaiot_transports::business_rpc::v3: business RPC V3 body entered scheduler stream_id=286 class=Rpc body_bytes=197
2026-09-26T01:46:52.233632Z DEBUG netbaiot_transports::business_rpc::v3: business RPC V3 selected frame stream_id=286 frame_type=Open payload_bytes=158
2026-09-26T01:46:52.233647Z DEBUG netbaiot_transports::business_rpc::v3: business RPC V3 writer completed frame stream_id=286 frame_type=Open payload_bytes=158
2026-09-26T01:46:52.233651Z DEBUG netbaiot_transports::business_rpc::v3: business RPC V3 selected frame stream_id=286 frame_type=Data payload_bytes=197
2026-09-26T01:46:52.233690Z DEBUG netbaiot_transports::business_rpc::v3: business RPC V3 writer completed frame stream_id=286 frame_type=Data payload_bytes=197
2026-09-26T01:46:52.259847Z DEBUG netbaiot_transports::business_rpc::v3: business RPC V3 received frame stream_id=0 frame_type=WindowUpdate payload_bytes=4
2026-09-26T01:46:52.259900Z DEBUG netbaiot_transports::business_rpc::v3: business RPC V3 received frame stream_id=0 frame_type=WindowUpdate payload_bytes=4
2026-09-26T01:46:52.259916Z DEBUG netbaiot_transports::business_rpc::v3: business RPC V3 received frame stream_id=0 frame_type=WindowUpdate payload_bytes=4
2026-09-26T01:46:52.259923Z DEBUG netbaiot_transports::business_rpc::v3: business RPC V3 received frame stream_id=274 frame_type=Response payload_bytes=35
2026-09-26T01:46:52.259933Z DEBUG netbaiot_transports::business_rpc::v3: business RPC V3 received frame stream_id=274 frame_type=Data payload_bytes=216
2026-09-26T01:46:52.259972Z DEBUG netbaiot_transports::business_rpc::v3: business RPC V3 received frame stream_id=270 frame_type=Response payload_bytes=35
2026-09-26T01:46:52.259988Z DEBUG netbaiot_transports::business_rpc::v3: business RPC V3 received frame stream_id=272 frame_type=Response payload_bytes=35
2026-09-26T01:46:52.260003Z DEBUG netbaiot_transports::business_rpc::v3: business RPC V3 received frame stream_id=270 frame_type=Data payload_bytes=216
2026-09-26T01:46:52.260019Z DEBUG netbaiot_transports::business_rpc::v3: business RPC V3 received frame stream_id=272 frame_type=Data payload_bytes=216
2026-09-26T01:46:52.259987Z DEBUG netbaiot_transports::business_rpc::v3: business RPC V3 selected frame stream_id=0 frame_type=WindowUpdate payload_bytes=4
2026-09-26T01:46:52.260130Z DEBUG netbaiot_transports::business_rpc::v3: business RPC V3 writer completed frame stream_id=0 frame_type=WindowUpdate payload_bytes=4
2026-09-26T01:46:52.260169Z DEBUG netbaiot_transports::business_rpc::v3: business RPC V3 selected frame stream_id=0 frame_type=WindowUpdate payload_bytes=4
2026-09-26T01:46:52.260178Z DEBUG netbaiot_transports::business_rpc::v3: business RPC V3 writer completed frame stream_id=0 frame_type=WindowUpdate payload_bytes=4
2026-09-26T01:46:52.260181Z DEBUG netbaiot_transports::business_rpc::v3: business RPC V3 selected frame stream_id=0 frame_type=WindowUpdate payload_bytes=4
2026-09-26T01:46:52.260217Z DEBUG netbaiot_transports::business_rpc::v3: business RPC V3 writer completed frame stream_id=0 frame_type=WindowUpdate payload_bytes=4
2026-09-26T01:46:52.261011Z DEBUG netbaiot_transports::business_rpc::v3: business RPC V3 body entered scheduler stream_id=288 class=Rpc body_bytes=198
2026-09-26T01:46:52.261055Z DEBUG netbaiot_transports::business_rpc::v3: business RPC V3 selected frame stream_id=288 frame_type=Open payload_bytes=158
2026-09-26T01:46:52.261097Z DEBUG netbaiot_transports::business_rpc::v3: business RPC V3 writer completed frame stream_id=288 frame_type=Open payload_bytes=158
2026-09-26T01:46:52.261110Z DEBUG netbaiot_transports::business_rpc::v3: business RPC V3 body entered scheduler stream_id=290 class=Rpc body_bytes=198
2026-09-26T01:46:52.261118Z DEBUG netbaiot_transports::business_rpc::v3: business RPC V3 selected frame stream_id=288 frame_type=Data payload_bytes=198
2026-09-26T01:46:52.261129Z DEBUG netbaiot_transports::business_rpc::v3: business RPC V3 writer completed frame stream_id=288 frame_type=Data payload_bytes=198
2026-09-26T01:46:52.261137Z DEBUG netbaiot_transports::business_rpc::v3: business RPC V3 selected frame stream_id=290 frame_type=Open payload_bytes=158
2026-09-26T01:46:52.261146Z DEBUG netbaiot_transports::business_rpc::v3: business RPC V3 writer completed frame stream_id=290 frame_type=Open payload_bytes=158
2026-09-26T01:46:52.261153Z DEBUG netbaiot_transports::business_rpc::v3: business RPC V3 body entered scheduler stream_id=292 class=Rpc body_bytes=198
2026-09-26T01:46:52.261159Z DEBUG netbaiot_transports::business_rpc::v3: business RPC V3 selected frame stream_id=292 frame_type=Open payload_bytes=158
2026-09-26T01:46:52.261167Z DEBUG netbaiot_transports::business_rpc::v3: business RPC V3 writer completed frame stream_id=292 frame_type=Open payload_bytes=158
2026-09-26T01:46:52.261173Z DEBUG netbaiot_transports::business_rpc::v3: business RPC V3 selected frame stream_id=290 frame_type=Data payload_bytes=198
2026-09-26T01:46:52.261182Z DEBUG netbaiot_transports::business_rpc::v3: business RPC V3 writer completed frame stream_id=290 frame_type=Data payload_bytes=198
2026-09-26T01:46:52.261188Z DEBUG netbaiot_transports::business_rpc::v3: business RPC V3 selected frame stream_id=292 frame_type=Data payload_bytes=198
2026-09-26T01:46:52.261196Z DEBUG netbaiot_transports::business_rpc::v3: business RPC V3 writer completed frame stream_id=292 frame_type=Data payload_bytes=198
2026-09-26T01:46:52.348586Z DEBUG netbaiot_transports::business_rpc::v3: business RPC V3 body entered scheduler stream_id=294 class=Rpc body_bytes=198
2026-09-26T01:46:52.348710Z DEBUG netbaiot_transports::business_rpc::v3: business RPC V3 selected frame stream_id=294 frame_type=Open payload_bytes=158
2026-09-26T01:46:52.348736Z DEBUG netbaiot_transports::business_rpc::v3: business RPC V3 writer completed frame stream_id=294 frame_type=Open payload_bytes=158
2026-09-26T01:46:52.348742Z DEBUG netbaiot_transports::business_rpc::v3: business RPC V3 selected frame stream_id=294 frame_type=Data payload_bytes=198
2026-09-26T01:46:52.348747Z DEBUG netbaiot_transports::business_rpc::v3: business RPC V3 writer completed frame stream_id=294 frame_type=Data payload_bytes=198
2026-09-26T01:46:52.352555Z DEBUG netbaiot_transports::business_rpc::v3: business RPC V3 received frame stream_id=0 frame_type=WindowUpdate payload_bytes=4
2026-09-26T01:46:52.352597Z DEBUG netbaiot_transports::business_rpc::v3: business RPC V3 received frame stream_id=0 frame_type=WindowUpdate payload_bytes=4
2026-09-26T01:46:52.352608Z DEBUG netbaiot_transports::business_rpc::v3: business RPC V3 received frame stream_id=0 frame_type=WindowUpdate payload_bytes=4
2026-09-26T01:46:52.352614Z DEBUG netbaiot_transports::business_rpc::v3: business RPC V3 received frame stream_id=280 frame_type=WindowUpdate payload_bytes=4
2026-09-26T01:46:52.352620Z DEBUG netbaiot_transports::business_rpc::v3: business RPC V3 received frame stream_id=278 frame_type=Response payload_bytes=35
2026-09-26T01:46:52.352629Z DEBUG netbaiot_transports::business_rpc::v3: business RPC V3 received frame stream_id=278 frame_type=Data payload_bytes=216
2026-09-26T01:46:52.352660Z DEBUG netbaiot_transports::business_rpc::v3: business RPC V3 received frame stream_id=276 frame_type=Response payload_bytes=35
2026-09-26T01:46:52.352668Z DEBUG netbaiot_transports::business_rpc::v3: business RPC V3 received frame stream_id=276 frame_type=Data payload_bytes=216
2026-09-26T01:46:52.352749Z DEBUG netbaiot_transports::business_rpc::v3: business RPC V3 selected frame stream_id=0 frame_type=WindowUpdate payload_bytes=4
2026-09-26T01:46:52.352767Z DEBUG netbaiot_transports::business_rpc::v3: business RPC V3 writer completed frame stream_id=0 frame_type=WindowUpdate payload_bytes=4
2026-09-26T01:46:52.352773Z DEBUG netbaiot_transports::business_rpc::v3: business RPC V3 selected frame stream_id=0 frame_type=WindowUpdate payload_bytes=4
2026-09-26T01:46:52.352781Z DEBUG netbaiot_transports::business_rpc::v3: business RPC V3 writer completed frame stream_id=0 frame_type=WindowUpdate payload_bytes=4
2026-09-26T01:46:52.352788Z DEBUG netbaiot_transports::business_rpc::v3: business RPC V3 selected frame stream_id=280 frame_type=Data payload_bytes=981
2026-09-26T01:46:52.352797Z DEBUG netbaiot_transports::business_rpc::v3: business RPC V3 writer completed frame stream_id=280 frame_type=Data payload_bytes=981
2026-09-26T01:46:52.353341Z DEBUG netbaiot_transports::business_rpc::v3: business RPC V3 body entered scheduler stream_id=296 class=Rpc body_bytes=198
2026-09-26T01:46:52.353376Z DEBUG netbaiot_transports::business_rpc::v3: business RPC V3 body entered scheduler stream_id=298 class=Rpc body_bytes=198
2026-09-26T01:46:52.353384Z DEBUG netbaiot_transports::business_rpc::v3: business RPC V3 selected frame stream_id=296 frame_type=Open payload_bytes=158
2026-09-26T01:46:52.353404Z DEBUG netbaiot_transports::business_rpc::v3: business RPC V3 writer completed frame stream_id=296 frame_type=Open payload_bytes=158
2026-09-26T01:46:52.353413Z DEBUG netbaiot_transports::business_rpc::v3: business RPC V3 selected frame stream_id=298 frame_type=Open payload_bytes=158
2026-09-26T01:46:52.353421Z DEBUG netbaiot_transports::business_rpc::v3: business RPC V3 writer completed frame stream_id=298 frame_type=Open payload_bytes=158
2026-09-26T01:46:52.353427Z DEBUG netbaiot_transports::business_rpc::v3: business RPC V3 selected frame stream_id=296 frame_type=Data payload_bytes=198
2026-09-26T01:46:52.353435Z DEBUG netbaiot_transports::business_rpc::v3: business RPC V3 writer completed frame stream_id=296 frame_type=Data payload_bytes=198
2026-09-26T01:46:52.353441Z DEBUG netbaiot_transports::business_rpc::v3: business RPC V3 selected frame stream_id=298 frame_type=Data payload_bytes=198
2026-09-26T01:46:52.353449Z DEBUG netbaiot_transports::business_rpc::v3: business RPC V3 writer completed frame stream_id=298 frame_type=Data payload_bytes=198
2026-09-26T01:46:52.375199Z DEBUG netbaiot_transports::business_rpc::v3: business RPC V3 body entered scheduler stream_id=300 class=Rpc body_bytes=198
2026-09-26T01:46:52.375236Z DEBUG netbaiot_transports::business_rpc::v3: business RPC V3 selected frame stream_id=300 frame_type=Open payload_bytes=158
2026-09-26T01:46:52.375306Z DEBUG netbaiot_transports::business_rpc::v3: business RPC V3 writer completed frame stream_id=300 frame_type=Open payload_bytes=158
2026-09-26T01:46:52.375322Z DEBUG netbaiot_transports::business_rpc::v3: business RPC V3 selected frame stream_id=300 frame_type=Data payload_bytes=198
2026-09-26T01:46:52.375329Z DEBUG netbaiot_transports::business_rpc::v3: business RPC V3 writer completed frame stream_id=300 frame_type=Data payload_bytes=198
2026-09-26T01:46:52.386379Z DEBUG netbaiot_transports::business_rpc::v3: business RPC V3 body entered scheduler stream_id=302 class=Rpc body_bytes=198
2026-09-26T01:46:52.386396Z DEBUG netbaiot_transports::business_rpc::v3: business RPC V3 selected frame stream_id=302 frame_type=Open payload_bytes=158
2026-09-26T01:46:52.386413Z DEBUG netbaiot_transports::business_rpc::v3: business RPC V3 writer completed frame stream_id=302 frame_type=Open payload_bytes=158
2026-09-26T01:46:52.386417Z DEBUG netbaiot_transports::business_rpc::v3: business RPC V3 selected frame stream_id=302 frame_type=Data payload_bytes=198
2026-09-26T01:46:52.386422Z DEBUG netbaiot_transports::business_rpc::v3: business RPC V3 writer completed frame stream_id=302 frame_type=Data payload_bytes=198
2026-09-26T01:46:52.386598Z DEBUG netbaiot_transports::business_rpc::v3: business RPC V3 received frame stream_id=0 frame_type=WindowUpdate payload_bytes=4
2026-09-26T01:46:52.386669Z DEBUG netbaiot_transports::business_rpc::v3: business RPC V3 received frame stream_id=280 frame_type=WindowUpdate payload_bytes=4
2026-09-26T01:46:52.386685Z DEBUG netbaiot_transports::business_rpc::v3: business RPC V3 received frame stream_id=0 frame_type=WindowUpdate payload_bytes=4
2026-09-26T01:46:52.386693Z DEBUG netbaiot_transports::business_rpc::v3: business RPC V3 received frame stream_id=0 frame_type=WindowUpdate payload_bytes=4
2026-09-26T01:46:52.386707Z DEBUG netbaiot_transports::business_rpc::v3: business RPC V3 received frame stream_id=0 frame_type=WindowUpdate payload_bytes=4
2026-09-26T01:46:52.386714Z DEBUG netbaiot_transports::business_rpc::v3: business RPC V3 received frame stream_id=0 frame_type=WindowUpdate payload_bytes=4
2026-09-26T01:46:52.386717Z DEBUG netbaiot_transports::business_rpc::v3: business RPC V3 received frame stream_id=0 frame_type=WindowUpdate payload_bytes=4
2026-09-26T01:46:52.386719Z DEBUG netbaiot_transports::business_rpc::v3: business RPC V3 received frame stream_id=0 frame_type=WindowUpdate payload_bytes=4
2026-09-26T01:46:52.386721Z DEBUG netbaiot_transports::business_rpc::v3: business RPC V3 received frame stream_id=292 frame_type=Response payload_bytes=35
2026-09-26T01:46:52.386725Z DEBUG netbaiot_transports::business_rpc::v3: business RPC V3 received frame stream_id=292 frame_type=Data payload_bytes=216
2026-09-26T01:46:52.386756Z DEBUG netbaiot_transports::business_rpc::v3: business RPC V3 received frame stream_id=282 frame_type=Response payload_bytes=35
2026-09-26T01:46:52.386778Z DEBUG netbaiot_transports::business_rpc::v3: business RPC V3 received frame stream_id=284 frame_type=Response payload_bytes=35
2026-09-26T01:46:52.386787Z DEBUG netbaiot_transports::business_rpc::v3: business RPC V3 received frame stream_id=286 frame_type=Response payload_bytes=35
2026-09-26T01:46:52.386761Z DEBUG netbaiot_transports::business_rpc::v3: business RPC V3 selected frame stream_id=0 frame_type=WindowUpdate payload_bytes=4
2026-09-26T01:46:52.386795Z DEBUG netbaiot_transports::business_rpc::v3: business RPC V3 received frame stream_id=282 frame_type=Data payload_bytes=215
2026-09-26T01:46:52.386828Z DEBUG netbaiot_transports::business_rpc::v3: business RPC V3 received frame stream_id=284 frame_type=Data payload_bytes=216
2026-09-26T01:46:52.386841Z DEBUG netbaiot_transports::business_rpc::v3: business RPC V3 received frame stream_id=286 frame_type=Data payload_bytes=215
2026-09-26T01:46:52.386855Z DEBUG netbaiot_transports::business_rpc::v3: business RPC V3 received frame stream_id=290 frame_type=Response payload_bytes=35
2026-09-26T01:46:52.386863Z DEBUG netbaiot_transports::business_rpc::v3: business RPC V3 received frame stream_id=290 frame_type=Data payload_bytes=216
2026-09-26T01:46:52.386873Z DEBUG netbaiot_transports::business_rpc::v3: business RPC V3 received frame stream_id=288 frame_type=Response payload_bytes=35
2026-09-26T01:46:52.386880Z DEBUG netbaiot_transports::business_rpc::v3: business RPC V3 received frame stream_id=288 frame_type=Data payload_bytes=216
2026-09-26T01:46:52.386805Z DEBUG netbaiot_transports::business_rpc::v3: business RPC V3 writer completed frame stream_id=0 frame_type=WindowUpdate payload_bytes=4
2026-09-26T01:46:52.386932Z DEBUG netbaiot_transports::business_rpc::v3: business RPC V3 selected frame stream_id=0 frame_type=WindowUpdate payload_bytes=4
2026-09-26T01:46:52.386956Z DEBUG netbaiot_transports::business_rpc::v3: business RPC V3 writer completed frame stream_id=0 frame_type=WindowUpdate payload_bytes=4
2026-09-26T01:46:52.386964Z DEBUG netbaiot_transports::business_rpc::v3: business RPC V3 selected frame stream_id=0 frame_type=WindowUpdate payload_bytes=4
2026-09-26T01:46:52.386974Z DEBUG netbaiot_transports::business_rpc::v3: business RPC V3 writer completed frame stream_id=0 frame_type=WindowUpdate payload_bytes=4
2026-09-26T01:46:52.386980Z DEBUG netbaiot_transports::business_rpc::v3: business RPC V3 selected frame stream_id=0 frame_type=WindowUpdate payload_bytes=4
2026-09-26T01:46:52.386988Z DEBUG netbaiot_transports::business_rpc::v3: business RPC V3 writer completed frame stream_id=0 frame_type=WindowUpdate payload_bytes=4
2026-09-26T01:46:52.386994Z DEBUG netbaiot_transports::business_rpc::v3: business RPC V3 selected frame stream_id=0 frame_type=WindowUpdate payload_bytes=4
2026-09-26T01:46:52.387005Z DEBUG netbaiot_transports::business_rpc::v3: business RPC V3 writer completed frame stream_id=0 frame_type=WindowUpdate payload_bytes=4
2026-09-26T01:46:52.387011Z DEBUG netbaiot_transports::business_rpc::v3: business RPC V3 selected frame stream_id=0 frame_type=WindowUpdate payload_bytes=4
2026-09-26T01:46:52.387019Z DEBUG netbaiot_transports::business_rpc::v3: business RPC V3 writer completed frame stream_id=0 frame_type=WindowUpdate payload_bytes=4
2026-09-26T01:46:52.388099Z DEBUG netbaiot_transports::business_rpc::v3: business RPC V3 body entered scheduler stream_id=304 class=Rpc body_bytes=198
2026-09-26T01:46:52.388137Z DEBUG netbaiot_transports::business_rpc::v3: business RPC V3 body entered scheduler stream_id=306 class=Rpc body_bytes=198
2026-09-26T01:46:52.388146Z DEBUG netbaiot_transports::business_rpc::v3: business RPC V3 selected frame stream_id=304 frame_type=Open payload_bytes=158
2026-09-26T01:46:52.388169Z DEBUG netbaiot_transports::business_rpc::v3: business RPC V3 writer completed frame stream_id=304 frame_type=Open payload_bytes=158
2026-09-26T01:46:52.388179Z DEBUG netbaiot_transports::business_rpc::v3: business RPC V3 body entered scheduler stream_id=308 class=Rpc body_bytes=198
2026-09-26T01:46:52.388185Z DEBUG netbaiot_transports::business_rpc::v3: business RPC V3 selected frame stream_id=306 frame_type=Open payload_bytes=158
2026-09-26T01:46:52.388194Z DEBUG netbaiot_transports::business_rpc::v3: business RPC V3 writer completed frame stream_id=306 frame_type=Open payload_bytes=158
2026-09-26T01:46:52.388200Z DEBUG netbaiot_transports::business_rpc::v3: business RPC V3 selected frame stream_id=308 frame_type=Open payload_bytes=158
2026-09-26T01:46:52.388207Z DEBUG netbaiot_transports::business_rpc::v3: business RPC V3 writer completed frame stream_id=308 frame_type=Open payload_bytes=158
2026-09-26T01:46:52.388215Z DEBUG netbaiot_transports::business_rpc::v3: business RPC V3 selected frame stream_id=304 frame_type=Data payload_bytes=198
2026-09-26T01:46:52.388222Z DEBUG netbaiot_transports::business_rpc::v3: business RPC V3 writer completed frame stream_id=304 frame_type=Data payload_bytes=198
2026-09-26T01:46:52.388229Z DEBUG netbaiot_transports::business_rpc::v3: business RPC V3 selected frame stream_id=306 frame_type=Data payload_bytes=198
2026-09-26T01:46:52.388236Z DEBUG netbaiot_transports::business_rpc::v3: business RPC V3 writer completed frame stream_id=306 frame_type=Data payload_bytes=198
2026-09-26T01:46:52.388242Z DEBUG netbaiot_transports::business_rpc::v3: business RPC V3 selected frame stream_id=308 frame_type=Data payload_bytes=198
2026-09-26T01:46:52.388250Z DEBUG netbaiot_transports::business_rpc::v3: business RPC V3 writer completed frame stream_id=308 frame_type=Data payload_bytes=198
2026-09-26T01:46:52.388539Z DEBUG netbaiot_transports::business_rpc::v3: business RPC V3 body entered scheduler stream_id=310 class=Rpc body_bytes=198
2026-09-26T01:46:52.388640Z DEBUG netbaiot_transports::business_rpc::v3: business RPC V3 selected frame stream_id=310 frame_type=Open payload_bytes=158
2026-09-26T01:46:52.388682Z DEBUG netbaiot_transports::business_rpc::v3: business RPC V3 writer completed frame stream_id=310 frame_type=Open payload_bytes=158
2026-09-26T01:46:52.388697Z DEBUG netbaiot_transports::business_rpc::v3: business RPC V3 selected frame stream_id=310 frame_type=Data payload_bytes=198
2026-09-26T01:46:52.388707Z DEBUG netbaiot_transports::business_rpc::v3: business RPC V3 writer completed frame stream_id=310 frame_type=Data payload_bytes=198
2026-09-26T01:46:52.478076Z DEBUG netbaiot_transports::business_rpc::v3: business RPC V3 received frame stream_id=0 frame_type=WindowUpdate payload_bytes=4
2026-09-26T01:46:52.478119Z DEBUG netbaiot_transports::business_rpc::v3: business RPC V3 received frame stream_id=0 frame_type=WindowUpdate payload_bytes=4
2026-09-26T01:46:52.478131Z DEBUG netbaiot_transports::business_rpc::v3: business RPC V3 received frame stream_id=0 frame_type=WindowUpdate payload_bytes=4
2026-09-26T01:46:52.478139Z DEBUG netbaiot_transports::business_rpc::v3: business RPC V3 received frame stream_id=0 frame_type=WindowUpdate payload_bytes=4
2026-09-26T01:46:52.478146Z DEBUG netbaiot_transports::business_rpc::v3: business RPC V3 received frame stream_id=298 frame_type=Response payload_bytes=35
2026-09-26T01:46:52.478157Z DEBUG netbaiot_transports::business_rpc::v3: business RPC V3 received frame stream_id=296 frame_type=Response payload_bytes=35
2026-09-26T01:46:52.478164Z DEBUG netbaiot_transports::business_rpc::v3: business RPC V3 received frame stream_id=294 frame_type=Response payload_bytes=35
2026-09-26T01:46:52.478170Z DEBUG netbaiot_transports::business_rpc::v3: business RPC V3 received frame stream_id=298 frame_type=Data payload_bytes=216
2026-09-26T01:46:52.478202Z DEBUG netbaiot_transports::business_rpc::v3: business RPC V3 received frame stream_id=296 frame_type=Data payload_bytes=216
2026-09-26T01:46:52.478216Z DEBUG netbaiot_transports::business_rpc::v3: business RPC V3 received frame stream_id=294 frame_type=Data payload_bytes=216
2026-09-26T01:46:52.478228Z DEBUG netbaiot_transports::business_rpc::v3: business RPC V3 received frame stream_id=280 frame_type=Response payload_bytes=35
2026-09-26T01:46:52.478235Z DEBUG netbaiot_transports::business_rpc::v3: business RPC V3 received frame stream_id=280 frame_type=Data payload_bytes=118
2026-09-26T01:46:52.478243Z DEBUG netbaiot_transports::business_rpc::v3: business RPC V3 Event delivery acknowledged stream_id=280 completion_us=298377
2026-09-26T01:46:52.478328Z DEBUG netbaiot_transports::business_rpc::v3: business RPC V3 selected frame stream_id=0 frame_type=WindowUpdate payload_bytes=4
2026-09-26T01:46:52.478354Z DEBUG netbaiot_transports::business_rpc::v3: business RPC V3 writer completed frame stream_id=0 frame_type=WindowUpdate payload_bytes=4
2026-09-26T01:46:52.478364Z DEBUG netbaiot_transports::business_rpc::v3: business RPC V3 selected frame stream_id=0 frame_type=WindowUpdate payload_bytes=4
2026-09-26T01:46:52.478374Z DEBUG netbaiot_transports::business_rpc::v3: business RPC V3 writer completed frame stream_id=0 frame_type=WindowUpdate payload_bytes=4
2026-09-26T01:46:52.478380Z DEBUG netbaiot_transports::business_rpc::v3: business RPC V3 selected frame stream_id=0 frame_type=WindowUpdate payload_bytes=4
2026-09-26T01:46:52.478389Z DEBUG netbaiot_transports::business_rpc::v3: business RPC V3 writer completed frame stream_id=0 frame_type=WindowUpdate payload_bytes=4
2026-09-26T01:46:52.478395Z DEBUG netbaiot_transports::business_rpc::v3: business RPC V3 selected frame stream_id=0 frame_type=WindowUpdate payload_bytes=4
2026-09-26T01:46:52.478402Z DEBUG netbaiot_transports::business_rpc::v3: business RPC V3 writer completed frame stream_id=0 frame_type=WindowUpdate payload_bytes=4
2026-09-26T01:46:52.510914Z DEBUG netbaiot_transports::business_rpc::v3: business RPC V3 received frame stream_id=0 frame_type=WindowUpdate payload_bytes=4
2026-09-26T01:46:52.510981Z DEBUG netbaiot_transports::business_rpc::v3: business RPC V3 received frame stream_id=0 frame_type=WindowUpdate payload_bytes=4
2026-09-26T01:46:52.510988Z DEBUG netbaiot_transports::business_rpc::v3: business RPC V3 received frame stream_id=0 frame_type=WindowUpdate payload_bytes=4
2026-09-26T01:46:52.510991Z DEBUG netbaiot_transports::business_rpc::v3: business RPC V3 received frame stream_id=0 frame_type=WindowUpdate payload_bytes=4
2026-09-26T01:46:52.511017Z DEBUG netbaiot_transports::business_rpc::v3: business RPC V3 received frame stream_id=0 frame_type=WindowUpdate payload_bytes=4
2026-09-26T01:46:52.511022Z DEBUG netbaiot_transports::business_rpc::v3: business RPC V3 received frame stream_id=0 frame_type=WindowUpdate payload_bytes=4
2026-09-26T01:46:52.511025Z DEBUG netbaiot_transports::business_rpc::v3: business RPC V3 received frame stream_id=310 frame_type=Response payload_bytes=35
2026-09-26T01:46:52.511055Z DEBUG netbaiot_transports::business_rpc::v3: business RPC V3 received frame stream_id=306 frame_type=Response payload_bytes=35
2026-09-26T01:46:52.511060Z DEBUG netbaiot_transports::business_rpc::v3: business RPC V3 received frame stream_id=308 frame_type=Response payload_bytes=35
2026-09-26T01:46:52.511063Z DEBUG netbaiot_transports::business_rpc::v3: business RPC V3 received frame stream_id=310 frame_type=Data payload_bytes=216
2026-09-26T01:46:52.511134Z DEBUG netbaiot_transports::business_rpc::v3: business RPC V3 received frame stream_id=304 frame_type=Response payload_bytes=35
2026-09-26T01:46:52.511137Z DEBUG netbaiot_transports::business_rpc::v3: business RPC V3 received frame stream_id=306 frame_type=Data payload_bytes=216
2026-09-26T01:46:52.511144Z DEBUG netbaiot_transports::business_rpc::v3: business RPC V3 received frame stream_id=308 frame_type=Data payload_bytes=216
2026-09-26T01:46:52.511149Z DEBUG netbaiot_transports::business_rpc::v3: business RPC V3 received frame stream_id=304 frame_type=Data payload_bytes=216
2026-09-26T01:46:52.511153Z DEBUG netbaiot_transports::business_rpc::v3: business RPC V3 selected frame stream_id=0 frame_type=WindowUpdate payload_bytes=4
2026-09-26T01:46:52.511185Z DEBUG netbaiot_transports::business_rpc::v3: business RPC V3 received frame stream_id=300 frame_type=Response payload_bytes=35
2026-09-26T01:46:52.511236Z DEBUG netbaiot_transports::business_rpc::v3: business RPC V3 writer completed frame stream_id=0 frame_type=WindowUpdate payload_bytes=4
2026-09-26T01:46:52.511249Z DEBUG netbaiot_transports::business_rpc::v3: business RPC V3 selected frame stream_id=0 frame_type=WindowUpdate payload_bytes=4
2026-09-26T01:46:52.511260Z DEBUG netbaiot_transports::business_rpc::v3: business RPC V3 writer completed frame stream_id=0 frame_type=WindowUpdate payload_bytes=4
2026-09-26T01:46:52.511267Z DEBUG netbaiot_transports::business_rpc::v3: business RPC V3 selected frame stream_id=0 frame_type=WindowUpdate payload_bytes=4
2026-09-26T01:46:52.511239Z DEBUG netbaiot_transports::business_rpc::v3: business RPC V3 received frame stream_id=302 frame_type=Response payload_bytes=35
2026-09-26T01:46:52.511289Z DEBUG netbaiot_transports::business_rpc::v3: business RPC V3 received frame stream_id=300 frame_type=Data payload_bytes=216
2026-09-26T01:46:52.511310Z DEBUG netbaiot_transports::business_rpc::v3: business RPC V3 received frame stream_id=302 frame_type=Data payload_bytes=216
2026-09-26T01:46:52.511278Z DEBUG netbaiot_transports::business_rpc::v3: business RPC V3 writer completed frame stream_id=0 frame_type=WindowUpdate payload_bytes=4
2026-09-26T01:46:52.511346Z DEBUG netbaiot_transports::business_rpc::v3: business RPC V3 selected frame stream_id=0 frame_type=WindowUpdate payload_bytes=4
2026-09-26T01:46:52.511364Z DEBUG netbaiot_transports::business_rpc::v3: business RPC V3 writer completed frame stream_id=0 frame_type=WindowUpdate payload_bytes=4
2026-09-26T01:46:52.511371Z DEBUG netbaiot_transports::business_rpc::v3: business RPC V3 selected frame stream_id=0 frame_type=WindowUpdate payload_bytes=4
2026-09-26T01:46:52.511380Z DEBUG netbaiot_transports::business_rpc::v3: business RPC V3 writer completed frame stream_id=0 frame_type=WindowUpdate payload_bytes=4
2026-09-26T01:46:52.511386Z DEBUG netbaiot_transports::business_rpc::v3: business RPC V3 selected frame stream_id=0 frame_type=WindowUpdate payload_bytes=4
2026-09-26T01:46:52.511395Z DEBUG netbaiot_transports::business_rpc::v3: business RPC V3 writer completed frame stream_id=0 frame_type=WindowUpdate payload_bytes=4
2026-09-26T01:46:52.679697Z DEBUG netbaiot_transports::business_rpc::v3: business RPC V3 body entered scheduler stream_id=312 class=Event body_bytes=17366
2026-09-26T01:46:52.679746Z DEBUG netbaiot_transports::business_rpc::v3: business RPC V3 selected frame stream_id=312 frame_type=Open payload_bytes=184
2026-09-26T01:46:52.679797Z DEBUG netbaiot_transports::business_rpc::v3: business RPC V3 writer completed frame stream_id=312 frame_type=Open payload_bytes=184
2026-09-26T01:46:52.679814Z DEBUG netbaiot_transports::business_rpc::v3: business RPC V3 selected frame stream_id=312 frame_type=Data payload_bytes=8192
2026-09-26T01:46:52.679838Z DEBUG netbaiot_transports::business_rpc::v3: business RPC V3 writer completed frame stream_id=312 frame_type=Data payload_bytes=8192
2026-09-26T01:46:52.679845Z DEBUG netbaiot_transports::business_rpc::v3: business RPC V3 selected frame stream_id=312 frame_type=Data payload_bytes=8192
2026-09-26T01:46:52.679864Z DEBUG netbaiot_transports::business_rpc::v3: business RPC V3 writer completed frame stream_id=312 frame_type=Data payload_bytes=8192
2026-09-26T01:46:52.824190Z DEBUG netbaiot_transports::business_rpc::v3: business RPC V3 received frame stream_id=0 frame_type=WindowUpdate payload_bytes=4
2026-09-26T01:46:52.824222Z DEBUG netbaiot_transports::business_rpc::v3: business RPC V3 received frame stream_id=312 frame_type=WindowUpdate payload_bytes=4
2026-09-26T01:46:52.824238Z DEBUG netbaiot_transports::business_rpc::v3: business RPC V3 selected frame stream_id=312 frame_type=Data payload_bytes=982
2026-09-26T01:46:52.824258Z DEBUG netbaiot_transports::business_rpc::v3: business RPC V3 writer completed frame stream_id=312 frame_type=Data payload_bytes=982
2026-09-26T01:46:52.851374Z DEBUG netbaiot_transports::business_rpc::v3: business RPC V3 received frame stream_id=0 frame_type=WindowUpdate payload_bytes=4
2026-09-26T01:46:52.851425Z DEBUG netbaiot_transports::business_rpc::v3: business RPC V3 received frame stream_id=312 frame_type=WindowUpdate payload_bytes=4
2026-09-26T01:46:52.937099Z DEBUG netbaiot_transports::business_rpc::v3: business RPC V3 received frame stream_id=0 frame_type=WindowUpdate payload_bytes=4
2026-09-26T01:46:52.937166Z DEBUG netbaiot_transports::business_rpc::v3: business RPC V3 received frame stream_id=312 frame_type=Response payload_bytes=35
2026-09-26T01:46:52.937184Z DEBUG netbaiot_transports::business_rpc::v3: business RPC V3 received frame stream_id=312 frame_type=Data payload_bytes=118
2026-09-26T01:46:52.937204Z DEBUG netbaiot_transports::business_rpc::v3: business RPC V3 Event delivery acknowledged stream_id=312 completion_us=257528
2026-09-26T01:46:52.937227Z DEBUG netbaiot_transports::business_rpc::v3: business RPC V3 selected frame stream_id=0 frame_type=WindowUpdate payload_bytes=4
2026-09-26T01:46:52.937262Z DEBUG netbaiot_transports::business_rpc::v3: business RPC V3 writer completed frame stream_id=0 frame_type=WindowUpdate payload_bytes=4
2026-09-26T01:46:52.954436Z DEBUG netbaiot_transports::business_rpc::v3: business RPC V3 body entered scheduler stream_id=314 class=Rpc body_bytes=198
2026-09-26T01:46:52.954472Z DEBUG netbaiot_transports::business_rpc::v3: business RPC V3 selected frame stream_id=314 frame_type=Open payload_bytes=158
2026-09-26T01:46:52.954492Z DEBUG netbaiot_transports::business_rpc::v3: business RPC V3 writer completed frame stream_id=314 frame_type=Open payload_bytes=158
2026-09-26T01:46:52.954502Z DEBUG netbaiot_transports::business_rpc::v3: business RPC V3 selected frame stream_id=314 frame_type=Data payload_bytes=198
2026-09-26T01:46:52.954511Z DEBUG netbaiot_transports::business_rpc::v3: business RPC V3 writer completed frame stream_id=314 frame_type=Data payload_bytes=198
2026-09-26T01:46:52.964412Z DEBUG netbaiot_transports::business_rpc::v3: business RPC V3 received frame stream_id=0 frame_type=Ping payload_bytes=8
2026-09-26T01:46:52.964443Z DEBUG netbaiot_transports::business_rpc::v3: business RPC V3 selected frame stream_id=0 frame_type=Pong payload_bytes=8
2026-09-26T01:46:52.964456Z DEBUG netbaiot_transports::business_rpc::v3: business RPC V3 writer completed frame stream_id=0 frame_type=Pong payload_bytes=8
2026-09-26T01:46:52.968554Z DEBUG netbaiot_transports::business_rpc::v3: business RPC V3 body entered scheduler stream_id=316 class=Rpc body_bytes=198
2026-09-26T01:46:52.968576Z DEBUG netbaiot_transports::business_rpc::v3: business RPC V3 selected frame stream_id=316 frame_type=Open payload_bytes=158
2026-09-26T01:46:52.968590Z DEBUG netbaiot_transports::business_rpc::v3: business RPC V3 writer completed frame stream_id=316 frame_type=Open payload_bytes=158
2026-09-26T01:46:52.968595Z DEBUG netbaiot_transports::business_rpc::v3: business RPC V3 selected frame stream_id=316 frame_type=Data payload_bytes=198
2026-09-26T01:46:52.968601Z DEBUG netbaiot_transports::business_rpc::v3: business RPC V3 writer completed frame stream_id=316 frame_type=Data payload_bytes=198
2026-09-26T01:46:52.973494Z DEBUG netbaiot_transports::business_rpc::v3: business RPC V3 body entered scheduler stream_id=318 class=Rpc body_bytes=198
2026-09-26T01:46:52.973526Z DEBUG netbaiot_transports::business_rpc::v3: business RPC V3 selected frame stream_id=318 frame_type=Open payload_bytes=158
2026-09-26T01:46:52.973550Z DEBUG netbaiot_transports::business_rpc::v3: business RPC V3 writer completed frame stream_id=318 frame_type=Open payload_bytes=158
2026-09-26T01:46:52.973560Z DEBUG netbaiot_transports::business_rpc::v3: business RPC V3 selected frame stream_id=318 frame_type=Data payload_bytes=198
2026-09-26T01:46:52.973570Z DEBUG netbaiot_transports::business_rpc::v3: business RPC V3 writer completed frame stream_id=318 frame_type=Data payload_bytes=198
2026-09-26T01:46:52.985948Z DEBUG netbaiot_transports::business_rpc::v3: business RPC V3 body entered scheduler stream_id=320 class=Rpc body_bytes=198
2026-09-26T01:46:52.985982Z DEBUG netbaiot_transports::business_rpc::v3: business RPC V3 selected frame stream_id=320 frame_type=Open payload_bytes=158
2026-09-26T01:46:52.986011Z DEBUG netbaiot_transports::business_rpc::v3: business RPC V3 writer completed frame stream_id=320 frame_type=Open payload_bytes=158
2026-09-26T01:46:52.986016Z DEBUG netbaiot_transports::business_rpc::v3: business RPC V3 selected frame stream_id=320 frame_type=Data payload_bytes=198
2026-09-26T01:46:52.986021Z DEBUG netbaiot_transports::business_rpc::v3: business RPC V3 writer completed frame stream_id=320 frame_type=Data payload_bytes=198
2026-09-26T01:46:53.015153Z DEBUG netbaiot_transports::business_rpc::v3: business RPC V3 body entered scheduler stream_id=322 class=Rpc body_bytes=198
2026-09-26T01:46:53.015191Z DEBUG netbaiot_transports::business_rpc::v3: business RPC V3 selected frame stream_id=322 frame_type=Open payload_bytes=158
2026-09-26T01:46:53.015224Z DEBUG netbaiot_transports::business_rpc::v3: business RPC V3 writer completed frame stream_id=322 frame_type=Open payload_bytes=158
2026-09-26T01:46:53.015235Z DEBUG netbaiot_transports::business_rpc::v3: business RPC V3 selected frame stream_id=322 frame_type=Data payload_bytes=198
2026-09-26T01:46:53.015244Z DEBUG netbaiot_transports::business_rpc::v3: business RPC V3 writer completed frame stream_id=322 frame_type=Data payload_bytes=198
2026-09-26T01:46:53.015303Z DEBUG netbaiot_transports::business_rpc::v3: business RPC V3 body entered scheduler stream_id=324 class=Rpc body_bytes=198
2026-09-26T01:46:53.015317Z DEBUG netbaiot_transports::business_rpc::v3: business RPC V3 selected frame stream_id=324 frame_type=Open payload_bytes=158
2026-09-26T01:46:53.015329Z DEBUG netbaiot_transports::business_rpc::v3: business RPC V3 writer completed frame stream_id=324 frame_type=Open payload_bytes=158
2026-09-26T01:46:53.015335Z DEBUG netbaiot_transports::business_rpc::v3: business RPC V3 selected frame stream_id=324 frame_type=Data payload_bytes=198
2026-09-26T01:46:53.015344Z DEBUG netbaiot_transports::business_rpc::v3: business RPC V3 writer completed frame stream_id=324 frame_type=Data payload_bytes=198
2026-09-26T01:46:53.048281Z DEBUG netbaiot_transports::business_rpc::v3: business RPC V3 received frame stream_id=0 frame_type=WindowUpdate payload_bytes=4
2026-09-26T01:46:53.048317Z DEBUG netbaiot_transports::business_rpc::v3: business RPC V3 received frame stream_id=314 frame_type=Response payload_bytes=35
2026-09-26T01:46:53.048331Z DEBUG netbaiot_transports::business_rpc::v3: business RPC V3 received frame stream_id=314 frame_type=Data payload_bytes=216
2026-09-26T01:46:53.048409Z DEBUG netbaiot_transports::business_rpc::v3: business RPC V3 selected frame stream_id=0 frame_type=WindowUpdate payload_bytes=4
2026-09-26T01:46:53.048427Z DEBUG netbaiot_transports::business_rpc::v3: business RPC V3 writer completed frame stream_id=0 frame_type=WindowUpdate payload_bytes=4
2026-09-26T01:46:53.048794Z DEBUG netbaiot_transports::business_rpc::v3: business RPC V3 body entered scheduler stream_id=326 class=Rpc body_bytes=198
2026-09-26T01:46:53.048816Z DEBUG netbaiot_transports::business_rpc::v3: business RPC V3 selected frame stream_id=326 frame_type=Open payload_bytes=158
2026-09-26T01:46:53.048834Z DEBUG netbaiot_transports::business_rpc::v3: business RPC V3 writer completed frame stream_id=326 frame_type=Open payload_bytes=158
2026-09-26T01:46:53.048843Z DEBUG netbaiot_transports::business_rpc::v3: business RPC V3 selected frame stream_id=326 frame_type=Data payload_bytes=198
2026-09-26T01:46:53.048853Z DEBUG netbaiot_transports::business_rpc::v3: business RPC V3 writer completed frame stream_id=326 frame_type=Data payload_bytes=198
2026-09-26T01:46:53.077078Z DEBUG netbaiot_transports::business_rpc::v3: business RPC V3 received frame stream_id=0 frame_type=WindowUpdate payload_bytes=4
2026-09-26T01:46:53.077115Z DEBUG netbaiot_transports::business_rpc::v3: business RPC V3 received frame stream_id=0 frame_type=WindowUpdate payload_bytes=4
2026-09-26T01:46:53.077123Z DEBUG netbaiot_transports::business_rpc::v3: business RPC V3 received frame stream_id=0 frame_type=WindowUpdate payload_bytes=4
2026-09-26T01:46:53.077129Z DEBUG netbaiot_transports::business_rpc::v3: business RPC V3 received frame stream_id=320 frame_type=Response payload_bytes=35
2026-09-26T01:46:53.077139Z DEBUG netbaiot_transports::business_rpc::v3: business RPC V3 received frame stream_id=320 frame_type=Data payload_bytes=216
2026-09-26T01:46:53.077183Z DEBUG netbaiot_transports::business_rpc::v3: business RPC V3 received frame stream_id=318 frame_type=Response payload_bytes=35
2026-09-26T01:46:53.077217Z DEBUG netbaiot_transports::business_rpc::v3: business RPC V3 received frame stream_id=318 frame_type=Data payload_bytes=216
2026-09-26T01:46:53.077216Z DEBUG netbaiot_transports::business_rpc::v3: business RPC V3 selected frame stream_id=0 frame_type=WindowUpdate payload_bytes=4
2026-09-26T01:46:53.077249Z DEBUG netbaiot_transports::business_rpc::v3: business RPC V3 received frame stream_id=316 frame_type=Response payload_bytes=35
2026-09-26T01:46:53.077258Z DEBUG netbaiot_transports::business_rpc::v3: business RPC V3 received frame stream_id=316 frame_type=Data payload_bytes=216
2026-09-26T01:46:53.077271Z DEBUG netbaiot_transports::business_rpc::v3: business RPC V3 writer completed frame stream_id=0 frame_type=WindowUpdate payload_bytes=4
2026-09-26T01:46:53.077281Z DEBUG netbaiot_transports::business_rpc::v3: business RPC V3 selected frame stream_id=0 frame_type=WindowUpdate payload_bytes=4
2026-09-26T01:46:53.077291Z DEBUG netbaiot_transports::business_rpc::v3: business RPC V3 writer completed frame stream_id=0 frame_type=WindowUpdate payload_bytes=4
2026-09-26T01:46:53.077297Z DEBUG netbaiot_transports::business_rpc::v3: business RPC V3 selected frame stream_id=0 frame_type=WindowUpdate payload_bytes=4
2026-09-26T01:46:53.077306Z DEBUG netbaiot_transports::business_rpc::v3: business RPC V3 writer completed frame stream_id=0 frame_type=WindowUpdate payload_bytes=4
2026-09-26T01:46:53.077750Z DEBUG netbaiot_transports::business_rpc::v3: business RPC V3 body entered scheduler stream_id=328 class=Rpc body_bytes=198
2026-09-26T01:46:53.077761Z DEBUG netbaiot_transports::business_rpc::v3: business RPC V3 selected frame stream_id=328 frame_type=Open payload_bytes=158
2026-09-26T01:46:53.077784Z DEBUG netbaiot_transports::business_rpc::v3: business RPC V3 writer completed frame stream_id=328 frame_type=Open payload_bytes=158
2026-09-26T01:46:53.077809Z DEBUG netbaiot_transports::business_rpc::v3: business RPC V3 selected frame stream_id=328 frame_type=Data payload_bytes=198
2026-09-26T01:46:53.077823Z DEBUG netbaiot_transports::business_rpc::v3: business RPC V3 writer completed frame stream_id=328 frame_type=Data payload_bytes=198
2026-09-26T01:46:53.077833Z DEBUG netbaiot_transports::business_rpc::v3: business RPC V3 body entered scheduler stream_id=330 class=Rpc body_bytes=198
2026-09-26T01:46:53.077840Z DEBUG netbaiot_transports::business_rpc::v3: business RPC V3 selected frame stream_id=330 frame_type=Open payload_bytes=158
2026-09-26T01:46:53.077848Z DEBUG netbaiot_transports::business_rpc::v3: business RPC V3 writer completed frame stream_id=330 frame_type=Open payload_bytes=158
2026-09-26T01:46:53.077854Z DEBUG netbaiot_transports::business_rpc::v3: business RPC V3 selected frame stream_id=330 frame_type=Data payload_bytes=198
2026-09-26T01:46:53.077861Z DEBUG netbaiot_transports::business_rpc::v3: business RPC V3 writer completed frame stream_id=330 frame_type=Data payload_bytes=198
2026-09-26T01:46:53.077868Z DEBUG netbaiot_transports::business_rpc::v3: business RPC V3 body entered scheduler stream_id=332 class=Rpc body_bytes=198
2026-09-26T01:46:53.077882Z DEBUG netbaiot_transports::business_rpc::v3: business RPC V3 selected frame stream_id=332 frame_type=Open payload_bytes=158
2026-09-26T01:46:53.077895Z DEBUG netbaiot_transports::business_rpc::v3: business RPC V3 writer completed frame stream_id=332 frame_type=Open payload_bytes=158
2026-09-26T01:46:53.077900Z DEBUG netbaiot_transports::business_rpc::v3: business RPC V3 selected frame stream_id=332 frame_type=Data payload_bytes=198
2026-09-26T01:46:53.077905Z DEBUG netbaiot_transports::business_rpc::v3: business RPC V3 writer completed frame stream_id=332 frame_type=Data payload_bytes=198
2026-09-26T01:46:53.106692Z DEBUG netbaiot_transports::business_rpc::v3: business RPC V3 received frame stream_id=0 frame_type=WindowUpdate payload_bytes=4
2026-09-26T01:46:53.106722Z DEBUG netbaiot_transports::business_rpc::v3: business RPC V3 received frame stream_id=0 frame_type=WindowUpdate payload_bytes=4
2026-09-26T01:46:53.106736Z DEBUG netbaiot_transports::business_rpc::v3: business RPC V3 received frame stream_id=324 frame_type=Response payload_bytes=35
2026-09-26T01:46:53.106745Z DEBUG netbaiot_transports::business_rpc::v3: business RPC V3 received frame stream_id=322 frame_type=Response payload_bytes=35
2026-09-26T01:46:53.106749Z DEBUG netbaiot_transports::business_rpc::v3: business RPC V3 received frame stream_id=324 frame_type=Data payload_bytes=216
2026-09-26T01:46:53.106788Z DEBUG netbaiot_transports::business_rpc::v3: business RPC V3 selected frame stream_id=0 frame_type=WindowUpdate payload_bytes=4
2026-09-26T01:46:53.106824Z DEBUG netbaiot_transports::business_rpc::v3: business RPC V3 writer completed frame stream_id=0 frame_type=WindowUpdate payload_bytes=4
2026-09-26T01:46:53.106768Z DEBUG netbaiot_transports::business_rpc::v3: business RPC V3 received frame stream_id=322 frame_type=Data payload_bytes=216
2026-09-26T01:46:53.107009Z DEBUG netbaiot_transports::business_rpc::v3: business RPC V3 selected frame stream_id=0 frame_type=WindowUpdate payload_bytes=4
2026-09-26T01:46:53.107068Z DEBUG netbaiot_transports::business_rpc::v3: business RPC V3 writer completed frame stream_id=0 frame_type=WindowUpdate payload_bytes=4
2026-09-26T01:46:53.107979Z DEBUG netbaiot_transports::business_rpc::v3: business RPC V3 body entered scheduler stream_id=334 class=Rpc body_bytes=198
2026-09-26T01:46:53.107995Z DEBUG netbaiot_transports::business_rpc::v3: business RPC V3 selected frame stream_id=334 frame_type=Open payload_bytes=158
2026-09-26T01:46:53.108018Z DEBUG netbaiot_transports::business_rpc::v3: business RPC V3 writer completed frame stream_id=334 frame_type=Open payload_bytes=158
2026-09-26T01:46:53.108027Z DEBUG netbaiot_transports::business_rpc::v3: business RPC V3 body entered scheduler stream_id=336 class=Rpc body_bytes=198
2026-09-26T01:46:53.108031Z DEBUG netbaiot_transports::business_rpc::v3: business RPC V3 selected frame stream_id=336 frame_type=Open payload_bytes=158
2026-09-26T01:46:53.108036Z DEBUG netbaiot_transports::business_rpc::v3: business RPC V3 writer completed frame stream_id=336 frame_type=Open payload_bytes=158
2026-09-26T01:46:53.108039Z DEBUG netbaiot_transports::business_rpc::v3: business RPC V3 selected frame stream_id=334 frame_type=Data payload_bytes=198
2026-09-26T01:46:53.108077Z DEBUG netbaiot_transports::business_rpc::v3: business RPC V3 writer completed frame stream_id=334 frame_type=Data payload_bytes=198
2026-09-26T01:46:53.108107Z DEBUG netbaiot_transports::business_rpc::v3: business RPC V3 selected frame stream_id=336 frame_type=Data payload_bytes=198
2026-09-26T01:46:53.108120Z DEBUG netbaiot_transports::business_rpc::v3: business RPC V3 writer completed frame stream_id=336 frame_type=Data payload_bytes=198
2026-09-26T01:46:53.134978Z DEBUG netbaiot_transports::business_rpc::v3: business RPC V3 received frame stream_id=0 frame_type=WindowUpdate payload_bytes=4
2026-09-26T01:46:53.135018Z DEBUG netbaiot_transports::business_rpc::v3: business RPC V3 received frame stream_id=326 frame_type=Response payload_bytes=35
2026-09-26T01:46:53.135031Z DEBUG netbaiot_transports::business_rpc::v3: business RPC V3 received frame stream_id=326 frame_type=Data payload_bytes=216
2026-09-26T01:46:53.135086Z DEBUG netbaiot_transports::business_rpc::v3: business RPC V3 selected frame stream_id=0 frame_type=WindowUpdate payload_bytes=4
2026-09-26T01:46:53.135119Z DEBUG netbaiot_transports::business_rpc::v3: business RPC V3 writer completed frame stream_id=0 frame_type=WindowUpdate payload_bytes=4
2026-09-26T01:46:53.135577Z DEBUG netbaiot_transports::business_rpc::v3: business RPC V3 body entered scheduler stream_id=338 class=Rpc body_bytes=198
2026-09-26T01:46:53.135584Z DEBUG netbaiot_transports::business_rpc::v3: business RPC V3 selected frame stream_id=338 frame_type=Open payload_bytes=158
2026-09-26T01:46:53.135612Z DEBUG netbaiot_transports::business_rpc::v3: business RPC V3 writer completed frame stream_id=338 frame_type=Open payload_bytes=158
2026-09-26T01:46:53.135623Z DEBUG netbaiot_transports::business_rpc::v3: business RPC V3 selected frame stream_id=338 frame_type=Data payload_bytes=198
2026-09-26T01:46:53.135663Z DEBUG netbaiot_transports::business_rpc::v3: business RPC V3 writer completed frame stream_id=338 frame_type=Data payload_bytes=198
2026-09-26T01:46:53.164157Z DEBUG netbaiot_transports::business_rpc::v3: business RPC V3 received frame stream_id=0 frame_type=WindowUpdate payload_bytes=4
2026-09-26T01:46:53.164203Z DEBUG netbaiot_transports::business_rpc::v3: business RPC V3 received frame stream_id=0 frame_type=WindowUpdate payload_bytes=4
2026-09-26T01:46:53.164213Z DEBUG netbaiot_transports::business_rpc::v3: business RPC V3 received frame stream_id=0 frame_type=WindowUpdate payload_bytes=4
2026-09-26T01:46:53.164217Z DEBUG netbaiot_transports::business_rpc::v3: business RPC V3 received frame stream_id=332 frame_type=Response payload_bytes=35
2026-09-26T01:46:53.164224Z DEBUG netbaiot_transports::business_rpc::v3: business RPC V3 received frame stream_id=332 frame_type=Data payload_bytes=216
2026-09-26T01:46:53.164242Z DEBUG netbaiot_transports::business_rpc::v3: business RPC V3 received frame stream_id=328 frame_type=Response payload_bytes=35
2026-09-26T01:46:53.164246Z DEBUG netbaiot_transports::business_rpc::v3: business RPC V3 received frame stream_id=328 frame_type=Data payload_bytes=216
2026-09-26T01:46:53.164252Z DEBUG netbaiot_transports::business_rpc::v3: business RPC V3 received frame stream_id=330 frame_type=Response payload_bytes=35
2026-09-26T01:46:53.164255Z DEBUG netbaiot_transports::business_rpc::v3: business RPC V3 received frame stream_id=330 frame_type=Data payload_bytes=216
2026-09-26T01:46:53.164396Z DEBUG netbaiot_transports::business_rpc::v3: business RPC V3 selected frame stream_id=0 frame_type=WindowUpdate payload_bytes=4
2026-09-26T01:46:53.164426Z DEBUG netbaiot_transports::business_rpc::v3: business RPC V3 writer completed frame stream_id=0 frame_type=WindowUpdate payload_bytes=4
2026-09-26T01:46:53.164435Z DEBUG netbaiot_transports::business_rpc::v3: business RPC V3 selected frame stream_id=0 frame_type=WindowUpdate payload_bytes=4
2026-09-26T01:46:53.164444Z DEBUG netbaiot_transports::business_rpc::v3: business RPC V3 writer completed frame stream_id=0 frame_type=WindowUpdate payload_bytes=4
2026-09-26T01:46:53.164450Z DEBUG netbaiot_transports::business_rpc::v3: business RPC V3 selected frame stream_id=0 frame_type=WindowUpdate payload_bytes=4
2026-09-26T01:46:53.164460Z DEBUG netbaiot_transports::business_rpc::v3: business RPC V3 writer completed frame stream_id=0 frame_type=WindowUpdate payload_bytes=4
2026-09-26T01:46:53.164885Z DEBUG netbaiot_transports::business_rpc::v3: business RPC V3 body entered scheduler stream_id=340 class=Rpc body_bytes=198
2026-09-26T01:46:53.164938Z DEBUG netbaiot_transports::business_rpc::v3: business RPC V3 body entered scheduler stream_id=342 class=Rpc body_bytes=198
2026-09-26T01:46:53.164946Z DEBUG netbaiot_transports::business_rpc::v3: business RPC V3 selected frame stream_id=340 frame_type=Open payload_bytes=158
2026-09-26T01:46:53.164974Z DEBUG netbaiot_transports::business_rpc::v3: business RPC V3 writer completed frame stream_id=340 frame_type=Open payload_bytes=158
2026-09-26T01:46:53.164986Z DEBUG netbaiot_transports::business_rpc::v3: business RPC V3 body entered scheduler stream_id=344 class=Rpc body_bytes=198
2026-09-26T01:46:53.164991Z DEBUG netbaiot_transports::business_rpc::v3: business RPC V3 selected frame stream_id=340 frame_type=Data payload_bytes=198
2026-09-26T01:46:53.164996Z DEBUG netbaiot_transports::business_rpc::v3: business RPC V3 writer completed frame stream_id=340 frame_type=Data payload_bytes=198
2026-09-26T01:46:53.165000Z DEBUG netbaiot_transports::business_rpc::v3: business RPC V3 selected frame stream_id=342 frame_type=Open payload_bytes=158
2026-09-26T01:46:53.165004Z DEBUG netbaiot_transports::business_rpc::v3: business RPC V3 writer completed frame stream_id=342 frame_type=Open payload_bytes=158
2026-09-26T01:46:53.165006Z DEBUG netbaiot_transports::business_rpc::v3: business RPC V3 selected frame stream_id=344 frame_type=Open payload_bytes=158
2026-09-26T01:46:53.165022Z DEBUG netbaiot_transports::business_rpc::v3: business RPC V3 writer completed frame stream_id=344 frame_type=Open payload_bytes=158
2026-09-26T01:46:53.165039Z DEBUG netbaiot_transports::business_rpc::v3: business RPC V3 selected frame stream_id=342 frame_type=Data payload_bytes=198
2026-09-26T01:46:53.165050Z DEBUG netbaiot_transports::business_rpc::v3: business RPC V3 writer completed frame stream_id=342 frame_type=Data payload_bytes=198
2026-09-26T01:46:53.165059Z DEBUG netbaiot_transports::business_rpc::v3: business RPC V3 selected frame stream_id=344 frame_type=Data payload_bytes=198
2026-09-26T01:46:53.165078Z DEBUG netbaiot_transports::business_rpc::v3: business RPC V3 writer completed frame stream_id=344 frame_type=Data payload_bytes=198
2026-09-26T01:46:53.180180Z DEBUG netbaiot_transports::business_rpc::v3: business RPC V3 body entered scheduler stream_id=346 class=Event body_bytes=17366
2026-09-26T01:46:53.180230Z DEBUG netbaiot_transports::business_rpc::v3: business RPC V3 selected frame stream_id=346 frame_type=Open payload_bytes=184
2026-09-26T01:46:53.180242Z DEBUG netbaiot_transports::business_rpc::v3: business RPC V3 writer completed frame stream_id=346 frame_type=Open payload_bytes=184
2026-09-26T01:46:53.180247Z DEBUG netbaiot_transports::business_rpc::v3: business RPC V3 selected frame stream_id=346 frame_type=Data payload_bytes=8192
2026-09-26T01:46:53.180252Z DEBUG netbaiot_transports::business_rpc::v3: business RPC V3 writer completed frame stream_id=346 frame_type=Data payload_bytes=8192
2026-09-26T01:46:53.180255Z DEBUG netbaiot_transports::business_rpc::v3: business RPC V3 selected frame stream_id=346 frame_type=Data payload_bytes=8192
2026-09-26T01:46:53.180263Z DEBUG netbaiot_transports::business_rpc::v3: business RPC V3 writer completed frame stream_id=346 frame_type=Data payload_bytes=8192
2026-09-26T01:46:53.193716Z DEBUG netbaiot_transports::business_rpc::v3: business RPC V3 received frame stream_id=0 frame_type=WindowUpdate payload_bytes=4
2026-09-26T01:46:53.193753Z DEBUG netbaiot_transports::business_rpc::v3: business RPC V3 received frame stream_id=0 frame_type=WindowUpdate payload_bytes=4
2026-09-26T01:46:53.193762Z DEBUG netbaiot_transports::business_rpc::v3: business RPC V3 received frame stream_id=336 frame_type=Response payload_bytes=35
2026-09-26T01:46:53.193768Z DEBUG netbaiot_transports::business_rpc::v3: business RPC V3 received frame stream_id=336 frame_type=Data payload_bytes=216
2026-09-26T01:46:53.193820Z DEBUG netbaiot_transports::business_rpc::v3: business RPC V3 received frame stream_id=334 frame_type=Response payload_bytes=35
2026-09-26T01:46:53.193843Z DEBUG netbaiot_transports::business_rpc::v3: business RPC V3 selected frame stream_id=0 frame_type=WindowUpdate payload_bytes=4
2026-09-26T01:46:53.193851Z DEBUG netbaiot_transports::business_rpc::v3: business RPC V3 received frame stream_id=334 frame_type=Data payload_bytes=216
2026-09-26T01:46:53.193867Z DEBUG netbaiot_transports::business_rpc::v3: business RPC V3 writer completed frame stream_id=0 frame_type=WindowUpdate payload_bytes=4
2026-09-26T01:46:53.193894Z DEBUG netbaiot_transports::business_rpc::v3: business RPC V3 selected frame stream_id=0 frame_type=WindowUpdate payload_bytes=4
2026-09-26T01:46:53.193900Z DEBUG netbaiot_transports::business_rpc::v3: business RPC V3 writer completed frame stream_id=0 frame_type=WindowUpdate payload_bytes=4
2026-09-26T01:46:53.194436Z DEBUG netbaiot_transports::business_rpc::v3: business RPC V3 body entered scheduler stream_id=348 class=Rpc body_bytes=198
2026-09-26T01:46:53.194442Z DEBUG netbaiot_transports::business_rpc::v3: business RPC V3 body entered scheduler stream_id=350 class=Rpc body_bytes=198
2026-09-26T01:46:53.194445Z DEBUG netbaiot_transports::business_rpc::v3: business RPC V3 selected frame stream_id=348 frame_type=Open payload_bytes=158
2026-09-26T01:46:53.194452Z DEBUG netbaiot_transports::business_rpc::v3: business RPC V3 writer completed frame stream_id=348 frame_type=Open payload_bytes=158
2026-09-26T01:46:53.194455Z DEBUG netbaiot_transports::business_rpc::v3: business RPC V3 selected frame stream_id=350 frame_type=Open payload_bytes=158
2026-09-26T01:46:53.194458Z DEBUG netbaiot_transports::business_rpc::v3: business RPC V3 writer completed frame stream_id=350 frame_type=Open payload_bytes=158
2026-09-26T01:46:53.194461Z DEBUG netbaiot_transports::business_rpc::v3: business RPC V3 selected frame stream_id=348 frame_type=Data payload_bytes=198
2026-09-26T01:46:53.194485Z DEBUG netbaiot_transports::business_rpc::v3: business RPC V3 writer completed frame stream_id=348 frame_type=Data payload_bytes=198
2026-09-26T01:46:53.194493Z DEBUG netbaiot_transports::business_rpc::v3: business RPC V3 selected frame stream_id=350 frame_type=Data payload_bytes=198
2026-09-26T01:46:53.194498Z DEBUG netbaiot_transports::business_rpc::v3: business RPC V3 writer completed frame stream_id=350 frame_type=Data payload_bytes=198
2026-09-26T01:46:53.220381Z DEBUG netbaiot_transports::business_rpc::v3: business RPC V3 received frame stream_id=0 frame_type=WindowUpdate payload_bytes=4
2026-09-26T01:46:53.220419Z DEBUG netbaiot_transports::business_rpc::v3: business RPC V3 received frame stream_id=338 frame_type=Response payload_bytes=35
2026-09-26T01:46:53.220427Z DEBUG netbaiot_transports::business_rpc::v3: business RPC V3 received frame stream_id=338 frame_type=Data payload_bytes=216
2026-09-26T01:46:53.220490Z DEBUG netbaiot_transports::business_rpc::v3: business RPC V3 selected frame stream_id=0 frame_type=WindowUpdate payload_bytes=4
2026-09-26T01:46:53.220536Z DEBUG netbaiot_transports::business_rpc::v3: business RPC V3 writer completed frame stream_id=0 frame_type=WindowUpdate payload_bytes=4
2026-09-26T01:46:53.221154Z DEBUG netbaiot_transports::business_rpc::v3: business RPC V3 body entered scheduler stream_id=352 class=Rpc body_bytes=198
2026-09-26T01:46:53.221161Z DEBUG netbaiot_transports::business_rpc::v3: business RPC V3 selected frame stream_id=352 frame_type=Open payload_bytes=158
2026-09-26T01:46:53.221170Z DEBUG netbaiot_transports::business_rpc::v3: business RPC V3 writer completed frame stream_id=352 frame_type=Open payload_bytes=158
2026-09-26T01:46:53.221173Z DEBUG netbaiot_transports::business_rpc::v3: business RPC V3 selected frame stream_id=352 frame_type=Data payload_bytes=198
2026-09-26T01:46:53.221177Z DEBUG netbaiot_transports::business_rpc::v3: business RPC V3 writer completed frame stream_id=352 frame_type=Data payload_bytes=198
2026-09-26T01:46:53.251033Z DEBUG netbaiot_transports::business_rpc::v3: business RPC V3 received frame stream_id=0 frame_type=WindowUpdate payload_bytes=4
2026-09-26T01:46:53.251079Z DEBUG netbaiot_transports::business_rpc::v3: business RPC V3 received frame stream_id=0 frame_type=WindowUpdate payload_bytes=4
2026-09-26T01:46:53.251128Z DEBUG netbaiot_transports::business_rpc::v3: business RPC V3 received frame stream_id=0 frame_type=WindowUpdate payload_bytes=4
2026-09-26T01:46:53.251141Z DEBUG netbaiot_transports::business_rpc::v3: business RPC V3 received frame stream_id=344 frame_type=Response payload_bytes=35
2026-09-26T01:46:53.251148Z DEBUG netbaiot_transports::business_rpc::v3: business RPC V3 received frame stream_id=344 frame_type=Data payload_bytes=216
2026-09-26T01:46:53.251167Z DEBUG netbaiot_transports::business_rpc::v3: business RPC V3 received frame stream_id=340 frame_type=Response payload_bytes=35
2026-09-26T01:46:53.251179Z DEBUG netbaiot_transports::business_rpc::v3: business RPC V3 received frame stream_id=340 frame_type=Data payload_bytes=216
2026-09-26T01:46:53.251193Z DEBUG netbaiot_transports::business_rpc::v3: business RPC V3 received frame stream_id=342 frame_type=Response payload_bytes=35
2026-09-26T01:46:53.251198Z DEBUG netbaiot_transports::business_rpc::v3: business RPC V3 received frame stream_id=342 frame_type=Data payload_bytes=216
2026-09-26T01:46:53.251204Z DEBUG netbaiot_transports::business_rpc::v3: business RPC V3 selected frame stream_id=0 frame_type=WindowUpdate payload_bytes=4
2026-09-26T01:46:53.251241Z DEBUG netbaiot_transports::business_rpc::v3: business RPC V3 writer completed frame stream_id=0 frame_type=WindowUpdate payload_bytes=4
2026-09-26T01:46:53.251249Z DEBUG netbaiot_transports::business_rpc::v3: business RPC V3 selected frame stream_id=0 frame_type=WindowUpdate payload_bytes=4
2026-09-26T01:46:53.251253Z DEBUG netbaiot_transports::business_rpc::v3: business RPC V3 writer completed frame stream_id=0 frame_type=WindowUpdate payload_bytes=4
2026-09-26T01:46:53.251256Z DEBUG netbaiot_transports::business_rpc::v3: business RPC V3 selected frame stream_id=0 frame_type=WindowUpdate payload_bytes=4
2026-09-26T01:46:53.251293Z DEBUG netbaiot_transports::business_rpc::v3: business RPC V3 writer completed frame stream_id=0 frame_type=WindowUpdate payload_bytes=4
2026-09-26T01:46:53.251746Z DEBUG netbaiot_transports::business_rpc::v3: business RPC V3 body entered scheduler stream_id=354 class=Rpc body_bytes=198
2026-09-26T01:46:53.251768Z DEBUG netbaiot_transports::business_rpc::v3: business RPC V3 body entered scheduler stream_id=356 class=Rpc body_bytes=198
2026-09-26T01:46:53.251776Z DEBUG netbaiot_transports::business_rpc::v3: business RPC V3 selected frame stream_id=354 frame_type=Open payload_bytes=158
2026-09-26T01:46:53.251791Z DEBUG netbaiot_transports::business_rpc::v3: business RPC V3 writer completed frame stream_id=354 frame_type=Open payload_bytes=158
2026-09-26T01:46:53.251802Z DEBUG netbaiot_transports::business_rpc::v3: business RPC V3 selected frame stream_id=354 frame_type=Data payload_bytes=198
2026-09-26T01:46:53.251815Z DEBUG netbaiot_transports::business_rpc::v3: business RPC V3 writer completed frame stream_id=354 frame_type=Data payload_bytes=198
2026-09-26T01:46:53.251822Z DEBUG netbaiot_transports::business_rpc::v3: business RPC V3 selected frame stream_id=356 frame_type=Open payload_bytes=158
2026-09-26T01:46:53.251830Z DEBUG netbaiot_transports::business_rpc::v3: business RPC V3 writer completed frame stream_id=356 frame_type=Open payload_bytes=158
2026-09-26T01:46:53.251836Z DEBUG netbaiot_transports::business_rpc::v3: business RPC V3 body entered scheduler stream_id=358 class=Rpc body_bytes=198
2026-09-26T01:46:53.251842Z DEBUG netbaiot_transports::business_rpc::v3: business RPC V3 selected frame stream_id=358 frame_type=Open payload_bytes=158
2026-09-26T01:46:53.251850Z DEBUG netbaiot_transports::business_rpc::v3: business RPC V3 writer completed frame stream_id=358 frame_type=Open payload_bytes=158
2026-09-26T01:46:53.251856Z DEBUG netbaiot_transports::business_rpc::v3: business RPC V3 selected frame stream_id=356 frame_type=Data payload_bytes=198
2026-09-26T01:46:53.251863Z DEBUG netbaiot_transports::business_rpc::v3: business RPC V3 writer completed frame stream_id=356 frame_type=Data payload_bytes=198
2026-09-26T01:46:53.251870Z DEBUG netbaiot_transports::business_rpc::v3: business RPC V3 selected frame stream_id=358 frame_type=Data payload_bytes=198
2026-09-26T01:46:53.251878Z DEBUG netbaiot_transports::business_rpc::v3: business RPC V3 writer completed frame stream_id=358 frame_type=Data payload_bytes=198
2026-09-26T01:46:53.329943Z DEBUG netbaiot_transports::business_rpc::v3: business RPC V3 body entered scheduler stream_id=360 class=Rpc body_bytes=198
2026-09-26T01:46:53.329965Z DEBUG netbaiot_transports::business_rpc::v3: business RPC V3 selected frame stream_id=360 frame_type=Open payload_bytes=158
2026-09-26T01:46:53.329979Z DEBUG netbaiot_transports::business_rpc::v3: business RPC V3 writer completed frame stream_id=360 frame_type=Open payload_bytes=158
2026-09-26T01:46:53.329985Z DEBUG netbaiot_transports::business_rpc::v3: business RPC V3 selected frame stream_id=360 frame_type=Data payload_bytes=198
2026-09-26T01:46:53.329990Z DEBUG netbaiot_transports::business_rpc::v3: business RPC V3 writer completed frame stream_id=360 frame_type=Data payload_bytes=198
2026-09-26T01:46:53.347945Z DEBUG netbaiot_transports::business_rpc::v3: business RPC V3 received frame stream_id=0 frame_type=WindowUpdate payload_bytes=4
2026-09-26T01:46:53.347973Z DEBUG netbaiot_transports::business_rpc::v3: business RPC V3 received frame stream_id=346 frame_type=WindowUpdate payload_bytes=4
2026-09-26T01:46:53.347982Z DEBUG netbaiot_transports::business_rpc::v3: business RPC V3 selected frame stream_id=346 frame_type=Data payload_bytes=982
2026-09-26T01:46:53.347997Z DEBUG netbaiot_transports::business_rpc::v3: business RPC V3 writer completed frame stream_id=346 frame_type=Data payload_bytes=982
2026-09-26T01:46:53.382142Z DEBUG netbaiot_transports::business_rpc::v3: business RPC V3 received frame stream_id=0 frame_type=WindowUpdate payload_bytes=4
2026-09-26T01:46:53.382162Z DEBUG netbaiot_transports::business_rpc::v3: business RPC V3 received frame stream_id=346 frame_type=WindowUpdate payload_bytes=4
2026-09-26T01:46:53.382166Z DEBUG netbaiot_transports::business_rpc::v3: business RPC V3 received frame stream_id=0 frame_type=WindowUpdate payload_bytes=4
2026-09-26T01:46:53.382170Z DEBUG netbaiot_transports::business_rpc::v3: business RPC V3 received frame stream_id=0 frame_type=WindowUpdate payload_bytes=4
2026-09-26T01:46:53.382172Z DEBUG netbaiot_transports::business_rpc::v3: business RPC V3 received frame stream_id=0 frame_type=WindowUpdate payload_bytes=4
2026-09-26T01:46:53.382175Z DEBUG netbaiot_transports::business_rpc::v3: business RPC V3 received frame stream_id=0 frame_type=WindowUpdate payload_bytes=4
2026-09-26T01:46:53.382178Z DEBUG netbaiot_transports::business_rpc::v3: business RPC V3 received frame stream_id=0 frame_type=WindowUpdate payload_bytes=4
2026-09-26T01:46:53.382181Z DEBUG netbaiot_transports::business_rpc::v3: business RPC V3 received frame stream_id=0 frame_type=WindowUpdate payload_bytes=4
2026-09-26T01:46:53.382183Z DEBUG netbaiot_transports::business_rpc::v3: business RPC V3 received frame stream_id=358 frame_type=Response payload_bytes=35
2026-09-26T01:46:53.382189Z DEBUG netbaiot_transports::business_rpc::v3: business RPC V3 received frame stream_id=352 frame_type=Response payload_bytes=35
2026-09-26T01:46:53.382191Z DEBUG netbaiot_transports::business_rpc::v3: business RPC V3 received frame stream_id=354 frame_type=Response payload_bytes=35
2026-09-26T01:46:53.382194Z DEBUG netbaiot_transports::business_rpc::v3: business RPC V3 received frame stream_id=350 frame_type=Response payload_bytes=35
2026-09-26T01:46:53.382197Z DEBUG netbaiot_transports::business_rpc::v3: business RPC V3 received frame stream_id=358 frame_type=Data payload_bytes=216
2026-09-26T01:46:53.382233Z DEBUG netbaiot_transports::business_rpc::v3: business RPC V3 received frame stream_id=356 frame_type=Response payload_bytes=35
2026-09-26T01:46:53.382238Z DEBUG netbaiot_transports::business_rpc::v3: business RPC V3 received frame stream_id=348 frame_type=Response payload_bytes=35
2026-09-26T01:46:53.382240Z DEBUG netbaiot_transports::business_rpc::v3: business RPC V3 received frame stream_id=352 frame_type=Data payload_bytes=216
2026-09-26T01:46:53.382245Z DEBUG netbaiot_transports::business_rpc::v3: business RPC V3 received frame stream_id=354 frame_type=Data payload_bytes=216
2026-09-26T01:46:53.382331Z DEBUG netbaiot_transports::business_rpc::v3: business RPC V3 selected frame stream_id=0 frame_type=WindowUpdate payload_bytes=4
2026-09-26T01:46:53.382354Z DEBUG netbaiot_transports::business_rpc::v3: business RPC V3 writer completed frame stream_id=0 frame_type=WindowUpdate payload_bytes=4
2026-09-26T01:46:53.382359Z DEBUG netbaiot_transports::business_rpc::v3: business RPC V3 selected frame stream_id=0 frame_type=WindowUpdate payload_bytes=4
2026-09-26T01:46:53.382364Z DEBUG netbaiot_transports::business_rpc::v3: business RPC V3 writer completed frame stream_id=0 frame_type=WindowUpdate payload_bytes=4
2026-09-26T01:46:53.382369Z DEBUG netbaiot_transports::business_rpc::v3: business RPC V3 selected frame stream_id=0 frame_type=WindowUpdate payload_bytes=4
2026-09-26T01:46:53.382375Z DEBUG netbaiot_transports::business_rpc::v3: business RPC V3 writer completed frame stream_id=0 frame_type=WindowUpdate payload_bytes=4
2026-09-26T01:46:53.382365Z DEBUG netbaiot_transports::business_rpc::v3: business RPC V3 received frame stream_id=350 frame_type=Data payload_bytes=216
2026-09-26T01:46:53.382417Z DEBUG netbaiot_transports::business_rpc::v3: business RPC V3 received frame stream_id=356 frame_type=Data payload_bytes=216
2026-09-26T01:46:53.382433Z DEBUG netbaiot_transports::business_rpc::v3: business RPC V3 selected frame stream_id=0 frame_type=WindowUpdate payload_bytes=4
2026-09-26T01:46:53.382459Z DEBUG netbaiot_transports::business_rpc::v3: business RPC V3 writer completed frame stream_id=0 frame_type=WindowUpdate payload_bytes=4
2026-09-26T01:46:53.382465Z DEBUG netbaiot_transports::business_rpc::v3: business RPC V3 selected frame stream_id=0 frame_type=WindowUpdate payload_bytes=4
2026-09-26T01:46:53.382469Z DEBUG netbaiot_transports::business_rpc::v3: business RPC V3 writer completed frame stream_id=0 frame_type=WindowUpdate payload_bytes=4
2026-09-26T01:46:53.382439Z DEBUG netbaiot_transports::business_rpc::v3: business RPC V3 received frame stream_id=348 frame_type=Data payload_bytes=216
2026-09-26T01:46:53.382589Z DEBUG netbaiot_transports::business_rpc::v3: business RPC V3 selected frame stream_id=0 frame_type=WindowUpdate payload_bytes=4
2026-09-26T01:46:53.382597Z DEBUG netbaiot_transports::business_rpc::v3: business RPC V3 writer completed frame stream_id=0 frame_type=WindowUpdate payload_bytes=4
2026-09-26T01:46:53.383192Z DEBUG netbaiot_transports::business_rpc::v3: business RPC V3 body entered scheduler stream_id=362 class=Rpc body_bytes=198
2026-09-26T01:46:53.383201Z DEBUG netbaiot_transports::business_rpc::v3: business RPC V3 selected frame stream_id=362 frame_type=Open payload_bytes=158
2026-09-26T01:46:53.383207Z DEBUG netbaiot_transports::business_rpc::v3: business RPC V3 writer completed frame stream_id=362 frame_type=Open payload_bytes=158
2026-09-26T01:46:53.383239Z DEBUG netbaiot_transports::business_rpc::v3: business RPC V3 body entered scheduler stream_id=364 class=Rpc body_bytes=198
2026-09-26T01:46:53.383242Z DEBUG netbaiot_transports::business_rpc::v3: business RPC V3 selected frame stream_id=364 frame_type=Open payload_bytes=158
2026-09-26T01:46:53.383246Z DEBUG netbaiot_transports::business_rpc::v3: business RPC V3 writer completed frame stream_id=364 frame_type=Open payload_bytes=158
2026-09-26T01:46:53.383248Z DEBUG netbaiot_transports::business_rpc::v3: business RPC V3 body entered scheduler stream_id=366 class=Rpc body_bytes=198
2026-09-26T01:46:53.383251Z DEBUG netbaiot_transports::business_rpc::v3: business RPC V3 selected frame stream_id=366 frame_type=Open payload_bytes=158
2026-09-26T01:46:53.383254Z DEBUG netbaiot_transports::business_rpc::v3: business RPC V3 writer completed frame stream_id=366 frame_type=Open payload_bytes=158
2026-09-26T01:46:53.383257Z DEBUG netbaiot_transports::business_rpc::v3: business RPC V3 selected frame stream_id=362 frame_type=Data payload_bytes=198
2026-09-26T01:46:53.383260Z DEBUG netbaiot_transports::business_rpc::v3: business RPC V3 writer completed frame stream_id=362 frame_type=Data payload_bytes=198
2026-09-26T01:46:53.383263Z DEBUG netbaiot_transports::business_rpc::v3: business RPC V3 selected frame stream_id=364 frame_type=Data payload_bytes=198
2026-09-26T01:46:53.383266Z DEBUG netbaiot_transports::business_rpc::v3: business RPC V3 writer completed frame stream_id=364 frame_type=Data payload_bytes=198
2026-09-26T01:46:53.383268Z DEBUG netbaiot_transports::business_rpc::v3: business RPC V3 body entered scheduler stream_id=368 class=Rpc body_bytes=198
2026-09-26T01:46:53.383270Z DEBUG netbaiot_transports::business_rpc::v3: business RPC V3 selected frame stream_id=368 frame_type=Open payload_bytes=158
2026-09-26T01:46:53.383273Z DEBUG netbaiot_transports::business_rpc::v3: business RPC V3 writer completed frame stream_id=368 frame_type=Open payload_bytes=158
2026-09-26T01:46:53.383275Z DEBUG netbaiot_transports::business_rpc::v3: business RPC V3 selected frame stream_id=366 frame_type=Data payload_bytes=198
2026-09-26T01:46:53.383278Z DEBUG netbaiot_transports::business_rpc::v3: business RPC V3 writer completed frame stream_id=366 frame_type=Data payload_bytes=198
2026-09-26T01:46:53.383280Z DEBUG netbaiot_transports::business_rpc::v3: business RPC V3 selected frame stream_id=368 frame_type=Data payload_bytes=198
2026-09-26T01:46:53.383283Z DEBUG netbaiot_transports::business_rpc::v3: business RPC V3 writer completed frame stream_id=368 frame_type=Data payload_bytes=198
2026-09-26T01:46:53.383437Z DEBUG netbaiot_transports::business_rpc::v3: business RPC V3 body entered scheduler stream_id=370 class=Rpc body_bytes=198
2026-09-26T01:46:53.383475Z DEBUG netbaiot_transports::business_rpc::v3: business RPC V3 body entered scheduler stream_id=372 class=Rpc body_bytes=198
2026-09-26T01:46:53.383485Z DEBUG netbaiot_transports::business_rpc::v3: business RPC V3 selected frame stream_id=370 frame_type=Open payload_bytes=158
2026-09-26T01:46:53.383500Z DEBUG netbaiot_transports::business_rpc::v3: business RPC V3 writer completed frame stream_id=370 frame_type=Open payload_bytes=158
2026-09-26T01:46:53.383508Z DEBUG netbaiot_transports::business_rpc::v3: business RPC V3 selected frame stream_id=372 frame_type=Open payload_bytes=158
2026-09-26T01:46:53.383518Z DEBUG netbaiot_transports::business_rpc::v3: business RPC V3 writer completed frame stream_id=372 frame_type=Open payload_bytes=158
2026-09-26T01:46:53.383525Z DEBUG netbaiot_transports::business_rpc::v3: business RPC V3 selected frame stream_id=370 frame_type=Data payload_bytes=198
2026-09-26T01:46:53.383534Z DEBUG netbaiot_transports::business_rpc::v3: business RPC V3 writer completed frame stream_id=370 frame_type=Data payload_bytes=198
2026-09-26T01:46:53.383540Z DEBUG netbaiot_transports::business_rpc::v3: business RPC V3 selected frame stream_id=372 frame_type=Data payload_bytes=198
2026-09-26T01:46:53.383549Z DEBUG netbaiot_transports::business_rpc::v3: business RPC V3 writer completed frame stream_id=372 frame_type=Data payload_bytes=198
2026-09-26T01:46:53.445344Z DEBUG netbaiot_transports::business_rpc::v3: business RPC V3 received frame stream_id=0 frame_type=WindowUpdate payload_bytes=4
2026-09-26T01:46:53.445378Z DEBUG netbaiot_transports::business_rpc::v3: business RPC V3 received frame stream_id=0 frame_type=WindowUpdate payload_bytes=4
2026-09-26T01:46:53.445388Z DEBUG netbaiot_transports::business_rpc::v3: business RPC V3 received frame stream_id=360 frame_type=Response payload_bytes=35
2026-09-26T01:46:53.445399Z DEBUG netbaiot_transports::business_rpc::v3: business RPC V3 received frame stream_id=360 frame_type=Data payload_bytes=216
2026-09-26T01:46:53.445428Z DEBUG netbaiot_transports::business_rpc::v3: business RPC V3 received frame stream_id=346 frame_type=Response payload_bytes=35
2026-09-26T01:46:53.445436Z DEBUG netbaiot_transports::business_rpc::v3: business RPC V3 received frame stream_id=346 frame_type=Data payload_bytes=118
2026-09-26T01:46:53.445444Z DEBUG netbaiot_transports::business_rpc::v3: business RPC V3 Event delivery acknowledged stream_id=346 completion_us=265270
2026-09-26T01:46:53.445446Z DEBUG netbaiot_transports::business_rpc::v3: business RPC V3 selected frame stream_id=0 frame_type=WindowUpdate payload_bytes=4
2026-09-26T01:46:53.445480Z DEBUG netbaiot_transports::business_rpc::v3: business RPC V3 writer completed frame stream_id=0 frame_type=WindowUpdate payload_bytes=4
2026-09-26T01:46:53.445490Z DEBUG netbaiot_transports::business_rpc::v3: business RPC V3 selected frame stream_id=0 frame_type=WindowUpdate payload_bytes=4
2026-09-26T01:46:53.445499Z DEBUG netbaiot_transports::business_rpc::v3: business RPC V3 writer completed frame stream_id=0 frame_type=WindowUpdate payload_bytes=4
2026-09-26T01:46:53.478051Z DEBUG netbaiot_transports::business_rpc::v3: business RPC V3 received frame stream_id=0 frame_type=WindowUpdate payload_bytes=4
2026-09-26T01:46:53.478112Z DEBUG netbaiot_transports::business_rpc::v3: business RPC V3 received frame stream_id=0 frame_type=WindowUpdate payload_bytes=4
2026-09-26T01:46:53.478121Z DEBUG netbaiot_transports::business_rpc::v3: business RPC V3 received frame stream_id=0 frame_type=WindowUpdate payload_bytes=4
2026-09-26T01:46:53.478128Z DEBUG netbaiot_transports::business_rpc::v3: business RPC V3 received frame stream_id=0 frame_type=WindowUpdate payload_bytes=4
2026-09-26T01:46:53.478135Z DEBUG netbaiot_transports::business_rpc::v3: business RPC V3 received frame stream_id=0 frame_type=WindowUpdate payload_bytes=4
2026-09-26T01:46:53.478141Z DEBUG netbaiot_transports::business_rpc::v3: business RPC V3 received frame stream_id=0 frame_type=WindowUpdate payload_bytes=4
2026-09-26T01:46:53.478147Z DEBUG netbaiot_transports::business_rpc::v3: business RPC V3 received frame stream_id=364 frame_type=Response payload_bytes=35
2026-09-26T01:46:53.478158Z DEBUG netbaiot_transports::business_rpc::v3: business RPC V3 received frame stream_id=372 frame_type=Response payload_bytes=35
2026-09-26T01:46:53.478165Z DEBUG netbaiot_transports::business_rpc::v3: business RPC V3 received frame stream_id=366 frame_type=Response payload_bytes=35
2026-09-26T01:46:53.478172Z DEBUG netbaiot_transports::business_rpc::v3: business RPC V3 received frame stream_id=364 frame_type=Data payload_bytes=216
2026-09-26T01:46:53.478205Z DEBUG netbaiot_transports::business_rpc::v3: business RPC V3 received frame stream_id=368 frame_type=Response payload_bytes=35
2026-09-26T01:46:53.478213Z DEBUG netbaiot_transports::business_rpc::v3: business RPC V3 received frame stream_id=370 frame_type=Response payload_bytes=35
2026-09-26T01:46:53.478219Z DEBUG netbaiot_transports::business_rpc::v3: business RPC V3 received frame stream_id=362 frame_type=Response payload_bytes=35
2026-09-26T01:46:53.478225Z DEBUG netbaiot_transports::business_rpc::v3: business RPC V3 received frame stream_id=372 frame_type=Data payload_bytes=216
2026-09-26T01:46:53.478237Z DEBUG netbaiot_transports::business_rpc::v3: business RPC V3 received frame stream_id=366 frame_type=Data payload_bytes=216
2026-09-26T01:46:53.478249Z DEBUG netbaiot_transports::business_rpc::v3: business RPC V3 received frame stream_id=368 frame_type=Data payload_bytes=216
2026-09-26T01:46:53.478259Z DEBUG netbaiot_transports::business_rpc::v3: business RPC V3 received frame stream_id=370 frame_type=Data payload_bytes=216
2026-09-26T01:46:53.478270Z DEBUG netbaiot_transports::business_rpc::v3: business RPC V3 received frame stream_id=362 frame_type=Data payload_bytes=216
2026-09-26T01:46:53.478340Z DEBUG netbaiot_transports::business_rpc::v3: business RPC V3 selected frame stream_id=0 frame_type=WindowUpdate payload_bytes=4
2026-09-26T01:46:53.478354Z DEBUG netbaiot_transports::business_rpc::v3: business RPC V3 writer completed frame stream_id=0 frame_type=WindowUpdate payload_bytes=4
2026-09-26T01:46:53.478361Z DEBUG netbaiot_transports::business_rpc::v3: business RPC V3 selected frame stream_id=0 frame_type=WindowUpdate payload_bytes=4
2026-09-26T01:46:53.478370Z DEBUG netbaiot_transports::business_rpc::v3: business RPC V3 writer completed frame stream_id=0 frame_type=WindowUpdate payload_bytes=4
2026-09-26T01:46:53.478375Z DEBUG netbaiot_transports::business_rpc::v3: business RPC V3 selected frame stream_id=0 frame_type=WindowUpdate payload_bytes=4
2026-09-26T01:46:53.478383Z DEBUG netbaiot_transports::business_rpc::v3: business RPC V3 writer completed frame stream_id=0 frame_type=WindowUpdate payload_bytes=4
2026-09-26T01:46:53.478388Z DEBUG netbaiot_transports::business_rpc::v3: business RPC V3 selected frame stream_id=0 frame_type=WindowUpdate payload_bytes=4
2026-09-26T01:46:53.478395Z DEBUG netbaiot_transports::business_rpc::v3: business RPC V3 writer completed frame stream_id=0 frame_type=WindowUpdate payload_bytes=4
2026-09-26T01:46:53.478400Z DEBUG netbaiot_transports::business_rpc::v3: business RPC V3 selected frame stream_id=0 frame_type=WindowUpdate payload_bytes=4
2026-09-26T01:46:53.478409Z DEBUG netbaiot_transports::business_rpc::v3: business RPC V3 writer completed frame stream_id=0 frame_type=WindowUpdate payload_bytes=4
2026-09-26T01:46:53.478414Z DEBUG netbaiot_transports::business_rpc::v3: business RPC V3 selected frame stream_id=0 frame_type=WindowUpdate payload_bytes=4
2026-09-26T01:46:53.478421Z DEBUG netbaiot_transports::business_rpc::v3: business RPC V3 writer completed frame stream_id=0 frame_type=WindowUpdate payload_bytes=4
2026-09-26T01:46:53.679365Z DEBUG netbaiot_transports::business_rpc::v3: business RPC V3 body entered scheduler stream_id=374 class=Event body_bytes=17366
2026-09-26T01:46:53.679380Z DEBUG netbaiot_transports::business_rpc::v3: business RPC V3 selected frame stream_id=374 frame_type=Open payload_bytes=184
2026-09-26T01:46:53.679395Z DEBUG netbaiot_transports::business_rpc::v3: business RPC V3 writer completed frame stream_id=374 frame_type=Open payload_bytes=184
2026-09-26T01:46:53.679400Z DEBUG netbaiot_transports::business_rpc::v3: business RPC V3 selected frame stream_id=374 frame_type=Data payload_bytes=8192
2026-09-26T01:46:53.679405Z DEBUG netbaiot_transports::business_rpc::v3: business RPC V3 writer completed frame stream_id=374 frame_type=Data payload_bytes=8192
2026-09-26T01:46:53.679408Z DEBUG netbaiot_transports::business_rpc::v3: business RPC V3 selected frame stream_id=374 frame_type=Data payload_bytes=8192
2026-09-26T01:46:53.679416Z DEBUG netbaiot_transports::business_rpc::v3: business RPC V3 writer completed frame stream_id=374 frame_type=Data payload_bytes=8192
2026-09-26T01:46:53.809896Z DEBUG netbaiot_transports::business_rpc::v3: business RPC V3 received frame stream_id=0 frame_type=WindowUpdate payload_bytes=4
2026-09-26T01:46:53.809924Z DEBUG netbaiot_transports::business_rpc::v3: business RPC V3 received frame stream_id=374 frame_type=WindowUpdate payload_bytes=4
2026-09-26T01:46:53.809933Z DEBUG netbaiot_transports::business_rpc::v3: business RPC V3 selected frame stream_id=374 frame_type=Data payload_bytes=982
2026-09-26T01:46:53.809950Z DEBUG netbaiot_transports::business_rpc::v3: business RPC V3 writer completed frame stream_id=374 frame_type=Data payload_bytes=982
2026-09-26T01:46:53.844292Z DEBUG netbaiot_transports::business_rpc::v3: business RPC V3 received frame stream_id=0 frame_type=WindowUpdate payload_bytes=4
2026-09-26T01:46:53.844336Z DEBUG netbaiot_transports::business_rpc::v3: business RPC V3 received frame stream_id=374 frame_type=WindowUpdate payload_bytes=4
2026-09-26T01:46:53.891558Z DEBUG netbaiot_transports::business_rpc::v3: business RPC V3 body entered scheduler stream_id=376 class=Rpc body_bytes=198
2026-09-26T01:46:53.891695Z DEBUG netbaiot_transports::business_rpc::v3: business RPC V3 selected frame stream_id=376 frame_type=Open payload_bytes=158
2026-09-26T01:46:53.891738Z DEBUG netbaiot_transports::business_rpc::v3: business RPC V3 writer completed frame stream_id=376 frame_type=Open payload_bytes=158
2026-09-26T01:46:53.891746Z DEBUG netbaiot_transports::business_rpc::v3: business RPC V3 selected frame stream_id=376 frame_type=Data payload_bytes=198
2026-09-26T01:46:53.891752Z DEBUG netbaiot_transports::business_rpc::v3: business RPC V3 writer completed frame stream_id=376 frame_type=Data payload_bytes=198
2026-09-26T01:46:53.897203Z DEBUG netbaiot_transports::business_rpc::v3: business RPC V3 body entered scheduler stream_id=378 class=Rpc body_bytes=198
2026-09-26T01:46:53.897230Z DEBUG netbaiot_transports::business_rpc::v3: business RPC V3 selected frame stream_id=378 frame_type=Open payload_bytes=158
2026-09-26T01:46:53.897246Z DEBUG netbaiot_transports::business_rpc::v3: business RPC V3 writer completed frame stream_id=378 frame_type=Open payload_bytes=158
2026-09-26T01:46:53.897253Z DEBUG netbaiot_transports::business_rpc::v3: business RPC V3 selected frame stream_id=378 frame_type=Data payload_bytes=198
2026-09-26T01:46:53.897259Z DEBUG netbaiot_transports::business_rpc::v3: business RPC V3 writer completed frame stream_id=378 frame_type=Data payload_bytes=198
2026-09-26T01:46:53.909705Z DEBUG netbaiot_transports::business_rpc::v3: business RPC V3 received frame stream_id=0 frame_type=WindowUpdate payload_bytes=4
2026-09-26T01:46:53.937991Z DEBUG netbaiot_transports::business_rpc::v3: business RPC V3 received frame stream_id=374 frame_type=Response payload_bytes=35
2026-09-26T01:46:53.938036Z DEBUG netbaiot_transports::business_rpc::v3: business RPC V3 received frame stream_id=374 frame_type=Data payload_bytes=118
2026-09-26T01:46:53.938054Z DEBUG netbaiot_transports::business_rpc::v3: business RPC V3 Event delivery acknowledged stream_id=374 completion_us=258695
2026-09-26T01:46:53.938098Z DEBUG netbaiot_transports::business_rpc::v3: business RPC V3 selected frame stream_id=0 frame_type=WindowUpdate payload_bytes=4
2026-09-26T01:46:53.938126Z DEBUG netbaiot_transports::business_rpc::v3: business RPC V3 writer completed frame stream_id=0 frame_type=WindowUpdate payload_bytes=4
2026-09-26T01:46:53.956892Z DEBUG netbaiot_transports::business_rpc::v3: business RPC V3 body entered scheduler stream_id=380 class=Rpc body_bytes=198
2026-09-26T01:46:53.956928Z DEBUG netbaiot_transports::business_rpc::v3: business RPC V3 selected frame stream_id=380 frame_type=Open payload_bytes=158
2026-09-26T01:46:53.956962Z DEBUG netbaiot_transports::business_rpc::v3: business RPC V3 writer completed frame stream_id=380 frame_type=Open payload_bytes=158
2026-09-26T01:46:53.956976Z DEBUG netbaiot_transports::business_rpc::v3: business RPC V3 selected frame stream_id=380 frame_type=Data payload_bytes=198
2026-09-26T01:46:53.956987Z DEBUG netbaiot_transports::business_rpc::v3: business RPC V3 writer completed frame stream_id=380 frame_type=Data payload_bytes=198
2026-09-26T01:46:53.984750Z DEBUG netbaiot_transports::business_rpc::v3: business RPC V3 received frame stream_id=0 frame_type=WindowUpdate payload_bytes=4
2026-09-26T01:46:53.984785Z DEBUG netbaiot_transports::business_rpc::v3: business RPC V3 received frame stream_id=0 frame_type=WindowUpdate payload_bytes=4
2026-09-26T01:46:53.984792Z DEBUG netbaiot_transports::business_rpc::v3: business RPC V3 received frame stream_id=378 frame_type=Response payload_bytes=35
2026-09-26T01:46:53.984799Z DEBUG netbaiot_transports::business_rpc::v3: business RPC V3 received frame stream_id=378 frame_type=Data payload_bytes=216
2026-09-26T01:46:53.984822Z DEBUG netbaiot_transports::business_rpc::v3: business RPC V3 received frame stream_id=376 frame_type=Response payload_bytes=35
2026-09-26T01:46:53.984826Z DEBUG netbaiot_transports::business_rpc::v3: business RPC V3 received frame stream_id=376 frame_type=Data payload_bytes=216
2026-09-26T01:46:53.984873Z DEBUG netbaiot_transports::business_rpc::v3: business RPC V3 selected frame stream_id=0 frame_type=WindowUpdate payload_bytes=4
2026-09-26T01:46:53.984881Z DEBUG netbaiot_transports::business_rpc::v3: business RPC V3 writer completed frame stream_id=0 frame_type=WindowUpdate payload_bytes=4
2026-09-26T01:46:53.984885Z DEBUG netbaiot_transports::business_rpc::v3: business RPC V3 selected frame stream_id=0 frame_type=WindowUpdate payload_bytes=4
2026-09-26T01:46:53.984889Z DEBUG netbaiot_transports::business_rpc::v3: business RPC V3 writer completed frame stream_id=0 frame_type=WindowUpdate payload_bytes=4
2026-09-26T01:46:53.985833Z DEBUG netbaiot_transports::business_rpc::v3: business RPC V3 body entered scheduler stream_id=382 class=Rpc body_bytes=198
2026-09-26T01:46:53.985845Z DEBUG netbaiot_transports::business_rpc::v3: business RPC V3 selected frame stream_id=382 frame_type=Open payload_bytes=158
2026-09-26T01:46:53.985855Z DEBUG netbaiot_transports::business_rpc::v3: business RPC V3 writer completed frame stream_id=382 frame_type=Open payload_bytes=158
2026-09-26T01:46:53.985860Z DEBUG netbaiot_transports::business_rpc::v3: business RPC V3 selected frame stream_id=382 frame_type=Data payload_bytes=198
2026-09-26T01:46:53.985866Z DEBUG netbaiot_transports::business_rpc::v3: business RPC V3 writer completed frame stream_id=382 frame_type=Data payload_bytes=198
2026-09-26T01:46:53.985890Z DEBUG netbaiot_transports::business_rpc::v3: business RPC V3 body entered scheduler stream_id=384 class=Rpc body_bytes=198
2026-09-26T01:46:53.985896Z DEBUG netbaiot_transports::business_rpc::v3: business RPC V3 selected frame stream_id=384 frame_type=Open payload_bytes=158
2026-09-26T01:46:53.985901Z DEBUG netbaiot_transports::business_rpc::v3: business RPC V3 writer completed frame stream_id=384 frame_type=Open payload_bytes=158
2026-09-26T01:46:53.985906Z DEBUG netbaiot_transports::business_rpc::v3: business RPC V3 selected frame stream_id=384 frame_type=Data payload_bytes=198
2026-09-26T01:46:53.985911Z DEBUG netbaiot_transports::business_rpc::v3: business RPC V3 writer completed frame stream_id=384 frame_type=Data payload_bytes=198
2026-09-26T01:46:54.018648Z DEBUG netbaiot_transports::business_rpc::v3: business RPC V3 body entered scheduler stream_id=386 class=Rpc body_bytes=198
2026-09-26T01:46:54.018671Z DEBUG netbaiot_transports::business_rpc::v3: business RPC V3 selected frame stream_id=386 frame_type=Open payload_bytes=158
2026-09-26T01:46:54.018691Z DEBUG netbaiot_transports::business_rpc::v3: business RPC V3 writer completed frame stream_id=386 frame_type=Open payload_bytes=158
2026-09-26T01:46:54.018697Z DEBUG netbaiot_transports::business_rpc::v3: business RPC V3 selected frame stream_id=386 frame_type=Data payload_bytes=198
2026-09-26T01:46:54.018703Z DEBUG netbaiot_transports::business_rpc::v3: business RPC V3 writer completed frame stream_id=386 frame_type=Data payload_bytes=198
2026-09-26T01:46:54.041657Z DEBUG netbaiot_transports::business_rpc::v3: business RPC V3 received frame stream_id=0 frame_type=WindowUpdate payload_bytes=4
2026-09-26T01:46:54.041693Z DEBUG netbaiot_transports::business_rpc::v3: business RPC V3 received frame stream_id=380 frame_type=Response payload_bytes=35
2026-09-26T01:46:54.041704Z DEBUG netbaiot_transports::business_rpc::v3: business RPC V3 received frame stream_id=380 frame_type=Data payload_bytes=216
2026-09-26T01:46:54.041813Z DEBUG netbaiot_transports::business_rpc::v3: business RPC V3 selected frame stream_id=0 frame_type=WindowUpdate payload_bytes=4
2026-09-26T01:46:54.041861Z DEBUG netbaiot_transports::business_rpc::v3: business RPC V3 writer completed frame stream_id=0 frame_type=WindowUpdate payload_bytes=4
2026-09-26T01:46:54.042332Z DEBUG netbaiot_transports::business_rpc::v3: business RPC V3 body entered scheduler stream_id=388 class=Rpc body_bytes=198
2026-09-26T01:46:54.042369Z DEBUG netbaiot_transports::business_rpc::v3: business RPC V3 selected frame stream_id=388 frame_type=Open payload_bytes=158
2026-09-26T01:46:54.042389Z DEBUG netbaiot_transports::business_rpc::v3: business RPC V3 writer completed frame stream_id=388 frame_type=Open payload_bytes=158
2026-09-26T01:46:54.042411Z DEBUG netbaiot_transports::business_rpc::v3: business RPC V3 selected frame stream_id=388 frame_type=Data payload_bytes=198
2026-09-26T01:46:54.042472Z DEBUG netbaiot_transports::business_rpc::v3: business RPC V3 writer completed frame stream_id=388 frame_type=Data payload_bytes=198
2026-09-26T01:46:54.068399Z DEBUG netbaiot_transports::business_rpc::v3: business RPC V3 body entered scheduler stream_id=390 class=Rpc body_bytes=198
2026-09-26T01:46:54.068474Z DEBUG netbaiot_transports::business_rpc::v3: business RPC V3 selected frame stream_id=390 frame_type=Open payload_bytes=158
2026-09-26T01:46:54.068520Z DEBUG netbaiot_transports::business_rpc::v3: business RPC V3 writer completed frame stream_id=390 frame_type=Open payload_bytes=158
2026-09-26T01:46:54.068538Z DEBUG netbaiot_transports::business_rpc::v3: business RPC V3 selected frame stream_id=390 frame_type=Data payload_bytes=198
2026-09-26T01:46:54.068552Z DEBUG netbaiot_transports::business_rpc::v3: business RPC V3 writer completed frame stream_id=390 frame_type=Data payload_bytes=198
2026-09-26T01:46:54.071950Z DEBUG netbaiot_transports::business_rpc::v3: business RPC V3 received frame stream_id=0 frame_type=WindowUpdate payload_bytes=4
2026-09-26T01:46:54.071984Z DEBUG netbaiot_transports::business_rpc::v3: business RPC V3 received frame stream_id=0 frame_type=WindowUpdate payload_bytes=4
2026-09-26T01:46:54.071990Z DEBUG netbaiot_transports::business_rpc::v3: business RPC V3 received frame stream_id=384 frame_type=Response payload_bytes=35
2026-09-26T01:46:54.071997Z DEBUG netbaiot_transports::business_rpc::v3: business RPC V3 received frame stream_id=382 frame_type=Response payload_bytes=35
2026-09-26T01:46:54.072001Z DEBUG netbaiot_transports::business_rpc::v3: business RPC V3 received frame stream_id=384 frame_type=Data payload_bytes=216
2026-09-26T01:46:54.072021Z DEBUG netbaiot_transports::business_rpc::v3: business RPC V3 received frame stream_id=382 frame_type=Data payload_bytes=216
2026-09-26T01:46:54.072068Z DEBUG netbaiot_transports::business_rpc::v3: business RPC V3 selected frame stream_id=0 frame_type=WindowUpdate payload_bytes=4
2026-09-26T01:46:54.072077Z DEBUG netbaiot_transports::business_rpc::v3: business RPC V3 writer completed frame stream_id=0 frame_type=WindowUpdate payload_bytes=4
2026-09-26T01:46:54.072081Z DEBUG netbaiot_transports::business_rpc::v3: business RPC V3 selected frame stream_id=0 frame_type=WindowUpdate payload_bytes=4
2026-09-26T01:46:54.072086Z DEBUG netbaiot_transports::business_rpc::v3: business RPC V3 writer completed frame stream_id=0 frame_type=WindowUpdate payload_bytes=4
2026-09-26T01:46:54.072409Z DEBUG netbaiot_transports::business_rpc::v3: business RPC V3 body entered scheduler stream_id=392 class=Rpc body_bytes=198
2026-09-26T01:46:54.072422Z DEBUG netbaiot_transports::business_rpc::v3: business RPC V3 selected frame stream_id=392 frame_type=Open payload_bytes=158
2026-09-26T01:46:54.072429Z DEBUG netbaiot_transports::business_rpc::v3: business RPC V3 writer completed frame stream_id=392 frame_type=Open payload_bytes=158
2026-09-26T01:46:54.072434Z DEBUG netbaiot_transports::business_rpc::v3: business RPC V3 selected frame stream_id=392 frame_type=Data payload_bytes=198
2026-09-26T01:46:54.072439Z DEBUG netbaiot_transports::business_rpc::v3: business RPC V3 writer completed frame stream_id=392 frame_type=Data payload_bytes=198
2026-09-26T01:46:54.072458Z DEBUG netbaiot_transports::business_rpc::v3: business RPC V3 body entered scheduler stream_id=394 class=Rpc body_bytes=198
2026-09-26T01:46:54.072502Z DEBUG netbaiot_transports::business_rpc::v3: business RPC V3 selected frame stream_id=394 frame_type=Open payload_bytes=158
2026-09-26T01:46:54.072528Z DEBUG netbaiot_transports::business_rpc::v3: business RPC V3 writer completed frame stream_id=394 frame_type=Open payload_bytes=158
2026-09-26T01:46:54.072544Z DEBUG netbaiot_transports::business_rpc::v3: business RPC V3 selected frame stream_id=394 frame_type=Data payload_bytes=198
2026-09-26T01:46:54.072558Z DEBUG netbaiot_transports::business_rpc::v3: business RPC V3 writer completed frame stream_id=394 frame_type=Data payload_bytes=198
2026-09-26T01:46:54.093558Z DEBUG netbaiot_transports::business_rpc::v3: business RPC V3 body entered scheduler stream_id=396 class=Rpc body_bytes=198
2026-09-26T01:46:54.093608Z DEBUG netbaiot_transports::business_rpc::v3: business RPC V3 selected frame stream_id=396 frame_type=Open payload_bytes=158
2026-09-26T01:46:54.093647Z DEBUG netbaiot_transports::business_rpc::v3: business RPC V3 writer completed frame stream_id=396 frame_type=Open payload_bytes=158
2026-09-26T01:46:54.093664Z DEBUG netbaiot_transports::business_rpc::v3: business RPC V3 selected frame stream_id=396 frame_type=Data payload_bytes=198
2026-09-26T01:46:54.093678Z DEBUG netbaiot_transports::business_rpc::v3: business RPC V3 writer completed frame stream_id=396 frame_type=Data payload_bytes=198
2026-09-26T01:46:54.132120Z DEBUG netbaiot_transports::business_rpc::v3: business RPC V3 received frame stream_id=0 frame_type=WindowUpdate payload_bytes=4
2026-09-26T01:46:54.132141Z DEBUG netbaiot_transports::business_rpc::v3: business RPC V3 received frame stream_id=0 frame_type=WindowUpdate payload_bytes=4
2026-09-26T01:46:54.132146Z DEBUG netbaiot_transports::business_rpc::v3: business RPC V3 received frame stream_id=388 frame_type=Response payload_bytes=35
2026-09-26T01:46:54.132154Z DEBUG netbaiot_transports::business_rpc::v3: business RPC V3 received frame stream_id=386 frame_type=Response payload_bytes=35
2026-09-26T01:46:54.132160Z DEBUG netbaiot_transports::business_rpc::v3: business RPC V3 received frame stream_id=388 frame_type=Data payload_bytes=216
2026-09-26T01:46:54.132179Z DEBUG netbaiot_transports::business_rpc::v3: business RPC V3 received frame stream_id=386 frame_type=Data payload_bytes=216
2026-09-26T01:46:54.132299Z DEBUG netbaiot_transports::business_rpc::v3: business RPC V3 selected frame stream_id=0 frame_type=WindowUpdate payload_bytes=4
2026-09-26T01:46:54.132346Z DEBUG netbaiot_transports::business_rpc::v3: business RPC V3 writer completed frame stream_id=0 frame_type=WindowUpdate payload_bytes=4
2026-09-26T01:46:54.132361Z DEBUG netbaiot_transports::business_rpc::v3: business RPC V3 selected frame stream_id=0 frame_type=WindowUpdate payload_bytes=4
2026-09-26T01:46:54.132375Z DEBUG netbaiot_transports::business_rpc::v3: business RPC V3 writer completed frame stream_id=0 frame_type=WindowUpdate payload_bytes=4
2026-09-26T01:46:54.134143Z DEBUG netbaiot_transports::business_rpc::v3: business RPC V3 body entered scheduler stream_id=398 class=Rpc body_bytes=198
2026-09-26T01:46:54.134175Z DEBUG netbaiot_transports::business_rpc::v3: business RPC V3 selected frame stream_id=398 frame_type=Open payload_bytes=158
2026-09-26T01:46:54.134189Z DEBUG netbaiot_transports::business_rpc::v3: business RPC V3 writer completed frame stream_id=398 frame_type=Open payload_bytes=158
2026-09-26T01:46:54.134195Z DEBUG netbaiot_transports::business_rpc::v3: business RPC V3 selected frame stream_id=398 frame_type=Data payload_bytes=198
2026-09-26T01:46:54.134200Z DEBUG netbaiot_transports::business_rpc::v3: business RPC V3 writer completed frame stream_id=398 frame_type=Data payload_bytes=198
2026-09-26T01:46:54.135703Z DEBUG netbaiot_transports::business_rpc::v3: business RPC V3 body entered scheduler stream_id=400 class=Rpc body_bytes=198
2026-09-26T01:46:54.135733Z DEBUG netbaiot_transports::business_rpc::v3: business RPC V3 selected frame stream_id=400 frame_type=Open payload_bytes=158
2026-09-26T01:46:54.135743Z DEBUG netbaiot_transports::business_rpc::v3: business RPC V3 writer completed frame stream_id=400 frame_type=Open payload_bytes=158
2026-09-26T01:46:54.135747Z DEBUG netbaiot_transports::business_rpc::v3: business RPC V3 selected frame stream_id=400 frame_type=Data payload_bytes=198
2026-09-26T01:46:54.135752Z DEBUG netbaiot_transports::business_rpc::v3: business RPC V3 writer completed frame stream_id=400 frame_type=Data payload_bytes=198
2026-09-26T01:46:54.135830Z DEBUG netbaiot_transports::business_rpc::v3: business RPC V3 body entered scheduler stream_id=402 class=Rpc body_bytes=198
2026-09-26T01:46:54.135862Z DEBUG netbaiot_transports::business_rpc::v3: business RPC V3 selected frame stream_id=402 frame_type=Open payload_bytes=158
2026-09-26T01:46:54.135874Z DEBUG netbaiot_transports::business_rpc::v3: business RPC V3 writer completed frame stream_id=402 frame_type=Open payload_bytes=158
2026-09-26T01:46:54.135880Z DEBUG netbaiot_transports::business_rpc::v3: business RPC V3 selected frame stream_id=402 frame_type=Data payload_bytes=198
2026-09-26T01:46:54.135885Z DEBUG netbaiot_transports::business_rpc::v3: business RPC V3 writer completed frame stream_id=402 frame_type=Data payload_bytes=198
2026-09-26T01:46:54.142647Z DEBUG netbaiot_transports::business_rpc::v3: business RPC V3 body entered scheduler stream_id=404 class=Rpc body_bytes=198
2026-09-26T01:46:54.142726Z DEBUG netbaiot_transports::business_rpc::v3: business RPC V3 selected frame stream_id=404 frame_type=Open payload_bytes=158
2026-09-26T01:46:54.142740Z DEBUG netbaiot_transports::business_rpc::v3: business RPC V3 writer completed frame stream_id=404 frame_type=Open payload_bytes=158
2026-09-26T01:46:54.142745Z DEBUG netbaiot_transports::business_rpc::v3: business RPC V3 selected frame stream_id=404 frame_type=Data payload_bytes=198
2026-09-26T01:46:54.142749Z DEBUG netbaiot_transports::business_rpc::v3: business RPC V3 writer completed frame stream_id=404 frame_type=Data payload_bytes=198
2026-09-26T01:46:54.161460Z DEBUG netbaiot_transports::business_rpc::v3: business RPC V3 received frame stream_id=0 frame_type=WindowUpdate payload_bytes=4
2026-09-26T01:46:54.161512Z DEBUG netbaiot_transports::business_rpc::v3: business RPC V3 received frame stream_id=390 frame_type=Response payload_bytes=35
2026-09-26T01:46:54.161535Z DEBUG netbaiot_transports::business_rpc::v3: business RPC V3 received frame stream_id=390 frame_type=Data payload_bytes=216
2026-09-26T01:46:54.161657Z DEBUG netbaiot_transports::business_rpc::v3: business RPC V3 selected frame stream_id=0 frame_type=WindowUpdate payload_bytes=4
2026-09-26T01:46:54.161863Z DEBUG netbaiot_transports::business_rpc::v3: business RPC V3 writer completed frame stream_id=0 frame_type=WindowUpdate payload_bytes=4
2026-09-26T01:46:54.162300Z DEBUG netbaiot_transports::business_rpc::v3: business RPC V3 body entered scheduler stream_id=406 class=Rpc body_bytes=198
2026-09-26T01:46:54.162325Z DEBUG netbaiot_transports::business_rpc::v3: business RPC V3 selected frame stream_id=406 frame_type=Open payload_bytes=158
2026-09-26T01:46:54.162336Z DEBUG netbaiot_transports::business_rpc::v3: business RPC V3 writer completed frame stream_id=406 frame_type=Open payload_bytes=158
2026-09-26T01:46:54.162341Z DEBUG netbaiot_transports::business_rpc::v3: business RPC V3 selected frame stream_id=406 frame_type=Data payload_bytes=198
2026-09-26T01:46:54.162378Z DEBUG netbaiot_transports::business_rpc::v3: business RPC V3 writer completed frame stream_id=406 frame_type=Data payload_bytes=198
2026-09-26T01:46:54.180818Z DEBUG netbaiot_transports::business_rpc::v3: business RPC V3 body entered scheduler stream_id=408 class=Event body_bytes=17366
2026-09-26T01:46:54.180870Z DEBUG netbaiot_transports::business_rpc::v3: business RPC V3 selected frame stream_id=408 frame_type=Open payload_bytes=184
2026-09-26T01:46:54.180886Z DEBUG netbaiot_transports::business_rpc::v3: business RPC V3 writer completed frame stream_id=408 frame_type=Open payload_bytes=184
2026-09-26T01:46:54.180897Z DEBUG netbaiot_transports::business_rpc::v3: business RPC V3 selected frame stream_id=408 frame_type=Data payload_bytes=8192
2026-09-26T01:46:54.180906Z DEBUG netbaiot_transports::business_rpc::v3: business RPC V3 writer completed frame stream_id=408 frame_type=Data payload_bytes=8192
2026-09-26T01:46:54.180911Z DEBUG netbaiot_transports::business_rpc::v3: business RPC V3 selected frame stream_id=408 frame_type=Data payload_bytes=8192
2026-09-26T01:46:54.180919Z DEBUG netbaiot_transports::business_rpc::v3: business RPC V3 writer completed frame stream_id=408 frame_type=Data payload_bytes=8192
2026-09-26T01:46:54.192548Z DEBUG netbaiot_transports::business_rpc::v3: business RPC V3 received frame stream_id=0 frame_type=WindowUpdate payload_bytes=4
2026-09-26T01:46:54.192587Z DEBUG netbaiot_transports::business_rpc::v3: business RPC V3 received frame stream_id=0 frame_type=WindowUpdate payload_bytes=4
2026-09-26T01:46:54.192596Z DEBUG netbaiot_transports::business_rpc::v3: business RPC V3 received frame stream_id=0 frame_type=WindowUpdate payload_bytes=4
2026-09-26T01:46:54.192600Z DEBUG netbaiot_transports::business_rpc::v3: business RPC V3 received frame stream_id=396 frame_type=Response payload_bytes=35
2026-09-26T01:46:54.192606Z DEBUG netbaiot_transports::business_rpc::v3: business RPC V3 received frame stream_id=396 frame_type=Data payload_bytes=216
2026-09-26T01:46:54.192680Z DEBUG netbaiot_transports::business_rpc::v3: business RPC V3 received frame stream_id=392 frame_type=Response payload_bytes=35
2026-09-26T01:46:54.192690Z DEBUG netbaiot_transports::business_rpc::v3: business RPC V3 received frame stream_id=392 frame_type=Data payload_bytes=216
2026-09-26T01:46:54.192700Z DEBUG netbaiot_transports::business_rpc::v3: business RPC V3 received frame stream_id=394 frame_type=Response payload_bytes=35
2026-09-26T01:46:54.192704Z DEBUG netbaiot_transports::business_rpc::v3: business RPC V3 received frame stream_id=394 frame_type=Data payload_bytes=216
2026-09-26T01:46:54.192766Z DEBUG netbaiot_transports::business_rpc::v3: business RPC V3 selected frame stream_id=0 frame_type=WindowUpdate payload_bytes=4
2026-09-26T01:46:54.192816Z DEBUG netbaiot_transports::business_rpc::v3: business RPC V3 writer completed frame stream_id=0 frame_type=WindowUpdate payload_bytes=4
2026-09-26T01:46:54.192830Z DEBUG netbaiot_transports::business_rpc::v3: business RPC V3 selected frame stream_id=0 frame_type=WindowUpdate payload_bytes=4
2026-09-26T01:46:54.192840Z DEBUG netbaiot_transports::business_rpc::v3: business RPC V3 writer completed frame stream_id=0 frame_type=WindowUpdate payload_bytes=4
2026-09-26T01:46:54.192854Z DEBUG netbaiot_transports::business_rpc::v3: business RPC V3 selected frame stream_id=0 frame_type=WindowUpdate payload_bytes=4
2026-09-26T01:46:54.192872Z DEBUG netbaiot_transports::business_rpc::v3: business RPC V3 writer completed frame stream_id=0 frame_type=WindowUpdate payload_bytes=4
2026-09-26T01:46:54.193312Z DEBUG netbaiot_transports::business_rpc::v3: business RPC V3 body entered scheduler stream_id=410 class=Rpc body_bytes=198
2026-09-26T01:46:54.193319Z DEBUG netbaiot_transports::business_rpc::v3: business RPC V3 selected frame stream_id=410 frame_type=Open payload_bytes=158
2026-09-26T01:46:54.193326Z DEBUG netbaiot_transports::business_rpc::v3: business RPC V3 writer completed frame stream_id=410 frame_type=Open payload_bytes=158
2026-09-26T01:46:54.193329Z DEBUG netbaiot_transports::business_rpc::v3: business RPC V3 selected frame stream_id=410 frame_type=Data payload_bytes=198
2026-09-26T01:46:54.193332Z DEBUG netbaiot_transports::business_rpc::v3: business RPC V3 writer completed frame stream_id=410 frame_type=Data payload_bytes=198
2026-09-26T01:46:54.193376Z DEBUG netbaiot_transports::business_rpc::v3: business RPC V3 body entered scheduler stream_id=412 class=Rpc body_bytes=198
2026-09-26T01:46:54.193380Z DEBUG netbaiot_transports::business_rpc::v3: business RPC V3 selected frame stream_id=412 frame_type=Open payload_bytes=158
2026-09-26T01:46:54.193384Z DEBUG netbaiot_transports::business_rpc::v3: business RPC V3 writer completed frame stream_id=412 frame_type=Open payload_bytes=158
2026-09-26T01:46:54.193386Z DEBUG netbaiot_transports::business_rpc::v3: business RPC V3 selected frame stream_id=412 frame_type=Data payload_bytes=198
2026-09-26T01:46:54.193390Z DEBUG netbaiot_transports::business_rpc::v3: business RPC V3 writer completed frame stream_id=412 frame_type=Data payload_bytes=198
2026-09-26T01:46:54.193429Z DEBUG netbaiot_transports::business_rpc::v3: business RPC V3 body entered scheduler stream_id=414 class=Rpc body_bytes=198
2026-09-26T01:46:54.193432Z DEBUG netbaiot_transports::business_rpc::v3: business RPC V3 selected frame stream_id=414 frame_type=Open payload_bytes=158
2026-09-26T01:46:54.193435Z DEBUG netbaiot_transports::business_rpc::v3: business RPC V3 writer completed frame stream_id=414 frame_type=Open payload_bytes=158
2026-09-26T01:46:54.193437Z DEBUG netbaiot_transports::business_rpc::v3: business RPC V3 selected frame stream_id=414 frame_type=Data payload_bytes=198
2026-09-26T01:46:54.193440Z DEBUG netbaiot_transports::business_rpc::v3: business RPC V3 writer completed frame stream_id=414 frame_type=Data payload_bytes=198
2026-09-26T01:46:54.251694Z DEBUG netbaiot_transports::business_rpc::v3: business RPC V3 received frame stream_id=0 frame_type=WindowUpdate payload_bytes=4
2026-09-26T01:46:54.251754Z DEBUG netbaiot_transports::business_rpc::v3: business RPC V3 received frame stream_id=0 frame_type=WindowUpdate payload_bytes=4
2026-09-26T01:46:54.251777Z DEBUG netbaiot_transports::business_rpc::v3: business RPC V3 received frame stream_id=0 frame_type=WindowUpdate payload_bytes=4
2026-09-26T01:46:54.251787Z DEBUG netbaiot_transports::business_rpc::v3: business RPC V3 received frame stream_id=0 frame_type=WindowUpdate payload_bytes=4
2026-09-26T01:46:54.251790Z DEBUG netbaiot_transports::business_rpc::v3: business RPC V3 received frame stream_id=398 frame_type=Response payload_bytes=35
2026-09-26T01:46:54.251797Z DEBUG netbaiot_transports::business_rpc::v3: business RPC V3 received frame stream_id=398 frame_type=Data payload_bytes=216
2026-09-26T01:46:54.251834Z DEBUG netbaiot_transports::business_rpc::v3: business RPC V3 received frame stream_id=400 frame_type=Response payload_bytes=35
2026-09-26T01:46:54.251868Z DEBUG netbaiot_transports::business_rpc::v3: business RPC V3 selected frame stream_id=0 frame_type=WindowUpdate payload_bytes=4
2026-09-26T01:46:54.251892Z DEBUG netbaiot_transports::business_rpc::v3: business RPC V3 writer completed frame stream_id=0 frame_type=WindowUpdate payload_bytes=4
2026-09-26T01:46:54.251903Z DEBUG netbaiot_transports::business_rpc::v3: business RPC V3 received frame stream_id=400 frame_type=Data payload_bytes=216
2026-09-26T01:46:54.251940Z DEBUG netbaiot_transports::business_rpc::v3: business RPC V3 received frame stream_id=402 frame_type=Response payload_bytes=35
2026-09-26T01:46:54.251946Z DEBUG netbaiot_transports::business_rpc::v3: business RPC V3 received frame stream_id=404 frame_type=Response payload_bytes=35
2026-09-26T01:46:54.251950Z DEBUG netbaiot_transports::business_rpc::v3: business RPC V3 received frame stream_id=402 frame_type=Data payload_bytes=216
2026-09-26T01:46:54.252031Z DEBUG netbaiot_transports::business_rpc::v3: business RPC V3 selected frame stream_id=0 frame_type=WindowUpdate payload_bytes=4
2026-09-26T01:46:54.251991Z DEBUG netbaiot_transports::business_rpc::v3: business RPC V3 received frame stream_id=404 frame_type=Data payload_bytes=216
2026-09-26T01:46:54.252048Z DEBUG netbaiot_transports::business_rpc::v3: business RPC V3 writer completed frame stream_id=0 frame_type=WindowUpdate payload_bytes=4
2026-09-26T01:46:54.252149Z DEBUG netbaiot_transports::business_rpc::v3: business RPC V3 selected frame stream_id=0 frame_type=WindowUpdate payload_bytes=4
2026-09-26T01:46:54.252155Z DEBUG netbaiot_transports::business_rpc::v3: business RPC V3 writer completed frame stream_id=0 frame_type=WindowUpdate payload_bytes=4
2026-09-26T01:46:54.252158Z DEBUG netbaiot_transports::business_rpc::v3: business RPC V3 selected frame stream_id=0 frame_type=WindowUpdate payload_bytes=4
2026-09-26T01:46:54.252162Z DEBUG netbaiot_transports::business_rpc::v3: business RPC V3 writer completed frame stream_id=0 frame_type=WindowUpdate payload_bytes=4
2026-09-26T01:46:54.252613Z DEBUG netbaiot_transports::business_rpc::v3: business RPC V3 body entered scheduler stream_id=416 class=Rpc body_bytes=198
2026-09-26T01:46:54.252619Z DEBUG netbaiot_transports::business_rpc::v3: business RPC V3 selected frame stream_id=416 frame_type=Open payload_bytes=158
2026-09-26T01:46:54.252626Z DEBUG netbaiot_transports::business_rpc::v3: business RPC V3 writer completed frame stream_id=416 frame_type=Open payload_bytes=158
2026-09-26T01:46:54.252629Z DEBUG netbaiot_transports::business_rpc::v3: business RPC V3 selected frame stream_id=416 frame_type=Data payload_bytes=198
2026-09-26T01:46:54.252634Z DEBUG netbaiot_transports::business_rpc::v3: business RPC V3 writer completed frame stream_id=416 frame_type=Data payload_bytes=198
2026-09-26T01:46:54.252706Z DEBUG netbaiot_transports::business_rpc::v3: business RPC V3 body entered scheduler stream_id=418 class=Rpc body_bytes=198
2026-09-26T01:46:54.252768Z DEBUG netbaiot_transports::business_rpc::v3: business RPC V3 body entered scheduler stream_id=420 class=Rpc body_bytes=198
2026-09-26T01:46:54.252787Z DEBUG netbaiot_transports::business_rpc::v3: business RPC V3 body entered scheduler stream_id=422 class=Rpc body_bytes=198
2026-09-26T01:46:54.252802Z DEBUG netbaiot_transports::business_rpc::v3: business RPC V3 selected frame stream_id=418 frame_type=Open payload_bytes=158
2026-09-26T01:46:54.252815Z DEBUG netbaiot_transports::business_rpc::v3: business RPC V3 writer completed frame stream_id=418 frame_type=Open payload_bytes=158
2026-09-26T01:46:54.252819Z DEBUG netbaiot_transports::business_rpc::v3: business RPC V3 selected frame stream_id=420 frame_type=Open payload_bytes=158
2026-09-26T01:46:54.252823Z DEBUG netbaiot_transports::business_rpc::v3: business RPC V3 writer completed frame stream_id=420 frame_type=Open payload_bytes=158
2026-09-26T01:46:54.252826Z DEBUG netbaiot_transports::business_rpc::v3: business RPC V3 selected frame stream_id=422 frame_type=Open payload_bytes=158
2026-09-26T01:46:54.252831Z DEBUG netbaiot_transports::business_rpc::v3: business RPC V3 writer completed frame stream_id=422 frame_type=Open payload_bytes=158
2026-09-26T01:46:54.252834Z DEBUG netbaiot_transports::business_rpc::v3: business RPC V3 selected frame stream_id=418 frame_type=Data payload_bytes=198
2026-09-26T01:46:54.252837Z DEBUG netbaiot_transports::business_rpc::v3: business RPC V3 writer completed frame stream_id=418 frame_type=Data payload_bytes=198
2026-09-26T01:46:54.252840Z DEBUG netbaiot_transports::business_rpc::v3: business RPC V3 selected frame stream_id=420 frame_type=Data payload_bytes=198
2026-09-26T01:46:54.252843Z DEBUG netbaiot_transports::business_rpc::v3: business RPC V3 writer completed frame stream_id=420 frame_type=Data payload_bytes=198
2026-09-26T01:46:54.252845Z DEBUG netbaiot_transports::business_rpc::v3: business RPC V3 selected frame stream_id=422 frame_type=Data payload_bytes=198
2026-09-26T01:46:54.252848Z DEBUG netbaiot_transports::business_rpc::v3: business RPC V3 writer completed frame stream_id=422 frame_type=Data payload_bytes=198
2026-09-26T01:46:54.338090Z DEBUG netbaiot_transports::business_rpc::v3: business RPC V3 received frame stream_id=0 frame_type=WindowUpdate payload_bytes=4
2026-09-26T01:46:54.338104Z DEBUG netbaiot_transports::business_rpc::v3: business RPC V3 received frame stream_id=0 frame_type=WindowUpdate payload_bytes=4
2026-09-26T01:46:54.338108Z DEBUG netbaiot_transports::business_rpc::v3: business RPC V3 received frame stream_id=408 frame_type=WindowUpdate payload_bytes=4
2026-09-26T01:46:54.338110Z DEBUG netbaiot_transports::business_rpc::v3: business RPC V3 received frame stream_id=406 frame_type=Response payload_bytes=35
2026-09-26T01:46:54.338116Z DEBUG netbaiot_transports::business_rpc::v3: business RPC V3 received frame stream_id=406 frame_type=Data payload_bytes=216
2026-09-26T01:46:54.338228Z DEBUG netbaiot_transports::business_rpc::v3: business RPC V3 selected frame stream_id=0 frame_type=WindowUpdate payload_bytes=4
2026-09-26T01:46:54.338239Z DEBUG netbaiot_transports::business_rpc::v3: business RPC V3 writer completed frame stream_id=0 frame_type=WindowUpdate payload_bytes=4
2026-09-26T01:46:54.338244Z DEBUG netbaiot_transports::business_rpc::v3: business RPC V3 selected frame stream_id=408 frame_type=Data payload_bytes=982
2026-09-26T01:46:54.338249Z DEBUG netbaiot_transports::business_rpc::v3: business RPC V3 writer completed frame stream_id=408 frame_type=Data payload_bytes=982
2026-09-26T01:46:54.338706Z DEBUG netbaiot_transports::business_rpc::v3: business RPC V3 body entered scheduler stream_id=424 class=Rpc body_bytes=198
2026-09-26T01:46:54.338729Z DEBUG netbaiot_transports::business_rpc::v3: business RPC V3 selected frame stream_id=424 frame_type=Open payload_bytes=158
2026-09-26T01:46:54.338759Z DEBUG netbaiot_transports::business_rpc::v3: business RPC V3 writer completed frame stream_id=424 frame_type=Open payload_bytes=158
2026-09-26T01:46:54.338768Z DEBUG netbaiot_transports::business_rpc::v3: business RPC V3 selected frame stream_id=424 frame_type=Data payload_bytes=198
2026-09-26T01:46:54.338778Z DEBUG netbaiot_transports::business_rpc::v3: business RPC V3 writer completed frame stream_id=424 frame_type=Data payload_bytes=198
2026-09-26T01:46:54.373301Z DEBUG netbaiot_transports::business_rpc::v3: business RPC V3 received frame stream_id=0 frame_type=WindowUpdate payload_bytes=4
2026-09-26T01:46:54.373347Z DEBUG netbaiot_transports::business_rpc::v3: business RPC V3 received frame stream_id=408 frame_type=WindowUpdate payload_bytes=4
2026-09-26T01:46:54.373359Z DEBUG netbaiot_transports::business_rpc::v3: business RPC V3 received frame stream_id=0 frame_type=WindowUpdate payload_bytes=4
2026-09-26T01:46:54.373366Z DEBUG netbaiot_transports::business_rpc::v3: business RPC V3 received frame stream_id=0 frame_type=WindowUpdate payload_bytes=4
2026-09-26T01:46:54.373373Z DEBUG netbaiot_transports::business_rpc::v3: business RPC V3 received frame stream_id=0 frame_type=WindowUpdate payload_bytes=4
2026-09-26T01:46:54.373379Z DEBUG netbaiot_transports::business_rpc::v3: business RPC V3 received frame stream_id=0 frame_type=WindowUpdate payload_bytes=4
2026-09-26T01:46:54.373385Z DEBUG netbaiot_transports::business_rpc::v3: business RPC V3 received frame stream_id=0 frame_type=WindowUpdate payload_bytes=4
2026-09-26T01:46:54.373391Z DEBUG netbaiot_transports::business_rpc::v3: business RPC V3 received frame stream_id=0 frame_type=WindowUpdate payload_bytes=4
2026-09-26T01:46:54.373397Z DEBUG netbaiot_transports::business_rpc::v3: business RPC V3 received frame stream_id=0 frame_type=WindowUpdate payload_bytes=4
2026-09-26T01:46:54.373403Z DEBUG netbaiot_transports::business_rpc::v3: business RPC V3 received frame stream_id=422 frame_type=Response payload_bytes=35
2026-09-26T01:46:54.373413Z DEBUG netbaiot_transports::business_rpc::v3: business RPC V3 received frame stream_id=422 frame_type=Data payload_bytes=216
2026-09-26T01:46:54.373443Z DEBUG netbaiot_transports::business_rpc::v3: business RPC V3 received frame stream_id=414 frame_type=Response payload_bytes=35
2026-09-26T01:46:54.373452Z DEBUG netbaiot_transports::business_rpc::v3: business RPC V3 received frame stream_id=410 frame_type=Response payload_bytes=35
2026-09-26T01:46:54.373458Z DEBUG netbaiot_transports::business_rpc::v3: business RPC V3 received frame stream_id=412 frame_type=Response payload_bytes=35
2026-09-26T01:46:54.373464Z DEBUG netbaiot_transports::business_rpc::v3: business RPC V3 received frame stream_id=418 frame_type=Response payload_bytes=35
2026-09-26T01:46:54.373470Z DEBUG netbaiot_transports::business_rpc::v3: business RPC V3 received frame stream_id=414 frame_type=Data payload_bytes=216
2026-09-26T01:46:54.373483Z DEBUG netbaiot_transports::business_rpc::v3: business RPC V3 received frame stream_id=416 frame_type=Response payload_bytes=35
2026-09-26T01:46:54.373490Z DEBUG netbaiot_transports::business_rpc::v3: business RPC V3 received frame stream_id=420 frame_type=Response payload_bytes=35
2026-09-26T01:46:54.373496Z DEBUG netbaiot_transports::business_rpc::v3: business RPC V3 received frame stream_id=410 frame_type=Data payload_bytes=216
2026-09-26T01:46:54.373507Z DEBUG netbaiot_transports::business_rpc::v3: business RPC V3 received frame stream_id=412 frame_type=Data payload_bytes=216
2026-09-26T01:46:54.373517Z DEBUG netbaiot_transports::business_rpc::v3: business RPC V3 received frame stream_id=418 frame_type=Data payload_bytes=216
2026-09-26T01:46:54.373528Z DEBUG netbaiot_transports::business_rpc::v3: business RPC V3 received frame stream_id=416 frame_type=Data payload_bytes=216
2026-09-26T01:46:54.373539Z DEBUG netbaiot_transports::business_rpc::v3: business RPC V3 received frame stream_id=420 frame_type=Data payload_bytes=216
2026-09-26T01:46:54.373629Z DEBUG netbaiot_transports::business_rpc::v3: business RPC V3 selected frame stream_id=0 frame_type=WindowUpdate payload_bytes=4
2026-09-26T01:46:54.373684Z DEBUG netbaiot_transports::business_rpc::v3: business RPC V3 writer completed frame stream_id=0 frame_type=WindowUpdate payload_bytes=4
2026-09-26T01:46:54.373689Z DEBUG netbaiot_transports::business_rpc::v3: business RPC V3 selected frame stream_id=0 frame_type=WindowUpdate payload_bytes=4
2026-09-26T01:46:54.373693Z DEBUG netbaiot_transports::business_rpc::v3: business RPC V3 writer completed frame stream_id=0 frame_type=WindowUpdate payload_bytes=4
2026-09-26T01:46:54.373696Z DEBUG netbaiot_transports::business_rpc::v3: business RPC V3 selected frame stream_id=0 frame_type=WindowUpdate payload_bytes=4
2026-09-26T01:46:54.373700Z DEBUG netbaiot_transports::business_rpc::v3: business RPC V3 writer completed frame stream_id=0 frame_type=WindowUpdate payload_bytes=4
2026-09-26T01:46:54.373720Z DEBUG netbaiot_transports::business_rpc::v3: business RPC V3 selected frame stream_id=0 frame_type=WindowUpdate payload_bytes=4
2026-09-26T01:46:54.373732Z DEBUG netbaiot_transports::business_rpc::v3: business RPC V3 writer completed frame stream_id=0 frame_type=WindowUpdate payload_bytes=4
2026-09-26T01:46:54.373736Z DEBUG netbaiot_transports::business_rpc::v3: business RPC V3 selected frame stream_id=0 frame_type=WindowUpdate payload_bytes=4
2026-09-26T01:46:54.373741Z DEBUG netbaiot_transports::business_rpc::v3: business RPC V3 writer completed frame stream_id=0 frame_type=WindowUpdate payload_bytes=4
2026-09-26T01:46:54.373744Z DEBUG netbaiot_transports::business_rpc::v3: business RPC V3 selected frame stream_id=0 frame_type=WindowUpdate payload_bytes=4
2026-09-26T01:46:54.373871Z DEBUG netbaiot_transports::business_rpc::v3: business RPC V3 writer completed frame stream_id=0 frame_type=WindowUpdate payload_bytes=4
2026-09-26T01:46:54.373882Z DEBUG netbaiot_transports::business_rpc::v3: business RPC V3 selected frame stream_id=0 frame_type=WindowUpdate payload_bytes=4
2026-09-26T01:46:54.373892Z DEBUG netbaiot_transports::business_rpc::v3: business RPC V3 writer completed frame stream_id=0 frame_type=WindowUpdate payload_bytes=4
2026-09-26T01:46:54.374678Z DEBUG netbaiot_transports::business_rpc::v3: business RPC V3 body entered scheduler stream_id=426 class=Rpc body_bytes=198
2026-09-26T01:46:54.374713Z DEBUG netbaiot_transports::business_rpc::v3: business RPC V3 selected frame stream_id=426 frame_type=Open payload_bytes=158
2026-09-26T01:46:54.374732Z DEBUG netbaiot_transports::business_rpc::v3: business RPC V3 writer completed frame stream_id=426 frame_type=Open payload_bytes=158
2026-09-26T01:46:54.374743Z DEBUG netbaiot_transports::business_rpc::v3: business RPC V3 selected frame stream_id=426 frame_type=Data payload_bytes=198
2026-09-26T01:46:54.374752Z DEBUG netbaiot_transports::business_rpc::v3: business RPC V3 writer completed frame stream_id=426 frame_type=Data payload_bytes=198
2026-09-26T01:46:54.374951Z DEBUG netbaiot_transports::business_rpc::v3: business RPC V3 body entered scheduler stream_id=428 class=Rpc body_bytes=198
2026-09-26T01:46:54.374982Z DEBUG netbaiot_transports::business_rpc::v3: business RPC V3 selected frame stream_id=428 frame_type=Open payload_bytes=158
2026-09-26T01:46:54.374997Z DEBUG netbaiot_transports::business_rpc::v3: business RPC V3 writer completed frame stream_id=428 frame_type=Open payload_bytes=158
2026-09-26T01:46:54.375005Z DEBUG netbaiot_transports::business_rpc::v3: business RPC V3 selected frame stream_id=428 frame_type=Data payload_bytes=198
2026-09-26T01:46:54.375014Z DEBUG netbaiot_transports::business_rpc::v3: business RPC V3 writer completed frame stream_id=428 frame_type=Data payload_bytes=198
2026-09-26T01:46:54.375103Z DEBUG netbaiot_transports::business_rpc::v3: business RPC V3 body entered scheduler stream_id=430 class=Rpc body_bytes=198
2026-09-26T01:46:54.375120Z DEBUG netbaiot_transports::business_rpc::v3: business RPC V3 body entered scheduler stream_id=432 class=Rpc body_bytes=198
2026-09-26T01:46:54.375126Z DEBUG netbaiot_transports::business_rpc::v3: business RPC V3 selected frame stream_id=430 frame_type=Open payload_bytes=158
2026-09-26T01:46:54.375139Z DEBUG netbaiot_transports::business_rpc::v3: business RPC V3 writer completed frame stream_id=430 frame_type=Open payload_bytes=158
2026-09-26T01:46:54.375146Z DEBUG netbaiot_transports::business_rpc::v3: business RPC V3 body entered scheduler stream_id=434 class=Rpc body_bytes=198
2026-09-26T01:46:54.375154Z DEBUG netbaiot_transports::business_rpc::v3: business RPC V3 body entered scheduler stream_id=436 class=Rpc body_bytes=198
2026-09-26T01:46:54.375160Z DEBUG netbaiot_transports::business_rpc::v3: business RPC V3 selected frame stream_id=432 frame_type=Open payload_bytes=158
2026-09-26T01:46:54.375170Z DEBUG netbaiot_transports::business_rpc::v3: business RPC V3 writer completed frame stream_id=432 frame_type=Open payload_bytes=158
2026-09-26T01:46:54.375176Z DEBUG netbaiot_transports::business_rpc::v3: business RPC V3 selected frame stream_id=434 frame_type=Open payload_bytes=158
2026-09-26T01:46:54.375184Z DEBUG netbaiot_transports::business_rpc::v3: business RPC V3 writer completed frame stream_id=434 frame_type=Open payload_bytes=158
2026-09-26T01:46:54.375190Z DEBUG netbaiot_transports::business_rpc::v3: business RPC V3 selected frame stream_id=436 frame_type=Open payload_bytes=158
2026-09-26T01:46:54.375198Z DEBUG netbaiot_transports::business_rpc::v3: business RPC V3 writer completed frame stream_id=436 frame_type=Open payload_bytes=158
2026-09-26T01:46:54.375205Z DEBUG netbaiot_transports::business_rpc::v3: business RPC V3 selected frame stream_id=430 frame_type=Data payload_bytes=198
2026-09-26T01:46:54.375213Z DEBUG netbaiot_transports::business_rpc::v3: business RPC V3 writer completed frame stream_id=430 frame_type=Data payload_bytes=198
2026-09-26T01:46:54.375219Z DEBUG netbaiot_transports::business_rpc::v3: business RPC V3 selected frame stream_id=432 frame_type=Data payload_bytes=198
2026-09-26T01:46:54.375227Z DEBUG netbaiot_transports::business_rpc::v3: business RPC V3 writer completed frame stream_id=432 frame_type=Data payload_bytes=198
2026-09-26T01:46:54.375233Z DEBUG netbaiot_transports::business_rpc::v3: business RPC V3 selected frame stream_id=434 frame_type=Data payload_bytes=198
2026-09-26T01:46:54.375241Z DEBUG netbaiot_transports::business_rpc::v3: business RPC V3 writer completed frame stream_id=434 frame_type=Data payload_bytes=198
2026-09-26T01:46:54.375247Z DEBUG netbaiot_transports::business_rpc::v3: business RPC V3 selected frame stream_id=436 frame_type=Data payload_bytes=198
2026-09-26T01:46:54.375254Z DEBUG netbaiot_transports::business_rpc::v3: business RPC V3 writer completed frame stream_id=436 frame_type=Data payload_bytes=198
2026-09-26T01:46:54.454919Z DEBUG netbaiot_transports::business_rpc::v3: business RPC V3 received frame stream_id=0 frame_type=WindowUpdate payload_bytes=4
2026-09-26T01:46:54.454991Z DEBUG netbaiot_transports::business_rpc::v3: business RPC V3 received frame stream_id=0 frame_type=WindowUpdate payload_bytes=4
2026-09-26T01:46:54.454996Z DEBUG netbaiot_transports::business_rpc::v3: business RPC V3 received frame stream_id=424 frame_type=Response payload_bytes=35
2026-09-26T01:46:54.455004Z DEBUG netbaiot_transports::business_rpc::v3: business RPC V3 received frame stream_id=424 frame_type=Data payload_bytes=216
2026-09-26T01:46:54.455055Z DEBUG netbaiot_transports::business_rpc::v3: business RPC V3 received frame stream_id=408 frame_type=Response payload_bytes=35
2026-09-26T01:46:54.455065Z DEBUG netbaiot_transports::business_rpc::v3: business RPC V3 received frame stream_id=408 frame_type=Data payload_bytes=118
2026-09-26T01:46:54.455071Z DEBUG netbaiot_transports::business_rpc::v3: business RPC V3 Event delivery acknowledged stream_id=408 completion_us=274262
2026-09-26T01:46:54.455208Z DEBUG netbaiot_transports::business_rpc::v3: business RPC V3 selected frame stream_id=0 frame_type=WindowUpdate payload_bytes=4
2026-09-26T01:46:54.455225Z DEBUG netbaiot_transports::business_rpc::v3: business RPC V3 writer completed frame stream_id=0 frame_type=WindowUpdate payload_bytes=4
2026-09-26T01:46:54.455228Z DEBUG netbaiot_transports::business_rpc::v3: business RPC V3 selected frame stream_id=0 frame_type=WindowUpdate payload_bytes=4
2026-09-26T01:46:54.455232Z DEBUG netbaiot_transports::business_rpc::v3: business RPC V3 writer completed frame stream_id=0 frame_type=WindowUpdate payload_bytes=4
2026-09-26T01:46:54.488357Z DEBUG netbaiot_transports::business_rpc::v3: business RPC V3 received frame stream_id=0 frame_type=WindowUpdate payload_bytes=4
2026-09-26T01:46:54.488401Z DEBUG netbaiot_transports::business_rpc::v3: business RPC V3 received frame stream_id=0 frame_type=WindowUpdate payload_bytes=4
2026-09-26T01:46:54.488411Z DEBUG netbaiot_transports::business_rpc::v3: business RPC V3 received frame stream_id=0 frame_type=WindowUpdate payload_bytes=4
2026-09-26T01:46:54.488418Z DEBUG netbaiot_transports::business_rpc::v3: business RPC V3 received frame stream_id=0 frame_type=WindowUpdate payload_bytes=4
2026-09-26T01:46:54.488424Z DEBUG netbaiot_transports::business_rpc::v3: business RPC V3 received frame stream_id=0 frame_type=WindowUpdate payload_bytes=4
2026-09-26T01:46:54.488430Z DEBUG netbaiot_transports::business_rpc::v3: business RPC V3 received frame stream_id=0 frame_type=WindowUpdate payload_bytes=4
2026-09-26T01:46:54.488436Z DEBUG netbaiot_transports::business_rpc::v3: business RPC V3 received frame stream_id=426 frame_type=Response payload_bytes=35
2026-09-26T01:46:54.488446Z DEBUG netbaiot_transports::business_rpc::v3: business RPC V3 received frame stream_id=436 frame_type=Response payload_bytes=35
2026-09-26T01:46:54.488453Z DEBUG netbaiot_transports::business_rpc::v3: business RPC V3 received frame stream_id=428 frame_type=Response payload_bytes=35
2026-09-26T01:46:54.488459Z DEBUG netbaiot_transports::business_rpc::v3: business RPC V3 received frame stream_id=426 frame_type=Data payload_bytes=216
2026-09-26T01:46:54.488490Z DEBUG netbaiot_transports::business_rpc::v3: business RPC V3 received frame stream_id=430 frame_type=Response payload_bytes=35
2026-09-26T01:46:54.488499Z DEBUG netbaiot_transports::business_rpc::v3: business RPC V3 received frame stream_id=434 frame_type=Response payload_bytes=35
2026-09-26T01:46:54.488505Z DEBUG netbaiot_transports::business_rpc::v3: business RPC V3 received frame stream_id=436 frame_type=Data payload_bytes=216
2026-09-26T01:46:54.488508Z DEBUG netbaiot_transports::business_rpc::v3: business RPC V3 selected frame stream_id=0 frame_type=WindowUpdate payload_bytes=4
2026-09-26T01:46:54.488548Z DEBUG netbaiot_transports::business_rpc::v3: business RPC V3 writer completed frame stream_id=0 frame_type=WindowUpdate payload_bytes=4
2026-09-26T01:46:54.488561Z DEBUG netbaiot_transports::business_rpc::v3: business RPC V3 selected frame stream_id=0 frame_type=WindowUpdate payload_bytes=4
2026-09-26T01:46:54.488573Z DEBUG netbaiot_transports::business_rpc::v3: business RPC V3 writer completed frame stream_id=0 frame_type=WindowUpdate payload_bytes=4
2026-09-26T01:46:54.488517Z DEBUG netbaiot_transports::business_rpc::v3: business RPC V3 received frame stream_id=428 frame_type=Data payload_bytes=216
2026-09-26T01:46:54.488641Z DEBUG netbaiot_transports::business_rpc::v3: business RPC V3 received frame stream_id=430 frame_type=Data payload_bytes=216
2026-09-26T01:46:54.488651Z DEBUG netbaiot_transports::business_rpc::v3: business RPC V3 received frame stream_id=434 frame_type=Data payload_bytes=216
2026-09-26T01:46:54.488657Z DEBUG netbaiot_transports::business_rpc::v3: business RPC V3 received frame stream_id=432 frame_type=Response payload_bytes=35
2026-09-26T01:46:54.488661Z DEBUG netbaiot_transports::business_rpc::v3: business RPC V3 received frame stream_id=432 frame_type=Data payload_bytes=216
2026-09-26T01:46:54.488757Z DEBUG netbaiot_transports::business_rpc::v3: business RPC V3 selected frame stream_id=0 frame_type=WindowUpdate payload_bytes=4
2026-09-26T01:46:54.488788Z DEBUG netbaiot_transports::business_rpc::v3: business RPC V3 writer completed frame stream_id=0 frame_type=WindowUpdate payload_bytes=4
2026-09-26T01:46:54.488793Z DEBUG netbaiot_transports::business_rpc::v3: business RPC V3 selected frame stream_id=0 frame_type=WindowUpdate payload_bytes=4
2026-09-26T01:46:54.488798Z DEBUG netbaiot_transports::business_rpc::v3: business RPC V3 writer completed frame stream_id=0 frame_type=WindowUpdate payload_bytes=4
2026-09-26T01:46:54.488801Z DEBUG netbaiot_transports::business_rpc::v3: business RPC V3 selected frame stream_id=0 frame_type=WindowUpdate payload_bytes=4
2026-09-26T01:46:54.488824Z DEBUG netbaiot_transports::business_rpc::v3: business RPC V3 writer completed frame stream_id=0 frame_type=WindowUpdate payload_bytes=4
2026-09-26T01:46:54.488834Z DEBUG netbaiot_transports::business_rpc::v3: business RPC V3 selected frame stream_id=0 frame_type=WindowUpdate payload_bytes=4
2026-09-26T01:46:54.488839Z DEBUG netbaiot_transports::business_rpc::v3: business RPC V3 writer completed frame stream_id=0 frame_type=WindowUpdate payload_bytes=4
2026-09-26T01:46:54.680147Z DEBUG netbaiot_transports::business_rpc::v3: business RPC V3 body entered scheduler stream_id=438 class=Event body_bytes=17366
2026-09-26T01:46:54.680166Z DEBUG netbaiot_transports::business_rpc::v3: business RPC V3 selected frame stream_id=438 frame_type=Open payload_bytes=184
2026-09-26T01:46:54.680178Z DEBUG netbaiot_transports::business_rpc::v3: business RPC V3 writer completed frame stream_id=438 frame_type=Open payload_bytes=184
2026-09-26T01:46:54.680183Z DEBUG netbaiot_transports::business_rpc::v3: business RPC V3 selected frame stream_id=438 frame_type=Data payload_bytes=8192
2026-09-26T01:46:54.680189Z DEBUG netbaiot_transports::business_rpc::v3: business RPC V3 writer completed frame stream_id=438 frame_type=Data payload_bytes=8192
2026-09-26T01:46:54.680191Z DEBUG netbaiot_transports::business_rpc::v3: business RPC V3 selected frame stream_id=438 frame_type=Data payload_bytes=8192
2026-09-26T01:46:54.680200Z DEBUG netbaiot_transports::business_rpc::v3: business RPC V3 writer completed frame stream_id=438 frame_type=Data payload_bytes=8192
2026-09-26T01:46:54.797774Z DEBUG netbaiot_transports::business_rpc::v3: business RPC V3 received frame stream_id=0 frame_type=WindowUpdate payload_bytes=4
2026-09-26T01:46:54.797819Z DEBUG netbaiot_transports::business_rpc::v3: business RPC V3 received frame stream_id=438 frame_type=WindowUpdate payload_bytes=4
2026-09-26T01:46:54.797837Z DEBUG netbaiot_transports::business_rpc::v3: business RPC V3 selected frame stream_id=438 frame_type=Data payload_bytes=982
2026-09-26T01:46:54.797855Z DEBUG netbaiot_transports::business_rpc::v3: business RPC V3 writer completed frame stream_id=438 frame_type=Data payload_bytes=982
2026-09-26T01:46:54.825381Z DEBUG netbaiot_transports::business_rpc::v3: business RPC V3 received frame stream_id=0 frame_type=WindowUpdate payload_bytes=4
2026-09-26T01:46:54.825416Z DEBUG netbaiot_transports::business_rpc::v3: business RPC V3 received frame stream_id=438 frame_type=WindowUpdate payload_bytes=4
2026-09-26T01:46:54.882930Z DEBUG netbaiot_transports::business_rpc::v3: business RPC V3 received frame stream_id=0 frame_type=WindowUpdate payload_bytes=4
2026-09-26T01:46:54.910301Z DEBUG netbaiot_transports::business_rpc::v3: business RPC V3 received frame stream_id=438 frame_type=Response payload_bytes=35
2026-09-26T01:46:54.910346Z DEBUG netbaiot_transports::business_rpc::v3: business RPC V3 received frame stream_id=438 frame_type=Data payload_bytes=118
2026-09-26T01:46:54.910360Z DEBUG netbaiot_transports::business_rpc::v3: business RPC V3 Event delivery acknowledged stream_id=438 completion_us=230221
2026-09-26T01:46:54.910382Z DEBUG netbaiot_transports::business_rpc::v3: business RPC V3 selected frame stream_id=0 frame_type=WindowUpdate payload_bytes=4
2026-09-26T01:46:54.910406Z DEBUG netbaiot_transports::business_rpc::v3: business RPC V3 writer completed frame stream_id=0 frame_type=WindowUpdate payload_bytes=4
2026-09-26T01:46:55.056248Z DEBUG netbaiot_transports::business_rpc::v3: business RPC V3 body entered scheduler stream_id=440 class=Rpc body_bytes=198
2026-09-26T01:46:55.056290Z DEBUG netbaiot_transports::business_rpc::v3: business RPC V3 selected frame stream_id=440 frame_type=Open payload_bytes=158
2026-09-26T01:46:55.056323Z DEBUG netbaiot_transports::business_rpc::v3: business RPC V3 writer completed frame stream_id=440 frame_type=Open payload_bytes=158
2026-09-26T01:46:55.056335Z DEBUG netbaiot_transports::business_rpc::v3: business RPC V3 selected frame stream_id=440 frame_type=Data payload_bytes=198
2026-09-26T01:46:55.056345Z DEBUG netbaiot_transports::business_rpc::v3: business RPC V3 writer completed frame stream_id=440 frame_type=Data payload_bytes=198
2026-09-26T01:46:55.111985Z DEBUG netbaiot_transports::business_rpc::v3: business RPC V3 body entered scheduler stream_id=442 class=Rpc body_bytes=198
2026-09-26T01:46:55.112013Z DEBUG netbaiot_transports::business_rpc::v3: business RPC V3 selected frame stream_id=442 frame_type=Open payload_bytes=158
2026-09-26T01:46:55.112046Z DEBUG netbaiot_transports::business_rpc::v3: business RPC V3 writer completed frame stream_id=442 frame_type=Open payload_bytes=158
2026-09-26T01:46:55.112074Z DEBUG netbaiot_transports::business_rpc::v3: business RPC V3 selected frame stream_id=442 frame_type=Data payload_bytes=198
2026-09-26T01:46:55.112088Z DEBUG netbaiot_transports::business_rpc::v3: business RPC V3 writer completed frame stream_id=442 frame_type=Data payload_bytes=198
2026-09-26T01:46:55.117590Z DEBUG netbaiot_transports::business_rpc::v3: business RPC V3 body entered scheduler stream_id=444 class=Rpc body_bytes=197
2026-09-26T01:46:55.117610Z DEBUG netbaiot_transports::business_rpc::v3: business RPC V3 selected frame stream_id=444 frame_type=Open payload_bytes=158
2026-09-26T01:46:55.117640Z DEBUG netbaiot_transports::business_rpc::v3: business RPC V3 writer completed frame stream_id=444 frame_type=Open payload_bytes=158
2026-09-26T01:46:55.117668Z DEBUG netbaiot_transports::business_rpc::v3: business RPC V3 selected frame stream_id=444 frame_type=Data payload_bytes=197
2026-09-26T01:46:55.117680Z DEBUG netbaiot_transports::business_rpc::v3: business RPC V3 writer completed frame stream_id=444 frame_type=Data payload_bytes=197
2026-09-26T01:46:55.141142Z DEBUG netbaiot_transports::business_rpc::v3: business RPC V3 received frame stream_id=0 frame_type=WindowUpdate payload_bytes=4
2026-09-26T01:46:55.141175Z DEBUG netbaiot_transports::business_rpc::v3: business RPC V3 received frame stream_id=440 frame_type=Response payload_bytes=35
2026-09-26T01:46:55.141188Z DEBUG netbaiot_transports::business_rpc::v3: business RPC V3 received frame stream_id=440 frame_type=Data payload_bytes=216
2026-09-26T01:46:55.141239Z DEBUG netbaiot_transports::business_rpc::v3: business RPC V3 selected frame stream_id=0 frame_type=WindowUpdate payload_bytes=4
2026-09-26T01:46:55.141270Z DEBUG netbaiot_transports::business_rpc::v3: business RPC V3 writer completed frame stream_id=0 frame_type=WindowUpdate payload_bytes=4
2026-09-26T01:46:55.141685Z DEBUG netbaiot_transports::business_rpc::v3: business RPC V3 body entered scheduler stream_id=446 class=Rpc body_bytes=198
2026-09-26T01:46:55.141714Z DEBUG netbaiot_transports::business_rpc::v3: business RPC V3 selected frame stream_id=446 frame_type=Open payload_bytes=158
2026-09-26T01:46:55.141733Z DEBUG netbaiot_transports::business_rpc::v3: business RPC V3 writer completed frame stream_id=446 frame_type=Open payload_bytes=158
2026-09-26T01:46:55.141742Z DEBUG netbaiot_transports::business_rpc::v3: business RPC V3 selected frame stream_id=446 frame_type=Data payload_bytes=198
2026-09-26T01:46:55.141751Z DEBUG netbaiot_transports::business_rpc::v3: business RPC V3 writer completed frame stream_id=446 frame_type=Data payload_bytes=198
2026-09-26T01:46:55.168342Z DEBUG netbaiot_transports::business_rpc::v3: business RPC V3 received frame stream_id=0 frame_type=WindowUpdate payload_bytes=4
2026-09-26T01:46:55.168386Z DEBUG netbaiot_transports::business_rpc::v3: business RPC V3 received frame stream_id=442 frame_type=Response payload_bytes=35
2026-09-26T01:46:55.168399Z DEBUG netbaiot_transports::business_rpc::v3: business RPC V3 received frame stream_id=442 frame_type=Data payload_bytes=216
2026-09-26T01:46:55.168480Z DEBUG netbaiot_transports::business_rpc::v3: business RPC V3 selected frame stream_id=0 frame_type=WindowUpdate payload_bytes=4
2026-09-26T01:46:55.168507Z DEBUG netbaiot_transports::business_rpc::v3: business RPC V3 writer completed frame stream_id=0 frame_type=WindowUpdate payload_bytes=4
2026-09-26T01:46:55.168961Z DEBUG netbaiot_transports::business_rpc::v3: business RPC V3 body entered scheduler stream_id=448 class=Rpc body_bytes=198
2026-09-26T01:46:55.168994Z DEBUG netbaiot_transports::business_rpc::v3: business RPC V3 selected frame stream_id=448 frame_type=Open payload_bytes=158
2026-09-26T01:46:55.169012Z DEBUG netbaiot_transports::business_rpc::v3: business RPC V3 writer completed frame stream_id=448 frame_type=Open payload_bytes=158
2026-09-26T01:46:55.169023Z DEBUG netbaiot_transports::business_rpc::v3: business RPC V3 selected frame stream_id=448 frame_type=Data payload_bytes=198
2026-09-26T01:46:55.169033Z DEBUG netbaiot_transports::business_rpc::v3: business RPC V3 writer completed frame stream_id=448 frame_type=Data payload_bytes=198
2026-09-26T01:46:55.180468Z DEBUG netbaiot_transports::business_rpc::v3: business RPC V3 body entered scheduler stream_id=450 class=Event body_bytes=17366
2026-09-26T01:46:55.180491Z DEBUG netbaiot_transports::business_rpc::v3: business RPC V3 selected frame stream_id=450 frame_type=Open payload_bytes=184
2026-09-26T01:46:55.180500Z DEBUG netbaiot_transports::business_rpc::v3: business RPC V3 writer completed frame stream_id=450 frame_type=Open payload_bytes=184
2026-09-26T01:46:55.180504Z DEBUG netbaiot_transports::business_rpc::v3: business RPC V3 selected frame stream_id=450 frame_type=Data payload_bytes=8192
2026-09-26T01:46:55.180509Z DEBUG netbaiot_transports::business_rpc::v3: business RPC V3 writer completed frame stream_id=450 frame_type=Data payload_bytes=8192
2026-09-26T01:46:55.180512Z DEBUG netbaiot_transports::business_rpc::v3: business RPC V3 selected frame stream_id=450 frame_type=Data payload_bytes=8192
2026-09-26T01:46:55.180518Z DEBUG netbaiot_transports::business_rpc::v3: business RPC V3 writer completed frame stream_id=450 frame_type=Data payload_bytes=8192
2026-09-26T01:46:55.197260Z DEBUG netbaiot_transports::business_rpc::v3: business RPC V3 received frame stream_id=0 frame_type=WindowUpdate payload_bytes=4
2026-09-26T01:46:55.197298Z DEBUG netbaiot_transports::business_rpc::v3: business RPC V3 received frame stream_id=444 frame_type=Response payload_bytes=35
2026-09-26T01:46:55.197312Z DEBUG netbaiot_transports::business_rpc::v3: business RPC V3 received frame stream_id=444 frame_type=Data payload_bytes=215
2026-09-26T01:46:55.197410Z DEBUG netbaiot_transports::business_rpc::v3: business RPC V3 selected frame stream_id=0 frame_type=WindowUpdate payload_bytes=4
2026-09-26T01:46:55.197468Z DEBUG netbaiot_transports::business_rpc::v3: business RPC V3 writer completed frame stream_id=0 frame_type=WindowUpdate payload_bytes=4
2026-09-26T01:46:55.197857Z DEBUG netbaiot_transports::business_rpc::v3: business RPC V3 body entered scheduler stream_id=452 class=Rpc body_bytes=198
2026-09-26T01:46:55.197885Z DEBUG netbaiot_transports::business_rpc::v3: business RPC V3 selected frame stream_id=452 frame_type=Open payload_bytes=158
2026-09-26T01:46:55.197895Z DEBUG netbaiot_transports::business_rpc::v3: business RPC V3 writer completed frame stream_id=452 frame_type=Open payload_bytes=158
2026-09-26T01:46:55.197899Z DEBUG netbaiot_transports::business_rpc::v3: business RPC V3 selected frame stream_id=452 frame_type=Data payload_bytes=198
2026-09-26T01:46:55.197903Z DEBUG netbaiot_transports::business_rpc::v3: business RPC V3 writer completed frame stream_id=452 frame_type=Data payload_bytes=198
2026-09-26T01:46:55.225193Z DEBUG netbaiot_transports::business_rpc::v3: business RPC V3 received frame stream_id=0 frame_type=WindowUpdate payload_bytes=4
2026-09-26T01:46:55.253600Z DEBUG netbaiot_transports::business_rpc::v3: business RPC V3 received frame stream_id=446 frame_type=Response payload_bytes=35
2026-09-26T01:46:55.253632Z DEBUG netbaiot_transports::business_rpc::v3: business RPC V3 received frame stream_id=446 frame_type=Data payload_bytes=216
2026-09-26T01:46:55.253726Z DEBUG netbaiot_transports::business_rpc::v3: business RPC V3 selected frame stream_id=0 frame_type=WindowUpdate payload_bytes=4
2026-09-26T01:46:55.253785Z DEBUG netbaiot_transports::business_rpc::v3: business RPC V3 writer completed frame stream_id=0 frame_type=WindowUpdate payload_bytes=4
2026-09-26T01:46:55.254190Z DEBUG netbaiot_transports::business_rpc::v3: business RPC V3 body entered scheduler stream_id=454 class=Rpc body_bytes=198
2026-09-26T01:46:55.254201Z DEBUG netbaiot_transports::business_rpc::v3: business RPC V3 selected frame stream_id=454 frame_type=Open payload_bytes=158
2026-09-26T01:46:55.254209Z DEBUG netbaiot_transports::business_rpc::v3: business RPC V3 writer completed frame stream_id=454 frame_type=Open payload_bytes=158
2026-09-26T01:46:55.254214Z DEBUG netbaiot_transports::business_rpc::v3: business RPC V3 selected frame stream_id=454 frame_type=Data payload_bytes=198
2026-09-26T01:46:55.254218Z DEBUG netbaiot_transports::business_rpc::v3: business RPC V3 writer completed frame stream_id=454 frame_type=Data payload_bytes=198
2026-09-26T01:46:55.307510Z DEBUG netbaiot_transports::business_rpc::v3: business RPC V3 body entered scheduler stream_id=456 class=Rpc body_bytes=198
2026-09-26T01:46:55.307549Z DEBUG netbaiot_transports::business_rpc::v3: business RPC V3 selected frame stream_id=456 frame_type=Open payload_bytes=158
2026-09-26T01:46:55.307575Z DEBUG netbaiot_transports::business_rpc::v3: business RPC V3 writer completed frame stream_id=456 frame_type=Open payload_bytes=158
2026-09-26T01:46:55.307585Z DEBUG netbaiot_transports::business_rpc::v3: business RPC V3 selected frame stream_id=456 frame_type=Data payload_bytes=198
2026-09-26T01:46:55.307594Z DEBUG netbaiot_transports::business_rpc::v3: business RPC V3 writer completed frame stream_id=456 frame_type=Data payload_bytes=198
2026-09-26T01:46:55.346272Z DEBUG netbaiot_transports::business_rpc::v3: business RPC V3 received frame stream_id=0 frame_type=WindowUpdate payload_bytes=4
2026-09-26T01:46:55.346311Z DEBUG netbaiot_transports::business_rpc::v3: business RPC V3 received frame stream_id=0 frame_type=WindowUpdate payload_bytes=4
2026-09-26T01:46:55.346321Z DEBUG netbaiot_transports::business_rpc::v3: business RPC V3 received frame stream_id=450 frame_type=WindowUpdate payload_bytes=4
2026-09-26T01:46:55.346328Z DEBUG netbaiot_transports::business_rpc::v3: business RPC V3 received frame stream_id=448 frame_type=Response payload_bytes=35
2026-09-26T01:46:55.346338Z DEBUG netbaiot_transports::business_rpc::v3: business RPC V3 received frame stream_id=448 frame_type=Data payload_bytes=216
2026-09-26T01:46:55.346379Z DEBUG netbaiot_transports::business_rpc::v3: business RPC V3 selected frame stream_id=0 frame_type=WindowUpdate payload_bytes=4
2026-09-26T01:46:55.346419Z DEBUG netbaiot_transports::business_rpc::v3: business RPC V3 writer completed frame stream_id=0 frame_type=WindowUpdate payload_bytes=4
2026-09-26T01:46:55.346430Z DEBUG netbaiot_transports::business_rpc::v3: business RPC V3 selected frame stream_id=450 frame_type=Data payload_bytes=982
2026-09-26T01:46:55.346442Z DEBUG netbaiot_transports::business_rpc::v3: business RPC V3 writer completed frame stream_id=450 frame_type=Data payload_bytes=982
2026-09-26T01:46:55.346819Z DEBUG netbaiot_transports::business_rpc::v3: business RPC V3 body entered scheduler stream_id=458 class=Rpc body_bytes=198
2026-09-26T01:46:55.346854Z DEBUG netbaiot_transports::business_rpc::v3: business RPC V3 selected frame stream_id=458 frame_type=Open payload_bytes=158
2026-09-26T01:46:55.346881Z DEBUG netbaiot_transports::business_rpc::v3: business RPC V3 writer completed frame stream_id=458 frame_type=Open payload_bytes=158
2026-09-26T01:46:55.346896Z DEBUG netbaiot_transports::business_rpc::v3: business RPC V3 selected frame stream_id=458 frame_type=Data payload_bytes=198
2026-09-26T01:46:55.346906Z DEBUG netbaiot_transports::business_rpc::v3: business RPC V3 writer completed frame stream_id=458 frame_type=Data payload_bytes=198
2026-09-26T01:46:55.375755Z DEBUG netbaiot_transports::business_rpc::v3: business RPC V3 received frame stream_id=0 frame_type=WindowUpdate payload_bytes=4
2026-09-26T01:46:55.375789Z DEBUG netbaiot_transports::business_rpc::v3: business RPC V3 received frame stream_id=450 frame_type=WindowUpdate payload_bytes=4
2026-09-26T01:46:55.375799Z DEBUG netbaiot_transports::business_rpc::v3: business RPC V3 received frame stream_id=0 frame_type=WindowUpdate payload_bytes=4
2026-09-26T01:46:55.375805Z DEBUG netbaiot_transports::business_rpc::v3: business RPC V3 received frame stream_id=0 frame_type=WindowUpdate payload_bytes=4
2026-09-26T01:46:55.375811Z DEBUG netbaiot_transports::business_rpc::v3: business RPC V3 received frame stream_id=454 frame_type=Response payload_bytes=35
2026-09-26T01:46:55.375821Z DEBUG netbaiot_transports::business_rpc::v3: business RPC V3 received frame stream_id=454 frame_type=Data payload_bytes=216
2026-09-26T01:46:55.375852Z DEBUG netbaiot_transports::business_rpc::v3: business RPC V3 received frame stream_id=452 frame_type=Response payload_bytes=35
2026-09-26T01:46:55.375862Z DEBUG netbaiot_transports::business_rpc::v3: business RPC V3 received frame stream_id=452 frame_type=Data payload_bytes=216
2026-09-26T01:46:55.376040Z DEBUG netbaiot_transports::business_rpc::v3: business RPC V3 selected frame stream_id=0 frame_type=WindowUpdate payload_bytes=4
2026-09-26T01:46:55.376152Z DEBUG netbaiot_transports::business_rpc::v3: business RPC V3 writer completed frame stream_id=0 frame_type=WindowUpdate payload_bytes=4
2026-09-26T01:46:55.376171Z DEBUG netbaiot_transports::business_rpc::v3: business RPC V3 selected frame stream_id=0 frame_type=WindowUpdate payload_bytes=4
2026-09-26T01:46:55.376181Z DEBUG netbaiot_transports::business_rpc::v3: business RPC V3 writer completed frame stream_id=0 frame_type=WindowUpdate payload_bytes=4
2026-09-26T01:46:55.376764Z DEBUG netbaiot_transports::business_rpc::v3: business RPC V3 body entered scheduler stream_id=460 class=Rpc body_bytes=198
2026-09-26T01:46:55.376800Z DEBUG netbaiot_transports::business_rpc::v3: business RPC V3 selected frame stream_id=460 frame_type=Open payload_bytes=158
2026-09-26T01:46:55.376826Z DEBUG netbaiot_transports::business_rpc::v3: business RPC V3 writer completed frame stream_id=460 frame_type=Open payload_bytes=158
2026-09-26T01:46:55.376836Z DEBUG netbaiot_transports::business_rpc::v3: business RPC V3 selected frame stream_id=460 frame_type=Data payload_bytes=198
2026-09-26T01:46:55.376845Z DEBUG netbaiot_transports::business_rpc::v3: business RPC V3 writer completed frame stream_id=460 frame_type=Data payload_bytes=198
2026-09-26T01:46:55.377094Z DEBUG netbaiot_transports::business_rpc::v3: business RPC V3 body entered scheduler stream_id=462 class=Rpc body_bytes=198
2026-09-26T01:46:55.377128Z DEBUG netbaiot_transports::business_rpc::v3: business RPC V3 selected frame stream_id=462 frame_type=Open payload_bytes=158
2026-09-26T01:46:55.377147Z DEBUG netbaiot_transports::business_rpc::v3: business RPC V3 writer completed frame stream_id=462 frame_type=Open payload_bytes=158
2026-09-26T01:46:55.377158Z DEBUG netbaiot_transports::business_rpc::v3: business RPC V3 selected frame stream_id=462 frame_type=Data payload_bytes=198
2026-09-26T01:46:55.377167Z DEBUG netbaiot_transports::business_rpc::v3: business RPC V3 writer completed frame stream_id=462 frame_type=Data payload_bytes=198
2026-09-26T01:46:55.377255Z DEBUG netbaiot_transports::business_rpc::v3: business RPC V3 body entered scheduler stream_id=464 class=Rpc body_bytes=198
2026-09-26T01:46:55.377274Z DEBUG netbaiot_transports::business_rpc::v3: business RPC V3 selected frame stream_id=464 frame_type=Open payload_bytes=158
2026-09-26T01:46:55.377289Z DEBUG netbaiot_transports::business_rpc::v3: business RPC V3 writer completed frame stream_id=464 frame_type=Open payload_bytes=158
2026-09-26T01:46:55.377297Z DEBUG netbaiot_transports::business_rpc::v3: business RPC V3 selected frame stream_id=464 frame_type=Data payload_bytes=198
2026-09-26T01:46:55.377305Z DEBUG netbaiot_transports::business_rpc::v3: business RPC V3 writer completed frame stream_id=464 frame_type=Data payload_bytes=198
2026-09-26T01:46:55.404149Z DEBUG netbaiot_transports::business_rpc::v3: business RPC V3 received frame stream_id=0 frame_type=WindowUpdate payload_bytes=4
2026-09-26T01:46:55.404194Z DEBUG netbaiot_transports::business_rpc::v3: business RPC V3 received frame stream_id=456 frame_type=Response payload_bytes=35
2026-09-26T01:46:55.404209Z DEBUG netbaiot_transports::business_rpc::v3: business RPC V3 received frame stream_id=456 frame_type=Data payload_bytes=216
2026-09-26T01:46:55.404277Z DEBUG netbaiot_transports::business_rpc::v3: business RPC V3 selected frame stream_id=0 frame_type=WindowUpdate payload_bytes=4
2026-09-26T01:46:55.404304Z DEBUG netbaiot_transports::business_rpc::v3: business RPC V3 writer completed frame stream_id=0 frame_type=WindowUpdate payload_bytes=4
2026-09-26T01:46:55.404733Z DEBUG netbaiot_transports::business_rpc::v3: business RPC V3 body entered scheduler stream_id=466 class=Rpc body_bytes=198
2026-09-26T01:46:55.404765Z DEBUG netbaiot_transports::business_rpc::v3: business RPC V3 selected frame stream_id=466 frame_type=Open payload_bytes=158
2026-09-26T01:46:55.404787Z DEBUG netbaiot_transports::business_rpc::v3: business RPC V3 writer completed frame stream_id=466 frame_type=Open payload_bytes=158
2026-09-26T01:46:55.404796Z DEBUG netbaiot_transports::business_rpc::v3: business RPC V3 selected frame stream_id=466 frame_type=Data payload_bytes=198
2026-09-26T01:46:55.404805Z DEBUG netbaiot_transports::business_rpc::v3: business RPC V3 writer completed frame stream_id=466 frame_type=Data payload_bytes=198
2026-09-26T01:46:55.431577Z DEBUG netbaiot_transports::business_rpc::v3: business RPC V3 received frame stream_id=0 frame_type=WindowUpdate payload_bytes=4
2026-09-26T01:46:55.431612Z DEBUG netbaiot_transports::business_rpc::v3: business RPC V3 received frame stream_id=0 frame_type=WindowUpdate payload_bytes=4
2026-09-26T01:46:55.431622Z DEBUG netbaiot_transports::business_rpc::v3: business RPC V3 received frame stream_id=458 frame_type=Response payload_bytes=35
2026-09-26T01:46:55.431632Z DEBUG netbaiot_transports::business_rpc::v3: business RPC V3 received frame stream_id=458 frame_type=Data payload_bytes=216
2026-09-26T01:46:55.431660Z DEBUG netbaiot_transports::business_rpc::v3: business RPC V3 received frame stream_id=450 frame_type=Response payload_bytes=35
2026-09-26T01:46:55.431669Z DEBUG netbaiot_transports::business_rpc::v3: business RPC V3 received frame stream_id=450 frame_type=Data payload_bytes=118
2026-09-26T01:46:55.431669Z DEBUG netbaiot_transports::business_rpc::v3: business RPC V3 selected frame stream_id=0 frame_type=WindowUpdate payload_bytes=4
2026-09-26T01:46:55.431678Z DEBUG netbaiot_transports::business_rpc::v3: business RPC V3 Event delivery acknowledged stream_id=450 completion_us=251218
2026-09-26T01:46:55.431702Z DEBUG netbaiot_transports::business_rpc::v3: business RPC V3 writer completed frame stream_id=0 frame_type=WindowUpdate payload_bytes=4
2026-09-26T01:46:55.431713Z DEBUG netbaiot_transports::business_rpc::v3: business RPC V3 selected frame stream_id=0 frame_type=WindowUpdate payload_bytes=4
2026-09-26T01:46:55.431723Z DEBUG netbaiot_transports::business_rpc::v3: business RPC V3 writer completed frame stream_id=0 frame_type=WindowUpdate payload_bytes=4
2026-09-26T01:46:55.432085Z DEBUG netbaiot_transports::business_rpc::v3: business RPC V3 body entered scheduler stream_id=468 class=Rpc body_bytes=198
2026-09-26T01:46:55.432112Z DEBUG netbaiot_transports::business_rpc::v3: business RPC V3 selected frame stream_id=468 frame_type=Open payload_bytes=158
2026-09-26T01:46:55.432127Z DEBUG netbaiot_transports::business_rpc::v3: business RPC V3 writer completed frame stream_id=468 frame_type=Open payload_bytes=158
2026-09-26T01:46:55.432136Z DEBUG netbaiot_transports::business_rpc::v3: business RPC V3 selected frame stream_id=468 frame_type=Data payload_bytes=198
2026-09-26T01:46:55.432144Z DEBUG netbaiot_transports::business_rpc::v3: business RPC V3 writer completed frame stream_id=468 frame_type=Data payload_bytes=198
2026-09-26T01:46:55.461853Z DEBUG netbaiot_transports::business_rpc::v3: business RPC V3 received frame stream_id=0 frame_type=WindowUpdate payload_bytes=4
2026-09-26T01:46:55.461888Z DEBUG netbaiot_transports::business_rpc::v3: business RPC V3 received frame stream_id=0 frame_type=WindowUpdate payload_bytes=4
2026-09-26T01:46:55.461898Z DEBUG netbaiot_transports::business_rpc::v3: business RPC V3 received frame stream_id=0 frame_type=WindowUpdate payload_bytes=4
2026-09-26T01:46:55.461905Z DEBUG netbaiot_transports::business_rpc::v3: business RPC V3 received frame stream_id=464 frame_type=Response payload_bytes=35
2026-09-26T01:46:55.461914Z DEBUG netbaiot_transports::business_rpc::v3: business RPC V3 received frame stream_id=464 frame_type=Data payload_bytes=216
2026-09-26T01:46:55.461943Z DEBUG netbaiot_transports::business_rpc::v3: business RPC V3 received frame stream_id=460 frame_type=Response payload_bytes=35
2026-09-26T01:46:55.461951Z DEBUG netbaiot_transports::business_rpc::v3: business RPC V3 received frame stream_id=462 frame_type=Response payload_bytes=35
2026-09-26T01:46:55.461957Z DEBUG netbaiot_transports::business_rpc::v3: business RPC V3 received frame stream_id=460 frame_type=Data payload_bytes=216
2026-09-26T01:46:55.461970Z DEBUG netbaiot_transports::business_rpc::v3: business RPC V3 received frame stream_id=462 frame_type=Data payload_bytes=216
2026-09-26T01:46:55.461981Z DEBUG netbaiot_transports::business_rpc::v3: business RPC V3 received frame stream_id=0 frame_type=Ping payload_bytes=8
2026-09-26T01:46:55.462053Z DEBUG netbaiot_transports::business_rpc::v3: business RPC V3 selected frame stream_id=0 frame_type=WindowUpdate payload_bytes=4
2026-09-26T01:46:55.462072Z DEBUG netbaiot_transports::business_rpc::v3: business RPC V3 writer completed frame stream_id=0 frame_type=WindowUpdate payload_bytes=4
2026-09-26T01:46:55.462079Z DEBUG netbaiot_transports::business_rpc::v3: business RPC V3 selected frame stream_id=0 frame_type=WindowUpdate payload_bytes=4
2026-09-26T01:46:55.462087Z DEBUG netbaiot_transports::business_rpc::v3: business RPC V3 writer completed frame stream_id=0 frame_type=WindowUpdate payload_bytes=4
2026-09-26T01:46:55.462092Z DEBUG netbaiot_transports::business_rpc::v3: business RPC V3 selected frame stream_id=0 frame_type=WindowUpdate payload_bytes=4
2026-09-26T01:46:55.462099Z DEBUG netbaiot_transports::business_rpc::v3: business RPC V3 writer completed frame stream_id=0 frame_type=WindowUpdate payload_bytes=4
2026-09-26T01:46:55.462104Z DEBUG netbaiot_transports::business_rpc::v3: business RPC V3 selected frame stream_id=0 frame_type=Pong payload_bytes=8
2026-09-26T01:46:55.462111Z DEBUG netbaiot_transports::business_rpc::v3: business RPC V3 writer completed frame stream_id=0 frame_type=Pong payload_bytes=8
2026-09-26T01:46:55.466933Z DEBUG netbaiot_transports::business_rpc::v3: business RPC V3 body entered scheduler stream_id=470 class=Rpc body_bytes=198
2026-09-26T01:46:55.466966Z DEBUG netbaiot_transports::business_rpc::v3: business RPC V3 selected frame stream_id=470 frame_type=Open payload_bytes=158
2026-09-26T01:46:55.466996Z DEBUG netbaiot_transports::business_rpc::v3: business RPC V3 writer completed frame stream_id=470 frame_type=Open payload_bytes=158
2026-09-26T01:46:55.467006Z DEBUG netbaiot_transports::business_rpc::v3: business RPC V3 selected frame stream_id=470 frame_type=Data payload_bytes=198
2026-09-26T01:46:55.467014Z DEBUG netbaiot_transports::business_rpc::v3: business RPC V3 writer completed frame stream_id=470 frame_type=Data payload_bytes=198
2026-09-26T01:46:55.467072Z DEBUG netbaiot_transports::business_rpc::v3: business RPC V3 body entered scheduler stream_id=472 class=Rpc body_bytes=198
2026-09-26T01:46:55.467080Z DEBUG netbaiot_transports::business_rpc::v3: business RPC V3 selected frame stream_id=472 frame_type=Open payload_bytes=158
2026-09-26T01:46:55.467088Z DEBUG netbaiot_transports::business_rpc::v3: business RPC V3 writer completed frame stream_id=472 frame_type=Open payload_bytes=158
2026-09-26T01:46:55.467094Z DEBUG netbaiot_transports::business_rpc::v3: business RPC V3 selected frame stream_id=472 frame_type=Data payload_bytes=198
2026-09-26T01:46:55.467102Z DEBUG netbaiot_transports::business_rpc::v3: business RPC V3 writer completed frame stream_id=472 frame_type=Data payload_bytes=198
2026-09-26T01:46:55.467713Z DEBUG netbaiot_transports::business_rpc::v3: business RPC V3 body entered scheduler stream_id=474 class=Rpc body_bytes=198
2026-09-26T01:46:55.467735Z DEBUG netbaiot_transports::business_rpc::v3: business RPC V3 selected frame stream_id=474 frame_type=Open payload_bytes=158
2026-09-26T01:46:55.467754Z DEBUG netbaiot_transports::business_rpc::v3: business RPC V3 writer completed frame stream_id=474 frame_type=Open payload_bytes=158
2026-09-26T01:46:55.467762Z DEBUG netbaiot_transports::business_rpc::v3: business RPC V3 selected frame stream_id=474 frame_type=Data payload_bytes=198
2026-09-26T01:46:55.467771Z DEBUG netbaiot_transports::business_rpc::v3: business RPC V3 writer completed frame stream_id=474 frame_type=Data payload_bytes=198
2026-09-26T01:46:55.477034Z DEBUG netbaiot_transports::business_rpc::v3: business RPC V3 body entered scheduler stream_id=476 class=Rpc body_bytes=198
2026-09-26T01:46:55.477069Z DEBUG netbaiot_transports::business_rpc::v3: business RPC V3 selected frame stream_id=476 frame_type=Open payload_bytes=158
2026-09-26T01:46:55.477088Z DEBUG netbaiot_transports::business_rpc::v3: business RPC V3 writer completed frame stream_id=476 frame_type=Open payload_bytes=158
2026-09-26T01:46:55.477097Z DEBUG netbaiot_transports::business_rpc::v3: business RPC V3 selected frame stream_id=476 frame_type=Data payload_bytes=198
2026-09-26T01:46:55.477105Z DEBUG netbaiot_transports::business_rpc::v3: business RPC V3 writer completed frame stream_id=476 frame_type=Data payload_bytes=198
2026-09-26T01:46:55.493412Z DEBUG netbaiot_transports::business_rpc::v3: business RPC V3 received frame stream_id=0 frame_type=WindowUpdate payload_bytes=4
2026-09-26T01:46:55.493448Z DEBUG netbaiot_transports::business_rpc::v3: business RPC V3 received frame stream_id=466 frame_type=Response payload_bytes=35
2026-09-26T01:46:55.493461Z DEBUG netbaiot_transports::business_rpc::v3: business RPC V3 received frame stream_id=466 frame_type=Data payload_bytes=216
2026-09-26T01:46:55.493499Z DEBUG netbaiot_transports::business_rpc::v3: business RPC V3 selected frame stream_id=0 frame_type=WindowUpdate payload_bytes=4
2026-09-26T01:46:55.493527Z DEBUG netbaiot_transports::business_rpc::v3: business RPC V3 writer completed frame stream_id=0 frame_type=WindowUpdate payload_bytes=4
2026-09-26T01:46:55.493922Z DEBUG netbaiot_transports::business_rpc::v3: business RPC V3 body entered scheduler stream_id=478 class=Rpc body_bytes=198
2026-09-26T01:46:55.493952Z DEBUG netbaiot_transports::business_rpc::v3: business RPC V3 selected frame stream_id=478 frame_type=Open payload_bytes=158
2026-09-26T01:46:55.493971Z DEBUG netbaiot_transports::business_rpc::v3: business RPC V3 writer completed frame stream_id=478 frame_type=Open payload_bytes=158
2026-09-26T01:46:55.493980Z DEBUG netbaiot_transports::business_rpc::v3: business RPC V3 selected frame stream_id=478 frame_type=Data payload_bytes=198
2026-09-26T01:46:55.493989Z DEBUG netbaiot_transports::business_rpc::v3: business RPC V3 writer completed frame stream_id=478 frame_type=Data payload_bytes=198
2026-09-26T01:46:55.507075Z DEBUG netbaiot_transports::business_rpc::v3: business RPC V3 body entered scheduler stream_id=480 class=Rpc body_bytes=198
2026-09-26T01:46:55.507116Z DEBUG netbaiot_transports::business_rpc::v3: business RPC V3 selected frame stream_id=480 frame_type=Open payload_bytes=158
2026-09-26T01:46:55.507157Z DEBUG netbaiot_transports::business_rpc::v3: business RPC V3 writer completed frame stream_id=480 frame_type=Open payload_bytes=158
2026-09-26T01:46:55.507169Z DEBUG netbaiot_transports::business_rpc::v3: business RPC V3 selected frame stream_id=480 frame_type=Data payload_bytes=198
2026-09-26T01:46:55.507179Z DEBUG netbaiot_transports::business_rpc::v3: business RPC V3 writer completed frame stream_id=480 frame_type=Data payload_bytes=198
2026-09-26T01:46:55.521821Z DEBUG netbaiot_transports::business_rpc::v3: business RPC V3 received frame stream_id=0 frame_type=WindowUpdate payload_bytes=4
2026-09-26T01:46:55.521872Z DEBUG netbaiot_transports::business_rpc::v3: business RPC V3 received frame stream_id=468 frame_type=Response payload_bytes=35
2026-09-26T01:46:55.521890Z DEBUG netbaiot_transports::business_rpc::v3: business RPC V3 received frame stream_id=468 frame_type=Data payload_bytes=216
2026-09-26T01:46:55.521932Z DEBUG netbaiot_transports::business_rpc::v3: business RPC V3 selected frame stream_id=0 frame_type=WindowUpdate payload_bytes=4
2026-09-26T01:46:55.521973Z DEBUG netbaiot_transports::business_rpc::v3: business RPC V3 writer completed frame stream_id=0 frame_type=WindowUpdate payload_bytes=4
2026-09-26T01:46:55.522389Z DEBUG netbaiot_transports::business_rpc::v3: business RPC V3 body entered scheduler stream_id=482 class=Rpc body_bytes=198
2026-09-26T01:46:55.522415Z DEBUG netbaiot_transports::business_rpc::v3: business RPC V3 selected frame stream_id=482 frame_type=Open payload_bytes=158
2026-09-26T01:46:55.522439Z DEBUG netbaiot_transports::business_rpc::v3: business RPC V3 writer completed frame stream_id=482 frame_type=Open payload_bytes=158
2026-09-26T01:46:55.522445Z DEBUG netbaiot_transports::business_rpc::v3: business RPC V3 selected frame stream_id=482 frame_type=Data payload_bytes=198
2026-09-26T01:46:55.522450Z DEBUG netbaiot_transports::business_rpc::v3: business RPC V3 writer completed frame stream_id=482 frame_type=Data payload_bytes=198
2026-09-26T01:46:55.553604Z DEBUG netbaiot_transports::business_rpc::v3: business RPC V3 received frame stream_id=0 frame_type=WindowUpdate payload_bytes=4
2026-09-26T01:46:55.553643Z DEBUG netbaiot_transports::business_rpc::v3: business RPC V3 received frame stream_id=0 frame_type=WindowUpdate payload_bytes=4
2026-09-26T01:46:55.553655Z DEBUG netbaiot_transports::business_rpc::v3: business RPC V3 received frame stream_id=0 frame_type=WindowUpdate payload_bytes=4
2026-09-26T01:46:55.553662Z DEBUG netbaiot_transports::business_rpc::v3: business RPC V3 received frame stream_id=0 frame_type=WindowUpdate payload_bytes=4
2026-09-26T01:46:55.553667Z DEBUG netbaiot_transports::business_rpc::v3: business RPC V3 received frame stream_id=476 frame_type=Response payload_bytes=35
2026-09-26T01:46:55.553677Z DEBUG netbaiot_transports::business_rpc::v3: business RPC V3 received frame stream_id=470 frame_type=Response payload_bytes=35
2026-09-26T01:46:55.553684Z DEBUG netbaiot_transports::business_rpc::v3: business RPC V3 received frame stream_id=472 frame_type=Response payload_bytes=35
2026-09-26T01:46:55.553690Z DEBUG netbaiot_transports::business_rpc::v3: business RPC V3 received frame stream_id=474 frame_type=Response payload_bytes=35
2026-09-26T01:46:55.553696Z DEBUG netbaiot_transports::business_rpc::v3: business RPC V3 received frame stream_id=476 frame_type=Data payload_bytes=216
2026-09-26T01:46:55.553726Z DEBUG netbaiot_transports::business_rpc::v3: business RPC V3 received frame stream_id=470 frame_type=Data payload_bytes=216
2026-09-26T01:46:55.553736Z DEBUG netbaiot_transports::business_rpc::v3: business RPC V3 selected frame stream_id=0 frame_type=WindowUpdate payload_bytes=4
2026-09-26T01:46:55.553744Z DEBUG netbaiot_transports::business_rpc::v3: business RPC V3 received frame stream_id=472 frame_type=Data payload_bytes=216
2026-09-26T01:46:55.553774Z DEBUG netbaiot_transports::business_rpc::v3: business RPC V3 received frame stream_id=474 frame_type=Data payload_bytes=216
2026-09-26T01:46:55.553774Z DEBUG netbaiot_transports::business_rpc::v3: business RPC V3 writer completed frame stream_id=0 frame_type=WindowUpdate payload_bytes=4
2026-09-26T01:46:55.553856Z DEBUG netbaiot_transports::business_rpc::v3: business RPC V3 selected frame stream_id=0 frame_type=WindowUpdate payload_bytes=4
2026-09-26T01:46:55.553870Z DEBUG netbaiot_transports::business_rpc::v3: business RPC V3 writer completed frame stream_id=0 frame_type=WindowUpdate payload_bytes=4
2026-09-26T01:46:55.553877Z DEBUG netbaiot_transports::business_rpc::v3: business RPC V3 selected frame stream_id=0 frame_type=WindowUpdate payload_bytes=4
2026-09-26T01:46:55.553885Z DEBUG netbaiot_transports::business_rpc::v3: business RPC V3 writer completed frame stream_id=0 frame_type=WindowUpdate payload_bytes=4
2026-09-26T01:46:55.553891Z DEBUG netbaiot_transports::business_rpc::v3: business RPC V3 selected frame stream_id=0 frame_type=WindowUpdate payload_bytes=4
2026-09-26T01:46:55.553910Z DEBUG netbaiot_transports::business_rpc::v3: business RPC V3 writer completed frame stream_id=0 frame_type=WindowUpdate payload_bytes=4
2026-09-26T01:46:55.554358Z DEBUG netbaiot_transports::business_rpc::v3: business RPC V3 body entered scheduler stream_id=484 class=Rpc body_bytes=198
2026-09-26T01:46:55.554394Z DEBUG netbaiot_transports::business_rpc::v3: business RPC V3 body entered scheduler stream_id=486 class=Rpc body_bytes=198
2026-09-26T01:46:55.554403Z DEBUG netbaiot_transports::business_rpc::v3: business RPC V3 selected frame stream_id=484 frame_type=Open payload_bytes=158
2026-09-26T01:46:55.554420Z DEBUG netbaiot_transports::business_rpc::v3: business RPC V3 writer completed frame stream_id=484 frame_type=Open payload_bytes=158
2026-09-26T01:46:55.554429Z DEBUG netbaiot_transports::business_rpc::v3: business RPC V3 body entered scheduler stream_id=488 class=Rpc body_bytes=198
2026-09-26T01:46:55.554434Z DEBUG netbaiot_transports::business_rpc::v3: business RPC V3 selected frame stream_id=486 frame_type=Open payload_bytes=158
2026-09-26T01:46:55.554442Z DEBUG netbaiot_transports::business_rpc::v3: business RPC V3 writer completed frame stream_id=486 frame_type=Open payload_bytes=158
2026-09-26T01:46:55.554447Z DEBUG netbaiot_transports::business_rpc::v3: business RPC V3 selected frame stream_id=488 frame_type=Open payload_bytes=158
2026-09-26T01:46:55.554454Z DEBUG netbaiot_transports::business_rpc::v3: business RPC V3 writer completed frame stream_id=488 frame_type=Open payload_bytes=158
2026-09-26T01:46:55.554459Z DEBUG netbaiot_transports::business_rpc::v3: business RPC V3 selected frame stream_id=484 frame_type=Data payload_bytes=198
2026-09-26T01:46:55.554473Z DEBUG netbaiot_transports::business_rpc::v3: business RPC V3 writer completed frame stream_id=484 frame_type=Data payload_bytes=198
2026-09-26T01:46:55.554479Z DEBUG netbaiot_transports::business_rpc::v3: business RPC V3 selected frame stream_id=486 frame_type=Data payload_bytes=198
2026-09-26T01:46:55.554486Z DEBUG netbaiot_transports::business_rpc::v3: business RPC V3 writer completed frame stream_id=486 frame_type=Data payload_bytes=198
2026-09-26T01:46:55.554491Z DEBUG netbaiot_transports::business_rpc::v3: business RPC V3 selected frame stream_id=488 frame_type=Data payload_bytes=198
2026-09-26T01:46:55.554498Z DEBUG netbaiot_transports::business_rpc::v3: business RPC V3 writer completed frame stream_id=488 frame_type=Data payload_bytes=198
2026-09-26T01:46:55.554606Z DEBUG netbaiot_transports::business_rpc::v3: business RPC V3 body entered scheduler stream_id=490 class=Rpc body_bytes=198
2026-09-26T01:46:55.554625Z DEBUG netbaiot_transports::business_rpc::v3: business RPC V3 selected frame stream_id=490 frame_type=Open payload_bytes=158
2026-09-26T01:46:55.554640Z DEBUG netbaiot_transports::business_rpc::v3: business RPC V3 writer completed frame stream_id=490 frame_type=Open payload_bytes=158
2026-09-26T01:46:55.554648Z DEBUG netbaiot_transports::business_rpc::v3: business RPC V3 selected frame stream_id=490 frame_type=Data payload_bytes=198
2026-09-26T01:46:55.554656Z DEBUG netbaiot_transports::business_rpc::v3: business RPC V3 writer completed frame stream_id=490 frame_type=Data payload_bytes=198
2026-09-26T01:46:55.583064Z DEBUG netbaiot_transports::business_rpc::v3: business RPC V3 received frame stream_id=0 frame_type=WindowUpdate payload_bytes=4
2026-09-26T01:46:55.583089Z DEBUG netbaiot_transports::business_rpc::v3: business RPC V3 received frame stream_id=0 frame_type=WindowUpdate payload_bytes=4
2026-09-26T01:46:55.583094Z DEBUG netbaiot_transports::business_rpc::v3: business RPC V3 received frame stream_id=480 frame_type=Response payload_bytes=35
2026-09-26T01:46:55.583100Z DEBUG netbaiot_transports::business_rpc::v3: business RPC V3 received frame stream_id=478 frame_type=Response payload_bytes=35
2026-09-26T01:46:55.583103Z DEBUG netbaiot_transports::business_rpc::v3: business RPC V3 received frame stream_id=480 frame_type=Data payload_bytes=216
2026-09-26T01:46:55.583124Z DEBUG netbaiot_transports::business_rpc::v3: business RPC V3 received frame stream_id=478 frame_type=Data payload_bytes=216
2026-09-26T01:46:55.583168Z DEBUG netbaiot_transports::business_rpc::v3: business RPC V3 selected frame stream_id=0 frame_type=WindowUpdate payload_bytes=4
2026-09-26T01:46:55.583177Z DEBUG netbaiot_transports::business_rpc::v3: business RPC V3 writer completed frame stream_id=0 frame_type=WindowUpdate payload_bytes=4
2026-09-26T01:46:55.583181Z DEBUG netbaiot_transports::business_rpc::v3: business RPC V3 selected frame stream_id=0 frame_type=WindowUpdate payload_bytes=4
2026-09-26T01:46:55.583185Z DEBUG netbaiot_transports::business_rpc::v3: business RPC V3 writer completed frame stream_id=0 frame_type=WindowUpdate payload_bytes=4
2026-09-26T01:46:55.583564Z DEBUG netbaiot_transports::business_rpc::v3: business RPC V3 body entered scheduler stream_id=492 class=Rpc body_bytes=198
2026-09-26T01:46:55.583573Z DEBUG netbaiot_transports::business_rpc::v3: business RPC V3 selected frame stream_id=492 frame_type=Open payload_bytes=158
2026-09-26T01:46:55.583582Z DEBUG netbaiot_transports::business_rpc::v3: business RPC V3 writer completed frame stream_id=492 frame_type=Open payload_bytes=158
2026-09-26T01:46:55.583586Z DEBUG netbaiot_transports::business_rpc::v3: business RPC V3 selected frame stream_id=492 frame_type=Data payload_bytes=198
2026-09-26T01:46:55.583590Z DEBUG netbaiot_transports::business_rpc::v3: business RPC V3 writer completed frame stream_id=492 frame_type=Data payload_bytes=198
2026-09-26T01:46:55.583624Z DEBUG netbaiot_transports::business_rpc::v3: business RPC V3 body entered scheduler stream_id=494 class=Rpc body_bytes=198
2026-09-26T01:46:55.583628Z DEBUG netbaiot_transports::business_rpc::v3: business RPC V3 selected frame stream_id=494 frame_type=Open payload_bytes=158
2026-09-26T01:46:55.583632Z DEBUG netbaiot_transports::business_rpc::v3: business RPC V3 writer completed frame stream_id=494 frame_type=Open payload_bytes=158
2026-09-26T01:46:55.583635Z DEBUG netbaiot_transports::business_rpc::v3: business RPC V3 selected frame stream_id=494 frame_type=Data payload_bytes=198
2026-09-26T01:46:55.583638Z DEBUG netbaiot_transports::business_rpc::v3: business RPC V3 writer completed frame stream_id=494 frame_type=Data payload_bytes=198
2026-09-26T01:46:55.611146Z DEBUG netbaiot_transports::business_rpc::v3: business RPC V3 received frame stream_id=0 frame_type=WindowUpdate payload_bytes=4
2026-09-26T01:46:55.611171Z DEBUG netbaiot_transports::business_rpc::v3: business RPC V3 received frame stream_id=482 frame_type=Response payload_bytes=35
2026-09-26T01:46:55.611179Z DEBUG netbaiot_transports::business_rpc::v3: business RPC V3 received frame stream_id=482 frame_type=Data payload_bytes=216
2026-09-26T01:46:55.611237Z DEBUG netbaiot_transports::business_rpc::v3: business RPC V3 selected frame stream_id=0 frame_type=WindowUpdate payload_bytes=4
2026-09-26T01:46:55.611246Z DEBUG netbaiot_transports::business_rpc::v3: business RPC V3 writer completed frame stream_id=0 frame_type=WindowUpdate payload_bytes=4
2026-09-26T01:46:55.611830Z DEBUG netbaiot_transports::business_rpc::v3: business RPC V3 body entered scheduler stream_id=496 class=Rpc body_bytes=198
2026-09-26T01:46:55.611837Z DEBUG netbaiot_transports::business_rpc::v3: business RPC V3 selected frame stream_id=496 frame_type=Open payload_bytes=158
2026-09-26T01:46:55.611845Z DEBUG netbaiot_transports::business_rpc::v3: business RPC V3 writer completed frame stream_id=496 frame_type=Open payload_bytes=158
2026-09-26T01:46:55.611849Z DEBUG netbaiot_transports::business_rpc::v3: business RPC V3 selected frame stream_id=496 frame_type=Data payload_bytes=198
2026-09-26T01:46:55.611853Z DEBUG netbaiot_transports::business_rpc::v3: business RPC V3 writer completed frame stream_id=496 frame_type=Data payload_bytes=198
2026-09-26T01:46:55.616402Z DEBUG netbaiot_transports::business_rpc::v3: business RPC V3 body entered scheduler stream_id=498 class=Rpc body_bytes=198
2026-09-26T01:46:55.616434Z DEBUG netbaiot_transports::business_rpc::v3: business RPC V3 selected frame stream_id=498 frame_type=Open payload_bytes=158
2026-09-26T01:46:55.616463Z DEBUG netbaiot_transports::business_rpc::v3: business RPC V3 writer completed frame stream_id=498 frame_type=Open payload_bytes=158
2026-09-26T01:46:55.616493Z DEBUG netbaiot_transports::business_rpc::v3: business RPC V3 selected frame stream_id=498 frame_type=Data payload_bytes=198
2026-09-26T01:46:55.616509Z DEBUG netbaiot_transports::business_rpc::v3: business RPC V3 writer completed frame stream_id=498 frame_type=Data payload_bytes=198
2026-09-26T01:46:55.642512Z DEBUG netbaiot_transports::business_rpc::v3: business RPC V3 received frame stream_id=0 frame_type=WindowUpdate payload_bytes=4
2026-09-26T01:46:55.642546Z DEBUG netbaiot_transports::business_rpc::v3: business RPC V3 received frame stream_id=0 frame_type=WindowUpdate payload_bytes=4
2026-09-26T01:46:55.642551Z DEBUG netbaiot_transports::business_rpc::v3: business RPC V3 received frame stream_id=0 frame_type=WindowUpdate payload_bytes=4
2026-09-26T01:46:55.642554Z DEBUG netbaiot_transports::business_rpc::v3: business RPC V3 received frame stream_id=0 frame_type=WindowUpdate payload_bytes=4
2026-09-26T01:46:55.642557Z DEBUG netbaiot_transports::business_rpc::v3: business RPC V3 received frame stream_id=490 frame_type=Response payload_bytes=35
2026-09-26T01:46:55.642563Z DEBUG netbaiot_transports::business_rpc::v3: business RPC V3 received frame stream_id=490 frame_type=Data payload_bytes=216
2026-09-26T01:46:55.642582Z DEBUG netbaiot_transports::business_rpc::v3: business RPC V3 received frame stream_id=484 frame_type=Response payload_bytes=35
2026-09-26T01:46:55.642585Z DEBUG netbaiot_transports::business_rpc::v3: business RPC V3 received frame stream_id=484 frame_type=Data payload_bytes=216
2026-09-26T01:46:55.642591Z DEBUG netbaiot_transports::business_rpc::v3: business RPC V3 received frame stream_id=486 frame_type=Response payload_bytes=35
2026-09-26T01:46:55.642594Z DEBUG netbaiot_transports::business_rpc::v3: business RPC V3 received frame stream_id=486 frame_type=Data payload_bytes=216
2026-09-26T01:46:55.642599Z DEBUG netbaiot_transports::business_rpc::v3: business RPC V3 received frame stream_id=488 frame_type=Response payload_bytes=35
2026-09-26T01:46:55.642600Z DEBUG netbaiot_transports::business_rpc::v3: business RPC V3 selected frame stream_id=0 frame_type=WindowUpdate payload_bytes=4
2026-09-26T01:46:55.642616Z DEBUG netbaiot_transports::business_rpc::v3: business RPC V3 writer completed frame stream_id=0 frame_type=WindowUpdate payload_bytes=4
2026-09-26T01:46:55.642621Z DEBUG netbaiot_transports::business_rpc::v3: business RPC V3 selected frame stream_id=0 frame_type=WindowUpdate payload_bytes=4
2026-09-26T01:46:55.642625Z DEBUG netbaiot_transports::business_rpc::v3: business RPC V3 writer completed frame stream_id=0 frame_type=WindowUpdate payload_bytes=4
2026-09-26T01:46:55.642601Z DEBUG netbaiot_transports::business_rpc::v3: business RPC V3 received frame stream_id=488 frame_type=Data payload_bytes=216
2026-09-26T01:46:55.642643Z DEBUG netbaiot_transports::business_rpc::v3: business RPC V3 selected frame stream_id=0 frame_type=WindowUpdate payload_bytes=4
2026-09-26T01:46:55.642761Z DEBUG netbaiot_transports::business_rpc::v3: business RPC V3 writer completed frame stream_id=0 frame_type=WindowUpdate payload_bytes=4
2026-09-26T01:46:55.642767Z DEBUG netbaiot_transports::business_rpc::v3: business RPC V3 selected frame stream_id=0 frame_type=WindowUpdate payload_bytes=4
2026-09-26T01:46:55.642773Z DEBUG netbaiot_transports::business_rpc::v3: business RPC V3 writer completed frame stream_id=0 frame_type=WindowUpdate payload_bytes=4
2026-09-26T01:46:55.671533Z DEBUG netbaiot_transports::business_rpc::v3: business RPC V3 received frame stream_id=0 frame_type=WindowUpdate payload_bytes=4
2026-09-26T01:46:55.671581Z DEBUG netbaiot_transports::business_rpc::v3: business RPC V3 received frame stream_id=0 frame_type=WindowUpdate payload_bytes=4
2026-09-26T01:46:55.671617Z DEBUG netbaiot_transports::business_rpc::v3: business RPC V3 received frame stream_id=494 frame_type=Response payload_bytes=35
2026-09-26T01:46:55.671645Z DEBUG netbaiot_transports::business_rpc::v3: business RPC V3 received frame stream_id=494 frame_type=Data payload_bytes=216
2026-09-26T01:46:55.671692Z DEBUG netbaiot_transports::business_rpc::v3: business RPC V3 received frame stream_id=492 frame_type=Response payload_bytes=35
2026-09-26T01:46:55.671699Z DEBUG netbaiot_transports::business_rpc::v3: business RPC V3 received frame stream_id=492 frame_type=Data payload_bytes=216
2026-09-26T01:46:55.671769Z DEBUG netbaiot_transports::business_rpc::v3: business RPC V3 selected frame stream_id=0 frame_type=WindowUpdate payload_bytes=4
2026-09-26T01:46:55.671802Z DEBUG netbaiot_transports::business_rpc::v3: business RPC V3 writer completed frame stream_id=0 frame_type=WindowUpdate payload_bytes=4
2026-09-26T01:46:55.671811Z DEBUG netbaiot_transports::business_rpc::v3: business RPC V3 selected frame stream_id=0 frame_type=WindowUpdate payload_bytes=4
2026-09-26T01:46:55.671820Z DEBUG netbaiot_transports::business_rpc::v3: business RPC V3 writer completed frame stream_id=0 frame_type=WindowUpdate payload_bytes=4
2026-09-26T01:46:55.680292Z DEBUG netbaiot_transports::business_rpc::v3: business RPC V3 body entered scheduler stream_id=500 class=Event body_bytes=17366
2026-09-26T01:46:55.680332Z DEBUG netbaiot_transports::business_rpc::v3: business RPC V3 selected frame stream_id=500 frame_type=Open payload_bytes=184
2026-09-26T01:46:55.680359Z DEBUG netbaiot_transports::business_rpc::v3: business RPC V3 writer completed frame stream_id=500 frame_type=Open payload_bytes=184
2026-09-26T01:46:55.680371Z DEBUG netbaiot_transports::business_rpc::v3: business RPC V3 selected frame stream_id=500 frame_type=Data payload_bytes=8192
2026-09-26T01:46:55.680383Z DEBUG netbaiot_transports::business_rpc::v3: business RPC V3 writer completed frame stream_id=500 frame_type=Data payload_bytes=8192
2026-09-26T01:46:55.680389Z DEBUG netbaiot_transports::business_rpc::v3: business RPC V3 selected frame stream_id=500 frame_type=Data payload_bytes=8192
2026-09-26T01:46:55.680406Z DEBUG netbaiot_transports::business_rpc::v3: business RPC V3 writer completed frame stream_id=500 frame_type=Data payload_bytes=8192
2026-09-26T01:46:55.700773Z DEBUG netbaiot_transports::business_rpc::v3: business RPC V3 received frame stream_id=0 frame_type=WindowUpdate payload_bytes=4
2026-09-26T01:46:55.700794Z DEBUG netbaiot_transports::business_rpc::v3: business RPC V3 received frame stream_id=0 frame_type=WindowUpdate payload_bytes=4
2026-09-26T01:46:55.700798Z DEBUG netbaiot_transports::business_rpc::v3: business RPC V3 received frame stream_id=498 frame_type=Response payload_bytes=35
2026-09-26T01:46:55.700805Z DEBUG netbaiot_transports::business_rpc::v3: business RPC V3 received frame stream_id=496 frame_type=Response payload_bytes=35
2026-09-26T01:46:55.700809Z DEBUG netbaiot_transports::business_rpc::v3: business RPC V3 received frame stream_id=498 frame_type=Data payload_bytes=216
2026-09-26T01:46:55.700828Z DEBUG netbaiot_transports::business_rpc::v3: business RPC V3 received frame stream_id=496 frame_type=Data payload_bytes=216
2026-09-26T01:46:55.700860Z DEBUG netbaiot_transports::business_rpc::v3: business RPC V3 selected frame stream_id=0 frame_type=WindowUpdate payload_bytes=4
2026-09-26T01:46:55.700895Z DEBUG netbaiot_transports::business_rpc::v3: business RPC V3 writer completed frame stream_id=0 frame_type=WindowUpdate payload_bytes=4
2026-09-26T01:46:55.700909Z DEBUG netbaiot_transports::business_rpc::v3: business RPC V3 selected frame stream_id=0 frame_type=WindowUpdate payload_bytes=4
2026-09-26T01:46:55.700918Z DEBUG netbaiot_transports::business_rpc::v3: business RPC V3 writer completed frame stream_id=0 frame_type=WindowUpdate payload_bytes=4
2026-09-26T01:46:55.838199Z DEBUG netbaiot_transports::business_rpc::v3: business RPC V3 received frame stream_id=0 frame_type=WindowUpdate payload_bytes=4
2026-09-26T01:46:55.838247Z DEBUG netbaiot_transports::business_rpc::v3: business RPC V3 received frame stream_id=500 frame_type=WindowUpdate payload_bytes=4
2026-09-26T01:46:55.838263Z DEBUG netbaiot_transports::business_rpc::v3: business RPC V3 selected frame stream_id=500 frame_type=Data payload_bytes=982
2026-09-26T01:46:55.838286Z DEBUG netbaiot_transports::business_rpc::v3: business RPC V3 writer completed frame stream_id=500 frame_type=Data payload_bytes=982
2026-09-26T01:46:55.865588Z DEBUG netbaiot_transports::business_rpc::v3: business RPC V3 received frame stream_id=0 frame_type=WindowUpdate payload_bytes=4
2026-09-26T01:46:55.865624Z DEBUG netbaiot_transports::business_rpc::v3: business RPC V3 received frame stream_id=500 frame_type=WindowUpdate payload_bytes=4
2026-09-26T01:46:55.951103Z DEBUG netbaiot_transports::business_rpc::v3: business RPC V3 received frame stream_id=0 frame_type=WindowUpdate payload_bytes=4
2026-09-26T01:46:55.951140Z DEBUG netbaiot_transports::business_rpc::v3: business RPC V3 received frame stream_id=500 frame_type=Response payload_bytes=35
2026-09-26T01:46:55.951154Z DEBUG netbaiot_transports::business_rpc::v3: business RPC V3 received frame stream_id=500 frame_type=Data payload_bytes=118
2026-09-26T01:46:55.951166Z DEBUG netbaiot_transports::business_rpc::v3: business RPC V3 Event delivery acknowledged stream_id=500 completion_us=270885
2026-09-26T01:46:55.951191Z DEBUG netbaiot_transports::business_rpc::v3: business RPC V3 selected frame stream_id=0 frame_type=WindowUpdate payload_bytes=4
2026-09-26T01:46:55.951217Z DEBUG netbaiot_transports::business_rpc::v3: business RPC V3 writer completed frame stream_id=0 frame_type=WindowUpdate payload_bytes=4
2026-09-26T01:46:56.063110Z DEBUG netbaiot_transports::business_rpc::v3: business RPC V3 body entered scheduler stream_id=502 class=Rpc body_bytes=198
2026-09-26T01:46:56.063144Z DEBUG netbaiot_transports::business_rpc::v3: business RPC V3 selected frame stream_id=502 frame_type=Open payload_bytes=158
2026-09-26T01:46:56.063160Z DEBUG netbaiot_transports::business_rpc::v3: business RPC V3 writer completed frame stream_id=502 frame_type=Open payload_bytes=158
2026-09-26T01:46:56.063170Z DEBUG netbaiot_transports::business_rpc::v3: business RPC V3 selected frame stream_id=502 frame_type=Data payload_bytes=198
2026-09-26T01:46:56.063179Z DEBUG netbaiot_transports::business_rpc::v3: business RPC V3 writer completed frame stream_id=502 frame_type=Data payload_bytes=198
2026-09-26T01:46:56.073318Z DEBUG netbaiot_transports::business_rpc::v3: business RPC V3 body entered scheduler stream_id=504 class=Rpc body_bytes=198
2026-09-26T01:46:56.073345Z DEBUG netbaiot_transports::business_rpc::v3: business RPC V3 selected frame stream_id=504 frame_type=Open payload_bytes=158
2026-09-26T01:46:56.073362Z DEBUG netbaiot_transports::business_rpc::v3: business RPC V3 writer completed frame stream_id=504 frame_type=Open payload_bytes=158
2026-09-26T01:46:56.073373Z DEBUG netbaiot_transports::business_rpc::v3: business RPC V3 selected frame stream_id=504 frame_type=Data payload_bytes=198
2026-09-26T01:46:56.073382Z DEBUG netbaiot_transports::business_rpc::v3: business RPC V3 writer completed frame stream_id=504 frame_type=Data payload_bytes=198
2026-09-26T01:46:56.121467Z DEBUG netbaiot_transports::business_rpc::v3: business RPC V3 body entered scheduler stream_id=506 class=Rpc body_bytes=198
2026-09-26T01:46:56.121505Z DEBUG netbaiot_transports::business_rpc::v3: business RPC V3 selected frame stream_id=506 frame_type=Open payload_bytes=158
2026-09-26T01:46:56.121546Z DEBUG netbaiot_transports::business_rpc::v3: business RPC V3 writer completed frame stream_id=506 frame_type=Open payload_bytes=158
2026-09-26T01:46:56.121588Z DEBUG netbaiot_transports::business_rpc::v3: business RPC V3 selected frame stream_id=506 frame_type=Data payload_bytes=198
2026-09-26T01:46:56.121613Z DEBUG netbaiot_transports::business_rpc::v3: business RPC V3 writer completed frame stream_id=506 frame_type=Data payload_bytes=198
2026-09-26T01:46:56.137605Z DEBUG netbaiot_transports::business_rpc::v3: business RPC V3 body entered scheduler stream_id=508 class=Rpc body_bytes=198
2026-09-26T01:46:56.137640Z DEBUG netbaiot_transports::business_rpc::v3: business RPC V3 selected frame stream_id=508 frame_type=Open payload_bytes=158
2026-09-26T01:46:56.137657Z DEBUG netbaiot_transports::business_rpc::v3: business RPC V3 writer completed frame stream_id=508 frame_type=Open payload_bytes=158
2026-09-26T01:46:56.137666Z DEBUG netbaiot_transports::business_rpc::v3: business RPC V3 selected frame stream_id=508 frame_type=Data payload_bytes=198
2026-09-26T01:46:56.137676Z DEBUG netbaiot_transports::business_rpc::v3: business RPC V3 writer completed frame stream_id=508 frame_type=Data payload_bytes=198
2026-09-26T01:46:56.161815Z DEBUG netbaiot_transports::business_rpc::v3: business RPC V3 body entered scheduler stream_id=510 class=Rpc body_bytes=198
2026-09-26T01:46:56.161857Z DEBUG netbaiot_transports::business_rpc::v3: business RPC V3 selected frame stream_id=510 frame_type=Open payload_bytes=158
2026-09-26T01:46:56.161882Z DEBUG netbaiot_transports::business_rpc::v3: business RPC V3 writer completed frame stream_id=510 frame_type=Open payload_bytes=158
2026-09-26T01:46:56.161895Z DEBUG netbaiot_transports::business_rpc::v3: business RPC V3 selected frame stream_id=510 frame_type=Data payload_bytes=198
2026-09-26T01:46:56.161905Z DEBUG netbaiot_transports::business_rpc::v3: business RPC V3 writer completed frame stream_id=510 frame_type=Data payload_bytes=198
2026-09-26T01:46:56.174636Z DEBUG netbaiot_transports::business_rpc::v3: business RPC V3 received frame stream_id=0 frame_type=WindowUpdate payload_bytes=4
2026-09-26T01:46:56.174664Z DEBUG netbaiot_transports::business_rpc::v3: business RPC V3 received frame stream_id=0 frame_type=WindowUpdate payload_bytes=4
2026-09-26T01:46:56.174672Z DEBUG netbaiot_transports::business_rpc::v3: business RPC V3 received frame stream_id=504 frame_type=Response payload_bytes=35
2026-09-26T01:46:56.174681Z DEBUG netbaiot_transports::business_rpc::v3: business RPC V3 received frame stream_id=502 frame_type=Response payload_bytes=35
2026-09-26T01:46:56.174687Z DEBUG netbaiot_transports::business_rpc::v3: business RPC V3 received frame stream_id=504 frame_type=Data payload_bytes=216
2026-09-26T01:46:56.174710Z DEBUG netbaiot_transports::business_rpc::v3: business RPC V3 received frame stream_id=502 frame_type=Data payload_bytes=216
2026-09-26T01:46:56.174722Z DEBUG netbaiot_transports::business_rpc::v3: business RPC V3 selected frame stream_id=0 frame_type=WindowUpdate payload_bytes=4
2026-09-26T01:46:56.174745Z DEBUG netbaiot_transports::business_rpc::v3: business RPC V3 writer completed frame stream_id=0 frame_type=WindowUpdate payload_bytes=4
2026-09-26T01:46:56.174757Z DEBUG netbaiot_transports::business_rpc::v3: business RPC V3 selected frame stream_id=0 frame_type=WindowUpdate payload_bytes=4
2026-09-26T01:46:56.174767Z DEBUG netbaiot_transports::business_rpc::v3: business RPC V3 writer completed frame stream_id=0 frame_type=WindowUpdate payload_bytes=4
2026-09-26T01:46:56.175197Z DEBUG netbaiot_transports::business_rpc::v3: business RPC V3 body entered scheduler stream_id=512 class=Rpc body_bytes=198
2026-09-26T01:46:56.175230Z DEBUG netbaiot_transports::business_rpc::v3: business RPC V3 body entered scheduler stream_id=514 class=Rpc body_bytes=198
2026-09-26T01:46:56.175237Z DEBUG netbaiot_transports::business_rpc::v3: business RPC V3 selected frame stream_id=512 frame_type=Open payload_bytes=158
2026-09-26T01:46:56.175257Z DEBUG netbaiot_transports::business_rpc::v3: business RPC V3 writer completed frame stream_id=512 frame_type=Open payload_bytes=158
2026-09-26T01:46:56.175267Z DEBUG netbaiot_transports::business_rpc::v3: business RPC V3 selected frame stream_id=514 frame_type=Open payload_bytes=158
2026-09-26T01:46:56.175276Z DEBUG netbaiot_transports::business_rpc::v3: business RPC V3 writer completed frame stream_id=514 frame_type=Open payload_bytes=158
2026-09-26T01:46:56.175282Z DEBUG netbaiot_transports::business_rpc::v3: business RPC V3 selected frame stream_id=512 frame_type=Data payload_bytes=198
2026-09-26T01:46:56.175291Z DEBUG netbaiot_transports::business_rpc::v3: business RPC V3 writer completed frame stream_id=512 frame_type=Data payload_bytes=198
2026-09-26T01:46:56.175297Z DEBUG netbaiot_transports::business_rpc::v3: business RPC V3 selected frame stream_id=514 frame_type=Data payload_bytes=198
2026-09-26T01:46:56.175307Z DEBUG netbaiot_transports::business_rpc::v3: business RPC V3 writer completed frame stream_id=514 frame_type=Data payload_bytes=198
2026-09-26T01:46:56.179175Z DEBUG netbaiot_transports::business_rpc::v3: business RPC V3 body entered scheduler stream_id=516 class=Event body_bytes=17366
2026-09-26T01:46:56.179192Z DEBUG netbaiot_transports::business_rpc::v3: business RPC V3 selected frame stream_id=516 frame_type=Open payload_bytes=184
2026-09-26T01:46:56.179205Z DEBUG netbaiot_transports::business_rpc::v3: business RPC V3 writer completed frame stream_id=516 frame_type=Open payload_bytes=184
2026-09-26T01:46:56.179212Z DEBUG netbaiot_transports::business_rpc::v3: business RPC V3 selected frame stream_id=516 frame_type=Data payload_bytes=8192
2026-09-26T01:46:56.179221Z DEBUG netbaiot_transports::business_rpc::v3: business RPC V3 writer completed frame stream_id=516 frame_type=Data payload_bytes=8192
2026-09-26T01:46:56.179227Z DEBUG netbaiot_transports::business_rpc::v3: business RPC V3 selected frame stream_id=516 frame_type=Data payload_bytes=8192
2026-09-26T01:46:56.179237Z DEBUG netbaiot_transports::business_rpc::v3: business RPC V3 writer completed frame stream_id=516 frame_type=Data payload_bytes=8192
2026-09-26T01:46:56.181604Z DEBUG netbaiot_transports::business_rpc::v3: business RPC V3 body entered scheduler stream_id=518 class=Rpc body_bytes=198
2026-09-26T01:46:56.181615Z DEBUG netbaiot_transports::business_rpc::v3: business RPC V3 selected frame stream_id=518 frame_type=Open payload_bytes=158
2026-09-26T01:46:56.181626Z DEBUG netbaiot_transports::business_rpc::v3: business RPC V3 writer completed frame stream_id=518 frame_type=Open payload_bytes=158
2026-09-26T01:46:56.181632Z DEBUG netbaiot_transports::business_rpc::v3: business RPC V3 selected frame stream_id=518 frame_type=Data payload_bytes=198
2026-09-26T01:46:56.181640Z DEBUG netbaiot_transports::business_rpc::v3: business RPC V3 writer completed frame stream_id=518 frame_type=Data payload_bytes=198
2026-09-26T01:46:56.230548Z DEBUG netbaiot_transports::business_rpc::v3: business RPC V3 received frame stream_id=0 frame_type=WindowUpdate payload_bytes=4
2026-09-26T01:46:56.230589Z DEBUG netbaiot_transports::business_rpc::v3: business RPC V3 received frame stream_id=0 frame_type=WindowUpdate payload_bytes=4
2026-09-26T01:46:56.230599Z DEBUG netbaiot_transports::business_rpc::v3: business RPC V3 received frame stream_id=508 frame_type=Response payload_bytes=35
2026-09-26T01:46:56.230610Z DEBUG netbaiot_transports::business_rpc::v3: business RPC V3 received frame stream_id=506 frame_type=Response payload_bytes=35
2026-09-26T01:46:56.230616Z DEBUG netbaiot_transports::business_rpc::v3: business RPC V3 received frame stream_id=508 frame_type=Data payload_bytes=216
2026-09-26T01:46:56.230640Z DEBUG netbaiot_transports::business_rpc::v3: business RPC V3 received frame stream_id=506 frame_type=Data payload_bytes=216
2026-09-26T01:46:56.230649Z DEBUG netbaiot_transports::business_rpc::v3: business RPC V3 selected frame stream_id=0 frame_type=WindowUpdate payload_bytes=4
2026-09-26T01:46:56.230672Z DEBUG netbaiot_transports::business_rpc::v3: business RPC V3 writer completed frame stream_id=0 frame_type=WindowUpdate payload_bytes=4
2026-09-26T01:46:56.230680Z DEBUG netbaiot_transports::business_rpc::v3: business RPC V3 selected frame stream_id=0 frame_type=WindowUpdate payload_bytes=4
2026-09-26T01:46:56.230688Z DEBUG netbaiot_transports::business_rpc::v3: business RPC V3 writer completed frame stream_id=0 frame_type=WindowUpdate payload_bytes=4
2026-09-26T01:46:56.231090Z DEBUG netbaiot_transports::business_rpc::v3: business RPC V3 body entered scheduler stream_id=520 class=Rpc body_bytes=198
2026-09-26T01:46:56.231116Z DEBUG netbaiot_transports::business_rpc::v3: business RPC V3 body entered scheduler stream_id=522 class=Rpc body_bytes=198
2026-09-26T01:46:56.231125Z DEBUG netbaiot_transports::business_rpc::v3: business RPC V3 selected frame stream_id=520 frame_type=Open payload_bytes=158
2026-09-26T01:46:56.231136Z DEBUG netbaiot_transports::business_rpc::v3: business RPC V3 writer completed frame stream_id=520 frame_type=Open payload_bytes=158
2026-09-26T01:46:56.231143Z DEBUG netbaiot_transports::business_rpc::v3: business RPC V3 selected frame stream_id=522 frame_type=Open payload_bytes=158
2026-09-26T01:46:56.231151Z DEBUG netbaiot_transports::business_rpc::v3: business RPC V3 writer completed frame stream_id=522 frame_type=Open payload_bytes=158
2026-09-26T01:46:56.231156Z DEBUG netbaiot_transports::business_rpc::v3: business RPC V3 body entered scheduler stream_id=524 class=Rpc body_bytes=198
2026-09-26T01:46:56.231161Z DEBUG netbaiot_transports::business_rpc::v3: business RPC V3 selected frame stream_id=520 frame_type=Data payload_bytes=198
2026-09-26T01:46:56.231169Z DEBUG netbaiot_transports::business_rpc::v3: business RPC V3 writer completed frame stream_id=520 frame_type=Data payload_bytes=198
2026-09-26T01:46:56.231175Z DEBUG netbaiot_transports::business_rpc::v3: business RPC V3 selected frame stream_id=524 frame_type=Open payload_bytes=158
2026-09-26T01:46:56.231183Z DEBUG netbaiot_transports::business_rpc::v3: business RPC V3 writer completed frame stream_id=524 frame_type=Open payload_bytes=158
2026-09-26T01:46:56.231188Z DEBUG netbaiot_transports::business_rpc::v3: business RPC V3 selected frame stream_id=522 frame_type=Data payload_bytes=198
2026-09-26T01:46:56.231197Z DEBUG netbaiot_transports::business_rpc::v3: business RPC V3 writer completed frame stream_id=522 frame_type=Data payload_bytes=198
2026-09-26T01:46:56.231203Z DEBUG netbaiot_transports::business_rpc::v3: business RPC V3 selected frame stream_id=524 frame_type=Data payload_bytes=198
2026-09-26T01:46:56.231212Z DEBUG netbaiot_transports::business_rpc::v3: business RPC V3 writer completed frame stream_id=524 frame_type=Data payload_bytes=198
2026-09-26T01:46:56.237128Z DEBUG netbaiot_transports::business_rpc::v3: business RPC V3 body entered scheduler stream_id=526 class=Rpc body_bytes=198
2026-09-26T01:46:56.237158Z DEBUG netbaiot_transports::business_rpc::v3: business RPC V3 selected frame stream_id=526 frame_type=Open payload_bytes=158
2026-09-26T01:46:56.237174Z DEBUG netbaiot_transports::business_rpc::v3: business RPC V3 writer completed frame stream_id=526 frame_type=Open payload_bytes=158
2026-09-26T01:46:56.237183Z DEBUG netbaiot_transports::business_rpc::v3: business RPC V3 selected frame stream_id=526 frame_type=Data payload_bytes=198
2026-09-26T01:46:56.237193Z DEBUG netbaiot_transports::business_rpc::v3: business RPC V3 writer completed frame stream_id=526 frame_type=Data payload_bytes=198
2026-09-26T01:46:56.259301Z DEBUG netbaiot_transports::business_rpc::v3: business RPC V3 received frame stream_id=0 frame_type=WindowUpdate payload_bytes=4
2026-09-26T01:46:56.259343Z DEBUG netbaiot_transports::business_rpc::v3: business RPC V3 received frame stream_id=0 frame_type=WindowUpdate payload_bytes=4
2026-09-26T01:46:56.259359Z DEBUG netbaiot_transports::business_rpc::v3: business RPC V3 received frame stream_id=0 frame_type=WindowUpdate payload_bytes=4
2026-09-26T01:46:56.259373Z DEBUG netbaiot_transports::business_rpc::v3: business RPC V3 received frame stream_id=514 frame_type=Response payload_bytes=35
2026-09-26T01:46:56.259420Z DEBUG netbaiot_transports::business_rpc::v3: business RPC V3 received frame stream_id=514 frame_type=Data payload_bytes=216
2026-09-26T01:46:56.259455Z DEBUG netbaiot_transports::business_rpc::v3: business RPC V3 received frame stream_id=510 frame_type=Response payload_bytes=35
2026-09-26T01:46:56.259469Z DEBUG netbaiot_transports::business_rpc::v3: business RPC V3 selected frame stream_id=0 frame_type=WindowUpdate payload_bytes=4
2026-09-26T01:46:56.259472Z DEBUG netbaiot_transports::business_rpc::v3: business RPC V3 received frame stream_id=512 frame_type=Response payload_bytes=35
2026-09-26T01:46:56.259496Z DEBUG netbaiot_transports::business_rpc::v3: business RPC V3 writer completed frame stream_id=0 frame_type=WindowUpdate payload_bytes=4
2026-09-26T01:46:56.259498Z DEBUG netbaiot_transports::business_rpc::v3: business RPC V3 received frame stream_id=510 frame_type=Data payload_bytes=216
2026-09-26T01:46:56.259576Z DEBUG netbaiot_transports::business_rpc::v3: business RPC V3 received frame stream_id=512 frame_type=Data payload_bytes=216
2026-09-26T01:46:56.259584Z DEBUG netbaiot_transports::business_rpc::v3: business RPC V3 selected frame stream_id=0 frame_type=WindowUpdate payload_bytes=4
2026-09-26T01:46:56.259617Z DEBUG netbaiot_transports::business_rpc::v3: business RPC V3 writer completed frame stream_id=0 frame_type=WindowUpdate payload_bytes=4
2026-09-26T01:46:56.259626Z DEBUG netbaiot_transports::business_rpc::v3: business RPC V3 selected frame stream_id=0 frame_type=WindowUpdate payload_bytes=4
2026-09-26T01:46:56.259635Z DEBUG netbaiot_transports::business_rpc::v3: business RPC V3 writer completed frame stream_id=0 frame_type=WindowUpdate payload_bytes=4
2026-09-26T01:46:56.260102Z DEBUG netbaiot_transports::business_rpc::v3: business RPC V3 body entered scheduler stream_id=528 class=Rpc body_bytes=198
2026-09-26T01:46:56.260136Z DEBUG netbaiot_transports::business_rpc::v3: business RPC V3 selected frame stream_id=528 frame_type=Open payload_bytes=158
2026-09-26T01:46:56.260155Z DEBUG netbaiot_transports::business_rpc::v3: business RPC V3 writer completed frame stream_id=528 frame_type=Open payload_bytes=158
2026-09-26T01:46:56.260165Z DEBUG netbaiot_transports::business_rpc::v3: business RPC V3 body entered scheduler stream_id=530 class=Rpc body_bytes=198
2026-09-26T01:46:56.260173Z DEBUG netbaiot_transports::business_rpc::v3: business RPC V3 selected frame stream_id=528 frame_type=Data payload_bytes=198
2026-09-26T01:46:56.260183Z DEBUG netbaiot_transports::business_rpc::v3: business RPC V3 writer completed frame stream_id=528 frame_type=Data payload_bytes=198
2026-09-26T01:46:56.260191Z DEBUG netbaiot_transports::business_rpc::v3: business RPC V3 selected frame stream_id=530 frame_type=Open payload_bytes=158
2026-09-26T01:46:56.260199Z DEBUG netbaiot_transports::business_rpc::v3: business RPC V3 writer completed frame stream_id=530 frame_type=Open payload_bytes=158
2026-09-26T01:46:56.260205Z DEBUG netbaiot_transports::business_rpc::v3: business RPC V3 body entered scheduler stream_id=532 class=Rpc body_bytes=198
2026-09-26T01:46:56.260212Z DEBUG netbaiot_transports::business_rpc::v3: business RPC V3 selected frame stream_id=532 frame_type=Open payload_bytes=158
2026-09-26T01:46:56.260221Z DEBUG netbaiot_transports::business_rpc::v3: business RPC V3 writer completed frame stream_id=532 frame_type=Open payload_bytes=158
2026-09-26T01:46:56.260227Z DEBUG netbaiot_transports::business_rpc::v3: business RPC V3 selected frame stream_id=530 frame_type=Data payload_bytes=198
2026-09-26T01:46:56.260237Z DEBUG netbaiot_transports::business_rpc::v3: business RPC V3 writer completed frame stream_id=530 frame_type=Data payload_bytes=198
2026-09-26T01:46:56.260244Z DEBUG netbaiot_transports::business_rpc::v3: business RPC V3 selected frame stream_id=532 frame_type=Data payload_bytes=198
2026-09-26T01:46:56.260253Z DEBUG netbaiot_transports::business_rpc::v3: business RPC V3 writer completed frame stream_id=532 frame_type=Data payload_bytes=198
2026-09-26T01:46:56.318778Z DEBUG netbaiot_transports::business_rpc::v3: business RPC V3 body entered scheduler stream_id=534 class=Rpc body_bytes=198
2026-09-26T01:46:56.318800Z DEBUG netbaiot_transports::business_rpc::v3: business RPC V3 selected frame stream_id=534 frame_type=Open payload_bytes=158
2026-09-26T01:46:56.318813Z DEBUG netbaiot_transports::business_rpc::v3: business RPC V3 writer completed frame stream_id=534 frame_type=Open payload_bytes=158
2026-09-26T01:46:56.318818Z DEBUG netbaiot_transports::business_rpc::v3: business RPC V3 selected frame stream_id=534 frame_type=Data payload_bytes=198
2026-09-26T01:46:56.318822Z DEBUG netbaiot_transports::business_rpc::v3: business RPC V3 writer completed frame stream_id=534 frame_type=Data payload_bytes=198
2026-09-26T01:46:56.348667Z DEBUG netbaiot_transports::business_rpc::v3: business RPC V3 received frame stream_id=0 frame_type=WindowUpdate payload_bytes=4
2026-09-26T01:46:56.348694Z DEBUG netbaiot_transports::business_rpc::v3: business RPC V3 received frame stream_id=516 frame_type=WindowUpdate payload_bytes=4
2026-09-26T01:46:56.348703Z DEBUG netbaiot_transports::business_rpc::v3: business RPC V3 selected frame stream_id=516 frame_type=Data payload_bytes=982
2026-09-26T01:46:56.348714Z DEBUG netbaiot_transports::business_rpc::v3: business RPC V3 writer completed frame stream_id=516 frame_type=Data payload_bytes=982
2026-09-26T01:46:56.385014Z DEBUG netbaiot_transports::business_rpc::v3: business RPC V3 received frame stream_id=0 frame_type=WindowUpdate payload_bytes=4
2026-09-26T01:46:56.385057Z DEBUG netbaiot_transports::business_rpc::v3: business RPC V3 received frame stream_id=516 frame_type=WindowUpdate payload_bytes=4
2026-09-26T01:46:56.385066Z DEBUG netbaiot_transports::business_rpc::v3: business RPC V3 received frame stream_id=0 frame_type=WindowUpdate payload_bytes=4
2026-09-26T01:46:56.385072Z DEBUG netbaiot_transports::business_rpc::v3: business RPC V3 received frame stream_id=0 frame_type=WindowUpdate payload_bytes=4
2026-09-26T01:46:56.385077Z DEBUG netbaiot_transports::business_rpc::v3: business RPC V3 received frame stream_id=0 frame_type=WindowUpdate payload_bytes=4
2026-09-26T01:46:56.385083Z DEBUG netbaiot_transports::business_rpc::v3: business RPC V3 received frame stream_id=0 frame_type=WindowUpdate payload_bytes=4
2026-09-26T01:46:56.385088Z DEBUG netbaiot_transports::business_rpc::v3: business RPC V3 received frame stream_id=0 frame_type=WindowUpdate payload_bytes=4
2026-09-26T01:46:56.385092Z DEBUG netbaiot_transports::business_rpc::v3: business RPC V3 received frame stream_id=0 frame_type=WindowUpdate payload_bytes=4
2026-09-26T01:46:56.385097Z DEBUG netbaiot_transports::business_rpc::v3: business RPC V3 received frame stream_id=0 frame_type=WindowUpdate payload_bytes=4
2026-09-26T01:46:56.385102Z DEBUG netbaiot_transports::business_rpc::v3: business RPC V3 received frame stream_id=0 frame_type=WindowUpdate payload_bytes=4
2026-09-26T01:46:56.385107Z DEBUG netbaiot_transports::business_rpc::v3: business RPC V3 received frame stream_id=532 frame_type=Response payload_bytes=35
2026-09-26T01:46:56.385116Z DEBUG netbaiot_transports::business_rpc::v3: business RPC V3 received frame stream_id=532 frame_type=Data payload_bytes=216
2026-09-26T01:46:56.385143Z DEBUG netbaiot_transports::business_rpc::v3: business RPC V3 received frame stream_id=518 frame_type=Response payload_bytes=35
2026-09-26T01:46:56.385153Z DEBUG netbaiot_transports::business_rpc::v3: business RPC V3 received frame stream_id=518 frame_type=Data payload_bytes=216
2026-09-26T01:46:56.385158Z DEBUG netbaiot_transports::business_rpc::v3: business RPC V3 selected frame stream_id=0 frame_type=WindowUpdate payload_bytes=4
2026-09-26T01:46:56.385170Z DEBUG netbaiot_transports::business_rpc::v3: business RPC V3 received frame stream_id=520 frame_type=Response payload_bytes=35
2026-09-26T01:46:56.385182Z DEBUG netbaiot_transports::business_rpc::v3: business RPC V3 received frame stream_id=520 frame_type=Data payload_bytes=216
2026-09-26T01:46:56.385186Z DEBUG netbaiot_transports::business_rpc::v3: business RPC V3 writer completed frame stream_id=0 frame_type=WindowUpdate payload_bytes=4
2026-09-26T01:46:56.385196Z DEBUG netbaiot_transports::business_rpc::v3: business RPC V3 selected frame stream_id=0 frame_type=WindowUpdate payload_bytes=4
2026-09-26T01:46:56.385209Z DEBUG netbaiot_transports::business_rpc::v3: business RPC V3 writer completed frame stream_id=0 frame_type=WindowUpdate payload_bytes=4
2026-09-26T01:46:56.385216Z DEBUG netbaiot_transports::business_rpc::v3: business RPC V3 selected frame stream_id=0 frame_type=WindowUpdate payload_bytes=4
2026-09-26T01:46:56.385226Z DEBUG netbaiot_transports::business_rpc::v3: business RPC V3 writer completed frame stream_id=0 frame_type=WindowUpdate payload_bytes=4
2026-09-26T01:46:56.385196Z DEBUG netbaiot_transports::business_rpc::v3: business RPC V3 received frame stream_id=522 frame_type=Response payload_bytes=35
2026-09-26T01:46:56.385249Z DEBUG netbaiot_transports::business_rpc::v3: business RPC V3 received frame stream_id=522 frame_type=Data payload_bytes=216
2026-09-26T01:46:56.385266Z DEBUG netbaiot_transports::business_rpc::v3: business RPC V3 received frame stream_id=524 frame_type=Response payload_bytes=35
2026-09-26T01:46:56.385273Z DEBUG netbaiot_transports::business_rpc::v3: business RPC V3 received frame stream_id=524 frame_type=Data payload_bytes=216
2026-09-26T01:46:56.385277Z DEBUG netbaiot_transports::business_rpc::v3: business RPC V3 selected frame stream_id=0 frame_type=WindowUpdate payload_bytes=4
2026-09-26T01:46:56.385299Z DEBUG netbaiot_transports::business_rpc::v3: business RPC V3 writer completed frame stream_id=0 frame_type=WindowUpdate payload_bytes=4
2026-09-26T01:46:56.385307Z DEBUG netbaiot_transports::business_rpc::v3: business RPC V3 selected frame stream_id=0 frame_type=WindowUpdate payload_bytes=4
2026-09-26T01:46:56.385317Z DEBUG netbaiot_transports::business_rpc::v3: business RPC V3 writer completed frame stream_id=0 frame_type=WindowUpdate payload_bytes=4
2026-09-26T01:46:56.385318Z DEBUG netbaiot_transports::business_rpc::v3: business RPC V3 received frame stream_id=526 frame_type=Response payload_bytes=35
2026-09-26T01:46:56.385352Z DEBUG netbaiot_transports::business_rpc::v3: business RPC V3 received frame stream_id=526 frame_type=Data payload_bytes=216
2026-09-26T01:46:56.385370Z DEBUG netbaiot_transports::business_rpc::v3: business RPC V3 received frame stream_id=528 frame_type=Response payload_bytes=35
2026-09-26T01:46:56.385378Z DEBUG netbaiot_transports::business_rpc::v3: business RPC V3 received frame stream_id=528 frame_type=Data payload_bytes=216
2026-09-26T01:46:56.385390Z DEBUG netbaiot_transports::business_rpc::v3: business RPC V3 received frame stream_id=530 frame_type=Response payload_bytes=35
2026-09-26T01:46:56.385398Z DEBUG netbaiot_transports::business_rpc::v3: business RPC V3 received frame stream_id=530 frame_type=Data payload_bytes=216
2026-09-26T01:46:56.385397Z DEBUG netbaiot_transports::business_rpc::v3: business RPC V3 selected frame stream_id=0 frame_type=WindowUpdate payload_bytes=4
2026-09-26T01:46:56.385446Z DEBUG netbaiot_transports::business_rpc::v3: business RPC V3 writer completed frame stream_id=0 frame_type=WindowUpdate payload_bytes=4
2026-09-26T01:46:56.385454Z DEBUG netbaiot_transports::business_rpc::v3: business RPC V3 selected frame stream_id=0 frame_type=WindowUpdate payload_bytes=4
2026-09-26T01:46:56.385462Z DEBUG netbaiot_transports::business_rpc::v3: business RPC V3 writer completed frame stream_id=0 frame_type=WindowUpdate payload_bytes=4
2026-09-26T01:46:56.385468Z DEBUG netbaiot_transports::business_rpc::v3: business RPC V3 selected frame stream_id=0 frame_type=WindowUpdate payload_bytes=4
2026-09-26T01:46:56.385475Z DEBUG netbaiot_transports::business_rpc::v3: business RPC V3 writer completed frame stream_id=0 frame_type=WindowUpdate payload_bytes=4
2026-09-26T01:46:56.385686Z DEBUG netbaiot_transports::business_rpc::v3: business RPC V3 body entered scheduler stream_id=536 class=Rpc body_bytes=198
2026-09-26T01:46:56.385721Z DEBUG netbaiot_transports::business_rpc::v3: business RPC V3 selected frame stream_id=536 frame_type=Open payload_bytes=158
2026-09-26T01:46:56.385734Z DEBUG netbaiot_transports::business_rpc::v3: business RPC V3 writer completed frame stream_id=536 frame_type=Open payload_bytes=158
2026-09-26T01:46:56.385742Z DEBUG netbaiot_transports::business_rpc::v3: business RPC V3 selected frame stream_id=536 frame_type=Data payload_bytes=198
2026-09-26T01:46:56.385751Z DEBUG netbaiot_transports::business_rpc::v3: business RPC V3 writer completed frame stream_id=536 frame_type=Data payload_bytes=198
2026-09-26T01:46:56.385798Z DEBUG netbaiot_transports::business_rpc::v3: business RPC V3 body entered scheduler stream_id=538 class=Rpc body_bytes=198
2026-09-26T01:46:56.385811Z DEBUG netbaiot_transports::business_rpc::v3: business RPC V3 selected frame stream_id=538 frame_type=Open payload_bytes=158
2026-09-26T01:46:56.385820Z DEBUG netbaiot_transports::business_rpc::v3: business RPC V3 writer completed frame stream_id=538 frame_type=Open payload_bytes=158
2026-09-26T01:46:56.385826Z DEBUG netbaiot_transports::business_rpc::v3: business RPC V3 selected frame stream_id=538 frame_type=Data payload_bytes=198
2026-09-26T01:46:56.385837Z DEBUG netbaiot_transports::business_rpc::v3: business RPC V3 writer completed frame stream_id=538 frame_type=Data payload_bytes=198
2026-09-26T01:46:56.385849Z DEBUG netbaiot_transports::business_rpc::v3: business RPC V3 body entered scheduler stream_id=540 class=Rpc body_bytes=198
2026-09-26T01:46:56.385860Z DEBUG netbaiot_transports::business_rpc::v3: business RPC V3 selected frame stream_id=540 frame_type=Open payload_bytes=158
2026-09-26T01:46:56.385870Z DEBUG netbaiot_transports::business_rpc::v3: business RPC V3 writer completed frame stream_id=540 frame_type=Open payload_bytes=158
2026-09-26T01:46:56.385876Z DEBUG netbaiot_transports::business_rpc::v3: business RPC V3 selected frame stream_id=540 frame_type=Data payload_bytes=198
2026-09-26T01:46:56.385884Z DEBUG netbaiot_transports::business_rpc::v3: business RPC V3 writer completed frame stream_id=540 frame_type=Data payload_bytes=198
2026-09-26T01:46:56.385889Z DEBUG netbaiot_transports::business_rpc::v3: business RPC V3 body entered scheduler stream_id=542 class=Rpc body_bytes=198
2026-09-26T01:46:56.385894Z DEBUG netbaiot_transports::business_rpc::v3: business RPC V3 selected frame stream_id=542 frame_type=Open payload_bytes=158
2026-09-26T01:46:56.385902Z DEBUG netbaiot_transports::business_rpc::v3: business RPC V3 writer completed frame stream_id=542 frame_type=Open payload_bytes=158
2026-09-26T01:46:56.385908Z DEBUG netbaiot_transports::business_rpc::v3: business RPC V3 selected frame stream_id=542 frame_type=Data payload_bytes=198
2026-09-26T01:46:56.385915Z DEBUG netbaiot_transports::business_rpc::v3: business RPC V3 writer completed frame stream_id=542 frame_type=Data payload_bytes=198
2026-09-26T01:46:56.385931Z DEBUG netbaiot_transports::business_rpc::v3: business RPC V3 body entered scheduler stream_id=544 class=Rpc body_bytes=198
2026-09-26T01:46:56.385941Z DEBUG netbaiot_transports::business_rpc::v3: business RPC V3 selected frame stream_id=544 frame_type=Open payload_bytes=158
2026-09-26T01:46:56.385950Z DEBUG netbaiot_transports::business_rpc::v3: business RPC V3 writer completed frame stream_id=544 frame_type=Open payload_bytes=158
2026-09-26T01:46:56.385956Z DEBUG netbaiot_transports::business_rpc::v3: business RPC V3 selected frame stream_id=544 frame_type=Data payload_bytes=198
2026-09-26T01:46:56.385964Z DEBUG netbaiot_transports::business_rpc::v3: business RPC V3 writer completed frame stream_id=544 frame_type=Data payload_bytes=198
2026-09-26T01:46:56.385970Z DEBUG netbaiot_transports::business_rpc::v3: business RPC V3 body entered scheduler stream_id=546 class=Rpc body_bytes=198
2026-09-26T01:46:56.385976Z DEBUG netbaiot_transports::business_rpc::v3: business RPC V3 selected frame stream_id=546 frame_type=Open payload_bytes=158
2026-09-26T01:46:56.385983Z DEBUG netbaiot_transports::business_rpc::v3: business RPC V3 writer completed frame stream_id=546 frame_type=Open payload_bytes=158
2026-09-26T01:46:56.385988Z DEBUG netbaiot_transports::business_rpc::v3: business RPC V3 selected frame stream_id=546 frame_type=Data payload_bytes=198
2026-09-26T01:46:56.385996Z DEBUG netbaiot_transports::business_rpc::v3: business RPC V3 writer completed frame stream_id=546 frame_type=Data payload_bytes=198
2026-09-26T01:46:56.386008Z DEBUG netbaiot_transports::business_rpc::v3: business RPC V3 body entered scheduler stream_id=548 class=Rpc body_bytes=198
2026-09-26T01:46:56.386018Z DEBUG netbaiot_transports::business_rpc::v3: business RPC V3 selected frame stream_id=548 frame_type=Open payload_bytes=158
2026-09-26T01:46:56.386034Z DEBUG netbaiot_transports::business_rpc::v3: business RPC V3 writer completed frame stream_id=548 frame_type=Open payload_bytes=158
2026-09-26T01:46:56.386041Z DEBUG netbaiot_transports::business_rpc::v3: business RPC V3 selected frame stream_id=548 frame_type=Data payload_bytes=198
2026-09-26T01:46:56.386049Z DEBUG netbaiot_transports::business_rpc::v3: business RPC V3 writer completed frame stream_id=548 frame_type=Data payload_bytes=198
2026-09-26T01:46:56.386054Z DEBUG netbaiot_transports::business_rpc::v3: business RPC V3 body entered scheduler stream_id=550 class=Rpc body_bytes=198
2026-09-26T01:46:56.386060Z DEBUG netbaiot_transports::business_rpc::v3: business RPC V3 selected frame stream_id=550 frame_type=Open payload_bytes=158
2026-09-26T01:46:56.386066Z DEBUG netbaiot_transports::business_rpc::v3: business RPC V3 writer completed frame stream_id=550 frame_type=Open payload_bytes=158
2026-09-26T01:46:56.386072Z DEBUG netbaiot_transports::business_rpc::v3: business RPC V3 selected frame stream_id=550 frame_type=Data payload_bytes=198
2026-09-26T01:46:56.386079Z DEBUG netbaiot_transports::business_rpc::v3: business RPC V3 writer completed frame stream_id=550 frame_type=Data payload_bytes=198
2026-09-26T01:46:56.389867Z DEBUG netbaiot_transports::business_rpc::v3: business RPC V3 body entered scheduler stream_id=552 class=Rpc body_bytes=198
2026-09-26T01:46:56.389899Z DEBUG netbaiot_transports::business_rpc::v3: business RPC V3 selected frame stream_id=552 frame_type=Open payload_bytes=158
2026-09-26T01:46:56.389915Z DEBUG netbaiot_transports::business_rpc::v3: business RPC V3 writer completed frame stream_id=552 frame_type=Open payload_bytes=158
2026-09-26T01:46:56.389923Z DEBUG netbaiot_transports::business_rpc::v3: business RPC V3 selected frame stream_id=552 frame_type=Data payload_bytes=198
2026-09-26T01:46:56.389932Z DEBUG netbaiot_transports::business_rpc::v3: business RPC V3 writer completed frame stream_id=552 frame_type=Data payload_bytes=198
2026-09-26T01:46:56.410396Z DEBUG netbaiot_transports::business_rpc::v3: business RPC V3 body entered scheduler stream_id=554 class=Rpc body_bytes=198
2026-09-26T01:46:56.410422Z DEBUG netbaiot_transports::business_rpc::v3: business RPC V3 selected frame stream_id=554 frame_type=Open payload_bytes=158
2026-09-26T01:46:56.410437Z DEBUG netbaiot_transports::business_rpc::v3: business RPC V3 writer completed frame stream_id=554 frame_type=Open payload_bytes=158
2026-09-26T01:46:56.410444Z DEBUG netbaiot_transports::business_rpc::v3: business RPC V3 selected frame stream_id=554 frame_type=Data payload_bytes=198
2026-09-26T01:46:56.410452Z DEBUG netbaiot_transports::business_rpc::v3: business RPC V3 writer completed frame stream_id=554 frame_type=Data payload_bytes=198
2026-09-26T01:46:56.411430Z DEBUG netbaiot_transports::business_rpc::v3: business RPC V3 received frame stream_id=0 frame_type=WindowUpdate payload_bytes=4
2026-09-26T01:46:56.411463Z DEBUG netbaiot_transports::business_rpc::v3: business RPC V3 received frame stream_id=534 frame_type=Response payload_bytes=35
2026-09-26T01:46:56.411473Z DEBUG netbaiot_transports::business_rpc::v3: business RPC V3 received frame stream_id=534 frame_type=Data payload_bytes=216
2026-09-26T01:46:56.411511Z DEBUG netbaiot_transports::business_rpc::v3: business RPC V3 selected frame stream_id=0 frame_type=WindowUpdate payload_bytes=4
2026-09-26T01:46:56.411529Z DEBUG netbaiot_transports::business_rpc::v3: business RPC V3 writer completed frame stream_id=0 frame_type=WindowUpdate payload_bytes=4
2026-09-26T01:46:56.411862Z DEBUG netbaiot_transports::business_rpc::v3: business RPC V3 body entered scheduler stream_id=556 class=Rpc body_bytes=198
2026-09-26T01:46:56.411880Z DEBUG netbaiot_transports::business_rpc::v3: business RPC V3 selected frame stream_id=556 frame_type=Open payload_bytes=158
2026-09-26T01:46:56.411892Z DEBUG netbaiot_transports::business_rpc::v3: business RPC V3 writer completed frame stream_id=556 frame_type=Open payload_bytes=158
2026-09-26T01:46:56.411899Z DEBUG netbaiot_transports::business_rpc::v3: business RPC V3 selected frame stream_id=556 frame_type=Data payload_bytes=198
2026-09-26T01:46:56.411907Z DEBUG netbaiot_transports::business_rpc::v3: business RPC V3 writer completed frame stream_id=556 frame_type=Data payload_bytes=198
2026-09-26T01:46:56.438774Z DEBUG netbaiot_transports::business_rpc::v3: business RPC V3 received frame stream_id=0 frame_type=WindowUpdate payload_bytes=4
2026-09-26T01:46:56.438802Z DEBUG netbaiot_transports::business_rpc::v3: business RPC V3 received frame stream_id=516 frame_type=Response payload_bytes=35
2026-09-26T01:46:56.438814Z DEBUG netbaiot_transports::business_rpc::v3: business RPC V3 received frame stream_id=516 frame_type=Data payload_bytes=118
2026-09-26T01:46:56.438826Z DEBUG netbaiot_transports::business_rpc::v3: business RPC V3 Event delivery acknowledged stream_id=516 completion_us=259658
2026-09-26T01:46:56.438846Z DEBUG netbaiot_transports::business_rpc::v3: business RPC V3 selected frame stream_id=0 frame_type=WindowUpdate payload_bytes=4
2026-09-26T01:46:56.438867Z DEBUG netbaiot_transports::business_rpc::v3: business RPC V3 writer completed frame stream_id=0 frame_type=WindowUpdate payload_bytes=4
2026-09-26T01:46:56.476138Z DEBUG netbaiot_transports::business_rpc::v3: business RPC V3 received frame stream_id=0 frame_type=WindowUpdate payload_bytes=4
2026-09-26T01:46:56.476188Z DEBUG netbaiot_transports::business_rpc::v3: business RPC V3 received frame stream_id=0 frame_type=WindowUpdate payload_bytes=4
2026-09-26T01:46:56.476193Z DEBUG netbaiot_transports::business_rpc::v3: business RPC V3 received frame stream_id=0 frame_type=WindowUpdate payload_bytes=4
2026-09-26T01:46:56.476197Z DEBUG netbaiot_transports::business_rpc::v3: business RPC V3 received frame stream_id=0 frame_type=WindowUpdate payload_bytes=4
2026-09-26T01:46:56.476200Z DEBUG netbaiot_transports::business_rpc::v3: business RPC V3 received frame stream_id=0 frame_type=WindowUpdate payload_bytes=4
2026-09-26T01:46:56.476203Z DEBUG netbaiot_transports::business_rpc::v3: business RPC V3 received frame stream_id=0 frame_type=WindowUpdate payload_bytes=4
2026-09-26T01:46:56.476206Z DEBUG netbaiot_transports::business_rpc::v3: business RPC V3 received frame stream_id=0 frame_type=WindowUpdate payload_bytes=4
2026-09-26T01:46:56.476208Z DEBUG netbaiot_transports::business_rpc::v3: business RPC V3 received frame stream_id=0 frame_type=WindowUpdate payload_bytes=4
2026-09-26T01:46:56.476211Z DEBUG netbaiot_transports::business_rpc::v3: business RPC V3 received frame stream_id=0 frame_type=WindowUpdate payload_bytes=4
2026-09-26T01:46:56.476213Z DEBUG netbaiot_transports::business_rpc::v3: business RPC V3 received frame stream_id=552 frame_type=Response payload_bytes=35
2026-09-26T01:46:56.476218Z DEBUG netbaiot_transports::business_rpc::v3: business RPC V3 received frame stream_id=540 frame_type=Response payload_bytes=35
2026-09-26T01:46:56.476221Z DEBUG netbaiot_transports::business_rpc::v3: business RPC V3 received frame stream_id=548 frame_type=Response payload_bytes=35
2026-09-26T01:46:56.476224Z DEBUG netbaiot_transports::business_rpc::v3: business RPC V3 received frame stream_id=552 frame_type=Data payload_bytes=216
2026-09-26T01:46:56.476250Z DEBUG netbaiot_transports::business_rpc::v3: business RPC V3 received frame stream_id=540 frame_type=Data payload_bytes=216
2026-09-26T01:46:56.476259Z DEBUG netbaiot_transports::business_rpc::v3: business RPC V3 received frame stream_id=548 frame_type=Data payload_bytes=216
2026-09-26T01:46:56.476265Z DEBUG netbaiot_transports::business_rpc::v3: business RPC V3 received frame stream_id=546 frame_type=Response payload_bytes=35
2026-09-26T01:46:56.476264Z DEBUG netbaiot_transports::business_rpc::v3: business RPC V3 selected frame stream_id=0 frame_type=WindowUpdate payload_bytes=4
2026-09-26T01:46:56.476286Z DEBUG netbaiot_transports::business_rpc::v3: business RPC V3 writer completed frame stream_id=0 frame_type=WindowUpdate payload_bytes=4
2026-09-26T01:46:56.476292Z DEBUG netbaiot_transports::business_rpc::v3: business RPC V3 selected frame stream_id=0 frame_type=WindowUpdate payload_bytes=4
2026-09-26T01:46:56.476296Z DEBUG netbaiot_transports::business_rpc::v3: business RPC V3 writer completed frame stream_id=0 frame_type=WindowUpdate payload_bytes=4
2026-09-26T01:46:56.476269Z DEBUG netbaiot_transports::business_rpc::v3: business RPC V3 received frame stream_id=536 frame_type=Response payload_bytes=35
2026-09-26T01:46:56.476317Z DEBUG netbaiot_transports::business_rpc::v3: business RPC V3 selected frame stream_id=0 frame_type=WindowUpdate payload_bytes=4
2026-09-26T01:46:56.476347Z DEBUG netbaiot_transports::business_rpc::v3: business RPC V3 received frame stream_id=550 frame_type=Response payload_bytes=35
2026-09-26T01:46:56.476376Z DEBUG netbaiot_transports::business_rpc::v3: business RPC V3 received frame stream_id=544 frame_type=Response payload_bytes=35
2026-09-26T01:46:56.476384Z DEBUG netbaiot_transports::business_rpc::v3: business RPC V3 received frame stream_id=546 frame_type=Data payload_bytes=216
2026-09-26T01:46:56.476362Z DEBUG netbaiot_transports::business_rpc::v3: business RPC V3 writer completed frame stream_id=0 frame_type=WindowUpdate payload_bytes=4
2026-09-26T01:46:56.476412Z DEBUG netbaiot_transports::business_rpc::v3: business RPC V3 received frame stream_id=542 frame_type=Response payload_bytes=35
2026-09-26T01:46:56.476421Z DEBUG netbaiot_transports::business_rpc::v3: business RPC V3 received frame stream_id=538 frame_type=Response payload_bytes=35
2026-09-26T01:46:56.476411Z DEBUG netbaiot_transports::business_rpc::v3: business RPC V3 selected frame stream_id=0 frame_type=WindowUpdate payload_bytes=4
2026-09-26T01:46:56.476427Z DEBUG netbaiot_transports::business_rpc::v3: business RPC V3 received frame stream_id=536 frame_type=Data payload_bytes=216
2026-09-26T01:46:56.476468Z DEBUG netbaiot_transports::business_rpc::v3: business RPC V3 received frame stream_id=550 frame_type=Data payload_bytes=216
2026-09-26T01:46:56.476447Z DEBUG netbaiot_transports::business_rpc::v3: business RPC V3 writer completed frame stream_id=0 frame_type=WindowUpdate payload_bytes=4
2026-09-26T01:46:56.476493Z DEBUG netbaiot_transports::business_rpc::v3: business RPC V3 selected frame stream_id=0 frame_type=WindowUpdate payload_bytes=4
2026-09-26T01:46:56.476498Z DEBUG netbaiot_transports::business_rpc::v3: business RPC V3 writer completed frame stream_id=0 frame_type=WindowUpdate payload_bytes=4
2026-09-26T01:46:56.476501Z DEBUG netbaiot_transports::business_rpc::v3: business RPC V3 selected frame stream_id=0 frame_type=WindowUpdate payload_bytes=4
2026-09-26T01:46:56.476505Z DEBUG netbaiot_transports::business_rpc::v3: business RPC V3 writer completed frame stream_id=0 frame_type=WindowUpdate payload_bytes=4
2026-09-26T01:46:56.476487Z DEBUG netbaiot_transports::business_rpc::v3: business RPC V3 received frame stream_id=544 frame_type=Data payload_bytes=216
2026-09-26T01:46:56.476549Z DEBUG netbaiot_transports::business_rpc::v3: business RPC V3 received frame stream_id=542 frame_type=Data payload_bytes=216
2026-09-26T01:46:56.476556Z DEBUG netbaiot_transports::business_rpc::v3: business RPC V3 received frame stream_id=538 frame_type=Data payload_bytes=216
2026-09-26T01:46:56.476587Z DEBUG netbaiot_transports::business_rpc::v3: business RPC V3 selected frame stream_id=0 frame_type=WindowUpdate payload_bytes=4
2026-09-26T01:46:56.476594Z DEBUG netbaiot_transports::business_rpc::v3: business RPC V3 writer completed frame stream_id=0 frame_type=WindowUpdate payload_bytes=4
2026-09-26T01:46:56.476597Z DEBUG netbaiot_transports::business_rpc::v3: business RPC V3 selected frame stream_id=0 frame_type=WindowUpdate payload_bytes=4
2026-09-26T01:46:56.476600Z DEBUG netbaiot_transports::business_rpc::v3: business RPC V3 writer completed frame stream_id=0 frame_type=WindowUpdate payload_bytes=4
2026-09-26T01:46:56.476604Z DEBUG netbaiot_transports::business_rpc::v3: business RPC V3 selected frame stream_id=0 frame_type=WindowUpdate payload_bytes=4
2026-09-26T01:46:56.476619Z DEBUG netbaiot_transports::business_rpc::v3: business RPC V3 writer completed frame stream_id=0 frame_type=WindowUpdate payload_bytes=4
2026-09-26T01:46:56.476996Z DEBUG netbaiot_transports::business_rpc::v3: business RPC V3 body entered scheduler stream_id=558 class=Rpc body_bytes=198
2026-09-26T01:46:56.477028Z DEBUG netbaiot_transports::business_rpc::v3: business RPC V3 selected frame stream_id=558 frame_type=Open payload_bytes=158
2026-09-26T01:46:56.477045Z DEBUG netbaiot_transports::business_rpc::v3: business RPC V3 writer completed frame stream_id=558 frame_type=Open payload_bytes=158
2026-09-26T01:46:56.477054Z DEBUG netbaiot_transports::business_rpc::v3: business RPC V3 selected frame stream_id=558 frame_type=Data payload_bytes=198
2026-09-26T01:46:56.477064Z DEBUG netbaiot_transports::business_rpc::v3: business RPC V3 writer completed frame stream_id=558 frame_type=Data payload_bytes=198
2026-09-26T01:46:56.477109Z DEBUG netbaiot_transports::business_rpc::v3: business RPC V3 body entered scheduler stream_id=560 class=Rpc body_bytes=198
2026-09-26T01:46:56.477119Z DEBUG netbaiot_transports::business_rpc::v3: business RPC V3 body entered scheduler stream_id=562 class=Rpc body_bytes=198
2026-09-26T01:46:56.477134Z DEBUG netbaiot_transports::business_rpc::v3: business RPC V3 selected frame stream_id=560 frame_type=Open payload_bytes=158
2026-09-26T01:46:56.477139Z DEBUG netbaiot_transports::business_rpc::v3: business RPC V3 writer completed frame stream_id=560 frame_type=Open payload_bytes=158
2026-09-26T01:46:56.477141Z DEBUG netbaiot_transports::business_rpc::v3: business RPC V3 selected frame stream_id=562 frame_type=Open payload_bytes=158
2026-09-26T01:46:56.477145Z DEBUG netbaiot_transports::business_rpc::v3: business RPC V3 writer completed frame stream_id=562 frame_type=Open payload_bytes=158
2026-09-26T01:46:56.477147Z DEBUG netbaiot_transports::business_rpc::v3: business RPC V3 selected frame stream_id=560 frame_type=Data payload_bytes=198
2026-09-26T01:46:56.477150Z DEBUG netbaiot_transports::business_rpc::v3: business RPC V3 writer completed frame stream_id=560 frame_type=Data payload_bytes=198
2026-09-26T01:46:56.477183Z DEBUG netbaiot_transports::business_rpc::v3: business RPC V3 selected frame stream_id=562 frame_type=Data payload_bytes=198
2026-09-26T01:46:56.477198Z DEBUG netbaiot_transports::business_rpc::v3: business RPC V3 writer completed frame stream_id=562 frame_type=Data payload_bytes=198
2026-09-26T01:46:56.505711Z DEBUG netbaiot_transports::business_rpc::v3: business RPC V3 received frame stream_id=0 frame_type=WindowUpdate payload_bytes=4
2026-09-26T01:46:56.505753Z DEBUG netbaiot_transports::business_rpc::v3: business RPC V3 received frame stream_id=0 frame_type=WindowUpdate payload_bytes=4
2026-09-26T01:46:56.505762Z DEBUG netbaiot_transports::business_rpc::v3: business RPC V3 received frame stream_id=556 frame_type=Response payload_bytes=35
2026-09-26T01:46:56.505772Z DEBUG netbaiot_transports::business_rpc::v3: business RPC V3 received frame stream_id=556 frame_type=Data payload_bytes=216
2026-09-26T01:46:56.505803Z DEBUG netbaiot_transports::business_rpc::v3: business RPC V3 received frame stream_id=554 frame_type=Response payload_bytes=35
2026-09-26T01:46:56.505813Z DEBUG netbaiot_transports::business_rpc::v3: business RPC V3 received frame stream_id=554 frame_type=Data payload_bytes=216
2026-09-26T01:46:56.505813Z DEBUG netbaiot_transports::business_rpc::v3: business RPC V3 selected frame stream_id=0 frame_type=WindowUpdate payload_bytes=4
2026-09-26T01:46:56.505865Z DEBUG netbaiot_transports::business_rpc::v3: business RPC V3 writer completed frame stream_id=0 frame_type=WindowUpdate payload_bytes=4
2026-09-26T01:46:56.505875Z DEBUG netbaiot_transports::business_rpc::v3: business RPC V3 selected frame stream_id=0 frame_type=WindowUpdate payload_bytes=4
2026-09-26T01:46:56.505885Z DEBUG netbaiot_transports::business_rpc::v3: business RPC V3 writer completed frame stream_id=0 frame_type=WindowUpdate payload_bytes=4
2026-09-26T01:46:56.579269Z DEBUG netbaiot_transports::business_rpc::v3: business RPC V3 received frame stream_id=0 frame_type=WindowUpdate payload_bytes=4
2026-09-26T01:46:56.579300Z DEBUG netbaiot_transports::business_rpc::v3: business RPC V3 received frame stream_id=0 frame_type=WindowUpdate payload_bytes=4
2026-09-26T01:46:56.579308Z DEBUG netbaiot_transports::business_rpc::v3: business RPC V3 received frame stream_id=0 frame_type=WindowUpdate payload_bytes=4
2026-09-26T01:46:56.579315Z DEBUG netbaiot_transports::business_rpc::v3: business RPC V3 received frame stream_id=562 frame_type=Response payload_bytes=35
2026-09-26T01:46:56.579324Z DEBUG netbaiot_transports::business_rpc::v3: business RPC V3 received frame stream_id=562 frame_type=Data payload_bytes=216
2026-09-26T01:46:56.579352Z DEBUG netbaiot_transports::business_rpc::v3: business RPC V3 received frame stream_id=560 frame_type=Response payload_bytes=35
2026-09-26T01:46:56.579360Z DEBUG netbaiot_transports::business_rpc::v3: business RPC V3 received frame stream_id=558 frame_type=Response payload_bytes=35
2026-09-26T01:46:56.579361Z DEBUG netbaiot_transports::business_rpc::v3: business RPC V3 selected frame stream_id=0 frame_type=WindowUpdate payload_bytes=4
2026-09-26T01:46:56.579368Z DEBUG netbaiot_transports::business_rpc::v3: business RPC V3 received frame stream_id=560 frame_type=Data payload_bytes=216
2026-09-26T01:46:56.579391Z DEBUG netbaiot_transports::business_rpc::v3: business RPC V3 writer completed frame stream_id=0 frame_type=WindowUpdate payload_bytes=4
2026-09-26T01:46:56.579404Z DEBUG netbaiot_transports::business_rpc::v3: business RPC V3 selected frame stream_id=0 frame_type=WindowUpdate payload_bytes=4
2026-09-26T01:46:56.579409Z DEBUG netbaiot_transports::business_rpc::v3: business RPC V3 received frame stream_id=558 frame_type=Data payload_bytes=216
2026-09-26T01:46:56.579413Z DEBUG netbaiot_transports::business_rpc::v3: business RPC V3 writer completed frame stream_id=0 frame_type=WindowUpdate payload_bytes=4
2026-09-26T01:46:56.579440Z DEBUG netbaiot_transports::business_rpc::v3: business RPC V3 selected frame stream_id=0 frame_type=WindowUpdate payload_bytes=4
2026-09-26T01:46:56.579452Z DEBUG netbaiot_transports::business_rpc::v3: business RPC V3 writer completed frame stream_id=0 frame_type=WindowUpdate payload_bytes=4
2026-09-26T01:46:56.679268Z DEBUG netbaiot_transports::business_rpc::v3: business RPC V3 body entered scheduler stream_id=564 class=Event body_bytes=17366
2026-09-26T01:46:56.679303Z DEBUG netbaiot_transports::business_rpc::v3: business RPC V3 selected frame stream_id=564 frame_type=Open payload_bytes=184
2026-09-26T01:46:56.679318Z DEBUG netbaiot_transports::business_rpc::v3: business RPC V3 writer completed frame stream_id=564 frame_type=Open payload_bytes=184
2026-09-26T01:46:56.679327Z DEBUG netbaiot_transports::business_rpc::v3: business RPC V3 selected frame stream_id=564 frame_type=Data payload_bytes=8192
2026-09-26T01:46:56.679339Z DEBUG netbaiot_transports::business_rpc::v3: business RPC V3 writer completed frame stream_id=564 frame_type=Data payload_bytes=8192
2026-09-26T01:46:56.679346Z DEBUG netbaiot_transports::business_rpc::v3: business RPC V3 selected frame stream_id=564 frame_type=Data payload_bytes=8192
2026-09-26T01:46:56.679360Z DEBUG netbaiot_transports::business_rpc::v3: business RPC V3 writer completed frame stream_id=564 frame_type=Data payload_bytes=8192
2026-09-26T01:46:56.824023Z DEBUG netbaiot_transports::business_rpc::v3: business RPC V3 received frame stream_id=0 frame_type=WindowUpdate payload_bytes=4
2026-09-26T01:46:56.824072Z DEBUG netbaiot_transports::business_rpc::v3: business RPC V3 received frame stream_id=564 frame_type=WindowUpdate payload_bytes=4
2026-09-26T01:46:56.824088Z DEBUG netbaiot_transports::business_rpc::v3: business RPC V3 selected frame stream_id=564 frame_type=Data payload_bytes=982
2026-09-26T01:46:56.824107Z DEBUG netbaiot_transports::business_rpc::v3: business RPC V3 writer completed frame stream_id=564 frame_type=Data payload_bytes=982
2026-09-26T01:46:56.851399Z DEBUG netbaiot_transports::business_rpc::v3: business RPC V3 received frame stream_id=0 frame_type=WindowUpdate payload_bytes=4
2026-09-26T01:46:56.851436Z DEBUG netbaiot_transports::business_rpc::v3: business RPC V3 received frame stream_id=564 frame_type=WindowUpdate payload_bytes=4
2026-09-26T01:46:56.937006Z DEBUG netbaiot_transports::business_rpc::v3: business RPC V3 received frame stream_id=0 frame_type=WindowUpdate payload_bytes=4
2026-09-26T01:46:56.937046Z DEBUG netbaiot_transports::business_rpc::v3: business RPC V3 received frame stream_id=564 frame_type=Response payload_bytes=35
2026-09-26T01:46:56.937058Z DEBUG netbaiot_transports::business_rpc::v3: business RPC V3 received frame stream_id=564 frame_type=Data payload_bytes=118
2026-09-26T01:46:56.937068Z DEBUG netbaiot_transports::business_rpc::v3: business RPC V3 Event delivery acknowledged stream_id=564 completion_us=257810
2026-09-26T01:46:56.937087Z DEBUG netbaiot_transports::business_rpc::v3: business RPC V3 selected frame stream_id=0 frame_type=WindowUpdate payload_bytes=4
2026-09-26T01:46:56.937109Z DEBUG netbaiot_transports::business_rpc::v3: business RPC V3 writer completed frame stream_id=0 frame_type=WindowUpdate payload_bytes=4
2026-09-26T01:46:57.103838Z DEBUG netbaiot_transports::business_rpc::v3: business RPC V3 body entered scheduler stream_id=566 class=Rpc body_bytes=198
2026-09-26T01:46:57.103873Z DEBUG netbaiot_transports::business_rpc::v3: business RPC V3 selected frame stream_id=566 frame_type=Open payload_bytes=158
2026-09-26T01:46:57.103894Z DEBUG netbaiot_transports::business_rpc::v3: business RPC V3 writer completed frame stream_id=566 frame_type=Open payload_bytes=158
2026-09-26T01:46:57.103904Z DEBUG netbaiot_transports::business_rpc::v3: business RPC V3 selected frame stream_id=566 frame_type=Data payload_bytes=198
2026-09-26T01:46:57.103915Z DEBUG netbaiot_transports::business_rpc::v3: business RPC V3 writer completed frame stream_id=566 frame_type=Data payload_bytes=198
2026-09-26T01:46:57.127209Z DEBUG netbaiot_transports::business_rpc::v3: business RPC V3 body entered scheduler stream_id=568 class=Rpc body_bytes=198
2026-09-26T01:46:57.127228Z DEBUG netbaiot_transports::business_rpc::v3: business RPC V3 selected frame stream_id=568 frame_type=Open payload_bytes=158
2026-09-26T01:46:57.127238Z DEBUG netbaiot_transports::business_rpc::v3: business RPC V3 writer completed frame stream_id=568 frame_type=Open payload_bytes=158
2026-09-26T01:46:57.127243Z DEBUG netbaiot_transports::business_rpc::v3: business RPC V3 selected frame stream_id=568 frame_type=Data payload_bytes=198
2026-09-26T01:46:57.127247Z DEBUG netbaiot_transports::business_rpc::v3: business RPC V3 writer completed frame stream_id=568 frame_type=Data payload_bytes=198
2026-09-26T01:46:57.135062Z DEBUG netbaiot_transports::business_rpc::v3: business RPC V3 body entered scheduler stream_id=570 class=Rpc body_bytes=198
2026-09-26T01:46:57.135095Z DEBUG netbaiot_transports::business_rpc::v3: business RPC V3 selected frame stream_id=570 frame_type=Open payload_bytes=158
2026-09-26T01:46:57.135113Z DEBUG netbaiot_transports::business_rpc::v3: business RPC V3 writer completed frame stream_id=570 frame_type=Open payload_bytes=158
2026-09-26T01:46:57.135130Z DEBUG netbaiot_transports::business_rpc::v3: business RPC V3 selected frame stream_id=570 frame_type=Data payload_bytes=198
2026-09-26T01:46:57.135158Z DEBUG netbaiot_transports::business_rpc::v3: business RPC V3 writer completed frame stream_id=570 frame_type=Data payload_bytes=198
2026-09-26T01:46:57.180726Z DEBUG netbaiot_transports::business_rpc::v3: business RPC V3 body entered scheduler stream_id=572 class=Event body_bytes=17366
2026-09-26T01:46:57.180744Z DEBUG netbaiot_transports::business_rpc::v3: business RPC V3 selected frame stream_id=572 frame_type=Open payload_bytes=184
2026-09-26T01:46:57.180753Z DEBUG netbaiot_transports::business_rpc::v3: business RPC V3 writer completed frame stream_id=572 frame_type=Open payload_bytes=184
2026-09-26T01:46:57.180757Z DEBUG netbaiot_transports::business_rpc::v3: business RPC V3 selected frame stream_id=572 frame_type=Data payload_bytes=8192
2026-09-26T01:46:57.180762Z DEBUG netbaiot_transports::business_rpc::v3: business RPC V3 writer completed frame stream_id=572 frame_type=Data payload_bytes=8192
2026-09-26T01:46:57.180764Z DEBUG netbaiot_transports::business_rpc::v3: business RPC V3 selected frame stream_id=572 frame_type=Data payload_bytes=8192
2026-09-26T01:46:57.180771Z DEBUG netbaiot_transports::business_rpc::v3: business RPC V3 writer completed frame stream_id=572 frame_type=Data payload_bytes=8192
2026-09-26T01:46:57.214970Z DEBUG netbaiot_transports::business_rpc::v3: business RPC V3 received frame stream_id=0 frame_type=WindowUpdate payload_bytes=4
2026-09-26T01:46:57.215015Z DEBUG netbaiot_transports::business_rpc::v3: business RPC V3 received frame stream_id=0 frame_type=WindowUpdate payload_bytes=4
2026-09-26T01:46:57.215022Z DEBUG netbaiot_transports::business_rpc::v3: business RPC V3 received frame stream_id=568 frame_type=Response payload_bytes=35
2026-09-26T01:46:57.215030Z DEBUG netbaiot_transports::business_rpc::v3: business RPC V3 received frame stream_id=568 frame_type=Data payload_bytes=216
2026-09-26T01:46:57.215067Z DEBUG netbaiot_transports::business_rpc::v3: business RPC V3 received frame stream_id=566 frame_type=Response payload_bytes=35
2026-09-26T01:46:57.215078Z DEBUG netbaiot_transports::business_rpc::v3: business RPC V3 selected frame stream_id=0 frame_type=WindowUpdate payload_bytes=4
2026-09-26T01:46:57.215095Z DEBUG netbaiot_transports::business_rpc::v3: business RPC V3 received frame stream_id=566 frame_type=Data payload_bytes=216
2026-09-26T01:46:57.215132Z DEBUG netbaiot_transports::business_rpc::v3: business RPC V3 writer completed frame stream_id=0 frame_type=WindowUpdate payload_bytes=4
2026-09-26T01:46:57.215146Z DEBUG netbaiot_transports::business_rpc::v3: business RPC V3 selected frame stream_id=0 frame_type=WindowUpdate payload_bytes=4
2026-09-26T01:46:57.215157Z DEBUG netbaiot_transports::business_rpc::v3: business RPC V3 writer completed frame stream_id=0 frame_type=WindowUpdate payload_bytes=4
2026-09-26T01:46:57.215576Z DEBUG netbaiot_transports::business_rpc::v3: business RPC V3 body entered scheduler stream_id=574 class=Rpc body_bytes=198
2026-09-26T01:46:57.215594Z DEBUG netbaiot_transports::business_rpc::v3: business RPC V3 selected frame stream_id=574 frame_type=Open payload_bytes=158
2026-09-26T01:46:57.215603Z DEBUG netbaiot_transports::business_rpc::v3: business RPC V3 writer completed frame stream_id=574 frame_type=Open payload_bytes=158
2026-09-26T01:46:57.215607Z DEBUG netbaiot_transports::business_rpc::v3: business RPC V3 selected frame stream_id=574 frame_type=Data payload_bytes=198
2026-09-26T01:46:57.215612Z DEBUG netbaiot_transports::business_rpc::v3: business RPC V3 writer completed frame stream_id=574 frame_type=Data payload_bytes=198
2026-09-26T01:46:57.215629Z DEBUG netbaiot_transports::business_rpc::v3: business RPC V3 body entered scheduler stream_id=576 class=Rpc body_bytes=198
2026-09-26T01:46:57.215633Z DEBUG netbaiot_transports::business_rpc::v3: business RPC V3 selected frame stream_id=576 frame_type=Open payload_bytes=158
2026-09-26T01:46:57.215637Z DEBUG netbaiot_transports::business_rpc::v3: business RPC V3 writer completed frame stream_id=576 frame_type=Open payload_bytes=158
2026-09-26T01:46:57.215640Z DEBUG netbaiot_transports::business_rpc::v3: business RPC V3 selected frame stream_id=576 frame_type=Data payload_bytes=198
2026-09-26T01:46:57.215644Z DEBUG netbaiot_transports::business_rpc::v3: business RPC V3 writer completed frame stream_id=576 frame_type=Data payload_bytes=198
2026-09-26T01:46:57.241646Z DEBUG netbaiot_transports::business_rpc::v3: business RPC V3 received frame stream_id=0 frame_type=WindowUpdate payload_bytes=4
2026-09-26T01:46:57.241686Z DEBUG netbaiot_transports::business_rpc::v3: business RPC V3 received frame stream_id=570 frame_type=Response payload_bytes=35
2026-09-26T01:46:57.241696Z DEBUG netbaiot_transports::business_rpc::v3: business RPC V3 received frame stream_id=570 frame_type=Data payload_bytes=216
2026-09-26T01:46:57.241738Z DEBUG netbaiot_transports::business_rpc::v3: business RPC V3 selected frame stream_id=0 frame_type=WindowUpdate payload_bytes=4
2026-09-26T01:46:57.241770Z DEBUG netbaiot_transports::business_rpc::v3: business RPC V3 writer completed frame stream_id=0 frame_type=WindowUpdate payload_bytes=4
2026-09-26T01:46:57.242211Z DEBUG netbaiot_transports::business_rpc::v3: business RPC V3 body entered scheduler stream_id=578 class=Rpc body_bytes=198
2026-09-26T01:46:57.242256Z DEBUG netbaiot_transports::business_rpc::v3: business RPC V3 selected frame stream_id=578 frame_type=Open payload_bytes=158
2026-09-26T01:46:57.242266Z DEBUG netbaiot_transports::business_rpc::v3: business RPC V3 writer completed frame stream_id=578 frame_type=Open payload_bytes=158
2026-09-26T01:46:57.242271Z DEBUG netbaiot_transports::business_rpc::v3: business RPC V3 selected frame stream_id=578 frame_type=Data payload_bytes=198
2026-09-26T01:46:57.242275Z DEBUG netbaiot_transports::business_rpc::v3: business RPC V3 writer completed frame stream_id=578 frame_type=Data payload_bytes=198
2026-09-26T01:46:57.330476Z DEBUG netbaiot_transports::business_rpc::v3: business RPC V3 received frame stream_id=0 frame_type=WindowUpdate payload_bytes=4
2026-09-26T01:46:57.330511Z DEBUG netbaiot_transports::business_rpc::v3: business RPC V3 received frame stream_id=572 frame_type=WindowUpdate payload_bytes=4
2026-09-26T01:46:57.330518Z DEBUG netbaiot_transports::business_rpc::v3: business RPC V3 selected frame stream_id=572 frame_type=Data payload_bytes=982
2026-09-26T01:46:57.330528Z DEBUG netbaiot_transports::business_rpc::v3: business RPC V3 writer completed frame stream_id=572 frame_type=Data payload_bytes=982
2026-09-26T01:46:57.359345Z DEBUG netbaiot_transports::business_rpc::v3: business RPC V3 received frame stream_id=0 frame_type=WindowUpdate payload_bytes=4
2026-09-26T01:46:57.359366Z DEBUG netbaiot_transports::business_rpc::v3: business RPC V3 received frame stream_id=572 frame_type=WindowUpdate payload_bytes=4
2026-09-26T01:46:57.359369Z DEBUG netbaiot_transports::business_rpc::v3: business RPC V3 received frame stream_id=0 frame_type=WindowUpdate payload_bytes=4
2026-09-26T01:46:57.359372Z DEBUG netbaiot_transports::business_rpc::v3: business RPC V3 received frame stream_id=0 frame_type=WindowUpdate payload_bytes=4
2026-09-26T01:46:57.359375Z DEBUG netbaiot_transports::business_rpc::v3: business RPC V3 received frame stream_id=0 frame_type=WindowUpdate payload_bytes=4
2026-09-26T01:46:57.359377Z DEBUG netbaiot_transports::business_rpc::v3: business RPC V3 received frame stream_id=578 frame_type=Response payload_bytes=35
2026-09-26T01:46:57.359382Z DEBUG netbaiot_transports::business_rpc::v3: business RPC V3 received frame stream_id=574 frame_type=Response payload_bytes=35
2026-09-26T01:46:57.359384Z DEBUG netbaiot_transports::business_rpc::v3: business RPC V3 received frame stream_id=578 frame_type=Data payload_bytes=216
2026-09-26T01:46:57.359403Z DEBUG netbaiot_transports::business_rpc::v3: business RPC V3 received frame stream_id=576 frame_type=Response payload_bytes=35
2026-09-26T01:46:57.359406Z DEBUG netbaiot_transports::business_rpc::v3: business RPC V3 received frame stream_id=574 frame_type=Data payload_bytes=216
2026-09-26T01:46:57.359412Z DEBUG netbaiot_transports::business_rpc::v3: business RPC V3 received frame stream_id=576 frame_type=Data payload_bytes=216
2026-09-26T01:46:57.359419Z DEBUG netbaiot_transports::business_rpc::v3: business RPC V3 selected frame stream_id=0 frame_type=WindowUpdate payload_bytes=4
2026-09-26T01:46:57.359470Z DEBUG netbaiot_transports::business_rpc::v3: business RPC V3 writer completed frame stream_id=0 frame_type=WindowUpdate payload_bytes=4
2026-09-26T01:46:57.359495Z DEBUG netbaiot_transports::business_rpc::v3: business RPC V3 selected frame stream_id=0 frame_type=WindowUpdate payload_bytes=4
2026-09-26T01:46:57.359504Z DEBUG netbaiot_transports::business_rpc::v3: business RPC V3 writer completed frame stream_id=0 frame_type=WindowUpdate payload_bytes=4
2026-09-26T01:46:57.359506Z DEBUG netbaiot_transports::business_rpc::v3: business RPC V3 selected frame stream_id=0 frame_type=WindowUpdate payload_bytes=4
2026-09-26T01:46:57.359513Z DEBUG netbaiot_transports::business_rpc::v3: business RPC V3 writer completed frame stream_id=0 frame_type=WindowUpdate payload_bytes=4
2026-09-26T01:46:57.359848Z DEBUG netbaiot_transports::business_rpc::v3: business RPC V3 body entered scheduler stream_id=580 class=Rpc body_bytes=198
2026-09-26T01:46:57.359853Z DEBUG netbaiot_transports::business_rpc::v3: business RPC V3 selected frame stream_id=580 frame_type=Open payload_bytes=158
2026-09-26T01:46:57.359858Z DEBUG netbaiot_transports::business_rpc::v3: business RPC V3 writer completed frame stream_id=580 frame_type=Open payload_bytes=158
2026-09-26T01:46:57.359862Z DEBUG netbaiot_transports::business_rpc::v3: business RPC V3 selected frame stream_id=580 frame_type=Data payload_bytes=198
2026-09-26T01:46:57.359865Z DEBUG netbaiot_transports::business_rpc::v3: business RPC V3 writer completed frame stream_id=580 frame_type=Data payload_bytes=198
2026-09-26T01:46:57.359892Z DEBUG netbaiot_transports::business_rpc::v3: business RPC V3 body entered scheduler stream_id=582 class=Rpc body_bytes=198
2026-09-26T01:46:57.359895Z DEBUG netbaiot_transports::business_rpc::v3: business RPC V3 selected frame stream_id=582 frame_type=Open payload_bytes=158
2026-09-26T01:46:57.359900Z DEBUG netbaiot_transports::business_rpc::v3: business RPC V3 writer completed frame stream_id=582 frame_type=Open payload_bytes=158
2026-09-26T01:46:57.359903Z DEBUG netbaiot_transports::business_rpc::v3: business RPC V3 selected frame stream_id=582 frame_type=Data payload_bytes=198
2026-09-26T01:46:57.359906Z DEBUG netbaiot_transports::business_rpc::v3: business RPC V3 writer completed frame stream_id=582 frame_type=Data payload_bytes=198
2026-09-26T01:46:57.359969Z DEBUG netbaiot_transports::business_rpc::v3: business RPC V3 body entered scheduler stream_id=584 class=Rpc body_bytes=198
2026-09-26T01:46:57.359972Z DEBUG netbaiot_transports::business_rpc::v3: business RPC V3 selected frame stream_id=584 frame_type=Open payload_bytes=158
2026-09-26T01:46:57.359977Z DEBUG netbaiot_transports::business_rpc::v3: business RPC V3 writer completed frame stream_id=584 frame_type=Open payload_bytes=158
2026-09-26T01:46:57.359980Z DEBUG netbaiot_transports::business_rpc::v3: business RPC V3 selected frame stream_id=584 frame_type=Data payload_bytes=198
2026-09-26T01:46:57.359982Z DEBUG netbaiot_transports::business_rpc::v3: business RPC V3 writer completed frame stream_id=584 frame_type=Data payload_bytes=198
2026-09-26T01:46:57.378623Z DEBUG netbaiot_transports::business_rpc::v3: business RPC V3 body entered scheduler stream_id=586 class=Rpc body_bytes=198
2026-09-26T01:46:57.378645Z DEBUG netbaiot_transports::business_rpc::v3: business RPC V3 selected frame stream_id=586 frame_type=Open payload_bytes=158
2026-09-26T01:46:57.378656Z DEBUG netbaiot_transports::business_rpc::v3: business RPC V3 writer completed frame stream_id=586 frame_type=Open payload_bytes=158
2026-09-26T01:46:57.378661Z DEBUG netbaiot_transports::business_rpc::v3: business RPC V3 selected frame stream_id=586 frame_type=Data payload_bytes=198
2026-09-26T01:46:57.378665Z DEBUG netbaiot_transports::business_rpc::v3: business RPC V3 writer completed frame stream_id=586 frame_type=Data payload_bytes=198
2026-09-26T01:46:57.443170Z DEBUG netbaiot_transports::business_rpc::v3: business RPC V3 received frame stream_id=0 frame_type=WindowUpdate payload_bytes=4
2026-09-26T01:46:57.443186Z DEBUG netbaiot_transports::business_rpc::v3: business RPC V3 received frame stream_id=572 frame_type=Response payload_bytes=35
2026-09-26T01:46:57.443193Z DEBUG netbaiot_transports::business_rpc::v3: business RPC V3 received frame stream_id=572 frame_type=Data payload_bytes=118
2026-09-26T01:46:57.443200Z DEBUG netbaiot_transports::business_rpc::v3: business RPC V3 Event delivery acknowledged stream_id=572 completion_us=262480
2026-09-26T01:46:57.443222Z DEBUG netbaiot_transports::business_rpc::v3: business RPC V3 selected frame stream_id=0 frame_type=WindowUpdate payload_bytes=4
2026-09-26T01:46:57.443274Z DEBUG netbaiot_transports::business_rpc::v3: business RPC V3 writer completed frame stream_id=0 frame_type=WindowUpdate payload_bytes=4
2026-09-26T01:46:57.454620Z DEBUG netbaiot_transports::business_rpc::v3: business RPC V3 body entered scheduler stream_id=588 class=Rpc body_bytes=197
2026-09-26T01:46:57.454637Z DEBUG netbaiot_transports::business_rpc::v3: business RPC V3 selected frame stream_id=588 frame_type=Open payload_bytes=158
2026-09-26T01:46:57.454648Z DEBUG netbaiot_transports::business_rpc::v3: business RPC V3 writer completed frame stream_id=588 frame_type=Open payload_bytes=158
2026-09-26T01:46:57.454652Z DEBUG netbaiot_transports::business_rpc::v3: business RPC V3 selected frame stream_id=588 frame_type=Data payload_bytes=197
2026-09-26T01:46:57.454656Z DEBUG netbaiot_transports::business_rpc::v3: business RPC V3 writer completed frame stream_id=588 frame_type=Data payload_bytes=197
2026-09-26T01:46:57.458551Z DEBUG netbaiot_transports::business_rpc::v3: business RPC V3 body entered scheduler stream_id=590 class=Rpc body_bytes=198
2026-09-26T01:46:57.458568Z DEBUG netbaiot_transports::business_rpc::v3: business RPC V3 selected frame stream_id=590 frame_type=Open payload_bytes=158
2026-09-26T01:46:57.458577Z DEBUG netbaiot_transports::business_rpc::v3: business RPC V3 writer completed frame stream_id=590 frame_type=Open payload_bytes=158
2026-09-26T01:46:57.458580Z DEBUG netbaiot_transports::business_rpc::v3: business RPC V3 selected frame stream_id=590 frame_type=Data payload_bytes=198
2026-09-26T01:46:57.458584Z DEBUG netbaiot_transports::business_rpc::v3: business RPC V3 writer completed frame stream_id=590 frame_type=Data payload_bytes=198
2026-09-26T01:46:57.473290Z DEBUG netbaiot_transports::business_rpc::v3: business RPC V3 received frame stream_id=0 frame_type=WindowUpdate payload_bytes=4
2026-09-26T01:46:57.473302Z DEBUG netbaiot_transports::business_rpc::v3: business RPC V3 received frame stream_id=0 frame_type=WindowUpdate payload_bytes=4
2026-09-26T01:46:57.473305Z DEBUG netbaiot_transports::business_rpc::v3: business RPC V3 received frame stream_id=0 frame_type=WindowUpdate payload_bytes=4
2026-09-26T01:46:57.473307Z DEBUG netbaiot_transports::business_rpc::v3: business RPC V3 received frame stream_id=0 frame_type=WindowUpdate payload_bytes=4
2026-09-26T01:46:57.473309Z DEBUG netbaiot_transports::business_rpc::v3: business RPC V3 received frame stream_id=586 frame_type=Response payload_bytes=35
2026-09-26T01:46:57.473314Z DEBUG netbaiot_transports::business_rpc::v3: business RPC V3 received frame stream_id=580 frame_type=Response payload_bytes=35
2026-09-26T01:46:57.473317Z DEBUG netbaiot_transports::business_rpc::v3: business RPC V3 received frame stream_id=582 frame_type=Response payload_bytes=35
2026-09-26T01:46:57.473319Z DEBUG netbaiot_transports::business_rpc::v3: business RPC V3 received frame stream_id=584 frame_type=Response payload_bytes=35
2026-09-26T01:46:57.473322Z DEBUG netbaiot_transports::business_rpc::v3: business RPC V3 received frame stream_id=586 frame_type=Data payload_bytes=216
2026-09-26T01:46:57.473340Z DEBUG netbaiot_transports::business_rpc::v3: business RPC V3 received frame stream_id=580 frame_type=Data payload_bytes=216
2026-09-26T01:46:57.473346Z DEBUG netbaiot_transports::business_rpc::v3: business RPC V3 received frame stream_id=582 frame_type=Data payload_bytes=216
2026-09-26T01:46:57.473351Z DEBUG netbaiot_transports::business_rpc::v3: business RPC V3 received frame stream_id=584 frame_type=Data payload_bytes=216
2026-09-26T01:46:57.473352Z DEBUG netbaiot_transports::business_rpc::v3: business RPC V3 selected frame stream_id=0 frame_type=WindowUpdate payload_bytes=4
2026-09-26T01:46:57.473389Z DEBUG netbaiot_transports::business_rpc::v3: business RPC V3 writer completed frame stream_id=0 frame_type=WindowUpdate payload_bytes=4
2026-09-26T01:46:57.473404Z DEBUG netbaiot_transports::business_rpc::v3: business RPC V3 selected frame stream_id=0 frame_type=WindowUpdate payload_bytes=4
2026-09-26T01:46:57.473415Z DEBUG netbaiot_transports::business_rpc::v3: business RPC V3 writer completed frame stream_id=0 frame_type=WindowUpdate payload_bytes=4
2026-09-26T01:46:57.473422Z DEBUG netbaiot_transports::business_rpc::v3: business RPC V3 selected frame stream_id=0 frame_type=WindowUpdate payload_bytes=4
2026-09-26T01:46:57.473442Z DEBUG netbaiot_transports::business_rpc::v3: business RPC V3 writer completed frame stream_id=0 frame_type=WindowUpdate payload_bytes=4
2026-09-26T01:46:57.473456Z DEBUG netbaiot_transports::business_rpc::v3: business RPC V3 selected frame stream_id=0 frame_type=WindowUpdate payload_bytes=4
2026-09-26T01:46:57.473467Z DEBUG netbaiot_transports::business_rpc::v3: business RPC V3 writer completed frame stream_id=0 frame_type=WindowUpdate payload_bytes=4
2026-09-26T01:46:57.473791Z DEBUG netbaiot_transports::business_rpc::v3: business RPC V3 body entered scheduler stream_id=592 class=Rpc body_bytes=198
2026-09-26T01:46:57.473799Z DEBUG netbaiot_transports::business_rpc::v3: business RPC V3 selected frame stream_id=592 frame_type=Open payload_bytes=158
2026-09-26T01:46:57.473806Z DEBUG netbaiot_transports::business_rpc::v3: business RPC V3 writer completed frame stream_id=592 frame_type=Open payload_bytes=158
2026-09-26T01:46:57.473810Z DEBUG netbaiot_transports::business_rpc::v3: business RPC V3 selected frame stream_id=592 frame_type=Data payload_bytes=198
2026-09-26T01:46:57.473813Z DEBUG netbaiot_transports::business_rpc::v3: business RPC V3 writer completed frame stream_id=592 frame_type=Data payload_bytes=198
2026-09-26T01:46:57.473838Z DEBUG netbaiot_transports::business_rpc::v3: business RPC V3 body entered scheduler stream_id=594 class=Rpc body_bytes=198
2026-09-26T01:46:57.473842Z DEBUG netbaiot_transports::business_rpc::v3: business RPC V3 selected frame stream_id=594 frame_type=Open payload_bytes=158
2026-09-26T01:46:57.473846Z DEBUG netbaiot_transports::business_rpc::v3: business RPC V3 writer completed frame stream_id=594 frame_type=Open payload_bytes=158
2026-09-26T01:46:57.473848Z DEBUG netbaiot_transports::business_rpc::v3: business RPC V3 selected frame stream_id=594 frame_type=Data payload_bytes=198
2026-09-26T01:46:57.473851Z DEBUG netbaiot_transports::business_rpc::v3: business RPC V3 writer completed frame stream_id=594 frame_type=Data payload_bytes=198
2026-09-26T01:46:57.473882Z DEBUG netbaiot_transports::business_rpc::v3: business RPC V3 body entered scheduler stream_id=596 class=Rpc body_bytes=198
2026-09-26T01:46:57.473885Z DEBUG netbaiot_transports::business_rpc::v3: business RPC V3 selected frame stream_id=596 frame_type=Open payload_bytes=158
2026-09-26T01:46:57.473888Z DEBUG netbaiot_transports::business_rpc::v3: business RPC V3 writer completed frame stream_id=596 frame_type=Open payload_bytes=158
2026-09-26T01:46:57.473890Z DEBUG netbaiot_transports::business_rpc::v3: business RPC V3 selected frame stream_id=596 frame_type=Data payload_bytes=198
2026-09-26T01:46:57.473896Z DEBUG netbaiot_transports::business_rpc::v3: business RPC V3 writer completed frame stream_id=596 frame_type=Data payload_bytes=198
2026-09-26T01:46:57.473940Z DEBUG netbaiot_transports::business_rpc::v3: business RPC V3 body entered scheduler stream_id=598 class=Rpc body_bytes=198
2026-09-26T01:46:57.473965Z DEBUG netbaiot_transports::business_rpc::v3: business RPC V3 selected frame stream_id=598 frame_type=Open payload_bytes=158
2026-09-26T01:46:57.473974Z DEBUG netbaiot_transports::business_rpc::v3: business RPC V3 writer completed frame stream_id=598 frame_type=Open payload_bytes=158
2026-09-26T01:46:57.473977Z DEBUG netbaiot_transports::business_rpc::v3: business RPC V3 selected frame stream_id=598 frame_type=Data payload_bytes=198
2026-09-26T01:46:57.473980Z DEBUG netbaiot_transports::business_rpc::v3: business RPC V3 writer completed frame stream_id=598 frame_type=Data payload_bytes=198
2026-09-26T01:46:57.512621Z DEBUG netbaiot_transports::business_rpc::v3: business RPC V3 body entered scheduler stream_id=600 class=Rpc body_bytes=198
2026-09-26T01:46:57.512644Z DEBUG netbaiot_transports::business_rpc::v3: business RPC V3 selected frame stream_id=600 frame_type=Open payload_bytes=158
2026-09-26T01:46:57.512655Z DEBUG netbaiot_transports::business_rpc::v3: business RPC V3 writer completed frame stream_id=600 frame_type=Open payload_bytes=158
2026-09-26T01:46:57.512659Z DEBUG netbaiot_transports::business_rpc::v3: business RPC V3 selected frame stream_id=600 frame_type=Data payload_bytes=198
2026-09-26T01:46:57.512663Z DEBUG netbaiot_transports::business_rpc::v3: business RPC V3 writer completed frame stream_id=600 frame_type=Data payload_bytes=198
2026-09-26T01:46:57.557278Z DEBUG netbaiot_transports::business_rpc::v3: business RPC V3 received frame stream_id=0 frame_type=WindowUpdate payload_bytes=4
2026-09-26T01:46:57.557295Z DEBUG netbaiot_transports::business_rpc::v3: business RPC V3 received frame stream_id=0 frame_type=WindowUpdate payload_bytes=4
2026-09-26T01:46:57.557298Z DEBUG netbaiot_transports::business_rpc::v3: business RPC V3 received frame stream_id=590 frame_type=Response payload_bytes=35
2026-09-26T01:46:57.557304Z DEBUG netbaiot_transports::business_rpc::v3: business RPC V3 received frame stream_id=590 frame_type=Data payload_bytes=216
2026-09-26T01:46:57.557323Z DEBUG netbaiot_transports::business_rpc::v3: business RPC V3 received frame stream_id=588 frame_type=Response payload_bytes=35
2026-09-26T01:46:57.557327Z DEBUG netbaiot_transports::business_rpc::v3: business RPC V3 received frame stream_id=588 frame_type=Data payload_bytes=215
2026-09-26T01:46:57.557338Z DEBUG netbaiot_transports::business_rpc::v3: business RPC V3 selected frame stream_id=0 frame_type=WindowUpdate payload_bytes=4
2026-09-26T01:46:57.557391Z DEBUG netbaiot_transports::business_rpc::v3: business RPC V3 writer completed frame stream_id=0 frame_type=WindowUpdate payload_bytes=4
2026-09-26T01:46:57.557398Z DEBUG netbaiot_transports::business_rpc::v3: business RPC V3 selected frame stream_id=0 frame_type=WindowUpdate payload_bytes=4
2026-09-26T01:46:57.557402Z DEBUG netbaiot_transports::business_rpc::v3: business RPC V3 writer completed frame stream_id=0 frame_type=WindowUpdate payload_bytes=4
2026-09-26T01:46:57.557774Z DEBUG netbaiot_transports::business_rpc::v3: business RPC V3 body entered scheduler stream_id=602 class=Rpc body_bytes=198
2026-09-26T01:46:57.557780Z DEBUG netbaiot_transports::business_rpc::v3: business RPC V3 selected frame stream_id=602 frame_type=Open payload_bytes=158
2026-09-26T01:46:57.557786Z DEBUG netbaiot_transports::business_rpc::v3: business RPC V3 writer completed frame stream_id=602 frame_type=Open payload_bytes=158
2026-09-26T01:46:57.557789Z DEBUG netbaiot_transports::business_rpc::v3: business RPC V3 selected frame stream_id=602 frame_type=Data payload_bytes=198
2026-09-26T01:46:57.557793Z DEBUG netbaiot_transports::business_rpc::v3: business RPC V3 writer completed frame stream_id=602 frame_type=Data payload_bytes=198
2026-09-26T01:46:57.557821Z DEBUG netbaiot_transports::business_rpc::v3: business RPC V3 body entered scheduler stream_id=604 class=Rpc body_bytes=198
2026-09-26T01:46:57.557823Z DEBUG netbaiot_transports::business_rpc::v3: business RPC V3 selected frame stream_id=604 frame_type=Open payload_bytes=158
2026-09-26T01:46:57.557827Z DEBUG netbaiot_transports::business_rpc::v3: business RPC V3 writer completed frame stream_id=604 frame_type=Open payload_bytes=158
2026-09-26T01:46:57.557830Z DEBUG netbaiot_transports::business_rpc::v3: business RPC V3 selected frame stream_id=604 frame_type=Data payload_bytes=198
2026-09-26T01:46:57.557833Z DEBUG netbaiot_transports::business_rpc::v3: business RPC V3 writer completed frame stream_id=604 frame_type=Data payload_bytes=198
2026-09-26T01:46:57.578101Z DEBUG netbaiot_transports::business_rpc::v3: business RPC V3 body entered scheduler stream_id=606 class=Rpc body_bytes=198
2026-09-26T01:46:57.578123Z DEBUG netbaiot_transports::business_rpc::v3: business RPC V3 selected frame stream_id=606 frame_type=Open payload_bytes=158
2026-09-26T01:46:57.578132Z DEBUG netbaiot_transports::business_rpc::v3: business RPC V3 writer completed frame stream_id=606 frame_type=Open payload_bytes=158
2026-09-26T01:46:57.578136Z DEBUG netbaiot_transports::business_rpc::v3: business RPC V3 selected frame stream_id=606 frame_type=Data payload_bytes=198
2026-09-26T01:46:57.578140Z DEBUG netbaiot_transports::business_rpc::v3: business RPC V3 writer completed frame stream_id=606 frame_type=Data payload_bytes=198
2026-09-26T01:46:57.589007Z DEBUG netbaiot_transports::business_rpc::v3: business RPC V3 received frame stream_id=0 frame_type=WindowUpdate payload_bytes=4
2026-09-26T01:46:57.589021Z DEBUG netbaiot_transports::business_rpc::v3: business RPC V3 received frame stream_id=0 frame_type=WindowUpdate payload_bytes=4
2026-09-26T01:46:57.589024Z DEBUG netbaiot_transports::business_rpc::v3: business RPC V3 received frame stream_id=0 frame_type=WindowUpdate payload_bytes=4
2026-09-26T01:46:57.589026Z DEBUG netbaiot_transports::business_rpc::v3: business RPC V3 received frame stream_id=0 frame_type=WindowUpdate payload_bytes=4
2026-09-26T01:46:57.589028Z DEBUG netbaiot_transports::business_rpc::v3: business RPC V3 received frame stream_id=598 frame_type=Response payload_bytes=35
2026-09-26T01:46:57.589038Z DEBUG netbaiot_transports::business_rpc::v3: business RPC V3 received frame stream_id=598 frame_type=Data payload_bytes=216
2026-09-26T01:46:57.589055Z DEBUG netbaiot_transports::business_rpc::v3: business RPC V3 received frame stream_id=592 frame_type=Response payload_bytes=35
2026-09-26T01:46:57.589058Z DEBUG netbaiot_transports::business_rpc::v3: business RPC V3 received frame stream_id=592 frame_type=Data payload_bytes=216
2026-09-26T01:46:57.589064Z DEBUG netbaiot_transports::business_rpc::v3: business RPC V3 received frame stream_id=594 frame_type=Response payload_bytes=35
2026-09-26T01:46:57.589067Z DEBUG netbaiot_transports::business_rpc::v3: business RPC V3 received frame stream_id=594 frame_type=Data payload_bytes=216
2026-09-26T01:46:57.589072Z DEBUG netbaiot_transports::business_rpc::v3: business RPC V3 received frame stream_id=596 frame_type=Response payload_bytes=35
2026-09-26T01:46:57.589074Z DEBUG netbaiot_transports::business_rpc::v3: business RPC V3 received frame stream_id=596 frame_type=Data payload_bytes=216
2026-09-26T01:46:57.589070Z DEBUG netbaiot_transports::business_rpc::v3: business RPC V3 selected frame stream_id=0 frame_type=WindowUpdate payload_bytes=4
2026-09-26T01:46:57.589116Z DEBUG netbaiot_transports::business_rpc::v3: business RPC V3 writer completed frame stream_id=0 frame_type=WindowUpdate payload_bytes=4
2026-09-26T01:46:57.589130Z DEBUG netbaiot_transports::business_rpc::v3: business RPC V3 selected frame stream_id=0 frame_type=WindowUpdate payload_bytes=4
2026-09-26T01:46:57.589140Z DEBUG netbaiot_transports::business_rpc::v3: business RPC V3 writer completed frame stream_id=0 frame_type=WindowUpdate payload_bytes=4
2026-09-26T01:46:57.589146Z DEBUG netbaiot_transports::business_rpc::v3: business RPC V3 selected frame stream_id=0 frame_type=WindowUpdate payload_bytes=4
2026-09-26T01:46:57.589157Z DEBUG netbaiot_transports::business_rpc::v3: business RPC V3 writer completed frame stream_id=0 frame_type=WindowUpdate payload_bytes=4
2026-09-26T01:46:57.589163Z DEBUG netbaiot_transports::business_rpc::v3: business RPC V3 selected frame stream_id=0 frame_type=WindowUpdate payload_bytes=4
2026-09-26T01:46:57.589170Z DEBUG netbaiot_transports::business_rpc::v3: business RPC V3 writer completed frame stream_id=0 frame_type=WindowUpdate payload_bytes=4
2026-09-26T01:46:57.589387Z DEBUG netbaiot_transports::business_rpc::v3: business RPC V3 body entered scheduler stream_id=608 class=Rpc body_bytes=198
2026-09-26T01:46:57.589409Z DEBUG netbaiot_transports::business_rpc::v3: business RPC V3 selected frame stream_id=608 frame_type=Open payload_bytes=158
2026-09-26T01:46:57.589432Z DEBUG netbaiot_transports::business_rpc::v3: business RPC V3 writer completed frame stream_id=608 frame_type=Open payload_bytes=158
2026-09-26T01:46:57.589442Z DEBUG netbaiot_transports::business_rpc::v3: business RPC V3 selected frame stream_id=608 frame_type=Data payload_bytes=198
2026-09-26T01:46:57.589449Z DEBUG netbaiot_transports::business_rpc::v3: business RPC V3 writer completed frame stream_id=608 frame_type=Data payload_bytes=198
2026-09-26T01:46:57.589519Z DEBUG netbaiot_transports::business_rpc::v3: business RPC V3 body entered scheduler stream_id=610 class=Rpc body_bytes=198
2026-09-26T01:46:57.589523Z DEBUG netbaiot_transports::business_rpc::v3: business RPC V3 selected frame stream_id=610 frame_type=Open payload_bytes=158
2026-09-26T01:46:57.589530Z DEBUG netbaiot_transports::business_rpc::v3: business RPC V3 writer completed frame stream_id=610 frame_type=Open payload_bytes=158
2026-09-26T01:46:57.589533Z DEBUG netbaiot_transports::business_rpc::v3: business RPC V3 selected frame stream_id=610 frame_type=Data payload_bytes=198
2026-09-26T01:46:57.589536Z DEBUG netbaiot_transports::business_rpc::v3: business RPC V3 writer completed frame stream_id=610 frame_type=Data payload_bytes=198
2026-09-26T01:46:57.589566Z DEBUG netbaiot_transports::business_rpc::v3: business RPC V3 body entered scheduler stream_id=612 class=Rpc body_bytes=198
2026-09-26T01:46:57.589570Z DEBUG netbaiot_transports::business_rpc::v3: business RPC V3 selected frame stream_id=612 frame_type=Open payload_bytes=158
2026-09-26T01:46:57.589573Z DEBUG netbaiot_transports::business_rpc::v3: business RPC V3 writer completed frame stream_id=612 frame_type=Open payload_bytes=158
2026-09-26T01:46:57.589575Z DEBUG netbaiot_transports::business_rpc::v3: business RPC V3 selected frame stream_id=612 frame_type=Data payload_bytes=198
2026-09-26T01:46:57.589581Z DEBUG netbaiot_transports::business_rpc::v3: business RPC V3 writer completed frame stream_id=612 frame_type=Data payload_bytes=198
2026-09-26T01:46:57.589611Z DEBUG netbaiot_transports::business_rpc::v3: business RPC V3 body entered scheduler stream_id=614 class=Rpc body_bytes=198
2026-09-26T01:46:57.589614Z DEBUG netbaiot_transports::business_rpc::v3: business RPC V3 selected frame stream_id=614 frame_type=Open payload_bytes=158
2026-09-26T01:46:57.589620Z DEBUG netbaiot_transports::business_rpc::v3: business RPC V3 writer completed frame stream_id=614 frame_type=Open payload_bytes=158
2026-09-26T01:46:57.589622Z DEBUG netbaiot_transports::business_rpc::v3: business RPC V3 selected frame stream_id=614 frame_type=Data payload_bytes=198
2026-09-26T01:46:57.589625Z DEBUG netbaiot_transports::business_rpc::v3: business RPC V3 writer completed frame stream_id=614 frame_type=Data payload_bytes=198
2026-09-26T01:46:57.589651Z DEBUG netbaiot_transports::business_rpc::v3: business RPC V3 body entered scheduler stream_id=616 class=Rpc body_bytes=198
2026-09-26T01:46:57.589654Z DEBUG netbaiot_transports::business_rpc::v3: business RPC V3 selected frame stream_id=616 frame_type=Open payload_bytes=158
2026-09-26T01:46:57.589659Z DEBUG netbaiot_transports::business_rpc::v3: business RPC V3 writer completed frame stream_id=616 frame_type=Open payload_bytes=158
2026-09-26T01:46:57.589662Z DEBUG netbaiot_transports::business_rpc::v3: business RPC V3 selected frame stream_id=616 frame_type=Data payload_bytes=198
2026-09-26T01:46:57.589664Z DEBUG netbaiot_transports::business_rpc::v3: business RPC V3 writer completed frame stream_id=616 frame_type=Data payload_bytes=198
2026-09-26T01:46:57.609205Z DEBUG netbaiot_transports::business_rpc::v3: business RPC V3 body entered scheduler stream_id=618 class=Rpc body_bytes=198
2026-09-26T01:46:57.609220Z DEBUG netbaiot_transports::business_rpc::v3: business RPC V3 selected frame stream_id=618 frame_type=Open payload_bytes=158
2026-09-26T01:46:57.609231Z DEBUG netbaiot_transports::business_rpc::v3: business RPC V3 writer completed frame stream_id=618 frame_type=Open payload_bytes=158
2026-09-26T01:46:57.609235Z DEBUG netbaiot_transports::business_rpc::v3: business RPC V3 selected frame stream_id=618 frame_type=Data payload_bytes=198
2026-09-26T01:46:57.609238Z DEBUG netbaiot_transports::business_rpc::v3: business RPC V3 writer completed frame stream_id=618 frame_type=Data payload_bytes=198
2026-09-26T01:46:57.616863Z DEBUG netbaiot_transports::business_rpc::v3: business RPC V3 received frame stream_id=0 frame_type=WindowUpdate payload_bytes=4
2026-09-26T01:46:57.616880Z DEBUG netbaiot_transports::business_rpc::v3: business RPC V3 received frame stream_id=600 frame_type=Response payload_bytes=35
2026-09-26T01:46:57.616887Z DEBUG netbaiot_transports::business_rpc::v3: business RPC V3 received frame stream_id=600 frame_type=Data payload_bytes=216
2026-09-26T01:46:57.616920Z DEBUG netbaiot_transports::business_rpc::v3: business RPC V3 selected frame stream_id=0 frame_type=WindowUpdate payload_bytes=4
2026-09-26T01:46:57.616960Z DEBUG netbaiot_transports::business_rpc::v3: business RPC V3 writer completed frame stream_id=0 frame_type=WindowUpdate payload_bytes=4
2026-09-26T01:46:57.617271Z DEBUG netbaiot_transports::business_rpc::v3: business RPC V3 body entered scheduler stream_id=620 class=Rpc body_bytes=198
2026-09-26T01:46:57.617276Z DEBUG netbaiot_transports::business_rpc::v3: business RPC V3 selected frame stream_id=620 frame_type=Open payload_bytes=158
2026-09-26T01:46:57.617282Z DEBUG netbaiot_transports::business_rpc::v3: business RPC V3 writer completed frame stream_id=620 frame_type=Open payload_bytes=158
2026-09-26T01:46:57.617285Z DEBUG netbaiot_transports::business_rpc::v3: business RPC V3 selected frame stream_id=620 frame_type=Data payload_bytes=198
2026-09-26T01:46:57.617288Z DEBUG netbaiot_transports::business_rpc::v3: business RPC V3 writer completed frame stream_id=620 frame_type=Data payload_bytes=198
2026-09-26T01:46:57.628799Z DEBUG netbaiot_transports::business_rpc::v3: business RPC V3 body entered scheduler stream_id=622 class=Rpc body_bytes=198
2026-09-26T01:46:57.628991Z DEBUG netbaiot_transports::business_rpc::v3: business RPC V3 selected frame stream_id=622 frame_type=Open payload_bytes=158
2026-09-26T01:46:57.629008Z DEBUG netbaiot_transports::business_rpc::v3: business RPC V3 writer completed frame stream_id=622 frame_type=Open payload_bytes=158
2026-09-26T01:46:57.629013Z DEBUG netbaiot_transports::business_rpc::v3: business RPC V3 selected frame stream_id=622 frame_type=Data payload_bytes=198
2026-09-26T01:46:57.629017Z DEBUG netbaiot_transports::business_rpc::v3: business RPC V3 writer completed frame stream_id=622 frame_type=Data payload_bytes=198
2026-09-26T01:46:57.646372Z DEBUG netbaiot_transports::business_rpc::v3: business RPC V3 received frame stream_id=0 frame_type=WindowUpdate payload_bytes=4
2026-09-26T01:46:57.646395Z DEBUG netbaiot_transports::business_rpc::v3: business RPC V3 received frame stream_id=0 frame_type=WindowUpdate payload_bytes=4
2026-09-26T01:46:57.646399Z DEBUG netbaiot_transports::business_rpc::v3: business RPC V3 received frame stream_id=604 frame_type=Response payload_bytes=35
2026-09-26T01:46:57.646406Z DEBUG netbaiot_transports::business_rpc::v3: business RPC V3 received frame stream_id=604 frame_type=Data payload_bytes=216
2026-09-26T01:46:57.646425Z DEBUG netbaiot_transports::business_rpc::v3: business RPC V3 received frame stream_id=602 frame_type=Response payload_bytes=35
2026-09-26T01:46:57.646429Z DEBUG netbaiot_transports::business_rpc::v3: business RPC V3 received frame stream_id=602 frame_type=Data payload_bytes=216
2026-09-26T01:46:57.646438Z DEBUG netbaiot_transports::business_rpc::v3: business RPC V3 selected frame stream_id=0 frame_type=WindowUpdate payload_bytes=4
2026-09-26T01:46:57.646483Z DEBUG netbaiot_transports::business_rpc::v3: business RPC V3 writer completed frame stream_id=0 frame_type=WindowUpdate payload_bytes=4
2026-09-26T01:46:57.646497Z DEBUG netbaiot_transports::business_rpc::v3: business RPC V3 selected frame stream_id=0 frame_type=WindowUpdate payload_bytes=4
2026-09-26T01:46:57.646507Z DEBUG netbaiot_transports::business_rpc::v3: business RPC V3 writer completed frame stream_id=0 frame_type=WindowUpdate payload_bytes=4
2026-09-26T01:46:57.646848Z DEBUG netbaiot_transports::business_rpc::v3: business RPC V3 body entered scheduler stream_id=624 class=Rpc body_bytes=198
2026-09-26T01:46:57.646855Z DEBUG netbaiot_transports::business_rpc::v3: business RPC V3 selected frame stream_id=624 frame_type=Open payload_bytes=158
2026-09-26T01:46:57.646862Z DEBUG netbaiot_transports::business_rpc::v3: business RPC V3 writer completed frame stream_id=624 frame_type=Open payload_bytes=158
2026-09-26T01:46:57.646865Z DEBUG netbaiot_transports::business_rpc::v3: business RPC V3 selected frame stream_id=624 frame_type=Data payload_bytes=198
2026-09-26T01:46:57.646869Z DEBUG netbaiot_transports::business_rpc::v3: business RPC V3 writer completed frame stream_id=624 frame_type=Data payload_bytes=198
2026-09-26T01:46:57.680364Z DEBUG netbaiot_transports::business_rpc::v3: business RPC V3 received frame stream_id=0 frame_type=WindowUpdate payload_bytes=4
2026-09-26T01:46:57.680408Z DEBUG netbaiot_transports::business_rpc::v3: business RPC V3 received frame stream_id=0 frame_type=WindowUpdate payload_bytes=4
2026-09-26T01:46:57.680421Z DEBUG netbaiot_transports::business_rpc::v3: business RPC V3 received frame stream_id=0 frame_type=WindowUpdate payload_bytes=4
2026-09-26T01:46:57.680428Z DEBUG netbaiot_transports::business_rpc::v3: business RPC V3 received frame stream_id=0 frame_type=WindowUpdate payload_bytes=4
2026-09-26T01:46:57.680434Z DEBUG netbaiot_transports::business_rpc::v3: business RPC V3 received frame stream_id=0 frame_type=WindowUpdate payload_bytes=4
2026-09-26T01:46:57.680440Z DEBUG netbaiot_transports::business_rpc::v3: business RPC V3 received frame stream_id=0 frame_type=WindowUpdate payload_bytes=4
2026-09-26T01:46:57.680445Z DEBUG netbaiot_transports::business_rpc::v3: business RPC V3 received frame stream_id=616 frame_type=Response payload_bytes=35
2026-09-26T01:46:57.680454Z DEBUG netbaiot_transports::business_rpc::v3: business RPC V3 received frame stream_id=610 frame_type=Response payload_bytes=35
2026-09-26T01:46:57.680461Z DEBUG netbaiot_transports::business_rpc::v3: business RPC V3 received frame stream_id=616 frame_type=Data payload_bytes=216
2026-09-26T01:46:57.680486Z DEBUG netbaiot_transports::business_rpc::v3: business RPC V3 received frame stream_id=610 frame_type=Data payload_bytes=216
2026-09-26T01:46:57.680501Z DEBUG netbaiot_transports::business_rpc::v3: business RPC V3 received frame stream_id=612 frame_type=Response payload_bytes=35
2026-09-26T01:46:57.680518Z DEBUG netbaiot_transports::business_rpc::v3: business RPC V3 selected frame stream_id=0 frame_type=WindowUpdate payload_bytes=4
2026-09-26T01:46:57.680509Z DEBUG netbaiot_transports::business_rpc::v3: business RPC V3 received frame stream_id=614 frame_type=Response payload_bytes=35
2026-09-26T01:46:57.680558Z DEBUG netbaiot_transports::business_rpc::v3: business RPC V3 writer completed frame stream_id=0 frame_type=WindowUpdate payload_bytes=4
2026-09-26T01:46:57.680559Z DEBUG netbaiot_transports::business_rpc::v3: business RPC V3 received frame stream_id=606 frame_type=Response payload_bytes=35
2026-09-26T01:46:57.680573Z DEBUG netbaiot_transports::business_rpc::v3: business RPC V3 selected frame stream_id=0 frame_type=WindowUpdate payload_bytes=4
2026-09-26T01:46:57.680589Z DEBUG netbaiot_transports::business_rpc::v3: business RPC V3 received frame stream_id=608 frame_type=Response payload_bytes=35
2026-09-26T01:46:57.680600Z DEBUG netbaiot_transports::business_rpc::v3: business RPC V3 writer completed frame stream_id=0 frame_type=WindowUpdate payload_bytes=4
2026-09-26T01:46:57.680618Z DEBUG netbaiot_transports::business_rpc::v3: business RPC V3 received frame stream_id=612 frame_type=Data payload_bytes=216
2026-09-26T01:46:57.680660Z DEBUG netbaiot_transports::business_rpc::v3: business RPC V3 selected frame stream_id=0 frame_type=WindowUpdate payload_bytes=4
2026-09-26T01:46:57.680675Z DEBUG netbaiot_transports::business_rpc::v3: business RPC V3 received frame stream_id=614 frame_type=Data payload_bytes=216
2026-09-26T01:46:57.680704Z DEBUG netbaiot_transports::business_rpc::v3: business RPC V3 writer completed frame stream_id=0 frame_type=WindowUpdate payload_bytes=4
2026-09-26T01:46:57.680722Z DEBUG netbaiot_transports::business_rpc::v3: business RPC V3 body entered scheduler stream_id=626 class=Event body_bytes=17366
2026-09-26T01:46:57.680728Z DEBUG netbaiot_transports::business_rpc::v3: business RPC V3 selected frame stream_id=626 frame_type=Open payload_bytes=184
2026-09-26T01:46:57.680713Z DEBUG netbaiot_transports::business_rpc::v3: business RPC V3 received frame stream_id=606 frame_type=Data payload_bytes=216
2026-09-26T01:46:57.680735Z DEBUG netbaiot_transports::business_rpc::v3: business RPC V3 writer completed frame stream_id=626 frame_type=Open payload_bytes=184
2026-09-26T01:46:57.680738Z DEBUG netbaiot_transports::business_rpc::v3: business RPC V3 selected frame stream_id=626 frame_type=Data payload_bytes=8192
2026-09-26T01:46:57.680741Z DEBUG netbaiot_transports::business_rpc::v3: business RPC V3 received frame stream_id=608 frame_type=Data payload_bytes=216
2026-09-26T01:46:57.680744Z DEBUG netbaiot_transports::business_rpc::v3: business RPC V3 writer completed frame stream_id=626 frame_type=Data payload_bytes=8192
2026-09-26T01:46:57.680774Z DEBUG netbaiot_transports::business_rpc::v3: business RPC V3 selected frame stream_id=0 frame_type=WindowUpdate payload_bytes=4
2026-09-26T01:46:57.680789Z DEBUG netbaiot_transports::business_rpc::v3: business RPC V3 writer completed frame stream_id=0 frame_type=WindowUpdate payload_bytes=4
2026-09-26T01:46:57.680797Z DEBUG netbaiot_transports::business_rpc::v3: business RPC V3 selected frame stream_id=0 frame_type=WindowUpdate payload_bytes=4
2026-09-26T01:46:57.680810Z DEBUG netbaiot_transports::business_rpc::v3: business RPC V3 writer completed frame stream_id=0 frame_type=WindowUpdate payload_bytes=4
2026-09-26T01:46:57.680817Z DEBUG netbaiot_transports::business_rpc::v3: business RPC V3 selected frame stream_id=0 frame_type=WindowUpdate payload_bytes=4
2026-09-26T01:46:57.680825Z DEBUG netbaiot_transports::business_rpc::v3: business RPC V3 writer completed frame stream_id=0 frame_type=WindowUpdate payload_bytes=4
2026-09-26T01:46:57.680832Z DEBUG netbaiot_transports::business_rpc::v3: business RPC V3 selected frame stream_id=626 frame_type=Data payload_bytes=8192
2026-09-26T01:46:57.680842Z DEBUG netbaiot_transports::business_rpc::v3: business RPC V3 writer completed frame stream_id=626 frame_type=Data payload_bytes=8192
2026-09-26T01:46:57.708282Z DEBUG netbaiot_transports::business_rpc::v3: business RPC V3 received frame stream_id=0 frame_type=WindowUpdate payload_bytes=4
2026-09-26T01:46:57.708320Z DEBUG netbaiot_transports::business_rpc::v3: business RPC V3 received frame stream_id=0 frame_type=WindowUpdate payload_bytes=4
2026-09-26T01:46:57.708331Z DEBUG netbaiot_transports::business_rpc::v3: business RPC V3 received frame stream_id=620 frame_type=Response payload_bytes=35
2026-09-26T01:46:57.708352Z DEBUG netbaiot_transports::business_rpc::v3: business RPC V3 received frame stream_id=620 frame_type=Data payload_bytes=216
2026-09-26T01:46:57.708394Z DEBUG netbaiot_transports::business_rpc::v3: business RPC V3 received frame stream_id=618 frame_type=Response payload_bytes=35
2026-09-26T01:46:57.708401Z DEBUG netbaiot_transports::business_rpc::v3: business RPC V3 selected frame stream_id=0 frame_type=WindowUpdate payload_bytes=4
2026-09-26T01:46:57.708415Z DEBUG netbaiot_transports::business_rpc::v3: business RPC V3 received frame stream_id=618 frame_type=Data payload_bytes=216
2026-09-26T01:46:57.708437Z DEBUG netbaiot_transports::business_rpc::v3: business RPC V3 writer completed frame stream_id=0 frame_type=WindowUpdate payload_bytes=4
2026-09-26T01:46:57.708446Z DEBUG netbaiot_transports::business_rpc::v3: business RPC V3 selected frame stream_id=0 frame_type=WindowUpdate payload_bytes=4
2026-09-26T01:46:57.708455Z DEBUG netbaiot_transports::business_rpc::v3: business RPC V3 writer completed frame stream_id=0 frame_type=WindowUpdate payload_bytes=4
2026-09-26T01:46:57.737806Z DEBUG netbaiot_transports::business_rpc::v3: business RPC V3 received frame stream_id=0 frame_type=WindowUpdate payload_bytes=4
2026-09-26T01:46:57.737822Z DEBUG netbaiot_transports::business_rpc::v3: business RPC V3 received frame stream_id=0 frame_type=WindowUpdate payload_bytes=4
2026-09-26T01:46:57.737826Z DEBUG netbaiot_transports::business_rpc::v3: business RPC V3 received frame stream_id=624 frame_type=Response payload_bytes=35
2026-09-26T01:46:57.737831Z DEBUG netbaiot_transports::business_rpc::v3: business RPC V3 received frame stream_id=622 frame_type=Response payload_bytes=35
2026-09-26T01:46:57.737834Z DEBUG netbaiot_transports::business_rpc::v3: business RPC V3 received frame stream_id=624 frame_type=Data payload_bytes=216
2026-09-26T01:46:57.737855Z DEBUG netbaiot_transports::business_rpc::v3: business RPC V3 received frame stream_id=622 frame_type=Data payload_bytes=216
2026-09-26T01:46:57.737867Z DEBUG netbaiot_transports::business_rpc::v3: business RPC V3 selected frame stream_id=0 frame_type=WindowUpdate payload_bytes=4
2026-09-26T01:46:57.737910Z DEBUG netbaiot_transports::business_rpc::v3: business RPC V3 writer completed frame stream_id=0 frame_type=WindowUpdate payload_bytes=4
2026-09-26T01:46:57.737932Z DEBUG netbaiot_transports::business_rpc::v3: business RPC V3 selected frame stream_id=0 frame_type=WindowUpdate payload_bytes=4
2026-09-26T01:46:57.737948Z DEBUG netbaiot_transports::business_rpc::v3: business RPC V3 writer completed frame stream_id=0 frame_type=WindowUpdate payload_bytes=4
2026-09-26T01:46:57.833895Z DEBUG netbaiot_transports::business_rpc::v3: business RPC V3 received frame stream_id=0 frame_type=WindowUpdate payload_bytes=4
2026-09-26T01:46:57.833943Z DEBUG netbaiot_transports::business_rpc::v3: business RPC V3 received frame stream_id=626 frame_type=WindowUpdate payload_bytes=4
2026-09-26T01:46:57.833998Z DEBUG netbaiot_transports::business_rpc::v3: business RPC V3 selected frame stream_id=626 frame_type=Data payload_bytes=982
2026-09-26T01:46:57.834046Z DEBUG netbaiot_transports::business_rpc::v3: business RPC V3 writer completed frame stream_id=626 frame_type=Data payload_bytes=982
2026-09-26T01:46:57.861375Z DEBUG netbaiot_transports::business_rpc::v3: business RPC V3 received frame stream_id=0 frame_type=WindowUpdate payload_bytes=4
2026-09-26T01:46:57.861402Z DEBUG netbaiot_transports::business_rpc::v3: business RPC V3 received frame stream_id=626 frame_type=WindowUpdate payload_bytes=4
2026-09-26T01:46:57.947570Z DEBUG netbaiot_transports::business_rpc::v3: business RPC V3 received frame stream_id=0 frame_type=WindowUpdate payload_bytes=4
2026-09-26T01:46:57.947599Z DEBUG netbaiot_transports::business_rpc::v3: business RPC V3 received frame stream_id=626 frame_type=Response payload_bytes=35
2026-09-26T01:46:57.947638Z DEBUG netbaiot_transports::business_rpc::v3: business RPC V3 received frame stream_id=626 frame_type=Data payload_bytes=118
2026-09-26T01:46:57.947652Z DEBUG netbaiot_transports::business_rpc::v3: business RPC V3 Event delivery acknowledged stream_id=626 completion_us=266979
2026-09-26T01:46:57.947679Z DEBUG netbaiot_transports::business_rpc::v3: business RPC V3 selected frame stream_id=0 frame_type=WindowUpdate payload_bytes=4
2026-09-26T01:46:57.947718Z DEBUG netbaiot_transports::business_rpc::v3: business RPC V3 writer completed frame stream_id=0 frame_type=WindowUpdate payload_bytes=4
2026-09-26T01:46:57.975025Z DEBUG netbaiot_transports::business_rpc::v3: business RPC V3 received frame stream_id=0 frame_type=Ping payload_bytes=8
2026-09-26T01:46:57.975064Z DEBUG netbaiot_transports::business_rpc::v3: business RPC V3 selected frame stream_id=0 frame_type=Pong payload_bytes=8
2026-09-26T01:46:57.975096Z DEBUG netbaiot_transports::business_rpc::v3: business RPC V3 writer completed frame stream_id=0 frame_type=Pong payload_bytes=8
2026-09-26T01:46:58.105504Z DEBUG netbaiot_transports::business_rpc::v3: business RPC V3 body entered scheduler stream_id=628 class=Rpc body_bytes=198
2026-09-26T01:46:58.105520Z DEBUG netbaiot_transports::business_rpc::v3: business RPC V3 selected frame stream_id=628 frame_type=Open payload_bytes=158
2026-09-26T01:46:58.105547Z DEBUG netbaiot_transports::business_rpc::v3: business RPC V3 writer completed frame stream_id=628 frame_type=Open payload_bytes=158
2026-09-26T01:46:58.105554Z DEBUG netbaiot_transports::business_rpc::v3: business RPC V3 selected frame stream_id=628 frame_type=Data payload_bytes=198
2026-09-26T01:46:58.105559Z DEBUG netbaiot_transports::business_rpc::v3: business RPC V3 writer completed frame stream_id=628 frame_type=Data payload_bytes=198
2026-09-26T01:46:58.130272Z DEBUG netbaiot_transports::business_rpc::v3: business RPC V3 body entered scheduler stream_id=630 class=Rpc body_bytes=198
2026-09-26T01:46:58.130291Z DEBUG netbaiot_transports::business_rpc::v3: business RPC V3 selected frame stream_id=630 frame_type=Open payload_bytes=158
2026-09-26T01:46:58.130307Z DEBUG netbaiot_transports::business_rpc::v3: business RPC V3 writer completed frame stream_id=630 frame_type=Open payload_bytes=158
2026-09-26T01:46:58.130312Z DEBUG netbaiot_transports::business_rpc::v3: business RPC V3 selected frame stream_id=630 frame_type=Data payload_bytes=198
2026-09-26T01:46:58.130316Z DEBUG netbaiot_transports::business_rpc::v3: business RPC V3 writer completed frame stream_id=630 frame_type=Data payload_bytes=198
2026-09-26T01:46:58.150220Z DEBUG netbaiot_transports::business_rpc::v3: business RPC V3 body entered scheduler stream_id=632 class=Rpc body_bytes=198
2026-09-26T01:46:58.150238Z DEBUG netbaiot_transports::business_rpc::v3: business RPC V3 selected frame stream_id=632 frame_type=Open payload_bytes=158
2026-09-26T01:46:58.150299Z DEBUG netbaiot_transports::business_rpc::v3: business RPC V3 writer completed frame stream_id=632 frame_type=Open payload_bytes=158
2026-09-26T01:46:58.150327Z DEBUG netbaiot_transports::business_rpc::v3: business RPC V3 selected frame stream_id=632 frame_type=Data payload_bytes=198
2026-09-26T01:46:58.150339Z DEBUG netbaiot_transports::business_rpc::v3: business RPC V3 writer completed frame stream_id=632 frame_type=Data payload_bytes=198
2026-09-26T01:46:58.159179Z DEBUG netbaiot_transports::business_rpc::v3: business RPC V3 body entered scheduler stream_id=634 class=Rpc body_bytes=198
2026-09-26T01:46:58.159201Z DEBUG netbaiot_transports::business_rpc::v3: business RPC V3 selected frame stream_id=634 frame_type=Open payload_bytes=158
2026-09-26T01:46:58.159233Z DEBUG netbaiot_transports::business_rpc::v3: business RPC V3 writer completed frame stream_id=634 frame_type=Open payload_bytes=158
2026-09-26T01:46:58.159254Z DEBUG netbaiot_transports::business_rpc::v3: business RPC V3 selected frame stream_id=634 frame_type=Data payload_bytes=198
2026-09-26T01:46:58.159265Z DEBUG netbaiot_transports::business_rpc::v3: business RPC V3 writer completed frame stream_id=634 frame_type=Data payload_bytes=198
2026-09-26T01:46:58.180170Z DEBUG netbaiot_transports::business_rpc::v3: business RPC V3 body entered scheduler stream_id=636 class=Event body_bytes=17366
2026-09-26T01:46:58.180189Z DEBUG netbaiot_transports::business_rpc::v3: business RPC V3 selected frame stream_id=636 frame_type=Open payload_bytes=184
2026-09-26T01:46:58.180198Z DEBUG netbaiot_transports::business_rpc::v3: business RPC V3 writer completed frame stream_id=636 frame_type=Open payload_bytes=184
2026-09-26T01:46:58.180201Z DEBUG netbaiot_transports::business_rpc::v3: business RPC V3 selected frame stream_id=636 frame_type=Data payload_bytes=8192
2026-09-26T01:46:58.180206Z DEBUG netbaiot_transports::business_rpc::v3: business RPC V3 writer completed frame stream_id=636 frame_type=Data payload_bytes=8192
2026-09-26T01:46:58.180211Z DEBUG netbaiot_transports::business_rpc::v3: business RPC V3 selected frame stream_id=636 frame_type=Data payload_bytes=8192
2026-09-26T01:46:58.180218Z DEBUG netbaiot_transports::business_rpc::v3: business RPC V3 writer completed frame stream_id=636 frame_type=Data payload_bytes=8192
2026-09-26T01:46:58.189163Z DEBUG netbaiot_transports::business_rpc::v3: business RPC V3 body entered scheduler stream_id=638 class=Rpc body_bytes=198
2026-09-26T01:46:58.189175Z DEBUG netbaiot_transports::business_rpc::v3: business RPC V3 selected frame stream_id=638 frame_type=Open payload_bytes=158
2026-09-26T01:46:58.189184Z DEBUG netbaiot_transports::business_rpc::v3: business RPC V3 writer completed frame stream_id=638 frame_type=Open payload_bytes=158
2026-09-26T01:46:58.189188Z DEBUG netbaiot_transports::business_rpc::v3: business RPC V3 selected frame stream_id=638 frame_type=Data payload_bytes=198
2026-09-26T01:46:58.189222Z DEBUG netbaiot_transports::business_rpc::v3: business RPC V3 writer completed frame stream_id=638 frame_type=Data payload_bytes=198
2026-09-26T01:46:58.198076Z DEBUG netbaiot_transports::business_rpc::v3: business RPC V3 body entered scheduler stream_id=640 class=Rpc body_bytes=198
2026-09-26T01:46:58.198093Z DEBUG netbaiot_transports::business_rpc::v3: business RPC V3 selected frame stream_id=640 frame_type=Open payload_bytes=158
2026-09-26T01:46:58.198104Z DEBUG netbaiot_transports::business_rpc::v3: business RPC V3 writer completed frame stream_id=640 frame_type=Open payload_bytes=158
2026-09-26T01:46:58.198109Z DEBUG netbaiot_transports::business_rpc::v3: business RPC V3 selected frame stream_id=640 frame_type=Data payload_bytes=198
2026-09-26T01:46:58.198113Z DEBUG netbaiot_transports::business_rpc::v3: business RPC V3 writer completed frame stream_id=640 frame_type=Data payload_bytes=198
2026-09-26T01:46:58.199421Z DEBUG netbaiot_transports::business_rpc::v3: business RPC V3 body entered scheduler stream_id=642 class=Rpc body_bytes=198
2026-09-26T01:46:58.199430Z DEBUG netbaiot_transports::business_rpc::v3: business RPC V3 selected frame stream_id=642 frame_type=Open payload_bytes=158
2026-09-26T01:46:58.199438Z DEBUG netbaiot_transports::business_rpc::v3: business RPC V3 writer completed frame stream_id=642 frame_type=Open payload_bytes=158
2026-09-26T01:46:58.199442Z DEBUG netbaiot_transports::business_rpc::v3: business RPC V3 selected frame stream_id=642 frame_type=Data payload_bytes=198
2026-09-26T01:46:58.199446Z DEBUG netbaiot_transports::business_rpc::v3: business RPC V3 writer completed frame stream_id=642 frame_type=Data payload_bytes=198
2026-09-26T01:46:58.199464Z DEBUG netbaiot_transports::business_rpc::v3: business RPC V3 body entered scheduler stream_id=644 class=Rpc body_bytes=198
2026-09-26T01:46:58.199469Z DEBUG netbaiot_transports::business_rpc::v3: business RPC V3 selected frame stream_id=644 frame_type=Open payload_bytes=158
2026-09-26T01:46:58.199477Z DEBUG netbaiot_transports::business_rpc::v3: business RPC V3 writer completed frame stream_id=644 frame_type=Open payload_bytes=158
2026-09-26T01:46:58.199480Z DEBUG netbaiot_transports::business_rpc::v3: business RPC V3 selected frame stream_id=644 frame_type=Data payload_bytes=198
2026-09-26T01:46:58.199483Z DEBUG netbaiot_transports::business_rpc::v3: business RPC V3 writer completed frame stream_id=644 frame_type=Data payload_bytes=198
2026-09-26T01:46:58.200789Z DEBUG netbaiot_transports::business_rpc::v3: business RPC V3 body entered scheduler stream_id=646 class=Rpc body_bytes=198
2026-09-26T01:46:58.200793Z DEBUG netbaiot_transports::business_rpc::v3: business RPC V3 selected frame stream_id=646 frame_type=Open payload_bytes=158
2026-09-26T01:46:58.200798Z DEBUG netbaiot_transports::business_rpc::v3: business RPC V3 writer completed frame stream_id=646 frame_type=Open payload_bytes=158
2026-09-26T01:46:58.200801Z DEBUG netbaiot_transports::business_rpc::v3: business RPC V3 selected frame stream_id=646 frame_type=Data payload_bytes=198
2026-09-26T01:46:58.200811Z DEBUG netbaiot_transports::business_rpc::v3: business RPC V3 writer completed frame stream_id=646 frame_type=Data payload_bytes=198
2026-09-26T01:46:58.216016Z DEBUG netbaiot_transports::business_rpc::v3: business RPC V3 received frame stream_id=0 frame_type=WindowUpdate payload_bytes=4
2026-09-26T01:46:58.216031Z DEBUG netbaiot_transports::business_rpc::v3: business RPC V3 received frame stream_id=0 frame_type=WindowUpdate payload_bytes=4
2026-09-26T01:46:58.216034Z DEBUG netbaiot_transports::business_rpc::v3: business RPC V3 received frame stream_id=630 frame_type=Response payload_bytes=35
2026-09-26T01:46:58.216039Z DEBUG netbaiot_transports::business_rpc::v3: business RPC V3 received frame stream_id=630 frame_type=Data payload_bytes=216
2026-09-26T01:46:58.216075Z DEBUG netbaiot_transports::business_rpc::v3: business RPC V3 received frame stream_id=628 frame_type=Response payload_bytes=35
2026-09-26T01:46:58.216080Z DEBUG netbaiot_transports::business_rpc::v3: business RPC V3 selected frame stream_id=0 frame_type=WindowUpdate payload_bytes=4
2026-09-26T01:46:58.216085Z DEBUG netbaiot_transports::business_rpc::v3: business RPC V3 received frame stream_id=628 frame_type=Data payload_bytes=216
2026-09-26T01:46:58.216143Z DEBUG netbaiot_transports::business_rpc::v3: business RPC V3 writer completed frame stream_id=0 frame_type=WindowUpdate payload_bytes=4
2026-09-26T01:46:58.216164Z DEBUG netbaiot_transports::business_rpc::v3: business RPC V3 selected frame stream_id=0 frame_type=WindowUpdate payload_bytes=4
2026-09-26T01:46:58.216176Z DEBUG netbaiot_transports::business_rpc::v3: business RPC V3 writer completed frame stream_id=0 frame_type=WindowUpdate payload_bytes=4
2026-09-26T01:46:58.216517Z DEBUG netbaiot_transports::business_rpc::v3: business RPC V3 body entered scheduler stream_id=648 class=Rpc body_bytes=198
2026-09-26T01:46:58.216523Z DEBUG netbaiot_transports::business_rpc::v3: business RPC V3 selected frame stream_id=648 frame_type=Open payload_bytes=158
2026-09-26T01:46:58.216529Z DEBUG netbaiot_transports::business_rpc::v3: business RPC V3 writer completed frame stream_id=648 frame_type=Open payload_bytes=158
2026-09-26T01:46:58.216532Z DEBUG netbaiot_transports::business_rpc::v3: business RPC V3 selected frame stream_id=648 frame_type=Data payload_bytes=198
2026-09-26T01:46:58.216535Z DEBUG netbaiot_transports::business_rpc::v3: business RPC V3 writer completed frame stream_id=648 frame_type=Data payload_bytes=198
2026-09-26T01:46:58.216692Z DEBUG netbaiot_transports::business_rpc::v3: business RPC V3 body entered scheduler stream_id=650 class=Rpc body_bytes=198
2026-09-26T01:46:58.216698Z DEBUG netbaiot_transports::business_rpc::v3: business RPC V3 selected frame stream_id=650 frame_type=Open payload_bytes=158
2026-09-26T01:46:58.216705Z DEBUG netbaiot_transports::business_rpc::v3: business RPC V3 writer completed frame stream_id=650 frame_type=Open payload_bytes=158
2026-09-26T01:46:58.216709Z DEBUG netbaiot_transports::business_rpc::v3: business RPC V3 selected frame stream_id=650 frame_type=Data payload_bytes=198
2026-09-26T01:46:58.216713Z DEBUG netbaiot_transports::business_rpc::v3: business RPC V3 writer completed frame stream_id=650 frame_type=Data payload_bytes=198
2026-09-26T01:46:58.216783Z DEBUG netbaiot_transports::business_rpc::v3: business RPC V3 body entered scheduler stream_id=652 class=Rpc body_bytes=198
2026-09-26T01:46:58.216810Z DEBUG netbaiot_transports::business_rpc::v3: business RPC V3 selected frame stream_id=652 frame_type=Open payload_bytes=158
2026-09-26T01:46:58.216848Z DEBUG netbaiot_transports::business_rpc::v3: business RPC V3 writer completed frame stream_id=652 frame_type=Open payload_bytes=158
2026-09-26T01:46:58.216852Z DEBUG netbaiot_transports::business_rpc::v3: business RPC V3 selected frame stream_id=652 frame_type=Data payload_bytes=198
2026-09-26T01:46:58.216858Z DEBUG netbaiot_transports::business_rpc::v3: business RPC V3 writer completed frame stream_id=652 frame_type=Data payload_bytes=198
2026-09-26T01:46:58.225667Z DEBUG netbaiot_transports::business_rpc::v3: business RPC V3 body entered scheduler stream_id=654 class=Rpc body_bytes=198
2026-09-26T01:46:58.225674Z DEBUG netbaiot_transports::business_rpc::v3: business RPC V3 selected frame stream_id=654 frame_type=Open payload_bytes=158
2026-09-26T01:46:58.225681Z DEBUG netbaiot_transports::business_rpc::v3: business RPC V3 writer completed frame stream_id=654 frame_type=Open payload_bytes=158
2026-09-26T01:46:58.225685Z DEBUG netbaiot_transports::business_rpc::v3: business RPC V3 selected frame stream_id=654 frame_type=Data payload_bytes=198
2026-09-26T01:46:58.225704Z DEBUG netbaiot_transports::business_rpc::v3: business RPC V3 writer completed frame stream_id=654 frame_type=Data payload_bytes=198
2026-09-26T01:46:58.245551Z DEBUG netbaiot_transports::business_rpc::v3: business RPC V3 received frame stream_id=0 frame_type=WindowUpdate payload_bytes=4
2026-09-26T01:46:58.245596Z DEBUG netbaiot_transports::business_rpc::v3: business RPC V3 received frame stream_id=0 frame_type=WindowUpdate payload_bytes=4
2026-09-26T01:46:58.245617Z DEBUG netbaiot_transports::business_rpc::v3: business RPC V3 received frame stream_id=634 frame_type=Response payload_bytes=35
2026-09-26T01:46:58.245628Z DEBUG netbaiot_transports::business_rpc::v3: business RPC V3 received frame stream_id=634 frame_type=Data payload_bytes=216
2026-09-26T01:46:58.245704Z DEBUG netbaiot_transports::business_rpc::v3: business RPC V3 received frame stream_id=632 frame_type=Response payload_bytes=35
2026-09-26T01:46:58.245711Z DEBUG netbaiot_transports::business_rpc::v3: business RPC V3 received frame stream_id=632 frame_type=Data payload_bytes=216
2026-09-26T01:46:58.245732Z DEBUG netbaiot_transports::business_rpc::v3: business RPC V3 selected frame stream_id=0 frame_type=WindowUpdate payload_bytes=4
2026-09-26T01:46:58.245768Z DEBUG netbaiot_transports::business_rpc::v3: business RPC V3 writer completed frame stream_id=0 frame_type=WindowUpdate payload_bytes=4
2026-09-26T01:46:58.245778Z DEBUG netbaiot_transports::business_rpc::v3: business RPC V3 selected frame stream_id=0 frame_type=WindowUpdate payload_bytes=4
2026-09-26T01:46:58.245783Z DEBUG netbaiot_transports::business_rpc::v3: business RPC V3 writer completed frame stream_id=0 frame_type=WindowUpdate payload_bytes=4
2026-09-26T01:46:58.246322Z DEBUG netbaiot_transports::business_rpc::v3: business RPC V3 body entered scheduler stream_id=656 class=Rpc body_bytes=198
2026-09-26T01:46:58.246327Z DEBUG netbaiot_transports::business_rpc::v3: business RPC V3 body entered scheduler stream_id=658 class=Rpc body_bytes=198
2026-09-26T01:46:58.246330Z DEBUG netbaiot_transports::business_rpc::v3: business RPC V3 selected frame stream_id=656 frame_type=Open payload_bytes=158
2026-09-26T01:46:58.246337Z DEBUG netbaiot_transports::business_rpc::v3: business RPC V3 writer completed frame stream_id=656 frame_type=Open payload_bytes=158
2026-09-26T01:46:58.246340Z DEBUG netbaiot_transports::business_rpc::v3: business RPC V3 selected frame stream_id=658 frame_type=Open payload_bytes=158
2026-09-26T01:46:58.246343Z DEBUG netbaiot_transports::business_rpc::v3: business RPC V3 writer completed frame stream_id=658 frame_type=Open payload_bytes=158
2026-09-26T01:46:58.246362Z DEBUG netbaiot_transports::business_rpc::v3: business RPC V3 selected frame stream_id=656 frame_type=Data payload_bytes=198
2026-09-26T01:46:58.246367Z DEBUG netbaiot_transports::business_rpc::v3: business RPC V3 writer completed frame stream_id=656 frame_type=Data payload_bytes=198
2026-09-26T01:46:58.246370Z DEBUG netbaiot_transports::business_rpc::v3: business RPC V3 selected frame stream_id=658 frame_type=Data payload_bytes=198
2026-09-26T01:46:58.246374Z DEBUG netbaiot_transports::business_rpc::v3: business RPC V3 writer completed frame stream_id=658 frame_type=Data payload_bytes=198
2026-09-26T01:46:58.334106Z DEBUG netbaiot_transports::business_rpc::v3: business RPC V3 received frame stream_id=0 frame_type=WindowUpdate payload_bytes=4
2026-09-26T01:46:58.334140Z DEBUG netbaiot_transports::business_rpc::v3: business RPC V3 received frame stream_id=636 frame_type=WindowUpdate payload_bytes=4
2026-09-26T01:46:58.334150Z DEBUG netbaiot_transports::business_rpc::v3: business RPC V3 selected frame stream_id=636 frame_type=Data payload_bytes=982
2026-09-26T01:46:58.334164Z DEBUG netbaiot_transports::business_rpc::v3: business RPC V3 writer completed frame stream_id=636 frame_type=Data payload_bytes=982
2026-09-26T01:46:58.373439Z DEBUG netbaiot_transports::business_rpc::v3: business RPC V3 received frame stream_id=0 frame_type=WindowUpdate payload_bytes=4
2026-09-26T01:46:58.373464Z DEBUG netbaiot_transports::business_rpc::v3: business RPC V3 received frame stream_id=636 frame_type=WindowUpdate payload_bytes=4
2026-09-26T01:46:58.373468Z DEBUG netbaiot_transports::business_rpc::v3: business RPC V3 received frame stream_id=0 frame_type=WindowUpdate payload_bytes=4
2026-09-26T01:46:58.373477Z DEBUG netbaiot_transports::business_rpc::v3: business RPC V3 received frame stream_id=0 frame_type=WindowUpdate payload_bytes=4
2026-09-26T01:46:58.373480Z DEBUG netbaiot_transports::business_rpc::v3: business RPC V3 received frame stream_id=0 frame_type=WindowUpdate payload_bytes=4
2026-09-26T01:46:58.373483Z DEBUG netbaiot_transports::business_rpc::v3: business RPC V3 received frame stream_id=0 frame_type=WindowUpdate payload_bytes=4
2026-09-26T01:46:58.373486Z DEBUG netbaiot_transports::business_rpc::v3: business RPC V3 received frame stream_id=0 frame_type=WindowUpdate payload_bytes=4
2026-09-26T01:46:58.373488Z DEBUG netbaiot_transports::business_rpc::v3: business RPC V3 received frame stream_id=0 frame_type=WindowUpdate payload_bytes=4
2026-09-26T01:46:58.373491Z DEBUG netbaiot_transports::business_rpc::v3: business RPC V3 received frame stream_id=0 frame_type=WindowUpdate payload_bytes=4
2026-09-26T01:46:58.373493Z DEBUG netbaiot_transports::business_rpc::v3: business RPC V3 received frame stream_id=0 frame_type=WindowUpdate payload_bytes=4
2026-09-26T01:46:58.373495Z DEBUG netbaiot_transports::business_rpc::v3: business RPC V3 received frame stream_id=0 frame_type=WindowUpdate payload_bytes=4
2026-09-26T01:46:58.373497Z DEBUG netbaiot_transports::business_rpc::v3: business RPC V3 received frame stream_id=0 frame_type=WindowUpdate payload_bytes=4
2026-09-26T01:46:58.373500Z DEBUG netbaiot_transports::business_rpc::v3: business RPC V3 received frame stream_id=0 frame_type=WindowUpdate payload_bytes=4
2026-09-26T01:46:58.373502Z DEBUG netbaiot_transports::business_rpc::v3: business RPC V3 received frame stream_id=658 frame_type=Response payload_bytes=35
2026-09-26T01:46:58.373509Z DEBUG netbaiot_transports::business_rpc::v3: business RPC V3 received frame stream_id=638 frame_type=Response payload_bytes=35
2026-09-26T01:46:58.373512Z DEBUG netbaiot_transports::business_rpc::v3: business RPC V3 received frame stream_id=640 frame_type=Response payload_bytes=35
2026-09-26T01:46:58.373514Z DEBUG netbaiot_transports::business_rpc::v3: business RPC V3 received frame stream_id=650 frame_type=Response payload_bytes=35
2026-09-26T01:46:58.373516Z DEBUG netbaiot_transports::business_rpc::v3: business RPC V3 received frame stream_id=658 frame_type=Data payload_bytes=216
2026-09-26T01:46:58.373533Z DEBUG netbaiot_transports::business_rpc::v3: business RPC V3 received frame stream_id=648 frame_type=Response payload_bytes=35
2026-09-26T01:46:58.373535Z DEBUG netbaiot_transports::business_rpc::v3: business RPC V3 received frame stream_id=642 frame_type=Response payload_bytes=35
2026-09-26T01:46:58.373538Z DEBUG netbaiot_transports::business_rpc::v3: business RPC V3 received frame stream_id=644 frame_type=Response payload_bytes=35
2026-09-26T01:46:58.373540Z DEBUG netbaiot_transports::business_rpc::v3: business RPC V3 received frame stream_id=646 frame_type=Response payload_bytes=35
2026-09-26T01:46:58.373542Z DEBUG netbaiot_transports::business_rpc::v3: business RPC V3 received frame stream_id=638 frame_type=Data payload_bytes=216
2026-09-26T01:46:58.373547Z DEBUG netbaiot_transports::business_rpc::v3: business RPC V3 received frame stream_id=652 frame_type=Response payload_bytes=35
2026-09-26T01:46:58.373551Z DEBUG netbaiot_transports::business_rpc::v3: business RPC V3 received frame stream_id=656 frame_type=Response payload_bytes=35
2026-09-26T01:46:58.373554Z DEBUG netbaiot_transports::business_rpc::v3: business RPC V3 received frame stream_id=654 frame_type=Response payload_bytes=35
2026-09-26T01:46:58.373556Z DEBUG netbaiot_transports::business_rpc::v3: business RPC V3 received frame stream_id=640 frame_type=Data payload_bytes=216
2026-09-26T01:46:58.373562Z DEBUG netbaiot_transports::business_rpc::v3: business RPC V3 received frame stream_id=650 frame_type=Data payload_bytes=216
2026-09-26T01:46:58.373566Z DEBUG netbaiot_transports::business_rpc::v3: business RPC V3 received frame stream_id=648 frame_type=Data payload_bytes=216
2026-09-26T01:46:58.373571Z DEBUG netbaiot_transports::business_rpc::v3: business RPC V3 received frame stream_id=642 frame_type=Data payload_bytes=216
2026-09-26T01:46:58.373595Z DEBUG netbaiot_transports::business_rpc::v3: business RPC V3 selected frame stream_id=0 frame_type=WindowUpdate payload_bytes=4
2026-09-26T01:46:58.373608Z DEBUG netbaiot_transports::business_rpc::v3: business RPC V3 writer completed frame stream_id=0 frame_type=WindowUpdate payload_bytes=4
2026-09-26T01:46:58.373610Z DEBUG netbaiot_transports::business_rpc::v3: business RPC V3 selected frame stream_id=0 frame_type=WindowUpdate payload_bytes=4
2026-09-26T01:46:58.373613Z DEBUG netbaiot_transports::business_rpc::v3: business RPC V3 writer completed frame stream_id=0 frame_type=WindowUpdate payload_bytes=4
2026-09-26T01:46:58.373616Z DEBUG netbaiot_transports::business_rpc::v3: business RPC V3 selected frame stream_id=0 frame_type=WindowUpdate payload_bytes=4
2026-09-26T01:46:58.373619Z DEBUG netbaiot_transports::business_rpc::v3: business RPC V3 writer completed frame stream_id=0 frame_type=WindowUpdate payload_bytes=4
2026-09-26T01:46:58.373621Z DEBUG netbaiot_transports::business_rpc::v3: business RPC V3 selected frame stream_id=0 frame_type=WindowUpdate payload_bytes=4
2026-09-26T01:46:58.373624Z DEBUG netbaiot_transports::business_rpc::v3: business RPC V3 writer completed frame stream_id=0 frame_type=WindowUpdate payload_bytes=4
2026-09-26T01:46:58.373627Z DEBUG netbaiot_transports::business_rpc::v3: business RPC V3 selected frame stream_id=0 frame_type=WindowUpdate payload_bytes=4
2026-09-26T01:46:58.373630Z DEBUG netbaiot_transports::business_rpc::v3: business RPC V3 writer completed frame stream_id=0 frame_type=WindowUpdate payload_bytes=4
2026-09-26T01:46:58.373645Z DEBUG netbaiot_transports::business_rpc::v3: business RPC V3 selected frame stream_id=0 frame_type=WindowUpdate payload_bytes=4
2026-09-26T01:46:58.373656Z DEBUG netbaiot_transports::business_rpc::v3: business RPC V3 writer completed frame stream_id=0 frame_type=WindowUpdate payload_bytes=4
2026-09-26T01:46:58.373671Z DEBUG netbaiot_transports::business_rpc::v3: business RPC V3 received frame stream_id=644 frame_type=Data payload_bytes=216
2026-09-26T01:46:58.373682Z DEBUG netbaiot_transports::business_rpc::v3: business RPC V3 received frame stream_id=646 frame_type=Data payload_bytes=216
2026-09-26T01:46:58.373693Z DEBUG netbaiot_transports::business_rpc::v3: business RPC V3 received frame stream_id=652 frame_type=Data payload_bytes=216
2026-09-26T01:46:58.373699Z DEBUG netbaiot_transports::business_rpc::v3: business RPC V3 received frame stream_id=656 frame_type=Data payload_bytes=216
2026-09-26T01:46:58.373704Z DEBUG netbaiot_transports::business_rpc::v3: business RPC V3 received frame stream_id=654 frame_type=Data payload_bytes=216
2026-09-26T01:46:58.373879Z DEBUG netbaiot_transports::business_rpc::v3: business RPC V3 selected frame stream_id=0 frame_type=WindowUpdate payload_bytes=4
2026-09-26T01:46:58.373912Z DEBUG netbaiot_transports::business_rpc::v3: business RPC V3 writer completed frame stream_id=0 frame_type=WindowUpdate payload_bytes=4
2026-09-26T01:46:58.373924Z DEBUG netbaiot_transports::business_rpc::v3: business RPC V3 selected frame stream_id=0 frame_type=WindowUpdate payload_bytes=4
2026-09-26T01:46:58.373962Z DEBUG netbaiot_transports::business_rpc::v3: business RPC V3 writer completed frame stream_id=0 frame_type=WindowUpdate payload_bytes=4
2026-09-26T01:46:58.373976Z DEBUG netbaiot_transports::business_rpc::v3: business RPC V3 selected frame stream_id=0 frame_type=WindowUpdate payload_bytes=4
2026-09-26T01:46:58.373988Z DEBUG netbaiot_transports::business_rpc::v3: business RPC V3 writer completed frame stream_id=0 frame_type=WindowUpdate payload_bytes=4
2026-09-26T01:46:58.373995Z DEBUG netbaiot_transports::business_rpc::v3: business RPC V3 selected frame stream_id=0 frame_type=WindowUpdate payload_bytes=4
2026-09-26T01:46:58.374004Z DEBUG netbaiot_transports::business_rpc::v3: business RPC V3 writer completed frame stream_id=0 frame_type=WindowUpdate payload_bytes=4
2026-09-26T01:46:58.374010Z DEBUG netbaiot_transports::business_rpc::v3: business RPC V3 selected frame stream_id=0 frame_type=WindowUpdate payload_bytes=4
2026-09-26T01:46:58.374019Z DEBUG netbaiot_transports::business_rpc::v3: business RPC V3 writer completed frame stream_id=0 frame_type=WindowUpdate payload_bytes=4
2026-09-26T01:46:58.376065Z DEBUG netbaiot_transports::business_rpc::v3: business RPC V3 body entered scheduler stream_id=660 class=Rpc body_bytes=198
2026-09-26T01:46:58.376101Z DEBUG netbaiot_transports::business_rpc::v3: business RPC V3 selected frame stream_id=660 frame_type=Open payload_bytes=158
2026-09-26T01:46:58.376120Z DEBUG netbaiot_transports::business_rpc::v3: business RPC V3 writer completed frame stream_id=660 frame_type=Open payload_bytes=158
2026-09-26T01:46:58.376129Z DEBUG netbaiot_transports::business_rpc::v3: business RPC V3 selected frame stream_id=660 frame_type=Data payload_bytes=198
2026-09-26T01:46:58.376138Z DEBUG netbaiot_transports::business_rpc::v3: business RPC V3 writer completed frame stream_id=660 frame_type=Data payload_bytes=198
2026-09-26T01:46:58.376157Z DEBUG netbaiot_transports::business_rpc::v3: business RPC V3 body entered scheduler stream_id=662 class=Rpc body_bytes=198
2026-09-26T01:46:58.376171Z DEBUG netbaiot_transports::business_rpc::v3: business RPC V3 selected frame stream_id=662 frame_type=Open payload_bytes=158
2026-09-26T01:46:58.376181Z DEBUG netbaiot_transports::business_rpc::v3: business RPC V3 writer completed frame stream_id=662 frame_type=Open payload_bytes=158
2026-09-26T01:46:58.376188Z DEBUG netbaiot_transports::business_rpc::v3: business RPC V3 selected frame stream_id=662 frame_type=Data payload_bytes=198
2026-09-26T01:46:58.376197Z DEBUG netbaiot_transports::business_rpc::v3: business RPC V3 writer completed frame stream_id=662 frame_type=Data payload_bytes=198
2026-09-26T01:46:58.376203Z DEBUG netbaiot_transports::business_rpc::v3: business RPC V3 body entered scheduler stream_id=664 class=Rpc body_bytes=198
2026-09-26T01:46:58.376208Z DEBUG netbaiot_transports::business_rpc::v3: business RPC V3 selected frame stream_id=664 frame_type=Open payload_bytes=158
2026-09-26T01:46:58.376215Z DEBUG netbaiot_transports::business_rpc::v3: business RPC V3 writer completed frame stream_id=664 frame_type=Open payload_bytes=158
2026-09-26T01:46:58.376222Z DEBUG netbaiot_transports::business_rpc::v3: business RPC V3 selected frame stream_id=664 frame_type=Data payload_bytes=198
2026-09-26T01:46:58.376231Z DEBUG netbaiot_transports::business_rpc::v3: business RPC V3 writer completed frame stream_id=664 frame_type=Data payload_bytes=198
2026-09-26T01:46:58.376252Z DEBUG netbaiot_transports::business_rpc::v3: business RPC V3 body entered scheduler stream_id=666 class=Rpc body_bytes=198
2026-09-26T01:46:58.376261Z DEBUG netbaiot_transports::business_rpc::v3: business RPC V3 selected frame stream_id=666 frame_type=Open payload_bytes=158
2026-09-26T01:46:58.376271Z DEBUG netbaiot_transports::business_rpc::v3: business RPC V3 writer completed frame stream_id=666 frame_type=Open payload_bytes=158
2026-09-26T01:46:58.376277Z DEBUG netbaiot_transports::business_rpc::v3: business RPC V3 selected frame stream_id=666 frame_type=Data payload_bytes=198
2026-09-26T01:46:58.376285Z DEBUG netbaiot_transports::business_rpc::v3: business RPC V3 writer completed frame stream_id=666 frame_type=Data payload_bytes=198
2026-09-26T01:46:58.376295Z DEBUG netbaiot_transports::business_rpc::v3: business RPC V3 body entered scheduler stream_id=668 class=Rpc body_bytes=198
2026-09-26T01:46:58.376303Z DEBUG netbaiot_transports::business_rpc::v3: business RPC V3 selected frame stream_id=668 frame_type=Open payload_bytes=158
2026-09-26T01:46:58.376311Z DEBUG netbaiot_transports::business_rpc::v3: business RPC V3 writer completed frame stream_id=668 frame_type=Open payload_bytes=158
2026-09-26T01:46:58.376317Z DEBUG netbaiot_transports::business_rpc::v3: business RPC V3 selected frame stream_id=668 frame_type=Data payload_bytes=198
2026-09-26T01:46:58.376326Z DEBUG netbaiot_transports::business_rpc::v3: business RPC V3 writer completed frame stream_id=668 frame_type=Data payload_bytes=198
2026-09-26T01:46:58.376348Z DEBUG netbaiot_transports::business_rpc::v3: business RPC V3 body entered scheduler stream_id=670 class=Rpc body_bytes=198
2026-09-26T01:46:58.376358Z DEBUG netbaiot_transports::business_rpc::v3: business RPC V3 selected frame stream_id=670 frame_type=Open payload_bytes=158
2026-09-26T01:46:58.376367Z DEBUG netbaiot_transports::business_rpc::v3: business RPC V3 writer completed frame stream_id=670 frame_type=Open payload_bytes=158
2026-09-26T01:46:58.376375Z DEBUG netbaiot_transports::business_rpc::v3: business RPC V3 selected frame stream_id=670 frame_type=Data payload_bytes=198
2026-09-26T01:46:58.376384Z DEBUG netbaiot_transports::business_rpc::v3: business RPC V3 writer completed frame stream_id=670 frame_type=Data payload_bytes=198
2026-09-26T01:46:58.376389Z DEBUG netbaiot_transports::business_rpc::v3: business RPC V3 body entered scheduler stream_id=672 class=Rpc body_bytes=198
2026-09-26T01:46:58.376394Z DEBUG netbaiot_transports::business_rpc::v3: business RPC V3 selected frame stream_id=672 frame_type=Open payload_bytes=158
2026-09-26T01:46:58.376402Z DEBUG netbaiot_transports::business_rpc::v3: business RPC V3 writer completed frame stream_id=672 frame_type=Open payload_bytes=158
2026-09-26T01:46:58.376408Z DEBUG netbaiot_transports::business_rpc::v3: business RPC V3 selected frame stream_id=672 frame_type=Data payload_bytes=198
2026-09-26T01:46:58.376416Z DEBUG netbaiot_transports::business_rpc::v3: business RPC V3 writer completed frame stream_id=672 frame_type=Data payload_bytes=198
2026-09-26T01:46:58.376444Z DEBUG netbaiot_transports::business_rpc::v3: business RPC V3 body entered scheduler stream_id=674 class=Rpc body_bytes=198
2026-09-26T01:46:58.376452Z DEBUG netbaiot_transports::business_rpc::v3: business RPC V3 selected frame stream_id=674 frame_type=Open payload_bytes=158
2026-09-26T01:46:58.376460Z DEBUG netbaiot_transports::business_rpc::v3: business RPC V3 writer completed frame stream_id=674 frame_type=Open payload_bytes=158
2026-09-26T01:46:58.376467Z DEBUG netbaiot_transports::business_rpc::v3: business RPC V3 selected frame stream_id=674 frame_type=Data payload_bytes=198
2026-09-26T01:46:58.376474Z DEBUG netbaiot_transports::business_rpc::v3: business RPC V3 writer completed frame stream_id=674 frame_type=Data payload_bytes=198
2026-09-26T01:46:58.376536Z DEBUG netbaiot_transports::business_rpc::v3: business RPC V3 body entered scheduler stream_id=676 class=Rpc body_bytes=198
2026-09-26T01:46:58.376545Z DEBUG netbaiot_transports::business_rpc::v3: business RPC V3 selected frame stream_id=676 frame_type=Open payload_bytes=158
2026-09-26T01:46:58.376553Z DEBUG netbaiot_transports::business_rpc::v3: business RPC V3 writer completed frame stream_id=676 frame_type=Open payload_bytes=158
2026-09-26T01:46:58.376559Z DEBUG netbaiot_transports::business_rpc::v3: business RPC V3 selected frame stream_id=676 frame_type=Data payload_bytes=198
2026-09-26T01:46:58.376566Z DEBUG netbaiot_transports::business_rpc::v3: business RPC V3 writer completed frame stream_id=676 frame_type=Data payload_bytes=198
2026-09-26T01:46:58.376633Z DEBUG netbaiot_transports::business_rpc::v3: business RPC V3 body entered scheduler stream_id=678 class=Rpc body_bytes=198
2026-09-26T01:46:58.376640Z DEBUG netbaiot_transports::business_rpc::v3: business RPC V3 selected frame stream_id=678 frame_type=Open payload_bytes=158
2026-09-26T01:46:58.376648Z DEBUG netbaiot_transports::business_rpc::v3: business RPC V3 writer completed frame stream_id=678 frame_type=Open payload_bytes=158
2026-09-26T01:46:58.376654Z DEBUG netbaiot_transports::business_rpc::v3: business RPC V3 selected frame stream_id=678 frame_type=Data payload_bytes=198
2026-09-26T01:46:58.376666Z DEBUG netbaiot_transports::business_rpc::v3: business RPC V3 writer completed frame stream_id=678 frame_type=Data payload_bytes=198
2026-09-26T01:46:58.376720Z DEBUG netbaiot_transports::business_rpc::v3: business RPC V3 body entered scheduler stream_id=680 class=Rpc body_bytes=198
2026-09-26T01:46:58.376733Z DEBUG netbaiot_transports::business_rpc::v3: business RPC V3 selected frame stream_id=680 frame_type=Open payload_bytes=158
2026-09-26T01:46:58.376745Z DEBUG netbaiot_transports::business_rpc::v3: business RPC V3 writer completed frame stream_id=680 frame_type=Open payload_bytes=158
2026-09-26T01:46:58.376749Z DEBUG netbaiot_transports::business_rpc::v3: business RPC V3 selected frame stream_id=680 frame_type=Data payload_bytes=198
2026-09-26T01:46:58.376753Z DEBUG netbaiot_transports::business_rpc::v3: business RPC V3 writer completed frame stream_id=680 frame_type=Data payload_bytes=198
2026-09-26T01:46:58.439705Z DEBUG netbaiot_transports::business_rpc::v3: business RPC V3 body entered scheduler stream_id=682 class=Rpc body_bytes=198
2026-09-26T01:46:58.439724Z DEBUG netbaiot_transports::business_rpc::v3: business RPC V3 selected frame stream_id=682 frame_type=Open payload_bytes=158
2026-09-26T01:46:58.439746Z DEBUG netbaiot_transports::business_rpc::v3: business RPC V3 writer completed frame stream_id=682 frame_type=Open payload_bytes=158
2026-09-26T01:46:58.439753Z DEBUG netbaiot_transports::business_rpc::v3: business RPC V3 selected frame stream_id=682 frame_type=Data payload_bytes=198
2026-09-26T01:46:58.439759Z DEBUG netbaiot_transports::business_rpc::v3: business RPC V3 writer completed frame stream_id=682 frame_type=Data payload_bytes=198
2026-09-26T01:46:58.452616Z DEBUG netbaiot_transports::business_rpc::v3: business RPC V3 received frame stream_id=0 frame_type=WindowUpdate payload_bytes=4
2026-09-26T01:46:58.452632Z DEBUG netbaiot_transports::business_rpc::v3: business RPC V3 received frame stream_id=636 frame_type=Response payload_bytes=35
2026-09-26T01:46:58.452640Z DEBUG netbaiot_transports::business_rpc::v3: business RPC V3 received frame stream_id=636 frame_type=Data payload_bytes=118
2026-09-26T01:46:58.452672Z DEBUG netbaiot_transports::business_rpc::v3: business RPC V3 Event delivery acknowledged stream_id=636 completion_us=272506
2026-09-26T01:46:58.452731Z DEBUG netbaiot_transports::business_rpc::v3: business RPC V3 selected frame stream_id=0 frame_type=WindowUpdate payload_bytes=4
2026-09-26T01:46:58.452770Z DEBUG netbaiot_transports::business_rpc::v3: business RPC V3 writer completed frame stream_id=0 frame_type=WindowUpdate payload_bytes=4
2026-09-26T01:46:58.492354Z DEBUG netbaiot_transports::business_rpc::v3: business RPC V3 received frame stream_id=0 frame_type=WindowUpdate payload_bytes=4
2026-09-26T01:46:58.492404Z DEBUG netbaiot_transports::business_rpc::v3: business RPC V3 received frame stream_id=0 frame_type=WindowUpdate payload_bytes=4
2026-09-26T01:46:58.492417Z DEBUG netbaiot_transports::business_rpc::v3: business RPC V3 received frame stream_id=0 frame_type=WindowUpdate payload_bytes=4
2026-09-26T01:46:58.492420Z DEBUG netbaiot_transports::business_rpc::v3: business RPC V3 received frame stream_id=0 frame_type=WindowUpdate payload_bytes=4
2026-09-26T01:46:58.492423Z DEBUG netbaiot_transports::business_rpc::v3: business RPC V3 received frame stream_id=0 frame_type=WindowUpdate payload_bytes=4
2026-09-26T01:46:58.492426Z DEBUG netbaiot_transports::business_rpc::v3: business RPC V3 received frame stream_id=0 frame_type=WindowUpdate payload_bytes=4
2026-09-26T01:46:58.492430Z DEBUG netbaiot_transports::business_rpc::v3: business RPC V3 received frame stream_id=0 frame_type=WindowUpdate payload_bytes=4
2026-09-26T01:46:58.492432Z DEBUG netbaiot_transports::business_rpc::v3: business RPC V3 received frame stream_id=0 frame_type=WindowUpdate payload_bytes=4
2026-09-26T01:46:58.492434Z DEBUG netbaiot_transports::business_rpc::v3: business RPC V3 received frame stream_id=0 frame_type=WindowUpdate payload_bytes=4
2026-09-26T01:46:58.492436Z DEBUG netbaiot_transports::business_rpc::v3: business RPC V3 received frame stream_id=660 frame_type=Response payload_bytes=35
2026-09-26T01:46:58.492441Z DEBUG netbaiot_transports::business_rpc::v3: business RPC V3 received frame stream_id=662 frame_type=Response payload_bytes=35
2026-09-26T01:46:58.492444Z DEBUG netbaiot_transports::business_rpc::v3: business RPC V3 received frame stream_id=664 frame_type=Response payload_bytes=35
2026-09-26T01:46:58.492447Z DEBUG netbaiot_transports::business_rpc::v3: business RPC V3 received frame stream_id=666 frame_type=Response payload_bytes=35
2026-09-26T01:46:58.492449Z DEBUG netbaiot_transports::business_rpc::v3: business RPC V3 received frame stream_id=0 frame_type=WindowUpdate payload_bytes=4
2026-09-26T01:46:58.492453Z DEBUG netbaiot_transports::business_rpc::v3: business RPC V3 received frame stream_id=660 frame_type=Data payload_bytes=216
2026-09-26T01:46:58.492471Z DEBUG netbaiot_transports::business_rpc::v3: business RPC V3 received frame stream_id=668 frame_type=Response payload_bytes=35
2026-09-26T01:46:58.492475Z DEBUG netbaiot_transports::business_rpc::v3: business RPC V3 received frame stream_id=0 frame_type=WindowUpdate payload_bytes=4
2026-09-26T01:46:58.492477Z DEBUG netbaiot_transports::business_rpc::v3: business RPC V3 received frame stream_id=680 frame_type=Response payload_bytes=35
2026-09-26T01:46:58.492479Z DEBUG netbaiot_transports::business_rpc::v3: business RPC V3 received frame stream_id=662 frame_type=Data payload_bytes=216
2026-09-26T01:46:58.492487Z DEBUG netbaiot_transports::business_rpc::v3: business RPC V3 received frame stream_id=678 frame_type=Response payload_bytes=35
2026-09-26T01:46:58.492490Z DEBUG netbaiot_transports::business_rpc::v3: business RPC V3 received frame stream_id=664 frame_type=Data payload_bytes=216
2026-09-26T01:46:58.492489Z DEBUG netbaiot_transports::business_rpc::v3: business RPC V3 selected frame stream_id=0 frame_type=WindowUpdate payload_bytes=4
2026-09-26T01:46:58.492515Z DEBUG netbaiot_transports::business_rpc::v3: business RPC V3 received frame stream_id=666 frame_type=Data payload_bytes=216
2026-09-26T01:46:58.492523Z DEBUG netbaiot_transports::business_rpc::v3: business RPC V3 writer completed frame stream_id=0 frame_type=WindowUpdate payload_bytes=4
2026-09-26T01:46:58.492537Z DEBUG netbaiot_transports::business_rpc::v3: business RPC V3 selected frame stream_id=0 frame_type=WindowUpdate payload_bytes=4
2026-09-26T01:46:58.492548Z DEBUG netbaiot_transports::business_rpc::v3: business RPC V3 writer completed frame stream_id=0 frame_type=WindowUpdate payload_bytes=4
2026-09-26T01:46:58.492557Z DEBUG netbaiot_transports::business_rpc::v3: business RPC V3 selected frame stream_id=0 frame_type=WindowUpdate payload_bytes=4
2026-09-26T01:46:58.492527Z DEBUG netbaiot_transports::business_rpc::v3: business RPC V3 received frame stream_id=668 frame_type=Data payload_bytes=216
2026-09-26T01:46:58.492599Z DEBUG netbaiot_transports::business_rpc::v3: business RPC V3 received frame stream_id=680 frame_type=Data payload_bytes=216
2026-09-26T01:46:58.492622Z DEBUG netbaiot_transports::business_rpc::v3: business RPC V3 received frame stream_id=674 frame_type=Response payload_bytes=35
2026-09-26T01:46:58.492571Z DEBUG netbaiot_transports::business_rpc::v3: business RPC V3 writer completed frame stream_id=0 frame_type=WindowUpdate payload_bytes=4
2026-09-26T01:46:58.492643Z DEBUG netbaiot_transports::business_rpc::v3: business RPC V3 selected frame stream_id=0 frame_type=WindowUpdate payload_bytes=4
2026-09-26T01:46:58.492632Z DEBUG netbaiot_transports::business_rpc::v3: business RPC V3 received frame stream_id=672 frame_type=Response payload_bytes=35
2026-09-26T01:46:58.492690Z DEBUG netbaiot_transports::business_rpc::v3: business RPC V3 received frame stream_id=676 frame_type=Response payload_bytes=35
2026-09-26T01:46:58.492666Z DEBUG netbaiot_transports::business_rpc::v3: business RPC V3 writer completed frame stream_id=0 frame_type=WindowUpdate payload_bytes=4
2026-09-26T01:46:58.492720Z DEBUG netbaiot_transports::business_rpc::v3: business RPC V3 selected frame stream_id=0 frame_type=WindowUpdate payload_bytes=4
2026-09-26T01:46:58.492707Z DEBUG netbaiot_transports::business_rpc::v3: business RPC V3 received frame stream_id=678 frame_type=Data payload_bytes=216
2026-09-26T01:46:58.492756Z DEBUG netbaiot_transports::business_rpc::v3: business RPC V3 received frame stream_id=674 frame_type=Data payload_bytes=216
2026-09-26T01:46:58.492775Z DEBUG netbaiot_transports::business_rpc::v3: business RPC V3 received frame stream_id=670 frame_type=Response payload_bytes=35
2026-09-26T01:46:58.492784Z DEBUG netbaiot_transports::business_rpc::v3: business RPC V3 received frame stream_id=672 frame_type=Data payload_bytes=216
2026-09-26T01:46:58.492797Z DEBUG netbaiot_transports::business_rpc::v3: business RPC V3 received frame stream_id=676 frame_type=Data payload_bytes=216
2026-09-26T01:46:58.492736Z DEBUG netbaiot_transports::business_rpc::v3: business RPC V3 writer completed frame stream_id=0 frame_type=WindowUpdate payload_bytes=4
2026-09-26T01:46:58.492823Z DEBUG netbaiot_transports::business_rpc::v3: business RPC V3 selected frame stream_id=0 frame_type=WindowUpdate payload_bytes=4
2026-09-26T01:46:58.492837Z DEBUG netbaiot_transports::business_rpc::v3: business RPC V3 writer completed frame stream_id=0 frame_type=WindowUpdate payload_bytes=4
2026-09-26T01:46:58.492844Z DEBUG netbaiot_transports::business_rpc::v3: business RPC V3 selected frame stream_id=0 frame_type=WindowUpdate payload_bytes=4
2026-09-26T01:46:58.492852Z DEBUG netbaiot_transports::business_rpc::v3: business RPC V3 writer completed frame stream_id=0 frame_type=WindowUpdate payload_bytes=4
2026-09-26T01:46:58.492858Z DEBUG netbaiot_transports::business_rpc::v3: business RPC V3 selected frame stream_id=0 frame_type=WindowUpdate payload_bytes=4
2026-09-26T01:46:58.492865Z DEBUG netbaiot_transports::business_rpc::v3: business RPC V3 writer completed frame stream_id=0 frame_type=WindowUpdate payload_bytes=4
2026-09-26T01:46:58.492871Z DEBUG netbaiot_transports::business_rpc::v3: business RPC V3 selected frame stream_id=0 frame_type=WindowUpdate payload_bytes=4
2026-09-26T01:46:58.492878Z DEBUG netbaiot_transports::business_rpc::v3: business RPC V3 writer completed frame stream_id=0 frame_type=WindowUpdate payload_bytes=4
2026-09-26T01:46:58.492811Z DEBUG netbaiot_transports::business_rpc::v3: business RPC V3 received frame stream_id=670 frame_type=Data payload_bytes=216
2026-09-26T01:46:58.492884Z DEBUG netbaiot_transports::business_rpc::v3: business RPC V3 selected frame stream_id=0 frame_type=WindowUpdate payload_bytes=4
2026-09-26T01:46:58.492911Z DEBUG netbaiot_transports::business_rpc::v3: business RPC V3 writer completed frame stream_id=0 frame_type=WindowUpdate payload_bytes=4
2026-09-26T01:46:58.492954Z DEBUG netbaiot_transports::business_rpc::v3: business RPC V3 selected frame stream_id=0 frame_type=WindowUpdate payload_bytes=4
2026-09-26T01:46:58.492961Z DEBUG netbaiot_transports::business_rpc::v3: business RPC V3 writer completed frame stream_id=0 frame_type=WindowUpdate payload_bytes=4
2026-09-26T01:46:58.493272Z DEBUG netbaiot_transports::business_rpc::v3: business RPC V3 body entered scheduler stream_id=684 class=Rpc body_bytes=198
2026-09-26T01:46:58.493298Z DEBUG netbaiot_transports::business_rpc::v3: business RPC V3 selected frame stream_id=684 frame_type=Open payload_bytes=158
2026-09-26T01:46:58.493314Z DEBUG netbaiot_transports::business_rpc::v3: business RPC V3 writer completed frame stream_id=684 frame_type=Open payload_bytes=158
2026-09-26T01:46:58.493323Z DEBUG netbaiot_transports::business_rpc::v3: business RPC V3 selected frame stream_id=684 frame_type=Data payload_bytes=198
2026-09-26T01:46:58.493332Z DEBUG netbaiot_transports::business_rpc::v3: business RPC V3 writer completed frame stream_id=684 frame_type=Data payload_bytes=198
2026-09-26T01:46:58.493426Z DEBUG netbaiot_transports::business_rpc::v3: business RPC V3 body entered scheduler stream_id=686 class=Rpc body_bytes=198
2026-09-26T01:46:58.493445Z DEBUG netbaiot_transports::business_rpc::v3: business RPC V3 selected frame stream_id=686 frame_type=Open payload_bytes=158
2026-09-26T01:46:58.493457Z DEBUG netbaiot_transports::business_rpc::v3: business RPC V3 writer completed frame stream_id=686 frame_type=Open payload_bytes=158
2026-09-26T01:46:58.493465Z DEBUG netbaiot_transports::business_rpc::v3: business RPC V3 selected frame stream_id=686 frame_type=Data payload_bytes=198
2026-09-26T01:46:58.493475Z DEBUG netbaiot_transports::business_rpc::v3: business RPC V3 writer completed frame stream_id=686 frame_type=Data payload_bytes=198
2026-09-26T01:46:58.493485Z DEBUG netbaiot_transports::business_rpc::v3: business RPC V3 body entered scheduler stream_id=688 class=Rpc body_bytes=198
2026-09-26T01:46:58.493494Z DEBUG netbaiot_transports::business_rpc::v3: business RPC V3 selected frame stream_id=688 frame_type=Open payload_bytes=158
2026-09-26T01:46:58.493503Z DEBUG netbaiot_transports::business_rpc::v3: business RPC V3 writer completed frame stream_id=688 frame_type=Open payload_bytes=158
2026-09-26T01:46:58.493510Z DEBUG netbaiot_transports::business_rpc::v3: business RPC V3 selected frame stream_id=688 frame_type=Data payload_bytes=198
2026-09-26T01:46:58.493518Z DEBUG netbaiot_transports::business_rpc::v3: business RPC V3 writer completed frame stream_id=688 frame_type=Data payload_bytes=198
2026-09-26T01:46:58.550740Z DEBUG netbaiot_transports::business_rpc::v3: business RPC V3 received frame stream_id=0 frame_type=WindowUpdate payload_bytes=4
2026-09-26T01:46:58.550761Z DEBUG netbaiot_transports::business_rpc::v3: business RPC V3 received frame stream_id=682 frame_type=Response payload_bytes=35
2026-09-26T01:46:58.550768Z DEBUG netbaiot_transports::business_rpc::v3: business RPC V3 received frame stream_id=682 frame_type=Data payload_bytes=216
2026-09-26T01:46:58.550831Z DEBUG netbaiot_transports::business_rpc::v3: business RPC V3 selected frame stream_id=0 frame_type=WindowUpdate payload_bytes=4
2026-09-26T01:46:58.550894Z DEBUG netbaiot_transports::business_rpc::v3: business RPC V3 writer completed frame stream_id=0 frame_type=WindowUpdate payload_bytes=4
2026-09-26T01:46:58.579590Z DEBUG netbaiot_transports::business_rpc::v3: business RPC V3 received frame stream_id=0 frame_type=WindowUpdate payload_bytes=4
2026-09-26T01:46:58.579629Z DEBUG netbaiot_transports::business_rpc::v3: business RPC V3 received frame stream_id=0 frame_type=WindowUpdate payload_bytes=4
2026-09-26T01:46:58.579634Z DEBUG netbaiot_transports::business_rpc::v3: business RPC V3 received frame stream_id=0 frame_type=WindowUpdate payload_bytes=4
2026-09-26T01:46:58.579637Z DEBUG netbaiot_transports::business_rpc::v3: business RPC V3 received frame stream_id=688 frame_type=Response payload_bytes=35
2026-09-26T01:46:58.579643Z DEBUG netbaiot_transports::business_rpc::v3: business RPC V3 received frame stream_id=688 frame_type=Data payload_bytes=216
2026-09-26T01:46:58.579663Z DEBUG netbaiot_transports::business_rpc::v3: business RPC V3 received frame stream_id=686 frame_type=Response payload_bytes=35
2026-09-26T01:46:58.579666Z DEBUG netbaiot_transports::business_rpc::v3: business RPC V3 received frame stream_id=686 frame_type=Data payload_bytes=216
2026-09-26T01:46:58.579672Z DEBUG netbaiot_transports::business_rpc::v3: business RPC V3 received frame stream_id=684 frame_type=Response payload_bytes=35
2026-09-26T01:46:58.579675Z DEBUG netbaiot_transports::business_rpc::v3: business RPC V3 received frame stream_id=684 frame_type=Data payload_bytes=216
2026-09-26T01:46:58.579680Z DEBUG netbaiot_transports::business_rpc::v3: business RPC V3 selected frame stream_id=0 frame_type=WindowUpdate payload_bytes=4
2026-09-26T01:46:58.579708Z DEBUG netbaiot_transports::business_rpc::v3: business RPC V3 writer completed frame stream_id=0 frame_type=WindowUpdate payload_bytes=4
2026-09-26T01:46:58.579712Z DEBUG netbaiot_transports::business_rpc::v3: business RPC V3 selected frame stream_id=0 frame_type=WindowUpdate payload_bytes=4
2026-09-26T01:46:58.579717Z DEBUG netbaiot_transports::business_rpc::v3: business RPC V3 writer completed frame stream_id=0 frame_type=WindowUpdate payload_bytes=4
2026-09-26T01:46:58.579719Z DEBUG netbaiot_transports::business_rpc::v3: business RPC V3 selected frame stream_id=0 frame_type=WindowUpdate payload_bytes=4
2026-09-26T01:46:58.579723Z DEBUG netbaiot_transports::business_rpc::v3: business RPC V3 writer completed frame stream_id=0 frame_type=WindowUpdate payload_bytes=4
2026-09-26T01:46:58.679401Z DEBUG netbaiot_transports::business_rpc::v3: business RPC V3 body entered scheduler stream_id=690 class=Event body_bytes=17366
2026-09-26T01:46:58.679428Z DEBUG netbaiot_transports::business_rpc::v3: business RPC V3 selected frame stream_id=690 frame_type=Open payload_bytes=184
2026-09-26T01:46:58.679443Z DEBUG netbaiot_transports::business_rpc::v3: business RPC V3 writer completed frame stream_id=690 frame_type=Open payload_bytes=184
2026-09-26T01:46:58.679448Z DEBUG netbaiot_transports::business_rpc::v3: business RPC V3 selected frame stream_id=690 frame_type=Data payload_bytes=8192
2026-09-26T01:46:58.679453Z DEBUG netbaiot_transports::business_rpc::v3: business RPC V3 writer completed frame stream_id=690 frame_type=Data payload_bytes=8192
2026-09-26T01:46:58.679456Z DEBUG netbaiot_transports::business_rpc::v3: business RPC V3 selected frame stream_id=690 frame_type=Data payload_bytes=8192
2026-09-26T01:46:58.679480Z DEBUG netbaiot_transports::business_rpc::v3: business RPC V3 writer completed frame stream_id=690 frame_type=Data payload_bytes=8192
2026-09-26T01:46:58.822868Z DEBUG netbaiot_transports::business_rpc::v3: business RPC V3 received frame stream_id=0 frame_type=WindowUpdate payload_bytes=4
2026-09-26T01:46:58.822915Z DEBUG netbaiot_transports::business_rpc::v3: business RPC V3 received frame stream_id=690 frame_type=WindowUpdate payload_bytes=4
2026-09-26T01:46:58.822928Z DEBUG netbaiot_transports::business_rpc::v3: business RPC V3 selected frame stream_id=690 frame_type=Data payload_bytes=982
2026-09-26T01:46:58.822940Z DEBUG netbaiot_transports::business_rpc::v3: business RPC V3 writer completed frame stream_id=690 frame_type=Data payload_bytes=982
2026-09-26T01:46:58.850264Z DEBUG netbaiot_transports::business_rpc::v3: business RPC V3 received frame stream_id=0 frame_type=WindowUpdate payload_bytes=4
2026-09-26T01:46:58.850339Z DEBUG netbaiot_transports::business_rpc::v3: business RPC V3 received frame stream_id=690 frame_type=WindowUpdate payload_bytes=4
2026-09-26T01:46:58.937647Z DEBUG netbaiot_transports::business_rpc::v3: business RPC V3 received frame stream_id=0 frame_type=WindowUpdate payload_bytes=4
2026-09-26T01:46:58.937700Z DEBUG netbaiot_transports::business_rpc::v3: business RPC V3 received frame stream_id=690 frame_type=Response payload_bytes=35
2026-09-26T01:46:58.937721Z DEBUG netbaiot_transports::business_rpc::v3: business RPC V3 received frame stream_id=690 frame_type=Data payload_bytes=118
2026-09-26T01:46:58.937739Z DEBUG netbaiot_transports::business_rpc::v3: business RPC V3 Event delivery acknowledged stream_id=690 completion_us=258345
2026-09-26T01:46:58.937771Z DEBUG netbaiot_transports::business_rpc::v3: business RPC V3 selected frame stream_id=0 frame_type=WindowUpdate payload_bytes=4
2026-09-26T01:46:58.937817Z DEBUG netbaiot_transports::business_rpc::v3: business RPC V3 writer completed frame stream_id=0 frame_type=WindowUpdate payload_bytes=4
2026-09-26T01:46:59.180887Z DEBUG netbaiot_transports::business_rpc::v3: business RPC V3 body entered scheduler stream_id=692 class=Event body_bytes=17366
2026-09-26T01:46:59.180910Z DEBUG netbaiot_transports::business_rpc::v3: business RPC V3 selected frame stream_id=692 frame_type=Open payload_bytes=184
2026-09-26T01:46:59.180941Z DEBUG netbaiot_transports::business_rpc::v3: business RPC V3 writer completed frame stream_id=692 frame_type=Open payload_bytes=184
2026-09-26T01:46:59.180946Z DEBUG netbaiot_transports::business_rpc::v3: business RPC V3 selected frame stream_id=692 frame_type=Data payload_bytes=8192
2026-09-26T01:46:59.180951Z DEBUG netbaiot_transports::business_rpc::v3: business RPC V3 writer completed frame stream_id=692 frame_type=Data payload_bytes=8192
2026-09-26T01:46:59.180954Z DEBUG netbaiot_transports::business_rpc::v3: business RPC V3 selected frame stream_id=692 frame_type=Data payload_bytes=8192
2026-09-26T01:46:59.180960Z DEBUG netbaiot_transports::business_rpc::v3: business RPC V3 writer completed frame stream_id=692 frame_type=Data payload_bytes=8192
2026-09-26T01:46:59.192928Z DEBUG netbaiot_transports::business_rpc::v3: business RPC V3 body entered scheduler stream_id=694 class=Rpc body_bytes=198
2026-09-26T01:46:59.192945Z DEBUG netbaiot_transports::business_rpc::v3: business RPC V3 selected frame stream_id=694 frame_type=Open payload_bytes=158
2026-09-26T01:46:59.192974Z DEBUG netbaiot_transports::business_rpc::v3: business RPC V3 writer completed frame stream_id=694 frame_type=Open payload_bytes=158
2026-09-26T01:46:59.192978Z DEBUG netbaiot_transports::business_rpc::v3: business RPC V3 selected frame stream_id=694 frame_type=Data payload_bytes=198
2026-09-26T01:46:59.193005Z DEBUG netbaiot_transports::business_rpc::v3: business RPC V3 writer completed frame stream_id=694 frame_type=Data payload_bytes=198
2026-09-26T01:46:59.209286Z DEBUG netbaiot_transports::business_rpc::v3: business RPC V3 body entered scheduler stream_id=696 class=Rpc body_bytes=198
2026-09-26T01:46:59.209313Z DEBUG netbaiot_transports::business_rpc::v3: business RPC V3 selected frame stream_id=696 frame_type=Open payload_bytes=158
2026-09-26T01:46:59.209336Z DEBUG netbaiot_transports::business_rpc::v3: business RPC V3 writer completed frame stream_id=696 frame_type=Open payload_bytes=158
2026-09-26T01:46:59.209361Z DEBUG netbaiot_transports::business_rpc::v3: business RPC V3 selected frame stream_id=696 frame_type=Data payload_bytes=198
2026-09-26T01:46:59.209371Z DEBUG netbaiot_transports::business_rpc::v3: business RPC V3 writer completed frame stream_id=696 frame_type=Data payload_bytes=198
2026-09-26T01:46:59.298069Z DEBUG netbaiot_transports::business_rpc::v3: business RPC V3 received frame stream_id=0 frame_type=WindowUpdate payload_bytes=4
2026-09-26T01:46:59.298148Z DEBUG netbaiot_transports::business_rpc::v3: business RPC V3 received frame stream_id=692 frame_type=WindowUpdate payload_bytes=4
2026-09-26T01:46:59.298165Z DEBUG netbaiot_transports::business_rpc::v3: business RPC V3 selected frame stream_id=692 frame_type=Data payload_bytes=982
2026-09-26T01:46:59.298192Z DEBUG netbaiot_transports::business_rpc::v3: business RPC V3 writer completed frame stream_id=692 frame_type=Data payload_bytes=982
2026-09-26T01:46:59.315500Z DEBUG netbaiot_transports::business_rpc::v3: business RPC V3 body entered scheduler stream_id=698 class=Rpc body_bytes=198
2026-09-26T01:46:59.315564Z DEBUG netbaiot_transports::business_rpc::v3: business RPC V3 selected frame stream_id=698 frame_type=Open payload_bytes=158
2026-09-26T01:46:59.315658Z DEBUG netbaiot_transports::business_rpc::v3: business RPC V3 writer completed frame stream_id=698 frame_type=Open payload_bytes=158
2026-09-26T01:46:59.315664Z DEBUG netbaiot_transports::business_rpc::v3: business RPC V3 selected frame stream_id=698 frame_type=Data payload_bytes=198
2026-09-26T01:46:59.315669Z DEBUG netbaiot_transports::business_rpc::v3: business RPC V3 writer completed frame stream_id=698 frame_type=Data payload_bytes=198
2026-09-26T01:46:59.330981Z DEBUG netbaiot_transports::business_rpc::v3: business RPC V3 received frame stream_id=0 frame_type=WindowUpdate payload_bytes=4
2026-09-26T01:46:59.331062Z DEBUG netbaiot_transports::business_rpc::v3: business RPC V3 received frame stream_id=692 frame_type=WindowUpdate payload_bytes=4
2026-09-26T01:46:59.331068Z DEBUG netbaiot_transports::business_rpc::v3: business RPC V3 received frame stream_id=0 frame_type=WindowUpdate payload_bytes=4
2026-09-26T01:46:59.331072Z DEBUG netbaiot_transports::business_rpc::v3: business RPC V3 received frame stream_id=0 frame_type=WindowUpdate payload_bytes=4
2026-09-26T01:46:59.331075Z DEBUG netbaiot_transports::business_rpc::v3: business RPC V3 received frame stream_id=696 frame_type=Response payload_bytes=35
2026-09-26T01:46:59.331102Z DEBUG netbaiot_transports::business_rpc::v3: business RPC V3 received frame stream_id=696 frame_type=Data payload_bytes=216
2026-09-26T01:46:59.331127Z DEBUG netbaiot_transports::business_rpc::v3: business RPC V3 received frame stream_id=694 frame_type=Response payload_bytes=35
2026-09-26T01:46:59.331131Z DEBUG netbaiot_transports::business_rpc::v3: business RPC V3 received frame stream_id=694 frame_type=Data payload_bytes=216
2026-09-26T01:46:59.331159Z DEBUG netbaiot_transports::business_rpc::v3: business RPC V3 selected frame stream_id=0 frame_type=WindowUpdate payload_bytes=4
2026-09-26T01:46:59.331197Z DEBUG netbaiot_transports::business_rpc::v3: business RPC V3 writer completed frame stream_id=0 frame_type=WindowUpdate payload_bytes=4
2026-09-26T01:46:59.331206Z DEBUG netbaiot_transports::business_rpc::v3: business RPC V3 selected frame stream_id=0 frame_type=WindowUpdate payload_bytes=4
2026-09-26T01:46:59.331211Z DEBUG netbaiot_transports::business_rpc::v3: business RPC V3 writer completed frame stream_id=0 frame_type=WindowUpdate payload_bytes=4
2026-09-26T01:46:59.331690Z DEBUG netbaiot_transports::business_rpc::v3: business RPC V3 body entered scheduler stream_id=700 class=Rpc body_bytes=198
2026-09-26T01:46:59.331722Z DEBUG netbaiot_transports::business_rpc::v3: business RPC V3 selected frame stream_id=700 frame_type=Open payload_bytes=158
2026-09-26T01:46:59.331752Z DEBUG netbaiot_transports::business_rpc::v3: business RPC V3 writer completed frame stream_id=700 frame_type=Open payload_bytes=158
2026-09-26T01:46:59.331759Z DEBUG netbaiot_transports::business_rpc::v3: business RPC V3 selected frame stream_id=700 frame_type=Data payload_bytes=198
2026-09-26T01:46:59.331764Z DEBUG netbaiot_transports::business_rpc::v3: business RPC V3 writer completed frame stream_id=700 frame_type=Data payload_bytes=198
2026-09-26T01:46:59.331846Z DEBUG netbaiot_transports::business_rpc::v3: business RPC V3 body entered scheduler stream_id=702 class=Rpc body_bytes=198
2026-09-26T01:46:59.331851Z DEBUG netbaiot_transports::business_rpc::v3: business RPC V3 selected frame stream_id=702 frame_type=Open payload_bytes=158
2026-09-26T01:46:59.331859Z DEBUG netbaiot_transports::business_rpc::v3: business RPC V3 writer completed frame stream_id=702 frame_type=Open payload_bytes=158
2026-09-26T01:46:59.331863Z DEBUG netbaiot_transports::business_rpc::v3: business RPC V3 selected frame stream_id=702 frame_type=Data payload_bytes=198
2026-09-26T01:46:59.331867Z DEBUG netbaiot_transports::business_rpc::v3: business RPC V3 writer completed frame stream_id=702 frame_type=Data payload_bytes=198
2026-09-26T01:46:59.332973Z DEBUG netbaiot_transports::business_rpc::v3: business RPC V3 body entered scheduler stream_id=704 class=Rpc body_bytes=198
2026-09-26T01:46:59.333012Z DEBUG netbaiot_transports::business_rpc::v3: business RPC V3 selected frame stream_id=704 frame_type=Open payload_bytes=158
2026-09-26T01:46:59.333023Z DEBUG netbaiot_transports::business_rpc::v3: business RPC V3 writer completed frame stream_id=704 frame_type=Open payload_bytes=158
2026-09-26T01:46:59.333027Z DEBUG netbaiot_transports::business_rpc::v3: business RPC V3 selected frame stream_id=704 frame_type=Data payload_bytes=198
2026-09-26T01:46:59.333030Z DEBUG netbaiot_transports::business_rpc::v3: business RPC V3 writer completed frame stream_id=704 frame_type=Data payload_bytes=198
2026-09-26T01:46:59.358758Z DEBUG netbaiot_transports::business_rpc::v3: business RPC V3 received frame stream_id=0 frame_type=WindowUpdate payload_bytes=4
2026-09-26T01:46:59.386937Z DEBUG netbaiot_transports::business_rpc::v3: business RPC V3 received frame stream_id=692 frame_type=Response payload_bytes=35
2026-09-26T01:46:59.386978Z DEBUG netbaiot_transports::business_rpc::v3: business RPC V3 received frame stream_id=692 frame_type=Data payload_bytes=118
2026-09-26T01:46:59.386994Z DEBUG netbaiot_transports::business_rpc::v3: business RPC V3 Event delivery acknowledged stream_id=692 completion_us=206115
2026-09-26T01:46:59.387032Z DEBUG netbaiot_transports::business_rpc::v3: business RPC V3 selected frame stream_id=0 frame_type=WindowUpdate payload_bytes=4
2026-09-26T01:46:59.387078Z DEBUG netbaiot_transports::business_rpc::v3: business RPC V3 writer completed frame stream_id=0 frame_type=WindowUpdate payload_bytes=4
2026-09-26T01:46:59.413130Z DEBUG netbaiot_transports::business_rpc::v3: business RPC V3 body entered scheduler stream_id=706 class=Rpc body_bytes=198
2026-09-26T01:46:59.413149Z DEBUG netbaiot_transports::business_rpc::v3: business RPC V3 selected frame stream_id=706 frame_type=Open payload_bytes=158
2026-09-26T01:46:59.413158Z DEBUG netbaiot_transports::business_rpc::v3: business RPC V3 writer completed frame stream_id=706 frame_type=Open payload_bytes=158
2026-09-26T01:46:59.413162Z DEBUG netbaiot_transports::business_rpc::v3: business RPC V3 selected frame stream_id=706 frame_type=Data payload_bytes=198
2026-09-26T01:46:59.413189Z DEBUG netbaiot_transports::business_rpc::v3: business RPC V3 writer completed frame stream_id=706 frame_type=Data payload_bytes=198
2026-09-26T01:46:59.413306Z DEBUG netbaiot_transports::business_rpc::v3: business RPC V3 received frame stream_id=0 frame_type=WindowUpdate payload_bytes=4
2026-09-26T01:46:59.413322Z DEBUG netbaiot_transports::business_rpc::v3: business RPC V3 received frame stream_id=698 frame_type=Response payload_bytes=35
2026-09-26T01:46:59.413332Z DEBUG netbaiot_transports::business_rpc::v3: business RPC V3 received frame stream_id=698 frame_type=Data payload_bytes=216
2026-09-26T01:46:59.413372Z DEBUG netbaiot_transports::business_rpc::v3: business RPC V3 selected frame stream_id=0 frame_type=WindowUpdate payload_bytes=4
2026-09-26T01:46:59.413383Z DEBUG netbaiot_transports::business_rpc::v3: business RPC V3 writer completed frame stream_id=0 frame_type=WindowUpdate payload_bytes=4
2026-09-26T01:46:59.413768Z DEBUG netbaiot_transports::business_rpc::v3: business RPC V3 body entered scheduler stream_id=708 class=Rpc body_bytes=198
2026-09-26T01:46:59.413776Z DEBUG netbaiot_transports::business_rpc::v3: business RPC V3 selected frame stream_id=708 frame_type=Open payload_bytes=158
2026-09-26T01:46:59.413785Z DEBUG netbaiot_transports::business_rpc::v3: business RPC V3 writer completed frame stream_id=708 frame_type=Open payload_bytes=158
2026-09-26T01:46:59.413813Z DEBUG netbaiot_transports::business_rpc::v3: business RPC V3 selected frame stream_id=708 frame_type=Data payload_bytes=198
2026-09-26T01:46:59.413822Z DEBUG netbaiot_transports::business_rpc::v3: business RPC V3 writer completed frame stream_id=708 frame_type=Data payload_bytes=198
2026-09-26T01:46:59.443239Z DEBUG netbaiot_transports::business_rpc::v3: business RPC V3 received frame stream_id=0 frame_type=WindowUpdate payload_bytes=4
2026-09-26T01:46:59.443277Z DEBUG netbaiot_transports::business_rpc::v3: business RPC V3 received frame stream_id=0 frame_type=WindowUpdate payload_bytes=4
2026-09-26T01:46:59.443285Z DEBUG netbaiot_transports::business_rpc::v3: business RPC V3 received frame stream_id=0 frame_type=WindowUpdate payload_bytes=4
2026-09-26T01:46:59.443288Z DEBUG netbaiot_transports::business_rpc::v3: business RPC V3 received frame stream_id=704 frame_type=Response payload_bytes=35
2026-09-26T01:46:59.443294Z DEBUG netbaiot_transports::business_rpc::v3: business RPC V3 received frame stream_id=704 frame_type=Data payload_bytes=216
2026-09-26T01:46:59.443331Z DEBUG netbaiot_transports::business_rpc::v3: business RPC V3 received frame stream_id=700 frame_type=Response payload_bytes=35
2026-09-26T01:46:59.443339Z DEBUG netbaiot_transports::business_rpc::v3: business RPC V3 received frame stream_id=702 frame_type=Response payload_bytes=35
2026-09-26T01:46:59.443343Z DEBUG netbaiot_transports::business_rpc::v3: business RPC V3 received frame stream_id=700 frame_type=Data payload_bytes=216
2026-09-26T01:46:59.443384Z DEBUG netbaiot_transports::business_rpc::v3: business RPC V3 selected frame stream_id=0 frame_type=WindowUpdate payload_bytes=4
2026-09-26T01:46:59.443382Z DEBUG netbaiot_transports::business_rpc::v3: business RPC V3 received frame stream_id=702 frame_type=Data payload_bytes=216
2026-09-26T01:46:59.443413Z DEBUG netbaiot_transports::business_rpc::v3: business RPC V3 writer completed frame stream_id=0 frame_type=WindowUpdate payload_bytes=4
2026-09-26T01:46:59.443422Z DEBUG netbaiot_transports::business_rpc::v3: business RPC V3 selected frame stream_id=0 frame_type=WindowUpdate payload_bytes=4
2026-09-26T01:46:59.443428Z DEBUG netbaiot_transports::business_rpc::v3: business RPC V3 writer completed frame stream_id=0 frame_type=WindowUpdate payload_bytes=4
2026-09-26T01:46:59.443431Z DEBUG netbaiot_transports::business_rpc::v3: business RPC V3 selected frame stream_id=0 frame_type=WindowUpdate payload_bytes=4
2026-09-26T01:46:59.443434Z DEBUG netbaiot_transports::business_rpc::v3: business RPC V3 writer completed frame stream_id=0 frame_type=WindowUpdate payload_bytes=4
2026-09-26T01:46:59.444019Z DEBUG netbaiot_transports::business_rpc::v3: business RPC V3 body entered scheduler stream_id=710 class=Rpc body_bytes=198
2026-09-26T01:46:59.444064Z DEBUG netbaiot_transports::business_rpc::v3: business RPC V3 selected frame stream_id=710 frame_type=Open payload_bytes=158
2026-09-26T01:46:59.444092Z DEBUG netbaiot_transports::business_rpc::v3: business RPC V3 writer completed frame stream_id=710 frame_type=Open payload_bytes=158
2026-09-26T01:46:59.444101Z DEBUG netbaiot_transports::business_rpc::v3: business RPC V3 body entered scheduler stream_id=712 class=Rpc body_bytes=198
2026-09-26T01:46:59.444109Z DEBUG netbaiot_transports::business_rpc::v3: business RPC V3 selected frame stream_id=710 frame_type=Data payload_bytes=198
2026-09-26T01:46:59.444119Z DEBUG netbaiot_transports::business_rpc::v3: business RPC V3 writer completed frame stream_id=710 frame_type=Data payload_bytes=198
2026-09-26T01:46:59.444128Z DEBUG netbaiot_transports::business_rpc::v3: business RPC V3 body entered scheduler stream_id=714 class=Rpc body_bytes=198
2026-09-26T01:46:59.444135Z DEBUG netbaiot_transports::business_rpc::v3: business RPC V3 selected frame stream_id=712 frame_type=Open payload_bytes=158
2026-09-26T01:46:59.444144Z DEBUG netbaiot_transports::business_rpc::v3: business RPC V3 writer completed frame stream_id=712 frame_type=Open payload_bytes=158
2026-09-26T01:46:59.444151Z DEBUG netbaiot_transports::business_rpc::v3: business RPC V3 selected frame stream_id=714 frame_type=Open payload_bytes=158
2026-09-26T01:46:59.444173Z DEBUG netbaiot_transports::business_rpc::v3: business RPC V3 writer completed frame stream_id=714 frame_type=Open payload_bytes=158
2026-09-26T01:46:59.444180Z DEBUG netbaiot_transports::business_rpc::v3: business RPC V3 selected frame stream_id=712 frame_type=Data payload_bytes=198
2026-09-26T01:46:59.444185Z DEBUG netbaiot_transports::business_rpc::v3: business RPC V3 writer completed frame stream_id=712 frame_type=Data payload_bytes=198
2026-09-26T01:46:59.444188Z DEBUG netbaiot_transports::business_rpc::v3: business RPC V3 selected frame stream_id=714 frame_type=Data payload_bytes=198
2026-09-26T01:46:59.444191Z DEBUG netbaiot_transports::business_rpc::v3: business RPC V3 writer completed frame stream_id=714 frame_type=Data payload_bytes=198
2026-09-26T01:46:59.500996Z DEBUG netbaiot_transports::business_rpc::v3: business RPC V3 received frame stream_id=0 frame_type=WindowUpdate payload_bytes=4
2026-09-26T01:46:59.501022Z DEBUG netbaiot_transports::business_rpc::v3: business RPC V3 received frame stream_id=0 frame_type=WindowUpdate payload_bytes=4
2026-09-26T01:46:59.501026Z DEBUG netbaiot_transports::business_rpc::v3: business RPC V3 received frame stream_id=708 frame_type=Response payload_bytes=35
2026-09-26T01:46:59.501035Z DEBUG netbaiot_transports::business_rpc::v3: business RPC V3 received frame stream_id=708 frame_type=Data payload_bytes=216
2026-09-26T01:46:59.501055Z DEBUG netbaiot_transports::business_rpc::v3: business RPC V3 received frame stream_id=706 frame_type=Response payload_bytes=35
2026-09-26T01:46:59.501059Z DEBUG netbaiot_transports::business_rpc::v3: business RPC V3 received frame stream_id=706 frame_type=Data payload_bytes=216
2026-09-26T01:46:59.501081Z DEBUG netbaiot_transports::business_rpc::v3: business RPC V3 selected frame stream_id=0 frame_type=WindowUpdate payload_bytes=4
2026-09-26T01:46:59.501135Z DEBUG netbaiot_transports::business_rpc::v3: business RPC V3 writer completed frame stream_id=0 frame_type=WindowUpdate payload_bytes=4
2026-09-26T01:46:59.501156Z DEBUG netbaiot_transports::business_rpc::v3: business RPC V3 selected frame stream_id=0 frame_type=WindowUpdate payload_bytes=4
2026-09-26T01:46:59.501167Z DEBUG netbaiot_transports::business_rpc::v3: business RPC V3 writer completed frame stream_id=0 frame_type=WindowUpdate payload_bytes=4
2026-09-26T01:46:59.501691Z DEBUG netbaiot_transports::business_rpc::v3: business RPC V3 body entered scheduler stream_id=716 class=Rpc body_bytes=198
2026-09-26T01:46:59.501701Z DEBUG netbaiot_transports::business_rpc::v3: business RPC V3 selected frame stream_id=716 frame_type=Open payload_bytes=158
2026-09-26T01:46:59.501709Z DEBUG netbaiot_transports::business_rpc::v3: business RPC V3 writer completed frame stream_id=716 frame_type=Open payload_bytes=158
2026-09-26T01:46:59.501713Z DEBUG netbaiot_transports::business_rpc::v3: business RPC V3 selected frame stream_id=716 frame_type=Data payload_bytes=198
2026-09-26T01:46:59.501717Z DEBUG netbaiot_transports::business_rpc::v3: business RPC V3 writer completed frame stream_id=716 frame_type=Data payload_bytes=198
2026-09-26T01:46:59.501764Z DEBUG netbaiot_transports::business_rpc::v3: business RPC V3 body entered scheduler stream_id=718 class=Rpc body_bytes=198
2026-09-26T01:46:59.501800Z DEBUG netbaiot_transports::business_rpc::v3: business RPC V3 selected frame stream_id=718 frame_type=Open payload_bytes=158
2026-09-26T01:46:59.501816Z DEBUG netbaiot_transports::business_rpc::v3: business RPC V3 writer completed frame stream_id=718 frame_type=Open payload_bytes=158
2026-09-26T01:46:59.501825Z DEBUG netbaiot_transports::business_rpc::v3: business RPC V3 selected frame stream_id=718 frame_type=Data payload_bytes=198
2026-09-26T01:46:59.501834Z DEBUG netbaiot_transports::business_rpc::v3: business RPC V3 writer completed frame stream_id=718 frame_type=Data payload_bytes=198
2026-09-26T01:46:59.513124Z DEBUG netbaiot_transports::business_rpc::v3: business RPC V3 body entered scheduler stream_id=720 class=Rpc body_bytes=198
2026-09-26T01:46:59.513144Z DEBUG netbaiot_transports::business_rpc::v3: business RPC V3 selected frame stream_id=720 frame_type=Open payload_bytes=158
2026-09-26T01:46:59.513161Z DEBUG netbaiot_transports::business_rpc::v3: business RPC V3 writer completed frame stream_id=720 frame_type=Open payload_bytes=158
2026-09-26T01:46:59.513166Z DEBUG netbaiot_transports::business_rpc::v3: business RPC V3 selected frame stream_id=720 frame_type=Data payload_bytes=198
2026-09-26T01:46:59.513170Z DEBUG netbaiot_transports::business_rpc::v3: business RPC V3 writer completed frame stream_id=720 frame_type=Data payload_bytes=198
2026-09-26T01:46:59.559935Z DEBUG netbaiot_transports::business_rpc::v3: business RPC V3 received frame stream_id=0 frame_type=WindowUpdate payload_bytes=4
2026-09-26T01:46:59.559955Z DEBUG netbaiot_transports::business_rpc::v3: business RPC V3 received frame stream_id=0 frame_type=WindowUpdate payload_bytes=4
2026-09-26T01:46:59.559960Z DEBUG netbaiot_transports::business_rpc::v3: business RPC V3 received frame stream_id=0 frame_type=WindowUpdate payload_bytes=4
2026-09-26T01:46:59.559963Z DEBUG netbaiot_transports::business_rpc::v3: business RPC V3 received frame stream_id=714 frame_type=Response payload_bytes=35
2026-09-26T01:46:59.559971Z DEBUG netbaiot_transports::business_rpc::v3: business RPC V3 received frame stream_id=714 frame_type=Data payload_bytes=216
2026-09-26T01:46:59.560002Z DEBUG netbaiot_transports::business_rpc::v3: business RPC V3 received frame stream_id=710 frame_type=Response payload_bytes=35
2026-09-26T01:46:59.560006Z DEBUG netbaiot_transports::business_rpc::v3: business RPC V3 received frame stream_id=710 frame_type=Data payload_bytes=216
2026-09-26T01:46:59.560014Z DEBUG netbaiot_transports::business_rpc::v3: business RPC V3 received frame stream_id=712 frame_type=Response payload_bytes=35
2026-09-26T01:46:59.560018Z DEBUG netbaiot_transports::business_rpc::v3: business RPC V3 received frame stream_id=712 frame_type=Data payload_bytes=216
2026-09-26T01:46:59.560019Z DEBUG netbaiot_transports::business_rpc::v3: business RPC V3 selected frame stream_id=0 frame_type=WindowUpdate payload_bytes=4
2026-09-26T01:46:59.560077Z DEBUG netbaiot_transports::business_rpc::v3: business RPC V3 writer completed frame stream_id=0 frame_type=WindowUpdate payload_bytes=4
2026-09-26T01:46:59.560092Z DEBUG netbaiot_transports::business_rpc::v3: business RPC V3 selected frame stream_id=0 frame_type=WindowUpdate payload_bytes=4
2026-09-26T01:46:59.560104Z DEBUG netbaiot_transports::business_rpc::v3: business RPC V3 writer completed frame stream_id=0 frame_type=WindowUpdate payload_bytes=4
2026-09-26T01:46:59.560110Z DEBUG netbaiot_transports::business_rpc::v3: business RPC V3 selected frame stream_id=0 frame_type=WindowUpdate payload_bytes=4
2026-09-26T01:46:59.560118Z DEBUG netbaiot_transports::business_rpc::v3: business RPC V3 writer completed frame stream_id=0 frame_type=WindowUpdate payload_bytes=4
2026-09-26T01:46:59.561213Z DEBUG netbaiot_transports::business_rpc::v3: business RPC V3 body entered scheduler stream_id=722 class=Rpc body_bytes=198
2026-09-26T01:46:59.561233Z DEBUG netbaiot_transports::business_rpc::v3: business RPC V3 selected frame stream_id=722 frame_type=Open payload_bytes=158
2026-09-26T01:46:59.561242Z DEBUG netbaiot_transports::business_rpc::v3: business RPC V3 writer completed frame stream_id=722 frame_type=Open payload_bytes=158
2026-09-26T01:46:59.561247Z DEBUG netbaiot_transports::business_rpc::v3: business RPC V3 selected frame stream_id=722 frame_type=Data payload_bytes=198
2026-09-26T01:46:59.561251Z DEBUG netbaiot_transports::business_rpc::v3: business RPC V3 writer completed frame stream_id=722 frame_type=Data payload_bytes=198
2026-09-26T01:46:59.561349Z DEBUG netbaiot_transports::business_rpc::v3: business RPC V3 body entered scheduler stream_id=724 class=Rpc body_bytes=198
2026-09-26T01:46:59.561368Z DEBUG netbaiot_transports::business_rpc::v3: business RPC V3 selected frame stream_id=724 frame_type=Open payload_bytes=158
2026-09-26T01:46:59.561374Z DEBUG netbaiot_transports::business_rpc::v3: business RPC V3 writer completed frame stream_id=724 frame_type=Open payload_bytes=158
2026-09-26T01:46:59.561378Z DEBUG netbaiot_transports::business_rpc::v3: business RPC V3 selected frame stream_id=724 frame_type=Data payload_bytes=198
2026-09-26T01:46:59.561382Z DEBUG netbaiot_transports::business_rpc::v3: business RPC V3 writer completed frame stream_id=724 frame_type=Data payload_bytes=198
2026-09-26T01:46:59.561506Z DEBUG netbaiot_transports::business_rpc::v3: business RPC V3 body entered scheduler stream_id=726 class=Rpc body_bytes=198
2026-09-26T01:46:59.561539Z DEBUG netbaiot_transports::business_rpc::v3: business RPC V3 selected frame stream_id=726 frame_type=Open payload_bytes=158
2026-09-26T01:46:59.561570Z DEBUG netbaiot_transports::business_rpc::v3: business RPC V3 writer completed frame stream_id=726 frame_type=Open payload_bytes=158
2026-09-26T01:46:59.561580Z DEBUG netbaiot_transports::business_rpc::v3: business RPC V3 selected frame stream_id=726 frame_type=Data payload_bytes=198
2026-09-26T01:46:59.561589Z DEBUG netbaiot_transports::business_rpc::v3: business RPC V3 writer completed frame stream_id=726 frame_type=Data payload_bytes=198
2026-09-26T01:46:59.577921Z DEBUG netbaiot_transports::business_rpc::v3: business RPC V3 body entered scheduler stream_id=728 class=Rpc body_bytes=198
2026-09-26T01:46:59.577965Z DEBUG netbaiot_transports::business_rpc::v3: business RPC V3 selected frame stream_id=728 frame_type=Open payload_bytes=158
2026-09-26T01:46:59.578014Z DEBUG netbaiot_transports::business_rpc::v3: business RPC V3 writer completed frame stream_id=728 frame_type=Open payload_bytes=158
2026-09-26T01:46:59.578029Z DEBUG netbaiot_transports::business_rpc::v3: business RPC V3 selected frame stream_id=728 frame_type=Data payload_bytes=198
2026-09-26T01:46:59.578042Z DEBUG netbaiot_transports::business_rpc::v3: business RPC V3 writer completed frame stream_id=728 frame_type=Data payload_bytes=198
2026-09-26T01:46:59.578142Z DEBUG netbaiot_transports::business_rpc::v3: business RPC V3 body entered scheduler stream_id=730 class=Rpc body_bytes=198
2026-09-26T01:46:59.578162Z DEBUG netbaiot_transports::business_rpc::v3: business RPC V3 selected frame stream_id=730 frame_type=Open payload_bytes=158
2026-09-26T01:46:59.578179Z DEBUG netbaiot_transports::business_rpc::v3: business RPC V3 writer completed frame stream_id=730 frame_type=Open payload_bytes=158
2026-09-26T01:46:59.578187Z DEBUG netbaiot_transports::business_rpc::v3: business RPC V3 selected frame stream_id=730 frame_type=Data payload_bytes=198
2026-09-26T01:46:59.578198Z DEBUG netbaiot_transports::business_rpc::v3: business RPC V3 writer completed frame stream_id=730 frame_type=Data payload_bytes=198
2026-09-26T01:46:59.604173Z DEBUG netbaiot_transports::business_rpc::v3: business RPC V3 body entered scheduler stream_id=732 class=Rpc body_bytes=198
2026-09-26T01:46:59.604219Z DEBUG netbaiot_transports::business_rpc::v3: business RPC V3 selected frame stream_id=732 frame_type=Open payload_bytes=158
2026-09-26T01:46:59.604255Z DEBUG netbaiot_transports::business_rpc::v3: business RPC V3 writer completed frame stream_id=732 frame_type=Open payload_bytes=158
2026-09-26T01:46:59.604267Z DEBUG netbaiot_transports::business_rpc::v3: business RPC V3 selected frame stream_id=732 frame_type=Data payload_bytes=198
2026-09-26T01:46:59.604277Z DEBUG netbaiot_transports::business_rpc::v3: business RPC V3 writer completed frame stream_id=732 frame_type=Data payload_bytes=198
2026-09-26T01:46:59.605755Z DEBUG netbaiot_transports::business_rpc::v3: business RPC V3 body entered scheduler stream_id=734 class=Rpc body_bytes=198
2026-09-26T01:46:59.605771Z DEBUG netbaiot_transports::business_rpc::v3: business RPC V3 selected frame stream_id=734 frame_type=Open payload_bytes=158
2026-09-26T01:46:59.605786Z DEBUG netbaiot_transports::business_rpc::v3: business RPC V3 writer completed frame stream_id=734 frame_type=Open payload_bytes=158
2026-09-26T01:46:59.605790Z DEBUG netbaiot_transports::business_rpc::v3: business RPC V3 selected frame stream_id=734 frame_type=Data payload_bytes=198
2026-09-26T01:46:59.605794Z DEBUG netbaiot_transports::business_rpc::v3: business RPC V3 writer completed frame stream_id=734 frame_type=Data payload_bytes=198
2026-09-26T01:46:59.620701Z DEBUG netbaiot_transports::business_rpc::v3: business RPC V3 received frame stream_id=0 frame_type=WindowUpdate payload_bytes=4
2026-09-26T01:46:59.620729Z DEBUG netbaiot_transports::business_rpc::v3: business RPC V3 received frame stream_id=0 frame_type=WindowUpdate payload_bytes=4
2026-09-26T01:46:59.620736Z DEBUG netbaiot_transports::business_rpc::v3: business RPC V3 received frame stream_id=0 frame_type=WindowUpdate payload_bytes=4
2026-09-26T01:46:59.620739Z DEBUG netbaiot_transports::business_rpc::v3: business RPC V3 received frame stream_id=720 frame_type=Response payload_bytes=35
2026-09-26T01:46:59.620747Z DEBUG netbaiot_transports::business_rpc::v3: business RPC V3 received frame stream_id=720 frame_type=Data payload_bytes=216
2026-09-26T01:46:59.620785Z DEBUG netbaiot_transports::business_rpc::v3: business RPC V3 received frame stream_id=716 frame_type=Response payload_bytes=35
2026-09-26T01:46:59.620795Z DEBUG netbaiot_transports::business_rpc::v3: business RPC V3 received frame stream_id=716 frame_type=Data payload_bytes=216
2026-09-26T01:46:59.620819Z DEBUG netbaiot_transports::business_rpc::v3: business RPC V3 received frame stream_id=718 frame_type=Response payload_bytes=35
2026-09-26T01:46:59.620824Z DEBUG netbaiot_transports::business_rpc::v3: business RPC V3 received frame stream_id=718 frame_type=Data payload_bytes=216
2026-09-26T01:46:59.620926Z DEBUG netbaiot_transports::business_rpc::v3: business RPC V3 selected frame stream_id=0 frame_type=WindowUpdate payload_bytes=4
2026-09-26T01:46:59.620962Z DEBUG netbaiot_transports::business_rpc::v3: business RPC V3 writer completed frame stream_id=0 frame_type=WindowUpdate payload_bytes=4
2026-09-26T01:46:59.620975Z DEBUG netbaiot_transports::business_rpc::v3: business RPC V3 selected frame stream_id=0 frame_type=WindowUpdate payload_bytes=4
2026-09-26T01:46:59.620985Z DEBUG netbaiot_transports::business_rpc::v3: business RPC V3 writer completed frame stream_id=0 frame_type=WindowUpdate payload_bytes=4
2026-09-26T01:46:59.620991Z DEBUG netbaiot_transports::business_rpc::v3: business RPC V3 selected frame stream_id=0 frame_type=WindowUpdate payload_bytes=4
2026-09-26T01:46:59.620999Z DEBUG netbaiot_transports::business_rpc::v3: business RPC V3 writer completed frame stream_id=0 frame_type=WindowUpdate payload_bytes=4
2026-09-26T01:46:59.621737Z DEBUG netbaiot_transports::business_rpc::v3: business RPC V3 body entered scheduler stream_id=736 class=Rpc body_bytes=198
2026-09-26T01:46:59.621746Z DEBUG netbaiot_transports::business_rpc::v3: business RPC V3 selected frame stream_id=736 frame_type=Open payload_bytes=158
2026-09-26T01:46:59.621754Z DEBUG netbaiot_transports::business_rpc::v3: business RPC V3 writer completed frame stream_id=736 frame_type=Open payload_bytes=158
2026-09-26T01:46:59.621758Z DEBUG netbaiot_transports::business_rpc::v3: business RPC V3 body entered scheduler stream_id=738 class=Rpc body_bytes=198
2026-09-26T01:46:59.621760Z DEBUG netbaiot_transports::business_rpc::v3: business RPC V3 selected frame stream_id=736 frame_type=Data payload_bytes=198
2026-09-26T01:46:59.621764Z DEBUG netbaiot_transports::business_rpc::v3: business RPC V3 writer completed frame stream_id=736 frame_type=Data payload_bytes=198
2026-09-26T01:46:59.621767Z DEBUG netbaiot_transports::business_rpc::v3: business RPC V3 selected frame stream_id=738 frame_type=Open payload_bytes=158
2026-09-26T01:46:59.621771Z DEBUG netbaiot_transports::business_rpc::v3: business RPC V3 writer completed frame stream_id=738 frame_type=Open payload_bytes=158
2026-09-26T01:46:59.621774Z DEBUG netbaiot_transports::business_rpc::v3: business RPC V3 selected frame stream_id=738 frame_type=Data payload_bytes=198
2026-09-26T01:46:59.621777Z DEBUG netbaiot_transports::business_rpc::v3: business RPC V3 writer completed frame stream_id=738 frame_type=Data payload_bytes=198
2026-09-26T01:46:59.621813Z DEBUG netbaiot_transports::business_rpc::v3: business RPC V3 body entered scheduler stream_id=740 class=Rpc body_bytes=198
2026-09-26T01:46:59.621816Z DEBUG netbaiot_transports::business_rpc::v3: business RPC V3 selected frame stream_id=740 frame_type=Open payload_bytes=158
2026-09-26T01:46:59.621820Z DEBUG netbaiot_transports::business_rpc::v3: business RPC V3 writer completed frame stream_id=740 frame_type=Open payload_bytes=158
2026-09-26T01:46:59.621822Z DEBUG netbaiot_transports::business_rpc::v3: business RPC V3 selected frame stream_id=740 frame_type=Data payload_bytes=198
2026-09-26T01:46:59.621825Z DEBUG netbaiot_transports::business_rpc::v3: business RPC V3 writer completed frame stream_id=740 frame_type=Data payload_bytes=198
2026-09-26T01:46:59.623103Z DEBUG netbaiot_transports::business_rpc::v3: business RPC V3 body entered scheduler stream_id=742 class=Rpc body_bytes=198
2026-09-26T01:46:59.623141Z DEBUG netbaiot_transports::business_rpc::v3: business RPC V3 selected frame stream_id=742 frame_type=Open payload_bytes=158
2026-09-26T01:46:59.623149Z DEBUG netbaiot_transports::business_rpc::v3: business RPC V3 writer completed frame stream_id=742 frame_type=Open payload_bytes=158
2026-09-26T01:46:59.623152Z DEBUG netbaiot_transports::business_rpc::v3: business RPC V3 selected frame stream_id=742 frame_type=Data payload_bytes=198
2026-09-26T01:46:59.623157Z DEBUG netbaiot_transports::business_rpc::v3: business RPC V3 writer completed frame stream_id=742 frame_type=Data payload_bytes=198
2026-09-26T01:46:59.680742Z DEBUG netbaiot_transports::business_rpc::v3: business RPC V3 body entered scheduler stream_id=744 class=Event body_bytes=17366
2026-09-26T01:46:59.680782Z DEBUG netbaiot_transports::business_rpc::v3: business RPC V3 selected frame stream_id=744 frame_type=Open payload_bytes=184
2026-09-26T01:46:59.680813Z DEBUG netbaiot_transports::business_rpc::v3: business RPC V3 writer completed frame stream_id=744 frame_type=Open payload_bytes=184
2026-09-26T01:46:59.680825Z DEBUG netbaiot_transports::business_rpc::v3: business RPC V3 selected frame stream_id=744 frame_type=Data payload_bytes=8192
2026-09-26T01:46:59.680839Z DEBUG netbaiot_transports::business_rpc::v3: business RPC V3 writer completed frame stream_id=744 frame_type=Data payload_bytes=8192
2026-09-26T01:46:59.680845Z DEBUG netbaiot_transports::business_rpc::v3: business RPC V3 selected frame stream_id=744 frame_type=Data payload_bytes=8192
2026-09-26T01:46:59.680863Z DEBUG netbaiot_transports::business_rpc::v3: business RPC V3 writer completed frame stream_id=744 frame_type=Data payload_bytes=8192
2026-09-26T01:46:59.682257Z DEBUG netbaiot_transports::business_rpc::v3: business RPC V3 received frame stream_id=0 frame_type=WindowUpdate payload_bytes=4
2026-09-26T01:46:59.682298Z DEBUG netbaiot_transports::business_rpc::v3: business RPC V3 received frame stream_id=0 frame_type=WindowUpdate payload_bytes=4
2026-09-26T01:46:59.682341Z DEBUG netbaiot_transports::business_rpc::v3: business RPC V3 received frame stream_id=0 frame_type=WindowUpdate payload_bytes=4
2026-09-26T01:46:59.682355Z DEBUG netbaiot_transports::business_rpc::v3: business RPC V3 received frame stream_id=0 frame_type=WindowUpdate payload_bytes=4
2026-09-26T01:46:59.682359Z DEBUG netbaiot_transports::business_rpc::v3: business RPC V3 received frame stream_id=0 frame_type=WindowUpdate payload_bytes=4
2026-09-26T01:46:59.682462Z DEBUG netbaiot_transports::business_rpc::v3: business RPC V3 received frame stream_id=730 frame_type=Response payload_bytes=35
2026-09-26T01:46:59.682484Z DEBUG netbaiot_transports::business_rpc::v3: business RPC V3 received frame stream_id=730 frame_type=Data payload_bytes=216
2026-09-26T01:46:59.682528Z DEBUG netbaiot_transports::business_rpc::v3: business RPC V3 received frame stream_id=722 frame_type=Response payload_bytes=35
2026-09-26T01:46:59.682538Z DEBUG netbaiot_transports::business_rpc::v3: business RPC V3 received frame stream_id=722 frame_type=Data payload_bytes=216
2026-09-26T01:46:59.682551Z DEBUG netbaiot_transports::business_rpc::v3: business RPC V3 received frame stream_id=724 frame_type=Response payload_bytes=35
2026-09-26T01:46:59.682560Z DEBUG netbaiot_transports::business_rpc::v3: business RPC V3 received frame stream_id=724 frame_type=Data payload_bytes=216
2026-09-26T01:46:59.682571Z DEBUG netbaiot_transports::business_rpc::v3: business RPC V3 received frame stream_id=726 frame_type=Response payload_bytes=35
2026-09-26T01:46:59.682578Z DEBUG netbaiot_transports::business_rpc::v3: business RPC V3 received frame stream_id=726 frame_type=Data payload_bytes=216
2026-09-26T01:46:59.682589Z DEBUG netbaiot_transports::business_rpc::v3: business RPC V3 received frame stream_id=728 frame_type=Response payload_bytes=35
2026-09-26T01:46:59.682597Z DEBUG netbaiot_transports::business_rpc::v3: business RPC V3 received frame stream_id=728 frame_type=Data payload_bytes=216
2026-09-26T01:46:59.682663Z DEBUG netbaiot_transports::business_rpc::v3: business RPC V3 selected frame stream_id=0 frame_type=WindowUpdate payload_bytes=4
2026-09-26T01:46:59.682698Z DEBUG netbaiot_transports::business_rpc::v3: business RPC V3 writer completed frame stream_id=0 frame_type=WindowUpdate payload_bytes=4
2026-09-26T01:46:59.682706Z DEBUG netbaiot_transports::business_rpc::v3: business RPC V3 selected frame stream_id=0 frame_type=WindowUpdate payload_bytes=4
2026-09-26T01:46:59.682716Z DEBUG netbaiot_transports::business_rpc::v3: business RPC V3 writer completed frame stream_id=0 frame_type=WindowUpdate payload_bytes=4
2026-09-26T01:46:59.682721Z DEBUG netbaiot_transports::business_rpc::v3: business RPC V3 selected frame stream_id=0 frame_type=WindowUpdate payload_bytes=4
2026-09-26T01:46:59.682730Z DEBUG netbaiot_transports::business_rpc::v3: business RPC V3 writer completed frame stream_id=0 frame_type=WindowUpdate payload_bytes=4
2026-09-26T01:46:59.682737Z DEBUG netbaiot_transports::business_rpc::v3: business RPC V3 selected frame stream_id=0 frame_type=WindowUpdate payload_bytes=4
2026-09-26T01:46:59.682746Z DEBUG netbaiot_transports::business_rpc::v3: business RPC V3 writer completed frame stream_id=0 frame_type=WindowUpdate payload_bytes=4
2026-09-26T01:46:59.682753Z DEBUG netbaiot_transports::business_rpc::v3: business RPC V3 selected frame stream_id=0 frame_type=WindowUpdate payload_bytes=4
2026-09-26T01:46:59.682762Z DEBUG netbaiot_transports::business_rpc::v3: business RPC V3 writer completed frame stream_id=0 frame_type=WindowUpdate payload_bytes=4
2026-09-26T01:46:59.683937Z DEBUG netbaiot_transports::business_rpc::v3: business RPC V3 body entered scheduler stream_id=746 class=Rpc body_bytes=198
2026-09-26T01:46:59.683974Z DEBUG netbaiot_transports::business_rpc::v3: business RPC V3 selected frame stream_id=746 frame_type=Open payload_bytes=158
2026-09-26T01:46:59.683993Z DEBUG netbaiot_transports::business_rpc::v3: business RPC V3 writer completed frame stream_id=746 frame_type=Open payload_bytes=158
2026-09-26T01:46:59.684005Z DEBUG netbaiot_transports::business_rpc::v3: business RPC V3 selected frame stream_id=746 frame_type=Data payload_bytes=198
2026-09-26T01:46:59.684014Z DEBUG netbaiot_transports::business_rpc::v3: business RPC V3 writer completed frame stream_id=746 frame_type=Data payload_bytes=198
2026-09-26T01:46:59.684176Z DEBUG netbaiot_transports::business_rpc::v3: business RPC V3 body entered scheduler stream_id=748 class=Rpc body_bytes=198
2026-09-26T01:46:59.684187Z DEBUG netbaiot_transports::business_rpc::v3: business RPC V3 selected frame stream_id=748 frame_type=Open payload_bytes=158
2026-09-26T01:46:59.684193Z DEBUG netbaiot_transports::business_rpc::v3: business RPC V3 writer completed frame stream_id=748 frame_type=Open payload_bytes=158
2026-09-26T01:46:59.684196Z DEBUG netbaiot_transports::business_rpc::v3: business RPC V3 body entered scheduler stream_id=750 class=Rpc body_bytes=198
2026-09-26T01:46:59.684199Z DEBUG netbaiot_transports::business_rpc::v3: business RPC V3 selected frame stream_id=750 frame_type=Open payload_bytes=158
2026-09-26T01:46:59.684203Z DEBUG netbaiot_transports::business_rpc::v3: business RPC V3 writer completed frame stream_id=750 frame_type=Open payload_bytes=158
2026-09-26T01:46:59.684206Z DEBUG netbaiot_transports::business_rpc::v3: business RPC V3 selected frame stream_id=748 frame_type=Data payload_bytes=198
2026-09-26T01:46:59.684209Z DEBUG netbaiot_transports::business_rpc::v3: business RPC V3 writer completed frame stream_id=748 frame_type=Data payload_bytes=198
2026-09-26T01:46:59.684212Z DEBUG netbaiot_transports::business_rpc::v3: business RPC V3 selected frame stream_id=750 frame_type=Data payload_bytes=198
2026-09-26T01:46:59.684215Z DEBUG netbaiot_transports::business_rpc::v3: business RPC V3 writer completed frame stream_id=750 frame_type=Data payload_bytes=198
2026-09-26T01:46:59.684260Z DEBUG netbaiot_transports::business_rpc::v3: business RPC V3 body entered scheduler stream_id=752 class=Rpc body_bytes=198
2026-09-26T01:46:59.684294Z DEBUG netbaiot_transports::business_rpc::v3: business RPC V3 selected frame stream_id=752 frame_type=Open payload_bytes=158
2026-09-26T01:46:59.684316Z DEBUG netbaiot_transports::business_rpc::v3: business RPC V3 writer completed frame stream_id=752 frame_type=Open payload_bytes=158
2026-09-26T01:46:59.684327Z DEBUG netbaiot_transports::business_rpc::v3: business RPC V3 selected frame stream_id=752 frame_type=Data payload_bytes=198
2026-09-26T01:46:59.684341Z DEBUG netbaiot_transports::business_rpc::v3: business RPC V3 writer completed frame stream_id=752 frame_type=Data payload_bytes=198
2026-09-26T01:46:59.718673Z DEBUG netbaiot_transports::business_rpc::v3: business RPC V3 received frame stream_id=0 frame_type=WindowUpdate payload_bytes=4
2026-09-26T01:46:59.718693Z DEBUG netbaiot_transports::business_rpc::v3: business RPC V3 received frame stream_id=0 frame_type=WindowUpdate payload_bytes=4
2026-09-26T01:46:59.718697Z DEBUG netbaiot_transports::business_rpc::v3: business RPC V3 received frame stream_id=0 frame_type=WindowUpdate payload_bytes=4
2026-09-26T01:46:59.718701Z DEBUG netbaiot_transports::business_rpc::v3: business RPC V3 received frame stream_id=0 frame_type=WindowUpdate payload_bytes=4
2026-09-26T01:46:59.718704Z DEBUG netbaiot_transports::business_rpc::v3: business RPC V3 received frame stream_id=0 frame_type=WindowUpdate payload_bytes=4
2026-09-26T01:46:59.718706Z DEBUG netbaiot_transports::business_rpc::v3: business RPC V3 received frame stream_id=740 frame_type=Response payload_bytes=35
2026-09-26T01:46:59.718713Z DEBUG netbaiot_transports::business_rpc::v3: business RPC V3 received frame stream_id=732 frame_type=Response payload_bytes=35
2026-09-26T01:46:59.718716Z DEBUG netbaiot_transports::business_rpc::v3: business RPC V3 received frame stream_id=740 frame_type=Data payload_bytes=216
2026-09-26T01:46:59.718735Z DEBUG netbaiot_transports::business_rpc::v3: business RPC V3 received frame stream_id=732 frame_type=Data payload_bytes=216
2026-09-26T01:46:59.718742Z DEBUG netbaiot_transports::business_rpc::v3: business RPC V3 received frame stream_id=736 frame_type=Response payload_bytes=35
2026-09-26T01:46:59.718745Z DEBUG netbaiot_transports::business_rpc::v3: business RPC V3 received frame stream_id=738 frame_type=Response payload_bytes=35
2026-09-26T01:46:59.718748Z DEBUG netbaiot_transports::business_rpc::v3: business RPC V3 received frame stream_id=734 frame_type=Response payload_bytes=35
2026-09-26T01:46:59.718750Z DEBUG netbaiot_transports::business_rpc::v3: business RPC V3 received frame stream_id=736 frame_type=Data payload_bytes=216
2026-09-26T01:46:59.718754Z DEBUG netbaiot_transports::business_rpc::v3: business RPC V3 received frame stream_id=738 frame_type=Data payload_bytes=216
2026-09-26T01:46:59.718759Z DEBUG netbaiot_transports::business_rpc::v3: business RPC V3 received frame stream_id=734 frame_type=Data payload_bytes=216
2026-09-26T01:46:59.718909Z DEBUG netbaiot_transports::business_rpc::v3: business RPC V3 selected frame stream_id=0 frame_type=WindowUpdate payload_bytes=4
2026-09-26T01:46:59.718949Z DEBUG netbaiot_transports::business_rpc::v3: business RPC V3 writer completed frame stream_id=0 frame_type=WindowUpdate payload_bytes=4
2026-09-26T01:46:59.718961Z DEBUG netbaiot_transports::business_rpc::v3: business RPC V3 selected frame stream_id=0 frame_type=WindowUpdate payload_bytes=4
2026-09-26T01:46:59.718971Z DEBUG netbaiot_transports::business_rpc::v3: business RPC V3 writer completed frame stream_id=0 frame_type=WindowUpdate payload_bytes=4
2026-09-26T01:46:59.718978Z DEBUG netbaiot_transports::business_rpc::v3: business RPC V3 selected frame stream_id=0 frame_type=WindowUpdate payload_bytes=4
2026-09-26T01:46:59.718986Z DEBUG netbaiot_transports::business_rpc::v3: business RPC V3 writer completed frame stream_id=0 frame_type=WindowUpdate payload_bytes=4
2026-09-26T01:46:59.718992Z DEBUG netbaiot_transports::business_rpc::v3: business RPC V3 selected frame stream_id=0 frame_type=WindowUpdate payload_bytes=4
2026-09-26T01:46:59.718999Z DEBUG netbaiot_transports::business_rpc::v3: business RPC V3 writer completed frame stream_id=0 frame_type=WindowUpdate payload_bytes=4
2026-09-26T01:46:59.719006Z DEBUG netbaiot_transports::business_rpc::v3: business RPC V3 selected frame stream_id=0 frame_type=WindowUpdate payload_bytes=4
2026-09-26T01:46:59.719014Z DEBUG netbaiot_transports::business_rpc::v3: business RPC V3 writer completed frame stream_id=0 frame_type=WindowUpdate payload_bytes=4
2026-09-26T01:46:59.746911Z DEBUG netbaiot_transports::business_rpc::v3: business RPC V3 received frame stream_id=0 frame_type=WindowUpdate payload_bytes=4
2026-09-26T01:46:59.746950Z DEBUG netbaiot_transports::business_rpc::v3: business RPC V3 received frame stream_id=742 frame_type=Response payload_bytes=35
2026-09-26T01:46:59.746964Z DEBUG netbaiot_transports::business_rpc::v3: business RPC V3 received frame stream_id=742 frame_type=Data payload_bytes=216
2026-09-26T01:46:59.747005Z DEBUG netbaiot_transports::business_rpc::v3: business RPC V3 selected frame stream_id=0 frame_type=WindowUpdate payload_bytes=4
2026-09-26T01:46:59.747038Z DEBUG netbaiot_transports::business_rpc::v3: business RPC V3 writer completed frame stream_id=0 frame_type=WindowUpdate payload_bytes=4
2026-09-26T01:46:59.830084Z DEBUG netbaiot_transports::business_rpc::v3: business RPC V3 received frame stream_id=0 frame_type=WindowUpdate payload_bytes=4
2026-09-26T01:46:59.830108Z DEBUG netbaiot_transports::business_rpc::v3: business RPC V3 received frame stream_id=744 frame_type=WindowUpdate payload_bytes=4
2026-09-26T01:46:59.830116Z DEBUG netbaiot_transports::business_rpc::v3: business RPC V3 selected frame stream_id=744 frame_type=Data payload_bytes=982
2026-09-26T01:46:59.830128Z DEBUG netbaiot_transports::business_rpc::v3: business RPC V3 writer completed frame stream_id=744 frame_type=Data payload_bytes=982
2026-09-26T01:46:59.860502Z DEBUG netbaiot_transports::business_rpc::v3: business RPC V3 received frame stream_id=0 frame_type=WindowUpdate payload_bytes=4
2026-09-26T01:46:59.860519Z DEBUG netbaiot_transports::business_rpc::v3: business RPC V3 received frame stream_id=744 frame_type=WindowUpdate payload_bytes=4
2026-09-26T01:46:59.860522Z DEBUG netbaiot_transports::business_rpc::v3: business RPC V3 received frame stream_id=0 frame_type=WindowUpdate payload_bytes=4
2026-09-26T01:46:59.860526Z DEBUG netbaiot_transports::business_rpc::v3: business RPC V3 received frame stream_id=0 frame_type=WindowUpdate payload_bytes=4
2026-09-26T01:46:59.860528Z DEBUG netbaiot_transports::business_rpc::v3: business RPC V3 received frame stream_id=0 frame_type=WindowUpdate payload_bytes=4
2026-09-26T01:46:59.860530Z DEBUG netbaiot_transports::business_rpc::v3: business RPC V3 received frame stream_id=0 frame_type=WindowUpdate payload_bytes=4
2026-09-26T01:46:59.860532Z DEBUG netbaiot_transports::business_rpc::v3: business RPC V3 received frame stream_id=752 frame_type=Response payload_bytes=35
2026-09-26T01:46:59.860538Z DEBUG netbaiot_transports::business_rpc::v3: business RPC V3 received frame stream_id=752 frame_type=Data payload_bytes=216
2026-09-26T01:46:59.860556Z DEBUG netbaiot_transports::business_rpc::v3: business RPC V3 received frame stream_id=748 frame_type=Response payload_bytes=35
2026-09-26T01:46:59.860560Z DEBUG netbaiot_transports::business_rpc::v3: business RPC V3 received frame stream_id=746 frame_type=Response payload_bytes=35
2026-09-26T01:46:59.860563Z DEBUG netbaiot_transports::business_rpc::v3: business RPC V3 received frame stream_id=750 frame_type=Response payload_bytes=35
2026-09-26T01:46:59.860565Z DEBUG netbaiot_transports::business_rpc::v3: business RPC V3 received frame stream_id=748 frame_type=Data payload_bytes=216
2026-09-26T01:46:59.860569Z DEBUG netbaiot_transports::business_rpc::v3: business RPC V3 selected frame stream_id=0 frame_type=WindowUpdate payload_bytes=4
2026-09-26T01:46:59.860571Z DEBUG netbaiot_transports::business_rpc::v3: business RPC V3 received frame stream_id=746 frame_type=Data payload_bytes=216
2026-09-26T01:46:59.860601Z DEBUG netbaiot_transports::business_rpc::v3: business RPC V3 writer completed frame stream_id=0 frame_type=WindowUpdate payload_bytes=4
2026-09-26T01:46:59.860644Z DEBUG netbaiot_transports::business_rpc::v3: business RPC V3 received frame stream_id=750 frame_type=Data payload_bytes=216
2026-09-26T01:46:59.860652Z DEBUG netbaiot_transports::business_rpc::v3: business RPC V3 selected frame stream_id=0 frame_type=WindowUpdate payload_bytes=4
2026-09-26T01:46:59.860728Z DEBUG netbaiot_transports::business_rpc::v3: business RPC V3 writer completed frame stream_id=0 frame_type=WindowUpdate payload_bytes=4
2026-09-26T01:46:59.860736Z DEBUG netbaiot_transports::business_rpc::v3: business RPC V3 selected frame stream_id=0 frame_type=WindowUpdate payload_bytes=4
2026-09-26T01:46:59.860740Z DEBUG netbaiot_transports::business_rpc::v3: business RPC V3 writer completed frame stream_id=0 frame_type=WindowUpdate payload_bytes=4
2026-09-26T01:46:59.860742Z DEBUG netbaiot_transports::business_rpc::v3: business RPC V3 selected frame stream_id=0 frame_type=WindowUpdate payload_bytes=4
2026-09-26T01:46:59.860746Z DEBUG netbaiot_transports::business_rpc::v3: business RPC V3 writer completed frame stream_id=0 frame_type=WindowUpdate payload_bytes=4
2026-09-26T01:46:59.945797Z DEBUG netbaiot_transports::business_rpc::v3: business RPC V3 received frame stream_id=0 frame_type=WindowUpdate payload_bytes=4
2026-09-26T01:46:59.945893Z DEBUG netbaiot_transports::business_rpc::v3: business RPC V3 received frame stream_id=744 frame_type=Response payload_bytes=35
2026-09-26T01:46:59.945934Z DEBUG netbaiot_transports::business_rpc::v3: business RPC V3 received frame stream_id=744 frame_type=Data payload_bytes=118
2026-09-26T01:46:59.945950Z DEBUG netbaiot_transports::business_rpc::v3: business RPC V3 Event delivery acknowledged stream_id=744 completion_us=265221
2026-09-26T01:46:59.945974Z DEBUG netbaiot_transports::business_rpc::v3: business RPC V3 selected frame stream_id=0 frame_type=WindowUpdate payload_bytes=4
2026-09-26T01:46:59.946020Z DEBUG netbaiot_transports::business_rpc::v3: business RPC V3 writer completed frame stream_id=0 frame_type=WindowUpdate payload_bytes=4
2026-09-26T01:47:00.132269Z DEBUG netbaiot_transports::business_rpc::v3: business RPC V3 body entered scheduler stream_id=754 class=Rpc body_bytes=198
2026-09-26T01:47:00.132478Z DEBUG netbaiot_transports::business_rpc::v3: business RPC V3 selected frame stream_id=754 frame_type=Open payload_bytes=158
2026-09-26T01:47:00.132508Z DEBUG netbaiot_transports::business_rpc::v3: business RPC V3 writer completed frame stream_id=754 frame_type=Open payload_bytes=158
2026-09-26T01:47:00.132514Z DEBUG netbaiot_transports::business_rpc::v3: business RPC V3 selected frame stream_id=754 frame_type=Data payload_bytes=198
2026-09-26T01:47:00.132520Z DEBUG netbaiot_transports::business_rpc::v3: business RPC V3 writer completed frame stream_id=754 frame_type=Data payload_bytes=198
2026-09-26T01:47:00.141148Z DEBUG netbaiot_transports::business_rpc::v3: business RPC V3 body entered scheduler stream_id=756 class=Rpc body_bytes=198
2026-09-26T01:47:00.141166Z DEBUG netbaiot_transports::business_rpc::v3: business RPC V3 selected frame stream_id=756 frame_type=Open payload_bytes=158
2026-09-26T01:47:00.141177Z DEBUG netbaiot_transports::business_rpc::v3: business RPC V3 writer completed frame stream_id=756 frame_type=Open payload_bytes=158
2026-09-26T01:47:00.141182Z DEBUG netbaiot_transports::business_rpc::v3: business RPC V3 selected frame stream_id=756 frame_type=Data payload_bytes=198
2026-09-26T01:47:00.141186Z DEBUG netbaiot_transports::business_rpc::v3: business RPC V3 writer completed frame stream_id=756 frame_type=Data payload_bytes=198
2026-09-26T01:47:00.147601Z DEBUG netbaiot_transports::business_rpc::v3: business RPC V3 body entered scheduler stream_id=758 class=Rpc body_bytes=198
2026-09-26T01:47:00.147632Z DEBUG netbaiot_transports::business_rpc::v3: business RPC V3 selected frame stream_id=758 frame_type=Open payload_bytes=158
2026-09-26T01:47:00.147658Z DEBUG netbaiot_transports::business_rpc::v3: business RPC V3 writer completed frame stream_id=758 frame_type=Open payload_bytes=158
2026-09-26T01:47:00.147668Z DEBUG netbaiot_transports::business_rpc::v3: business RPC V3 selected frame stream_id=758 frame_type=Data payload_bytes=198
2026-09-26T01:47:00.147678Z DEBUG netbaiot_transports::business_rpc::v3: business RPC V3 writer completed frame stream_id=758 frame_type=Data payload_bytes=198
2026-09-26T01:47:00.171289Z DEBUG netbaiot_transports::business_rpc::v3: business RPC V3 body entered scheduler stream_id=760 class=Rpc body_bytes=198
2026-09-26T01:47:00.179440Z DEBUG netbaiot_transports::business_rpc::v3: business RPC V3 selected frame stream_id=760 frame_type=Open payload_bytes=158
2026-09-26T01:47:00.179511Z DEBUG netbaiot_transports::business_rpc::v3: business RPC V3 writer completed frame stream_id=760 frame_type=Open payload_bytes=158
2026-09-26T01:47:00.179546Z DEBUG netbaiot_transports::business_rpc::v3: business RPC V3 selected frame stream_id=760 frame_type=Data payload_bytes=198
2026-09-26T01:47:00.179582Z DEBUG netbaiot_transports::business_rpc::v3: business RPC V3 writer completed frame stream_id=760 frame_type=Data payload_bytes=198
2026-09-26T01:47:00.181041Z DEBUG netbaiot_transports::business_rpc::v3: business RPC V3 body entered scheduler stream_id=762 class=Event body_bytes=17366
2026-09-26T01:47:00.181081Z DEBUG netbaiot_transports::business_rpc::v3: business RPC V3 selected frame stream_id=762 frame_type=Open payload_bytes=184
2026-09-26T01:47:00.181112Z DEBUG netbaiot_transports::business_rpc::v3: business RPC V3 writer completed frame stream_id=762 frame_type=Open payload_bytes=184
2026-09-26T01:47:00.181122Z DEBUG netbaiot_transports::business_rpc::v3: business RPC V3 selected frame stream_id=762 frame_type=Data payload_bytes=8192
2026-09-26T01:47:00.181128Z DEBUG netbaiot_transports::business_rpc::v3: business RPC V3 writer completed frame stream_id=762 frame_type=Data payload_bytes=8192
2026-09-26T01:47:00.181132Z DEBUG netbaiot_transports::business_rpc::v3: business RPC V3 selected frame stream_id=762 frame_type=Data payload_bytes=8192
2026-09-26T01:47:00.181141Z DEBUG netbaiot_transports::business_rpc::v3: business RPC V3 writer completed frame stream_id=762 frame_type=Data payload_bytes=8192
2026-09-26T01:47:00.198072Z DEBUG netbaiot_transports::business_rpc::v3: business RPC V3 body entered scheduler stream_id=764 class=Rpc body_bytes=198
2026-09-26T01:47:00.198109Z DEBUG netbaiot_transports::business_rpc::v3: business RPC V3 selected frame stream_id=764 frame_type=Open payload_bytes=158
2026-09-26T01:47:00.198129Z DEBUG netbaiot_transports::business_rpc::v3: business RPC V3 writer completed frame stream_id=764 frame_type=Open payload_bytes=158
2026-09-26T01:47:00.198138Z DEBUG netbaiot_transports::business_rpc::v3: business RPC V3 selected frame stream_id=764 frame_type=Data payload_bytes=198
2026-09-26T01:47:00.198148Z DEBUG netbaiot_transports::business_rpc::v3: business RPC V3 writer completed frame stream_id=764 frame_type=Data payload_bytes=198
2026-09-26T01:47:00.200710Z DEBUG netbaiot_transports::business_rpc::v3: business RPC V3 body entered scheduler stream_id=766 class=Rpc body_bytes=198
2026-09-26T01:47:00.200725Z DEBUG netbaiot_transports::business_rpc::v3: business RPC V3 selected frame stream_id=766 frame_type=Open payload_bytes=158
2026-09-26T01:47:00.200735Z DEBUG netbaiot_transports::business_rpc::v3: business RPC V3 writer completed frame stream_id=766 frame_type=Open payload_bytes=158
2026-09-26T01:47:00.200740Z DEBUG netbaiot_transports::business_rpc::v3: business RPC V3 selected frame stream_id=766 frame_type=Data payload_bytes=198
2026-09-26T01:47:00.200744Z DEBUG netbaiot_transports::business_rpc::v3: business RPC V3 writer completed frame stream_id=766 frame_type=Data payload_bytes=198
2026-09-26T01:47:00.224531Z DEBUG netbaiot_transports::business_rpc::v3: business RPC V3 body entered scheduler stream_id=768 class=Rpc body_bytes=198
2026-09-26T01:47:00.224548Z DEBUG netbaiot_transports::business_rpc::v3: business RPC V3 selected frame stream_id=768 frame_type=Open payload_bytes=158
2026-09-26T01:47:00.224557Z DEBUG netbaiot_transports::business_rpc::v3: business RPC V3 writer completed frame stream_id=768 frame_type=Open payload_bytes=158
2026-09-26T01:47:00.224561Z DEBUG netbaiot_transports::business_rpc::v3: business RPC V3 selected frame stream_id=768 frame_type=Data payload_bytes=198
2026-09-26T01:47:00.224566Z DEBUG netbaiot_transports::business_rpc::v3: business RPC V3 writer completed frame stream_id=768 frame_type=Data payload_bytes=198
2026-09-26T01:47:00.243757Z DEBUG netbaiot_transports::business_rpc::v3: business RPC V3 body entered scheduler stream_id=770 class=Rpc body_bytes=198
2026-09-26T01:47:00.243782Z DEBUG netbaiot_transports::business_rpc::v3: business RPC V3 selected frame stream_id=770 frame_type=Open payload_bytes=158
2026-09-26T01:47:00.243793Z DEBUG netbaiot_transports::business_rpc::v3: business RPC V3 writer completed frame stream_id=770 frame_type=Open payload_bytes=158
2026-09-26T01:47:00.243798Z DEBUG netbaiot_transports::business_rpc::v3: business RPC V3 selected frame stream_id=770 frame_type=Data payload_bytes=198
2026-09-26T01:47:00.243802Z DEBUG netbaiot_transports::business_rpc::v3: business RPC V3 writer completed frame stream_id=770 frame_type=Data payload_bytes=198
2026-09-26T01:47:00.268994Z DEBUG netbaiot_transports::business_rpc::v3: business RPC V3 received frame stream_id=0 frame_type=WindowUpdate payload_bytes=4
2026-09-26T01:47:00.269016Z DEBUG netbaiot_transports::business_rpc::v3: business RPC V3 received frame stream_id=0 frame_type=WindowUpdate payload_bytes=4
2026-09-26T01:47:00.269020Z DEBUG netbaiot_transports::business_rpc::v3: business RPC V3 received frame stream_id=0 frame_type=WindowUpdate payload_bytes=4
2026-09-26T01:47:00.269024Z DEBUG netbaiot_transports::business_rpc::v3: business RPC V3 received frame stream_id=758 frame_type=Response payload_bytes=35
2026-09-26T01:47:00.269030Z DEBUG netbaiot_transports::business_rpc::v3: business RPC V3 received frame stream_id=758 frame_type=Data payload_bytes=216
2026-09-26T01:47:00.269049Z DEBUG netbaiot_transports::business_rpc::v3: business RPC V3 received frame stream_id=754 frame_type=Response payload_bytes=35
2026-09-26T01:47:00.269054Z DEBUG netbaiot_transports::business_rpc::v3: business RPC V3 received frame stream_id=756 frame_type=Response payload_bytes=35
2026-09-26T01:47:00.269057Z DEBUG netbaiot_transports::business_rpc::v3: business RPC V3 received frame stream_id=754 frame_type=Data payload_bytes=216
2026-09-26T01:47:00.269063Z DEBUG netbaiot_transports::business_rpc::v3: business RPC V3 received frame stream_id=756 frame_type=Data payload_bytes=216
2026-09-26T01:47:00.269131Z DEBUG netbaiot_transports::business_rpc::v3: business RPC V3 selected frame stream_id=0 frame_type=WindowUpdate payload_bytes=4
2026-09-26T01:47:00.269141Z DEBUG netbaiot_transports::business_rpc::v3: business RPC V3 writer completed frame stream_id=0 frame_type=WindowUpdate payload_bytes=4
2026-09-26T01:47:00.269144Z DEBUG netbaiot_transports::business_rpc::v3: business RPC V3 selected frame stream_id=0 frame_type=WindowUpdate payload_bytes=4
2026-09-26T01:47:00.269148Z DEBUG netbaiot_transports::business_rpc::v3: business RPC V3 writer completed frame stream_id=0 frame_type=WindowUpdate payload_bytes=4
2026-09-26T01:47:00.269152Z DEBUG netbaiot_transports::business_rpc::v3: business RPC V3 selected frame stream_id=0 frame_type=WindowUpdate payload_bytes=4
2026-09-26T01:47:00.269156Z DEBUG netbaiot_transports::business_rpc::v3: business RPC V3 writer completed frame stream_id=0 frame_type=WindowUpdate payload_bytes=4
2026-09-26T01:47:00.269621Z DEBUG netbaiot_transports::business_rpc::v3: business RPC V3 body entered scheduler stream_id=772 class=Rpc body_bytes=198
2026-09-26T01:47:00.269626Z DEBUG netbaiot_transports::business_rpc::v3: business RPC V3 selected frame stream_id=772 frame_type=Open payload_bytes=158
2026-09-26T01:47:00.269633Z DEBUG netbaiot_transports::business_rpc::v3: business RPC V3 writer completed frame stream_id=772 frame_type=Open payload_bytes=158
2026-09-26T01:47:00.269637Z DEBUG netbaiot_transports::business_rpc::v3: business RPC V3 selected frame stream_id=772 frame_type=Data payload_bytes=198
2026-09-26T01:47:00.269641Z DEBUG netbaiot_transports::business_rpc::v3: business RPC V3 writer completed frame stream_id=772 frame_type=Data payload_bytes=198
2026-09-26T01:47:00.269671Z DEBUG netbaiot_transports::business_rpc::v3: business RPC V3 body entered scheduler stream_id=774 class=Rpc body_bytes=198
2026-09-26T01:47:00.269675Z DEBUG netbaiot_transports::business_rpc::v3: business RPC V3 selected frame stream_id=774 frame_type=Open payload_bytes=158
2026-09-26T01:47:00.269678Z DEBUG netbaiot_transports::business_rpc::v3: business RPC V3 writer completed frame stream_id=774 frame_type=Open payload_bytes=158
2026-09-26T01:47:00.269681Z DEBUG netbaiot_transports::business_rpc::v3: business RPC V3 selected frame stream_id=774 frame_type=Data payload_bytes=198
2026-09-26T01:47:00.269684Z DEBUG netbaiot_transports::business_rpc::v3: business RPC V3 writer completed frame stream_id=774 frame_type=Data payload_bytes=198
2026-09-26T01:47:00.269712Z DEBUG netbaiot_transports::business_rpc::v3: business RPC V3 body entered scheduler stream_id=776 class=Rpc body_bytes=198
2026-09-26T01:47:00.269715Z DEBUG netbaiot_transports::business_rpc::v3: business RPC V3 selected frame stream_id=776 frame_type=Open payload_bytes=158
2026-09-26T01:47:00.269719Z DEBUG netbaiot_transports::business_rpc::v3: business RPC V3 writer completed frame stream_id=776 frame_type=Open payload_bytes=158
2026-09-26T01:47:00.269721Z DEBUG netbaiot_transports::business_rpc::v3: business RPC V3 selected frame stream_id=776 frame_type=Data payload_bytes=198
2026-09-26T01:47:00.269725Z DEBUG netbaiot_transports::business_rpc::v3: business RPC V3 writer completed frame stream_id=776 frame_type=Data payload_bytes=198
2026-09-26T01:47:00.294782Z DEBUG netbaiot_transports::business_rpc::v3: business RPC V3 body entered scheduler stream_id=778 class=Rpc body_bytes=198
2026-09-26T01:47:00.294835Z DEBUG netbaiot_transports::business_rpc::v3: business RPC V3 selected frame stream_id=778 frame_type=Open payload_bytes=158
2026-09-26T01:47:00.294883Z DEBUG netbaiot_transports::business_rpc::v3: business RPC V3 writer completed frame stream_id=778 frame_type=Open payload_bytes=158
2026-09-26T01:47:00.294900Z DEBUG netbaiot_transports::business_rpc::v3: business RPC V3 selected frame stream_id=778 frame_type=Data payload_bytes=198
2026-09-26T01:47:00.294911Z DEBUG netbaiot_transports::business_rpc::v3: business RPC V3 writer completed frame stream_id=778 frame_type=Data payload_bytes=198
2026-09-26T01:47:00.301627Z DEBUG netbaiot_transports::business_rpc::v3: business RPC V3 body entered scheduler stream_id=780 class=Rpc body_bytes=198
2026-09-26T01:47:00.301641Z DEBUG netbaiot_transports::business_rpc::v3: business RPC V3 selected frame stream_id=780 frame_type=Open payload_bytes=158
2026-09-26T01:47:00.301650Z DEBUG netbaiot_transports::business_rpc::v3: business RPC V3 writer completed frame stream_id=780 frame_type=Open payload_bytes=158
2026-09-26T01:47:00.301655Z DEBUG netbaiot_transports::business_rpc::v3: business RPC V3 selected frame stream_id=780 frame_type=Data payload_bytes=198
2026-09-26T01:47:00.301660Z DEBUG netbaiot_transports::business_rpc::v3: business RPC V3 writer completed frame stream_id=780 frame_type=Data payload_bytes=198
2026-09-26T01:47:00.326925Z DEBUG netbaiot_transports::business_rpc::v3: business RPC V3 body entered scheduler stream_id=782 class=Rpc body_bytes=198
2026-09-26T01:47:00.326966Z DEBUG netbaiot_transports::business_rpc::v3: business RPC V3 selected frame stream_id=782 frame_type=Open payload_bytes=158
2026-09-26T01:47:00.326996Z DEBUG netbaiot_transports::business_rpc::v3: business RPC V3 writer completed frame stream_id=782 frame_type=Open payload_bytes=158
2026-09-26T01:47:00.327009Z DEBUG netbaiot_transports::business_rpc::v3: business RPC V3 selected frame stream_id=782 frame_type=Data payload_bytes=198
2026-09-26T01:47:00.327019Z DEBUG netbaiot_transports::business_rpc::v3: business RPC V3 writer completed frame stream_id=782 frame_type=Data payload_bytes=198
2026-09-26T01:47:00.355609Z DEBUG netbaiot_transports::business_rpc::v3: business RPC V3 received frame stream_id=0 frame_type=WindowUpdate payload_bytes=4
2026-09-26T01:47:00.355626Z DEBUG netbaiot_transports::business_rpc::v3: business RPC V3 received frame stream_id=0 frame_type=WindowUpdate payload_bytes=4
2026-09-26T01:47:00.355630Z DEBUG netbaiot_transports::business_rpc::v3: business RPC V3 received frame stream_id=762 frame_type=WindowUpdate payload_bytes=4
2026-09-26T01:47:00.355634Z DEBUG netbaiot_transports::business_rpc::v3: business RPC V3 received frame stream_id=760 frame_type=Response payload_bytes=35
2026-09-26T01:47:00.355640Z DEBUG netbaiot_transports::business_rpc::v3: business RPC V3 received frame stream_id=760 frame_type=Data payload_bytes=216
2026-09-26T01:47:00.355672Z DEBUG netbaiot_transports::business_rpc::v3: business RPC V3 selected frame stream_id=0 frame_type=WindowUpdate payload_bytes=4
2026-09-26T01:47:00.355712Z DEBUG netbaiot_transports::business_rpc::v3: business RPC V3 writer completed frame stream_id=0 frame_type=WindowUpdate payload_bytes=4
2026-09-26T01:47:00.355731Z DEBUG netbaiot_transports::business_rpc::v3: business RPC V3 selected frame stream_id=762 frame_type=Data payload_bytes=982
2026-09-26T01:47:00.355744Z DEBUG netbaiot_transports::business_rpc::v3: business RPC V3 writer completed frame stream_id=762 frame_type=Data payload_bytes=982
2026-09-26T01:47:00.356007Z DEBUG netbaiot_transports::business_rpc::v3: business RPC V3 body entered scheduler stream_id=784 class=Rpc body_bytes=198
2026-09-26T01:47:00.356013Z DEBUG netbaiot_transports::business_rpc::v3: business RPC V3 selected frame stream_id=784 frame_type=Open payload_bytes=158
2026-09-26T01:47:00.356020Z DEBUG netbaiot_transports::business_rpc::v3: business RPC V3 writer completed frame stream_id=784 frame_type=Open payload_bytes=158
2026-09-26T01:47:00.356024Z DEBUG netbaiot_transports::business_rpc::v3: business RPC V3 selected frame stream_id=784 frame_type=Data payload_bytes=198
2026-09-26T01:47:00.356028Z DEBUG netbaiot_transports::business_rpc::v3: business RPC V3 writer completed frame stream_id=784 frame_type=Data payload_bytes=198
2026-09-26T01:47:00.372154Z DEBUG netbaiot_transports::business_rpc::v3: business RPC V3 body entered scheduler stream_id=786 class=Rpc body_bytes=198
2026-09-26T01:47:00.372193Z DEBUG netbaiot_transports::business_rpc::v3: business RPC V3 selected frame stream_id=786 frame_type=Open payload_bytes=158
2026-09-26T01:47:00.372212Z DEBUG netbaiot_transports::business_rpc::v3: business RPC V3 writer completed frame stream_id=786 frame_type=Open payload_bytes=158
2026-09-26T01:47:00.372223Z DEBUG netbaiot_transports::business_rpc::v3: business RPC V3 selected frame stream_id=786 frame_type=Data payload_bytes=198
2026-09-26T01:47:00.372234Z DEBUG netbaiot_transports::business_rpc::v3: business RPC V3 writer completed frame stream_id=786 frame_type=Data payload_bytes=198
2026-09-26T01:47:00.391256Z DEBUG netbaiot_transports::business_rpc::v3: business RPC V3 received frame stream_id=0 frame_type=WindowUpdate payload_bytes=4
2026-09-26T01:47:00.391290Z DEBUG netbaiot_transports::business_rpc::v3: business RPC V3 received frame stream_id=762 frame_type=WindowUpdate payload_bytes=4
2026-09-26T01:47:00.391294Z DEBUG netbaiot_transports::business_rpc::v3: business RPC V3 received frame stream_id=0 frame_type=WindowUpdate payload_bytes=4
2026-09-26T01:47:00.391298Z DEBUG netbaiot_transports::business_rpc::v3: business RPC V3 received frame stream_id=0 frame_type=WindowUpdate payload_bytes=4
2026-09-26T01:47:00.391301Z DEBUG netbaiot_transports::business_rpc::v3: business RPC V3 received frame stream_id=0 frame_type=WindowUpdate payload_bytes=4
2026-09-26T01:47:00.391304Z DEBUG netbaiot_transports::business_rpc::v3: business RPC V3 received frame stream_id=0 frame_type=WindowUpdate payload_bytes=4
2026-09-26T01:47:00.391306Z DEBUG netbaiot_transports::business_rpc::v3: business RPC V3 received frame stream_id=0 frame_type=WindowUpdate payload_bytes=4
2026-09-26T01:47:00.391309Z DEBUG netbaiot_transports::business_rpc::v3: business RPC V3 received frame stream_id=0 frame_type=WindowUpdate payload_bytes=4
2026-09-26T01:47:00.391312Z DEBUG netbaiot_transports::business_rpc::v3: business RPC V3 received frame stream_id=0 frame_type=WindowUpdate payload_bytes=4
2026-09-26T01:47:00.391314Z DEBUG netbaiot_transports::business_rpc::v3: business RPC V3 received frame stream_id=0 frame_type=WindowUpdate payload_bytes=4
2026-09-26T01:47:00.391317Z DEBUG netbaiot_transports::business_rpc::v3: business RPC V3 received frame stream_id=778 frame_type=Response payload_bytes=35
2026-09-26T01:47:00.391323Z DEBUG netbaiot_transports::business_rpc::v3: business RPC V3 received frame stream_id=766 frame_type=Response payload_bytes=35
2026-09-26T01:47:00.391326Z DEBUG netbaiot_transports::business_rpc::v3: business RPC V3 received frame stream_id=768 frame_type=Response payload_bytes=35
2026-09-26T01:47:00.391329Z DEBUG netbaiot_transports::business_rpc::v3: business RPC V3 received frame stream_id=764 frame_type=Response payload_bytes=35
2026-09-26T01:47:00.391331Z DEBUG netbaiot_transports::business_rpc::v3: business RPC V3 received frame stream_id=778 frame_type=Data payload_bytes=216
2026-09-26T01:47:00.391351Z DEBUG netbaiot_transports::business_rpc::v3: business RPC V3 received frame stream_id=774 frame_type=Response payload_bytes=35
2026-09-26T01:47:00.391356Z DEBUG netbaiot_transports::business_rpc::v3: business RPC V3 received frame stream_id=772 frame_type=Response payload_bytes=35
2026-09-26T01:47:00.391359Z DEBUG netbaiot_transports::business_rpc::v3: business RPC V3 received frame stream_id=776 frame_type=Response payload_bytes=35
2026-09-26T01:47:00.391362Z DEBUG netbaiot_transports::business_rpc::v3: business RPC V3 received frame stream_id=770 frame_type=Response payload_bytes=35
2026-09-26T01:47:00.391364Z DEBUG netbaiot_transports::business_rpc::v3: business RPC V3 received frame stream_id=766 frame_type=Data payload_bytes=216
2026-09-26T01:47:00.391368Z DEBUG netbaiot_transports::business_rpc::v3: business RPC V3 selected frame stream_id=0 frame_type=WindowUpdate payload_bytes=4
2026-09-26T01:47:00.391374Z DEBUG netbaiot_transports::business_rpc::v3: business RPC V3 received frame stream_id=768 frame_type=Data payload_bytes=216
2026-09-26T01:47:00.391416Z DEBUG netbaiot_transports::business_rpc::v3: business RPC V3 writer completed frame stream_id=0 frame_type=WindowUpdate payload_bytes=4
2026-09-26T01:47:00.391454Z DEBUG netbaiot_transports::business_rpc::v3: business RPC V3 received frame stream_id=764 frame_type=Data payload_bytes=216
2026-09-26T01:47:00.391459Z DEBUG netbaiot_transports::business_rpc::v3: business RPC V3 selected frame stream_id=0 frame_type=WindowUpdate payload_bytes=4
2026-09-26T01:47:00.391478Z DEBUG netbaiot_transports::business_rpc::v3: business RPC V3 received frame stream_id=774 frame_type=Data payload_bytes=216
2026-09-26T01:47:00.391500Z DEBUG netbaiot_transports::business_rpc::v3: business RPC V3 writer completed frame stream_id=0 frame_type=WindowUpdate payload_bytes=4
2026-09-26T01:47:00.391522Z DEBUG netbaiot_transports::business_rpc::v3: business RPC V3 selected frame stream_id=0 frame_type=WindowUpdate payload_bytes=4
2026-09-26T01:47:00.391526Z DEBUG netbaiot_transports::business_rpc::v3: business RPC V3 received frame stream_id=772 frame_type=Data payload_bytes=216
2026-09-26T01:47:00.391528Z DEBUG netbaiot_transports::business_rpc::v3: business RPC V3 writer completed frame stream_id=0 frame_type=WindowUpdate payload_bytes=4
2026-09-26T01:47:00.391551Z DEBUG netbaiot_transports::business_rpc::v3: business RPC V3 received frame stream_id=776 frame_type=Data payload_bytes=216
2026-09-26T01:47:00.391568Z DEBUG netbaiot_transports::business_rpc::v3: business RPC V3 selected frame stream_id=0 frame_type=WindowUpdate payload_bytes=4
2026-09-26T01:47:00.391595Z DEBUG netbaiot_transports::business_rpc::v3: business RPC V3 received frame stream_id=770 frame_type=Data payload_bytes=216
2026-09-26T01:47:00.391599Z DEBUG netbaiot_transports::business_rpc::v3: business RPC V3 writer completed frame stream_id=0 frame_type=WindowUpdate payload_bytes=4
2026-09-26T01:47:00.391668Z DEBUG netbaiot_transports::business_rpc::v3: business RPC V3 selected frame stream_id=0 frame_type=WindowUpdate payload_bytes=4
2026-09-26T01:47:00.391682Z DEBUG netbaiot_transports::business_rpc::v3: business RPC V3 writer completed frame stream_id=0 frame_type=WindowUpdate payload_bytes=4
2026-09-26T01:47:00.391690Z DEBUG netbaiot_transports::business_rpc::v3: business RPC V3 selected frame stream_id=0 frame_type=WindowUpdate payload_bytes=4
2026-09-26T01:47:00.391699Z DEBUG netbaiot_transports::business_rpc::v3: business RPC V3 writer completed frame stream_id=0 frame_type=WindowUpdate payload_bytes=4
2026-09-26T01:47:00.391706Z DEBUG netbaiot_transports::business_rpc::v3: business RPC V3 selected frame stream_id=0 frame_type=WindowUpdate payload_bytes=4
2026-09-26T01:47:00.391715Z DEBUG netbaiot_transports::business_rpc::v3: business RPC V3 writer completed frame stream_id=0 frame_type=WindowUpdate payload_bytes=4
2026-09-26T01:47:00.391721Z DEBUG netbaiot_transports::business_rpc::v3: business RPC V3 selected frame stream_id=0 frame_type=WindowUpdate payload_bytes=4
2026-09-26T01:47:00.391730Z DEBUG netbaiot_transports::business_rpc::v3: business RPC V3 writer completed frame stream_id=0 frame_type=WindowUpdate payload_bytes=4
2026-09-26T01:47:00.391988Z DEBUG netbaiot_transports::business_rpc::v3: business RPC V3 body entered scheduler stream_id=788 class=Rpc body_bytes=198
2026-09-26T01:47:00.391997Z DEBUG netbaiot_transports::business_rpc::v3: business RPC V3 selected frame stream_id=788 frame_type=Open payload_bytes=158
2026-09-26T01:47:00.392004Z DEBUG netbaiot_transports::business_rpc::v3: business RPC V3 writer completed frame stream_id=788 frame_type=Open payload_bytes=158
2026-09-26T01:47:00.392008Z DEBUG netbaiot_transports::business_rpc::v3: business RPC V3 selected frame stream_id=788 frame_type=Data payload_bytes=198
2026-09-26T01:47:00.392012Z DEBUG netbaiot_transports::business_rpc::v3: business RPC V3 writer completed frame stream_id=788 frame_type=Data payload_bytes=198
2026-09-26T01:47:00.392063Z DEBUG netbaiot_transports::business_rpc::v3: business RPC V3 body entered scheduler stream_id=790 class=Rpc body_bytes=198
2026-09-26T01:47:00.392094Z DEBUG netbaiot_transports::business_rpc::v3: business RPC V3 selected frame stream_id=790 frame_type=Open payload_bytes=158
2026-09-26T01:47:00.392109Z DEBUG netbaiot_transports::business_rpc::v3: business RPC V3 writer completed frame stream_id=790 frame_type=Open payload_bytes=158
2026-09-26T01:47:00.392119Z DEBUG netbaiot_transports::business_rpc::v3: business RPC V3 body entered scheduler stream_id=792 class=Rpc body_bytes=198
2026-09-26T01:47:00.392126Z DEBUG netbaiot_transports::business_rpc::v3: business RPC V3 selected frame stream_id=792 frame_type=Open payload_bytes=158
2026-09-26T01:47:00.392135Z DEBUG netbaiot_transports::business_rpc::v3: business RPC V3 writer completed frame stream_id=792 frame_type=Open payload_bytes=158
2026-09-26T01:47:00.392144Z DEBUG netbaiot_transports::business_rpc::v3: business RPC V3 selected frame stream_id=790 frame_type=Data payload_bytes=198
2026-09-26T01:47:00.392155Z DEBUG netbaiot_transports::business_rpc::v3: business RPC V3 writer completed frame stream_id=790 frame_type=Data payload_bytes=198
2026-09-26T01:47:00.392163Z DEBUG netbaiot_transports::business_rpc::v3: business RPC V3 selected frame stream_id=792 frame_type=Data payload_bytes=198
2026-09-26T01:47:00.392173Z DEBUG netbaiot_transports::business_rpc::v3: business RPC V3 writer completed frame stream_id=792 frame_type=Data payload_bytes=198
2026-09-26T01:47:00.392181Z DEBUG netbaiot_transports::business_rpc::v3: business RPC V3 body entered scheduler stream_id=794 class=Rpc body_bytes=198
2026-09-26T01:47:00.392188Z DEBUG netbaiot_transports::business_rpc::v3: business RPC V3 selected frame stream_id=794 frame_type=Open payload_bytes=158
2026-09-26T01:47:00.392196Z DEBUG netbaiot_transports::business_rpc::v3: business RPC V3 writer completed frame stream_id=794 frame_type=Open payload_bytes=158
2026-09-26T01:47:00.392204Z DEBUG netbaiot_transports::business_rpc::v3: business RPC V3 selected frame stream_id=794 frame_type=Data payload_bytes=198
2026-09-26T01:47:00.392213Z DEBUG netbaiot_transports::business_rpc::v3: business RPC V3 writer completed frame stream_id=794 frame_type=Data payload_bytes=198
2026-09-26T01:47:00.392234Z DEBUG netbaiot_transports::business_rpc::v3: business RPC V3 body entered scheduler stream_id=796 class=Rpc body_bytes=198
2026-09-26T01:47:00.392242Z DEBUG netbaiot_transports::business_rpc::v3: business RPC V3 selected frame stream_id=796 frame_type=Open payload_bytes=158
2026-09-26T01:47:00.392247Z DEBUG netbaiot_transports::business_rpc::v3: business RPC V3 writer completed frame stream_id=796 frame_type=Open payload_bytes=158
2026-09-26T01:47:00.392249Z DEBUG netbaiot_transports::business_rpc::v3: business RPC V3 selected frame stream_id=796 frame_type=Data payload_bytes=198
2026-09-26T01:47:00.392254Z DEBUG netbaiot_transports::business_rpc::v3: business RPC V3 writer completed frame stream_id=796 frame_type=Data payload_bytes=198
2026-09-26T01:47:00.392311Z DEBUG netbaiot_transports::business_rpc::v3: business RPC V3 body entered scheduler stream_id=798 class=Rpc body_bytes=198
2026-09-26T01:47:00.392314Z DEBUG netbaiot_transports::business_rpc::v3: business RPC V3 selected frame stream_id=798 frame_type=Open payload_bytes=158
2026-09-26T01:47:00.392321Z DEBUG netbaiot_transports::business_rpc::v3: business RPC V3 writer completed frame stream_id=798 frame_type=Open payload_bytes=158
2026-09-26T01:47:00.392323Z DEBUG netbaiot_transports::business_rpc::v3: business RPC V3 selected frame stream_id=798 frame_type=Data payload_bytes=198
2026-09-26T01:47:00.392327Z DEBUG netbaiot_transports::business_rpc::v3: business RPC V3 writer completed frame stream_id=798 frame_type=Data payload_bytes=198
2026-09-26T01:47:00.392364Z DEBUG netbaiot_transports::business_rpc::v3: business RPC V3 body entered scheduler stream_id=800 class=Rpc body_bytes=198
2026-09-26T01:47:00.392367Z DEBUG netbaiot_transports::business_rpc::v3: business RPC V3 selected frame stream_id=800 frame_type=Open payload_bytes=158
2026-09-26T01:47:00.392371Z DEBUG netbaiot_transports::business_rpc::v3: business RPC V3 writer completed frame stream_id=800 frame_type=Open payload_bytes=158
2026-09-26T01:47:00.392374Z DEBUG netbaiot_transports::business_rpc::v3: business RPC V3 selected frame stream_id=800 frame_type=Data payload_bytes=198
2026-09-26T01:47:00.392377Z DEBUG netbaiot_transports::business_rpc::v3: business RPC V3 writer completed frame stream_id=800 frame_type=Data payload_bytes=198
2026-09-26T01:47:00.392429Z DEBUG netbaiot_transports::business_rpc::v3: business RPC V3 body entered scheduler stream_id=802 class=Rpc body_bytes=198
2026-09-26T01:47:00.392433Z DEBUG netbaiot_transports::business_rpc::v3: business RPC V3 selected frame stream_id=802 frame_type=Open payload_bytes=158
2026-09-26T01:47:00.392439Z DEBUG netbaiot_transports::business_rpc::v3: business RPC V3 writer completed frame stream_id=802 frame_type=Open payload_bytes=158
2026-09-26T01:47:00.392442Z DEBUG netbaiot_transports::business_rpc::v3: business RPC V3 selected frame stream_id=802 frame_type=Data payload_bytes=198
2026-09-26T01:47:00.392445Z DEBUG netbaiot_transports::business_rpc::v3: business RPC V3 writer completed frame stream_id=802 frame_type=Data payload_bytes=198
2026-09-26T01:47:00.419264Z DEBUG netbaiot_transports::business_rpc::v3: business RPC V3 received frame stream_id=0 frame_type=WindowUpdate payload_bytes=4
2026-09-26T01:47:00.419297Z DEBUG netbaiot_transports::business_rpc::v3: business RPC V3 received frame stream_id=0 frame_type=WindowUpdate payload_bytes=4
2026-09-26T01:47:00.419302Z DEBUG netbaiot_transports::business_rpc::v3: business RPC V3 received frame stream_id=782 frame_type=Response payload_bytes=35
2026-09-26T01:47:00.419309Z DEBUG netbaiot_transports::business_rpc::v3: business RPC V3 received frame stream_id=780 frame_type=Response payload_bytes=35
2026-09-26T01:47:00.419313Z DEBUG netbaiot_transports::business_rpc::v3: business RPC V3 received frame stream_id=782 frame_type=Data payload_bytes=216
2026-09-26T01:47:00.419332Z DEBUG netbaiot_transports::business_rpc::v3: business RPC V3 received frame stream_id=780 frame_type=Data payload_bytes=216
2026-09-26T01:47:00.419338Z DEBUG netbaiot_transports::business_rpc::v3: business RPC V3 selected frame stream_id=0 frame_type=WindowUpdate payload_bytes=4
2026-09-26T01:47:00.419360Z DEBUG netbaiot_transports::business_rpc::v3: business RPC V3 writer completed frame stream_id=0 frame_type=WindowUpdate payload_bytes=4
2026-09-26T01:47:00.419366Z DEBUG netbaiot_transports::business_rpc::v3: business RPC V3 selected frame stream_id=0 frame_type=WindowUpdate payload_bytes=4
2026-09-26T01:47:00.419372Z DEBUG netbaiot_transports::business_rpc::v3: business RPC V3 writer completed frame stream_id=0 frame_type=WindowUpdate payload_bytes=4
2026-09-26T01:47:00.419706Z DEBUG netbaiot_transports::business_rpc::v3: business RPC V3 body entered scheduler stream_id=804 class=Rpc body_bytes=198
2026-09-26T01:47:00.419713Z DEBUG netbaiot_transports::business_rpc::v3: business RPC V3 selected frame stream_id=804 frame_type=Open payload_bytes=158
2026-09-26T01:47:00.419720Z DEBUG netbaiot_transports::business_rpc::v3: business RPC V3 writer completed frame stream_id=804 frame_type=Open payload_bytes=158
2026-09-26T01:47:00.419723Z DEBUG netbaiot_transports::business_rpc::v3: business RPC V3 selected frame stream_id=804 frame_type=Data payload_bytes=198
2026-09-26T01:47:00.419728Z DEBUG netbaiot_transports::business_rpc::v3: business RPC V3 writer completed frame stream_id=804 frame_type=Data payload_bytes=198
2026-09-26T01:47:00.419731Z DEBUG netbaiot_transports::business_rpc::v3: business RPC V3 body entered scheduler stream_id=806 class=Rpc body_bytes=198
2026-09-26T01:47:00.419734Z DEBUG netbaiot_transports::business_rpc::v3: business RPC V3 selected frame stream_id=806 frame_type=Open payload_bytes=158
2026-09-26T01:47:00.419737Z DEBUG netbaiot_transports::business_rpc::v3: business RPC V3 writer completed frame stream_id=806 frame_type=Open payload_bytes=158
2026-09-26T01:47:00.419740Z DEBUG netbaiot_transports::business_rpc::v3: business RPC V3 selected frame stream_id=806 frame_type=Data payload_bytes=198
2026-09-26T01:47:00.419743Z DEBUG netbaiot_transports::business_rpc::v3: business RPC V3 writer completed frame stream_id=806 frame_type=Data payload_bytes=198
2026-09-26T01:47:00.420874Z DEBUG netbaiot_transports::business_rpc::v3: business RPC V3 body entered scheduler stream_id=808 class=Rpc body_bytes=198
2026-09-26T01:47:00.420879Z DEBUG netbaiot_transports::business_rpc::v3: business RPC V3 selected frame stream_id=808 frame_type=Open payload_bytes=158
2026-09-26T01:47:00.420886Z DEBUG netbaiot_transports::business_rpc::v3: business RPC V3 writer completed frame stream_id=808 frame_type=Open payload_bytes=158
2026-09-26T01:47:00.420889Z DEBUG netbaiot_transports::business_rpc::v3: business RPC V3 selected frame stream_id=808 frame_type=Data payload_bytes=198
2026-09-26T01:47:00.420893Z DEBUG netbaiot_transports::business_rpc::v3: business RPC V3 writer completed frame stream_id=808 frame_type=Data payload_bytes=198
2026-09-26T01:47:00.446317Z DEBUG netbaiot_transports::business_rpc::v3: business RPC V3 received frame stream_id=0 frame_type=WindowUpdate payload_bytes=4
2026-09-26T01:47:00.446330Z DEBUG netbaiot_transports::business_rpc::v3: business RPC V3 received frame stream_id=0 frame_type=WindowUpdate payload_bytes=4
2026-09-26T01:47:00.446333Z DEBUG netbaiot_transports::business_rpc::v3: business RPC V3 received frame stream_id=784 frame_type=Response payload_bytes=35
2026-09-26T01:47:00.446339Z DEBUG netbaiot_transports::business_rpc::v3: business RPC V3 received frame stream_id=784 frame_type=Data payload_bytes=216
2026-09-26T01:47:00.446354Z DEBUG netbaiot_transports::business_rpc::v3: business RPC V3 received frame stream_id=762 frame_type=Response payload_bytes=35
2026-09-26T01:47:00.446358Z DEBUG netbaiot_transports::business_rpc::v3: business RPC V3 received frame stream_id=762 frame_type=Data payload_bytes=118
2026-09-26T01:47:00.446362Z DEBUG netbaiot_transports::business_rpc::v3: business RPC V3 Event delivery acknowledged stream_id=762 completion_us=265330
2026-09-26T01:47:00.446362Z DEBUG netbaiot_transports::business_rpc::v3: business RPC V3 selected frame stream_id=0 frame_type=WindowUpdate payload_bytes=4
2026-09-26T01:47:00.446396Z DEBUG netbaiot_transports::business_rpc::v3: business RPC V3 writer completed frame stream_id=0 frame_type=WindowUpdate payload_bytes=4
2026-09-26T01:47:00.446401Z DEBUG netbaiot_transports::business_rpc::v3: business RPC V3 selected frame stream_id=0 frame_type=WindowUpdate payload_bytes=4
2026-09-26T01:47:00.446405Z DEBUG netbaiot_transports::business_rpc::v3: business RPC V3 writer completed frame stream_id=0 frame_type=WindowUpdate payload_bytes=4
2026-09-26T01:47:00.446670Z DEBUG netbaiot_transports::business_rpc::v3: business RPC V3 body entered scheduler stream_id=810 class=Rpc body_bytes=198
2026-09-26T01:47:00.446675Z DEBUG netbaiot_transports::business_rpc::v3: business RPC V3 selected frame stream_id=810 frame_type=Open payload_bytes=158
2026-09-26T01:47:00.446681Z DEBUG netbaiot_transports::business_rpc::v3: business RPC V3 writer completed frame stream_id=810 frame_type=Open payload_bytes=158
2026-09-26T01:47:00.446685Z DEBUG netbaiot_transports::business_rpc::v3: business RPC V3 selected frame stream_id=810 frame_type=Data payload_bytes=198
2026-09-26T01:47:00.446688Z DEBUG netbaiot_transports::business_rpc::v3: business RPC V3 writer completed frame stream_id=810 frame_type=Data payload_bytes=198
2026-09-26T01:47:00.481689Z DEBUG netbaiot_transports::business_rpc::v3: business RPC V3 received frame stream_id=0 frame_type=Ping payload_bytes=8
2026-09-26T01:47:00.481739Z DEBUG netbaiot_transports::business_rpc::v3: business RPC V3 received frame stream_id=0 frame_type=WindowUpdate payload_bytes=4
2026-09-26T01:47:00.481760Z DEBUG netbaiot_transports::business_rpc::v3: business RPC V3 received frame stream_id=0 frame_type=WindowUpdate payload_bytes=4
2026-09-26T01:47:00.481795Z DEBUG netbaiot_transports::business_rpc::v3: business RPC V3 received frame stream_id=0 frame_type=WindowUpdate payload_bytes=4
2026-09-26T01:47:00.481809Z DEBUG netbaiot_transports::business_rpc::v3: business RPC V3 received frame stream_id=0 frame_type=WindowUpdate payload_bytes=4
2026-09-26T01:47:00.481817Z DEBUG netbaiot_transports::business_rpc::v3: business RPC V3 received frame stream_id=0 frame_type=WindowUpdate payload_bytes=4
2026-09-26T01:47:00.481824Z DEBUG netbaiot_transports::business_rpc::v3: business RPC V3 received frame stream_id=0 frame_type=WindowUpdate payload_bytes=4
2026-09-26T01:47:00.481832Z DEBUG netbaiot_transports::business_rpc::v3: business RPC V3 received frame stream_id=0 frame_type=WindowUpdate payload_bytes=4
2026-09-26T01:47:00.481839Z DEBUG netbaiot_transports::business_rpc::v3: business RPC V3 received frame stream_id=0 frame_type=WindowUpdate payload_bytes=4
2026-09-26T01:47:00.481846Z DEBUG netbaiot_transports::business_rpc::v3: business RPC V3 received frame stream_id=0 frame_type=WindowUpdate payload_bytes=4
2026-09-26T01:47:00.481870Z DEBUG netbaiot_transports::business_rpc::v3: business RPC V3 received frame stream_id=802 frame_type=Response payload_bytes=35
2026-09-26T01:47:00.481879Z DEBUG netbaiot_transports::business_rpc::v3: business RPC V3 received frame stream_id=788 frame_type=Response payload_bytes=35
2026-09-26T01:47:00.481884Z DEBUG netbaiot_transports::business_rpc::v3: business RPC V3 received frame stream_id=796 frame_type=Response payload_bytes=35
2026-09-26T01:47:00.481887Z DEBUG netbaiot_transports::business_rpc::v3: business RPC V3 received frame stream_id=798 frame_type=Response payload_bytes=35
2026-09-26T01:47:00.481890Z DEBUG netbaiot_transports::business_rpc::v3: business RPC V3 received frame stream_id=802 frame_type=Data payload_bytes=216
2026-09-26T01:47:00.481911Z DEBUG netbaiot_transports::business_rpc::v3: business RPC V3 received frame stream_id=794 frame_type=Response payload_bytes=35
2026-09-26T01:47:00.481915Z DEBUG netbaiot_transports::business_rpc::v3: business RPC V3 received frame stream_id=800 frame_type=Response payload_bytes=35
2026-09-26T01:47:00.481918Z DEBUG netbaiot_transports::business_rpc::v3: business RPC V3 received frame stream_id=790 frame_type=Response payload_bytes=35
2026-09-26T01:47:00.481921Z DEBUG netbaiot_transports::business_rpc::v3: business RPC V3 received frame stream_id=792 frame_type=Response payload_bytes=35
2026-09-26T01:47:00.481949Z DEBUG netbaiot_transports::business_rpc::v3: business RPC V3 received frame stream_id=788 frame_type=Data payload_bytes=216
2026-09-26T01:47:00.481925Z DEBUG netbaiot_transports::business_rpc::v3: business RPC V3 selected frame stream_id=0 frame_type=Pong payload_bytes=8
2026-09-26T01:47:00.481961Z DEBUG netbaiot_transports::business_rpc::v3: business RPC V3 received frame stream_id=796 frame_type=Data payload_bytes=216
2026-09-26T01:47:00.481992Z DEBUG netbaiot_transports::business_rpc::v3: business RPC V3 received frame stream_id=798 frame_type=Data payload_bytes=216
2026-09-26T01:47:00.481993Z DEBUG netbaiot_transports::business_rpc::v3: business RPC V3 writer completed frame stream_id=0 frame_type=Pong payload_bytes=8
2026-09-26T01:47:00.482019Z DEBUG netbaiot_transports::business_rpc::v3: business RPC V3 selected frame stream_id=0 frame_type=WindowUpdate payload_bytes=4
2026-09-26T01:47:00.482007Z DEBUG netbaiot_transports::business_rpc::v3: business RPC V3 received frame stream_id=794 frame_type=Data payload_bytes=216
2026-09-26T01:47:00.482037Z DEBUG netbaiot_transports::business_rpc::v3: business RPC V3 writer completed frame stream_id=0 frame_type=WindowUpdate payload_bytes=4
2026-09-26T01:47:00.482042Z DEBUG netbaiot_transports::business_rpc::v3: business RPC V3 selected frame stream_id=0 frame_type=WindowUpdate payload_bytes=4
2026-09-26T01:47:00.482052Z DEBUG netbaiot_transports::business_rpc::v3: business RPC V3 writer completed frame stream_id=0 frame_type=WindowUpdate payload_bytes=4
2026-09-26T01:47:00.482055Z DEBUG netbaiot_transports::business_rpc::v3: business RPC V3 selected frame stream_id=0 frame_type=WindowUpdate payload_bytes=4
2026-09-26T01:47:00.482042Z DEBUG netbaiot_transports::business_rpc::v3: business RPC V3 received frame stream_id=800 frame_type=Data payload_bytes=216
2026-09-26T01:47:00.482060Z DEBUG netbaiot_transports::business_rpc::v3: business RPC V3 writer completed frame stream_id=0 frame_type=WindowUpdate payload_bytes=4
2026-09-26T01:47:00.482093Z DEBUG netbaiot_transports::business_rpc::v3: business RPC V3 selected frame stream_id=0 frame_type=WindowUpdate payload_bytes=4
2026-09-26T01:47:00.482098Z DEBUG netbaiot_transports::business_rpc::v3: business RPC V3 writer completed frame stream_id=0 frame_type=WindowUpdate payload_bytes=4
2026-09-26T01:47:00.482101Z DEBUG netbaiot_transports::business_rpc::v3: business RPC V3 selected frame stream_id=0 frame_type=WindowUpdate payload_bytes=4
2026-09-26T01:47:00.482108Z DEBUG netbaiot_transports::business_rpc::v3: business RPC V3 writer completed frame stream_id=0 frame_type=WindowUpdate payload_bytes=4
2026-09-26T01:47:00.482111Z DEBUG netbaiot_transports::business_rpc::v3: business RPC V3 selected frame stream_id=0 frame_type=WindowUpdate payload_bytes=4
2026-09-26T01:47:00.482115Z DEBUG netbaiot_transports::business_rpc::v3: business RPC V3 writer completed frame stream_id=0 frame_type=WindowUpdate payload_bytes=4
2026-09-26T01:47:00.482099Z DEBUG netbaiot_transports::business_rpc::v3: business RPC V3 received frame stream_id=790 frame_type=Data payload_bytes=216
2026-09-26T01:47:00.482132Z DEBUG netbaiot_transports::business_rpc::v3: business RPC V3 received frame stream_id=792 frame_type=Data payload_bytes=216
2026-09-26T01:47:00.482138Z DEBUG netbaiot_transports::business_rpc::v3: business RPC V3 received frame stream_id=786 frame_type=Response payload_bytes=35
2026-09-26T01:47:00.482141Z DEBUG netbaiot_transports::business_rpc::v3: business RPC V3 received frame stream_id=786 frame_type=Data payload_bytes=216
2026-09-26T01:47:00.482147Z DEBUG netbaiot_transports::business_rpc::v3: business RPC V3 selected frame stream_id=0 frame_type=WindowUpdate payload_bytes=4
2026-09-26T01:47:00.482169Z DEBUG netbaiot_transports::business_rpc::v3: business RPC V3 writer completed frame stream_id=0 frame_type=WindowUpdate payload_bytes=4
2026-09-26T01:47:00.482178Z DEBUG netbaiot_transports::business_rpc::v3: business RPC V3 selected frame stream_id=0 frame_type=WindowUpdate payload_bytes=4
2026-09-26T01:47:00.482228Z DEBUG netbaiot_transports::business_rpc::v3: business RPC V3 writer completed frame stream_id=0 frame_type=WindowUpdate payload_bytes=4
2026-09-26T01:47:00.482237Z DEBUG netbaiot_transports::business_rpc::v3: business RPC V3 selected frame stream_id=0 frame_type=WindowUpdate payload_bytes=4
2026-09-26T01:47:00.482248Z DEBUG netbaiot_transports::business_rpc::v3: business RPC V3 writer completed frame stream_id=0 frame_type=WindowUpdate payload_bytes=4
2026-09-26T01:47:00.482576Z DEBUG netbaiot_transports::business_rpc::v3: business RPC V3 body entered scheduler stream_id=812 class=Rpc body_bytes=198
2026-09-26T01:47:00.482585Z DEBUG netbaiot_transports::business_rpc::v3: business RPC V3 selected frame stream_id=812 frame_type=Open payload_bytes=158
2026-09-26T01:47:00.482591Z DEBUG netbaiot_transports::business_rpc::v3: business RPC V3 writer completed frame stream_id=812 frame_type=Open payload_bytes=158
2026-09-26T01:47:00.482595Z DEBUG netbaiot_transports::business_rpc::v3: business RPC V3 selected frame stream_id=812 frame_type=Data payload_bytes=198
2026-09-26T01:47:00.482599Z DEBUG netbaiot_transports::business_rpc::v3: business RPC V3 writer completed frame stream_id=812 frame_type=Data payload_bytes=198
2026-09-26T01:47:00.482602Z DEBUG netbaiot_transports::business_rpc::v3: business RPC V3 body entered scheduler stream_id=814 class=Rpc body_bytes=198
2026-09-26T01:47:00.482605Z DEBUG netbaiot_transports::business_rpc::v3: business RPC V3 selected frame stream_id=814 frame_type=Open payload_bytes=158
2026-09-26T01:47:00.482609Z DEBUG netbaiot_transports::business_rpc::v3: business RPC V3 writer completed frame stream_id=814 frame_type=Open payload_bytes=158
2026-09-26T01:47:00.482612Z DEBUG netbaiot_transports::business_rpc::v3: business RPC V3 selected frame stream_id=814 frame_type=Data payload_bytes=198
2026-09-26T01:47:00.482616Z DEBUG netbaiot_transports::business_rpc::v3: business RPC V3 writer completed frame stream_id=814 frame_type=Data payload_bytes=198
2026-09-26T01:47:00.482655Z DEBUG netbaiot_transports::business_rpc::v3: business RPC V3 body entered scheduler stream_id=816 class=Rpc body_bytes=198
2026-09-26T01:47:00.482659Z DEBUG netbaiot_transports::business_rpc::v3: business RPC V3 selected frame stream_id=816 frame_type=Open payload_bytes=158
2026-09-26T01:47:00.482662Z DEBUG netbaiot_transports::business_rpc::v3: business RPC V3 writer completed frame stream_id=816 frame_type=Open payload_bytes=158
2026-09-26T01:47:00.482665Z DEBUG netbaiot_transports::business_rpc::v3: business RPC V3 selected frame stream_id=816 frame_type=Data payload_bytes=198
2026-09-26T01:47:00.482668Z DEBUG netbaiot_transports::business_rpc::v3: business RPC V3 writer completed frame stream_id=816 frame_type=Data payload_bytes=198
2026-09-26T01:47:00.511099Z DEBUG netbaiot_transports::business_rpc::v3: business RPC V3 received frame stream_id=0 frame_type=WindowUpdate payload_bytes=4
2026-09-26T01:47:00.511114Z DEBUG netbaiot_transports::business_rpc::v3: business RPC V3 received frame stream_id=0 frame_type=WindowUpdate payload_bytes=4
2026-09-26T01:47:00.511118Z DEBUG netbaiot_transports::business_rpc::v3: business RPC V3 received frame stream_id=0 frame_type=WindowUpdate payload_bytes=4
2026-09-26T01:47:00.511120Z DEBUG netbaiot_transports::business_rpc::v3: business RPC V3 received frame stream_id=808 frame_type=Response payload_bytes=35
2026-09-26T01:47:00.511126Z DEBUG netbaiot_transports::business_rpc::v3: business RPC V3 received frame stream_id=808 frame_type=Data payload_bytes=216
2026-09-26T01:47:00.511141Z DEBUG netbaiot_transports::business_rpc::v3: business RPC V3 received frame stream_id=806 frame_type=Response payload_bytes=35
2026-09-26T01:47:00.511144Z DEBUG netbaiot_transports::business_rpc::v3: business RPC V3 received frame stream_id=806 frame_type=Data payload_bytes=216
2026-09-26T01:47:00.511147Z DEBUG netbaiot_transports::business_rpc::v3: business RPC V3 selected frame stream_id=0 frame_type=WindowUpdate payload_bytes=4
2026-09-26T01:47:00.511186Z DEBUG netbaiot_transports::business_rpc::v3: business RPC V3 writer completed frame stream_id=0 frame_type=WindowUpdate payload_bytes=4
2026-09-26T01:47:00.511195Z DEBUG netbaiot_transports::business_rpc::v3: business RPC V3 selected frame stream_id=0 frame_type=WindowUpdate payload_bytes=4
2026-09-26T01:47:00.511200Z DEBUG netbaiot_transports::business_rpc::v3: business RPC V3 writer completed frame stream_id=0 frame_type=WindowUpdate payload_bytes=4
2026-09-26T01:47:00.511150Z DEBUG netbaiot_transports::business_rpc::v3: business RPC V3 received frame stream_id=804 frame_type=Response payload_bytes=35
2026-09-26T01:47:00.511211Z DEBUG netbaiot_transports::business_rpc::v3: business RPC V3 received frame stream_id=804 frame_type=Data payload_bytes=216
2026-09-26T01:47:00.511228Z DEBUG netbaiot_transports::business_rpc::v3: business RPC V3 selected frame stream_id=0 frame_type=WindowUpdate payload_bytes=4
2026-09-26T01:47:00.511268Z DEBUG netbaiot_transports::business_rpc::v3: business RPC V3 writer completed frame stream_id=0 frame_type=WindowUpdate payload_bytes=4
2026-09-26T01:47:00.538516Z DEBUG netbaiot_transports::business_rpc::v3: business RPC V3 received frame stream_id=0 frame_type=WindowUpdate payload_bytes=4
2026-09-26T01:47:00.538542Z DEBUG netbaiot_transports::business_rpc::v3: business RPC V3 received frame stream_id=810 frame_type=Response payload_bytes=35
2026-09-26T01:47:00.538548Z DEBUG netbaiot_transports::business_rpc::v3: business RPC V3 received frame stream_id=810 frame_type=Data payload_bytes=216
2026-09-26T01:47:00.538570Z DEBUG netbaiot_transports::business_rpc::v3: business RPC V3 selected frame stream_id=0 frame_type=WindowUpdate payload_bytes=4
2026-09-26T01:47:00.538586Z DEBUG netbaiot_transports::business_rpc::v3: business RPC V3 writer completed frame stream_id=0 frame_type=WindowUpdate payload_bytes=4
2026-09-26T01:47:00.594478Z DEBUG netbaiot_transports::business_rpc::v3: business RPC V3 received frame stream_id=0 frame_type=WindowUpdate payload_bytes=4
2026-09-26T01:47:00.594519Z DEBUG netbaiot_transports::business_rpc::v3: business RPC V3 received frame stream_id=0 frame_type=WindowUpdate payload_bytes=4
2026-09-26T01:47:00.594528Z DEBUG netbaiot_transports::business_rpc::v3: business RPC V3 received frame stream_id=0 frame_type=WindowUpdate payload_bytes=4
2026-09-26T01:47:00.594536Z DEBUG netbaiot_transports::business_rpc::v3: business RPC V3 received frame stream_id=816 frame_type=Response payload_bytes=35
2026-09-26T01:47:00.594546Z DEBUG netbaiot_transports::business_rpc::v3: business RPC V3 received frame stream_id=816 frame_type=Data payload_bytes=216
2026-09-26T01:47:00.594575Z DEBUG netbaiot_transports::business_rpc::v3: business RPC V3 received frame stream_id=812 frame_type=Response payload_bytes=35
2026-09-26T01:47:00.594583Z DEBUG netbaiot_transports::business_rpc::v3: business RPC V3 received frame stream_id=814 frame_type=Response payload_bytes=35
2026-09-26T01:47:00.594584Z DEBUG netbaiot_transports::business_rpc::v3: business RPC V3 selected frame stream_id=0 frame_type=WindowUpdate payload_bytes=4
2026-09-26T01:47:00.594595Z DEBUG netbaiot_transports::business_rpc::v3: business RPC V3 received frame stream_id=812 frame_type=Data payload_bytes=216
2026-09-26T01:47:00.594618Z DEBUG netbaiot_transports::business_rpc::v3: business RPC V3 writer completed frame stream_id=0 frame_type=WindowUpdate payload_bytes=4
2026-09-26T01:47:00.594639Z DEBUG netbaiot_transports::business_rpc::v3: business RPC V3 received frame stream_id=814 frame_type=Data payload_bytes=216
2026-09-26T01:47:00.594641Z DEBUG netbaiot_transports::business_rpc::v3: business RPC V3 selected frame stream_id=0 frame_type=WindowUpdate payload_bytes=4
2026-09-26T01:47:00.594671Z DEBUG netbaiot_transports::business_rpc::v3: business RPC V3 writer completed frame stream_id=0 frame_type=WindowUpdate payload_bytes=4
2026-09-26T01:47:00.594680Z DEBUG netbaiot_transports::business_rpc::v3: business RPC V3 selected frame stream_id=0 frame_type=WindowUpdate payload_bytes=4
2026-09-26T01:47:00.594722Z DEBUG netbaiot_transports::business_rpc::v3: business RPC V3 writer completed frame stream_id=0 frame_type=WindowUpdate payload_bytes=4
2026-09-26T01:47:00.679875Z DEBUG netbaiot_transports::business_rpc::v3: business RPC V3 body entered scheduler stream_id=818 class=Event body_bytes=17366
2026-09-26T01:47:00.679904Z DEBUG netbaiot_transports::business_rpc::v3: business RPC V3 selected frame stream_id=818 frame_type=Open payload_bytes=184
2026-09-26T01:47:00.679914Z DEBUG netbaiot_transports::business_rpc::v3: business RPC V3 writer completed frame stream_id=818 frame_type=Open payload_bytes=184
2026-09-26T01:47:00.679919Z DEBUG netbaiot_transports::business_rpc::v3: business RPC V3 selected frame stream_id=818 frame_type=Data payload_bytes=8192
2026-09-26T01:47:00.679925Z DEBUG netbaiot_transports::business_rpc::v3: business RPC V3 writer completed frame stream_id=818 frame_type=Data payload_bytes=8192
2026-09-26T01:47:00.679928Z DEBUG netbaiot_transports::business_rpc::v3: business RPC V3 selected frame stream_id=818 frame_type=Data payload_bytes=8192
2026-09-26T01:47:00.679936Z DEBUG netbaiot_transports::business_rpc::v3: business RPC V3 writer completed frame stream_id=818 frame_type=Data payload_bytes=8192
2026-09-26T01:47:00.824653Z DEBUG netbaiot_transports::business_rpc::v3: business RPC V3 received frame stream_id=0 frame_type=WindowUpdate payload_bytes=4
2026-09-26T01:47:00.824694Z DEBUG netbaiot_transports::business_rpc::v3: business RPC V3 received frame stream_id=818 frame_type=WindowUpdate payload_bytes=4
2026-09-26T01:47:00.824708Z DEBUG netbaiot_transports::business_rpc::v3: business RPC V3 selected frame stream_id=818 frame_type=Data payload_bytes=982
2026-09-26T01:47:00.824727Z DEBUG netbaiot_transports::business_rpc::v3: business RPC V3 writer completed frame stream_id=818 frame_type=Data payload_bytes=982
2026-09-26T01:47:00.851996Z DEBUG netbaiot_transports::business_rpc::v3: business RPC V3 received frame stream_id=0 frame_type=WindowUpdate payload_bytes=4
2026-09-26T01:47:00.852015Z DEBUG netbaiot_transports::business_rpc::v3: business RPC V3 received frame stream_id=818 frame_type=WindowUpdate payload_bytes=4
2026-09-26T01:47:00.936726Z DEBUG netbaiot_transports::business_rpc::v3: business RPC V3 received frame stream_id=0 frame_type=WindowUpdate payload_bytes=4
2026-09-26T01:47:00.936745Z DEBUG netbaiot_transports::business_rpc::v3: business RPC V3 received frame stream_id=818 frame_type=Response payload_bytes=35
2026-09-26T01:47:00.936752Z DEBUG netbaiot_transports::business_rpc::v3: business RPC V3 received frame stream_id=818 frame_type=Data payload_bytes=118
2026-09-26T01:47:00.936759Z DEBUG netbaiot_transports::business_rpc::v3: business RPC V3 Event delivery acknowledged stream_id=818 completion_us=256889
2026-09-26T01:47:00.936774Z DEBUG netbaiot_transports::business_rpc::v3: business RPC V3 selected frame stream_id=0 frame_type=WindowUpdate payload_bytes=4
2026-09-26T01:47:00.936790Z DEBUG netbaiot_transports::business_rpc::v3: business RPC V3 writer completed frame stream_id=0 frame_type=WindowUpdate payload_bytes=4
2026-09-26T01:47:01.132907Z DEBUG netbaiot_transports::business_rpc::v3: business RPC V3 body entered scheduler stream_id=820 class=Rpc body_bytes=198
2026-09-26T01:47:01.132922Z DEBUG netbaiot_transports::business_rpc::v3: business RPC V3 selected frame stream_id=820 frame_type=Open payload_bytes=158
2026-09-26T01:47:01.132934Z DEBUG netbaiot_transports::business_rpc::v3: business RPC V3 writer completed frame stream_id=820 frame_type=Open payload_bytes=158
2026-09-26T01:47:01.132938Z DEBUG netbaiot_transports::business_rpc::v3: business RPC V3 selected frame stream_id=820 frame_type=Data payload_bytes=198
2026-09-26T01:47:01.132943Z DEBUG netbaiot_transports::business_rpc::v3: business RPC V3 writer completed frame stream_id=820 frame_type=Data payload_bytes=198
2026-09-26T01:47:01.180543Z DEBUG netbaiot_transports::business_rpc::v3: business RPC V3 body entered scheduler stream_id=822 class=Event body_bytes=17366
2026-09-26T01:47:01.180590Z DEBUG netbaiot_transports::business_rpc::v3: business RPC V3 selected frame stream_id=822 frame_type=Open payload_bytes=184
2026-09-26T01:47:01.180600Z DEBUG netbaiot_transports::business_rpc::v3: business RPC V3 writer completed frame stream_id=822 frame_type=Open payload_bytes=184
2026-09-26T01:47:01.180605Z DEBUG netbaiot_transports::business_rpc::v3: business RPC V3 selected frame stream_id=822 frame_type=Data payload_bytes=8192
2026-09-26T01:47:01.180610Z DEBUG netbaiot_transports::business_rpc::v3: business RPC V3 writer completed frame stream_id=822 frame_type=Data payload_bytes=8192
2026-09-26T01:47:01.180613Z DEBUG netbaiot_transports::business_rpc::v3: business RPC V3 selected frame stream_id=822 frame_type=Data payload_bytes=8192
2026-09-26T01:47:01.180620Z DEBUG netbaiot_transports::business_rpc::v3: business RPC V3 writer completed frame stream_id=822 frame_type=Data payload_bytes=8192
2026-09-26T01:47:01.201822Z DEBUG netbaiot_transports::business_rpc::v3: business RPC V3 body entered scheduler stream_id=824 class=Rpc body_bytes=198
2026-09-26T01:47:01.201841Z DEBUG netbaiot_transports::business_rpc::v3: business RPC V3 selected frame stream_id=824 frame_type=Open payload_bytes=158
2026-09-26T01:47:01.201853Z DEBUG netbaiot_transports::business_rpc::v3: business RPC V3 writer completed frame stream_id=824 frame_type=Open payload_bytes=158
2026-09-26T01:47:01.201858Z DEBUG netbaiot_transports::business_rpc::v3: business RPC V3 selected frame stream_id=824 frame_type=Data payload_bytes=198
2026-09-26T01:47:01.201862Z DEBUG netbaiot_transports::business_rpc::v3: business RPC V3 writer completed frame stream_id=824 frame_type=Data payload_bytes=198
2026-09-26T01:47:01.205616Z DEBUG netbaiot_transports::business_rpc::v3: business RPC V3 body entered scheduler stream_id=826 class=Rpc body_bytes=198
2026-09-26T01:47:01.205622Z DEBUG netbaiot_transports::business_rpc::v3: business RPC V3 selected frame stream_id=826 frame_type=Open payload_bytes=158
2026-09-26T01:47:01.205630Z DEBUG netbaiot_transports::business_rpc::v3: business RPC V3 writer completed frame stream_id=826 frame_type=Open payload_bytes=158
2026-09-26T01:47:01.205634Z DEBUG netbaiot_transports::business_rpc::v3: business RPC V3 selected frame stream_id=826 frame_type=Data payload_bytes=198
2026-09-26T01:47:01.205638Z DEBUG netbaiot_transports::business_rpc::v3: business RPC V3 writer completed frame stream_id=826 frame_type=Data payload_bytes=198
2026-09-26T01:47:01.222847Z DEBUG netbaiot_transports::business_rpc::v3: business RPC V3 body entered scheduler stream_id=828 class=Rpc body_bytes=198
2026-09-26T01:47:01.222873Z DEBUG netbaiot_transports::business_rpc::v3: business RPC V3 selected frame stream_id=828 frame_type=Open payload_bytes=158
2026-09-26T01:47:01.222885Z DEBUG netbaiot_transports::business_rpc::v3: business RPC V3 writer completed frame stream_id=828 frame_type=Open payload_bytes=158
2026-09-26T01:47:01.222889Z DEBUG netbaiot_transports::business_rpc::v3: business RPC V3 selected frame stream_id=828 frame_type=Data payload_bytes=198
2026-09-26T01:47:01.222894Z DEBUG netbaiot_transports::business_rpc::v3: business RPC V3 writer completed frame stream_id=828 frame_type=Data payload_bytes=198
2026-09-26T01:47:01.237596Z DEBUG netbaiot_transports::business_rpc::v3: business RPC V3 body entered scheduler stream_id=830 class=Rpc body_bytes=198
2026-09-26T01:47:01.237648Z DEBUG netbaiot_transports::business_rpc::v3: business RPC V3 selected frame stream_id=830 frame_type=Open payload_bytes=158
2026-09-26T01:47:01.237712Z DEBUG netbaiot_transports::business_rpc::v3: business RPC V3 writer completed frame stream_id=830 frame_type=Open payload_bytes=158
2026-09-26T01:47:01.237726Z DEBUG netbaiot_transports::business_rpc::v3: business RPC V3 selected frame stream_id=830 frame_type=Data payload_bytes=198
2026-09-26T01:47:01.237737Z DEBUG netbaiot_transports::business_rpc::v3: business RPC V3 writer completed frame stream_id=830 frame_type=Data payload_bytes=198
2026-09-26T01:47:01.237825Z DEBUG netbaiot_transports::business_rpc::v3: business RPC V3 body entered scheduler stream_id=832 class=Rpc body_bytes=198
2026-09-26T01:47:01.237871Z DEBUG netbaiot_transports::business_rpc::v3: business RPC V3 selected frame stream_id=832 frame_type=Open payload_bytes=158
2026-09-26T01:47:01.237882Z DEBUG netbaiot_transports::business_rpc::v3: business RPC V3 writer completed frame stream_id=832 frame_type=Open payload_bytes=158
2026-09-26T01:47:01.237890Z DEBUG netbaiot_transports::business_rpc::v3: business RPC V3 selected frame stream_id=832 frame_type=Data payload_bytes=198
2026-09-26T01:47:01.237899Z DEBUG netbaiot_transports::business_rpc::v3: business RPC V3 writer completed frame stream_id=832 frame_type=Data payload_bytes=198
2026-09-26T01:47:01.242739Z DEBUG netbaiot_transports::business_rpc::v3: business RPC V3 received frame stream_id=0 frame_type=WindowUpdate payload_bytes=4
2026-09-26T01:47:01.242764Z DEBUG netbaiot_transports::business_rpc::v3: business RPC V3 received frame stream_id=820 frame_type=Response payload_bytes=35
2026-09-26T01:47:01.242771Z DEBUG netbaiot_transports::business_rpc::v3: business RPC V3 received frame stream_id=820 frame_type=Data payload_bytes=216
2026-09-26T01:47:01.242851Z DEBUG netbaiot_transports::business_rpc::v3: business RPC V3 selected frame stream_id=0 frame_type=WindowUpdate payload_bytes=4
2026-09-26T01:47:01.242865Z DEBUG netbaiot_transports::business_rpc::v3: business RPC V3 writer completed frame stream_id=0 frame_type=WindowUpdate payload_bytes=4
2026-09-26T01:47:01.243348Z DEBUG netbaiot_transports::business_rpc::v3: business RPC V3 body entered scheduler stream_id=834 class=Rpc body_bytes=198
2026-09-26T01:47:01.243355Z DEBUG netbaiot_transports::business_rpc::v3: business RPC V3 selected frame stream_id=834 frame_type=Open payload_bytes=158
2026-09-26T01:47:01.243364Z DEBUG netbaiot_transports::business_rpc::v3: business RPC V3 writer completed frame stream_id=834 frame_type=Open payload_bytes=158
2026-09-26T01:47:01.243368Z DEBUG netbaiot_transports::business_rpc::v3: business RPC V3 selected frame stream_id=834 frame_type=Data payload_bytes=198
2026-09-26T01:47:01.243374Z DEBUG netbaiot_transports::business_rpc::v3: business RPC V3 writer completed frame stream_id=834 frame_type=Data payload_bytes=198
2026-09-26T01:47:01.275364Z DEBUG netbaiot_transports::business_rpc::v3: business RPC V3 body entered scheduler stream_id=836 class=Rpc body_bytes=198
2026-09-26T01:47:01.275394Z DEBUG netbaiot_transports::business_rpc::v3: business RPC V3 selected frame stream_id=836 frame_type=Open payload_bytes=158
2026-09-26T01:47:01.275406Z DEBUG netbaiot_transports::business_rpc::v3: business RPC V3 writer completed frame stream_id=836 frame_type=Open payload_bytes=158
2026-09-26T01:47:01.275411Z DEBUG netbaiot_transports::business_rpc::v3: business RPC V3 selected frame stream_id=836 frame_type=Data payload_bytes=198
2026-09-26T01:47:01.275416Z DEBUG netbaiot_transports::business_rpc::v3: business RPC V3 writer completed frame stream_id=836 frame_type=Data payload_bytes=198
2026-09-26T01:47:01.330866Z DEBUG netbaiot_transports::business_rpc::v3: business RPC V3 received frame stream_id=0 frame_type=WindowUpdate payload_bytes=4
2026-09-26T01:47:01.330911Z DEBUG netbaiot_transports::business_rpc::v3: business RPC V3 received frame stream_id=822 frame_type=WindowUpdate payload_bytes=4
2026-09-26T01:47:01.330946Z DEBUG netbaiot_transports::business_rpc::v3: business RPC V3 selected frame stream_id=822 frame_type=Data payload_bytes=982
2026-09-26T01:47:01.330962Z DEBUG netbaiot_transports::business_rpc::v3: business RPC V3 writer completed frame stream_id=822 frame_type=Data payload_bytes=982
2026-09-26T01:47:01.333730Z DEBUG netbaiot_transports::business_rpc::v3: business RPC V3 body entered scheduler stream_id=838 class=Rpc body_bytes=198
2026-09-26T01:47:01.333738Z DEBUG netbaiot_transports::business_rpc::v3: business RPC V3 selected frame stream_id=838 frame_type=Open payload_bytes=158
2026-09-26T01:47:01.333747Z DEBUG netbaiot_transports::business_rpc::v3: business RPC V3 writer completed frame stream_id=838 frame_type=Open payload_bytes=158
2026-09-26T01:47:01.333772Z DEBUG netbaiot_transports::business_rpc::v3: business RPC V3 selected frame stream_id=838 frame_type=Data payload_bytes=198
2026-09-26T01:47:01.333777Z DEBUG netbaiot_transports::business_rpc::v3: business RPC V3 writer completed frame stream_id=838 frame_type=Data payload_bytes=198
2026-09-26T01:47:01.341365Z DEBUG netbaiot_transports::business_rpc::v3: business RPC V3 body entered scheduler stream_id=840 class=Rpc body_bytes=198
2026-09-26T01:47:01.341407Z DEBUG netbaiot_transports::business_rpc::v3: business RPC V3 selected frame stream_id=840 frame_type=Open payload_bytes=158
2026-09-26T01:47:01.341417Z DEBUG netbaiot_transports::business_rpc::v3: business RPC V3 writer completed frame stream_id=840 frame_type=Open payload_bytes=158
2026-09-26T01:47:01.341421Z DEBUG netbaiot_transports::business_rpc::v3: business RPC V3 selected frame stream_id=840 frame_type=Data payload_bytes=198
2026-09-26T01:47:01.341426Z DEBUG netbaiot_transports::business_rpc::v3: business RPC V3 writer completed frame stream_id=840 frame_type=Data payload_bytes=198
2026-09-26T01:47:01.365711Z DEBUG netbaiot_transports::business_rpc::v3: business RPC V3 received frame stream_id=0 frame_type=WindowUpdate payload_bytes=4
2026-09-26T01:47:01.365746Z DEBUG netbaiot_transports::business_rpc::v3: business RPC V3 received frame stream_id=822 frame_type=WindowUpdate payload_bytes=4
2026-09-26T01:47:01.365750Z DEBUG netbaiot_transports::business_rpc::v3: business RPC V3 received frame stream_id=0 frame_type=WindowUpdate payload_bytes=4
2026-09-26T01:47:01.365753Z DEBUG netbaiot_transports::business_rpc::v3: business RPC V3 received frame stream_id=0 frame_type=WindowUpdate payload_bytes=4
2026-09-26T01:47:01.365775Z DEBUG netbaiot_transports::business_rpc::v3: business RPC V3 received frame stream_id=0 frame_type=WindowUpdate payload_bytes=4
2026-09-26T01:47:01.365783Z DEBUG netbaiot_transports::business_rpc::v3: business RPC V3 received frame stream_id=0 frame_type=WindowUpdate payload_bytes=4
2026-09-26T01:47:01.365786Z DEBUG netbaiot_transports::business_rpc::v3: business RPC V3 received frame stream_id=0 frame_type=WindowUpdate payload_bytes=4
2026-09-26T01:47:01.365790Z DEBUG netbaiot_transports::business_rpc::v3: business RPC V3 received frame stream_id=0 frame_type=WindowUpdate payload_bytes=4
2026-09-26T01:47:01.365793Z DEBUG netbaiot_transports::business_rpc::v3: business RPC V3 received frame stream_id=0 frame_type=WindowUpdate payload_bytes=4
2026-09-26T01:47:01.365797Z DEBUG netbaiot_transports::business_rpc::v3: business RPC V3 received frame stream_id=836 frame_type=Response payload_bytes=35
2026-09-26T01:47:01.365803Z DEBUG netbaiot_transports::business_rpc::v3: business RPC V3 received frame stream_id=824 frame_type=Response payload_bytes=35
2026-09-26T01:47:01.365806Z DEBUG netbaiot_transports::business_rpc::v3: business RPC V3 received frame stream_id=828 frame_type=Response payload_bytes=35
2026-09-26T01:47:01.365843Z DEBUG netbaiot_transports::business_rpc::v3: business RPC V3 received frame stream_id=836 frame_type=Data payload_bytes=216
2026-09-26T01:47:01.365882Z DEBUG netbaiot_transports::business_rpc::v3: business RPC V3 received frame stream_id=826 frame_type=Response payload_bytes=35
2026-09-26T01:47:01.365888Z DEBUG netbaiot_transports::business_rpc::v3: business RPC V3 received frame stream_id=834 frame_type=Response payload_bytes=35
2026-09-26T01:47:01.365892Z DEBUG netbaiot_transports::business_rpc::v3: business RPC V3 received frame stream_id=830 frame_type=Response payload_bytes=35
2026-09-26T01:47:01.365887Z DEBUG netbaiot_transports::business_rpc::v3: business RPC V3 selected frame stream_id=0 frame_type=WindowUpdate payload_bytes=4
2026-09-26T01:47:01.365895Z DEBUG netbaiot_transports::business_rpc::v3: business RPC V3 received frame stream_id=832 frame_type=Response payload_bytes=35
2026-09-26T01:47:01.365906Z DEBUG netbaiot_transports::business_rpc::v3: business RPC V3 writer completed frame stream_id=0 frame_type=WindowUpdate payload_bytes=4
2026-09-26T01:47:01.365906Z DEBUG netbaiot_transports::business_rpc::v3: business RPC V3 received frame stream_id=824 frame_type=Data payload_bytes=216
2026-09-26T01:47:01.365981Z DEBUG netbaiot_transports::business_rpc::v3: business RPC V3 received frame stream_id=828 frame_type=Data payload_bytes=216
2026-09-26T01:47:01.365993Z DEBUG netbaiot_transports::business_rpc::v3: business RPC V3 received frame stream_id=826 frame_type=Data payload_bytes=216
2026-09-26T01:47:01.365995Z DEBUG netbaiot_transports::business_rpc::v3: business RPC V3 selected frame stream_id=0 frame_type=WindowUpdate payload_bytes=4
2026-09-26T01:47:01.366000Z DEBUG netbaiot_transports::business_rpc::v3: business RPC V3 received frame stream_id=834 frame_type=Data payload_bytes=216
2026-09-26T01:47:01.366033Z DEBUG netbaiot_transports::business_rpc::v3: business RPC V3 received frame stream_id=830 frame_type=Data payload_bytes=216
2026-09-26T01:47:01.366039Z DEBUG netbaiot_transports::business_rpc::v3: business RPC V3 received frame stream_id=832 frame_type=Data payload_bytes=216
2026-09-26T01:47:01.366040Z DEBUG netbaiot_transports::business_rpc::v3: business RPC V3 writer completed frame stream_id=0 frame_type=WindowUpdate payload_bytes=4
2026-09-26T01:47:01.366069Z DEBUG netbaiot_transports::business_rpc::v3: business RPC V3 selected frame stream_id=0 frame_type=WindowUpdate payload_bytes=4
2026-09-26T01:47:01.366075Z DEBUG netbaiot_transports::business_rpc::v3: business RPC V3 writer completed frame stream_id=0 frame_type=WindowUpdate payload_bytes=4
2026-09-26T01:47:01.366078Z DEBUG netbaiot_transports::business_rpc::v3: business RPC V3 selected frame stream_id=0 frame_type=WindowUpdate payload_bytes=4
2026-09-26T01:47:01.366082Z DEBUG netbaiot_transports::business_rpc::v3: business RPC V3 writer completed frame stream_id=0 frame_type=WindowUpdate payload_bytes=4
2026-09-26T01:47:01.366086Z DEBUG netbaiot_transports::business_rpc::v3: business RPC V3 selected frame stream_id=0 frame_type=WindowUpdate payload_bytes=4
2026-09-26T01:47:01.366090Z DEBUG netbaiot_transports::business_rpc::v3: business RPC V3 writer completed frame stream_id=0 frame_type=WindowUpdate payload_bytes=4
2026-09-26T01:47:01.366093Z DEBUG netbaiot_transports::business_rpc::v3: business RPC V3 selected frame stream_id=0 frame_type=WindowUpdate payload_bytes=4
2026-09-26T01:47:01.366097Z DEBUG netbaiot_transports::business_rpc::v3: business RPC V3 writer completed frame stream_id=0 frame_type=WindowUpdate payload_bytes=4
2026-09-26T01:47:01.366100Z DEBUG netbaiot_transports::business_rpc::v3: business RPC V3 selected frame stream_id=0 frame_type=WindowUpdate payload_bytes=4
2026-09-26T01:47:01.366126Z DEBUG netbaiot_transports::business_rpc::v3: business RPC V3 writer completed frame stream_id=0 frame_type=WindowUpdate payload_bytes=4
2026-09-26T01:47:01.366682Z DEBUG netbaiot_transports::business_rpc::v3: business RPC V3 body entered scheduler stream_id=842 class=Rpc body_bytes=198
2026-09-26T01:47:01.366688Z DEBUG netbaiot_transports::business_rpc::v3: business RPC V3 selected frame stream_id=842 frame_type=Open payload_bytes=158
2026-09-26T01:47:01.366694Z DEBUG netbaiot_transports::business_rpc::v3: business RPC V3 writer completed frame stream_id=842 frame_type=Open payload_bytes=158
2026-09-26T01:47:01.366698Z DEBUG netbaiot_transports::business_rpc::v3: business RPC V3 selected frame stream_id=842 frame_type=Data payload_bytes=198
2026-09-26T01:47:01.366702Z DEBUG netbaiot_transports::business_rpc::v3: business RPC V3 writer completed frame stream_id=842 frame_type=Data payload_bytes=198
2026-09-26T01:47:01.366767Z DEBUG netbaiot_transports::business_rpc::v3: business RPC V3 body entered scheduler stream_id=844 class=Rpc body_bytes=198
2026-09-26T01:47:01.366771Z DEBUG netbaiot_transports::business_rpc::v3: business RPC V3 selected frame stream_id=844 frame_type=Open payload_bytes=158
2026-09-26T01:47:01.366776Z DEBUG netbaiot_transports::business_rpc::v3: business RPC V3 writer completed frame stream_id=844 frame_type=Open payload_bytes=158
2026-09-26T01:47:01.366780Z DEBUG netbaiot_transports::business_rpc::v3: business RPC V3 selected frame stream_id=844 frame_type=Data payload_bytes=198
2026-09-26T01:47:01.366811Z DEBUG netbaiot_transports::business_rpc::v3: business RPC V3 writer completed frame stream_id=844 frame_type=Data payload_bytes=198
2026-09-26T01:47:01.366827Z DEBUG netbaiot_transports::business_rpc::v3: business RPC V3 body entered scheduler stream_id=846 class=Rpc body_bytes=198
2026-09-26T01:47:01.366832Z DEBUG netbaiot_transports::business_rpc::v3: business RPC V3 selected frame stream_id=846 frame_type=Open payload_bytes=158
2026-09-26T01:47:01.366837Z DEBUG netbaiot_transports::business_rpc::v3: business RPC V3 writer completed frame stream_id=846 frame_type=Open payload_bytes=158
2026-09-26T01:47:01.366840Z DEBUG netbaiot_transports::business_rpc::v3: business RPC V3 selected frame stream_id=846 frame_type=Data payload_bytes=198
2026-09-26T01:47:01.366847Z DEBUG netbaiot_transports::business_rpc::v3: business RPC V3 writer completed frame stream_id=846 frame_type=Data payload_bytes=198
2026-09-26T01:47:01.366871Z DEBUG netbaiot_transports::business_rpc::v3: business RPC V3 body entered scheduler stream_id=848 class=Rpc body_bytes=198
2026-09-26T01:47:01.366875Z DEBUG netbaiot_transports::business_rpc::v3: business RPC V3 selected frame stream_id=848 frame_type=Open payload_bytes=158
2026-09-26T01:47:01.366880Z DEBUG netbaiot_transports::business_rpc::v3: business RPC V3 writer completed frame stream_id=848 frame_type=Open payload_bytes=158
2026-09-26T01:47:01.366883Z DEBUG netbaiot_transports::business_rpc::v3: business RPC V3 selected frame stream_id=848 frame_type=Data payload_bytes=198
2026-09-26T01:47:01.366887Z DEBUG netbaiot_transports::business_rpc::v3: business RPC V3 writer completed frame stream_id=848 frame_type=Data payload_bytes=198
2026-09-26T01:47:01.366941Z DEBUG netbaiot_transports::business_rpc::v3: business RPC V3 body entered scheduler stream_id=850 class=Rpc body_bytes=198
2026-09-26T01:47:01.366946Z DEBUG netbaiot_transports::business_rpc::v3: business RPC V3 selected frame stream_id=850 frame_type=Open payload_bytes=158
2026-09-26T01:47:01.366951Z DEBUG netbaiot_transports::business_rpc::v3: business RPC V3 writer completed frame stream_id=850 frame_type=Open payload_bytes=158
2026-09-26T01:47:01.366955Z DEBUG netbaiot_transports::business_rpc::v3: business RPC V3 selected frame stream_id=850 frame_type=Data payload_bytes=198
2026-09-26T01:47:01.366959Z DEBUG netbaiot_transports::business_rpc::v3: business RPC V3 writer completed frame stream_id=850 frame_type=Data payload_bytes=198
2026-09-26T01:47:01.367079Z DEBUG netbaiot_transports::business_rpc::v3: business RPC V3 body entered scheduler stream_id=852 class=Rpc body_bytes=198
2026-09-26T01:47:01.367102Z DEBUG netbaiot_transports::business_rpc::v3: business RPC V3 selected frame stream_id=852 frame_type=Open payload_bytes=158
2026-09-26T01:47:01.367108Z DEBUG netbaiot_transports::business_rpc::v3: business RPC V3 writer completed frame stream_id=852 frame_type=Open payload_bytes=158
2026-09-26T01:47:01.367111Z DEBUG netbaiot_transports::business_rpc::v3: business RPC V3 selected frame stream_id=852 frame_type=Data payload_bytes=198
2026-09-26T01:47:01.367122Z DEBUG netbaiot_transports::business_rpc::v3: business RPC V3 writer completed frame stream_id=852 frame_type=Data payload_bytes=198
2026-09-26T01:47:01.367202Z DEBUG netbaiot_transports::business_rpc::v3: business RPC V3 body entered scheduler stream_id=854 class=Rpc body_bytes=198
2026-09-26T01:47:01.367250Z DEBUG netbaiot_transports::business_rpc::v3: business RPC V3 selected frame stream_id=854 frame_type=Open payload_bytes=158
2026-09-26T01:47:01.367262Z DEBUG netbaiot_transports::business_rpc::v3: business RPC V3 writer completed frame stream_id=854 frame_type=Open payload_bytes=158
2026-09-26T01:47:01.367266Z DEBUG netbaiot_transports::business_rpc::v3: business RPC V3 selected frame stream_id=854 frame_type=Data payload_bytes=198
2026-09-26T01:47:01.367270Z DEBUG netbaiot_transports::business_rpc::v3: business RPC V3 writer completed frame stream_id=854 frame_type=Data payload_bytes=198
2026-09-26T01:47:01.428660Z DEBUG netbaiot_transports::business_rpc::v3: business RPC V3 body entered scheduler stream_id=856 class=Rpc body_bytes=198
2026-09-26T01:47:01.428681Z DEBUG netbaiot_transports::business_rpc::v3: business RPC V3 selected frame stream_id=856 frame_type=Open payload_bytes=158
2026-09-26T01:47:01.428691Z DEBUG netbaiot_transports::business_rpc::v3: business RPC V3 writer completed frame stream_id=856 frame_type=Open payload_bytes=158
2026-09-26T01:47:01.428697Z DEBUG netbaiot_transports::business_rpc::v3: business RPC V3 selected frame stream_id=856 frame_type=Data payload_bytes=198
2026-09-26T01:47:01.428702Z DEBUG netbaiot_transports::business_rpc::v3: business RPC V3 writer completed frame stream_id=856 frame_type=Data payload_bytes=198
2026-09-26T01:47:01.448483Z DEBUG netbaiot_transports::business_rpc::v3: business RPC V3 received frame stream_id=0 frame_type=WindowUpdate payload_bytes=4
2026-09-26T01:47:01.448501Z DEBUG netbaiot_transports::business_rpc::v3: business RPC V3 received frame stream_id=0 frame_type=WindowUpdate payload_bytes=4
2026-09-26T01:47:01.448508Z DEBUG netbaiot_transports::business_rpc::v3: business RPC V3 received frame stream_id=0 frame_type=WindowUpdate payload_bytes=4
2026-09-26T01:47:01.448515Z DEBUG netbaiot_transports::business_rpc::v3: business RPC V3 received frame stream_id=840 frame_type=Response payload_bytes=35
2026-09-26T01:47:01.448521Z DEBUG netbaiot_transports::business_rpc::v3: business RPC V3 received frame stream_id=840 frame_type=Data payload_bytes=216
2026-09-26T01:47:01.448540Z DEBUG netbaiot_transports::business_rpc::v3: business RPC V3 received frame stream_id=838 frame_type=Response payload_bytes=35
2026-09-26T01:47:01.448544Z DEBUG netbaiot_transports::business_rpc::v3: business RPC V3 received frame stream_id=838 frame_type=Data payload_bytes=216
2026-09-26T01:47:01.448544Z DEBUG netbaiot_transports::business_rpc::v3: business RPC V3 selected frame stream_id=0 frame_type=WindowUpdate payload_bytes=4
2026-09-26T01:47:01.448561Z DEBUG netbaiot_transports::business_rpc::v3: business RPC V3 writer completed frame stream_id=0 frame_type=WindowUpdate payload_bytes=4
2026-09-26T01:47:01.448565Z DEBUG netbaiot_transports::business_rpc::v3: business RPC V3 selected frame stream_id=0 frame_type=WindowUpdate payload_bytes=4
2026-09-26T01:47:01.448570Z DEBUG netbaiot_transports::business_rpc::v3: business RPC V3 writer completed frame stream_id=0 frame_type=WindowUpdate payload_bytes=4
2026-09-26T01:47:01.448551Z DEBUG netbaiot_transports::business_rpc::v3: business RPC V3 received frame stream_id=822 frame_type=Response payload_bytes=35
2026-09-26T01:47:01.448619Z DEBUG netbaiot_transports::business_rpc::v3: business RPC V3 received frame stream_id=822 frame_type=Data payload_bytes=118
2026-09-26T01:47:01.448633Z DEBUG netbaiot_transports::business_rpc::v3: business RPC V3 Event delivery acknowledged stream_id=822 completion_us=268094
2026-09-26T01:47:01.448646Z DEBUG netbaiot_transports::business_rpc::v3: business RPC V3 selected frame stream_id=0 frame_type=WindowUpdate payload_bytes=4
2026-09-26T01:47:01.448677Z DEBUG netbaiot_transports::business_rpc::v3: business RPC V3 writer completed frame stream_id=0 frame_type=WindowUpdate payload_bytes=4
2026-09-26T01:47:01.449100Z DEBUG netbaiot_transports::business_rpc::v3: business RPC V3 body entered scheduler stream_id=858 class=Rpc body_bytes=198
2026-09-26T01:47:01.449106Z DEBUG netbaiot_transports::business_rpc::v3: business RPC V3 selected frame stream_id=858 frame_type=Open payload_bytes=158
2026-09-26T01:47:01.449113Z DEBUG netbaiot_transports::business_rpc::v3: business RPC V3 writer completed frame stream_id=858 frame_type=Open payload_bytes=158
2026-09-26T01:47:01.449137Z DEBUG netbaiot_transports::business_rpc::v3: business RPC V3 selected frame stream_id=858 frame_type=Data payload_bytes=198
2026-09-26T01:47:01.449147Z DEBUG netbaiot_transports::business_rpc::v3: business RPC V3 writer completed frame stream_id=858 frame_type=Data payload_bytes=198
2026-09-26T01:47:01.449175Z DEBUG netbaiot_transports::business_rpc::v3: business RPC V3 body entered scheduler stream_id=860 class=Rpc body_bytes=198
2026-09-26T01:47:01.449179Z DEBUG netbaiot_transports::business_rpc::v3: business RPC V3 selected frame stream_id=860 frame_type=Open payload_bytes=158
2026-09-26T01:47:01.449215Z DEBUG netbaiot_transports::business_rpc::v3: business RPC V3 writer completed frame stream_id=860 frame_type=Open payload_bytes=158
2026-09-26T01:47:01.449254Z DEBUG netbaiot_transports::business_rpc::v3: business RPC V3 selected frame stream_id=860 frame_type=Data payload_bytes=198
2026-09-26T01:47:01.449291Z DEBUG netbaiot_transports::business_rpc::v3: business RPC V3 writer completed frame stream_id=860 frame_type=Data payload_bytes=198
2026-09-26T01:47:01.481768Z DEBUG netbaiot_transports::business_rpc::v3: business RPC V3 received frame stream_id=0 frame_type=WindowUpdate payload_bytes=4
2026-09-26T01:47:01.481791Z DEBUG netbaiot_transports::business_rpc::v3: business RPC V3 received frame stream_id=0 frame_type=WindowUpdate payload_bytes=4
2026-09-26T01:47:01.481797Z DEBUG netbaiot_transports::business_rpc::v3: business RPC V3 received frame stream_id=0 frame_type=WindowUpdate payload_bytes=4
2026-09-26T01:47:01.481802Z DEBUG netbaiot_transports::business_rpc::v3: business RPC V3 received frame stream_id=0 frame_type=WindowUpdate payload_bytes=4
2026-09-26T01:47:01.481807Z DEBUG netbaiot_transports::business_rpc::v3: business RPC V3 received frame stream_id=0 frame_type=WindowUpdate payload_bytes=4
2026-09-26T01:47:01.481811Z DEBUG netbaiot_transports::business_rpc::v3: business RPC V3 received frame stream_id=0 frame_type=WindowUpdate payload_bytes=4
2026-09-26T01:47:01.481814Z DEBUG netbaiot_transports::business_rpc::v3: business RPC V3 received frame stream_id=0 frame_type=WindowUpdate payload_bytes=4
2026-09-26T01:47:01.481818Z DEBUG netbaiot_transports::business_rpc::v3: business RPC V3 received frame stream_id=854 frame_type=Response payload_bytes=35
2026-09-26T01:47:01.481830Z DEBUG netbaiot_transports::business_rpc::v3: business RPC V3 received frame stream_id=846 frame_type=Response payload_bytes=35
2026-09-26T01:47:01.481839Z DEBUG netbaiot_transports::business_rpc::v3: business RPC V3 received frame stream_id=854 frame_type=Data payload_bytes=216
2026-09-26T01:47:01.481858Z DEBUG netbaiot_transports::business_rpc::v3: business RPC V3 received frame stream_id=848 frame_type=Response payload_bytes=35
2026-09-26T01:47:01.481864Z DEBUG netbaiot_transports::business_rpc::v3: business RPC V3 received frame stream_id=850 frame_type=Response payload_bytes=35
2026-09-26T01:47:01.481891Z DEBUG netbaiot_transports::business_rpc::v3: business RPC V3 received frame stream_id=852 frame_type=Response payload_bytes=35
2026-09-26T01:47:01.481866Z DEBUG netbaiot_transports::business_rpc::v3: business RPC V3 selected frame stream_id=0 frame_type=WindowUpdate payload_bytes=4
2026-09-26T01:47:01.481895Z DEBUG netbaiot_transports::business_rpc::v3: business RPC V3 received frame stream_id=846 frame_type=Data payload_bytes=216
2026-09-26T01:47:01.481950Z DEBUG netbaiot_transports::business_rpc::v3: business RPC V3 writer completed frame stream_id=0 frame_type=WindowUpdate payload_bytes=4
2026-09-26T01:47:01.481959Z DEBUG netbaiot_transports::business_rpc::v3: business RPC V3 selected frame stream_id=0 frame_type=WindowUpdate payload_bytes=4
2026-09-26T01:47:01.481965Z DEBUG netbaiot_transports::business_rpc::v3: business RPC V3 writer completed frame stream_id=0 frame_type=WindowUpdate payload_bytes=4
2026-09-26T01:47:01.481954Z DEBUG netbaiot_transports::business_rpc::v3: business RPC V3 received frame stream_id=848 frame_type=Data payload_bytes=216
2026-09-26T01:47:01.482016Z DEBUG netbaiot_transports::business_rpc::v3: business RPC V3 selected frame stream_id=0 frame_type=WindowUpdate payload_bytes=4
2026-09-26T01:47:01.482015Z DEBUG netbaiot_transports::business_rpc::v3: business RPC V3 received frame stream_id=850 frame_type=Data payload_bytes=216
2026-09-26T01:47:01.482052Z DEBUG netbaiot_transports::business_rpc::v3: business RPC V3 received frame stream_id=852 frame_type=Data payload_bytes=216
2026-09-26T01:47:01.482114Z DEBUG netbaiot_transports::business_rpc::v3: business RPC V3 received frame stream_id=842 frame_type=Response payload_bytes=35
2026-09-26T01:47:01.482125Z DEBUG netbaiot_transports::business_rpc::v3: business RPC V3 received frame stream_id=844 frame_type=Response payload_bytes=35
2026-09-26T01:47:01.482129Z DEBUG netbaiot_transports::business_rpc::v3: business RPC V3 received frame stream_id=842 frame_type=Data payload_bytes=216
2026-09-26T01:47:01.482024Z DEBUG netbaiot_transports::business_rpc::v3: business RPC V3 writer completed frame stream_id=0 frame_type=WindowUpdate payload_bytes=4
2026-09-26T01:47:01.482193Z DEBUG netbaiot_transports::business_rpc::v3: business RPC V3 received frame stream_id=844 frame_type=Data payload_bytes=216
2026-09-26T01:47:01.482193Z DEBUG netbaiot_transports::business_rpc::v3: business RPC V3 selected frame stream_id=0 frame_type=WindowUpdate payload_bytes=4
2026-09-26T01:47:01.482246Z DEBUG netbaiot_transports::business_rpc::v3: business RPC V3 writer completed frame stream_id=0 frame_type=WindowUpdate payload_bytes=4
2026-09-26T01:47:01.482269Z DEBUG netbaiot_transports::business_rpc::v3: business RPC V3 selected frame stream_id=0 frame_type=WindowUpdate payload_bytes=4
2026-09-26T01:47:01.482276Z DEBUG netbaiot_transports::business_rpc::v3: business RPC V3 writer completed frame stream_id=0 frame_type=WindowUpdate payload_bytes=4
2026-09-26T01:47:01.482279Z DEBUG netbaiot_transports::business_rpc::v3: business RPC V3 selected frame stream_id=0 frame_type=WindowUpdate payload_bytes=4
2026-09-26T01:47:01.482284Z DEBUG netbaiot_transports::business_rpc::v3: business RPC V3 writer completed frame stream_id=0 frame_type=WindowUpdate payload_bytes=4
2026-09-26T01:47:01.482287Z DEBUG netbaiot_transports::business_rpc::v3: business RPC V3 selected frame stream_id=0 frame_type=WindowUpdate payload_bytes=4
2026-09-26T01:47:01.482291Z DEBUG netbaiot_transports::business_rpc::v3: business RPC V3 writer completed frame stream_id=0 frame_type=WindowUpdate payload_bytes=4
2026-09-26T01:47:01.482713Z DEBUG netbaiot_transports::business_rpc::v3: business RPC V3 body entered scheduler stream_id=862 class=Rpc body_bytes=198
2026-09-26T01:47:01.482722Z DEBUG netbaiot_transports::business_rpc::v3: business RPC V3 selected frame stream_id=862 frame_type=Open payload_bytes=158
2026-09-26T01:47:01.482731Z DEBUG netbaiot_transports::business_rpc::v3: business RPC V3 writer completed frame stream_id=862 frame_type=Open payload_bytes=158
2026-09-26T01:47:01.482735Z DEBUG netbaiot_transports::business_rpc::v3: business RPC V3 selected frame stream_id=862 frame_type=Data payload_bytes=198
2026-09-26T01:47:01.482740Z DEBUG netbaiot_transports::business_rpc::v3: business RPC V3 writer completed frame stream_id=862 frame_type=Data payload_bytes=198
2026-09-26T01:47:01.482759Z DEBUG netbaiot_transports::business_rpc::v3: business RPC V3 body entered scheduler stream_id=864 class=Rpc body_bytes=198
2026-09-26T01:47:01.482764Z DEBUG netbaiot_transports::business_rpc::v3: business RPC V3 selected frame stream_id=864 frame_type=Open payload_bytes=158
2026-09-26T01:47:01.482772Z DEBUG netbaiot_transports::business_rpc::v3: business RPC V3 writer completed frame stream_id=864 frame_type=Open payload_bytes=158
2026-09-26T01:47:01.482776Z DEBUG netbaiot_transports::business_rpc::v3: business RPC V3 selected frame stream_id=864 frame_type=Data payload_bytes=198
2026-09-26T01:47:01.482780Z DEBUG netbaiot_transports::business_rpc::v3: business RPC V3 writer completed frame stream_id=864 frame_type=Data payload_bytes=198
2026-09-26T01:47:01.482866Z DEBUG netbaiot_transports::business_rpc::v3: business RPC V3 body entered scheduler stream_id=866 class=Rpc body_bytes=198
2026-09-26T01:47:01.482873Z DEBUG netbaiot_transports::business_rpc::v3: business RPC V3 selected frame stream_id=866 frame_type=Open payload_bytes=158
2026-09-26T01:47:01.482879Z DEBUG netbaiot_transports::business_rpc::v3: business RPC V3 writer completed frame stream_id=866 frame_type=Open payload_bytes=158
2026-09-26T01:47:01.482918Z DEBUG netbaiot_transports::business_rpc::v3: business RPC V3 selected frame stream_id=866 frame_type=Data payload_bytes=198
2026-09-26T01:47:01.482927Z DEBUG netbaiot_transports::business_rpc::v3: business RPC V3 writer completed frame stream_id=866 frame_type=Data payload_bytes=198
2026-09-26T01:47:01.482931Z DEBUG netbaiot_transports::business_rpc::v3: business RPC V3 body entered scheduler stream_id=868 class=Rpc body_bytes=198
2026-09-26T01:47:01.482934Z DEBUG netbaiot_transports::business_rpc::v3: business RPC V3 selected frame stream_id=868 frame_type=Open payload_bytes=158
2026-09-26T01:47:01.482938Z DEBUG netbaiot_transports::business_rpc::v3: business RPC V3 writer completed frame stream_id=868 frame_type=Open payload_bytes=158
2026-09-26T01:47:01.482941Z DEBUG netbaiot_transports::business_rpc::v3: business RPC V3 selected frame stream_id=868 frame_type=Data payload_bytes=198
2026-09-26T01:47:01.482945Z DEBUG netbaiot_transports::business_rpc::v3: business RPC V3 writer completed frame stream_id=868 frame_type=Data payload_bytes=198
2026-09-26T01:47:01.482974Z DEBUG netbaiot_transports::business_rpc::v3: business RPC V3 body entered scheduler stream_id=870 class=Rpc body_bytes=198
2026-09-26T01:47:01.482978Z DEBUG netbaiot_transports::business_rpc::v3: business RPC V3 selected frame stream_id=870 frame_type=Open payload_bytes=158
2026-09-26T01:47:01.482982Z DEBUG netbaiot_transports::business_rpc::v3: business RPC V3 writer completed frame stream_id=870 frame_type=Open payload_bytes=158
2026-09-26T01:47:01.482988Z DEBUG netbaiot_transports::business_rpc::v3: business RPC V3 selected frame stream_id=870 frame_type=Data payload_bytes=198
2026-09-26T01:47:01.482993Z DEBUG netbaiot_transports::business_rpc::v3: business RPC V3 writer completed frame stream_id=870 frame_type=Data payload_bytes=198
2026-09-26T01:47:01.483077Z DEBUG netbaiot_transports::business_rpc::v3: business RPC V3 body entered scheduler stream_id=872 class=Rpc body_bytes=198
2026-09-26T01:47:01.483082Z DEBUG netbaiot_transports::business_rpc::v3: business RPC V3 selected frame stream_id=872 frame_type=Open payload_bytes=158
2026-09-26T01:47:01.483086Z DEBUG netbaiot_transports::business_rpc::v3: business RPC V3 writer completed frame stream_id=872 frame_type=Open payload_bytes=158
2026-09-26T01:47:01.483090Z DEBUG netbaiot_transports::business_rpc::v3: business RPC V3 selected frame stream_id=872 frame_type=Data payload_bytes=198
2026-09-26T01:47:01.483093Z DEBUG netbaiot_transports::business_rpc::v3: business RPC V3 writer completed frame stream_id=872 frame_type=Data payload_bytes=198
2026-09-26T01:47:01.483183Z DEBUG netbaiot_transports::business_rpc::v3: business RPC V3 body entered scheduler stream_id=874 class=Rpc body_bytes=198
2026-09-26T01:47:01.483190Z DEBUG netbaiot_transports::business_rpc::v3: business RPC V3 selected frame stream_id=874 frame_type=Open payload_bytes=158
2026-09-26T01:47:01.483197Z DEBUG netbaiot_transports::business_rpc::v3: business RPC V3 writer completed frame stream_id=874 frame_type=Open payload_bytes=158
2026-09-26T01:47:01.483204Z DEBUG netbaiot_transports::business_rpc::v3: business RPC V3 selected frame stream_id=874 frame_type=Data payload_bytes=198
2026-09-26T01:47:01.483210Z DEBUG netbaiot_transports::business_rpc::v3: business RPC V3 writer completed frame stream_id=874 frame_type=Data payload_bytes=198
2026-09-26T01:47:01.543714Z DEBUG netbaiot_transports::business_rpc::v3: business RPC V3 received frame stream_id=0 frame_type=WindowUpdate payload_bytes=4
2026-09-26T01:47:01.543773Z DEBUG netbaiot_transports::business_rpc::v3: business RPC V3 received frame stream_id=0 frame_type=WindowUpdate payload_bytes=4
2026-09-26T01:47:01.543815Z DEBUG netbaiot_transports::business_rpc::v3: business RPC V3 received frame stream_id=0 frame_type=WindowUpdate payload_bytes=4
2026-09-26T01:47:01.543826Z DEBUG netbaiot_transports::business_rpc::v3: business RPC V3 received frame stream_id=858 frame_type=Response payload_bytes=35
2026-09-26T01:47:01.543860Z DEBUG netbaiot_transports::business_rpc::v3: business RPC V3 received frame stream_id=858 frame_type=Data payload_bytes=216
2026-09-26T01:47:01.543885Z DEBUG netbaiot_transports::business_rpc::v3: business RPC V3 received frame stream_id=860 frame_type=Response payload_bytes=35
2026-09-26T01:47:01.543892Z DEBUG netbaiot_transports::business_rpc::v3: business RPC V3 received frame stream_id=856 frame_type=Response payload_bytes=35
2026-09-26T01:47:01.543898Z DEBUG netbaiot_transports::business_rpc::v3: business RPC V3 received frame stream_id=860 frame_type=Data payload_bytes=216
2026-09-26T01:47:01.543893Z DEBUG netbaiot_transports::business_rpc::v3: business RPC V3 selected frame stream_id=0 frame_type=WindowUpdate payload_bytes=4
2026-09-26T01:47:01.543907Z DEBUG netbaiot_transports::business_rpc::v3: business RPC V3 received frame stream_id=856 frame_type=Data payload_bytes=216
2026-09-26T01:47:01.543917Z DEBUG netbaiot_transports::business_rpc::v3: business RPC V3 writer completed frame stream_id=0 frame_type=WindowUpdate payload_bytes=4
2026-09-26T01:47:01.543947Z DEBUG netbaiot_transports::business_rpc::v3: business RPC V3 selected frame stream_id=0 frame_type=WindowUpdate payload_bytes=4
2026-09-26T01:47:01.543958Z DEBUG netbaiot_transports::business_rpc::v3: business RPC V3 writer completed frame stream_id=0 frame_type=WindowUpdate payload_bytes=4
2026-09-26T01:47:01.543962Z DEBUG netbaiot_transports::business_rpc::v3: business RPC V3 selected frame stream_id=0 frame_type=WindowUpdate payload_bytes=4
2026-09-26T01:47:01.543984Z DEBUG netbaiot_transports::business_rpc::v3: business RPC V3 writer completed frame stream_id=0 frame_type=WindowUpdate payload_bytes=4
2026-09-26T01:47:01.544551Z DEBUG netbaiot_transports::business_rpc::v3: business RPC V3 body entered scheduler stream_id=876 class=Rpc body_bytes=198
2026-09-26T01:47:01.544581Z DEBUG netbaiot_transports::business_rpc::v3: business RPC V3 selected frame stream_id=876 frame_type=Open payload_bytes=158
2026-09-26T01:47:01.544592Z DEBUG netbaiot_transports::business_rpc::v3: business RPC V3 writer completed frame stream_id=876 frame_type=Open payload_bytes=158
2026-09-26T01:47:01.544596Z DEBUG netbaiot_transports::business_rpc::v3: business RPC V3 selected frame stream_id=876 frame_type=Data payload_bytes=198
2026-09-26T01:47:01.544601Z DEBUG netbaiot_transports::business_rpc::v3: business RPC V3 writer completed frame stream_id=876 frame_type=Data payload_bytes=198
2026-09-26T01:47:01.544660Z DEBUG netbaiot_transports::business_rpc::v3: business RPC V3 body entered scheduler stream_id=878 class=Rpc body_bytes=198
2026-09-26T01:47:01.544665Z DEBUG netbaiot_transports::business_rpc::v3: business RPC V3 selected frame stream_id=878 frame_type=Open payload_bytes=158
2026-09-26T01:47:01.544701Z DEBUG netbaiot_transports::business_rpc::v3: business RPC V3 writer completed frame stream_id=878 frame_type=Open payload_bytes=158
2026-09-26T01:47:01.544740Z DEBUG netbaiot_transports::business_rpc::v3: business RPC V3 body entered scheduler stream_id=880 class=Rpc body_bytes=198
2026-09-26T01:47:01.544757Z DEBUG netbaiot_transports::business_rpc::v3: business RPC V3 selected frame stream_id=880 frame_type=Open payload_bytes=158
2026-09-26T01:47:01.544765Z DEBUG netbaiot_transports::business_rpc::v3: business RPC V3 writer completed frame stream_id=880 frame_type=Open payload_bytes=158
2026-09-26T01:47:01.544788Z DEBUG netbaiot_transports::business_rpc::v3: business RPC V3 selected frame stream_id=878 frame_type=Data payload_bytes=198
2026-09-26T01:47:01.544794Z DEBUG netbaiot_transports::business_rpc::v3: business RPC V3 writer completed frame stream_id=878 frame_type=Data payload_bytes=198
2026-09-26T01:47:01.544797Z DEBUG netbaiot_transports::business_rpc::v3: business RPC V3 selected frame stream_id=880 frame_type=Data payload_bytes=198
2026-09-26T01:47:01.544804Z DEBUG netbaiot_transports::business_rpc::v3: business RPC V3 writer completed frame stream_id=880 frame_type=Data payload_bytes=198
2026-09-26T01:47:01.568692Z DEBUG netbaiot_transports::business_rpc::v3: business RPC V3 body entered scheduler stream_id=882 class=Rpc body_bytes=198
2026-09-26T01:47:01.568736Z DEBUG netbaiot_transports::business_rpc::v3: business RPC V3 selected frame stream_id=882 frame_type=Open payload_bytes=158
2026-09-26T01:47:01.568749Z DEBUG netbaiot_transports::business_rpc::v3: business RPC V3 writer completed frame stream_id=882 frame_type=Open payload_bytes=158
2026-09-26T01:47:01.568753Z DEBUG netbaiot_transports::business_rpc::v3: business RPC V3 selected frame stream_id=882 frame_type=Data payload_bytes=198
2026-09-26T01:47:01.568778Z DEBUG netbaiot_transports::business_rpc::v3: business RPC V3 writer completed frame stream_id=882 frame_type=Data payload_bytes=198
2026-09-26T01:47:01.578509Z DEBUG netbaiot_transports::business_rpc::v3: business RPC V3 received frame stream_id=0 frame_type=WindowUpdate payload_bytes=4
2026-09-26T01:47:01.578531Z DEBUG netbaiot_transports::business_rpc::v3: business RPC V3 received frame stream_id=0 frame_type=WindowUpdate payload_bytes=4
2026-09-26T01:47:01.578535Z DEBUG netbaiot_transports::business_rpc::v3: business RPC V3 received frame stream_id=0 frame_type=WindowUpdate payload_bytes=4
2026-09-26T01:47:01.578539Z DEBUG netbaiot_transports::business_rpc::v3: business RPC V3 received frame stream_id=0 frame_type=WindowUpdate payload_bytes=4
2026-09-26T01:47:01.578542Z DEBUG netbaiot_transports::business_rpc::v3: business RPC V3 received frame stream_id=0 frame_type=WindowUpdate payload_bytes=4
2026-09-26T01:47:01.578546Z DEBUG netbaiot_transports::business_rpc::v3: business RPC V3 received frame stream_id=0 frame_type=WindowUpdate payload_bytes=4
2026-09-26T01:47:01.578549Z DEBUG netbaiot_transports::business_rpc::v3: business RPC V3 received frame stream_id=0 frame_type=WindowUpdate payload_bytes=4
2026-09-26T01:47:01.578552Z DEBUG netbaiot_transports::business_rpc::v3: business RPC V3 received frame stream_id=874 frame_type=Response payload_bytes=35
2026-09-26T01:47:01.578558Z DEBUG netbaiot_transports::business_rpc::v3: business RPC V3 received frame stream_id=874 frame_type=Data payload_bytes=216
2026-09-26T01:47:01.578594Z DEBUG netbaiot_transports::business_rpc::v3: business RPC V3 received frame stream_id=868 frame_type=Response payload_bytes=35
2026-09-26T01:47:01.578638Z DEBUG netbaiot_transports::business_rpc::v3: business RPC V3 received frame stream_id=868 frame_type=Data payload_bytes=216
2026-09-26T01:47:01.578593Z DEBUG netbaiot_transports::business_rpc::v3: business RPC V3 selected frame stream_id=0 frame_type=WindowUpdate payload_bytes=4
2026-09-26T01:47:01.578683Z DEBUG netbaiot_transports::business_rpc::v3: business RPC V3 received frame stream_id=862 frame_type=Response payload_bytes=35
2026-09-26T01:47:01.578717Z DEBUG netbaiot_transports::business_rpc::v3: business RPC V3 received frame stream_id=862 frame_type=Data payload_bytes=216
2026-09-26T01:47:01.578747Z DEBUG netbaiot_transports::business_rpc::v3: business RPC V3 received frame stream_id=864 frame_type=Response payload_bytes=35
2026-09-26T01:47:01.578762Z DEBUG netbaiot_transports::business_rpc::v3: business RPC V3 received frame stream_id=864 frame_type=Data payload_bytes=216
2026-09-26T01:47:01.578778Z DEBUG netbaiot_transports::business_rpc::v3: business RPC V3 received frame stream_id=870 frame_type=Response payload_bytes=35
2026-09-26T01:47:01.578791Z DEBUG netbaiot_transports::business_rpc::v3: business RPC V3 received frame stream_id=866 frame_type=Response payload_bytes=35
2026-09-26T01:47:01.578803Z DEBUG netbaiot_transports::business_rpc::v3: business RPC V3 received frame stream_id=870 frame_type=Data payload_bytes=216
2026-09-26T01:47:01.578688Z DEBUG netbaiot_transports::business_rpc::v3: business RPC V3 writer completed frame stream_id=0 frame_type=WindowUpdate payload_bytes=4
2026-09-26T01:47:01.578834Z DEBUG netbaiot_transports::business_rpc::v3: business RPC V3 selected frame stream_id=0 frame_type=WindowUpdate payload_bytes=4
2026-09-26T01:47:01.578852Z DEBUG netbaiot_transports::business_rpc::v3: business RPC V3 writer completed frame stream_id=0 frame_type=WindowUpdate payload_bytes=4
2026-09-26T01:47:01.578914Z DEBUG netbaiot_transports::business_rpc::v3: business RPC V3 selected frame stream_id=0 frame_type=WindowUpdate payload_bytes=4
2026-09-26T01:47:01.578927Z DEBUG netbaiot_transports::business_rpc::v3: business RPC V3 writer completed frame stream_id=0 frame_type=WindowUpdate payload_bytes=4
2026-09-26T01:47:01.578936Z DEBUG netbaiot_transports::business_rpc::v3: business RPC V3 selected frame stream_id=0 frame_type=WindowUpdate payload_bytes=4
2026-09-26T01:47:01.578818Z DEBUG netbaiot_transports::business_rpc::v3: business RPC V3 received frame stream_id=872 frame_type=Response payload_bytes=35
2026-09-26T01:47:01.578962Z DEBUG netbaiot_transports::business_rpc::v3: business RPC V3 received frame stream_id=866 frame_type=Data payload_bytes=216
2026-09-26T01:47:01.578967Z DEBUG netbaiot_transports::business_rpc::v3: business RPC V3 writer completed frame stream_id=0 frame_type=WindowUpdate payload_bytes=4
2026-09-26T01:47:01.578976Z DEBUG netbaiot_transports::business_rpc::v3: business RPC V3 selected frame stream_id=0 frame_type=WindowUpdate payload_bytes=4
2026-09-26T01:47:01.578977Z DEBUG netbaiot_transports::business_rpc::v3: business RPC V3 received frame stream_id=872 frame_type=Data payload_bytes=216
2026-09-26T01:47:01.578985Z DEBUG netbaiot_transports::business_rpc::v3: business RPC V3 writer completed frame stream_id=0 frame_type=WindowUpdate payload_bytes=4
2026-09-26T01:47:01.579039Z DEBUG netbaiot_transports::business_rpc::v3: business RPC V3 selected frame stream_id=0 frame_type=WindowUpdate payload_bytes=4
2026-09-26T01:47:01.579057Z DEBUG netbaiot_transports::business_rpc::v3: business RPC V3 writer completed frame stream_id=0 frame_type=WindowUpdate payload_bytes=4
2026-09-26T01:47:01.579068Z DEBUG netbaiot_transports::business_rpc::v3: business RPC V3 selected frame stream_id=0 frame_type=WindowUpdate payload_bytes=4
2026-09-26T01:47:01.579082Z DEBUG netbaiot_transports::business_rpc::v3: business RPC V3 writer completed frame stream_id=0 frame_type=WindowUpdate payload_bytes=4
2026-09-26T01:47:01.659877Z DEBUG netbaiot_transports::business_rpc::v3: business RPC V3 received frame stream_id=0 frame_type=WindowUpdate payload_bytes=4
2026-09-26T01:47:01.659907Z DEBUG netbaiot_transports::business_rpc::v3: business RPC V3 received frame stream_id=0 frame_type=WindowUpdate payload_bytes=4
2026-09-26T01:47:01.659924Z DEBUG netbaiot_transports::business_rpc::v3: business RPC V3 received frame stream_id=0 frame_type=WindowUpdate payload_bytes=4
2026-09-26T01:47:01.659929Z DEBUG netbaiot_transports::business_rpc::v3: business RPC V3 received frame stream_id=0 frame_type=WindowUpdate payload_bytes=4
2026-09-26T01:47:01.659933Z DEBUG netbaiot_transports::business_rpc::v3: business RPC V3 received frame stream_id=882 frame_type=Response payload_bytes=35
2026-09-26T01:47:01.660004Z DEBUG netbaiot_transports::business_rpc::v3: business RPC V3 received frame stream_id=876 frame_type=Response payload_bytes=35
2026-09-26T01:47:01.660014Z DEBUG netbaiot_transports::business_rpc::v3: business RPC V3 received frame stream_id=878 frame_type=Response payload_bytes=35
2026-09-26T01:47:01.660019Z DEBUG netbaiot_transports::business_rpc::v3: business RPC V3 received frame stream_id=880 frame_type=Response payload_bytes=35
2026-09-26T01:47:01.660023Z DEBUG netbaiot_transports::business_rpc::v3: business RPC V3 received frame stream_id=882 frame_type=Data payload_bytes=216
2026-09-26T01:47:01.660039Z DEBUG netbaiot_transports::business_rpc::v3: business RPC V3 received frame stream_id=876 frame_type=Data payload_bytes=216
2026-09-26T01:47:01.660046Z DEBUG netbaiot_transports::business_rpc::v3: business RPC V3 received frame stream_id=878 frame_type=Data payload_bytes=216
2026-09-26T01:47:01.660066Z DEBUG netbaiot_transports::business_rpc::v3: business RPC V3 received frame stream_id=880 frame_type=Data payload_bytes=216
2026-09-26T01:47:01.660076Z DEBUG netbaiot_transports::business_rpc::v3: business RPC V3 selected frame stream_id=0 frame_type=WindowUpdate payload_bytes=4
2026-09-26T01:47:01.660113Z DEBUG netbaiot_transports::business_rpc::v3: business RPC V3 writer completed frame stream_id=0 frame_type=WindowUpdate payload_bytes=4
2026-09-26T01:47:01.660119Z DEBUG netbaiot_transports::business_rpc::v3: business RPC V3 selected frame stream_id=0 frame_type=WindowUpdate payload_bytes=4
2026-09-26T01:47:01.660123Z DEBUG netbaiot_transports::business_rpc::v3: business RPC V3 writer completed frame stream_id=0 frame_type=WindowUpdate payload_bytes=4
2026-09-26T01:47:01.660127Z DEBUG netbaiot_transports::business_rpc::v3: business RPC V3 selected frame stream_id=0 frame_type=WindowUpdate payload_bytes=4
2026-09-26T01:47:01.660131Z DEBUG netbaiot_transports::business_rpc::v3: business RPC V3 writer completed frame stream_id=0 frame_type=WindowUpdate payload_bytes=4
2026-09-26T01:47:01.660135Z DEBUG netbaiot_transports::business_rpc::v3: business RPC V3 selected frame stream_id=0 frame_type=WindowUpdate payload_bytes=4
2026-09-26T01:47:01.660141Z DEBUG netbaiot_transports::business_rpc::v3: business RPC V3 writer completed frame stream_id=0 frame_type=WindowUpdate payload_bytes=4
2026-09-26T01:47:01.679939Z DEBUG netbaiot_transports::business_rpc::v3: business RPC V3 body entered scheduler stream_id=884 class=Event body_bytes=17366
2026-09-26T01:47:01.679956Z DEBUG netbaiot_transports::business_rpc::v3: business RPC V3 selected frame stream_id=884 frame_type=Open payload_bytes=184
2026-09-26T01:47:01.679965Z DEBUG netbaiot_transports::business_rpc::v3: business RPC V3 writer completed frame stream_id=884 frame_type=Open payload_bytes=184
2026-09-26T01:47:01.679969Z DEBUG netbaiot_transports::business_rpc::v3: business RPC V3 selected frame stream_id=884 frame_type=Data payload_bytes=8192
2026-09-26T01:47:01.679974Z DEBUG netbaiot_transports::business_rpc::v3: business RPC V3 writer completed frame stream_id=884 frame_type=Data payload_bytes=8192
2026-09-26T01:47:01.679977Z DEBUG netbaiot_transports::business_rpc::v3: business RPC V3 selected frame stream_id=884 frame_type=Data payload_bytes=8192
2026-09-26T01:47:01.679984Z DEBUG netbaiot_transports::business_rpc::v3: business RPC V3 writer completed frame stream_id=884 frame_type=Data payload_bytes=8192
2026-09-26T01:47:01.832164Z DEBUG netbaiot_transports::business_rpc::v3: business RPC V3 received frame stream_id=0 frame_type=WindowUpdate payload_bytes=4
2026-09-26T01:47:01.832220Z DEBUG netbaiot_transports::business_rpc::v3: business RPC V3 received frame stream_id=884 frame_type=WindowUpdate payload_bytes=4
2026-09-26T01:47:01.832259Z DEBUG netbaiot_transports::business_rpc::v3: business RPC V3 selected frame stream_id=884 frame_type=Data payload_bytes=982
2026-09-26T01:47:01.832272Z DEBUG netbaiot_transports::business_rpc::v3: business RPC V3 writer completed frame stream_id=884 frame_type=Data payload_bytes=982
2026-09-26T01:47:01.865054Z DEBUG netbaiot_transports::business_rpc::v3: business RPC V3 received frame stream_id=0 frame_type=WindowUpdate payload_bytes=4
2026-09-26T01:47:01.865125Z DEBUG netbaiot_transports::business_rpc::v3: business RPC V3 received frame stream_id=884 frame_type=WindowUpdate payload_bytes=4
2026-09-26T01:47:01.957763Z DEBUG netbaiot_transports::business_rpc::v3: business RPC V3 received frame stream_id=0 frame_type=WindowUpdate payload_bytes=4
2026-09-26T01:47:01.957782Z DEBUG netbaiot_transports::business_rpc::v3: business RPC V3 received frame stream_id=884 frame_type=Response payload_bytes=35
2026-09-26T01:47:01.957790Z DEBUG netbaiot_transports::business_rpc::v3: business RPC V3 received frame stream_id=884 frame_type=Data payload_bytes=118
2026-09-26T01:47:01.957799Z DEBUG netbaiot_transports::business_rpc::v3: business RPC V3 Event delivery acknowledged stream_id=884 completion_us=277863
2026-09-26T01:47:01.957825Z DEBUG netbaiot_transports::business_rpc::v3: business RPC V3 selected frame stream_id=0 frame_type=WindowUpdate payload_bytes=4
2026-09-26T01:47:01.957840Z DEBUG netbaiot_transports::business_rpc::v3: business RPC V3 writer completed frame stream_id=0 frame_type=WindowUpdate payload_bytes=4
2026-09-26T01:47:02.169469Z DEBUG netbaiot_transports::business_rpc::v3: business RPC V3 body entered scheduler stream_id=886 class=Rpc body_bytes=198
2026-09-26T01:47:02.169485Z DEBUG netbaiot_transports::business_rpc::v3: business RPC V3 selected frame stream_id=886 frame_type=Open payload_bytes=158
2026-09-26T01:47:02.169496Z DEBUG netbaiot_transports::business_rpc::v3: business RPC V3 writer completed frame stream_id=886 frame_type=Open payload_bytes=158
2026-09-26T01:47:02.169502Z DEBUG netbaiot_transports::business_rpc::v3: business RPC V3 selected frame stream_id=886 frame_type=Data payload_bytes=198
2026-09-26T01:47:02.169506Z DEBUG netbaiot_transports::business_rpc::v3: business RPC V3 writer completed frame stream_id=886 frame_type=Data payload_bytes=198
2026-09-26T01:47:02.181014Z DEBUG netbaiot_transports::business_rpc::v3: business RPC V3 body entered scheduler stream_id=888 class=Event body_bytes=17366
2026-09-26T01:47:02.181027Z DEBUG netbaiot_transports::business_rpc::v3: business RPC V3 selected frame stream_id=888 frame_type=Open payload_bytes=184
2026-09-26T01:47:02.181038Z DEBUG netbaiot_transports::business_rpc::v3: business RPC V3 writer completed frame stream_id=888 frame_type=Open payload_bytes=184
2026-09-26T01:47:02.181043Z DEBUG netbaiot_transports::business_rpc::v3: business RPC V3 selected frame stream_id=888 frame_type=Data payload_bytes=8192
2026-09-26T01:47:02.181048Z DEBUG netbaiot_transports::business_rpc::v3: business RPC V3 writer completed frame stream_id=888 frame_type=Data payload_bytes=8192
2026-09-26T01:47:02.181052Z DEBUG netbaiot_transports::business_rpc::v3: business RPC V3 selected frame stream_id=888 frame_type=Data payload_bytes=8192
2026-09-26T01:47:02.181060Z DEBUG netbaiot_transports::business_rpc::v3: business RPC V3 writer completed frame stream_id=888 frame_type=Data payload_bytes=8192
2026-09-26T01:47:02.221194Z DEBUG netbaiot_transports::business_rpc::v3: business RPC V3 body entered scheduler stream_id=890 class=Rpc body_bytes=198
2026-09-26T01:47:02.221212Z DEBUG netbaiot_transports::business_rpc::v3: business RPC V3 selected frame stream_id=890 frame_type=Open payload_bytes=158
2026-09-26T01:47:02.221222Z DEBUG netbaiot_transports::business_rpc::v3: business RPC V3 writer completed frame stream_id=890 frame_type=Open payload_bytes=158
2026-09-26T01:47:02.221227Z DEBUG netbaiot_transports::business_rpc::v3: business RPC V3 selected frame stream_id=890 frame_type=Data payload_bytes=198
2026-09-26T01:47:02.221232Z DEBUG netbaiot_transports::business_rpc::v3: business RPC V3 writer completed frame stream_id=890 frame_type=Data payload_bytes=198
2026-09-26T01:47:02.290897Z DEBUG netbaiot_transports::business_rpc::v3: business RPC V3 body entered scheduler stream_id=892 class=Rpc body_bytes=198
2026-09-26T01:47:02.293267Z DEBUG netbaiot_transports::business_rpc::v3: business RPC V3 selected frame stream_id=892 frame_type=Open payload_bytes=158
2026-09-26T01:47:02.293286Z DEBUG netbaiot_transports::business_rpc::v3: business RPC V3 writer completed frame stream_id=892 frame_type=Open payload_bytes=158
2026-09-26T01:47:02.293320Z DEBUG netbaiot_transports::business_rpc::v3: business RPC V3 selected frame stream_id=892 frame_type=Data payload_bytes=198
2026-09-26T01:47:02.293333Z DEBUG netbaiot_transports::business_rpc::v3: business RPC V3 writer completed frame stream_id=892 frame_type=Data payload_bytes=198
2026-09-26T01:47:02.313048Z DEBUG netbaiot_transports::business_rpc::v3: business RPC V3 body entered scheduler stream_id=894 class=Rpc body_bytes=198
2026-09-26T01:47:02.313072Z DEBUG netbaiot_transports::business_rpc::v3: business RPC V3 selected frame stream_id=894 frame_type=Open payload_bytes=158
2026-09-26T01:47:02.313083Z DEBUG netbaiot_transports::business_rpc::v3: business RPC V3 writer completed frame stream_id=894 frame_type=Open payload_bytes=158
2026-09-26T01:47:02.313088Z DEBUG netbaiot_transports::business_rpc::v3: business RPC V3 selected frame stream_id=894 frame_type=Data payload_bytes=198
2026-09-26T01:47:02.313116Z DEBUG netbaiot_transports::business_rpc::v3: business RPC V3 writer completed frame stream_id=894 frame_type=Data payload_bytes=198
2026-09-26T01:47:02.326991Z DEBUG netbaiot_transports::business_rpc::v3: business RPC V3 body entered scheduler stream_id=896 class=Rpc body_bytes=198
2026-09-26T01:47:02.327033Z DEBUG netbaiot_transports::business_rpc::v3: business RPC V3 selected frame stream_id=896 frame_type=Open payload_bytes=158
2026-09-26T01:47:02.327057Z DEBUG netbaiot_transports::business_rpc::v3: business RPC V3 writer completed frame stream_id=896 frame_type=Open payload_bytes=158
2026-09-26T01:47:02.327067Z DEBUG netbaiot_transports::business_rpc::v3: business RPC V3 selected frame stream_id=896 frame_type=Data payload_bytes=198
2026-09-26T01:47:02.327077Z DEBUG netbaiot_transports::business_rpc::v3: business RPC V3 writer completed frame stream_id=896 frame_type=Data payload_bytes=198
2026-09-26T01:47:02.348383Z DEBUG netbaiot_transports::business_rpc::v3: business RPC V3 received frame stream_id=0 frame_type=WindowUpdate payload_bytes=4
2026-09-26T01:47:02.348405Z DEBUG netbaiot_transports::business_rpc::v3: business RPC V3 received frame stream_id=0 frame_type=WindowUpdate payload_bytes=4
2026-09-26T01:47:02.348409Z DEBUG netbaiot_transports::business_rpc::v3: business RPC V3 received frame stream_id=888 frame_type=WindowUpdate payload_bytes=4
2026-09-26T01:47:02.348412Z DEBUG netbaiot_transports::business_rpc::v3: business RPC V3 received frame stream_id=886 frame_type=Response payload_bytes=35
2026-09-26T01:47:02.348419Z DEBUG netbaiot_transports::business_rpc::v3: business RPC V3 received frame stream_id=886 frame_type=Data payload_bytes=216
2026-09-26T01:47:02.348463Z DEBUG netbaiot_transports::business_rpc::v3: business RPC V3 selected frame stream_id=0 frame_type=WindowUpdate payload_bytes=4
2026-09-26T01:47:02.348527Z DEBUG netbaiot_transports::business_rpc::v3: business RPC V3 writer completed frame stream_id=0 frame_type=WindowUpdate payload_bytes=4
2026-09-26T01:47:02.348559Z DEBUG netbaiot_transports::business_rpc::v3: business RPC V3 selected frame stream_id=888 frame_type=Data payload_bytes=982
2026-09-26T01:47:02.348575Z DEBUG netbaiot_transports::business_rpc::v3: business RPC V3 writer completed frame stream_id=888 frame_type=Data payload_bytes=982
2026-09-26T01:47:02.348950Z DEBUG netbaiot_transports::business_rpc::v3: business RPC V3 body entered scheduler stream_id=898 class=Rpc body_bytes=198
2026-09-26T01:47:02.349002Z DEBUG netbaiot_transports::business_rpc::v3: business RPC V3 selected frame stream_id=898 frame_type=Open payload_bytes=158
2026-09-26T01:47:02.349043Z DEBUG netbaiot_transports::business_rpc::v3: business RPC V3 writer completed frame stream_id=898 frame_type=Open payload_bytes=158
2026-09-26T01:47:02.349074Z DEBUG netbaiot_transports::business_rpc::v3: business RPC V3 selected frame stream_id=898 frame_type=Data payload_bytes=198
2026-09-26T01:47:02.349094Z DEBUG netbaiot_transports::business_rpc::v3: business RPC V3 writer completed frame stream_id=898 frame_type=Data payload_bytes=198
2026-09-26T01:47:02.376911Z DEBUG netbaiot_transports::business_rpc::v3: business RPC V3 received frame stream_id=0 frame_type=WindowUpdate payload_bytes=4
2026-09-26T01:47:02.376930Z DEBUG netbaiot_transports::business_rpc::v3: business RPC V3 received frame stream_id=888 frame_type=WindowUpdate payload_bytes=4
2026-09-26T01:47:02.376935Z DEBUG netbaiot_transports::business_rpc::v3: business RPC V3 received frame stream_id=0 frame_type=WindowUpdate payload_bytes=4
2026-09-26T01:47:02.376939Z DEBUG netbaiot_transports::business_rpc::v3: business RPC V3 received frame stream_id=890 frame_type=Response payload_bytes=35
2026-09-26T01:47:02.376947Z DEBUG netbaiot_transports::business_rpc::v3: business RPC V3 received frame stream_id=890 frame_type=Data payload_bytes=216
2026-09-26T01:47:02.376982Z DEBUG netbaiot_transports::business_rpc::v3: business RPC V3 selected frame stream_id=0 frame_type=WindowUpdate payload_bytes=4
2026-09-26T01:47:02.377019Z DEBUG netbaiot_transports::business_rpc::v3: business RPC V3 writer completed frame stream_id=0 frame_type=WindowUpdate payload_bytes=4
2026-09-26T01:47:02.377312Z DEBUG netbaiot_transports::business_rpc::v3: business RPC V3 body entered scheduler stream_id=900 class=Rpc body_bytes=198
2026-09-26T01:47:02.377322Z DEBUG netbaiot_transports::business_rpc::v3: business RPC V3 selected frame stream_id=900 frame_type=Open payload_bytes=158
2026-09-26T01:47:02.377333Z DEBUG netbaiot_transports::business_rpc::v3: business RPC V3 writer completed frame stream_id=900 frame_type=Open payload_bytes=158
2026-09-26T01:47:02.377337Z DEBUG netbaiot_transports::business_rpc::v3: business RPC V3 selected frame stream_id=900 frame_type=Data payload_bytes=198
2026-09-26T01:47:02.377342Z DEBUG netbaiot_transports::business_rpc::v3: business RPC V3 writer completed frame stream_id=900 frame_type=Data payload_bytes=198
2026-09-26T01:47:02.382665Z DEBUG netbaiot_transports::business_rpc::v3: business RPC V3 body entered scheduler stream_id=902 class=Rpc body_bytes=198
2026-09-26T01:47:02.382677Z DEBUG netbaiot_transports::business_rpc::v3: business RPC V3 selected frame stream_id=902 frame_type=Open payload_bytes=158
2026-09-26T01:47:02.382687Z DEBUG netbaiot_transports::business_rpc::v3: business RPC V3 writer completed frame stream_id=902 frame_type=Open payload_bytes=158
2026-09-26T01:47:02.382692Z DEBUG netbaiot_transports::business_rpc::v3: business RPC V3 selected frame stream_id=902 frame_type=Data payload_bytes=198
2026-09-26T01:47:02.382697Z DEBUG netbaiot_transports::business_rpc::v3: business RPC V3 writer completed frame stream_id=902 frame_type=Data payload_bytes=198
2026-09-26T01:47:02.406362Z DEBUG netbaiot_transports::business_rpc::v3: business RPC V3 received frame stream_id=0 frame_type=WindowUpdate payload_bytes=4
2026-09-26T01:47:02.406382Z DEBUG netbaiot_transports::business_rpc::v3: business RPC V3 received frame stream_id=0 frame_type=WindowUpdate payload_bytes=4
2026-09-26T01:47:02.406385Z DEBUG netbaiot_transports::business_rpc::v3: business RPC V3 received frame stream_id=894 frame_type=Response payload_bytes=35
2026-09-26T01:47:02.406391Z DEBUG netbaiot_transports::business_rpc::v3: business RPC V3 received frame stream_id=892 frame_type=Response payload_bytes=35
2026-09-26T01:47:02.406394Z DEBUG netbaiot_transports::business_rpc::v3: business RPC V3 received frame stream_id=894 frame_type=Data payload_bytes=216
2026-09-26T01:47:02.406413Z DEBUG netbaiot_transports::business_rpc::v3: business RPC V3 received frame stream_id=892 frame_type=Data payload_bytes=216
2026-09-26T01:47:02.406426Z DEBUG netbaiot_transports::business_rpc::v3: business RPC V3 selected frame stream_id=0 frame_type=WindowUpdate payload_bytes=4
2026-09-26T01:47:02.406472Z DEBUG netbaiot_transports::business_rpc::v3: business RPC V3 writer completed frame stream_id=0 frame_type=WindowUpdate payload_bytes=4
2026-09-26T01:47:02.406483Z DEBUG netbaiot_transports::business_rpc::v3: business RPC V3 selected frame stream_id=0 frame_type=WindowUpdate payload_bytes=4
2026-09-26T01:47:02.406503Z DEBUG netbaiot_transports::business_rpc::v3: business RPC V3 writer completed frame stream_id=0 frame_type=WindowUpdate payload_bytes=4
2026-09-26T01:47:02.406769Z DEBUG netbaiot_transports::business_rpc::v3: business RPC V3 body entered scheduler stream_id=904 class=Rpc body_bytes=198
2026-09-26T01:47:02.406777Z DEBUG netbaiot_transports::business_rpc::v3: business RPC V3 selected frame stream_id=904 frame_type=Open payload_bytes=158
2026-09-26T01:47:02.406784Z DEBUG netbaiot_transports::business_rpc::v3: business RPC V3 writer completed frame stream_id=904 frame_type=Open payload_bytes=158
2026-09-26T01:47:02.406788Z DEBUG netbaiot_transports::business_rpc::v3: business RPC V3 body entered scheduler stream_id=906 class=Rpc body_bytes=198
2026-09-26T01:47:02.406792Z DEBUG netbaiot_transports::business_rpc::v3: business RPC V3 selected frame stream_id=906 frame_type=Open payload_bytes=158
2026-09-26T01:47:02.406796Z DEBUG netbaiot_transports::business_rpc::v3: business RPC V3 writer completed frame stream_id=906 frame_type=Open payload_bytes=158
2026-09-26T01:47:02.406827Z DEBUG netbaiot_transports::business_rpc::v3: business RPC V3 selected frame stream_id=904 frame_type=Data payload_bytes=198
2026-09-26T01:47:02.406832Z DEBUG netbaiot_transports::business_rpc::v3: business RPC V3 writer completed frame stream_id=904 frame_type=Data payload_bytes=198
2026-09-26T01:47:02.406835Z DEBUG netbaiot_transports::business_rpc::v3: business RPC V3 selected frame stream_id=906 frame_type=Data payload_bytes=198
2026-09-26T01:47:02.406841Z DEBUG netbaiot_transports::business_rpc::v3: business RPC V3 writer completed frame stream_id=906 frame_type=Data payload_bytes=198
2026-09-26T01:47:02.407879Z DEBUG netbaiot_transports::business_rpc::v3: business RPC V3 body entered scheduler stream_id=908 class=Rpc body_bytes=198
2026-09-26T01:47:02.407884Z DEBUG netbaiot_transports::business_rpc::v3: business RPC V3 selected frame stream_id=908 frame_type=Open payload_bytes=158
2026-09-26T01:47:02.407890Z DEBUG netbaiot_transports::business_rpc::v3: business RPC V3 writer completed frame stream_id=908 frame_type=Open payload_bytes=158
2026-09-26T01:47:02.407893Z DEBUG netbaiot_transports::business_rpc::v3: business RPC V3 selected frame stream_id=908 frame_type=Data payload_bytes=198
2026-09-26T01:47:02.407897Z DEBUG netbaiot_transports::business_rpc::v3: business RPC V3 writer completed frame stream_id=908 frame_type=Data payload_bytes=198
2026-09-26T01:47:02.436500Z DEBUG netbaiot_transports::business_rpc::v3: business RPC V3 received frame stream_id=0 frame_type=WindowUpdate payload_bytes=4
2026-09-26T01:47:02.436513Z DEBUG netbaiot_transports::business_rpc::v3: business RPC V3 received frame stream_id=0 frame_type=WindowUpdate payload_bytes=4
2026-09-26T01:47:02.436517Z DEBUG netbaiot_transports::business_rpc::v3: business RPC V3 received frame stream_id=0 frame_type=WindowUpdate payload_bytes=4
2026-09-26T01:47:02.436520Z DEBUG netbaiot_transports::business_rpc::v3: business RPC V3 received frame stream_id=898 frame_type=Response payload_bytes=35
2026-09-26T01:47:02.436526Z DEBUG netbaiot_transports::business_rpc::v3: business RPC V3 received frame stream_id=898 frame_type=Data payload_bytes=216
2026-09-26T01:47:02.436542Z DEBUG netbaiot_transports::business_rpc::v3: business RPC V3 received frame stream_id=896 frame_type=Response payload_bytes=35
2026-09-26T01:47:02.436546Z DEBUG netbaiot_transports::business_rpc::v3: business RPC V3 received frame stream_id=896 frame_type=Data payload_bytes=216
2026-09-26T01:47:02.436548Z DEBUG netbaiot_transports::business_rpc::v3: business RPC V3 selected frame stream_id=0 frame_type=WindowUpdate payload_bytes=4
2026-09-26T01:47:02.436553Z DEBUG netbaiot_transports::business_rpc::v3: business RPC V3 received frame stream_id=888 frame_type=Response payload_bytes=35
2026-09-26T01:47:02.436560Z DEBUG netbaiot_transports::business_rpc::v3: business RPC V3 received frame stream_id=888 frame_type=Data payload_bytes=118
2026-09-26T01:47:02.436565Z DEBUG netbaiot_transports::business_rpc::v3: business RPC V3 Event delivery acknowledged stream_id=888 completion_us=255557
2026-09-26T01:47:02.436565Z DEBUG netbaiot_transports::business_rpc::v3: business RPC V3 writer completed frame stream_id=0 frame_type=WindowUpdate payload_bytes=4
2026-09-26T01:47:02.436590Z DEBUG netbaiot_transports::business_rpc::v3: business RPC V3 selected frame stream_id=0 frame_type=WindowUpdate payload_bytes=4
2026-09-26T01:47:02.436595Z DEBUG netbaiot_transports::business_rpc::v3: business RPC V3 writer completed frame stream_id=0 frame_type=WindowUpdate payload_bytes=4
2026-09-26T01:47:02.436599Z DEBUG netbaiot_transports::business_rpc::v3: business RPC V3 selected frame stream_id=0 frame_type=WindowUpdate payload_bytes=4
2026-09-26T01:47:02.436603Z DEBUG netbaiot_transports::business_rpc::v3: business RPC V3 writer completed frame stream_id=0 frame_type=WindowUpdate payload_bytes=4
2026-09-26T01:47:02.436934Z DEBUG netbaiot_transports::business_rpc::v3: business RPC V3 body entered scheduler stream_id=910 class=Rpc body_bytes=198
2026-09-26T01:47:02.436953Z DEBUG netbaiot_transports::business_rpc::v3: business RPC V3 selected frame stream_id=910 frame_type=Open payload_bytes=158
2026-09-26T01:47:02.436960Z DEBUG netbaiot_transports::business_rpc::v3: business RPC V3 writer completed frame stream_id=910 frame_type=Open payload_bytes=158
2026-09-26T01:47:02.436963Z DEBUG netbaiot_transports::business_rpc::v3: business RPC V3 body entered scheduler stream_id=912 class=Rpc body_bytes=198
2026-09-26T01:47:02.436967Z DEBUG netbaiot_transports::business_rpc::v3: business RPC V3 selected frame stream_id=910 frame_type=Data payload_bytes=198
2026-09-26T01:47:02.436971Z DEBUG netbaiot_transports::business_rpc::v3: business RPC V3 writer completed frame stream_id=910 frame_type=Data payload_bytes=198
2026-09-26T01:47:02.436974Z DEBUG netbaiot_transports::business_rpc::v3: business RPC V3 selected frame stream_id=912 frame_type=Open payload_bytes=158
2026-09-26T01:47:02.436978Z DEBUG netbaiot_transports::business_rpc::v3: business RPC V3 writer completed frame stream_id=912 frame_type=Open payload_bytes=158
2026-09-26T01:47:02.436981Z DEBUG netbaiot_transports::business_rpc::v3: business RPC V3 selected frame stream_id=912 frame_type=Data payload_bytes=198
2026-09-26T01:47:02.436985Z DEBUG netbaiot_transports::business_rpc::v3: business RPC V3 writer completed frame stream_id=912 frame_type=Data payload_bytes=198
2026-09-26T01:47:02.465893Z DEBUG netbaiot_transports::business_rpc::v3: business RPC V3 received frame stream_id=0 frame_type=WindowUpdate payload_bytes=4
2026-09-26T01:47:02.465914Z DEBUG netbaiot_transports::business_rpc::v3: business RPC V3 received frame stream_id=0 frame_type=WindowUpdate payload_bytes=4
2026-09-26T01:47:02.465918Z DEBUG netbaiot_transports::business_rpc::v3: business RPC V3 received frame stream_id=902 frame_type=Response payload_bytes=35
2026-09-26T01:47:02.465925Z DEBUG netbaiot_transports::business_rpc::v3: business RPC V3 received frame stream_id=902 frame_type=Data payload_bytes=216
2026-09-26T01:47:02.465943Z DEBUG netbaiot_transports::business_rpc::v3: business RPC V3 received frame stream_id=900 frame_type=Response payload_bytes=35
2026-09-26T01:47:02.465947Z DEBUG netbaiot_transports::business_rpc::v3: business RPC V3 received frame stream_id=900 frame_type=Data payload_bytes=216
2026-09-26T01:47:02.465949Z DEBUG netbaiot_transports::business_rpc::v3: business RPC V3 selected frame stream_id=0 frame_type=WindowUpdate payload_bytes=4
2026-09-26T01:47:02.465964Z DEBUG netbaiot_transports::business_rpc::v3: business RPC V3 writer completed frame stream_id=0 frame_type=WindowUpdate payload_bytes=4
2026-09-26T01:47:02.465969Z DEBUG netbaiot_transports::business_rpc::v3: business RPC V3 selected frame stream_id=0 frame_type=WindowUpdate payload_bytes=4
2026-09-26T01:47:02.465974Z DEBUG netbaiot_transports::business_rpc::v3: business RPC V3 writer completed frame stream_id=0 frame_type=WindowUpdate payload_bytes=4
2026-09-26T01:47:02.466304Z DEBUG netbaiot_transports::business_rpc::v3: business RPC V3 body entered scheduler stream_id=914 class=Rpc body_bytes=198
2026-09-26T01:47:02.466310Z DEBUG netbaiot_transports::business_rpc::v3: business RPC V3 selected frame stream_id=914 frame_type=Open payload_bytes=158
2026-09-26T01:47:02.466317Z DEBUG netbaiot_transports::business_rpc::v3: business RPC V3 writer completed frame stream_id=914 frame_type=Open payload_bytes=158
2026-09-26T01:47:02.466321Z DEBUG netbaiot_transports::business_rpc::v3: business RPC V3 selected frame stream_id=914 frame_type=Data payload_bytes=198
2026-09-26T01:47:02.466325Z DEBUG netbaiot_transports::business_rpc::v3: business RPC V3 writer completed frame stream_id=914 frame_type=Data payload_bytes=198
2026-09-26T01:47:02.466328Z DEBUG netbaiot_transports::business_rpc::v3: business RPC V3 body entered scheduler stream_id=916 class=Rpc body_bytes=198
2026-09-26T01:47:02.466331Z DEBUG netbaiot_transports::business_rpc::v3: business RPC V3 selected frame stream_id=916 frame_type=Open payload_bytes=158
2026-09-26T01:47:02.466334Z DEBUG netbaiot_transports::business_rpc::v3: business RPC V3 writer completed frame stream_id=916 frame_type=Open payload_bytes=158
2026-09-26T01:47:02.466357Z DEBUG netbaiot_transports::business_rpc::v3: business RPC V3 selected frame stream_id=916 frame_type=Data payload_bytes=198
2026-09-26T01:47:02.466361Z DEBUG netbaiot_transports::business_rpc::v3: business RPC V3 writer completed frame stream_id=916 frame_type=Data payload_bytes=198
2026-09-26T01:47:02.494986Z DEBUG netbaiot_transports::business_rpc::v3: business RPC V3 received frame stream_id=0 frame_type=WindowUpdate payload_bytes=4
2026-09-26T01:47:02.495003Z DEBUG netbaiot_transports::business_rpc::v3: business RPC V3 received frame stream_id=0 frame_type=WindowUpdate payload_bytes=4
2026-09-26T01:47:02.495007Z DEBUG netbaiot_transports::business_rpc::v3: business RPC V3 received frame stream_id=0 frame_type=WindowUpdate payload_bytes=4
2026-09-26T01:47:02.495010Z DEBUG netbaiot_transports::business_rpc::v3: business RPC V3 received frame stream_id=908 frame_type=Response payload_bytes=35
2026-09-26T01:47:02.495016Z DEBUG netbaiot_transports::business_rpc::v3: business RPC V3 received frame stream_id=908 frame_type=Data payload_bytes=216
2026-09-26T01:47:02.495057Z DEBUG netbaiot_transports::business_rpc::v3: business RPC V3 received frame stream_id=904 frame_type=Response payload_bytes=35
2026-09-26T01:47:02.495098Z DEBUG netbaiot_transports::business_rpc::v3: business RPC V3 received frame stream_id=904 frame_type=Data payload_bytes=216
2026-09-26T01:47:02.495068Z DEBUG netbaiot_transports::business_rpc::v3: business RPC V3 selected frame stream_id=0 frame_type=WindowUpdate payload_bytes=4
2026-09-26T01:47:02.495137Z DEBUG netbaiot_transports::business_rpc::v3: business RPC V3 received frame stream_id=906 frame_type=Response payload_bytes=35
2026-09-26T01:47:02.495143Z DEBUG netbaiot_transports::business_rpc::v3: business RPC V3 writer completed frame stream_id=0 frame_type=WindowUpdate payload_bytes=4
2026-09-26T01:47:02.495169Z DEBUG netbaiot_transports::business_rpc::v3: business RPC V3 selected frame stream_id=0 frame_type=WindowUpdate payload_bytes=4
2026-09-26T01:47:02.495157Z DEBUG netbaiot_transports::business_rpc::v3: business RPC V3 received frame stream_id=906 frame_type=Data payload_bytes=216
2026-09-26T01:47:02.495178Z DEBUG netbaiot_transports::business_rpc::v3: business RPC V3 writer completed frame stream_id=0 frame_type=WindowUpdate payload_bytes=4
2026-09-26T01:47:02.495199Z DEBUG netbaiot_transports::business_rpc::v3: business RPC V3 selected frame stream_id=0 frame_type=WindowUpdate payload_bytes=4
2026-09-26T01:47:02.495205Z DEBUG netbaiot_transports::business_rpc::v3: business RPC V3 writer completed frame stream_id=0 frame_type=WindowUpdate payload_bytes=4
2026-09-26T01:47:02.495572Z DEBUG netbaiot_transports::business_rpc::v3: business RPC V3 body entered scheduler stream_id=918 class=Rpc body_bytes=198
2026-09-26T01:47:02.495577Z DEBUG netbaiot_transports::business_rpc::v3: business RPC V3 selected frame stream_id=918 frame_type=Open payload_bytes=158
2026-09-26T01:47:02.495584Z DEBUG netbaiot_transports::business_rpc::v3: business RPC V3 writer completed frame stream_id=918 frame_type=Open payload_bytes=158
2026-09-26T01:47:02.495587Z DEBUG netbaiot_transports::business_rpc::v3: business RPC V3 body entered scheduler stream_id=920 class=Rpc body_bytes=198
2026-09-26T01:47:02.495591Z DEBUG netbaiot_transports::business_rpc::v3: business RPC V3 selected frame stream_id=918 frame_type=Data payload_bytes=198
2026-09-26T01:47:02.495594Z DEBUG netbaiot_transports::business_rpc::v3: business RPC V3 writer completed frame stream_id=918 frame_type=Data payload_bytes=198
2026-09-26T01:47:02.495598Z DEBUG netbaiot_transports::business_rpc::v3: business RPC V3 selected frame stream_id=920 frame_type=Open payload_bytes=158
2026-09-26T01:47:02.495602Z DEBUG netbaiot_transports::business_rpc::v3: business RPC V3 writer completed frame stream_id=920 frame_type=Open payload_bytes=158
2026-09-26T01:47:02.495610Z DEBUG netbaiot_transports::business_rpc::v3: business RPC V3 selected frame stream_id=920 frame_type=Data payload_bytes=198
2026-09-26T01:47:02.495631Z DEBUG netbaiot_transports::business_rpc::v3: business RPC V3 writer completed frame stream_id=920 frame_type=Data payload_bytes=198
2026-09-26T01:47:02.495635Z DEBUG netbaiot_transports::business_rpc::v3: business RPC V3 body entered scheduler stream_id=922 class=Rpc body_bytes=198
2026-09-26T01:47:02.495637Z DEBUG netbaiot_transports::business_rpc::v3: business RPC V3 selected frame stream_id=922 frame_type=Open payload_bytes=158
2026-09-26T01:47:02.495644Z DEBUG netbaiot_transports::business_rpc::v3: business RPC V3 writer completed frame stream_id=922 frame_type=Open payload_bytes=158
2026-09-26T01:47:02.495647Z DEBUG netbaiot_transports::business_rpc::v3: business RPC V3 selected frame stream_id=922 frame_type=Data payload_bytes=198
2026-09-26T01:47:02.495651Z DEBUG netbaiot_transports::business_rpc::v3: business RPC V3 writer completed frame stream_id=922 frame_type=Data payload_bytes=198
2026-09-26T01:47:02.502973Z DEBUG netbaiot_transports::business_rpc::v3: business RPC V3 body entered scheduler stream_id=924 class=Rpc body_bytes=198
2026-09-26T01:47:02.502984Z DEBUG netbaiot_transports::business_rpc::v3: business RPC V3 selected frame stream_id=924 frame_type=Open payload_bytes=158
2026-09-26T01:47:02.502992Z DEBUG netbaiot_transports::business_rpc::v3: business RPC V3 writer completed frame stream_id=924 frame_type=Open payload_bytes=158
2026-09-26T01:47:02.502995Z DEBUG netbaiot_transports::business_rpc::v3: business RPC V3 selected frame stream_id=924 frame_type=Data payload_bytes=198
2026-09-26T01:47:02.502998Z DEBUG netbaiot_transports::business_rpc::v3: business RPC V3 writer completed frame stream_id=924 frame_type=Data payload_bytes=198
2026-09-26T01:47:02.523154Z DEBUG netbaiot_transports::business_rpc::v3: business RPC V3 received frame stream_id=0 frame_type=WindowUpdate payload_bytes=4
2026-09-26T01:47:02.523168Z DEBUG netbaiot_transports::business_rpc::v3: business RPC V3 received frame stream_id=0 frame_type=WindowUpdate payload_bytes=4
2026-09-26T01:47:02.523172Z DEBUG netbaiot_transports::business_rpc::v3: business RPC V3 received frame stream_id=912 frame_type=Response payload_bytes=35
2026-09-26T01:47:02.523178Z DEBUG netbaiot_transports::business_rpc::v3: business RPC V3 received frame stream_id=912 frame_type=Data payload_bytes=216
2026-09-26T01:47:02.523194Z DEBUG netbaiot_transports::business_rpc::v3: business RPC V3 received frame stream_id=910 frame_type=Response payload_bytes=35
2026-09-26T01:47:02.523198Z DEBUG netbaiot_transports::business_rpc::v3: business RPC V3 received frame stream_id=910 frame_type=Data payload_bytes=216
2026-09-26T01:47:02.523200Z DEBUG netbaiot_transports::business_rpc::v3: business RPC V3 selected frame stream_id=0 frame_type=WindowUpdate payload_bytes=4
2026-09-26T01:47:02.523213Z DEBUG netbaiot_transports::business_rpc::v3: business RPC V3 writer completed frame stream_id=0 frame_type=WindowUpdate payload_bytes=4
2026-09-26T01:47:02.523217Z DEBUG netbaiot_transports::business_rpc::v3: business RPC V3 selected frame stream_id=0 frame_type=WindowUpdate payload_bytes=4
2026-09-26T01:47:02.523222Z DEBUG netbaiot_transports::business_rpc::v3: business RPC V3 writer completed frame stream_id=0 frame_type=WindowUpdate payload_bytes=4
2026-09-26T01:47:02.523579Z DEBUG netbaiot_transports::business_rpc::v3: business RPC V3 body entered scheduler stream_id=926 class=Rpc body_bytes=198
2026-09-26T01:47:02.523584Z DEBUG netbaiot_transports::business_rpc::v3: business RPC V3 selected frame stream_id=926 frame_type=Open payload_bytes=158
2026-09-26T01:47:02.523590Z DEBUG netbaiot_transports::business_rpc::v3: business RPC V3 writer completed frame stream_id=926 frame_type=Open payload_bytes=158
2026-09-26T01:47:02.523593Z DEBUG netbaiot_transports::business_rpc::v3: business RPC V3 selected frame stream_id=926 frame_type=Data payload_bytes=198
2026-09-26T01:47:02.523597Z DEBUG netbaiot_transports::business_rpc::v3: business RPC V3 writer completed frame stream_id=926 frame_type=Data payload_bytes=198
2026-09-26T01:47:02.523620Z DEBUG netbaiot_transports::business_rpc::v3: business RPC V3 body entered scheduler stream_id=928 class=Rpc body_bytes=198
2026-09-26T01:47:02.523623Z DEBUG netbaiot_transports::business_rpc::v3: business RPC V3 selected frame stream_id=928 frame_type=Open payload_bytes=158
2026-09-26T01:47:02.523627Z DEBUG netbaiot_transports::business_rpc::v3: business RPC V3 writer completed frame stream_id=928 frame_type=Open payload_bytes=158
2026-09-26T01:47:02.523630Z DEBUG netbaiot_transports::business_rpc::v3: business RPC V3 selected frame stream_id=928 frame_type=Data payload_bytes=198
2026-09-26T01:47:02.523633Z DEBUG netbaiot_transports::business_rpc::v3: business RPC V3 writer completed frame stream_id=928 frame_type=Data payload_bytes=198
2026-09-26T01:47:02.548124Z DEBUG netbaiot_transports::business_rpc::v3: business RPC V3 body entered scheduler stream_id=930 class=Rpc body_bytes=198
2026-09-26T01:47:02.548144Z DEBUG netbaiot_transports::business_rpc::v3: business RPC V3 selected frame stream_id=930 frame_type=Open payload_bytes=158
2026-09-26T01:47:02.548154Z DEBUG netbaiot_transports::business_rpc::v3: business RPC V3 writer completed frame stream_id=930 frame_type=Open payload_bytes=158
2026-09-26T01:47:02.548160Z DEBUG netbaiot_transports::business_rpc::v3: business RPC V3 selected frame stream_id=930 frame_type=Data payload_bytes=198
2026-09-26T01:47:02.548164Z DEBUG netbaiot_transports::business_rpc::v3: business RPC V3 writer completed frame stream_id=930 frame_type=Data payload_bytes=198
2026-09-26T01:47:02.551128Z DEBUG netbaiot_transports::business_rpc::v3: business RPC V3 received frame stream_id=0 frame_type=WindowUpdate payload_bytes=4
2026-09-26T01:47:02.551144Z DEBUG netbaiot_transports::business_rpc::v3: business RPC V3 received frame stream_id=0 frame_type=WindowUpdate payload_bytes=4
2026-09-26T01:47:02.551149Z DEBUG netbaiot_transports::business_rpc::v3: business RPC V3 received frame stream_id=916 frame_type=Response payload_bytes=35
2026-09-26T01:47:02.551155Z DEBUG netbaiot_transports::business_rpc::v3: business RPC V3 received frame stream_id=916 frame_type=Data payload_bytes=216
2026-09-26T01:47:02.551174Z DEBUG netbaiot_transports::business_rpc::v3: business RPC V3 received frame stream_id=914 frame_type=Response payload_bytes=35
2026-09-26T01:47:02.551180Z DEBUG netbaiot_transports::business_rpc::v3: business RPC V3 received frame stream_id=914 frame_type=Data payload_bytes=216
2026-09-26T01:47:02.551183Z DEBUG netbaiot_transports::business_rpc::v3: business RPC V3 selected frame stream_id=0 frame_type=WindowUpdate payload_bytes=4
2026-09-26T01:47:02.551202Z DEBUG netbaiot_transports::business_rpc::v3: business RPC V3 writer completed frame stream_id=0 frame_type=WindowUpdate payload_bytes=4
2026-09-26T01:47:02.551207Z DEBUG netbaiot_transports::business_rpc::v3: business RPC V3 selected frame stream_id=0 frame_type=WindowUpdate payload_bytes=4
2026-09-26T01:47:02.551211Z DEBUG netbaiot_transports::business_rpc::v3: business RPC V3 writer completed frame stream_id=0 frame_type=WindowUpdate payload_bytes=4
2026-09-26T01:47:02.551481Z DEBUG netbaiot_transports::business_rpc::v3: business RPC V3 body entered scheduler stream_id=932 class=Rpc body_bytes=198
2026-09-26T01:47:02.551490Z DEBUG netbaiot_transports::business_rpc::v3: business RPC V3 selected frame stream_id=932 frame_type=Open payload_bytes=158
2026-09-26T01:47:02.551498Z DEBUG netbaiot_transports::business_rpc::v3: business RPC V3 writer completed frame stream_id=932 frame_type=Open payload_bytes=158
2026-09-26T01:47:02.551501Z DEBUG netbaiot_transports::business_rpc::v3: business RPC V3 selected frame stream_id=932 frame_type=Data payload_bytes=198
2026-09-26T01:47:02.551505Z DEBUG netbaiot_transports::business_rpc::v3: business RPC V3 writer completed frame stream_id=932 frame_type=Data payload_bytes=198
2026-09-26T01:47:02.551509Z DEBUG netbaiot_transports::business_rpc::v3: business RPC V3 body entered scheduler stream_id=934 class=Rpc body_bytes=198
2026-09-26T01:47:02.551511Z DEBUG netbaiot_transports::business_rpc::v3: business RPC V3 selected frame stream_id=934 frame_type=Open payload_bytes=158
2026-09-26T01:47:02.551538Z DEBUG netbaiot_transports::business_rpc::v3: business RPC V3 writer completed frame stream_id=934 frame_type=Open payload_bytes=158
2026-09-26T01:47:02.551541Z DEBUG netbaiot_transports::business_rpc::v3: business RPC V3 selected frame stream_id=934 frame_type=Data payload_bytes=198
2026-09-26T01:47:02.551545Z DEBUG netbaiot_transports::business_rpc::v3: business RPC V3 writer completed frame stream_id=934 frame_type=Data payload_bytes=198
2026-09-26T01:47:02.582754Z DEBUG netbaiot_transports::business_rpc::v3: business RPC V3 received frame stream_id=0 frame_type=WindowUpdate payload_bytes=4
2026-09-26T01:47:02.582763Z DEBUG netbaiot_transports::business_rpc::v3: business RPC V3 received frame stream_id=0 frame_type=WindowUpdate payload_bytes=4
2026-09-26T01:47:02.582766Z DEBUG netbaiot_transports::business_rpc::v3: business RPC V3 received frame stream_id=0 frame_type=WindowUpdate payload_bytes=4
2026-09-26T01:47:02.582769Z DEBUG netbaiot_transports::business_rpc::v3: business RPC V3 received frame stream_id=0 frame_type=WindowUpdate payload_bytes=4
2026-09-26T01:47:02.582772Z DEBUG netbaiot_transports::business_rpc::v3: business RPC V3 received frame stream_id=924 frame_type=Response payload_bytes=35
2026-09-26T01:47:02.582776Z DEBUG netbaiot_transports::business_rpc::v3: business RPC V3 received frame stream_id=920 frame_type=Response payload_bytes=35
2026-09-26T01:47:02.582779Z DEBUG netbaiot_transports::business_rpc::v3: business RPC V3 received frame stream_id=922 frame_type=Response payload_bytes=35
2026-09-26T01:47:02.582782Z DEBUG netbaiot_transports::business_rpc::v3: business RPC V3 received frame stream_id=918 frame_type=Response payload_bytes=35
2026-09-26T01:47:02.582785Z DEBUG netbaiot_transports::business_rpc::v3: business RPC V3 received frame stream_id=924 frame_type=Data payload_bytes=216
2026-09-26T01:47:02.582797Z DEBUG netbaiot_transports::business_rpc::v3: business RPC V3 received frame stream_id=920 frame_type=Data payload_bytes=216
2026-09-26T01:47:02.582804Z DEBUG netbaiot_transports::business_rpc::v3: business RPC V3 received frame stream_id=922 frame_type=Data payload_bytes=216
2026-09-26T01:47:02.582805Z DEBUG netbaiot_transports::business_rpc::v3: business RPC V3 selected frame stream_id=0 frame_type=WindowUpdate payload_bytes=4
2026-09-26T01:47:02.582810Z DEBUG netbaiot_transports::business_rpc::v3: business RPC V3 received frame stream_id=918 frame_type=Data payload_bytes=216
2026-09-26T01:47:02.582822Z DEBUG netbaiot_transports::business_rpc::v3: business RPC V3 writer completed frame stream_id=0 frame_type=WindowUpdate payload_bytes=4
2026-09-26T01:47:02.582840Z DEBUG netbaiot_transports::business_rpc::v3: business RPC V3 selected frame stream_id=0 frame_type=WindowUpdate payload_bytes=4
2026-09-26T01:47:02.582844Z DEBUG netbaiot_transports::business_rpc::v3: business RPC V3 writer completed frame stream_id=0 frame_type=WindowUpdate payload_bytes=4
2026-09-26T01:47:02.582846Z DEBUG netbaiot_transports::business_rpc::v3: business RPC V3 selected frame stream_id=0 frame_type=WindowUpdate payload_bytes=4
2026-09-26T01:47:02.582850Z DEBUG netbaiot_transports::business_rpc::v3: business RPC V3 writer completed frame stream_id=0 frame_type=WindowUpdate payload_bytes=4
2026-09-26T01:47:02.582852Z DEBUG netbaiot_transports::business_rpc::v3: business RPC V3 selected frame stream_id=0 frame_type=WindowUpdate payload_bytes=4
2026-09-26T01:47:02.582856Z DEBUG netbaiot_transports::business_rpc::v3: business RPC V3 writer completed frame stream_id=0 frame_type=WindowUpdate payload_bytes=4
2026-09-26T01:47:02.583198Z DEBUG netbaiot_transports::business_rpc::v3: business RPC V3 body entered scheduler stream_id=936 class=Rpc body_bytes=198
2026-09-26T01:47:02.583205Z DEBUG netbaiot_transports::business_rpc::v3: business RPC V3 selected frame stream_id=936 frame_type=Open payload_bytes=158
2026-09-26T01:47:02.583211Z DEBUG netbaiot_transports::business_rpc::v3: business RPC V3 writer completed frame stream_id=936 frame_type=Open payload_bytes=158
2026-09-26T01:47:02.583233Z DEBUG netbaiot_transports::business_rpc::v3: business RPC V3 body entered scheduler stream_id=938 class=Rpc body_bytes=198
2026-09-26T01:47:02.583237Z DEBUG netbaiot_transports::business_rpc::v3: business RPC V3 selected frame stream_id=938 frame_type=Open payload_bytes=158
2026-09-26T01:47:02.583241Z DEBUG netbaiot_transports::business_rpc::v3: business RPC V3 writer completed frame stream_id=938 frame_type=Open payload_bytes=158
2026-09-26T01:47:02.583244Z DEBUG netbaiot_transports::business_rpc::v3: business RPC V3 selected frame stream_id=936 frame_type=Data payload_bytes=198
2026-09-26T01:47:02.583250Z DEBUG netbaiot_transports::business_rpc::v3: business RPC V3 writer completed frame stream_id=936 frame_type=Data payload_bytes=198
2026-09-26T01:47:02.583253Z DEBUG netbaiot_transports::business_rpc::v3: business RPC V3 selected frame stream_id=938 frame_type=Data payload_bytes=198
2026-09-26T01:47:02.583257Z DEBUG netbaiot_transports::business_rpc::v3: business RPC V3 writer completed frame stream_id=938 frame_type=Data payload_bytes=198
2026-09-26T01:47:02.583265Z DEBUG netbaiot_transports::business_rpc::v3: business RPC V3 body entered scheduler stream_id=940 class=Rpc body_bytes=198
2026-09-26T01:47:02.583271Z DEBUG netbaiot_transports::business_rpc::v3: business RPC V3 selected frame stream_id=940 frame_type=Open payload_bytes=158
2026-09-26T01:47:02.583278Z DEBUG netbaiot_transports::business_rpc::v3: business RPC V3 writer completed frame stream_id=940 frame_type=Open payload_bytes=158
2026-09-26T01:47:02.583282Z DEBUG netbaiot_transports::business_rpc::v3: business RPC V3 selected frame stream_id=940 frame_type=Data payload_bytes=198
2026-09-26T01:47:02.583286Z DEBUG netbaiot_transports::business_rpc::v3: business RPC V3 writer completed frame stream_id=940 frame_type=Data payload_bytes=198
2026-09-26T01:47:02.583289Z DEBUG netbaiot_transports::business_rpc::v3: business RPC V3 body entered scheduler stream_id=942 class=Rpc body_bytes=198
2026-09-26T01:47:02.583291Z DEBUG netbaiot_transports::business_rpc::v3: business RPC V3 selected frame stream_id=942 frame_type=Open payload_bytes=158
2026-09-26T01:47:02.583295Z DEBUG netbaiot_transports::business_rpc::v3: business RPC V3 writer completed frame stream_id=942 frame_type=Open payload_bytes=158
2026-09-26T01:47:02.583298Z DEBUG netbaiot_transports::business_rpc::v3: business RPC V3 selected frame stream_id=942 frame_type=Data payload_bytes=198
2026-09-26T01:47:02.583303Z DEBUG netbaiot_transports::business_rpc::v3: business RPC V3 writer completed frame stream_id=942 frame_type=Data payload_bytes=198
2026-09-26T01:47:02.610928Z DEBUG netbaiot_transports::business_rpc::v3: business RPC V3 received frame stream_id=0 frame_type=WindowUpdate payload_bytes=4
2026-09-26T01:47:02.610937Z DEBUG netbaiot_transports::business_rpc::v3: business RPC V3 received frame stream_id=0 frame_type=WindowUpdate payload_bytes=4
2026-09-26T01:47:02.610941Z DEBUG netbaiot_transports::business_rpc::v3: business RPC V3 received frame stream_id=928 frame_type=Response payload_bytes=35
2026-09-26T01:47:02.610948Z DEBUG netbaiot_transports::business_rpc::v3: business RPC V3 received frame stream_id=926 frame_type=Response payload_bytes=35
2026-09-26T01:47:02.610953Z DEBUG netbaiot_transports::business_rpc::v3: business RPC V3 received frame stream_id=928 frame_type=Data payload_bytes=216
2026-09-26T01:47:02.610966Z DEBUG netbaiot_transports::business_rpc::v3: business RPC V3 received frame stream_id=926 frame_type=Data payload_bytes=216
2026-09-26T01:47:02.610974Z DEBUG netbaiot_transports::business_rpc::v3: business RPC V3 selected frame stream_id=0 frame_type=WindowUpdate payload_bytes=4
2026-09-26T01:47:02.610992Z DEBUG netbaiot_transports::business_rpc::v3: business RPC V3 writer completed frame stream_id=0 frame_type=WindowUpdate payload_bytes=4
2026-09-26T01:47:02.610998Z DEBUG netbaiot_transports::business_rpc::v3: business RPC V3 selected frame stream_id=0 frame_type=WindowUpdate payload_bytes=4
2026-09-26T01:47:02.611021Z DEBUG netbaiot_transports::business_rpc::v3: business RPC V3 writer completed frame stream_id=0 frame_type=WindowUpdate payload_bytes=4
2026-09-26T01:47:02.611317Z DEBUG netbaiot_transports::business_rpc::v3: business RPC V3 body entered scheduler stream_id=944 class=Rpc body_bytes=198
2026-09-26T01:47:02.611322Z DEBUG netbaiot_transports::business_rpc::v3: business RPC V3 selected frame stream_id=944 frame_type=Open payload_bytes=158
2026-09-26T01:47:02.611329Z DEBUG netbaiot_transports::business_rpc::v3: business RPC V3 writer completed frame stream_id=944 frame_type=Open payload_bytes=158
2026-09-26T01:47:02.611333Z DEBUG netbaiot_transports::business_rpc::v3: business RPC V3 selected frame stream_id=944 frame_type=Data payload_bytes=198
2026-09-26T01:47:02.611337Z DEBUG netbaiot_transports::business_rpc::v3: business RPC V3 writer completed frame stream_id=944 frame_type=Data payload_bytes=198
2026-09-26T01:47:02.611350Z DEBUG netbaiot_transports::business_rpc::v3: business RPC V3 body entered scheduler stream_id=946 class=Rpc body_bytes=198
2026-09-26T01:47:02.611356Z DEBUG netbaiot_transports::business_rpc::v3: business RPC V3 selected frame stream_id=946 frame_type=Open payload_bytes=158
2026-09-26T01:47:02.611365Z DEBUG netbaiot_transports::business_rpc::v3: business RPC V3 writer completed frame stream_id=946 frame_type=Open payload_bytes=158
2026-09-26T01:47:02.611369Z DEBUG netbaiot_transports::business_rpc::v3: business RPC V3 selected frame stream_id=946 frame_type=Data payload_bytes=198
2026-09-26T01:47:02.611373Z DEBUG netbaiot_transports::business_rpc::v3: business RPC V3 writer completed frame stream_id=946 frame_type=Data payload_bytes=198
2026-09-26T01:47:02.641196Z DEBUG netbaiot_transports::business_rpc::v3: business RPC V3 received frame stream_id=0 frame_type=WindowUpdate payload_bytes=4
2026-09-26T01:47:02.641210Z DEBUG netbaiot_transports::business_rpc::v3: business RPC V3 received frame stream_id=0 frame_type=WindowUpdate payload_bytes=4
2026-09-26T01:47:02.641215Z DEBUG netbaiot_transports::business_rpc::v3: business RPC V3 received frame stream_id=0 frame_type=WindowUpdate payload_bytes=4
2026-09-26T01:47:02.641219Z DEBUG netbaiot_transports::business_rpc::v3: business RPC V3 received frame stream_id=934 frame_type=Response payload_bytes=35
2026-09-26T01:47:02.641226Z DEBUG netbaiot_transports::business_rpc::v3: business RPC V3 received frame stream_id=934 frame_type=Data payload_bytes=216
2026-09-26T01:47:02.641243Z DEBUG netbaiot_transports::business_rpc::v3: business RPC V3 received frame stream_id=930 frame_type=Response payload_bytes=35
2026-09-26T01:47:02.641248Z DEBUG netbaiot_transports::business_rpc::v3: business RPC V3 received frame stream_id=932 frame_type=Response payload_bytes=35
2026-09-26T01:47:02.641249Z DEBUG netbaiot_transports::business_rpc::v3: business RPC V3 selected frame stream_id=0 frame_type=WindowUpdate payload_bytes=4
2026-09-26T01:47:02.641254Z DEBUG netbaiot_transports::business_rpc::v3: business RPC V3 received frame stream_id=930 frame_type=Data payload_bytes=216
2026-09-26T01:47:02.641268Z DEBUG netbaiot_transports::business_rpc::v3: business RPC V3 writer completed frame stream_id=0 frame_type=WindowUpdate payload_bytes=4
2026-09-26T01:47:02.641280Z DEBUG netbaiot_transports::business_rpc::v3: business RPC V3 selected frame stream_id=0 frame_type=WindowUpdate payload_bytes=4
2026-09-26T01:47:02.641285Z DEBUG netbaiot_transports::business_rpc::v3: business RPC V3 received frame stream_id=932 frame_type=Data payload_bytes=216
2026-09-26T01:47:02.641287Z DEBUG netbaiot_transports::business_rpc::v3: business RPC V3 writer completed frame stream_id=0 frame_type=WindowUpdate payload_bytes=4
2026-09-26T01:47:02.641300Z DEBUG netbaiot_transports::business_rpc::v3: business RPC V3 selected frame stream_id=0 frame_type=WindowUpdate payload_bytes=4
2026-09-26T01:47:02.641341Z DEBUG netbaiot_transports::business_rpc::v3: business RPC V3 writer completed frame stream_id=0 frame_type=WindowUpdate payload_bytes=4
2026-09-26T01:47:02.672810Z DEBUG netbaiot_transports::business_rpc::v3: business RPC V3 received frame stream_id=0 frame_type=WindowUpdate payload_bytes=4
2026-09-26T01:47:02.672824Z DEBUG netbaiot_transports::business_rpc::v3: business RPC V3 received frame stream_id=0 frame_type=WindowUpdate payload_bytes=4
2026-09-26T01:47:02.672830Z DEBUG netbaiot_transports::business_rpc::v3: business RPC V3 received frame stream_id=0 frame_type=WindowUpdate payload_bytes=4
2026-09-26T01:47:02.672836Z DEBUG netbaiot_transports::business_rpc::v3: business RPC V3 received frame stream_id=0 frame_type=WindowUpdate payload_bytes=4
2026-09-26T01:47:02.672841Z DEBUG netbaiot_transports::business_rpc::v3: business RPC V3 received frame stream_id=938 frame_type=Response payload_bytes=35
2026-09-26T01:47:02.672848Z DEBUG netbaiot_transports::business_rpc::v3: business RPC V3 received frame stream_id=936 frame_type=Response payload_bytes=35
2026-09-26T01:47:02.672854Z DEBUG netbaiot_transports::business_rpc::v3: business RPC V3 received frame stream_id=942 frame_type=Response payload_bytes=35
2026-09-26T01:47:02.672859Z DEBUG netbaiot_transports::business_rpc::v3: business RPC V3 received frame stream_id=938 frame_type=Data payload_bytes=216
2026-09-26T01:47:02.672873Z DEBUG netbaiot_transports::business_rpc::v3: business RPC V3 received frame stream_id=936 frame_type=Data payload_bytes=216
2026-09-26T01:47:02.672882Z DEBUG netbaiot_transports::business_rpc::v3: business RPC V3 selected frame stream_id=0 frame_type=WindowUpdate payload_bytes=4
2026-09-26T01:47:02.672884Z DEBUG netbaiot_transports::business_rpc::v3: business RPC V3 received frame stream_id=942 frame_type=Data payload_bytes=216
2026-09-26T01:47:02.672900Z DEBUG netbaiot_transports::business_rpc::v3: business RPC V3 writer completed frame stream_id=0 frame_type=WindowUpdate payload_bytes=4
2026-09-26T01:47:02.672917Z DEBUG netbaiot_transports::business_rpc::v3: business RPC V3 received frame stream_id=940 frame_type=Response payload_bytes=35
2026-09-26T01:47:02.672932Z DEBUG netbaiot_transports::business_rpc::v3: business RPC V3 received frame stream_id=940 frame_type=Data payload_bytes=216
2026-09-26T01:47:02.672924Z DEBUG netbaiot_transports::business_rpc::v3: business RPC V3 selected frame stream_id=0 frame_type=WindowUpdate payload_bytes=4
2026-09-26T01:47:02.672948Z DEBUG netbaiot_transports::business_rpc::v3: business RPC V3 writer completed frame stream_id=0 frame_type=WindowUpdate payload_bytes=4
2026-09-26T01:47:02.672954Z DEBUG netbaiot_transports::business_rpc::v3: business RPC V3 selected frame stream_id=0 frame_type=WindowUpdate payload_bytes=4
2026-09-26T01:47:02.672960Z DEBUG netbaiot_transports::business_rpc::v3: business RPC V3 writer completed frame stream_id=0 frame_type=WindowUpdate payload_bytes=4
2026-09-26T01:47:02.672965Z DEBUG netbaiot_transports::business_rpc::v3: business RPC V3 selected frame stream_id=0 frame_type=WindowUpdate payload_bytes=4
2026-09-26T01:47:02.672971Z DEBUG netbaiot_transports::business_rpc::v3: business RPC V3 writer completed frame stream_id=0 frame_type=WindowUpdate payload_bytes=4
2026-09-26T01:47:02.679968Z DEBUG netbaiot_transports::business_rpc::v3: business RPC V3 body entered scheduler stream_id=948 class=Event body_bytes=17366
2026-09-26T01:47:02.679976Z DEBUG netbaiot_transports::business_rpc::v3: business RPC V3 selected frame stream_id=948 frame_type=Open payload_bytes=184
2026-09-26T01:47:02.679985Z DEBUG netbaiot_transports::business_rpc::v3: business RPC V3 writer completed frame stream_id=948 frame_type=Open payload_bytes=184
2026-09-26T01:47:02.679991Z DEBUG netbaiot_transports::business_rpc::v3: business RPC V3 selected frame stream_id=948 frame_type=Data payload_bytes=8192
2026-09-26T01:47:02.679998Z DEBUG netbaiot_transports::business_rpc::v3: business RPC V3 writer completed frame stream_id=948 frame_type=Data payload_bytes=8192
2026-09-26T01:47:02.680002Z DEBUG netbaiot_transports::business_rpc::v3: business RPC V3 selected frame stream_id=948 frame_type=Data payload_bytes=8192
2026-09-26T01:47:02.680011Z DEBUG netbaiot_transports::business_rpc::v3: business RPC V3 writer completed frame stream_id=948 frame_type=Data payload_bytes=8192
2026-09-26T01:47:02.702187Z DEBUG netbaiot_transports::business_rpc::v3: business RPC V3 received frame stream_id=0 frame_type=WindowUpdate payload_bytes=4
2026-09-26T01:47:02.702199Z DEBUG netbaiot_transports::business_rpc::v3: business RPC V3 received frame stream_id=0 frame_type=WindowUpdate payload_bytes=4
2026-09-26T01:47:02.702206Z DEBUG netbaiot_transports::business_rpc::v3: business RPC V3 received frame stream_id=946 frame_type=Response payload_bytes=35
2026-09-26T01:47:02.702213Z DEBUG netbaiot_transports::business_rpc::v3: business RPC V3 received frame stream_id=946 frame_type=Data payload_bytes=216
2026-09-26T01:47:02.702228Z DEBUG netbaiot_transports::business_rpc::v3: business RPC V3 received frame stream_id=944 frame_type=Response payload_bytes=35
2026-09-26T01:47:02.702235Z DEBUG netbaiot_transports::business_rpc::v3: business RPC V3 received frame stream_id=944 frame_type=Data payload_bytes=216
2026-09-26T01:47:02.702238Z DEBUG netbaiot_transports::business_rpc::v3: business RPC V3 selected frame stream_id=0 frame_type=WindowUpdate payload_bytes=4
2026-09-26T01:47:02.702261Z DEBUG netbaiot_transports::business_rpc::v3: business RPC V3 writer completed frame stream_id=0 frame_type=WindowUpdate payload_bytes=4
2026-09-26T01:47:02.702268Z DEBUG netbaiot_transports::business_rpc::v3: business RPC V3 selected frame stream_id=0 frame_type=WindowUpdate payload_bytes=4
2026-09-26T01:47:02.702279Z DEBUG netbaiot_transports::business_rpc::v3: business RPC V3 writer completed frame stream_id=0 frame_type=WindowUpdate payload_bytes=4
2026-09-26T01:47:02.832042Z DEBUG netbaiot_transports::business_rpc::v3: business RPC V3 received frame stream_id=0 frame_type=WindowUpdate payload_bytes=4
2026-09-26T01:47:02.832117Z DEBUG netbaiot_transports::business_rpc::v3: business RPC V3 received frame stream_id=948 frame_type=WindowUpdate payload_bytes=4
2026-09-26T01:47:02.832150Z DEBUG netbaiot_transports::business_rpc::v3: business RPC V3 selected frame stream_id=948 frame_type=Data payload_bytes=982
2026-09-26T01:47:02.832187Z DEBUG netbaiot_transports::business_rpc::v3: business RPC V3 writer completed frame stream_id=948 frame_type=Data payload_bytes=982
2026-09-26T01:47:02.859787Z DEBUG netbaiot_transports::business_rpc::v3: business RPC V3 received frame stream_id=0 frame_type=WindowUpdate payload_bytes=4
2026-09-26T01:47:02.859881Z DEBUG netbaiot_transports::business_rpc::v3: business RPC V3 received frame stream_id=948 frame_type=WindowUpdate payload_bytes=4
2026-09-26T01:47:02.945960Z DEBUG netbaiot_transports::business_rpc::v3: business RPC V3 received frame stream_id=0 frame_type=WindowUpdate payload_bytes=4
2026-09-26T01:47:02.946069Z DEBUG netbaiot_transports::business_rpc::v3: business RPC V3 received frame stream_id=948 frame_type=Response payload_bytes=35
2026-09-26T01:47:02.946106Z DEBUG netbaiot_transports::business_rpc::v3: business RPC V3 received frame stream_id=948 frame_type=Data payload_bytes=118
2026-09-26T01:47:02.946134Z DEBUG netbaiot_transports::business_rpc::v3: business RPC V3 Event delivery acknowledged stream_id=948 completion_us=266170
2026-09-26T01:47:02.946185Z DEBUG netbaiot_transports::business_rpc::v3: business RPC V3 selected frame stream_id=0 frame_type=WindowUpdate payload_bytes=4
2026-09-26T01:47:02.946245Z DEBUG netbaiot_transports::business_rpc::v3: business RPC V3 writer completed frame stream_id=0 frame_type=WindowUpdate payload_bytes=4
2026-09-26T01:47:02.973529Z DEBUG netbaiot_transports::business_rpc::v3: business RPC V3 received frame stream_id=0 frame_type=Ping payload_bytes=8
2026-09-26T01:47:02.973671Z DEBUG netbaiot_transports::business_rpc::v3: business RPC V3 selected frame stream_id=0 frame_type=Pong payload_bytes=8
2026-09-26T01:47:02.973743Z DEBUG netbaiot_transports::business_rpc::v3: business RPC V3 writer completed frame stream_id=0 frame_type=Pong payload_bytes=8
2026-09-26T01:47:03.181162Z DEBUG netbaiot_transports::business_rpc::v3: business RPC V3 body entered scheduler stream_id=950 class=Event body_bytes=17366
2026-09-26T01:47:03.181357Z DEBUG netbaiot_transports::business_rpc::v3: business RPC V3 selected frame stream_id=950 frame_type=Open payload_bytes=184
2026-09-26T01:47:03.181397Z DEBUG netbaiot_transports::business_rpc::v3: business RPC V3 writer completed frame stream_id=950 frame_type=Open payload_bytes=184
2026-09-26T01:47:03.181415Z DEBUG netbaiot_transports::business_rpc::v3: business RPC V3 selected frame stream_id=950 frame_type=Data payload_bytes=8192
2026-09-26T01:47:03.181433Z DEBUG netbaiot_transports::business_rpc::v3: business RPC V3 writer completed frame stream_id=950 frame_type=Data payload_bytes=8192
2026-09-26T01:47:03.181443Z DEBUG netbaiot_transports::business_rpc::v3: business RPC V3 selected frame stream_id=950 frame_type=Data payload_bytes=8192
2026-09-26T01:47:03.181465Z DEBUG netbaiot_transports::business_rpc::v3: business RPC V3 writer completed frame stream_id=950 frame_type=Data payload_bytes=8192
2026-09-26T01:47:03.184088Z DEBUG netbaiot_transports::business_rpc::v3: business RPC V3 body entered scheduler stream_id=952 class=Rpc body_bytes=198
2026-09-26T01:47:03.184123Z DEBUG netbaiot_transports::business_rpc::v3: business RPC V3 selected frame stream_id=952 frame_type=Open payload_bytes=158
2026-09-26T01:47:03.184147Z DEBUG netbaiot_transports::business_rpc::v3: business RPC V3 writer completed frame stream_id=952 frame_type=Open payload_bytes=158
2026-09-26T01:47:03.184161Z DEBUG netbaiot_transports::business_rpc::v3: business RPC V3 selected frame stream_id=952 frame_type=Data payload_bytes=198
2026-09-26T01:47:03.184175Z DEBUG netbaiot_transports::business_rpc::v3: business RPC V3 writer completed frame stream_id=952 frame_type=Data payload_bytes=198
2026-09-26T01:47:03.223768Z DEBUG netbaiot_transports::business_rpc::v3: business RPC V3 body entered scheduler stream_id=954 class=Rpc body_bytes=198
2026-09-26T01:47:03.223893Z DEBUG netbaiot_transports::business_rpc::v3: business RPC V3 selected frame stream_id=954 frame_type=Open payload_bytes=158
2026-09-26T01:47:03.223965Z DEBUG netbaiot_transports::business_rpc::v3: business RPC V3 writer completed frame stream_id=954 frame_type=Open payload_bytes=158
2026-09-26T01:47:03.224004Z DEBUG netbaiot_transports::business_rpc::v3: business RPC V3 selected frame stream_id=954 frame_type=Data payload_bytes=198
2026-09-26T01:47:03.224044Z DEBUG netbaiot_transports::business_rpc::v3: business RPC V3 writer completed frame stream_id=954 frame_type=Data payload_bytes=198
2026-09-26T01:47:03.300480Z DEBUG netbaiot_transports::business_rpc::v3: business RPC V3 received frame stream_id=0 frame_type=WindowUpdate payload_bytes=4
2026-09-26T01:47:03.300570Z DEBUG netbaiot_transports::business_rpc::v3: business RPC V3 received frame stream_id=950 frame_type=WindowUpdate payload_bytes=4
2026-09-26T01:47:03.300605Z DEBUG netbaiot_transports::business_rpc::v3: business RPC V3 selected frame stream_id=950 frame_type=Data payload_bytes=982
2026-09-26T01:47:03.300638Z DEBUG netbaiot_transports::business_rpc::v3: business RPC V3 writer completed frame stream_id=950 frame_type=Data payload_bytes=982
2026-09-26T01:47:03.331813Z DEBUG netbaiot_transports::business_rpc::v3: business RPC V3 received frame stream_id=0 frame_type=WindowUpdate payload_bytes=4
2026-09-26T01:47:03.331858Z DEBUG netbaiot_transports::business_rpc::v3: business RPC V3 received frame stream_id=950 frame_type=WindowUpdate payload_bytes=4
2026-09-26T01:47:03.331874Z DEBUG netbaiot_transports::business_rpc::v3: business RPC V3 received frame stream_id=0 frame_type=WindowUpdate payload_bytes=4
2026-09-26T01:47:03.331884Z DEBUG netbaiot_transports::business_rpc::v3: business RPC V3 received frame stream_id=0 frame_type=WindowUpdate payload_bytes=4
2026-09-26T01:47:03.331895Z DEBUG netbaiot_transports::business_rpc::v3: business RPC V3 received frame stream_id=954 frame_type=Response payload_bytes=35
2026-09-26T01:47:03.331908Z DEBUG netbaiot_transports::business_rpc::v3: business RPC V3 received frame stream_id=952 frame_type=Response payload_bytes=35
2026-09-26T01:47:03.331965Z DEBUG netbaiot_transports::business_rpc::v3: business RPC V3 received frame stream_id=954 frame_type=Data payload_bytes=216
2026-09-26T01:47:03.332001Z DEBUG netbaiot_transports::business_rpc::v3: business RPC V3 received frame stream_id=952 frame_type=Data payload_bytes=216
2026-09-26T01:47:03.332015Z DEBUG netbaiot_transports::business_rpc::v3: business RPC V3 selected frame stream_id=0 frame_type=WindowUpdate payload_bytes=4
2026-09-26T01:47:03.332048Z DEBUG netbaiot_transports::business_rpc::v3: business RPC V3 writer completed frame stream_id=0 frame_type=WindowUpdate payload_bytes=4
2026-09-26T01:47:03.332063Z DEBUG netbaiot_transports::business_rpc::v3: business RPC V3 selected frame stream_id=0 frame_type=WindowUpdate payload_bytes=4
2026-09-26T01:47:03.332079Z DEBUG netbaiot_transports::business_rpc::v3: business RPC V3 writer completed frame stream_id=0 frame_type=WindowUpdate payload_bytes=4
2026-09-26T01:47:03.332335Z DEBUG netbaiot_transports::business_rpc::v3: business RPC V3 body entered scheduler stream_id=956 class=Rpc body_bytes=198
2026-09-26T01:47:03.332367Z DEBUG netbaiot_transports::business_rpc::v3: business RPC V3 selected frame stream_id=956 frame_type=Open payload_bytes=158
2026-09-26T01:47:03.332388Z DEBUG netbaiot_transports::business_rpc::v3: business RPC V3 writer completed frame stream_id=956 frame_type=Open payload_bytes=158
2026-09-26T01:47:03.332399Z DEBUG netbaiot_transports::business_rpc::v3: business RPC V3 selected frame stream_id=956 frame_type=Data payload_bytes=198
2026-09-26T01:47:03.332408Z DEBUG netbaiot_transports::business_rpc::v3: business RPC V3 writer completed frame stream_id=956 frame_type=Data payload_bytes=198
2026-09-26T01:47:03.342829Z DEBUG netbaiot_transports::business_rpc::v3: business RPC V3 body entered scheduler stream_id=958 class=Rpc body_bytes=198
2026-09-26T01:47:03.342883Z DEBUG netbaiot_transports::business_rpc::v3: business RPC V3 selected frame stream_id=958 frame_type=Open payload_bytes=158
2026-09-26T01:47:03.342925Z DEBUG netbaiot_transports::business_rpc::v3: business RPC V3 writer completed frame stream_id=958 frame_type=Open payload_bytes=158
2026-09-26T01:47:03.342949Z DEBUG netbaiot_transports::business_rpc::v3: business RPC V3 selected frame stream_id=958 frame_type=Data payload_bytes=198
2026-09-26T01:47:03.342975Z DEBUG netbaiot_transports::business_rpc::v3: business RPC V3 writer completed frame stream_id=958 frame_type=Data payload_bytes=198
2026-09-26T01:47:03.359509Z DEBUG netbaiot_transports::business_rpc::v3: business RPC V3 received frame stream_id=0 frame_type=WindowUpdate payload_bytes=4
2026-09-26T01:47:03.399038Z DEBUG netbaiot_transports::business_rpc::v3: business RPC V3 body entered scheduler stream_id=960 class=Rpc body_bytes=198
2026-09-26T01:47:03.399139Z DEBUG netbaiot_transports::business_rpc::v3: business RPC V3 selected frame stream_id=960 frame_type=Open payload_bytes=158
2026-09-26T01:47:03.399167Z DEBUG netbaiot_transports::business_rpc::v3: business RPC V3 writer completed frame stream_id=960 frame_type=Open payload_bytes=158
2026-09-26T01:47:03.399183Z DEBUG netbaiot_transports::business_rpc::v3: business RPC V3 selected frame stream_id=960 frame_type=Data payload_bytes=198
2026-09-26T01:47:03.399199Z DEBUG netbaiot_transports::business_rpc::v3: business RPC V3 writer completed frame stream_id=960 frame_type=Data payload_bytes=198
2026-09-26T01:47:03.419492Z DEBUG netbaiot_transports::business_rpc::v3: business RPC V3 received frame stream_id=0 frame_type=WindowUpdate payload_bytes=4
2026-09-26T01:47:03.419599Z DEBUG netbaiot_transports::business_rpc::v3: business RPC V3 received frame stream_id=0 frame_type=WindowUpdate payload_bytes=4
2026-09-26T01:47:03.419627Z DEBUG netbaiot_transports::business_rpc::v3: business RPC V3 received frame stream_id=958 frame_type=Response payload_bytes=35
2026-09-26T01:47:03.419652Z DEBUG netbaiot_transports::business_rpc::v3: business RPC V3 received frame stream_id=958 frame_type=Data payload_bytes=216
2026-09-26T01:47:03.419858Z DEBUG netbaiot_transports::business_rpc::v3: business RPC V3 received frame stream_id=956 frame_type=Response payload_bytes=35
2026-09-26T01:47:03.419879Z DEBUG netbaiot_transports::business_rpc::v3: business RPC V3 selected frame stream_id=0 frame_type=WindowUpdate payload_bytes=4
2026-09-26T01:47:03.419970Z DEBUG netbaiot_transports::business_rpc::v3: business RPC V3 writer completed frame stream_id=0 frame_type=WindowUpdate payload_bytes=4
2026-09-26T01:47:03.426670Z DEBUG netbaiot_transports::business_rpc::v3: business RPC V3 body entered scheduler stream_id=962 class=Rpc body_bytes=198
2026-09-26T01:47:03.426762Z DEBUG netbaiot_transports::business_rpc::v3: business RPC V3 selected frame stream_id=962 frame_type=Open payload_bytes=158
2026-09-26T01:47:03.426843Z DEBUG netbaiot_transports::business_rpc::v3: business RPC V3 writer completed frame stream_id=962 frame_type=Open payload_bytes=158
2026-09-26T01:47:03.426869Z DEBUG netbaiot_transports::business_rpc::v3: business RPC V3 selected frame stream_id=962 frame_type=Data payload_bytes=198
2026-09-26T01:47:03.426890Z DEBUG netbaiot_transports::business_rpc::v3: business RPC V3 writer completed frame stream_id=962 frame_type=Data payload_bytes=198
2026-09-26T01:47:03.438467Z DEBUG netbaiot_transports::business_rpc::v3: business RPC V3 body entered scheduler stream_id=964 class=Rpc body_bytes=198
2026-09-26T01:47:03.438564Z DEBUG netbaiot_transports::business_rpc::v3: business RPC V3 selected frame stream_id=964 frame_type=Open payload_bytes=158
2026-09-26T01:47:03.438628Z DEBUG netbaiot_transports::business_rpc::v3: business RPC V3 writer completed frame stream_id=964 frame_type=Open payload_bytes=158
2026-09-26T01:47:03.438649Z DEBUG netbaiot_transports::business_rpc::v3: business RPC V3 selected frame stream_id=964 frame_type=Data payload_bytes=198
2026-09-26T01:47:03.438666Z DEBUG netbaiot_transports::business_rpc::v3: business RPC V3 writer completed frame stream_id=964 frame_type=Data payload_bytes=198
2026-09-26T01:47:03.446749Z DEBUG netbaiot_transports::business_rpc::v3: business RPC V3 received frame stream_id=956 frame_type=Data payload_bytes=216
2026-09-26T01:47:03.446852Z DEBUG netbaiot_transports::business_rpc::v3: business RPC V3 selected frame stream_id=0 frame_type=WindowUpdate payload_bytes=4
2026-09-26T01:47:03.446894Z DEBUG netbaiot_transports::business_rpc::v3: business RPC V3 writer completed frame stream_id=0 frame_type=WindowUpdate payload_bytes=4
2026-09-26T01:47:03.509770Z DEBUG netbaiot_transports::business_rpc::v3: business RPC V3 received frame stream_id=0 frame_type=WindowUpdate payload_bytes=4
2026-09-26T01:47:03.509842Z DEBUG netbaiot_transports::business_rpc::v3: business RPC V3 received frame stream_id=960 frame_type=Response payload_bytes=35
2026-09-26T01:47:03.509867Z DEBUG netbaiot_transports::business_rpc::v3: business RPC V3 received frame stream_id=960 frame_type=Data payload_bytes=216
2026-09-26T01:47:03.509920Z DEBUG netbaiot_transports::business_rpc::v3: business RPC V3 selected frame stream_id=0 frame_type=WindowUpdate payload_bytes=4
2026-09-26T01:47:03.509976Z DEBUG netbaiot_transports::business_rpc::v3: business RPC V3 writer completed frame stream_id=0 frame_type=WindowUpdate payload_bytes=4
2026-09-26T01:47:03.535703Z DEBUG netbaiot_transports::business_rpc::v3: business RPC V3 body entered scheduler stream_id=966 class=Rpc body_bytes=198
2026-09-26T01:47:03.535851Z DEBUG netbaiot_transports::business_rpc::v3: business RPC V3 selected frame stream_id=966 frame_type=Open payload_bytes=158
2026-09-26T01:47:03.535960Z DEBUG netbaiot_transports::business_rpc::v3: business RPC V3 writer completed frame stream_id=966 frame_type=Open payload_bytes=158
2026-09-26T01:47:03.535991Z DEBUG netbaiot_transports::business_rpc::v3: business RPC V3 selected frame stream_id=966 frame_type=Data payload_bytes=198
2026-09-26T01:47:03.536013Z DEBUG netbaiot_transports::business_rpc::v3: business RPC V3 writer completed frame stream_id=966 frame_type=Data payload_bytes=198
2026-09-26T01:47:03.537334Z DEBUG netbaiot_transports::business_rpc::v3: business RPC V3 received frame stream_id=0 frame_type=WindowUpdate payload_bytes=4
2026-09-26T01:47:03.537447Z DEBUG netbaiot_transports::business_rpc::v3: business RPC V3 received frame stream_id=0 frame_type=WindowUpdate payload_bytes=4
2026-09-26T01:47:03.537473Z DEBUG netbaiot_transports::business_rpc::v3: business RPC V3 received frame stream_id=964 frame_type=Response payload_bytes=35
2026-09-26T01:47:03.537490Z DEBUG netbaiot_transports::business_rpc::v3: business RPC V3 received frame stream_id=962 frame_type=Response payload_bytes=35
2026-09-26T01:47:03.537504Z DEBUG netbaiot_transports::business_rpc::v3: business RPC V3 received frame stream_id=964 frame_type=Data payload_bytes=216
2026-09-26T01:47:03.537603Z DEBUG netbaiot_transports::business_rpc::v3: business RPC V3 selected frame stream_id=0 frame_type=WindowUpdate payload_bytes=4
2026-09-26T01:47:03.537609Z DEBUG netbaiot_transports::business_rpc::v3: business RPC V3 received frame stream_id=962 frame_type=Data payload_bytes=216
2026-09-26T01:47:03.537653Z DEBUG netbaiot_transports::business_rpc::v3: business RPC V3 writer completed frame stream_id=0 frame_type=WindowUpdate payload_bytes=4
2026-09-26T01:47:03.537676Z DEBUG netbaiot_transports::business_rpc::v3: business RPC V3 selected frame stream_id=0 frame_type=WindowUpdate payload_bytes=4
2026-09-26T01:47:03.537694Z DEBUG netbaiot_transports::business_rpc::v3: business RPC V3 writer completed frame stream_id=0 frame_type=WindowUpdate payload_bytes=4
2026-09-26T01:47:03.622059Z DEBUG netbaiot_transports::business_rpc::v3: business RPC V3 received frame stream_id=0 frame_type=WindowUpdate payload_bytes=4
2026-09-26T01:47:03.622132Z DEBUG netbaiot_transports::business_rpc::v3: business RPC V3 received frame stream_id=966 frame_type=Response payload_bytes=35
2026-09-26T01:47:03.622163Z DEBUG netbaiot_transports::business_rpc::v3: business RPC V3 received frame stream_id=966 frame_type=Data payload_bytes=216
2026-09-26T01:47:03.622244Z DEBUG netbaiot_transports::business_rpc::v3: business RPC V3 selected frame stream_id=0 frame_type=WindowUpdate payload_bytes=4
2026-09-26T01:47:03.622310Z DEBUG netbaiot_transports::business_rpc::v3: business RPC V3 writer completed frame stream_id=0 frame_type=WindowUpdate payload_bytes=4
2026-09-26T01:47:03.764645Z DEBUG netbaiot_transports::business_rpc::v3: business RPC V3 body entered scheduler stream_id=968 class=Rpc body_bytes=198
2026-09-26T01:47:03.764696Z DEBUG netbaiot_transports::business_rpc::v3: business RPC V3 selected frame stream_id=968 frame_type=Open payload_bytes=158
2026-09-26T01:47:03.764727Z DEBUG netbaiot_transports::business_rpc::v3: business RPC V3 writer completed frame stream_id=968 frame_type=Open payload_bytes=158
2026-09-26T01:47:03.764742Z DEBUG netbaiot_transports::business_rpc::v3: business RPC V3 selected frame stream_id=968 frame_type=Data payload_bytes=198
2026-09-26T01:47:03.764756Z DEBUG netbaiot_transports::business_rpc::v3: business RPC V3 writer completed frame stream_id=968 frame_type=Data payload_bytes=198
2026-09-26T01:47:03.765961Z DEBUG netbaiot_transports::business_rpc::v3: business RPC V3 body entered scheduler stream_id=970 class=Rpc body_bytes=198
2026-09-26T01:47:03.765988Z DEBUG netbaiot_transports::business_rpc::v3: business RPC V3 selected frame stream_id=970 frame_type=Open payload_bytes=158
2026-09-26T01:47:03.766012Z DEBUG netbaiot_transports::business_rpc::v3: business RPC V3 writer completed frame stream_id=970 frame_type=Open payload_bytes=158
2026-09-26T01:47:03.766026Z DEBUG netbaiot_transports::business_rpc::v3: business RPC V3 selected frame stream_id=970 frame_type=Data payload_bytes=198
2026-09-26T01:47:03.766039Z DEBUG netbaiot_transports::business_rpc::v3: business RPC V3 writer completed frame stream_id=970 frame_type=Data payload_bytes=198
2026-09-26T01:47:03.835866Z DEBUG netbaiot_transports::business_rpc::v3: business RPC V3 body entered scheduler stream_id=972 class=Rpc body_bytes=198
2026-09-26T01:47:03.835915Z DEBUG netbaiot_transports::business_rpc::v3: business RPC V3 selected frame stream_id=972 frame_type=Open payload_bytes=158
2026-09-26T01:47:03.835997Z DEBUG netbaiot_transports::business_rpc::v3: business RPC V3 writer completed frame stream_id=972 frame_type=Open payload_bytes=158
2026-09-26T01:47:03.836012Z DEBUG netbaiot_transports::business_rpc::v3: business RPC V3 selected frame stream_id=972 frame_type=Data payload_bytes=198
2026-09-26T01:47:03.836024Z DEBUG netbaiot_transports::business_rpc::v3: business RPC V3 writer completed frame stream_id=972 frame_type=Data payload_bytes=198
2026-09-26T01:47:03.884785Z DEBUG netbaiot_transports::business_rpc::v3: business RPC V3 received frame stream_id=0 frame_type=WindowUpdate payload_bytes=4
2026-09-26T01:47:03.884885Z DEBUG netbaiot_transports::business_rpc::v3: business RPC V3 received frame stream_id=0 frame_type=WindowUpdate payload_bytes=4
2026-09-26T01:47:03.884910Z DEBUG netbaiot_transports::business_rpc::v3: business RPC V3 received frame stream_id=970 frame_type=Response payload_bytes=35
2026-09-26T01:47:03.884932Z DEBUG netbaiot_transports::business_rpc::v3: business RPC V3 received frame stream_id=970 frame_type=Data payload_bytes=216
2026-09-26T01:47:03.884986Z DEBUG netbaiot_transports::business_rpc::v3: business RPC V3 received frame stream_id=968 frame_type=Response payload_bytes=35
2026-09-26T01:47:03.885001Z DEBUG netbaiot_transports::business_rpc::v3: business RPC V3 received frame stream_id=968 frame_type=Data payload_bytes=216
2026-09-26T01:47:03.885000Z DEBUG netbaiot_transports::business_rpc::v3: business RPC V3 selected frame stream_id=0 frame_type=WindowUpdate payload_bytes=4
2026-09-26T01:47:03.885083Z DEBUG netbaiot_transports::business_rpc::v3: business RPC V3 writer completed frame stream_id=0 frame_type=WindowUpdate payload_bytes=4
2026-09-26T01:47:03.885104Z DEBUG netbaiot_transports::business_rpc::v3: business RPC V3 selected frame stream_id=0 frame_type=WindowUpdate payload_bytes=4
2026-09-26T01:47:03.885122Z DEBUG netbaiot_transports::business_rpc::v3: business RPC V3 writer completed frame stream_id=0 frame_type=WindowUpdate payload_bytes=4
2026-09-26T01:47:03.946552Z DEBUG netbaiot_transports::business_rpc::v3: business RPC V3 received frame stream_id=0 frame_type=WindowUpdate payload_bytes=4
2026-09-26T01:47:03.946657Z DEBUG netbaiot_transports::business_rpc::v3: business RPC V3 received frame stream_id=972 frame_type=Response payload_bytes=35
2026-09-26T01:47:03.946690Z DEBUG netbaiot_transports::business_rpc::v3: business RPC V3 received frame stream_id=972 frame_type=Data payload_bytes=216
2026-09-26T01:47:03.946778Z DEBUG netbaiot_transports::business_rpc::v3: business RPC V3 selected frame stream_id=0 frame_type=WindowUpdate payload_bytes=4
2026-09-26T01:47:03.946852Z DEBUG netbaiot_transports::business_rpc::v3: business RPC V3 writer completed frame stream_id=0 frame_type=WindowUpdate payload_bytes=4
2026-09-26T01:47:04.984762Z DEBUG netbaiot_transports::business_rpc::v3: business RPC V3 body entered scheduler stream_id=974 class=Rpc body_bytes=198
2026-09-26T01:47:04.984852Z DEBUG netbaiot_transports::business_rpc::v3: business RPC V3 selected frame stream_id=974 frame_type=Open payload_bytes=158
2026-09-26T01:47:04.984917Z DEBUG netbaiot_transports::business_rpc::v3: business RPC V3 writer completed frame stream_id=974 frame_type=Open payload_bytes=158
2026-09-26T01:47:04.984944Z DEBUG netbaiot_transports::business_rpc::v3: business RPC V3 selected frame stream_id=974 frame_type=Data payload_bytes=198
2026-09-26T01:47:04.984967Z DEBUG netbaiot_transports::business_rpc::v3: business RPC V3 writer completed frame stream_id=974 frame_type=Data payload_bytes=198
2026-09-26T01:47:05.071715Z DEBUG netbaiot_transports::business_rpc::v3: business RPC V3 received frame stream_id=0 frame_type=WindowUpdate payload_bytes=4
2026-09-26T01:47:05.071846Z DEBUG netbaiot_transports::business_rpc::v3: business RPC V3 received frame stream_id=974 frame_type=Response payload_bytes=35
2026-09-26T01:47:05.071892Z DEBUG netbaiot_transports::business_rpc::v3: business RPC V3 received frame stream_id=974 frame_type=Data payload_bytes=216
2026-09-26T01:47:05.072121Z DEBUG netbaiot_transports::business_rpc::v3: business RPC V3 selected frame stream_id=0 frame_type=WindowUpdate payload_bytes=4
2026-09-26T01:47:05.072216Z DEBUG netbaiot_transports::business_rpc::v3: business RPC V3 writer completed frame stream_id=0 frame_type=WindowUpdate payload_bytes=4
2026-09-26T01:47:05.458300Z DEBUG netbaiot_transports::business_rpc::v3: business RPC V3 received frame stream_id=0 frame_type=Ping payload_bytes=8
2026-09-26T01:47:05.458357Z DEBUG netbaiot_transports::business_rpc::v3: business RPC V3 selected frame stream_id=0 frame_type=Pong payload_bytes=8
2026-09-26T01:47:05.458379Z DEBUG netbaiot_transports::business_rpc::v3: business RPC V3 writer completed frame stream_id=0 frame_type=Pong payload_bytes=8
2026-09-26T01:47:05.497822Z DEBUG netbaiot_transports::business_rpc::v3: business RPC V3 body entered scheduler stream_id=976 class=Rpc body_bytes=198
2026-09-26T01:47:05.497945Z DEBUG netbaiot_transports::business_rpc::v3: business RPC V3 selected frame stream_id=976 frame_type=Open payload_bytes=158
2026-09-26T01:47:05.498031Z DEBUG netbaiot_transports::business_rpc::v3: business RPC V3 writer completed frame stream_id=976 frame_type=Open payload_bytes=158
2026-09-26T01:47:05.498057Z DEBUG netbaiot_transports::business_rpc::v3: business RPC V3 selected frame stream_id=976 frame_type=Data payload_bytes=198
2026-09-26T01:47:05.498089Z DEBUG netbaiot_transports::business_rpc::v3: business RPC V3 writer completed frame stream_id=976 frame_type=Data payload_bytes=198
2026-09-26T01:47:05.560812Z DEBUG netbaiot_transports::business_rpc::v3: business RPC V3 received frame stream_id=0 frame_type=WindowUpdate payload_bytes=4
2026-09-26T01:47:05.560916Z DEBUG netbaiot_transports::business_rpc::v3: business RPC V3 received frame stream_id=976 frame_type=Response payload_bytes=35
2026-09-26T01:47:05.560946Z DEBUG netbaiot_transports::business_rpc::v3: business RPC V3 received frame stream_id=976 frame_type=Data payload_bytes=216
2026-09-26T01:47:05.561026Z DEBUG netbaiot_transports::business_rpc::v3: business RPC V3 selected frame stream_id=0 frame_type=WindowUpdate payload_bytes=4
2026-09-26T01:47:05.561093Z DEBUG netbaiot_transports::business_rpc::v3: business RPC V3 writer completed frame stream_id=0 frame_type=WindowUpdate payload_bytes=4
2026-09-26T01:47:05.961360Z DEBUG netbaiot_transports::business_rpc::v3: business RPC V3 body entered scheduler stream_id=978 class=Rpc body_bytes=198
2026-09-26T01:47:05.961463Z DEBUG netbaiot_transports::business_rpc::v3: business RPC V3 selected frame stream_id=978 frame_type=Open payload_bytes=158
2026-09-26T01:47:05.961567Z DEBUG netbaiot_transports::business_rpc::v3: business RPC V3 writer completed frame stream_id=978 frame_type=Open payload_bytes=158
2026-09-26T01:47:05.961618Z DEBUG netbaiot_transports::business_rpc::v3: business RPC V3 selected frame stream_id=978 frame_type=Data payload_bytes=198
2026-09-26T01:47:05.961690Z DEBUG netbaiot_transports::business_rpc::v3: business RPC V3 writer completed frame stream_id=978 frame_type=Data payload_bytes=198
2026-09-26T01:47:06.020365Z DEBUG netbaiot_transports::business_rpc::v3: business RPC V3 received frame stream_id=0 frame_type=WindowUpdate payload_bytes=4
2026-09-26T01:47:06.020455Z DEBUG netbaiot_transports::business_rpc::v3: business RPC V3 received frame stream_id=978 frame_type=Response payload_bytes=35
2026-09-26T01:47:06.020484Z DEBUG netbaiot_transports::business_rpc::v3: business RPC V3 received frame stream_id=978 frame_type=Data payload_bytes=216
2026-09-26T01:47:06.020559Z DEBUG netbaiot_transports::business_rpc::v3: business RPC V3 selected frame stream_id=0 frame_type=WindowUpdate payload_bytes=4
2026-09-26T01:47:06.020619Z DEBUG netbaiot_transports::business_rpc::v3: business RPC V3 writer completed frame stream_id=0 frame_type=WindowUpdate payload_bytes=4
2026-09-26T01:47:06.088544Z DEBUG netbaiot_transports::business_rpc::v3: business RPC V3 body entered scheduler stream_id=980 class=Rpc body_bytes=198
2026-09-26T01:47:06.088632Z DEBUG netbaiot_transports::business_rpc::v3: business RPC V3 selected frame stream_id=980 frame_type=Open payload_bytes=158
2026-09-26T01:47:06.088732Z DEBUG netbaiot_transports::business_rpc::v3: business RPC V3 writer completed frame stream_id=980 frame_type=Open payload_bytes=158
2026-09-26T01:47:06.088751Z DEBUG netbaiot_transports::business_rpc::v3: business RPC V3 selected frame stream_id=980 frame_type=Data payload_bytes=198
2026-09-26T01:47:06.088769Z DEBUG netbaiot_transports::business_rpc::v3: business RPC V3 writer completed frame stream_id=980 frame_type=Data payload_bytes=198
2026-09-26T01:47:06.147020Z DEBUG netbaiot_transports::business_rpc::v3: business RPC V3 received frame stream_id=0 frame_type=WindowUpdate payload_bytes=4
2026-09-26T01:47:06.147097Z DEBUG netbaiot_transports::business_rpc::v3: business RPC V3 received frame stream_id=980 frame_type=Response payload_bytes=35
2026-09-26T01:47:06.147119Z DEBUG netbaiot_transports::business_rpc::v3: business RPC V3 received frame stream_id=980 frame_type=Data payload_bytes=216
2026-09-26T01:47:06.147183Z DEBUG netbaiot_transports::business_rpc::v3: business RPC V3 selected frame stream_id=0 frame_type=WindowUpdate payload_bytes=4
2026-09-26T01:47:06.147223Z DEBUG netbaiot_transports::business_rpc::v3: business RPC V3 writer completed frame stream_id=0 frame_type=WindowUpdate payload_bytes=4
2026-09-26T01:47:07.486479Z DEBUG netbaiot_transports::business_rpc::v3: business RPC V3 body entered scheduler stream_id=982 class=Rpc body_bytes=198
2026-09-26T01:47:07.486596Z DEBUG netbaiot_transports::business_rpc::v3: business RPC V3 selected frame stream_id=982 frame_type=Open payload_bytes=158
2026-09-26T01:47:07.486681Z DEBUG netbaiot_transports::business_rpc::v3: business RPC V3 writer completed frame stream_id=982 frame_type=Open payload_bytes=158
2026-09-26T01:47:07.486716Z DEBUG netbaiot_transports::business_rpc::v3: business RPC V3 selected frame stream_id=982 frame_type=Data payload_bytes=198
2026-09-26T01:47:07.486741Z DEBUG netbaiot_transports::business_rpc::v3: business RPC V3 writer completed frame stream_id=982 frame_type=Data payload_bytes=198
2026-09-26T01:47:07.573082Z DEBUG netbaiot_transports::business_rpc::v3: business RPC V3 received frame stream_id=0 frame_type=WindowUpdate payload_bytes=4
2026-09-26T01:47:07.573126Z DEBUG netbaiot_transports::business_rpc::v3: business RPC V3 received frame stream_id=982 frame_type=Response payload_bytes=35
2026-09-26T01:47:07.573143Z DEBUG netbaiot_transports::business_rpc::v3: business RPC V3 received frame stream_id=982 frame_type=Data payload_bytes=216
2026-09-26T01:47:07.573189Z DEBUG netbaiot_transports::business_rpc::v3: business RPC V3 selected frame stream_id=0 frame_type=WindowUpdate payload_bytes=4
2026-09-26T01:47:07.573222Z DEBUG netbaiot_transports::business_rpc::v3: business RPC V3 writer completed frame stream_id=0 frame_type=WindowUpdate payload_bytes=4
2026-09-26T01:47:07.600826Z DEBUG netbaiot_transports::business_rpc::v3: business RPC V3 received frame stream_id=0 frame_type=GoAway payload_bytes=53
2026-09-26T01:47:07.601301Z DEBUG netbaiot_transports::business_rpc::v3: business RPC V3 frame read failed error=Io
2026-09-26T01:47:07.601399Z  WARN netbaiot_transports::business_rpc::v3: business RPC V3 connection closed abnormally error=device unavailable
