2026-09-26T01:48:48.879142Z  INFO netbaiot_server: runtime ready device_ingress=127.0.0.1:56148 management_http=127.0.0.1:56149 business_tcp=Some(127.0.0.1:56150)
2026-09-26T01:48:49.313375Z  INFO netbaiot_transports::business_rpc: business RPC socket send buffer send_buffer_bytes=146988
2026-09-26T01:48:49.315435Z DEBUG netbaiot_transports::business_rpc::v3: business RPC V3 received frame stream_id=1 frame_type=Open payload_bytes=43
2026-09-26T01:48:49.319090Z DEBUG netbaiot_transports::business_rpc::v3: business RPC V3 received frame stream_id=3 frame_type=Open payload_bytes=157
2026-09-26T01:48:49.324888Z DEBUG netbaiot_transports::business_rpc::v3: business RPC V3 selected frame stream_id=1 frame_type=Accept payload_bytes=41
2026-09-26T01:48:49.330745Z DEBUG netbaiot_transports::business_rpc::v3: business RPC V3 writer completed frame stream_id=1 frame_type=Accept payload_bytes=41
2026-09-26T01:48:49.330983Z DEBUG netbaiot_transports::business_rpc::v3: business RPC V3 received frame stream_id=5 frame_type=Open payload_bytes=147
2026-09-26T01:48:49.333874Z DEBUG netbaiot_transports::business_rpc::v3: business RPC V3 selected frame stream_id=3 frame_type=Accept payload_bytes=45
2026-09-26T01:48:49.336916Z DEBUG netbaiot_transports::business_rpc::v3: business RPC V3 writer completed frame stream_id=3 frame_type=Accept payload_bytes=45
2026-09-26T01:48:49.336869Z DEBUG netbaiot_transports::business_rpc::v3: business RPC V3 received frame stream_id=5 frame_type=Data payload_bytes=95
2026-09-26T01:48:49.337055Z DEBUG netbaiot_transports::business_rpc::v3: business RPC V3 selected frame stream_id=0 frame_type=WindowUpdate payload_bytes=4
2026-09-26T01:48:49.347839Z DEBUG netbaiot_transports::business_rpc::v3: business RPC V3 writer completed frame stream_id=0 frame_type=WindowUpdate payload_bytes=4
2026-09-26T01:48:49.351764Z DEBUG netbaiot_transports::business_rpc::v3: business RPC V3 body entered scheduler stream_id=5 class=Rpc body_bytes=22
2026-09-26T01:48:49.355178Z DEBUG netbaiot_transports::business_rpc::v3: business RPC V3 selected frame stream_id=5 frame_type=Response payload_bytes=34
2026-09-26T01:48:49.355287Z DEBUG netbaiot_transports::business_rpc::v3: business RPC V3 writer completed frame stream_id=5 frame_type=Response payload_bytes=34
2026-09-26T01:48:49.355313Z DEBUG netbaiot_transports::business_rpc::v3: business RPC V3 selected frame stream_id=5 frame_type=Data payload_bytes=22
2026-09-26T01:48:49.361042Z DEBUG netbaiot_transports::business_rpc::v3: business RPC V3 writer completed frame stream_id=5 frame_type=Data payload_bytes=22
2026-09-26T01:48:49.365856Z DEBUG netbaiot_transports::business_rpc::v3: business RPC V3 received frame stream_id=0 frame_type=WindowUpdate payload_bytes=4
2026-09-26T01:48:49.371744Z DEBUG netbaiot_transports::business_rpc::v3: business RPC V3 selected frame stream_id=0 frame_type=Ping payload_bytes=8
2026-09-26T01:48:49.376195Z DEBUG netbaiot_transports::business_rpc::v3: business RPC V3 writer completed frame stream_id=0 frame_type=Ping payload_bytes=8
2026-09-26T01:48:49.376378Z DEBUG netbaiot_transports::business_rpc::v3: business RPC V3 received frame stream_id=0 frame_type=Pong payload_bytes=8
2026-09-26T01:48:49.422911Z DEBUG netbaiot_transports::business_rpc::v3: business RPC V3 body entered scheduler stream_id=2 class=Rpc body_bytes=200
2026-09-26T01:48:49.426667Z DEBUG netbaiot_transports::business_rpc::v3: business RPC V3 selected frame stream_id=2 frame_type=Open payload_bytes=158
2026-09-26T01:48:49.429979Z DEBUG netbaiot_transports::business_rpc::v3: business RPC V3 writer completed frame stream_id=2 frame_type=Open payload_bytes=158
2026-09-26T01:48:49.432976Z DEBUG netbaiot_transports::business_rpc::v3: business RPC V3 selected frame stream_id=2 frame_type=Data payload_bytes=200
2026-09-26T01:48:49.438993Z DEBUG netbaiot_transports::business_rpc::v3: business RPC V3 writer completed frame stream_id=2 frame_type=Data payload_bytes=200
2026-09-26T01:48:49.442020Z DEBUG netbaiot_transports::business_rpc::v3: business RPC V3 received frame stream_id=0 frame_type=WindowUpdate payload_bytes=4
2026-09-26T01:48:49.447726Z DEBUG netbaiot_transports::business_rpc::v3: business RPC V3 received frame stream_id=2 frame_type=Response payload_bytes=35
2026-09-26T01:48:49.452998Z DEBUG netbaiot_transports::business_rpc::v3: business RPC V3 received frame stream_id=2 frame_type=Data payload_bytes=218
2026-09-26T01:48:49.457388Z DEBUG netbaiot_transports::business_rpc::v3: business RPC V3 selected frame stream_id=0 frame_type=WindowUpdate payload_bytes=4
2026-09-26T01:48:49.463085Z DEBUG netbaiot_transports::business_rpc::v3: business RPC V3 writer completed frame stream_id=0 frame_type=WindowUpdate payload_bytes=4
2026-09-26T01:48:49.466749Z DEBUG netbaiot_transports::business_rpc::v3: business RPC V3 body entered scheduler stream_id=4 class=Rpc body_bytes=196
2026-09-26T01:48:49.469842Z DEBUG netbaiot_transports::business_rpc::v3: business RPC V3 body entered scheduler stream_id=6 class=Rpc body_bytes=196
2026-09-26T01:48:49.474036Z DEBUG netbaiot_transports::business_rpc::v3: business RPC V3 body entered scheduler stream_id=8 class=Rpc body_bytes=196
2026-09-26T01:48:49.477044Z DEBUG netbaiot_transports::business_rpc::v3: business RPC V3 body entered scheduler stream_id=10 class=Rpc body_bytes=196
2026-09-26T01:48:49.481838Z DEBUG netbaiot_transports::business_rpc::v3: business RPC V3 body entered scheduler stream_id=12 class=Event body_bytes=17365
2026-09-26T01:48:49.484798Z DEBUG netbaiot_transports::business_rpc::v3: business RPC V3 selected frame stream_id=4 frame_type=Open payload_bytes=158
2026-09-26T01:48:49.487812Z DEBUG netbaiot_transports::business_rpc::v3: business RPC V3 writer completed frame stream_id=4 frame_type=Open payload_bytes=158
2026-09-26T01:48:49.490810Z DEBUG netbaiot_transports::business_rpc::v3: business RPC V3 selected frame stream_id=6 frame_type=Open payload_bytes=158
2026-09-26T01:48:49.490903Z DEBUG netbaiot_transports::business_rpc::v3: business RPC V3 writer completed frame stream_id=6 frame_type=Open payload_bytes=158
2026-09-26T01:48:49.490917Z DEBUG netbaiot_transports::business_rpc::v3: business RPC V3 selected frame stream_id=8 frame_type=Open payload_bytes=158
2026-09-26T01:48:49.496971Z DEBUG netbaiot_transports::business_rpc::v3: business RPC V3 writer completed frame stream_id=8 frame_type=Open payload_bytes=158
2026-09-26T01:48:49.500778Z DEBUG netbaiot_transports::business_rpc::v3: business RPC V3 selected frame stream_id=4 frame_type=Data payload_bytes=196
2026-09-26T01:48:49.506749Z DEBUG netbaiot_transports::business_rpc::v3: business RPC V3 writer completed frame stream_id=4 frame_type=Data payload_bytes=196
2026-09-26T01:48:49.509947Z DEBUG netbaiot_transports::business_rpc::v3: business RPC V3 selected frame stream_id=10 frame_type=Open payload_bytes=158
2026-09-26T01:48:49.513834Z DEBUG netbaiot_transports::business_rpc::v3: business RPC V3 writer completed frame stream_id=10 frame_type=Open payload_bytes=158
2026-09-26T01:48:49.516864Z DEBUG netbaiot_transports::business_rpc::v3: business RPC V3 selected frame stream_id=12 frame_type=Open payload_bytes=184
2026-09-26T01:48:49.520942Z DEBUG netbaiot_transports::business_rpc::v3: business RPC V3 writer completed frame stream_id=12 frame_type=Open payload_bytes=184
2026-09-26T01:48:49.526996Z DEBUG netbaiot_transports::business_rpc::v3: business RPC V3 selected frame stream_id=6 frame_type=Data payload_bytes=196
2026-09-26T01:48:49.529940Z DEBUG netbaiot_transports::business_rpc::v3: business RPC V3 writer completed frame stream_id=6 frame_type=Data payload_bytes=196
2026-09-26T01:48:49.536047Z DEBUG netbaiot_transports::business_rpc::v3: business RPC V3 selected frame stream_id=12 frame_type=Data payload_bytes=8192
2026-09-26T01:48:49.540367Z DEBUG netbaiot_transports::business_rpc::v3: business RPC V3 writer completed frame stream_id=12 frame_type=Data payload_bytes=8192
2026-09-26T01:48:49.540428Z DEBUG netbaiot_transports::business_rpc::v3: business RPC V3 selected frame stream_id=8 frame_type=Data payload_bytes=196
2026-09-26T01:48:49.540451Z DEBUG netbaiot_transports::business_rpc::v3: business RPC V3 writer completed frame stream_id=8 frame_type=Data payload_bytes=196
2026-09-26T01:48:49.544129Z DEBUG netbaiot_transports::business_rpc::v3: business RPC V3 selected frame stream_id=10 frame_type=Data payload_bytes=196
2026-09-26T01:48:49.547000Z DEBUG netbaiot_transports::business_rpc::v3: business RPC V3 writer completed frame stream_id=10 frame_type=Data payload_bytes=196
2026-09-26T01:48:49.550185Z DEBUG netbaiot_transports::business_rpc::v3: business RPC V3 selected frame stream_id=12 frame_type=Data payload_bytes=8192
2026-09-26T01:48:49.557757Z DEBUG netbaiot_transports::business_rpc::v3: business RPC V3 writer completed frame stream_id=12 frame_type=Data payload_bytes=8192
2026-09-26T01:48:49.562231Z DEBUG netbaiot_transports::business_rpc::v3: business RPC V3 received frame stream_id=0 frame_type=WindowUpdate payload_bytes=4
2026-09-26T01:48:49.566354Z DEBUG netbaiot_transports::business_rpc::v3: business RPC V3 received frame stream_id=4 frame_type=Response payload_bytes=35
2026-09-26T01:48:49.571800Z DEBUG netbaiot_transports::business_rpc::v3: business RPC V3 received frame stream_id=4 frame_type=Data payload_bytes=214
2026-09-26T01:48:49.579190Z DEBUG netbaiot_transports::business_rpc::v3: business RPC V3 received frame stream_id=0 frame_type=WindowUpdate payload_bytes=4
2026-09-26T01:48:49.579231Z DEBUG netbaiot_transports::business_rpc::v3: business RPC V3 selected frame stream_id=0 frame_type=WindowUpdate payload_bytes=4
2026-09-26T01:48:49.581885Z DEBUG netbaiot_transports::business_rpc::v3: business RPC V3 writer completed frame stream_id=0 frame_type=WindowUpdate payload_bytes=4
2026-09-26T01:48:49.581902Z DEBUG netbaiot_transports::business_rpc::v3: business RPC V3 received frame stream_id=6 frame_type=Response payload_bytes=35
2026-09-26T01:48:49.582094Z DEBUG netbaiot_transports::business_rpc::v3: business RPC V3 received frame stream_id=6 frame_type=Data payload_bytes=214
2026-09-26T01:48:49.582227Z DEBUG netbaiot_transports::business_rpc::v3: business RPC V3 received frame stream_id=0 frame_type=WindowUpdate payload_bytes=4
2026-09-26T01:48:49.582249Z DEBUG netbaiot_transports::business_rpc::v3: business RPC V3 received frame stream_id=12 frame_type=WindowUpdate payload_bytes=4
2026-09-26T01:48:49.587848Z DEBUG netbaiot_transports::business_rpc::v3: business RPC V3 received frame stream_id=0 frame_type=WindowUpdate payload_bytes=4
2026-09-26T01:48:49.582286Z DEBUG netbaiot_transports::business_rpc::v3: business RPC V3 selected frame stream_id=0 frame_type=WindowUpdate payload_bytes=4
2026-09-26T01:48:49.595799Z DEBUG netbaiot_transports::business_rpc::v3: business RPC V3 writer completed frame stream_id=0 frame_type=WindowUpdate payload_bytes=4
2026-09-26T01:48:49.591851Z DEBUG netbaiot_transports::business_rpc::v3: business RPC V3 received frame stream_id=8 frame_type=Response payload_bytes=35
2026-09-26T01:48:49.595852Z DEBUG netbaiot_transports::business_rpc::v3: business RPC V3 received frame stream_id=8 frame_type=Data payload_bytes=214
2026-09-26T01:48:49.595919Z DEBUG netbaiot_transports::business_rpc::v3: business RPC V3 received frame stream_id=0 frame_type=WindowUpdate payload_bytes=4
2026-09-26T01:48:49.595929Z DEBUG netbaiot_transports::business_rpc::v3: business RPC V3 received frame stream_id=10 frame_type=Response payload_bytes=35
2026-09-26T01:48:49.595938Z DEBUG netbaiot_transports::business_rpc::v3: business RPC V3 received frame stream_id=10 frame_type=Data payload_bytes=214
2026-09-26T01:48:49.595956Z DEBUG netbaiot_transports::business_rpc::v3: business RPC V3 received frame stream_id=0 frame_type=WindowUpdate payload_bytes=4
2026-09-26T01:48:49.595972Z DEBUG netbaiot_transports::business_rpc::v3: business RPC V3 received frame stream_id=12 frame_type=WindowUpdate payload_bytes=4
2026-09-26T01:48:49.595827Z DEBUG netbaiot_transports::business_rpc::v3: business RPC V3 body entered scheduler stream_id=14 class=Rpc body_bytes=196
2026-09-26T01:48:49.601335Z DEBUG netbaiot_transports::business_rpc::v3: business RPC V3 body entered scheduler stream_id=16 class=Rpc body_bytes=196
2026-09-26T01:48:49.607821Z DEBUG netbaiot_transports::business_rpc::v3: business RPC V3 body entered scheduler stream_id=18 class=Rpc body_bytes=196
2026-09-26T01:48:49.610690Z DEBUG netbaiot_transports::business_rpc::v3: business RPC V3 body entered scheduler stream_id=20 class=Rpc body_bytes=196
2026-09-26T01:48:49.615855Z DEBUG netbaiot_transports::business_rpc::v3: business RPC V3 selected frame stream_id=14 frame_type=Open payload_bytes=158
2026-09-26T01:48:49.620001Z DEBUG netbaiot_transports::business_rpc::v3: business RPC V3 writer completed frame stream_id=14 frame_type=Open payload_bytes=158
2026-09-26T01:48:49.622736Z DEBUG netbaiot_transports::business_rpc::v3: business RPC V3 selected frame stream_id=0 frame_type=WindowUpdate payload_bytes=4
2026-09-26T01:48:49.626736Z DEBUG netbaiot_transports::business_rpc::v3: business RPC V3 writer completed frame stream_id=0 frame_type=WindowUpdate payload_bytes=4
2026-09-26T01:48:49.632912Z DEBUG netbaiot_transports::business_rpc::v3: business RPC V3 selected frame stream_id=14 frame_type=Data payload_bytes=196
2026-09-26T01:48:49.636684Z DEBUG netbaiot_transports::business_rpc::v3: business RPC V3 writer completed frame stream_id=14 frame_type=Data payload_bytes=196
2026-09-26T01:48:49.641136Z DEBUG netbaiot_transports::business_rpc::v3: business RPC V3 selected frame stream_id=0 frame_type=WindowUpdate payload_bytes=4
2026-09-26T01:48:49.642730Z DEBUG netbaiot_transports::business_rpc::v3: business RPC V3 writer completed frame stream_id=0 frame_type=WindowUpdate payload_bytes=4
2026-09-26T01:48:49.648837Z DEBUG netbaiot_transports::business_rpc::v3: business RPC V3 selected frame stream_id=16 frame_type=Open payload_bytes=158
2026-09-26T01:48:49.652755Z DEBUG netbaiot_transports::business_rpc::v3: business RPC V3 writer completed frame stream_id=16 frame_type=Open payload_bytes=158
2026-09-26T01:48:49.656013Z DEBUG netbaiot_transports::business_rpc::v3: business RPC V3 selected frame stream_id=18 frame_type=Open payload_bytes=158
2026-09-26T01:48:49.660090Z DEBUG netbaiot_transports::business_rpc::v3: business RPC V3 writer completed frame stream_id=18 frame_type=Open payload_bytes=158
2026-09-26T01:48:49.662740Z DEBUG netbaiot_transports::business_rpc::v3: business RPC V3 selected frame stream_id=20 frame_type=Open payload_bytes=158
2026-09-26T01:48:49.668750Z DEBUG netbaiot_transports::business_rpc::v3: business RPC V3 writer completed frame stream_id=20 frame_type=Open payload_bytes=158
2026-09-26T01:48:49.673003Z DEBUG netbaiot_transports::business_rpc::v3: business RPC V3 selected frame stream_id=16 frame_type=Data payload_bytes=196
2026-09-26T01:48:49.676913Z DEBUG netbaiot_transports::business_rpc::v3: business RPC V3 writer completed frame stream_id=16 frame_type=Data payload_bytes=196
2026-09-26T01:48:49.676952Z DEBUG netbaiot_transports::business_rpc::v3: business RPC V3 selected frame stream_id=18 frame_type=Data payload_bytes=196
2026-09-26T01:48:49.676974Z DEBUG netbaiot_transports::business_rpc::v3: business RPC V3 writer completed frame stream_id=18 frame_type=Data payload_bytes=196
2026-09-26T01:48:49.677000Z DEBUG netbaiot_transports::business_rpc::v3: business RPC V3 selected frame stream_id=20 frame_type=Data payload_bytes=196
2026-09-26T01:48:49.681845Z DEBUG netbaiot_transports::business_rpc::v3: business RPC V3 writer completed frame stream_id=20 frame_type=Data payload_bytes=196
2026-09-26T01:48:49.685949Z DEBUG netbaiot_transports::business_rpc::v3: business RPC V3 selected frame stream_id=12 frame_type=Data payload_bytes=981
2026-09-26T01:48:49.691192Z DEBUG netbaiot_transports::business_rpc::v3: business RPC V3 writer completed frame stream_id=12 frame_type=Data payload_bytes=981
2026-09-26T01:48:49.694544Z DEBUG netbaiot_transports::business_rpc::v3: business RPC V3 received frame stream_id=0 frame_type=WindowUpdate payload_bytes=4
2026-09-26T01:48:49.701323Z DEBUG netbaiot_transports::business_rpc::v3: business RPC V3 received frame stream_id=14 frame_type=Response payload_bytes=35
2026-09-26T01:48:49.712725Z DEBUG netbaiot_transports::business_rpc::v3: business RPC V3 received frame stream_id=14 frame_type=Data payload_bytes=214
2026-09-26T01:48:49.720535Z DEBUG netbaiot_transports::business_rpc::v3: business RPC V3 received frame stream_id=0 frame_type=WindowUpdate payload_bytes=4
2026-09-26T01:48:49.721516Z DEBUG netbaiot_transports::business_rpc::v3: business RPC V3 received frame stream_id=0 frame_type=WindowUpdate payload_bytes=4
2026-09-26T01:48:49.720720Z DEBUG netbaiot_transports::business_rpc::v3: business RPC V3 selected frame stream_id=0 frame_type=WindowUpdate payload_bytes=4
2026-09-26T01:48:49.728040Z DEBUG netbaiot_transports::business_rpc::v3: business RPC V3 received frame stream_id=18 frame_type=Response payload_bytes=35
2026-09-26T01:48:49.730965Z DEBUG netbaiot_transports::business_rpc::v3: business RPC V3 writer completed frame stream_id=0 frame_type=WindowUpdate payload_bytes=4
2026-09-26T01:48:49.735028Z DEBUG netbaiot_transports::business_rpc::v3: business RPC V3 received frame stream_id=16 frame_type=Response payload_bytes=35
2026-09-26T01:48:49.739101Z DEBUG netbaiot_transports::business_rpc::v3: business RPC V3 received frame stream_id=18 frame_type=Data payload_bytes=214
2026-09-26T01:48:49.745455Z DEBUG netbaiot_transports::business_rpc::v3: business RPC V3 received frame stream_id=16 frame_type=Data payload_bytes=214
2026-09-26T01:48:49.745515Z DEBUG netbaiot_transports::business_rpc::v3: business RPC V3 selected frame stream_id=0 frame_type=WindowUpdate payload_bytes=4
2026-09-26T01:48:49.751165Z DEBUG netbaiot_transports::business_rpc::v3: business RPC V3 received frame stream_id=0 frame_type=WindowUpdate payload_bytes=4
2026-09-26T01:48:49.757339Z DEBUG netbaiot_transports::business_rpc::v3: business RPC V3 received frame stream_id=20 frame_type=Response payload_bytes=35
2026-09-26T01:48:49.760359Z DEBUG netbaiot_transports::business_rpc::v3: business RPC V3 received frame stream_id=20 frame_type=Data payload_bytes=214
2026-09-26T01:48:49.760409Z DEBUG netbaiot_transports::business_rpc::v3: business RPC V3 received frame stream_id=0 frame_type=WindowUpdate payload_bytes=4
2026-09-26T01:48:49.761160Z DEBUG netbaiot_transports::business_rpc::v3: business RPC V3 received frame stream_id=12 frame_type=Response payload_bytes=35
2026-09-26T01:48:49.757408Z DEBUG netbaiot_transports::business_rpc::v3: business RPC V3 writer completed frame stream_id=0 frame_type=WindowUpdate payload_bytes=4
2026-09-26T01:48:49.767890Z DEBUG netbaiot_transports::business_rpc::v3: business RPC V3 body entered scheduler stream_id=22 class=Rpc body_bytes=196
2026-09-26T01:48:49.767916Z DEBUG netbaiot_transports::business_rpc::v3: business RPC V3 body entered scheduler stream_id=24 class=Rpc body_bytes=196
2026-09-26T01:48:49.767929Z DEBUG netbaiot_transports::business_rpc::v3: business RPC V3 body entered scheduler stream_id=26 class=Rpc body_bytes=197
2026-09-26T01:48:49.767942Z DEBUG netbaiot_transports::business_rpc::v3: business RPC V3 selected frame stream_id=0 frame_type=WindowUpdate payload_bytes=4
2026-09-26T01:48:49.768035Z DEBUG netbaiot_transports::business_rpc::v3: business RPC V3 writer completed frame stream_id=0 frame_type=WindowUpdate payload_bytes=4
2026-09-26T01:48:49.773962Z DEBUG netbaiot_transports::business_rpc::v3: business RPC V3 selected frame stream_id=22 frame_type=Open payload_bytes=158
2026-09-26T01:48:49.778154Z DEBUG netbaiot_transports::business_rpc::v3: business RPC V3 writer completed frame stream_id=22 frame_type=Open payload_bytes=158
2026-09-26T01:48:49.780933Z DEBUG netbaiot_transports::business_rpc::v3: business RPC V3 selected frame stream_id=22 frame_type=Data payload_bytes=196
2026-09-26T01:48:49.764247Z DEBUG netbaiot_transports::business_rpc::v3: business RPC V3 received frame stream_id=12 frame_type=Data payload_bytes=118
2026-09-26T01:48:49.783778Z DEBUG netbaiot_transports::business_rpc::v3: business RPC V3 writer completed frame stream_id=22 frame_type=Data payload_bytes=196
2026-09-26T01:48:49.791006Z DEBUG netbaiot_transports::business_rpc::v3: business RPC V3 selected frame stream_id=24 frame_type=Open payload_bytes=158
2026-09-26T01:48:49.786931Z DEBUG netbaiot_transports::business_rpc::v3: business RPC V3 Event delivery acknowledged stream_id=12 completion_us=326873
2026-09-26T01:48:49.796924Z DEBUG netbaiot_transports::business_rpc::v3: business RPC V3 writer completed frame stream_id=24 frame_type=Open payload_bytes=158
2026-09-26T01:48:49.801132Z DEBUG netbaiot_transports::business_rpc::v3: business RPC V3 received frame stream_id=0 frame_type=WindowUpdate payload_bytes=4
2026-09-26T01:48:49.805177Z DEBUG netbaiot_transports::business_rpc::v3: business RPC V3 selected frame stream_id=0 frame_type=WindowUpdate payload_bytes=4
2026-09-26T01:48:49.823992Z DEBUG netbaiot_transports::business_rpc::v3: business RPC V3 writer completed frame stream_id=0 frame_type=WindowUpdate payload_bytes=4
2026-09-26T01:48:49.811846Z DEBUG netbaiot_transports::business_rpc::v3: business RPC V3 received frame stream_id=22 frame_type=Response payload_bytes=35
2026-09-26T01:48:49.832859Z DEBUG netbaiot_transports::business_rpc::v3: business RPC V3 received frame stream_id=22 frame_type=Data payload_bytes=214
2026-09-26T01:48:49.827968Z DEBUG netbaiot_transports::business_rpc::v3: business RPC V3 body entered scheduler stream_id=28 class=Rpc body_bytes=197
2026-09-26T01:48:49.842948Z DEBUG netbaiot_transports::business_rpc::v3: business RPC V3 body entered scheduler stream_id=30 class=Rpc body_bytes=197
2026-09-26T01:48:49.845827Z DEBUG netbaiot_transports::business_rpc::v3: business RPC V3 selected frame stream_id=26 frame_type=Open payload_bytes=158
2026-09-26T01:48:49.851873Z DEBUG netbaiot_transports::business_rpc::v3: business RPC V3 writer completed frame stream_id=26 frame_type=Open payload_bytes=158
2026-09-26T01:48:49.855819Z DEBUG netbaiot_transports::business_rpc::v3: business RPC V3 selected frame stream_id=0 frame_type=WindowUpdate payload_bytes=4
2026-09-26T01:48:49.861920Z DEBUG netbaiot_transports::business_rpc::v3: business RPC V3 writer completed frame stream_id=0 frame_type=WindowUpdate payload_bytes=4
2026-09-26T01:48:49.865757Z DEBUG netbaiot_transports::business_rpc::v3: business RPC V3 selected frame stream_id=24 frame_type=Data payload_bytes=196
2026-09-26T01:48:49.865827Z DEBUG netbaiot_transports::business_rpc::v3: business RPC V3 writer completed frame stream_id=24 frame_type=Data payload_bytes=196
2026-09-26T01:48:49.871934Z DEBUG netbaiot_transports::business_rpc::v3: business RPC V3 selected frame stream_id=28 frame_type=Open payload_bytes=158
2026-09-26T01:48:49.876011Z DEBUG netbaiot_transports::business_rpc::v3: business RPC V3 writer completed frame stream_id=28 frame_type=Open payload_bytes=158
2026-09-26T01:48:49.878993Z DEBUG netbaiot_transports::business_rpc::v3: business RPC V3 selected frame stream_id=0 frame_type=WindowUpdate payload_bytes=4
2026-09-26T01:48:49.881821Z DEBUG netbaiot_transports::business_rpc::v3: business RPC V3 writer completed frame stream_id=0 frame_type=WindowUpdate payload_bytes=4
2026-09-26T01:48:49.885950Z DEBUG netbaiot_transports::business_rpc::v3: business RPC V3 selected frame stream_id=30 frame_type=Open payload_bytes=158
2026-09-26T01:48:49.888927Z DEBUG netbaiot_transports::business_rpc::v3: business RPC V3 writer completed frame stream_id=30 frame_type=Open payload_bytes=158
2026-09-26T01:48:49.891837Z DEBUG netbaiot_transports::business_rpc::v3: business RPC V3 selected frame stream_id=26 frame_type=Data payload_bytes=197
2026-09-26T01:48:49.896522Z DEBUG netbaiot_transports::business_rpc::v3: business RPC V3 writer completed frame stream_id=26 frame_type=Data payload_bytes=197
2026-09-26T01:48:49.901946Z DEBUG netbaiot_transports::business_rpc::v3: business RPC V3 selected frame stream_id=28 frame_type=Data payload_bytes=197
2026-09-26T01:48:49.905891Z DEBUG netbaiot_transports::business_rpc::v3: business RPC V3 writer completed frame stream_id=28 frame_type=Data payload_bytes=197
2026-09-26T01:48:49.915759Z DEBUG netbaiot_transports::business_rpc::v3: business RPC V3 selected frame stream_id=30 frame_type=Data payload_bytes=197
2026-09-26T01:48:49.921949Z DEBUG netbaiot_transports::business_rpc::v3: business RPC V3 writer completed frame stream_id=30 frame_type=Data payload_bytes=197
2026-09-26T01:48:49.925160Z DEBUG netbaiot_transports::business_rpc::v3: business RPC V3 received frame stream_id=0 frame_type=WindowUpdate payload_bytes=4
2026-09-26T01:48:49.934815Z DEBUG netbaiot_transports::business_rpc::v3: business RPC V3 received frame stream_id=24 frame_type=Response payload_bytes=35
2026-09-26T01:48:49.937547Z DEBUG netbaiot_transports::business_rpc::v3: business RPC V3 received frame stream_id=24 frame_type=Data payload_bytes=214
2026-09-26T01:48:49.937627Z DEBUG netbaiot_transports::business_rpc::v3: business RPC V3 received frame stream_id=0 frame_type=WindowUpdate payload_bytes=4
2026-09-26T01:48:49.937645Z DEBUG netbaiot_transports::business_rpc::v3: business RPC V3 received frame stream_id=26 frame_type=Response payload_bytes=35
2026-09-26T01:48:49.937658Z DEBUG netbaiot_transports::business_rpc::v3: business RPC V3 received frame stream_id=26 frame_type=Data payload_bytes=215
2026-09-26T01:48:49.937682Z DEBUG netbaiot_transports::business_rpc::v3: business RPC V3 received frame stream_id=0 frame_type=WindowUpdate payload_bytes=4
2026-09-26T01:48:49.938127Z DEBUG netbaiot_transports::business_rpc::v3: business RPC V3 received frame stream_id=28 frame_type=Response payload_bytes=35
2026-09-26T01:48:49.938156Z DEBUG netbaiot_transports::business_rpc::v3: business RPC V3 received frame stream_id=28 frame_type=Data payload_bytes=215
2026-09-26T01:48:49.938186Z DEBUG netbaiot_transports::business_rpc::v3: business RPC V3 received frame stream_id=0 frame_type=WindowUpdate payload_bytes=4
2026-09-26T01:48:49.938203Z DEBUG netbaiot_transports::business_rpc::v3: business RPC V3 received frame stream_id=30 frame_type=Response payload_bytes=35
2026-09-26T01:48:49.937783Z DEBUG netbaiot_transports::business_rpc::v3: business RPC V3 selected frame stream_id=0 frame_type=WindowUpdate payload_bytes=4
2026-09-26T01:48:49.946834Z DEBUG netbaiot_transports::business_rpc::v3: business RPC V3 writer completed frame stream_id=0 frame_type=WindowUpdate payload_bytes=4
2026-09-26T01:48:49.946859Z DEBUG netbaiot_transports::business_rpc::v3: business RPC V3 body entered scheduler stream_id=32 class=Rpc body_bytes=197
2026-09-26T01:48:49.946895Z DEBUG netbaiot_transports::business_rpc::v3: business RPC V3 body entered scheduler stream_id=34 class=Rpc body_bytes=197
2026-09-26T01:48:49.946905Z DEBUG netbaiot_transports::business_rpc::v3: business RPC V3 selected frame stream_id=0 frame_type=WindowUpdate payload_bytes=4
2026-09-26T01:48:49.946923Z DEBUG netbaiot_transports::business_rpc::v3: business RPC V3 writer completed frame stream_id=0 frame_type=WindowUpdate payload_bytes=4
2026-09-26T01:48:49.946933Z DEBUG netbaiot_transports::business_rpc::v3: business RPC V3 selected frame stream_id=0 frame_type=WindowUpdate payload_bytes=4
2026-09-26T01:48:49.946946Z DEBUG netbaiot_transports::business_rpc::v3: business RPC V3 writer completed frame stream_id=0 frame_type=WindowUpdate payload_bytes=4
2026-09-26T01:48:49.946954Z DEBUG netbaiot_transports::business_rpc::v3: business RPC V3 selected frame stream_id=32 frame_type=Open payload_bytes=158
2026-09-26T01:48:49.942879Z DEBUG netbaiot_transports::business_rpc::v3: business RPC V3 received frame stream_id=30 frame_type=Data payload_bytes=215
2026-09-26T01:48:49.952084Z DEBUG netbaiot_transports::business_rpc::v3: business RPC V3 writer completed frame stream_id=32 frame_type=Open payload_bytes=158
2026-09-26T01:48:49.958889Z DEBUG netbaiot_transports::business_rpc::v3: business RPC V3 body entered scheduler stream_id=36 class=Rpc body_bytes=197
2026-09-26T01:48:49.959124Z DEBUG netbaiot_transports::business_rpc::v3: business RPC V3 body entered scheduler stream_id=38 class=Rpc body_bytes=197
2026-09-26T01:48:49.961954Z DEBUG netbaiot_transports::business_rpc::v3: business RPC V3 selected frame stream_id=32 frame_type=Data payload_bytes=197
2026-09-26T01:48:49.962035Z DEBUG netbaiot_transports::business_rpc::v3: business RPC V3 writer completed frame stream_id=32 frame_type=Data payload_bytes=197
2026-09-26T01:48:49.970977Z DEBUG netbaiot_transports::business_rpc::v3: business RPC V3 selected frame stream_id=34 frame_type=Open payload_bytes=158
2026-09-26T01:48:49.971092Z DEBUG netbaiot_transports::business_rpc::v3: business RPC V3 writer completed frame stream_id=34 frame_type=Open payload_bytes=158
2026-09-26T01:48:49.962341Z DEBUG netbaiot_transports::business_rpc::v3: business RPC V3 received frame stream_id=0 frame_type=WindowUpdate payload_bytes=4
2026-09-26T01:48:49.977282Z DEBUG netbaiot_transports::business_rpc::v3: business RPC V3 received frame stream_id=32 frame_type=Response payload_bytes=35
2026-09-26T01:48:49.977291Z DEBUG netbaiot_transports::business_rpc::v3: business RPC V3 selected frame stream_id=0 frame_type=WindowUpdate payload_bytes=4
2026-09-26T01:48:49.980485Z DEBUG netbaiot_transports::business_rpc::v3: business RPC V3 writer completed frame stream_id=0 frame_type=WindowUpdate payload_bytes=4
2026-09-26T01:48:49.980928Z DEBUG netbaiot_transports::business_rpc::v3: business RPC V3 selected frame stream_id=36 frame_type=Open payload_bytes=158
2026-09-26T01:48:49.981210Z DEBUG netbaiot_transports::business_rpc::v3: business RPC V3 writer completed frame stream_id=36 frame_type=Open payload_bytes=158
2026-09-26T01:48:49.986075Z DEBUG netbaiot_transports::business_rpc::v3: business RPC V3 selected frame stream_id=38 frame_type=Open payload_bytes=158
2026-09-26T01:48:49.988339Z DEBUG netbaiot_transports::business_rpc::v3: business RPC V3 writer completed frame stream_id=38 frame_type=Open payload_bytes=158
2026-09-26T01:48:49.995022Z DEBUG netbaiot_transports::business_rpc::v3: business RPC V3 selected frame stream_id=34 frame_type=Data payload_bytes=197
2026-09-26T01:48:49.999047Z DEBUG netbaiot_transports::business_rpc::v3: business RPC V3 writer completed frame stream_id=34 frame_type=Data payload_bytes=197
2026-09-26T01:48:49.999073Z DEBUG netbaiot_transports::business_rpc::v3: business RPC V3 selected frame stream_id=36 frame_type=Data payload_bytes=197
2026-09-26T01:48:49.999098Z DEBUG netbaiot_transports::business_rpc::v3: business RPC V3 writer completed frame stream_id=36 frame_type=Data payload_bytes=197
2026-09-26T01:48:49.980414Z DEBUG netbaiot_transports::business_rpc::v3: business RPC V3 received frame stream_id=32 frame_type=Data payload_bytes=215
2026-09-26T01:48:50.005150Z DEBUG netbaiot_transports::business_rpc::v3: business RPC V3 selected frame stream_id=38 frame_type=Data payload_bytes=197
2026-09-26T01:48:50.009626Z DEBUG netbaiot_transports::business_rpc::v3: business RPC V3 received frame stream_id=0 frame_type=WindowUpdate payload_bytes=4
2026-09-26T01:48:50.019427Z DEBUG netbaiot_transports::business_rpc::v3: business RPC V3 received frame stream_id=0 frame_type=WindowUpdate payload_bytes=4
2026-09-26T01:48:50.015090Z DEBUG netbaiot_transports::business_rpc::v3: business RPC V3 writer completed frame stream_id=38 frame_type=Data payload_bytes=197
2026-09-26T01:48:50.029074Z DEBUG netbaiot_transports::business_rpc::v3: business RPC V3 selected frame stream_id=0 frame_type=WindowUpdate payload_bytes=4
2026-09-26T01:48:50.029557Z DEBUG netbaiot_transports::business_rpc::v3: business RPC V3 writer completed frame stream_id=0 frame_type=WindowUpdate payload_bytes=4
2026-09-26T01:48:50.025209Z DEBUG netbaiot_transports::business_rpc::v3: business RPC V3 received frame stream_id=36 frame_type=Response payload_bytes=35
2026-09-26T01:48:50.042138Z DEBUG netbaiot_transports::business_rpc::v3: business RPC V3 received frame stream_id=34 frame_type=Response payload_bytes=35
2026-09-26T01:48:50.042172Z DEBUG netbaiot_transports::business_rpc::v3: business RPC V3 received frame stream_id=36 frame_type=Data payload_bytes=215
2026-09-26T01:48:50.042227Z DEBUG netbaiot_transports::business_rpc::v3: business RPC V3 received frame stream_id=34 frame_type=Data payload_bytes=215
2026-09-26T01:48:50.042892Z DEBUG netbaiot_transports::business_rpc::v3: business RPC V3 body entered scheduler stream_id=40 class=Rpc body_bytes=197
2026-09-26T01:48:50.045401Z DEBUG netbaiot_transports::business_rpc::v3: business RPC V3 received frame stream_id=0 frame_type=WindowUpdate payload_bytes=4
2026-09-26T01:48:50.052952Z DEBUG netbaiot_transports::business_rpc::v3: business RPC V3 selected frame stream_id=40 frame_type=Open payload_bytes=158
2026-09-26T01:48:50.058852Z DEBUG netbaiot_transports::business_rpc::v3: business RPC V3 received frame stream_id=38 frame_type=Response payload_bytes=35
2026-09-26T01:48:50.064824Z DEBUG netbaiot_transports::business_rpc::v3: business RPC V3 writer completed frame stream_id=40 frame_type=Open payload_bytes=158
2026-09-26T01:48:50.068981Z DEBUG netbaiot_transports::business_rpc::v3: business RPC V3 received frame stream_id=38 frame_type=Data payload_bytes=215
2026-09-26T01:48:50.073021Z DEBUG netbaiot_transports::business_rpc::v3: business RPC V3 body entered scheduler stream_id=42 class=Rpc body_bytes=197
2026-09-26T01:48:50.084849Z DEBUG netbaiot_transports::business_rpc::v3: business RPC V3 body entered scheduler stream_id=44 class=Rpc body_bytes=197
2026-09-26T01:48:50.088924Z DEBUG netbaiot_transports::business_rpc::v3: business RPC V3 body entered scheduler stream_id=46 class=Rpc body_bytes=197
2026-09-26T01:48:50.092867Z DEBUG netbaiot_transports::business_rpc::v3: business RPC V3 selected frame stream_id=0 frame_type=WindowUpdate payload_bytes=4
2026-09-26T01:48:50.098854Z DEBUG netbaiot_transports::business_rpc::v3: business RPC V3 writer completed frame stream_id=0 frame_type=WindowUpdate payload_bytes=4
2026-09-26T01:48:50.104698Z DEBUG netbaiot_transports::business_rpc::v3: business RPC V3 selected frame stream_id=0 frame_type=WindowUpdate payload_bytes=4
2026-09-26T01:48:50.108913Z DEBUG netbaiot_transports::business_rpc::v3: business RPC V3 writer completed frame stream_id=0 frame_type=WindowUpdate payload_bytes=4
2026-09-26T01:48:50.115231Z DEBUG netbaiot_transports::business_rpc::v3: business RPC V3 selected frame stream_id=40 frame_type=Data payload_bytes=197
2026-09-26T01:48:50.118877Z DEBUG netbaiot_transports::business_rpc::v3: business RPC V3 writer completed frame stream_id=40 frame_type=Data payload_bytes=197
2026-09-26T01:48:50.126000Z DEBUG netbaiot_transports::business_rpc::v3: business RPC V3 selected frame stream_id=42 frame_type=Open payload_bytes=158
2026-09-26T01:48:50.129925Z DEBUG netbaiot_transports::business_rpc::v3: business RPC V3 writer completed frame stream_id=42 frame_type=Open payload_bytes=158
2026-09-26T01:48:50.135730Z DEBUG netbaiot_transports::business_rpc::v3: business RPC V3 selected frame stream_id=0 frame_type=WindowUpdate payload_bytes=4
2026-09-26T01:48:50.138818Z DEBUG netbaiot_transports::business_rpc::v3: business RPC V3 writer completed frame stream_id=0 frame_type=WindowUpdate payload_bytes=4
2026-09-26T01:48:50.142162Z DEBUG netbaiot_transports::business_rpc::v3: business RPC V3 selected frame stream_id=44 frame_type=Open payload_bytes=158
2026-09-26T01:48:50.142375Z DEBUG netbaiot_transports::business_rpc::v3: business RPC V3 writer completed frame stream_id=44 frame_type=Open payload_bytes=158
2026-09-26T01:48:50.145450Z DEBUG netbaiot_transports::business_rpc::v3: business RPC V3 selected frame stream_id=46 frame_type=Open payload_bytes=158
2026-09-26T01:48:50.146119Z DEBUG netbaiot_transports::business_rpc::v3: business RPC V3 writer completed frame stream_id=46 frame_type=Open payload_bytes=158
2026-09-26T01:48:50.150467Z DEBUG netbaiot_transports::business_rpc::v3: business RPC V3 selected frame stream_id=42 frame_type=Data payload_bytes=197
2026-09-26T01:48:50.153819Z DEBUG netbaiot_transports::business_rpc::v3: business RPC V3 writer completed frame stream_id=42 frame_type=Data payload_bytes=197
2026-09-26T01:48:50.157413Z DEBUG netbaiot_transports::business_rpc::v3: business RPC V3 selected frame stream_id=44 frame_type=Data payload_bytes=197
2026-09-26T01:48:50.157536Z DEBUG netbaiot_transports::business_rpc::v3: business RPC V3 writer completed frame stream_id=44 frame_type=Data payload_bytes=197
2026-09-26T01:48:50.157986Z DEBUG netbaiot_transports::business_rpc::v3: business RPC V3 selected frame stream_id=46 frame_type=Data payload_bytes=197
2026-09-26T01:48:50.164645Z DEBUG netbaiot_transports::business_rpc::v3: business RPC V3 writer completed frame stream_id=46 frame_type=Data payload_bytes=197
2026-09-26T01:48:50.168767Z DEBUG netbaiot_transports::business_rpc::v3: business RPC V3 received frame stream_id=0 frame_type=WindowUpdate payload_bytes=4
2026-09-26T01:48:50.172856Z DEBUG netbaiot_transports::business_rpc::v3: business RPC V3 received frame stream_id=40 frame_type=Response payload_bytes=35
2026-09-26T01:48:50.172886Z DEBUG netbaiot_transports::business_rpc::v3: business RPC V3 received frame stream_id=40 frame_type=Data payload_bytes=215
2026-09-26T01:48:50.172938Z DEBUG netbaiot_transports::business_rpc::v3: business RPC V3 received frame stream_id=0 frame_type=WindowUpdate payload_bytes=4
2026-09-26T01:48:50.182618Z DEBUG netbaiot_transports::business_rpc::v3: business RPC V3 received frame stream_id=42 frame_type=Response payload_bytes=35
2026-09-26T01:48:50.189049Z DEBUG netbaiot_transports::business_rpc::v3: business RPC V3 received frame stream_id=42 frame_type=Data payload_bytes=215
2026-09-26T01:48:50.172964Z DEBUG netbaiot_transports::business_rpc::v3: business RPC V3 selected frame stream_id=0 frame_type=WindowUpdate payload_bytes=4
2026-09-26T01:48:50.189242Z DEBUG netbaiot_transports::business_rpc::v3: business RPC V3 received frame stream_id=0 frame_type=WindowUpdate payload_bytes=4
2026-09-26T01:48:50.198850Z DEBUG netbaiot_transports::business_rpc::v3: business RPC V3 received frame stream_id=44 frame_type=Response payload_bytes=35
2026-09-26T01:48:50.198873Z DEBUG netbaiot_transports::business_rpc::v3: business RPC V3 received frame stream_id=44 frame_type=Data payload_bytes=215
2026-09-26T01:48:50.198955Z DEBUG netbaiot_transports::business_rpc::v3: business RPC V3 received frame stream_id=0 frame_type=WindowUpdate payload_bytes=4
2026-09-26T01:48:50.198999Z DEBUG netbaiot_transports::business_rpc::v3: business RPC V3 received frame stream_id=46 frame_type=Response payload_bytes=35
2026-09-26T01:48:50.195114Z DEBUG netbaiot_transports::business_rpc::v3: business RPC V3 writer completed frame stream_id=0 frame_type=WindowUpdate payload_bytes=4
2026-09-26T01:48:50.204914Z DEBUG netbaiot_transports::business_rpc::v3: business RPC V3 received frame stream_id=46 frame_type=Data payload_bytes=215
2026-09-26T01:48:50.207734Z DEBUG netbaiot_transports::business_rpc::v3: business RPC V3 body entered scheduler stream_id=48 class=Rpc body_bytes=197
2026-09-26T01:48:50.218920Z DEBUG netbaiot_transports::business_rpc::v3: business RPC V3 body entered scheduler stream_id=50 class=Rpc body_bytes=197
2026-09-26T01:48:50.222769Z DEBUG netbaiot_transports::business_rpc::v3: business RPC V3 body entered scheduler stream_id=52 class=Rpc body_bytes=197
2026-09-26T01:48:50.223285Z DEBUG netbaiot_transports::business_rpc::v3: business RPC V3 body entered scheduler stream_id=54 class=Rpc body_bytes=197
2026-09-26T01:48:50.232876Z DEBUG netbaiot_transports::business_rpc::v3: business RPC V3 selected frame stream_id=0 frame_type=WindowUpdate payload_bytes=4
2026-09-26T01:48:50.233012Z DEBUG netbaiot_transports::business_rpc::v3: business RPC V3 writer completed frame stream_id=0 frame_type=WindowUpdate payload_bytes=4
2026-09-26T01:48:50.237118Z DEBUG netbaiot_transports::business_rpc::v3: business RPC V3 selected frame stream_id=48 frame_type=Open payload_bytes=158
2026-09-26T01:48:50.243557Z DEBUG netbaiot_transports::business_rpc::v3: business RPC V3 writer completed frame stream_id=48 frame_type=Open payload_bytes=158
2026-09-26T01:48:50.249011Z DEBUG netbaiot_transports::business_rpc::v3: business RPC V3 selected frame stream_id=0 frame_type=WindowUpdate payload_bytes=4
2026-09-26T01:48:50.254824Z DEBUG netbaiot_transports::business_rpc::v3: business RPC V3 writer completed frame stream_id=0 frame_type=WindowUpdate payload_bytes=4
2026-09-26T01:48:50.260988Z DEBUG netbaiot_transports::business_rpc::v3: business RPC V3 selected frame stream_id=48 frame_type=Data payload_bytes=197
2026-09-26T01:48:50.264971Z DEBUG netbaiot_transports::business_rpc::v3: business RPC V3 writer completed frame stream_id=48 frame_type=Data payload_bytes=197
2026-09-26T01:48:50.265002Z DEBUG netbaiot_transports::business_rpc::v3: business RPC V3 selected frame stream_id=50 frame_type=Open payload_bytes=158
2026-09-26T01:48:50.265021Z DEBUG netbaiot_transports::business_rpc::v3: business RPC V3 writer completed frame stream_id=50 frame_type=Open payload_bytes=158
2026-09-26T01:48:50.265031Z DEBUG netbaiot_transports::business_rpc::v3: business RPC V3 selected frame stream_id=0 frame_type=WindowUpdate payload_bytes=4
2026-09-26T01:48:50.265045Z DEBUG netbaiot_transports::business_rpc::v3: business RPC V3 writer completed frame stream_id=0 frame_type=WindowUpdate payload_bytes=4
2026-09-26T01:48:50.265056Z DEBUG netbaiot_transports::business_rpc::v3: business RPC V3 selected frame stream_id=52 frame_type=Open payload_bytes=158
2026-09-26T01:48:50.265071Z DEBUG netbaiot_transports::business_rpc::v3: business RPC V3 writer completed frame stream_id=52 frame_type=Open payload_bytes=158
2026-09-26T01:48:50.265080Z DEBUG netbaiot_transports::business_rpc::v3: business RPC V3 selected frame stream_id=54 frame_type=Open payload_bytes=158
2026-09-26T01:48:50.271667Z DEBUG netbaiot_transports::business_rpc::v3: business RPC V3 writer completed frame stream_id=54 frame_type=Open payload_bytes=158
2026-09-26T01:48:50.277813Z DEBUG netbaiot_transports::business_rpc::v3: business RPC V3 selected frame stream_id=50 frame_type=Data payload_bytes=197
2026-09-26T01:48:50.284398Z DEBUG netbaiot_transports::business_rpc::v3: business RPC V3 writer completed frame stream_id=50 frame_type=Data payload_bytes=197
2026-09-26T01:48:50.288103Z DEBUG netbaiot_transports::business_rpc::v3: business RPC V3 selected frame stream_id=52 frame_type=Data payload_bytes=197
2026-09-26T01:48:50.288218Z DEBUG netbaiot_transports::business_rpc::v3: business RPC V3 writer completed frame stream_id=52 frame_type=Data payload_bytes=197
2026-09-26T01:48:50.288241Z DEBUG netbaiot_transports::business_rpc::v3: business RPC V3 selected frame stream_id=54 frame_type=Data payload_bytes=197
2026-09-26T01:48:50.288270Z DEBUG netbaiot_transports::business_rpc::v3: business RPC V3 writer completed frame stream_id=54 frame_type=Data payload_bytes=197
2026-09-26T01:48:50.291241Z DEBUG netbaiot_transports::business_rpc::v3: business RPC V3 received frame stream_id=0 frame_type=WindowUpdate payload_bytes=4
2026-09-26T01:48:50.294353Z DEBUG netbaiot_transports::business_rpc::v3: business RPC V3 received frame stream_id=48 frame_type=Response payload_bytes=35
2026-09-26T01:48:50.294440Z DEBUG netbaiot_transports::business_rpc::v3: business RPC V3 received frame stream_id=48 frame_type=Data payload_bytes=215
2026-09-26T01:48:50.295102Z DEBUG netbaiot_transports::business_rpc::v3: business RPC V3 received frame stream_id=0 frame_type=WindowUpdate payload_bytes=4
2026-09-26T01:48:50.295148Z DEBUG netbaiot_transports::business_rpc::v3: business RPC V3 selected frame stream_id=0 frame_type=WindowUpdate payload_bytes=4
2026-09-26T01:48:50.304793Z DEBUG netbaiot_transports::business_rpc::v3: business RPC V3 writer completed frame stream_id=0 frame_type=WindowUpdate payload_bytes=4
2026-09-26T01:48:50.301571Z DEBUG netbaiot_transports::business_rpc::v3: business RPC V3 received frame stream_id=50 frame_type=Response payload_bytes=35
2026-09-26T01:48:50.304952Z DEBUG netbaiot_transports::business_rpc::v3: business RPC V3 received frame stream_id=50 frame_type=Data payload_bytes=215
2026-09-26T01:48:50.310875Z DEBUG netbaiot_transports::business_rpc::v3: business RPC V3 received frame stream_id=0 frame_type=WindowUpdate payload_bytes=4
2026-09-26T01:48:50.315157Z DEBUG netbaiot_transports::business_rpc::v3: business RPC V3 received frame stream_id=0 frame_type=WindowUpdate payload_bytes=4
2026-09-26T01:48:50.311030Z DEBUG netbaiot_transports::business_rpc::v3: business RPC V3 selected frame stream_id=0 frame_type=WindowUpdate payload_bytes=4
2026-09-26T01:48:50.323975Z DEBUG netbaiot_transports::business_rpc::v3: business RPC V3 writer completed frame stream_id=0 frame_type=WindowUpdate payload_bytes=4
2026-09-26T01:48:50.320874Z DEBUG netbaiot_transports::business_rpc::v3: business RPC V3 received frame stream_id=54 frame_type=Response payload_bytes=35
2026-09-26T01:48:50.332791Z DEBUG netbaiot_transports::business_rpc::v3: business RPC V3 received frame stream_id=52 frame_type=Response payload_bytes=35
2026-09-26T01:48:50.339112Z DEBUG netbaiot_transports::business_rpc::v3: business RPC V3 received frame stream_id=54 frame_type=Data payload_bytes=215
2026-09-26T01:48:50.342053Z DEBUG netbaiot_transports::business_rpc::v3: business RPC V3 received frame stream_id=52 frame_type=Data payload_bytes=215
2026-09-26T01:48:50.342059Z DEBUG netbaiot_transports::business_rpc::v3: business RPC V3 selected frame stream_id=0 frame_type=WindowUpdate payload_bytes=4
2026-09-26T01:48:50.346823Z DEBUG netbaiot_transports::business_rpc::v3: business RPC V3 writer completed frame stream_id=0 frame_type=WindowUpdate payload_bytes=4
2026-09-26T01:48:50.350679Z DEBUG netbaiot_transports::business_rpc::v3: business RPC V3 body entered scheduler stream_id=56 class=Rpc body_bytes=197
2026-09-26T01:48:50.350775Z DEBUG netbaiot_transports::business_rpc::v3: business RPC V3 body entered scheduler stream_id=58 class=Rpc body_bytes=197
2026-09-26T01:48:50.350848Z DEBUG netbaiot_transports::business_rpc::v3: business RPC V3 body entered scheduler stream_id=60 class=Rpc body_bytes=197
2026-09-26T01:48:50.350877Z DEBUG netbaiot_transports::business_rpc::v3: business RPC V3 selected frame stream_id=0 frame_type=WindowUpdate payload_bytes=4
2026-09-26T01:48:50.350982Z DEBUG netbaiot_transports::business_rpc::v3: business RPC V3 writer completed frame stream_id=0 frame_type=WindowUpdate payload_bytes=4
2026-09-26T01:48:50.353699Z DEBUG netbaiot_transports::business_rpc::v3: business RPC V3 selected frame stream_id=56 frame_type=Open payload_bytes=158
2026-09-26T01:48:50.357687Z DEBUG netbaiot_transports::business_rpc::v3: business RPC V3 writer completed frame stream_id=56 frame_type=Open payload_bytes=158
2026-09-26T01:48:50.361775Z DEBUG netbaiot_transports::business_rpc::v3: business RPC V3 selected frame stream_id=58 frame_type=Open payload_bytes=158
2026-09-26T01:48:50.368070Z DEBUG netbaiot_transports::business_rpc::v3: business RPC V3 writer completed frame stream_id=58 frame_type=Open payload_bytes=158
2026-09-26T01:48:50.373887Z DEBUG netbaiot_transports::business_rpc::v3: business RPC V3 selected frame stream_id=60 frame_type=Open payload_bytes=158
2026-09-26T01:48:50.377130Z DEBUG netbaiot_transports::business_rpc::v3: business RPC V3 writer completed frame stream_id=60 frame_type=Open payload_bytes=158
2026-09-26T01:48:50.382939Z DEBUG netbaiot_transports::business_rpc::v3: business RPC V3 selected frame stream_id=56 frame_type=Data payload_bytes=197
2026-09-26T01:48:50.385874Z DEBUG netbaiot_transports::business_rpc::v3: business RPC V3 writer completed frame stream_id=56 frame_type=Data payload_bytes=197
2026-09-26T01:48:50.391846Z DEBUG netbaiot_transports::business_rpc::v3: business RPC V3 selected frame stream_id=58 frame_type=Data payload_bytes=197
2026-09-26T01:48:50.397830Z DEBUG netbaiot_transports::business_rpc::v3: business RPC V3 writer completed frame stream_id=58 frame_type=Data payload_bytes=197
2026-09-26T01:48:50.402025Z DEBUG netbaiot_transports::business_rpc::v3: business RPC V3 selected frame stream_id=60 frame_type=Data payload_bytes=197
2026-09-26T01:48:50.405132Z DEBUG netbaiot_transports::business_rpc::v3: business RPC V3 writer completed frame stream_id=60 frame_type=Data payload_bytes=197
2026-09-26T01:48:50.406874Z DEBUG netbaiot_transports::business_rpc::v3: business RPC V3 received frame stream_id=0 frame_type=WindowUpdate payload_bytes=4
2026-09-26T01:48:50.412654Z DEBUG netbaiot_transports::business_rpc::v3: business RPC V3 received frame stream_id=56 frame_type=Response payload_bytes=35
2026-09-26T01:48:50.417989Z DEBUG netbaiot_transports::business_rpc::v3: business RPC V3 received frame stream_id=56 frame_type=Data payload_bytes=215
2026-09-26T01:48:50.425076Z DEBUG netbaiot_transports::business_rpc::v3: business RPC V3 received frame stream_id=0 frame_type=WindowUpdate payload_bytes=4
2026-09-26T01:48:50.428814Z DEBUG netbaiot_transports::business_rpc::v3: business RPC V3 received frame stream_id=58 frame_type=Response payload_bytes=35
2026-09-26T01:48:50.425145Z DEBUG netbaiot_transports::business_rpc::v3: business RPC V3 body entered scheduler stream_id=62 class=Rpc body_bytes=197
2026-09-26T01:48:50.439232Z DEBUG netbaiot_transports::business_rpc::v3: business RPC V3 selected frame stream_id=62 frame_type=Open payload_bytes=158
2026-09-26T01:48:50.432301Z DEBUG netbaiot_transports::business_rpc::v3: business RPC V3 received frame stream_id=58 frame_type=Data payload_bytes=215
2026-09-26T01:48:50.444407Z DEBUG netbaiot_transports::business_rpc::v3: business RPC V3 writer completed frame stream_id=62 frame_type=Open payload_bytes=158
2026-09-26T01:48:50.444492Z DEBUG netbaiot_transports::business_rpc::v3: business RPC V3 received frame stream_id=0 frame_type=WindowUpdate payload_bytes=4
2026-09-26T01:48:50.449399Z DEBUG netbaiot_transports::business_rpc::v3: business RPC V3 selected frame stream_id=0 frame_type=WindowUpdate payload_bytes=4
2026-09-26T01:48:50.450557Z DEBUG netbaiot_transports::business_rpc::v3: business RPC V3 writer completed frame stream_id=0 frame_type=WindowUpdate payload_bytes=4
2026-09-26T01:48:50.450588Z DEBUG netbaiot_transports::business_rpc::v3: business RPC V3 selected frame stream_id=0 frame_type=WindowUpdate payload_bytes=4
2026-09-26T01:48:50.450614Z DEBUG netbaiot_transports::business_rpc::v3: business RPC V3 writer completed frame stream_id=0 frame_type=WindowUpdate payload_bytes=4
2026-09-26T01:48:50.461175Z DEBUG netbaiot_transports::business_rpc::v3: business RPC V3 body entered scheduler stream_id=64 class=Rpc body_bytes=197
2026-09-26T01:48:50.450661Z DEBUG netbaiot_transports::business_rpc::v3: business RPC V3 received frame stream_id=60 frame_type=Response payload_bytes=35
2026-09-26T01:48:50.467014Z DEBUG netbaiot_transports::business_rpc::v3: business RPC V3 selected frame stream_id=64 frame_type=Open payload_bytes=158
2026-09-26T01:48:50.479889Z DEBUG netbaiot_transports::business_rpc::v3: business RPC V3 writer completed frame stream_id=64 frame_type=Open payload_bytes=158
2026-09-26T01:48:50.483940Z DEBUG netbaiot_transports::business_rpc::v3: business RPC V3 body entered scheduler stream_id=66 class=Event body_bytes=17365
2026-09-26T01:48:50.484169Z DEBUG netbaiot_transports::business_rpc::v3: business RPC V3 selected frame stream_id=62 frame_type=Data payload_bytes=197
2026-09-26T01:48:50.474451Z DEBUG netbaiot_transports::business_rpc::v3: business RPC V3 received frame stream_id=60 frame_type=Data payload_bytes=215
2026-09-26T01:48:50.484820Z DEBUG netbaiot_transports::business_rpc::v3: business RPC V3 writer completed frame stream_id=62 frame_type=Data payload_bytes=197
2026-09-26T01:48:50.485142Z DEBUG netbaiot_transports::business_rpc::v3: business RPC V3 received frame stream_id=0 frame_type=WindowUpdate payload_bytes=4
2026-09-26T01:48:50.492851Z DEBUG netbaiot_transports::business_rpc::v3: business RPC V3 received frame stream_id=62 frame_type=Response payload_bytes=35
2026-09-26T01:48:50.489969Z DEBUG netbaiot_transports::business_rpc::v3: business RPC V3 selected frame stream_id=66 frame_type=Open payload_bytes=184
2026-09-26T01:48:50.504031Z DEBUG netbaiot_transports::business_rpc::v3: business RPC V3 writer completed frame stream_id=66 frame_type=Open payload_bytes=184
2026-09-26T01:48:50.510066Z DEBUG netbaiot_transports::business_rpc::v3: business RPC V3 body entered scheduler stream_id=68 class=Rpc body_bytes=197
2026-09-26T01:48:50.500641Z DEBUG netbaiot_transports::business_rpc::v3: business RPC V3 received frame stream_id=62 frame_type=Data payload_bytes=215
2026-09-26T01:48:50.511894Z DEBUG netbaiot_transports::business_rpc::v3: business RPC V3 body entered scheduler stream_id=70 class=Rpc body_bytes=197
2026-09-26T01:48:50.521816Z DEBUG netbaiot_transports::business_rpc::v3: business RPC V3 body entered scheduler stream_id=72 class=Rpc body_bytes=197
2026-09-26T01:48:50.526435Z DEBUG netbaiot_transports::business_rpc::v3: business RPC V3 selected frame stream_id=0 frame_type=WindowUpdate payload_bytes=4
2026-09-26T01:48:50.532096Z DEBUG netbaiot_transports::business_rpc::v3: business RPC V3 writer completed frame stream_id=0 frame_type=WindowUpdate payload_bytes=4
2026-09-26T01:48:50.537719Z DEBUG netbaiot_transports::business_rpc::v3: business RPC V3 selected frame stream_id=68 frame_type=Open payload_bytes=158
2026-09-26T01:48:50.543362Z DEBUG netbaiot_transports::business_rpc::v3: business RPC V3 writer completed frame stream_id=68 frame_type=Open payload_bytes=158
2026-09-26T01:48:50.543396Z DEBUG netbaiot_transports::business_rpc::v3: business RPC V3 selected frame stream_id=70 frame_type=Open payload_bytes=158
2026-09-26T01:48:50.555091Z DEBUG netbaiot_transports::business_rpc::v3: business RPC V3 writer completed frame stream_id=70 frame_type=Open payload_bytes=158
2026-09-26T01:48:50.560166Z DEBUG netbaiot_transports::business_rpc::v3: business RPC V3 selected frame stream_id=64 frame_type=Data payload_bytes=197
2026-09-26T01:48:50.565579Z DEBUG netbaiot_transports::business_rpc::v3: business RPC V3 writer completed frame stream_id=64 frame_type=Data payload_bytes=197
2026-09-26T01:48:50.569868Z DEBUG netbaiot_transports::business_rpc::v3: business RPC V3 selected frame stream_id=0 frame_type=WindowUpdate payload_bytes=4
2026-09-26T01:48:50.573023Z DEBUG netbaiot_transports::business_rpc::v3: business RPC V3 writer completed frame stream_id=0 frame_type=WindowUpdate payload_bytes=4
2026-09-26T01:48:50.576466Z DEBUG netbaiot_transports::business_rpc::v3: business RPC V3 selected frame stream_id=72 frame_type=Open payload_bytes=158
2026-09-26T01:48:50.579253Z DEBUG netbaiot_transports::business_rpc::v3: business RPC V3 writer completed frame stream_id=72 frame_type=Open payload_bytes=158
2026-09-26T01:48:50.585411Z DEBUG netbaiot_transports::business_rpc::v3: business RPC V3 selected frame stream_id=68 frame_type=Data payload_bytes=197
2026-09-26T01:48:50.589901Z DEBUG netbaiot_transports::business_rpc::v3: business RPC V3 writer completed frame stream_id=68 frame_type=Data payload_bytes=197
2026-09-26T01:48:50.589956Z DEBUG netbaiot_transports::business_rpc::v3: business RPC V3 selected frame stream_id=70 frame_type=Data payload_bytes=197
2026-09-26T01:48:50.589992Z DEBUG netbaiot_transports::business_rpc::v3: business RPC V3 writer completed frame stream_id=70 frame_type=Data payload_bytes=197
2026-09-26T01:48:50.596966Z DEBUG netbaiot_transports::business_rpc::v3: business RPC V3 selected frame stream_id=66 frame_type=Data payload_bytes=8192
2026-09-26T01:48:50.600105Z DEBUG netbaiot_transports::business_rpc::v3: business RPC V3 writer completed frame stream_id=66 frame_type=Data payload_bytes=8192
2026-09-26T01:48:50.608826Z DEBUG netbaiot_transports::business_rpc::v3: business RPC V3 selected frame stream_id=72 frame_type=Data payload_bytes=197
2026-09-26T01:48:50.614985Z DEBUG netbaiot_transports::business_rpc::v3: business RPC V3 writer completed frame stream_id=72 frame_type=Data payload_bytes=197
2026-09-26T01:48:50.615031Z DEBUG netbaiot_transports::business_rpc::v3: business RPC V3 selected frame stream_id=66 frame_type=Data payload_bytes=8192
2026-09-26T01:48:50.615074Z DEBUG netbaiot_transports::business_rpc::v3: business RPC V3 writer completed frame stream_id=66 frame_type=Data payload_bytes=8192
2026-09-26T01:48:50.620427Z DEBUG netbaiot_transports::business_rpc::v3: business RPC V3 received frame stream_id=0 frame_type=WindowUpdate payload_bytes=4
2026-09-26T01:48:50.620948Z DEBUG netbaiot_transports::business_rpc::v3: business RPC V3 received frame stream_id=64 frame_type=Response payload_bytes=35
2026-09-26T01:48:50.625727Z DEBUG netbaiot_transports::business_rpc::v3: business RPC V3 received frame stream_id=64 frame_type=Data payload_bytes=215
2026-09-26T01:48:50.628873Z DEBUG netbaiot_transports::business_rpc::v3: business RPC V3 received frame stream_id=0 frame_type=WindowUpdate payload_bytes=4
2026-09-26T01:48:50.628895Z DEBUG netbaiot_transports::business_rpc::v3: business RPC V3 selected frame stream_id=0 frame_type=WindowUpdate payload_bytes=4
2026-09-26T01:48:50.642052Z DEBUG netbaiot_transports::business_rpc::v3: business RPC V3 writer completed frame stream_id=0 frame_type=WindowUpdate payload_bytes=4
2026-09-26T01:48:50.638173Z DEBUG netbaiot_transports::business_rpc::v3: business RPC V3 received frame stream_id=0 frame_type=WindowUpdate payload_bytes=4
2026-09-26T01:48:50.652463Z DEBUG netbaiot_transports::business_rpc::v3: business RPC V3 received frame stream_id=68 frame_type=Response payload_bytes=35
2026-09-26T01:48:50.660979Z DEBUG netbaiot_transports::business_rpc::v3: business RPC V3 received frame stream_id=68 frame_type=Data payload_bytes=215
2026-09-26T01:48:50.666893Z DEBUG netbaiot_transports::business_rpc::v3: business RPC V3 received frame stream_id=70 frame_type=Response payload_bytes=35
2026-09-26T01:48:50.667103Z DEBUG netbaiot_transports::business_rpc::v3: business RPC V3 body entered scheduler stream_id=74 class=Rpc body_bytes=197
2026-09-26T01:48:50.674856Z DEBUG netbaiot_transports::business_rpc::v3: business RPC V3 selected frame stream_id=74 frame_type=Open payload_bytes=158
2026-09-26T01:48:50.674970Z DEBUG netbaiot_transports::business_rpc::v3: business RPC V3 writer completed frame stream_id=74 frame_type=Open payload_bytes=158
2026-09-26T01:48:50.671045Z DEBUG netbaiot_transports::business_rpc::v3: business RPC V3 received frame stream_id=70 frame_type=Data payload_bytes=215
2026-09-26T01:48:50.680762Z DEBUG netbaiot_transports::business_rpc::v3: business RPC V3 selected frame stream_id=0 frame_type=WindowUpdate payload_bytes=4
2026-09-26T01:48:50.687994Z DEBUG netbaiot_transports::business_rpc::v3: business RPC V3 writer completed frame stream_id=0 frame_type=WindowUpdate payload_bytes=4
2026-09-26T01:48:50.684983Z DEBUG netbaiot_transports::business_rpc::v3: business RPC V3 received frame stream_id=0 frame_type=WindowUpdate payload_bytes=4
2026-09-26T01:48:50.695375Z DEBUG netbaiot_transports::business_rpc::v3: business RPC V3 received frame stream_id=66 frame_type=WindowUpdate payload_bytes=4
2026-09-26T01:48:50.695395Z DEBUG netbaiot_transports::business_rpc::v3: business RPC V3 received frame stream_id=0 frame_type=WindowUpdate payload_bytes=4
2026-09-26T01:48:50.695407Z DEBUG netbaiot_transports::business_rpc::v3: business RPC V3 received frame stream_id=0 frame_type=WindowUpdate payload_bytes=4
2026-09-26T01:48:50.695417Z DEBUG netbaiot_transports::business_rpc::v3: business RPC V3 received frame stream_id=66 frame_type=WindowUpdate payload_bytes=4
2026-09-26T01:48:50.695427Z DEBUG netbaiot_transports::business_rpc::v3: business RPC V3 received frame stream_id=72 frame_type=Response payload_bytes=35
2026-09-26T01:48:50.695460Z DEBUG netbaiot_transports::business_rpc::v3: business RPC V3 received frame stream_id=72 frame_type=Data payload_bytes=215
2026-09-26T01:48:50.693860Z DEBUG netbaiot_transports::business_rpc::v3: business RPC V3 selected frame stream_id=0 frame_type=WindowUpdate payload_bytes=4
2026-09-26T01:48:50.699143Z DEBUG netbaiot_transports::business_rpc::v3: business RPC V3 writer completed frame stream_id=0 frame_type=WindowUpdate payload_bytes=4
2026-09-26T01:48:50.702937Z DEBUG netbaiot_transports::business_rpc::v3: business RPC V3 body entered scheduler stream_id=76 class=Rpc body_bytes=197
2026-09-26T01:48:50.708803Z DEBUG netbaiot_transports::business_rpc::v3: business RPC V3 body entered scheduler stream_id=78 class=Rpc body_bytes=197
2026-09-26T01:48:50.709082Z DEBUG netbaiot_transports::business_rpc::v3: business RPC V3 body entered scheduler stream_id=80 class=Rpc body_bytes=197
2026-09-26T01:48:50.714018Z DEBUG netbaiot_transports::business_rpc::v3: business RPC V3 selected frame stream_id=74 frame_type=Data payload_bytes=197
2026-09-26T01:48:50.717798Z DEBUG netbaiot_transports::business_rpc::v3: business RPC V3 writer completed frame stream_id=74 frame_type=Data payload_bytes=197
2026-09-26T01:48:50.724969Z DEBUG netbaiot_transports::business_rpc::v3: business RPC V3 selected frame stream_id=76 frame_type=Open payload_bytes=158
2026-09-26T01:48:50.731033Z DEBUG netbaiot_transports::business_rpc::v3: business RPC V3 writer completed frame stream_id=76 frame_type=Open payload_bytes=158
2026-09-26T01:48:50.741039Z DEBUG netbaiot_transports::business_rpc::v3: business RPC V3 selected frame stream_id=0 frame_type=WindowUpdate payload_bytes=4
2026-09-26T01:48:50.747225Z DEBUG netbaiot_transports::business_rpc::v3: business RPC V3 writer completed frame stream_id=0 frame_type=WindowUpdate payload_bytes=4
2026-09-26T01:48:50.751796Z DEBUG netbaiot_transports::business_rpc::v3: business RPC V3 selected frame stream_id=78 frame_type=Open payload_bytes=158
2026-09-26T01:48:50.758480Z DEBUG netbaiot_transports::business_rpc::v3: business RPC V3 writer completed frame stream_id=78 frame_type=Open payload_bytes=158
2026-09-26T01:48:50.763701Z DEBUG netbaiot_transports::business_rpc::v3: business RPC V3 selected frame stream_id=80 frame_type=Open payload_bytes=158
2026-09-26T01:48:50.775153Z DEBUG netbaiot_transports::business_rpc::v3: business RPC V3 writer completed frame stream_id=80 frame_type=Open payload_bytes=158
2026-09-26T01:48:50.780928Z DEBUG netbaiot_transports::business_rpc::v3: business RPC V3 selected frame stream_id=76 frame_type=Data payload_bytes=197
2026-09-26T01:48:50.787068Z DEBUG netbaiot_transports::business_rpc::v3: business RPC V3 writer completed frame stream_id=76 frame_type=Data payload_bytes=197
2026-09-26T01:48:50.797188Z DEBUG netbaiot_transports::business_rpc::v3: business RPC V3 selected frame stream_id=78 frame_type=Data payload_bytes=197
2026-09-26T01:48:50.801057Z DEBUG netbaiot_transports::business_rpc::v3: business RPC V3 writer completed frame stream_id=78 frame_type=Data payload_bytes=197
2026-09-26T01:48:50.803030Z DEBUG netbaiot_transports::business_rpc::v3: business RPC V3 selected frame stream_id=80 frame_type=Data payload_bytes=197
2026-09-26T01:48:50.808788Z DEBUG netbaiot_transports::business_rpc::v3: business RPC V3 writer completed frame stream_id=80 frame_type=Data payload_bytes=197
2026-09-26T01:48:50.813447Z DEBUG netbaiot_transports::business_rpc::v3: business RPC V3 selected frame stream_id=66 frame_type=Data payload_bytes=981
2026-09-26T01:48:50.817943Z DEBUG netbaiot_transports::business_rpc::v3: business RPC V3 writer completed frame stream_id=66 frame_type=Data payload_bytes=981
2026-09-26T01:48:50.823070Z DEBUG netbaiot_transports::business_rpc::v3: business RPC V3 received frame stream_id=0 frame_type=WindowUpdate payload_bytes=4
2026-09-26T01:48:50.832915Z DEBUG netbaiot_transports::business_rpc::v3: business RPC V3 received frame stream_id=74 frame_type=Response payload_bytes=35
2026-09-26T01:48:50.835810Z DEBUG netbaiot_transports::business_rpc::v3: business RPC V3 received frame stream_id=74 frame_type=Data payload_bytes=215
2026-09-26T01:48:50.838993Z DEBUG netbaiot_transports::business_rpc::v3: business RPC V3 received frame stream_id=0 frame_type=WindowUpdate payload_bytes=4
2026-09-26T01:48:50.839062Z DEBUG netbaiot_transports::business_rpc::v3: business RPC V3 selected frame stream_id=0 frame_type=WindowUpdate payload_bytes=4
2026-09-26T01:48:50.841765Z DEBUG netbaiot_transports::business_rpc::v3: business RPC V3 received frame stream_id=76 frame_type=Response payload_bytes=35
2026-09-26T01:48:50.852735Z DEBUG netbaiot_transports::business_rpc::v3: business RPC V3 received frame stream_id=76 frame_type=Data payload_bytes=215
2026-09-26T01:48:50.848733Z DEBUG netbaiot_transports::business_rpc::v3: business RPC V3 writer completed frame stream_id=0 frame_type=WindowUpdate payload_bytes=4
2026-09-26T01:48:50.852844Z DEBUG netbaiot_transports::business_rpc::v3: business RPC V3 received frame stream_id=0 frame_type=WindowUpdate payload_bytes=4
2026-09-26T01:48:50.852979Z DEBUG netbaiot_transports::business_rpc::v3: business RPC V3 selected frame stream_id=0 frame_type=WindowUpdate payload_bytes=4
2026-09-26T01:48:50.858968Z DEBUG netbaiot_transports::business_rpc::v3: business RPC V3 received frame stream_id=78 frame_type=Response payload_bytes=35
2026-09-26T01:48:50.877892Z DEBUG netbaiot_transports::business_rpc::v3: business RPC V3 received frame stream_id=78 frame_type=Data payload_bytes=215
2026-09-26T01:48:50.882746Z DEBUG netbaiot_transports::business_rpc::v3: business RPC V3 received frame stream_id=0 frame_type=WindowUpdate payload_bytes=4
2026-09-26T01:48:50.864627Z DEBUG netbaiot_transports::business_rpc::v3: business RPC V3 writer completed frame stream_id=0 frame_type=WindowUpdate payload_bytes=4
2026-09-26T01:48:50.892733Z DEBUG netbaiot_transports::business_rpc::v3: business RPC V3 body entered scheduler stream_id=82 class=Rpc body_bytes=197
2026-09-26T01:48:50.888887Z DEBUG netbaiot_transports::business_rpc::v3: business RPC V3 received frame stream_id=80 frame_type=Response payload_bytes=35
2026-09-26T01:48:50.901861Z DEBUG netbaiot_transports::business_rpc::v3: business RPC V3 received frame stream_id=80 frame_type=Data payload_bytes=215
2026-09-26T01:48:50.901940Z DEBUG netbaiot_transports::business_rpc::v3: business RPC V3 received frame stream_id=0 frame_type=WindowUpdate payload_bytes=4
2026-09-26T01:48:50.898010Z DEBUG netbaiot_transports::business_rpc::v3: business RPC V3 body entered scheduler stream_id=84 class=Rpc body_bytes=197
2026-09-26T01:48:50.905137Z DEBUG netbaiot_transports::business_rpc::v3: business RPC V3 received frame stream_id=66 frame_type=Response payload_bytes=35
2026-09-26T01:48:50.918923Z DEBUG netbaiot_transports::business_rpc::v3: business RPC V3 received frame stream_id=66 frame_type=Data payload_bytes=118
2026-09-26T01:48:50.918987Z DEBUG netbaiot_transports::business_rpc::v3: business RPC V3 Event delivery acknowledged stream_id=66 completion_us=444552
2026-09-26T01:48:50.913928Z DEBUG netbaiot_transports::business_rpc::v3: business RPC V3 body entered scheduler stream_id=86 class=Rpc body_bytes=197
2026-09-26T01:48:50.919284Z DEBUG netbaiot_transports::business_rpc::v3: business RPC V3 selected frame stream_id=82 frame_type=Open payload_bytes=158
2026-09-26T01:48:50.922039Z DEBUG netbaiot_transports::business_rpc::v3: business RPC V3 writer completed frame stream_id=82 frame_type=Open payload_bytes=158
2026-09-26T01:48:50.934322Z DEBUG netbaiot_transports::business_rpc::v3: business RPC V3 body entered scheduler stream_id=88 class=Rpc body_bytes=197
2026-09-26T01:48:50.934735Z DEBUG netbaiot_transports::business_rpc::v3: business RPC V3 selected frame stream_id=0 frame_type=WindowUpdate payload_bytes=4
2026-09-26T01:48:50.934828Z DEBUG netbaiot_transports::business_rpc::v3: business RPC V3 writer completed frame stream_id=0 frame_type=WindowUpdate payload_bytes=4
2026-09-26T01:48:50.934852Z DEBUG netbaiot_transports::business_rpc::v3: business RPC V3 selected frame stream_id=82 frame_type=Data payload_bytes=197
2026-09-26T01:48:50.934871Z DEBUG netbaiot_transports::business_rpc::v3: business RPC V3 writer completed frame stream_id=82 frame_type=Data payload_bytes=197
2026-09-26T01:48:50.934885Z DEBUG netbaiot_transports::business_rpc::v3: business RPC V3 selected frame stream_id=84 frame_type=Open payload_bytes=158
2026-09-26T01:48:50.934899Z DEBUG netbaiot_transports::business_rpc::v3: business RPC V3 writer completed frame stream_id=84 frame_type=Open payload_bytes=158
2026-09-26T01:48:50.934909Z DEBUG netbaiot_transports::business_rpc::v3: business RPC V3 selected frame stream_id=0 frame_type=WindowUpdate payload_bytes=4
2026-09-26T01:48:50.934921Z DEBUG netbaiot_transports::business_rpc::v3: business RPC V3 writer completed frame stream_id=0 frame_type=WindowUpdate payload_bytes=4
2026-09-26T01:48:50.934929Z DEBUG netbaiot_transports::business_rpc::v3: business RPC V3 selected frame stream_id=86 frame_type=Open payload_bytes=158
2026-09-26T01:48:50.934942Z DEBUG netbaiot_transports::business_rpc::v3: business RPC V3 writer completed frame stream_id=86 frame_type=Open payload_bytes=158
2026-09-26T01:48:50.934950Z DEBUG netbaiot_transports::business_rpc::v3: business RPC V3 selected frame stream_id=0 frame_type=WindowUpdate payload_bytes=4
2026-09-26T01:48:50.935010Z DEBUG netbaiot_transports::business_rpc::v3: business RPC V3 writer completed frame stream_id=0 frame_type=WindowUpdate payload_bytes=4
2026-09-26T01:48:50.935023Z DEBUG netbaiot_transports::business_rpc::v3: business RPC V3 selected frame stream_id=84 frame_type=Data payload_bytes=197
2026-09-26T01:48:50.935035Z DEBUG netbaiot_transports::business_rpc::v3: business RPC V3 writer completed frame stream_id=84 frame_type=Data payload_bytes=197
2026-09-26T01:48:50.935043Z DEBUG netbaiot_transports::business_rpc::v3: business RPC V3 selected frame stream_id=88 frame_type=Open payload_bytes=158
2026-09-26T01:48:50.935056Z DEBUG netbaiot_transports::business_rpc::v3: business RPC V3 writer completed frame stream_id=88 frame_type=Open payload_bytes=158
2026-09-26T01:48:50.940952Z DEBUG netbaiot_transports::business_rpc::v3: business RPC V3 selected frame stream_id=86 frame_type=Data payload_bytes=197
2026-09-26T01:48:50.943661Z DEBUG netbaiot_transports::business_rpc::v3: business RPC V3 writer completed frame stream_id=86 frame_type=Data payload_bytes=197
2026-09-26T01:48:50.947809Z DEBUG netbaiot_transports::business_rpc::v3: business RPC V3 selected frame stream_id=88 frame_type=Data payload_bytes=197
2026-09-26T01:48:50.951905Z DEBUG netbaiot_transports::business_rpc::v3: business RPC V3 writer completed frame stream_id=88 frame_type=Data payload_bytes=197
2026-09-26T01:48:50.957785Z DEBUG netbaiot_transports::business_rpc::v3: business RPC V3 received frame stream_id=0 frame_type=WindowUpdate payload_bytes=4
2026-09-26T01:48:50.960728Z DEBUG netbaiot_transports::business_rpc::v3: business RPC V3 received frame stream_id=0 frame_type=WindowUpdate payload_bytes=4
2026-09-26T01:48:50.964949Z DEBUG netbaiot_transports::business_rpc::v3: business RPC V3 received frame stream_id=84 frame_type=Response payload_bytes=35
2026-09-26T01:48:50.968902Z DEBUG netbaiot_transports::business_rpc::v3: business RPC V3 received frame stream_id=82 frame_type=Response payload_bytes=35
2026-09-26T01:48:50.973039Z DEBUG netbaiot_transports::business_rpc::v3: business RPC V3 received frame stream_id=84 frame_type=Data payload_bytes=215
2026-09-26T01:48:50.973119Z DEBUG netbaiot_transports::business_rpc::v3: business RPC V3 received frame stream_id=82 frame_type=Data payload_bytes=215
2026-09-26T01:48:50.978276Z DEBUG netbaiot_transports::business_rpc::v3: business RPC V3 received frame stream_id=0 frame_type=WindowUpdate payload_bytes=4
2026-09-26T01:48:50.984061Z DEBUG netbaiot_transports::business_rpc::v3: business RPC V3 received frame stream_id=86 frame_type=Response payload_bytes=35
2026-09-26T01:48:50.987286Z DEBUG netbaiot_transports::business_rpc::v3: business RPC V3 received frame stream_id=86 frame_type=Data payload_bytes=215
2026-09-26T01:48:50.973269Z DEBUG netbaiot_transports::business_rpc::v3: business RPC V3 selected frame stream_id=0 frame_type=WindowUpdate payload_bytes=4
2026-09-26T01:48:50.993275Z DEBUG netbaiot_transports::business_rpc::v3: business RPC V3 writer completed frame stream_id=0 frame_type=WindowUpdate payload_bytes=4
2026-09-26T01:48:50.993319Z DEBUG netbaiot_transports::business_rpc::v3: business RPC V3 received frame stream_id=0 frame_type=WindowUpdate payload_bytes=4
2026-09-26T01:48:50.996030Z DEBUG netbaiot_transports::business_rpc::v3: business RPC V3 body entered scheduler stream_id=90 class=Rpc body_bytes=197
2026-09-26T01:48:50.999989Z DEBUG netbaiot_transports::business_rpc::v3: business RPC V3 received frame stream_id=88 frame_type=Response payload_bytes=35
2026-09-26T01:48:51.006003Z DEBUG netbaiot_transports::business_rpc::v3: business RPC V3 body entered scheduler stream_id=92 class=Rpc body_bytes=197
2026-09-26T01:48:51.014775Z DEBUG netbaiot_transports::business_rpc::v3: business RPC V3 selected frame stream_id=0 frame_type=WindowUpdate payload_bytes=4
2026-09-26T01:48:51.010964Z DEBUG netbaiot_transports::business_rpc::v3: business RPC V3 received frame stream_id=88 frame_type=Data payload_bytes=215
2026-09-26T01:48:51.021023Z DEBUG netbaiot_transports::business_rpc::v3: business RPC V3 writer completed frame stream_id=0 frame_type=WindowUpdate payload_bytes=4
2026-09-26T01:48:51.034770Z DEBUG netbaiot_transports::business_rpc::v3: business RPC V3 body entered scheduler stream_id=94 class=Rpc body_bytes=197
2026-09-26T01:48:51.034816Z DEBUG netbaiot_transports::business_rpc::v3: business RPC V3 body entered scheduler stream_id=96 class=Rpc body_bytes=197
2026-09-26T01:48:51.034827Z DEBUG netbaiot_transports::business_rpc::v3: business RPC V3 selected frame stream_id=90 frame_type=Open payload_bytes=158
2026-09-26T01:48:51.034906Z DEBUG netbaiot_transports::business_rpc::v3: business RPC V3 writer completed frame stream_id=90 frame_type=Open payload_bytes=158
2026-09-26T01:48:51.038997Z DEBUG netbaiot_transports::business_rpc::v3: business RPC V3 selected frame stream_id=0 frame_type=WindowUpdate payload_bytes=4
2026-09-26T01:48:51.041921Z DEBUG netbaiot_transports::business_rpc::v3: business RPC V3 writer completed frame stream_id=0 frame_type=WindowUpdate payload_bytes=4
2026-09-26T01:48:51.050713Z DEBUG netbaiot_transports::business_rpc::v3: business RPC V3 selected frame stream_id=90 frame_type=Data payload_bytes=197
2026-09-26T01:48:51.054092Z DEBUG netbaiot_transports::business_rpc::v3: business RPC V3 writer completed frame stream_id=90 frame_type=Data payload_bytes=197
2026-09-26T01:48:51.059213Z DEBUG netbaiot_transports::business_rpc::v3: business RPC V3 selected frame stream_id=92 frame_type=Open payload_bytes=158
2026-09-26T01:48:51.062842Z DEBUG netbaiot_transports::business_rpc::v3: business RPC V3 writer completed frame stream_id=92 frame_type=Open payload_bytes=158
2026-09-26T01:48:51.069006Z DEBUG netbaiot_transports::business_rpc::v3: business RPC V3 selected frame stream_id=0 frame_type=WindowUpdate payload_bytes=4
2026-09-26T01:48:51.074910Z DEBUG netbaiot_transports::business_rpc::v3: business RPC V3 writer completed frame stream_id=0 frame_type=WindowUpdate payload_bytes=4
2026-09-26T01:48:51.077955Z DEBUG netbaiot_transports::business_rpc::v3: business RPC V3 selected frame stream_id=94 frame_type=Open payload_bytes=158
2026-09-26T01:48:51.083743Z DEBUG netbaiot_transports::business_rpc::v3: business RPC V3 writer completed frame stream_id=94 frame_type=Open payload_bytes=158
2026-09-26T01:48:51.086963Z DEBUG netbaiot_transports::business_rpc::v3: business RPC V3 selected frame stream_id=96 frame_type=Open payload_bytes=158
2026-09-26T01:48:51.092757Z DEBUG netbaiot_transports::business_rpc::v3: business RPC V3 writer completed frame stream_id=96 frame_type=Open payload_bytes=158
2026-09-26T01:48:51.099059Z DEBUG netbaiot_transports::business_rpc::v3: business RPC V3 selected frame stream_id=92 frame_type=Data payload_bytes=197
2026-09-26T01:48:51.101762Z DEBUG netbaiot_transports::business_rpc::v3: business RPC V3 writer completed frame stream_id=92 frame_type=Data payload_bytes=197
2026-09-26T01:48:51.104697Z DEBUG netbaiot_transports::business_rpc::v3: business RPC V3 selected frame stream_id=94 frame_type=Data payload_bytes=197
2026-09-26T01:48:51.107838Z DEBUG netbaiot_transports::business_rpc::v3: business RPC V3 writer completed frame stream_id=94 frame_type=Data payload_bytes=197
2026-09-26T01:48:51.113384Z DEBUG netbaiot_transports::business_rpc::v3: business RPC V3 selected frame stream_id=96 frame_type=Data payload_bytes=197
2026-09-26T01:48:51.114064Z DEBUG netbaiot_transports::business_rpc::v3: business RPC V3 writer completed frame stream_id=96 frame_type=Data payload_bytes=197
2026-09-26T01:48:51.116833Z DEBUG netbaiot_transports::business_rpc::v3: business RPC V3 received frame stream_id=0 frame_type=WindowUpdate payload_bytes=4
2026-09-26T01:48:51.122755Z DEBUG netbaiot_transports::business_rpc::v3: business RPC V3 received frame stream_id=90 frame_type=Response payload_bytes=35
2026-09-26T01:48:51.130842Z DEBUG netbaiot_transports::business_rpc::v3: business RPC V3 received frame stream_id=90 frame_type=Data payload_bytes=215
2026-09-26T01:48:51.135138Z DEBUG netbaiot_transports::business_rpc::v3: business RPC V3 received frame stream_id=0 frame_type=WindowUpdate payload_bytes=4
2026-09-26T01:48:51.135233Z DEBUG netbaiot_transports::business_rpc::v3: business RPC V3 selected frame stream_id=0 frame_type=WindowUpdate payload_bytes=4
2026-09-26T01:48:51.140948Z DEBUG netbaiot_transports::business_rpc::v3: business RPC V3 writer completed frame stream_id=0 frame_type=WindowUpdate payload_bytes=4
2026-09-26T01:48:51.140780Z DEBUG netbaiot_transports::business_rpc::v3: business RPC V3 received frame stream_id=92 frame_type=Response payload_bytes=35
2026-09-26T01:48:51.147052Z DEBUG netbaiot_transports::business_rpc::v3: business RPC V3 received frame stream_id=92 frame_type=Data payload_bytes=215
2026-09-26T01:48:51.150401Z DEBUG netbaiot_transports::business_rpc::v3: business RPC V3 received frame stream_id=0 frame_type=WindowUpdate payload_bytes=4
2026-09-26T01:48:51.150602Z DEBUG netbaiot_transports::business_rpc::v3: business RPC V3 selected frame stream_id=0 frame_type=WindowUpdate payload_bytes=4
2026-09-26T01:48:51.156165Z DEBUG netbaiot_transports::business_rpc::v3: business RPC V3 received frame stream_id=94 frame_type=Response payload_bytes=35
2026-09-26T01:48:51.159219Z DEBUG netbaiot_transports::business_rpc::v3: business RPC V3 writer completed frame stream_id=0 frame_type=WindowUpdate payload_bytes=4
2026-09-26T01:48:51.168957Z DEBUG netbaiot_transports::business_rpc::v3: business RPC V3 body entered scheduler stream_id=98 class=Rpc body_bytes=197
2026-09-26T01:48:51.164847Z DEBUG netbaiot_transports::business_rpc::v3: business RPC V3 received frame stream_id=94 frame_type=Data payload_bytes=215
2026-09-26T01:48:51.172801Z DEBUG netbaiot_transports::business_rpc::v3: business RPC V3 selected frame stream_id=98 frame_type=Open payload_bytes=158
2026-09-26T01:48:51.172925Z DEBUG netbaiot_transports::business_rpc::v3: business RPC V3 received frame stream_id=0 frame_type=WindowUpdate payload_bytes=4
2026-09-26T01:48:51.172941Z DEBUG netbaiot_transports::business_rpc::v3: business RPC V3 received frame stream_id=96 frame_type=Response payload_bytes=35
2026-09-26T01:48:51.172956Z DEBUG netbaiot_transports::business_rpc::v3: business RPC V3 received frame stream_id=96 frame_type=Data payload_bytes=215
2026-09-26T01:48:51.173000Z DEBUG netbaiot_transports::business_rpc::v3: business RPC V3 writer completed frame stream_id=98 frame_type=Open payload_bytes=158
2026-09-26T01:48:51.173061Z DEBUG netbaiot_transports::business_rpc::v3: business RPC V3 selected frame stream_id=0 frame_type=WindowUpdate payload_bytes=4
2026-09-26T01:48:51.183157Z DEBUG netbaiot_transports::business_rpc::v3: business RPC V3 writer completed frame stream_id=0 frame_type=WindowUpdate payload_bytes=4
2026-09-26T01:48:51.189112Z DEBUG netbaiot_transports::business_rpc::v3: business RPC V3 body entered scheduler stream_id=100 class=Rpc body_bytes=197
2026-09-26T01:48:51.193158Z DEBUG netbaiot_transports::business_rpc::v3: business RPC V3 body entered scheduler stream_id=102 class=Rpc body_bytes=197
2026-09-26T01:48:51.195947Z DEBUG netbaiot_transports::business_rpc::v3: business RPC V3 body entered scheduler stream_id=104 class=Rpc body_bytes=197
2026-09-26T01:48:51.200866Z DEBUG netbaiot_transports::business_rpc::v3: business RPC V3 selected frame stream_id=98 frame_type=Data payload_bytes=197
2026-09-26T01:48:51.207073Z DEBUG netbaiot_transports::business_rpc::v3: business RPC V3 writer completed frame stream_id=98 frame_type=Data payload_bytes=197
2026-09-26T01:48:51.209846Z DEBUG netbaiot_transports::business_rpc::v3: business RPC V3 selected frame stream_id=0 frame_type=WindowUpdate payload_bytes=4
2026-09-26T01:48:51.214599Z DEBUG netbaiot_transports::business_rpc::v3: business RPC V3 writer completed frame stream_id=0 frame_type=WindowUpdate payload_bytes=4
2026-09-26T01:48:51.223919Z DEBUG netbaiot_transports::business_rpc::v3: business RPC V3 selected frame stream_id=100 frame_type=Open payload_bytes=158
2026-09-26T01:48:51.227373Z DEBUG netbaiot_transports::business_rpc::v3: business RPC V3 writer completed frame stream_id=100 frame_type=Open payload_bytes=158
2026-09-26T01:48:51.236768Z DEBUG netbaiot_transports::business_rpc::v3: business RPC V3 selected frame stream_id=102 frame_type=Open payload_bytes=158
2026-09-26T01:48:51.240996Z DEBUG netbaiot_transports::business_rpc::v3: business RPC V3 writer completed frame stream_id=102 frame_type=Open payload_bytes=158
2026-09-26T01:48:51.245248Z DEBUG netbaiot_transports::business_rpc::v3: business RPC V3 selected frame stream_id=104 frame_type=Open payload_bytes=158
2026-09-26T01:48:51.247977Z DEBUG netbaiot_transports::business_rpc::v3: business RPC V3 writer completed frame stream_id=104 frame_type=Open payload_bytes=158
2026-09-26T01:48:51.258275Z DEBUG netbaiot_transports::business_rpc::v3: business RPC V3 selected frame stream_id=100 frame_type=Data payload_bytes=197
2026-09-26T01:48:51.262007Z DEBUG netbaiot_transports::business_rpc::v3: business RPC V3 writer completed frame stream_id=100 frame_type=Data payload_bytes=197
2026-09-26T01:48:51.262319Z DEBUG netbaiot_transports::business_rpc::v3: business RPC V3 selected frame stream_id=102 frame_type=Data payload_bytes=197
2026-09-26T01:48:51.268293Z DEBUG netbaiot_transports::business_rpc::v3: business RPC V3 writer completed frame stream_id=102 frame_type=Data payload_bytes=197
2026-09-26T01:48:51.280895Z DEBUG netbaiot_transports::business_rpc::v3: business RPC V3 selected frame stream_id=104 frame_type=Data payload_bytes=197
2026-09-26T01:48:51.285072Z DEBUG netbaiot_transports::business_rpc::v3: business RPC V3 writer completed frame stream_id=104 frame_type=Data payload_bytes=197
2026-09-26T01:48:51.291443Z DEBUG netbaiot_transports::business_rpc::v3: business RPC V3 received frame stream_id=0 frame_type=WindowUpdate payload_bytes=4
2026-09-26T01:48:51.294951Z DEBUG netbaiot_transports::business_rpc::v3: business RPC V3 received frame stream_id=98 frame_type=Response payload_bytes=35
2026-09-26T01:48:51.298965Z DEBUG netbaiot_transports::business_rpc::v3: business RPC V3 received frame stream_id=98 frame_type=Data payload_bytes=215
2026-09-26T01:48:51.299079Z DEBUG netbaiot_transports::business_rpc::v3: business RPC V3 received frame stream_id=0 frame_type=WindowUpdate payload_bytes=4
2026-09-26T01:48:51.299096Z DEBUG netbaiot_transports::business_rpc::v3: business RPC V3 received frame stream_id=100 frame_type=Response payload_bytes=35
2026-09-26T01:48:51.299393Z DEBUG netbaiot_transports::business_rpc::v3: business RPC V3 selected frame stream_id=0 frame_type=WindowUpdate payload_bytes=4
2026-09-26T01:48:51.304965Z DEBUG netbaiot_transports::business_rpc::v3: business RPC V3 writer completed frame stream_id=0 frame_type=WindowUpdate payload_bytes=4
2026-09-26T01:48:51.302099Z DEBUG netbaiot_transports::business_rpc::v3: business RPC V3 received frame stream_id=100 frame_type=Data payload_bytes=215
2026-09-26T01:48:51.314244Z DEBUG netbaiot_transports::business_rpc::v3: business RPC V3 received frame stream_id=0 frame_type=WindowUpdate payload_bytes=4
2026-09-26T01:48:51.314273Z DEBUG netbaiot_transports::business_rpc::v3: business RPC V3 selected frame stream_id=0 frame_type=WindowUpdate payload_bytes=4
2026-09-26T01:48:51.317904Z DEBUG netbaiot_transports::business_rpc::v3: business RPC V3 received frame stream_id=102 frame_type=Response payload_bytes=35
2026-09-26T01:48:51.319784Z DEBUG netbaiot_transports::business_rpc::v3: business RPC V3 writer completed frame stream_id=0 frame_type=WindowUpdate payload_bytes=4
2026-09-26T01:48:51.322879Z DEBUG netbaiot_transports::business_rpc::v3: business RPC V3 received frame stream_id=102 frame_type=Data payload_bytes=215
2026-09-26T01:48:51.327126Z DEBUG netbaiot_transports::business_rpc::v3: business RPC V3 received frame stream_id=0 frame_type=WindowUpdate payload_bytes=4
2026-09-26T01:48:51.327003Z DEBUG netbaiot_transports::business_rpc::v3: business RPC V3 body entered scheduler stream_id=106 class=Rpc body_bytes=197
2026-09-26T01:48:51.332844Z DEBUG netbaiot_transports::business_rpc::v3: business RPC V3 received frame stream_id=104 frame_type=Response payload_bytes=35
2026-09-26T01:48:51.335738Z DEBUG netbaiot_transports::business_rpc::v3: business RPC V3 body entered scheduler stream_id=108 class=Rpc body_bytes=197
2026-09-26T01:48:51.341949Z DEBUG netbaiot_transports::business_rpc::v3: business RPC V3 selected frame stream_id=106 frame_type=Open payload_bytes=158
2026-09-26T01:48:51.335913Z DEBUG netbaiot_transports::business_rpc::v3: business RPC V3 received frame stream_id=104 frame_type=Data payload_bytes=215
2026-09-26T01:48:51.344817Z DEBUG netbaiot_transports::business_rpc::v3: business RPC V3 writer completed frame stream_id=106 frame_type=Open payload_bytes=158
2026-09-26T01:48:51.350818Z DEBUG netbaiot_transports::business_rpc::v3: business RPC V3 body entered scheduler stream_id=110 class=Rpc body_bytes=197
2026-09-26T01:48:51.354955Z DEBUG netbaiot_transports::business_rpc::v3: business RPC V3 body entered scheduler stream_id=112 class=Rpc body_bytes=197
2026-09-26T01:48:51.354969Z DEBUG netbaiot_transports::business_rpc::v3: business RPC V3 selected frame stream_id=0 frame_type=WindowUpdate payload_bytes=4
2026-09-26T01:48:51.354993Z DEBUG netbaiot_transports::business_rpc::v3: business RPC V3 writer completed frame stream_id=0 frame_type=WindowUpdate payload_bytes=4
2026-09-26T01:48:51.355006Z DEBUG netbaiot_transports::business_rpc::v3: business RPC V3 selected frame stream_id=106 frame_type=Data payload_bytes=197
2026-09-26T01:48:51.355019Z DEBUG netbaiot_transports::business_rpc::v3: business RPC V3 writer completed frame stream_id=106 frame_type=Data payload_bytes=197
2026-09-26T01:48:51.355071Z DEBUG netbaiot_transports::business_rpc::v3: business RPC V3 selected frame stream_id=108 frame_type=Open payload_bytes=158
2026-09-26T01:48:51.360090Z DEBUG netbaiot_transports::business_rpc::v3: business RPC V3 writer completed frame stream_id=108 frame_type=Open payload_bytes=158
2026-09-26T01:48:51.362874Z DEBUG netbaiot_transports::business_rpc::v3: business RPC V3 selected frame stream_id=0 frame_type=WindowUpdate payload_bytes=4
2026-09-26T01:48:51.362896Z DEBUG netbaiot_transports::business_rpc::v3: business RPC V3 writer completed frame stream_id=0 frame_type=WindowUpdate payload_bytes=4
2026-09-26T01:48:51.362906Z DEBUG netbaiot_transports::business_rpc::v3: business RPC V3 selected frame stream_id=110 frame_type=Open payload_bytes=158
2026-09-26T01:48:51.362917Z DEBUG netbaiot_transports::business_rpc::v3: business RPC V3 writer completed frame stream_id=110 frame_type=Open payload_bytes=158
2026-09-26T01:48:51.362924Z DEBUG netbaiot_transports::business_rpc::v3: business RPC V3 selected frame stream_id=112 frame_type=Open payload_bytes=158
2026-09-26T01:48:51.362936Z DEBUG netbaiot_transports::business_rpc::v3: business RPC V3 writer completed frame stream_id=112 frame_type=Open payload_bytes=158
2026-09-26T01:48:51.362943Z DEBUG netbaiot_transports::business_rpc::v3: business RPC V3 selected frame stream_id=108 frame_type=Data payload_bytes=197
2026-09-26T01:48:51.362951Z DEBUG netbaiot_transports::business_rpc::v3: business RPC V3 writer completed frame stream_id=108 frame_type=Data payload_bytes=197
2026-09-26T01:48:51.362958Z DEBUG netbaiot_transports::business_rpc::v3: business RPC V3 selected frame stream_id=110 frame_type=Data payload_bytes=197
2026-09-26T01:48:51.362966Z DEBUG netbaiot_transports::business_rpc::v3: business RPC V3 writer completed frame stream_id=110 frame_type=Data payload_bytes=197
2026-09-26T01:48:51.362973Z DEBUG netbaiot_transports::business_rpc::v3: business RPC V3 selected frame stream_id=112 frame_type=Data payload_bytes=197
2026-09-26T01:48:51.362994Z DEBUG netbaiot_transports::business_rpc::v3: business RPC V3 writer completed frame stream_id=112 frame_type=Data payload_bytes=197
2026-09-26T01:48:51.363015Z DEBUG netbaiot_transports::business_rpc::v3: business RPC V3 received frame stream_id=0 frame_type=WindowUpdate payload_bytes=4
2026-09-26T01:48:51.363025Z DEBUG netbaiot_transports::business_rpc::v3: business RPC V3 received frame stream_id=106 frame_type=Response payload_bytes=35
2026-09-26T01:48:51.363041Z DEBUG netbaiot_transports::business_rpc::v3: business RPC V3 received frame stream_id=106 frame_type=Data payload_bytes=215
2026-09-26T01:48:51.363187Z DEBUG netbaiot_transports::business_rpc::v3: business RPC V3 selected frame stream_id=0 frame_type=WindowUpdate payload_bytes=4
2026-09-26T01:48:51.368016Z DEBUG netbaiot_transports::business_rpc::v3: business RPC V3 writer completed frame stream_id=0 frame_type=WindowUpdate payload_bytes=4
2026-09-26T01:48:51.363314Z DEBUG netbaiot_transports::business_rpc::v3: business RPC V3 received frame stream_id=0 frame_type=WindowUpdate payload_bytes=4
2026-09-26T01:48:51.370823Z DEBUG netbaiot_transports::business_rpc::v3: business RPC V3 received frame stream_id=0 frame_type=WindowUpdate payload_bytes=4
2026-09-26T01:48:51.370835Z DEBUG netbaiot_transports::business_rpc::v3: business RPC V3 received frame stream_id=110 frame_type=Response payload_bytes=35
2026-09-26T01:48:51.370847Z DEBUG netbaiot_transports::business_rpc::v3: business RPC V3 received frame stream_id=110 frame_type=Data payload_bytes=215
2026-09-26T01:48:51.370874Z DEBUG netbaiot_transports::business_rpc::v3: business RPC V3 received frame stream_id=108 frame_type=Response payload_bytes=35
2026-09-26T01:48:51.370888Z DEBUG netbaiot_transports::business_rpc::v3: business RPC V3 received frame stream_id=108 frame_type=Data payload_bytes=215
2026-09-26T01:48:51.370906Z DEBUG netbaiot_transports::business_rpc::v3: business RPC V3 body entered scheduler stream_id=114 class=Rpc body_bytes=197
2026-09-26T01:48:51.377731Z DEBUG netbaiot_transports::business_rpc::v3: business RPC V3 selected frame stream_id=114 frame_type=Open payload_bytes=158
2026-09-26T01:48:51.373772Z DEBUG netbaiot_transports::business_rpc::v3: business RPC V3 received frame stream_id=0 frame_type=WindowUpdate payload_bytes=4
2026-09-26T01:48:51.377794Z DEBUG netbaiot_transports::business_rpc::v3: business RPC V3 writer completed frame stream_id=114 frame_type=Open payload_bytes=158
2026-09-26T01:48:51.377891Z DEBUG netbaiot_transports::business_rpc::v3: business RPC V3 body entered scheduler stream_id=116 class=Rpc body_bytes=197
2026-09-26T01:48:51.377917Z DEBUG netbaiot_transports::business_rpc::v3: business RPC V3 selected frame stream_id=0 frame_type=WindowUpdate payload_bytes=4
2026-09-26T01:48:51.377825Z DEBUG netbaiot_transports::business_rpc::v3: business RPC V3 received frame stream_id=112 frame_type=Response payload_bytes=35
2026-09-26T01:48:51.377998Z DEBUG netbaiot_transports::business_rpc::v3: business RPC V3 received frame stream_id=112 frame_type=Data payload_bytes=215
2026-09-26T01:48:51.377959Z DEBUG netbaiot_transports::business_rpc::v3: business RPC V3 writer completed frame stream_id=0 frame_type=WindowUpdate payload_bytes=4
2026-09-26T01:48:51.378043Z DEBUG netbaiot_transports::business_rpc::v3: business RPC V3 selected frame stream_id=0 frame_type=WindowUpdate payload_bytes=4
2026-09-26T01:48:51.378062Z DEBUG netbaiot_transports::business_rpc::v3: business RPC V3 writer completed frame stream_id=0 frame_type=WindowUpdate payload_bytes=4
2026-09-26T01:48:51.378074Z DEBUG netbaiot_transports::business_rpc::v3: business RPC V3 selected frame stream_id=114 frame_type=Data payload_bytes=197
2026-09-26T01:48:51.378090Z DEBUG netbaiot_transports::business_rpc::v3: business RPC V3 writer completed frame stream_id=114 frame_type=Data payload_bytes=197
2026-09-26T01:48:51.378100Z DEBUG netbaiot_transports::business_rpc::v3: business RPC V3 selected frame stream_id=116 frame_type=Open payload_bytes=158
2026-09-26T01:48:51.378111Z DEBUG netbaiot_transports::business_rpc::v3: business RPC V3 writer completed frame stream_id=116 frame_type=Open payload_bytes=158
2026-09-26T01:48:51.378120Z DEBUG netbaiot_transports::business_rpc::v3: business RPC V3 selected frame stream_id=0 frame_type=WindowUpdate payload_bytes=4
2026-09-26T01:48:51.378131Z DEBUG netbaiot_transports::business_rpc::v3: business RPC V3 writer completed frame stream_id=0 frame_type=WindowUpdate payload_bytes=4
2026-09-26T01:48:51.378139Z DEBUG netbaiot_transports::business_rpc::v3: business RPC V3 selected frame stream_id=116 frame_type=Data payload_bytes=197
2026-09-26T01:48:51.378214Z DEBUG netbaiot_transports::business_rpc::v3: business RPC V3 writer completed frame stream_id=116 frame_type=Data payload_bytes=197
2026-09-26T01:48:51.378256Z DEBUG netbaiot_transports::business_rpc::v3: business RPC V3 received frame stream_id=0 frame_type=WindowUpdate payload_bytes=4
2026-09-26T01:48:51.381000Z DEBUG netbaiot_transports::business_rpc::v3: business RPC V3 received frame stream_id=0 frame_type=WindowUpdate payload_bytes=4
2026-09-26T01:48:51.384681Z DEBUG netbaiot_transports::business_rpc::v3: business RPC V3 received frame stream_id=114 frame_type=Response payload_bytes=35
2026-09-26T01:48:51.384766Z DEBUG netbaiot_transports::business_rpc::v3: business RPC V3 received frame stream_id=114 frame_type=Data payload_bytes=215
2026-09-26T01:48:51.384830Z DEBUG netbaiot_transports::business_rpc::v3: business RPC V3 received frame stream_id=116 frame_type=Response payload_bytes=35
2026-09-26T01:48:51.384840Z DEBUG netbaiot_transports::business_rpc::v3: business RPC V3 received frame stream_id=116 frame_type=Data payload_bytes=215
2026-09-26T01:48:51.384858Z DEBUG netbaiot_transports::business_rpc::v3: business RPC V3 body entered scheduler stream_id=118 class=Rpc body_bytes=197
2026-09-26T01:48:51.384873Z DEBUG netbaiot_transports::business_rpc::v3: business RPC V3 body entered scheduler stream_id=120 class=Rpc body_bytes=197
2026-09-26T01:48:51.384888Z DEBUG netbaiot_transports::business_rpc::v3: business RPC V3 selected frame stream_id=118 frame_type=Open payload_bytes=158
2026-09-26T01:48:51.387938Z DEBUG netbaiot_transports::business_rpc::v3: business RPC V3 writer completed frame stream_id=118 frame_type=Open payload_bytes=158
2026-09-26T01:48:51.389521Z DEBUG netbaiot_transports::business_rpc::v3: business RPC V3 body entered scheduler stream_id=122 class=Rpc body_bytes=197
2026-09-26T01:48:51.389574Z DEBUG netbaiot_transports::business_rpc::v3: business RPC V3 body entered scheduler stream_id=124 class=Rpc body_bytes=197
2026-09-26T01:48:51.389605Z DEBUG netbaiot_transports::business_rpc::v3: business RPC V3 selected frame stream_id=120 frame_type=Open payload_bytes=158
2026-09-26T01:48:51.389627Z DEBUG netbaiot_transports::business_rpc::v3: business RPC V3 writer completed frame stream_id=120 frame_type=Open payload_bytes=158
2026-09-26T01:48:51.389647Z DEBUG netbaiot_transports::business_rpc::v3: business RPC V3 selected frame stream_id=0 frame_type=WindowUpdate payload_bytes=4
2026-09-26T01:48:51.389662Z DEBUG netbaiot_transports::business_rpc::v3: business RPC V3 writer completed frame stream_id=0 frame_type=WindowUpdate payload_bytes=4
2026-09-26T01:48:51.389676Z DEBUG netbaiot_transports::business_rpc::v3: business RPC V3 selected frame stream_id=0 frame_type=WindowUpdate payload_bytes=4
2026-09-26T01:48:51.389691Z DEBUG netbaiot_transports::business_rpc::v3: business RPC V3 writer completed frame stream_id=0 frame_type=WindowUpdate payload_bytes=4
2026-09-26T01:48:51.389701Z DEBUG netbaiot_transports::business_rpc::v3: business RPC V3 selected frame stream_id=118 frame_type=Data payload_bytes=197
2026-09-26T01:48:51.389709Z DEBUG netbaiot_transports::business_rpc::v3: business RPC V3 writer completed frame stream_id=118 frame_type=Data payload_bytes=197
2026-09-26T01:48:51.389717Z DEBUG netbaiot_transports::business_rpc::v3: business RPC V3 selected frame stream_id=122 frame_type=Open payload_bytes=158
2026-09-26T01:48:51.389724Z DEBUG netbaiot_transports::business_rpc::v3: business RPC V3 writer completed frame stream_id=122 frame_type=Open payload_bytes=158
2026-09-26T01:48:51.389730Z DEBUG netbaiot_transports::business_rpc::v3: business RPC V3 selected frame stream_id=124 frame_type=Open payload_bytes=158
2026-09-26T01:48:51.389737Z DEBUG netbaiot_transports::business_rpc::v3: business RPC V3 writer completed frame stream_id=124 frame_type=Open payload_bytes=158
2026-09-26T01:48:51.389743Z DEBUG netbaiot_transports::business_rpc::v3: business RPC V3 selected frame stream_id=120 frame_type=Data payload_bytes=197
2026-09-26T01:48:51.392779Z DEBUG netbaiot_transports::business_rpc::v3: business RPC V3 writer completed frame stream_id=120 frame_type=Data payload_bytes=197
2026-09-26T01:48:51.396780Z DEBUG netbaiot_transports::business_rpc::v3: business RPC V3 selected frame stream_id=122 frame_type=Data payload_bytes=197
2026-09-26T01:48:51.399880Z DEBUG netbaiot_transports::business_rpc::v3: business RPC V3 writer completed frame stream_id=122 frame_type=Data payload_bytes=197
2026-09-26T01:48:51.405863Z DEBUG netbaiot_transports::business_rpc::v3: business RPC V3 selected frame stream_id=124 frame_type=Data payload_bytes=197
2026-09-26T01:48:51.405892Z DEBUG netbaiot_transports::business_rpc::v3: business RPC V3 writer completed frame stream_id=124 frame_type=Data payload_bytes=197
2026-09-26T01:48:51.411889Z DEBUG netbaiot_transports::business_rpc::v3: business RPC V3 received frame stream_id=0 frame_type=WindowUpdate payload_bytes=4
2026-09-26T01:48:51.413678Z DEBUG netbaiot_transports::business_rpc::v3: business RPC V3 received frame stream_id=118 frame_type=Response payload_bytes=35
2026-09-26T01:48:51.418993Z DEBUG netbaiot_transports::business_rpc::v3: business RPC V3 received frame stream_id=118 frame_type=Data payload_bytes=215
2026-09-26T01:48:51.423007Z DEBUG netbaiot_transports::business_rpc::v3: business RPC V3 received frame stream_id=0 frame_type=WindowUpdate payload_bytes=4
2026-09-26T01:48:51.423030Z DEBUG netbaiot_transports::business_rpc::v3: business RPC V3 received frame stream_id=120 frame_type=Response payload_bytes=35
2026-09-26T01:48:51.423049Z DEBUG netbaiot_transports::business_rpc::v3: business RPC V3 received frame stream_id=120 frame_type=Data payload_bytes=215
2026-09-26T01:48:51.423385Z DEBUG netbaiot_transports::business_rpc::v3: business RPC V3 selected frame stream_id=0 frame_type=WindowUpdate payload_bytes=4
2026-09-26T01:48:51.433035Z DEBUG netbaiot_transports::business_rpc::v3: business RPC V3 writer completed frame stream_id=0 frame_type=WindowUpdate payload_bytes=4
2026-09-26T01:48:51.433098Z DEBUG netbaiot_transports::business_rpc::v3: business RPC V3 selected frame stream_id=0 frame_type=WindowUpdate payload_bytes=4
2026-09-26T01:48:51.433118Z DEBUG netbaiot_transports::business_rpc::v3: business RPC V3 writer completed frame stream_id=0 frame_type=WindowUpdate payload_bytes=4
2026-09-26T01:48:51.428925Z DEBUG netbaiot_transports::business_rpc::v3: business RPC V3 received frame stream_id=0 frame_type=WindowUpdate payload_bytes=4
2026-09-26T01:48:51.433208Z DEBUG netbaiot_transports::business_rpc::v3: business RPC V3 received frame stream_id=122 frame_type=Response payload_bytes=35
2026-09-26T01:48:51.439324Z DEBUG netbaiot_transports::business_rpc::v3: business RPC V3 received frame stream_id=122 frame_type=Data payload_bytes=215
2026-09-26T01:48:51.443841Z DEBUG netbaiot_transports::business_rpc::v3: business RPC V3 received frame stream_id=0 frame_type=WindowUpdate payload_bytes=4
2026-09-26T01:48:51.443907Z DEBUG netbaiot_transports::business_rpc::v3: business RPC V3 body entered scheduler stream_id=126 class=Rpc body_bytes=197
2026-09-26T01:48:51.452753Z DEBUG netbaiot_transports::business_rpc::v3: business RPC V3 body entered scheduler stream_id=128 class=Rpc body_bytes=197
2026-09-26T01:48:51.455957Z DEBUG netbaiot_transports::business_rpc::v3: business RPC V3 selected frame stream_id=126 frame_type=Open payload_bytes=158
2026-09-26T01:48:51.448912Z DEBUG netbaiot_transports::business_rpc::v3: business RPC V3 received frame stream_id=124 frame_type=Response payload_bytes=35
2026-09-26T01:48:51.458964Z DEBUG netbaiot_transports::business_rpc::v3: business RPC V3 writer completed frame stream_id=126 frame_type=Open payload_bytes=158
2026-09-26T01:48:51.466154Z DEBUG netbaiot_transports::business_rpc::v3: business RPC V3 body entered scheduler stream_id=130 class=Event body_bytes=17365
2026-09-26T01:48:51.468898Z DEBUG netbaiot_transports::business_rpc::v3: business RPC V3 selected frame stream_id=128 frame_type=Open payload_bytes=158
2026-09-26T01:48:51.478935Z DEBUG netbaiot_transports::business_rpc::v3: business RPC V3 writer completed frame stream_id=128 frame_type=Open payload_bytes=158
2026-09-26T01:48:51.489083Z DEBUG netbaiot_transports::business_rpc::v3: business RPC V3 selected frame stream_id=126 frame_type=Data payload_bytes=197
2026-09-26T01:48:51.462724Z DEBUG netbaiot_transports::business_rpc::v3: business RPC V3 received frame stream_id=124 frame_type=Data payload_bytes=215
2026-09-26T01:48:51.494984Z DEBUG netbaiot_transports::business_rpc::v3: business RPC V3 writer completed frame stream_id=126 frame_type=Data payload_bytes=197
2026-09-26T01:48:51.503858Z DEBUG netbaiot_transports::business_rpc::v3: business RPC V3 selected frame stream_id=0 frame_type=WindowUpdate payload_bytes=4
2026-09-26T01:48:51.498246Z DEBUG netbaiot_transports::business_rpc::v3: business RPC V3 received frame stream_id=0 frame_type=WindowUpdate payload_bytes=4
2026-09-26T01:48:51.514354Z DEBUG netbaiot_transports::business_rpc::v3: business RPC V3 writer completed frame stream_id=0 frame_type=WindowUpdate payload_bytes=4
2026-09-26T01:48:51.523162Z DEBUG netbaiot_transports::business_rpc::v3: business RPC V3 body entered scheduler stream_id=132 class=Rpc body_bytes=197
2026-09-26T01:48:51.519048Z DEBUG netbaiot_transports::business_rpc::v3: business RPC V3 received frame stream_id=126 frame_type=Response payload_bytes=35
2026-09-26T01:48:51.532669Z DEBUG netbaiot_transports::business_rpc::v3: business RPC V3 received frame stream_id=126 frame_type=Data payload_bytes=215
2026-09-26T01:48:51.528989Z DEBUG netbaiot_transports::business_rpc::v3: business RPC V3 selected frame stream_id=130 frame_type=Open payload_bytes=184
2026-09-26T01:48:51.540096Z DEBUG netbaiot_transports::business_rpc::v3: business RPC V3 writer completed frame stream_id=130 frame_type=Open payload_bytes=184
2026-09-26T01:48:51.543442Z DEBUG netbaiot_transports::business_rpc::v3: business RPC V3 body entered scheduler stream_id=134 class=Rpc body_bytes=197
2026-09-26T01:48:51.543475Z DEBUG netbaiot_transports::business_rpc::v3: business RPC V3 body entered scheduler stream_id=136 class=Rpc body_bytes=197
2026-09-26T01:48:51.543485Z DEBUG netbaiot_transports::business_rpc::v3: business RPC V3 selected frame stream_id=0 frame_type=WindowUpdate payload_bytes=4
2026-09-26T01:48:51.543546Z DEBUG netbaiot_transports::business_rpc::v3: business RPC V3 writer completed frame stream_id=0 frame_type=WindowUpdate payload_bytes=4
2026-09-26T01:48:51.543605Z DEBUG netbaiot_transports::business_rpc::v3: business RPC V3 selected frame stream_id=132 frame_type=Open payload_bytes=158
2026-09-26T01:48:51.543622Z DEBUG netbaiot_transports::business_rpc::v3: business RPC V3 writer completed frame stream_id=132 frame_type=Open payload_bytes=158
2026-09-26T01:48:51.543634Z DEBUG netbaiot_transports::business_rpc::v3: business RPC V3 selected frame stream_id=128 frame_type=Data payload_bytes=197
2026-09-26T01:48:51.543645Z DEBUG netbaiot_transports::business_rpc::v3: business RPC V3 writer completed frame stream_id=128 frame_type=Data payload_bytes=197
2026-09-26T01:48:51.543658Z DEBUG netbaiot_transports::business_rpc::v3: business RPC V3 selected frame stream_id=0 frame_type=WindowUpdate payload_bytes=4
2026-09-26T01:48:51.543669Z DEBUG netbaiot_transports::business_rpc::v3: business RPC V3 writer completed frame stream_id=0 frame_type=WindowUpdate payload_bytes=4
2026-09-26T01:48:51.543677Z DEBUG netbaiot_transports::business_rpc::v3: business RPC V3 selected frame stream_id=134 frame_type=Open payload_bytes=158
2026-09-26T01:48:51.543686Z DEBUG netbaiot_transports::business_rpc::v3: business RPC V3 writer completed frame stream_id=134 frame_type=Open payload_bytes=158
2026-09-26T01:48:51.543693Z DEBUG netbaiot_transports::business_rpc::v3: business RPC V3 selected frame stream_id=136 frame_type=Open payload_bytes=158
2026-09-26T01:48:51.543704Z DEBUG netbaiot_transports::business_rpc::v3: business RPC V3 writer completed frame stream_id=136 frame_type=Open payload_bytes=158
2026-09-26T01:48:51.543711Z DEBUG netbaiot_transports::business_rpc::v3: business RPC V3 selected frame stream_id=130 frame_type=Data payload_bytes=8192
2026-09-26T01:48:51.544121Z DEBUG netbaiot_transports::business_rpc::v3: business RPC V3 writer completed frame stream_id=130 frame_type=Data payload_bytes=8192
2026-09-26T01:48:51.544141Z DEBUG netbaiot_transports::business_rpc::v3: business RPC V3 selected frame stream_id=132 frame_type=Data payload_bytes=197
2026-09-26T01:48:51.544826Z DEBUG netbaiot_transports::business_rpc::v3: business RPC V3 writer completed frame stream_id=132 frame_type=Data payload_bytes=197
2026-09-26T01:48:51.551099Z DEBUG netbaiot_transports::business_rpc::v3: business RPC V3 selected frame stream_id=134 frame_type=Data payload_bytes=197
2026-09-26T01:48:51.554765Z DEBUG netbaiot_transports::business_rpc::v3: business RPC V3 writer completed frame stream_id=134 frame_type=Data payload_bytes=197
2026-09-26T01:48:51.554794Z DEBUG netbaiot_transports::business_rpc::v3: business RPC V3 selected frame stream_id=136 frame_type=Data payload_bytes=197
2026-09-26T01:48:51.554813Z DEBUG netbaiot_transports::business_rpc::v3: business RPC V3 writer completed frame stream_id=136 frame_type=Data payload_bytes=197
2026-09-26T01:48:51.554823Z DEBUG netbaiot_transports::business_rpc::v3: business RPC V3 selected frame stream_id=130 frame_type=Data payload_bytes=8192
2026-09-26T01:48:51.554844Z DEBUG netbaiot_transports::business_rpc::v3: business RPC V3 writer completed frame stream_id=130 frame_type=Data payload_bytes=8192
2026-09-26T01:48:51.554879Z DEBUG netbaiot_transports::business_rpc::v3: business RPC V3 received frame stream_id=0 frame_type=WindowUpdate payload_bytes=4
2026-09-26T01:48:51.560709Z DEBUG netbaiot_transports::business_rpc::v3: business RPC V3 received frame stream_id=0 frame_type=WindowUpdate payload_bytes=4
2026-09-26T01:48:51.564221Z DEBUG netbaiot_transports::business_rpc::v3: business RPC V3 received frame stream_id=130 frame_type=WindowUpdate payload_bytes=4
2026-09-26T01:48:51.566861Z DEBUG netbaiot_transports::business_rpc::v3: business RPC V3 received frame stream_id=128 frame_type=Response payload_bytes=35
2026-09-26T01:48:51.570864Z DEBUG netbaiot_transports::business_rpc::v3: business RPC V3 received frame stream_id=128 frame_type=Data payload_bytes=215
2026-09-26T01:48:51.574750Z DEBUG netbaiot_transports::business_rpc::v3: business RPC V3 received frame stream_id=0 frame_type=WindowUpdate payload_bytes=4
2026-09-26T01:48:51.574776Z DEBUG netbaiot_transports::business_rpc::v3: business RPC V3 received frame stream_id=132 frame_type=Response payload_bytes=35
2026-09-26T01:48:51.574787Z DEBUG netbaiot_transports::business_rpc::v3: business RPC V3 received frame stream_id=132 frame_type=Data payload_bytes=215
2026-09-26T01:48:51.574912Z DEBUG netbaiot_transports::business_rpc::v3: business RPC V3 selected frame stream_id=0 frame_type=WindowUpdate payload_bytes=4
2026-09-26T01:48:51.578124Z DEBUG netbaiot_transports::business_rpc::v3: business RPC V3 received frame stream_id=0 frame_type=WindowUpdate payload_bytes=4
2026-09-26T01:48:51.580822Z DEBUG netbaiot_transports::business_rpc::v3: business RPC V3 writer completed frame stream_id=0 frame_type=WindowUpdate payload_bytes=4
2026-09-26T01:48:51.580905Z DEBUG netbaiot_transports::business_rpc::v3: business RPC V3 received frame stream_id=0 frame_type=WindowUpdate payload_bytes=4
2026-09-26T01:48:51.580922Z DEBUG netbaiot_transports::business_rpc::v3: business RPC V3 received frame stream_id=0 frame_type=WindowUpdate payload_bytes=4
2026-09-26T01:48:51.580930Z DEBUG netbaiot_transports::business_rpc::v3: business RPC V3 received frame stream_id=130 frame_type=WindowUpdate payload_bytes=4
2026-09-26T01:48:51.580939Z DEBUG netbaiot_transports::business_rpc::v3: business RPC V3 received frame stream_id=136 frame_type=Response payload_bytes=35
2026-09-26T01:48:51.580949Z DEBUG netbaiot_transports::business_rpc::v3: business RPC V3 received frame stream_id=134 frame_type=Response payload_bytes=35
2026-09-26T01:48:51.580957Z DEBUG netbaiot_transports::business_rpc::v3: business RPC V3 received frame stream_id=136 frame_type=Data payload_bytes=215
2026-09-26T01:48:51.580911Z DEBUG netbaiot_transports::business_rpc::v3: business RPC V3 body entered scheduler stream_id=138 class=Rpc body_bytes=197
2026-09-26T01:48:51.581083Z DEBUG netbaiot_transports::business_rpc::v3: business RPC V3 selected frame stream_id=0 frame_type=WindowUpdate payload_bytes=4
2026-09-26T01:48:51.581112Z DEBUG netbaiot_transports::business_rpc::v3: business RPC V3 writer completed frame stream_id=0 frame_type=WindowUpdate payload_bytes=4
2026-09-26T01:48:51.581124Z DEBUG netbaiot_transports::business_rpc::v3: business RPC V3 selected frame stream_id=138 frame_type=Open payload_bytes=158
2026-09-26T01:48:51.581140Z DEBUG netbaiot_transports::business_rpc::v3: business RPC V3 writer completed frame stream_id=138 frame_type=Open payload_bytes=158
2026-09-26T01:48:51.586860Z DEBUG netbaiot_transports::business_rpc::v3: business RPC V3 selected frame stream_id=0 frame_type=WindowUpdate payload_bytes=4
2026-09-26T01:48:51.581068Z DEBUG netbaiot_transports::business_rpc::v3: business RPC V3 received frame stream_id=134 frame_type=Data payload_bytes=215
2026-09-26T01:48:51.590622Z DEBUG netbaiot_transports::business_rpc::v3: business RPC V3 writer completed frame stream_id=0 frame_type=WindowUpdate payload_bytes=4
2026-09-26T01:48:51.598704Z DEBUG netbaiot_transports::business_rpc::v3: business RPC V3 body entered scheduler stream_id=140 class=Rpc body_bytes=197
2026-09-26T01:48:51.604751Z DEBUG netbaiot_transports::business_rpc::v3: business RPC V3 body entered scheduler stream_id=142 class=Rpc body_bytes=197
2026-09-26T01:48:51.608922Z DEBUG netbaiot_transports::business_rpc::v3: business RPC V3 body entered scheduler stream_id=144 class=Rpc body_bytes=197
2026-09-26T01:48:51.622775Z DEBUG netbaiot_transports::business_rpc::v3: business RPC V3 selected frame stream_id=138 frame_type=Data payload_bytes=197
2026-09-26T01:48:51.626886Z DEBUG netbaiot_transports::business_rpc::v3: business RPC V3 writer completed frame stream_id=138 frame_type=Data payload_bytes=197
2026-09-26T01:48:51.632733Z DEBUG netbaiot_transports::business_rpc::v3: business RPC V3 selected frame stream_id=0 frame_type=WindowUpdate payload_bytes=4
2026-09-26T01:48:51.636895Z DEBUG netbaiot_transports::business_rpc::v3: business RPC V3 writer completed frame stream_id=0 frame_type=WindowUpdate payload_bytes=4
2026-09-26T01:48:51.643047Z DEBUG netbaiot_transports::business_rpc::v3: business RPC V3 selected frame stream_id=140 frame_type=Open payload_bytes=158
2026-09-26T01:48:51.648820Z DEBUG netbaiot_transports::business_rpc::v3: business RPC V3 writer completed frame stream_id=140 frame_type=Open payload_bytes=158
2026-09-26T01:48:51.652612Z DEBUG netbaiot_transports::business_rpc::v3: business RPC V3 selected frame stream_id=142 frame_type=Open payload_bytes=158
2026-09-26T01:48:51.655908Z DEBUG netbaiot_transports::business_rpc::v3: business RPC V3 writer completed frame stream_id=142 frame_type=Open payload_bytes=158
2026-09-26T01:48:51.659833Z DEBUG netbaiot_transports::business_rpc::v3: business RPC V3 selected frame stream_id=144 frame_type=Open payload_bytes=158
2026-09-26T01:48:51.660069Z DEBUG netbaiot_transports::business_rpc::v3: business RPC V3 writer completed frame stream_id=144 frame_type=Open payload_bytes=158
2026-09-26T01:48:51.665826Z DEBUG netbaiot_transports::business_rpc::v3: business RPC V3 selected frame stream_id=140 frame_type=Data payload_bytes=197
2026-09-26T01:48:51.666059Z DEBUG netbaiot_transports::business_rpc::v3: business RPC V3 writer completed frame stream_id=140 frame_type=Data payload_bytes=197
2026-09-26T01:48:51.666081Z DEBUG netbaiot_transports::business_rpc::v3: business RPC V3 selected frame stream_id=142 frame_type=Data payload_bytes=197
2026-09-26T01:48:51.670279Z DEBUG netbaiot_transports::business_rpc::v3: business RPC V3 writer completed frame stream_id=142 frame_type=Data payload_bytes=197
2026-09-26T01:48:51.675800Z DEBUG netbaiot_transports::business_rpc::v3: business RPC V3 selected frame stream_id=144 frame_type=Data payload_bytes=197
2026-09-26T01:48:51.679175Z DEBUG netbaiot_transports::business_rpc::v3: business RPC V3 writer completed frame stream_id=144 frame_type=Data payload_bytes=197
2026-09-26T01:48:51.683962Z DEBUG netbaiot_transports::business_rpc::v3: business RPC V3 selected frame stream_id=130 frame_type=Data payload_bytes=981
2026-09-26T01:48:51.684387Z DEBUG netbaiot_transports::business_rpc::v3: business RPC V3 writer completed frame stream_id=130 frame_type=Data payload_bytes=981
2026-09-26T01:48:51.686081Z DEBUG netbaiot_transports::business_rpc::v3: business RPC V3 received frame stream_id=0 frame_type=WindowUpdate payload_bytes=4
2026-09-26T01:48:51.689920Z DEBUG netbaiot_transports::business_rpc::v3: business RPC V3 received frame stream_id=138 frame_type=Response payload_bytes=35
2026-09-26T01:48:51.693746Z DEBUG netbaiot_transports::business_rpc::v3: business RPC V3 received frame stream_id=138 frame_type=Data payload_bytes=215
2026-09-26T01:48:51.694537Z DEBUG netbaiot_transports::business_rpc::v3: business RPC V3 selected frame stream_id=0 frame_type=WindowUpdate payload_bytes=4
2026-09-26T01:48:51.694563Z DEBUG netbaiot_transports::business_rpc::v3: business RPC V3 received frame stream_id=0 frame_type=WindowUpdate payload_bytes=4
2026-09-26T01:48:51.699983Z DEBUG netbaiot_transports::business_rpc::v3: business RPC V3 writer completed frame stream_id=0 frame_type=WindowUpdate payload_bytes=4
2026-09-26T01:48:51.703917Z DEBUG netbaiot_transports::business_rpc::v3: business RPC V3 received frame stream_id=140 frame_type=Response payload_bytes=35
2026-09-26T01:48:51.714305Z DEBUG netbaiot_transports::business_rpc::v3: business RPC V3 received frame stream_id=140 frame_type=Data payload_bytes=215
2026-09-26T01:48:51.716015Z DEBUG netbaiot_transports::business_rpc::v3: business RPC V3 received frame stream_id=0 frame_type=WindowUpdate payload_bytes=4
2026-09-26T01:48:51.716037Z DEBUG netbaiot_transports::business_rpc::v3: business RPC V3 selected frame stream_id=0 frame_type=WindowUpdate payload_bytes=4
2026-09-26T01:48:51.723268Z DEBUG netbaiot_transports::business_rpc::v3: business RPC V3 writer completed frame stream_id=0 frame_type=WindowUpdate payload_bytes=4
2026-09-26T01:48:51.718935Z DEBUG netbaiot_transports::business_rpc::v3: business RPC V3 received frame stream_id=142 frame_type=Response payload_bytes=35
2026-09-26T01:48:51.731836Z DEBUG netbaiot_transports::business_rpc::v3: business RPC V3 received frame stream_id=142 frame_type=Data payload_bytes=215
2026-09-26T01:48:51.726220Z DEBUG netbaiot_transports::business_rpc::v3: business RPC V3 body entered scheduler stream_id=146 class=Rpc body_bytes=197
2026-09-26T01:48:51.741061Z DEBUG netbaiot_transports::business_rpc::v3: business RPC V3 selected frame stream_id=146 frame_type=Open payload_bytes=158
2026-09-26T01:48:51.745019Z DEBUG netbaiot_transports::business_rpc::v3: business RPC V3 writer completed frame stream_id=146 frame_type=Open payload_bytes=158
2026-09-26T01:48:51.745041Z DEBUG netbaiot_transports::business_rpc::v3: business RPC V3 selected frame stream_id=0 frame_type=WindowUpdate payload_bytes=4
2026-09-26T01:48:51.745080Z DEBUG netbaiot_transports::business_rpc::v3: business RPC V3 writer completed frame stream_id=0 frame_type=WindowUpdate payload_bytes=4
2026-09-26T01:48:51.737953Z DEBUG netbaiot_transports::business_rpc::v3: business RPC V3 received frame stream_id=0 frame_type=WindowUpdate payload_bytes=4
2026-09-26T01:48:51.747310Z DEBUG netbaiot_transports::business_rpc::v3: business RPC V3 selected frame stream_id=146 frame_type=Data payload_bytes=197
2026-09-26T01:48:51.747356Z DEBUG netbaiot_transports::business_rpc::v3: business RPC V3 received frame stream_id=144 frame_type=Response payload_bytes=35
2026-09-26T01:48:51.754119Z DEBUG netbaiot_transports::business_rpc::v3: business RPC V3 received frame stream_id=144 frame_type=Data payload_bytes=215
2026-09-26T01:48:51.747996Z DEBUG netbaiot_transports::business_rpc::v3: business RPC V3 writer completed frame stream_id=146 frame_type=Data payload_bytes=197
2026-09-26T01:48:51.759936Z DEBUG netbaiot_transports::business_rpc::v3: business RPC V3 received frame stream_id=0 frame_type=WindowUpdate payload_bytes=4
2026-09-26T01:48:51.765519Z DEBUG netbaiot_transports::business_rpc::v3: business RPC V3 body entered scheduler stream_id=148 class=Rpc body_bytes=197
2026-09-26T01:48:51.782951Z DEBUG netbaiot_transports::business_rpc::v3: business RPC V3 body entered scheduler stream_id=150 class=Rpc body_bytes=197
2026-09-26T01:48:51.787246Z DEBUG netbaiot_transports::business_rpc::v3: business RPC V3 selected frame stream_id=148 frame_type=Open payload_bytes=158
2026-09-26T01:48:51.776096Z DEBUG netbaiot_transports::business_rpc::v3: business RPC V3 received frame stream_id=130 frame_type=Response payload_bytes=35
2026-09-26T01:48:51.788166Z DEBUG netbaiot_transports::business_rpc::v3: business RPC V3 writer completed frame stream_id=148 frame_type=Open payload_bytes=158
2026-09-26T01:48:51.796262Z DEBUG netbaiot_transports::business_rpc::v3: business RPC V3 selected frame stream_id=0 frame_type=WindowUpdate payload_bytes=4
2026-09-26T01:48:51.791495Z DEBUG netbaiot_transports::business_rpc::v3: business RPC V3 received frame stream_id=130 frame_type=Data payload_bytes=118
2026-09-26T01:48:51.805307Z DEBUG netbaiot_transports::business_rpc::v3: business RPC V3 Event delivery acknowledged stream_id=130 completion_us=342586
2026-09-26T01:48:51.800360Z DEBUG netbaiot_transports::business_rpc::v3: business RPC V3 writer completed frame stream_id=0 frame_type=WindowUpdate payload_bytes=4
2026-09-26T01:48:51.817963Z DEBUG netbaiot_transports::business_rpc::v3: business RPC V3 selected frame stream_id=150 frame_type=Open payload_bytes=158
2026-09-26T01:48:51.822248Z DEBUG netbaiot_transports::business_rpc::v3: business RPC V3 writer completed frame stream_id=150 frame_type=Open payload_bytes=158
2026-09-26T01:48:51.826172Z DEBUG netbaiot_transports::business_rpc::v3: business RPC V3 selected frame stream_id=0 frame_type=WindowUpdate payload_bytes=4
2026-09-26T01:48:51.832291Z DEBUG netbaiot_transports::business_rpc::v3: business RPC V3 writer completed frame stream_id=0 frame_type=WindowUpdate payload_bytes=4
2026-09-26T01:48:51.811626Z DEBUG netbaiot_transports::business_rpc::v3: business RPC V3 received frame stream_id=0 frame_type=WindowUpdate payload_bytes=4
2026-09-26T01:48:51.839232Z DEBUG netbaiot_transports::business_rpc::v3: business RPC V3 selected frame stream_id=148 frame_type=Data payload_bytes=197
2026-09-26T01:48:51.843988Z DEBUG netbaiot_transports::business_rpc::v3: business RPC V3 received frame stream_id=146 frame_type=Response payload_bytes=35
2026-09-26T01:48:51.855067Z DEBUG netbaiot_transports::business_rpc::v3: business RPC V3 received frame stream_id=146 frame_type=Data payload_bytes=215
2026-09-26T01:48:51.851795Z DEBUG netbaiot_transports::business_rpc::v3: business RPC V3 writer completed frame stream_id=148 frame_type=Data payload_bytes=197
2026-09-26T01:48:51.859086Z DEBUG netbaiot_transports::business_rpc::v3: business RPC V3 received frame stream_id=0 frame_type=Ping payload_bytes=8
2026-09-26T01:48:51.879021Z DEBUG netbaiot_transports::business_rpc::v3: business RPC V3 received frame stream_id=0 frame_type=WindowUpdate payload_bytes=4
2026-09-26T01:48:51.874062Z DEBUG netbaiot_transports::business_rpc::v3: business RPC V3 body entered scheduler stream_id=152 class=Rpc body_bytes=197
2026-09-26T01:48:51.888892Z DEBUG netbaiot_transports::business_rpc::v3: business RPC V3 selected frame stream_id=152 frame_type=Open payload_bytes=158
2026-09-26T01:48:51.888990Z DEBUG netbaiot_transports::business_rpc::v3: business RPC V3 writer completed frame stream_id=152 frame_type=Open payload_bytes=158
2026-09-26T01:48:51.889025Z DEBUG netbaiot_transports::business_rpc::v3: business RPC V3 selected frame stream_id=0 frame_type=WindowUpdate payload_bytes=4
2026-09-26T01:48:51.889095Z DEBUG netbaiot_transports::business_rpc::v3: business RPC V3 writer completed frame stream_id=0 frame_type=WindowUpdate payload_bytes=4
2026-09-26T01:48:51.889113Z DEBUG netbaiot_transports::business_rpc::v3: business RPC V3 selected frame stream_id=0 frame_type=Pong payload_bytes=8
2026-09-26T01:48:51.884903Z DEBUG netbaiot_transports::business_rpc::v3: business RPC V3 received frame stream_id=148 frame_type=Response payload_bytes=35
2026-09-26T01:48:51.894365Z DEBUG netbaiot_transports::business_rpc::v3: business RPC V3 writer completed frame stream_id=0 frame_type=Pong payload_bytes=8
2026-09-26T01:48:51.898165Z DEBUG netbaiot_transports::business_rpc::v3: business RPC V3 selected frame stream_id=150 frame_type=Data payload_bytes=197
2026-09-26T01:48:51.898257Z DEBUG netbaiot_transports::business_rpc::v3: business RPC V3 writer completed frame stream_id=150 frame_type=Data payload_bytes=197
2026-09-26T01:48:51.898274Z DEBUG netbaiot_transports::business_rpc::v3: business RPC V3 selected frame stream_id=152 frame_type=Data payload_bytes=197
2026-09-26T01:48:51.898287Z DEBUG netbaiot_transports::business_rpc::v3: business RPC V3 writer completed frame stream_id=152 frame_type=Data payload_bytes=197
2026-09-26T01:48:51.894858Z DEBUG netbaiot_transports::business_rpc::v3: business RPC V3 received frame stream_id=148 frame_type=Data payload_bytes=215
2026-09-26T01:48:51.908267Z DEBUG netbaiot_transports::business_rpc::v3: business RPC V3 received frame stream_id=0 frame_type=WindowUpdate payload_bytes=4
2026-09-26T01:48:51.914188Z DEBUG netbaiot_transports::business_rpc::v3: business RPC V3 received frame stream_id=0 frame_type=WindowUpdate payload_bytes=4
2026-09-26T01:48:51.919162Z DEBUG netbaiot_transports::business_rpc::v3: business RPC V3 received frame stream_id=152 frame_type=Response payload_bytes=35
2026-09-26T01:48:51.919506Z DEBUG netbaiot_transports::business_rpc::v3: business RPC V3 received frame stream_id=150 frame_type=Response payload_bytes=35
2026-09-26T01:48:51.924909Z DEBUG netbaiot_transports::business_rpc::v3: business RPC V3 received frame stream_id=152 frame_type=Data payload_bytes=215
2026-09-26T01:48:51.929095Z DEBUG netbaiot_transports::business_rpc::v3: business RPC V3 received frame stream_id=150 frame_type=Data payload_bytes=215
2026-09-26T01:48:51.908314Z DEBUG netbaiot_transports::business_rpc::v3: business RPC V3 selected frame stream_id=0 frame_type=WindowUpdate payload_bytes=4
2026-09-26T01:48:51.939424Z DEBUG netbaiot_transports::business_rpc::v3: business RPC V3 writer completed frame stream_id=0 frame_type=WindowUpdate payload_bytes=4
2026-09-26T01:48:51.945874Z DEBUG netbaiot_transports::business_rpc::v3: business RPC V3 body entered scheduler stream_id=154 class=Rpc body_bytes=197
2026-09-26T01:48:51.952470Z DEBUG netbaiot_transports::business_rpc::v3: business RPC V3 body entered scheduler stream_id=156 class=Rpc body_bytes=197
2026-09-26T01:48:51.952525Z DEBUG netbaiot_transports::business_rpc::v3: business RPC V3 body entered scheduler stream_id=158 class=Rpc body_bytes=197
2026-09-26T01:48:51.952538Z DEBUG netbaiot_transports::business_rpc::v3: business RPC V3 body entered scheduler stream_id=160 class=Rpc body_bytes=197
2026-09-26T01:48:51.952549Z DEBUG netbaiot_transports::business_rpc::v3: business RPC V3 selected frame stream_id=154 frame_type=Open payload_bytes=158
2026-09-26T01:48:51.952711Z DEBUG netbaiot_transports::business_rpc::v3: business RPC V3 writer completed frame stream_id=154 frame_type=Open payload_bytes=158
2026-09-26T01:48:51.953049Z DEBUG netbaiot_transports::business_rpc::v3: business RPC V3 selected frame stream_id=0 frame_type=WindowUpdate payload_bytes=4
2026-09-26T01:48:51.953078Z DEBUG netbaiot_transports::business_rpc::v3: business RPC V3 writer completed frame stream_id=0 frame_type=WindowUpdate payload_bytes=4
2026-09-26T01:48:51.953091Z DEBUG netbaiot_transports::business_rpc::v3: business RPC V3 selected frame stream_id=0 frame_type=WindowUpdate payload_bytes=4
2026-09-26T01:48:51.953442Z DEBUG netbaiot_transports::business_rpc::v3: business RPC V3 writer completed frame stream_id=0 frame_type=WindowUpdate payload_bytes=4
2026-09-26T01:48:51.957963Z DEBUG netbaiot_transports::business_rpc::v3: business RPC V3 selected frame stream_id=154 frame_type=Data payload_bytes=197
2026-09-26T01:48:51.963495Z DEBUG netbaiot_transports::business_rpc::v3: business RPC V3 writer completed frame stream_id=154 frame_type=Data payload_bytes=197
2026-09-26T01:48:51.965200Z DEBUG netbaiot_transports::business_rpc::v3: business RPC V3 selected frame stream_id=156 frame_type=Open payload_bytes=158
2026-09-26T01:48:51.969181Z DEBUG netbaiot_transports::business_rpc::v3: business RPC V3 writer completed frame stream_id=156 frame_type=Open payload_bytes=158
2026-09-26T01:48:51.972015Z DEBUG netbaiot_transports::business_rpc::v3: business RPC V3 selected frame stream_id=158 frame_type=Open payload_bytes=158
2026-09-26T01:48:51.974920Z DEBUG netbaiot_transports::business_rpc::v3: business RPC V3 writer completed frame stream_id=158 frame_type=Open payload_bytes=158
2026-09-26T01:48:51.974942Z DEBUG netbaiot_transports::business_rpc::v3: business RPC V3 selected frame stream_id=160 frame_type=Open payload_bytes=158
2026-09-26T01:48:51.974958Z DEBUG netbaiot_transports::business_rpc::v3: business RPC V3 writer completed frame stream_id=160 frame_type=Open payload_bytes=158
2026-09-26T01:48:51.974973Z DEBUG netbaiot_transports::business_rpc::v3: business RPC V3 selected frame stream_id=156 frame_type=Data payload_bytes=197
2026-09-26T01:48:51.974987Z DEBUG netbaiot_transports::business_rpc::v3: business RPC V3 writer completed frame stream_id=156 frame_type=Data payload_bytes=197
2026-09-26T01:48:51.975005Z DEBUG netbaiot_transports::business_rpc::v3: business RPC V3 selected frame stream_id=158 frame_type=Data payload_bytes=197
2026-09-26T01:48:51.975018Z DEBUG netbaiot_transports::business_rpc::v3: business RPC V3 writer completed frame stream_id=158 frame_type=Data payload_bytes=197
2026-09-26T01:48:51.975027Z DEBUG netbaiot_transports::business_rpc::v3: business RPC V3 selected frame stream_id=160 frame_type=Data payload_bytes=197
2026-09-26T01:48:51.975040Z DEBUG netbaiot_transports::business_rpc::v3: business RPC V3 writer completed frame stream_id=160 frame_type=Data payload_bytes=197
2026-09-26T01:48:51.975076Z DEBUG netbaiot_transports::business_rpc::v3: business RPC V3 received frame stream_id=0 frame_type=WindowUpdate payload_bytes=4
2026-09-26T01:48:51.975091Z DEBUG netbaiot_transports::business_rpc::v3: business RPC V3 received frame stream_id=154 frame_type=Response payload_bytes=35
2026-09-26T01:48:51.975110Z DEBUG netbaiot_transports::business_rpc::v3: business RPC V3 received frame stream_id=154 frame_type=Data payload_bytes=215
2026-09-26T01:48:51.975863Z DEBUG netbaiot_transports::business_rpc::v3: business RPC V3 selected frame stream_id=0 frame_type=WindowUpdate payload_bytes=4
2026-09-26T01:48:51.976174Z DEBUG netbaiot_transports::business_rpc::v3: business RPC V3 received frame stream_id=0 frame_type=WindowUpdate payload_bytes=4
2026-09-26T01:48:51.978252Z DEBUG netbaiot_transports::business_rpc::v3: business RPC V3 writer completed frame stream_id=0 frame_type=WindowUpdate payload_bytes=4
2026-09-26T01:48:51.980372Z DEBUG netbaiot_transports::business_rpc::v3: business RPC V3 received frame stream_id=0 frame_type=WindowUpdate payload_bytes=4
2026-09-26T01:48:51.980393Z DEBUG netbaiot_transports::business_rpc::v3: business RPC V3 received frame stream_id=0 frame_type=WindowUpdate payload_bytes=4
2026-09-26T01:48:51.980527Z DEBUG netbaiot_transports::business_rpc::v3: business RPC V3 received frame stream_id=156 frame_type=Response payload_bytes=35
2026-09-26T01:48:51.980549Z DEBUG netbaiot_transports::business_rpc::v3: business RPC V3 received frame stream_id=156 frame_type=Data payload_bytes=215
2026-09-26T01:48:51.980586Z DEBUG netbaiot_transports::business_rpc::v3: business RPC V3 received frame stream_id=160 frame_type=Response payload_bytes=35
2026-09-26T01:48:51.980596Z DEBUG netbaiot_transports::business_rpc::v3: business RPC V3 received frame stream_id=158 frame_type=Response payload_bytes=35
2026-09-26T01:48:51.980605Z DEBUG netbaiot_transports::business_rpc::v3: business RPC V3 received frame stream_id=160 frame_type=Data payload_bytes=215
2026-09-26T01:48:51.980620Z DEBUG netbaiot_transports::business_rpc::v3: business RPC V3 received frame stream_id=158 frame_type=Data payload_bytes=215
2026-09-26T01:48:51.980695Z DEBUG netbaiot_transports::business_rpc::v3: business RPC V3 selected frame stream_id=0 frame_type=WindowUpdate payload_bytes=4
2026-09-26T01:48:51.987898Z DEBUG netbaiot_transports::business_rpc::v3: business RPC V3 writer completed frame stream_id=0 frame_type=WindowUpdate payload_bytes=4
2026-09-26T01:48:51.991836Z DEBUG netbaiot_transports::business_rpc::v3: business RPC V3 body entered scheduler stream_id=162 class=Rpc body_bytes=197
2026-09-26T01:48:51.997771Z DEBUG netbaiot_transports::business_rpc::v3: business RPC V3 body entered scheduler stream_id=164 class=Rpc body_bytes=197
2026-09-26T01:48:52.004206Z DEBUG netbaiot_transports::business_rpc::v3: business RPC V3 body entered scheduler stream_id=166 class=Rpc body_bytes=197
2026-09-26T01:48:52.007058Z DEBUG netbaiot_transports::business_rpc::v3: business RPC V3 body entered scheduler stream_id=168 class=Rpc body_bytes=197
2026-09-26T01:48:52.009894Z DEBUG netbaiot_transports::business_rpc::v3: business RPC V3 selected frame stream_id=0 frame_type=WindowUpdate payload_bytes=4
2026-09-26T01:48:52.012993Z DEBUG netbaiot_transports::business_rpc::v3: business RPC V3 writer completed frame stream_id=0 frame_type=WindowUpdate payload_bytes=4
2026-09-26T01:48:52.016978Z DEBUG netbaiot_transports::business_rpc::v3: business RPC V3 selected frame stream_id=0 frame_type=WindowUpdate payload_bytes=4
2026-09-26T01:48:52.017265Z DEBUG netbaiot_transports::business_rpc::v3: business RPC V3 writer completed frame stream_id=0 frame_type=WindowUpdate payload_bytes=4
2026-09-26T01:48:52.022808Z DEBUG netbaiot_transports::business_rpc::v3: business RPC V3 selected frame stream_id=162 frame_type=Open payload_bytes=158
2026-09-26T01:48:52.025915Z DEBUG netbaiot_transports::business_rpc::v3: business RPC V3 writer completed frame stream_id=162 frame_type=Open payload_bytes=158
2026-09-26T01:48:52.030169Z DEBUG netbaiot_transports::business_rpc::v3: business RPC V3 selected frame stream_id=164 frame_type=Open payload_bytes=158
2026-09-26T01:48:52.036219Z DEBUG netbaiot_transports::business_rpc::v3: business RPC V3 writer completed frame stream_id=164 frame_type=Open payload_bytes=158
2026-09-26T01:48:52.039177Z DEBUG netbaiot_transports::business_rpc::v3: business RPC V3 selected frame stream_id=166 frame_type=Open payload_bytes=158
2026-09-26T01:48:52.045279Z DEBUG netbaiot_transports::business_rpc::v3: business RPC V3 writer completed frame stream_id=166 frame_type=Open payload_bytes=158
2026-09-26T01:48:52.047989Z DEBUG netbaiot_transports::business_rpc::v3: business RPC V3 selected frame stream_id=168 frame_type=Open payload_bytes=158
2026-09-26T01:48:52.053797Z DEBUG netbaiot_transports::business_rpc::v3: business RPC V3 writer completed frame stream_id=168 frame_type=Open payload_bytes=158
2026-09-26T01:48:52.058006Z DEBUG netbaiot_transports::business_rpc::v3: business RPC V3 selected frame stream_id=162 frame_type=Data payload_bytes=197
2026-09-26T01:48:52.060976Z DEBUG netbaiot_transports::business_rpc::v3: business RPC V3 writer completed frame stream_id=162 frame_type=Data payload_bytes=197
2026-09-26T01:48:52.067013Z DEBUG netbaiot_transports::business_rpc::v3: business RPC V3 selected frame stream_id=164 frame_type=Data payload_bytes=197
2026-09-26T01:48:52.073142Z DEBUG netbaiot_transports::business_rpc::v3: business RPC V3 writer completed frame stream_id=164 frame_type=Data payload_bytes=197
2026-09-26T01:48:52.079049Z DEBUG netbaiot_transports::business_rpc::v3: business RPC V3 selected frame stream_id=166 frame_type=Data payload_bytes=197
2026-09-26T01:48:52.082647Z DEBUG netbaiot_transports::business_rpc::v3: business RPC V3 writer completed frame stream_id=166 frame_type=Data payload_bytes=197
2026-09-26T01:48:52.082735Z DEBUG netbaiot_transports::business_rpc::v3: business RPC V3 selected frame stream_id=168 frame_type=Data payload_bytes=197
2026-09-26T01:48:52.082775Z DEBUG netbaiot_transports::business_rpc::v3: business RPC V3 writer completed frame stream_id=168 frame_type=Data payload_bytes=197
2026-09-26T01:48:52.082925Z DEBUG netbaiot_transports::business_rpc::v3: business RPC V3 received frame stream_id=0 frame_type=WindowUpdate payload_bytes=4
2026-09-26T01:48:52.082948Z DEBUG netbaiot_transports::business_rpc::v3: business RPC V3 received frame stream_id=162 frame_type=Response payload_bytes=35
2026-09-26T01:48:52.082976Z DEBUG netbaiot_transports::business_rpc::v3: business RPC V3 received frame stream_id=162 frame_type=Data payload_bytes=215
2026-09-26T01:48:52.085843Z DEBUG netbaiot_transports::business_rpc::v3: business RPC V3 received frame stream_id=0 frame_type=WindowUpdate payload_bytes=4
2026-09-26T01:48:52.093802Z DEBUG netbaiot_transports::business_rpc::v3: business RPC V3 received frame stream_id=164 frame_type=Response payload_bytes=35
2026-09-26T01:48:52.097777Z DEBUG netbaiot_transports::business_rpc::v3: business RPC V3 received frame stream_id=164 frame_type=Data payload_bytes=215
2026-09-26T01:48:52.085887Z DEBUG netbaiot_transports::business_rpc::v3: business RPC V3 selected frame stream_id=0 frame_type=WindowUpdate payload_bytes=4
2026-09-26T01:48:52.098298Z DEBUG netbaiot_transports::business_rpc::v3: business RPC V3 received frame stream_id=0 frame_type=WindowUpdate payload_bytes=4
2026-09-26T01:48:52.111292Z DEBUG netbaiot_transports::business_rpc::v3: business RPC V3 received frame stream_id=0 frame_type=WindowUpdate payload_bytes=4
2026-09-26T01:48:52.107740Z DEBUG netbaiot_transports::business_rpc::v3: business RPC V3 writer completed frame stream_id=0 frame_type=WindowUpdate payload_bytes=4
2026-09-26T01:48:52.117283Z DEBUG netbaiot_transports::business_rpc::v3: business RPC V3 received frame stream_id=168 frame_type=Response payload_bytes=35
2026-09-26T01:48:52.120894Z DEBUG netbaiot_transports::business_rpc::v3: business RPC V3 selected frame stream_id=0 frame_type=WindowUpdate payload_bytes=4
2026-09-26T01:48:52.126891Z DEBUG netbaiot_transports::business_rpc::v3: business RPC V3 received frame stream_id=166 frame_type=Response payload_bytes=35
2026-09-26T01:48:52.134765Z DEBUG netbaiot_transports::business_rpc::v3: business RPC V3 received frame stream_id=168 frame_type=Data payload_bytes=215
2026-09-26T01:48:52.134888Z DEBUG netbaiot_transports::business_rpc::v3: business RPC V3 received frame stream_id=166 frame_type=Data payload_bytes=215
2026-09-26T01:48:52.130876Z DEBUG netbaiot_transports::business_rpc::v3: business RPC V3 writer completed frame stream_id=0 frame_type=WindowUpdate payload_bytes=4
2026-09-26T01:48:52.140985Z DEBUG netbaiot_transports::business_rpc::v3: business RPC V3 selected frame stream_id=0 frame_type=WindowUpdate payload_bytes=4
2026-09-26T01:48:52.144736Z DEBUG netbaiot_transports::business_rpc::v3: business RPC V3 writer completed frame stream_id=0 frame_type=WindowUpdate payload_bytes=4
2026-09-26T01:48:52.144780Z DEBUG netbaiot_transports::business_rpc::v3: business RPC V3 selected frame stream_id=0 frame_type=WindowUpdate payload_bytes=4
2026-09-26T01:48:52.145085Z DEBUG netbaiot_transports::business_rpc::v3: business RPC V3 writer completed frame stream_id=0 frame_type=WindowUpdate payload_bytes=4
2026-09-26T01:48:52.443106Z DEBUG netbaiot_transports::business_rpc::v3: business RPC V3 body entered scheduler stream_id=170 class=Rpc body_bytes=197
2026-09-26T01:48:52.444269Z DEBUG netbaiot_transports::business_rpc::v3: business RPC V3 selected frame stream_id=170 frame_type=Open payload_bytes=158
2026-09-26T01:48:52.450200Z DEBUG netbaiot_transports::business_rpc::v3: business RPC V3 writer completed frame stream_id=170 frame_type=Open payload_bytes=158
2026-09-26T01:48:52.452814Z DEBUG netbaiot_transports::business_rpc::v3: business RPC V3 selected frame stream_id=170 frame_type=Data payload_bytes=197
2026-09-26T01:48:52.452861Z DEBUG netbaiot_transports::business_rpc::v3: business RPC V3 writer completed frame stream_id=170 frame_type=Data payload_bytes=197
2026-09-26T01:48:52.453432Z DEBUG netbaiot_transports::business_rpc::v3: business RPC V3 received frame stream_id=0 frame_type=WindowUpdate payload_bytes=4
2026-09-26T01:48:52.462935Z DEBUG netbaiot_transports::business_rpc::v3: business RPC V3 received frame stream_id=170 frame_type=Response payload_bytes=35
2026-09-26T01:48:52.462976Z DEBUG netbaiot_transports::business_rpc::v3: business RPC V3 received frame stream_id=170 frame_type=Data payload_bytes=215
2026-09-26T01:48:52.463214Z DEBUG netbaiot_transports::business_rpc::v3: business RPC V3 selected frame stream_id=0 frame_type=WindowUpdate payload_bytes=4
2026-09-26T01:48:52.469092Z DEBUG netbaiot_transports::business_rpc::v3: business RPC V3 writer completed frame stream_id=0 frame_type=WindowUpdate payload_bytes=4
2026-09-26T01:48:52.473429Z DEBUG netbaiot_transports::business_rpc::v3: business RPC V3 body entered scheduler stream_id=172 class=Event body_bytes=17365
2026-09-26T01:48:52.479190Z DEBUG netbaiot_transports::business_rpc::v3: business RPC V3 body entered scheduler stream_id=174 class=Rpc body_bytes=197
2026-09-26T01:48:52.484074Z DEBUG netbaiot_transports::business_rpc::v3: business RPC V3 selected frame stream_id=172 frame_type=Open payload_bytes=184
2026-09-26T01:48:52.484232Z DEBUG netbaiot_transports::business_rpc::v3: business RPC V3 writer completed frame stream_id=172 frame_type=Open payload_bytes=184
2026-09-26T01:48:52.489098Z DEBUG netbaiot_transports::business_rpc::v3: business RPC V3 selected frame stream_id=174 frame_type=Open payload_bytes=158
2026-09-26T01:48:52.495562Z DEBUG netbaiot_transports::business_rpc::v3: business RPC V3 writer completed frame stream_id=174 frame_type=Open payload_bytes=158
2026-09-26T01:48:52.500391Z DEBUG netbaiot_transports::business_rpc::v3: business RPC V3 selected frame stream_id=174 frame_type=Data payload_bytes=197
2026-09-26T01:48:52.500892Z DEBUG netbaiot_transports::business_rpc::v3: business RPC V3 writer completed frame stream_id=174 frame_type=Data payload_bytes=197
2026-09-26T01:48:52.506043Z DEBUG netbaiot_transports::business_rpc::v3: business RPC V3 selected frame stream_id=172 frame_type=Data payload_bytes=8192
2026-09-26T01:48:52.509049Z DEBUG netbaiot_transports::business_rpc::v3: business RPC V3 writer completed frame stream_id=172 frame_type=Data payload_bytes=8192
2026-09-26T01:48:52.514892Z DEBUG netbaiot_transports::business_rpc::v3: business RPC V3 selected frame stream_id=172 frame_type=Data payload_bytes=8192
2026-09-26T01:48:52.518051Z DEBUG netbaiot_transports::business_rpc::v3: business RPC V3 writer completed frame stream_id=172 frame_type=Data payload_bytes=8192
2026-09-26T01:48:52.525029Z DEBUG netbaiot_transports::business_rpc::v3: business RPC V3 received frame stream_id=0 frame_type=WindowUpdate payload_bytes=4
2026-09-26T01:48:52.529286Z DEBUG netbaiot_transports::business_rpc::v3: business RPC V3 received frame stream_id=174 frame_type=Response payload_bytes=35
2026-09-26T01:48:52.539352Z DEBUG netbaiot_transports::business_rpc::v3: business RPC V3 received frame stream_id=174 frame_type=Data payload_bytes=215
2026-09-26T01:48:52.542706Z DEBUG netbaiot_transports::business_rpc::v3: business RPC V3 received frame stream_id=0 frame_type=WindowUpdate payload_bytes=4
2026-09-26T01:48:52.542922Z DEBUG netbaiot_transports::business_rpc::v3: business RPC V3 selected frame stream_id=0 frame_type=WindowUpdate payload_bytes=4
2026-09-26T01:48:52.552131Z DEBUG netbaiot_transports::business_rpc::v3: business RPC V3 writer completed frame stream_id=0 frame_type=WindowUpdate payload_bytes=4
2026-09-26T01:48:52.548908Z DEBUG netbaiot_transports::business_rpc::v3: business RPC V3 received frame stream_id=172 frame_type=WindowUpdate payload_bytes=4
2026-09-26T01:48:52.558026Z DEBUG netbaiot_transports::business_rpc::v3: business RPC V3 received frame stream_id=0 frame_type=WindowUpdate payload_bytes=4
2026-09-26T01:48:52.560813Z DEBUG netbaiot_transports::business_rpc::v3: business RPC V3 received frame stream_id=172 frame_type=WindowUpdate payload_bytes=4
2026-09-26T01:48:52.565162Z DEBUG netbaiot_transports::business_rpc::v3: business RPC V3 body entered scheduler stream_id=176 class=Rpc body_bytes=197
2026-09-26T01:48:52.577008Z DEBUG netbaiot_transports::business_rpc::v3: business RPC V3 selected frame stream_id=176 frame_type=Open payload_bytes=158
2026-09-26T01:48:52.580939Z DEBUG netbaiot_transports::business_rpc::v3: business RPC V3 writer completed frame stream_id=176 frame_type=Open payload_bytes=158
2026-09-26T01:48:52.586929Z DEBUG netbaiot_transports::business_rpc::v3: business RPC V3 selected frame stream_id=176 frame_type=Data payload_bytes=197
2026-09-26T01:48:52.590698Z DEBUG netbaiot_transports::business_rpc::v3: business RPC V3 writer completed frame stream_id=176 frame_type=Data payload_bytes=197
2026-09-26T01:48:52.590791Z DEBUG netbaiot_transports::business_rpc::v3: business RPC V3 selected frame stream_id=172 frame_type=Data payload_bytes=981
2026-09-26T01:48:52.590841Z DEBUG netbaiot_transports::business_rpc::v3: business RPC V3 writer completed frame stream_id=172 frame_type=Data payload_bytes=981
2026-09-26T01:48:52.591041Z DEBUG netbaiot_transports::business_rpc::v3: business RPC V3 received frame stream_id=0 frame_type=WindowUpdate payload_bytes=4
2026-09-26T01:48:52.596846Z DEBUG netbaiot_transports::business_rpc::v3: business RPC V3 received frame stream_id=176 frame_type=Response payload_bytes=35
2026-09-26T01:48:52.600865Z DEBUG netbaiot_transports::business_rpc::v3: business RPC V3 received frame stream_id=0 frame_type=WindowUpdate payload_bytes=4
2026-09-26T01:48:52.600959Z DEBUG netbaiot_transports::business_rpc::v3: business RPC V3 received frame stream_id=176 frame_type=Data payload_bytes=215
2026-09-26T01:48:52.602999Z DEBUG netbaiot_transports::business_rpc::v3: business RPC V3 selected frame stream_id=0 frame_type=WindowUpdate payload_bytes=4
2026-09-26T01:48:52.606267Z DEBUG netbaiot_transports::business_rpc::v3: business RPC V3 writer completed frame stream_id=0 frame_type=WindowUpdate payload_bytes=4
2026-09-26T01:48:52.603049Z DEBUG netbaiot_transports::business_rpc::v3: business RPC V3 received frame stream_id=172 frame_type=Response payload_bytes=35
2026-09-26T01:48:52.606321Z DEBUG netbaiot_transports::business_rpc::v3: business RPC V3 received frame stream_id=172 frame_type=Data payload_bytes=118
2026-09-26T01:48:52.606459Z DEBUG netbaiot_transports::business_rpc::v3: business RPC V3 Event delivery acknowledged stream_id=172 completion_us=142670
2026-09-26T01:48:52.606552Z DEBUG netbaiot_transports::business_rpc::v3: business RPC V3 body entered scheduler stream_id=178 class=Rpc body_bytes=197
2026-09-26T01:48:52.606586Z DEBUG netbaiot_transports::business_rpc::v3: business RPC V3 body entered scheduler stream_id=180 class=Rpc body_bytes=197
2026-09-26T01:48:52.606600Z DEBUG netbaiot_transports::business_rpc::v3: business RPC V3 selected frame stream_id=178 frame_type=Open payload_bytes=158
2026-09-26T01:48:52.606632Z DEBUG netbaiot_transports::business_rpc::v3: business RPC V3 writer completed frame stream_id=178 frame_type=Open payload_bytes=158
2026-09-26T01:48:52.606644Z DEBUG netbaiot_transports::business_rpc::v3: business RPC V3 selected frame stream_id=180 frame_type=Open payload_bytes=158
2026-09-26T01:48:52.606657Z DEBUG netbaiot_transports::business_rpc::v3: business RPC V3 writer completed frame stream_id=180 frame_type=Open payload_bytes=158
2026-09-26T01:48:52.609743Z DEBUG netbaiot_transports::business_rpc::v3: business RPC V3 selected frame stream_id=0 frame_type=WindowUpdate payload_bytes=4
2026-09-26T01:48:52.613068Z DEBUG netbaiot_transports::business_rpc::v3: business RPC V3 writer completed frame stream_id=0 frame_type=WindowUpdate payload_bytes=4
2026-09-26T01:48:52.616888Z DEBUG netbaiot_transports::business_rpc::v3: business RPC V3 body entered scheduler stream_id=182 class=Rpc body_bytes=197
2026-09-26T01:48:52.623172Z DEBUG netbaiot_transports::business_rpc::v3: business RPC V3 selected frame stream_id=178 frame_type=Data payload_bytes=197
2026-09-26T01:48:52.630927Z DEBUG netbaiot_transports::business_rpc::v3: business RPC V3 writer completed frame stream_id=178 frame_type=Data payload_bytes=197
2026-09-26T01:48:52.636762Z DEBUG netbaiot_transports::business_rpc::v3: business RPC V3 selected frame stream_id=182 frame_type=Open payload_bytes=158
2026-09-26T01:48:52.638547Z DEBUG netbaiot_transports::business_rpc::v3: business RPC V3 writer completed frame stream_id=182 frame_type=Open payload_bytes=158
2026-09-26T01:48:52.640998Z DEBUG netbaiot_transports::business_rpc::v3: business RPC V3 selected frame stream_id=180 frame_type=Data payload_bytes=197
2026-09-26T01:48:52.645022Z DEBUG netbaiot_transports::business_rpc::v3: business RPC V3 writer completed frame stream_id=180 frame_type=Data payload_bytes=197
2026-09-26T01:48:52.653859Z DEBUG netbaiot_transports::business_rpc::v3: business RPC V3 selected frame stream_id=182 frame_type=Data payload_bytes=197
2026-09-26T01:48:52.657561Z DEBUG netbaiot_transports::business_rpc::v3: business RPC V3 writer completed frame stream_id=182 frame_type=Data payload_bytes=197
2026-09-26T01:48:52.667906Z DEBUG netbaiot_transports::business_rpc::v3: business RPC V3 received frame stream_id=0 frame_type=WindowUpdate payload_bytes=4
2026-09-26T01:48:52.674237Z DEBUG netbaiot_transports::business_rpc::v3: business RPC V3 received frame stream_id=178 frame_type=Response payload_bytes=35
2026-09-26T01:48:52.685563Z DEBUG netbaiot_transports::business_rpc::v3: business RPC V3 received frame stream_id=178 frame_type=Data payload_bytes=215
2026-09-26T01:48:52.689802Z DEBUG netbaiot_transports::business_rpc::v3: business RPC V3 received frame stream_id=0 frame_type=WindowUpdate payload_bytes=4
2026-09-26T01:48:52.693362Z DEBUG netbaiot_transports::business_rpc::v3: business RPC V3 received frame stream_id=180 frame_type=Response payload_bytes=35
2026-09-26T01:48:52.689833Z DEBUG netbaiot_transports::business_rpc::v3: business RPC V3 selected frame stream_id=0 frame_type=WindowUpdate payload_bytes=4
2026-09-26T01:48:52.693502Z DEBUG netbaiot_transports::business_rpc::v3: business RPC V3 received frame stream_id=180 frame_type=Data payload_bytes=215
2026-09-26T01:48:52.693609Z DEBUG netbaiot_transports::business_rpc::v3: business RPC V3 writer completed frame stream_id=0 frame_type=WindowUpdate payload_bytes=4
2026-09-26T01:48:52.694529Z DEBUG netbaiot_transports::business_rpc::v3: business RPC V3 received frame stream_id=0 frame_type=WindowUpdate payload_bytes=4
2026-09-26T01:48:52.703065Z DEBUG netbaiot_transports::business_rpc::v3: business RPC V3 received frame stream_id=182 frame_type=Response payload_bytes=35
2026-09-26T01:48:52.699024Z DEBUG netbaiot_transports::business_rpc::v3: business RPC V3 selected frame stream_id=0 frame_type=WindowUpdate payload_bytes=4
2026-09-26T01:48:52.705970Z DEBUG netbaiot_transports::business_rpc::v3: business RPC V3 received frame stream_id=182 frame_type=Data payload_bytes=215
2026-09-26T01:48:52.708821Z DEBUG netbaiot_transports::business_rpc::v3: business RPC V3 writer completed frame stream_id=0 frame_type=WindowUpdate payload_bytes=4
2026-09-26T01:48:52.712102Z DEBUG netbaiot_transports::business_rpc::v3: business RPC V3 body entered scheduler stream_id=184 class=Rpc body_bytes=197
2026-09-26T01:48:52.715036Z DEBUG netbaiot_transports::business_rpc::v3: business RPC V3 body entered scheduler stream_id=186 class=Rpc body_bytes=197
2026-09-26T01:48:52.720861Z DEBUG netbaiot_transports::business_rpc::v3: business RPC V3 body entered scheduler stream_id=188 class=Rpc body_bytes=197
2026-09-26T01:48:52.723834Z DEBUG netbaiot_transports::business_rpc::v3: business RPC V3 selected frame stream_id=184 frame_type=Open payload_bytes=158
2026-09-26T01:48:52.729837Z DEBUG netbaiot_transports::business_rpc::v3: business RPC V3 writer completed frame stream_id=184 frame_type=Open payload_bytes=158
2026-09-26T01:48:52.733712Z DEBUG netbaiot_transports::business_rpc::v3: business RPC V3 selected frame stream_id=0 frame_type=WindowUpdate payload_bytes=4
2026-09-26T01:48:52.739352Z DEBUG netbaiot_transports::business_rpc::v3: business RPC V3 writer completed frame stream_id=0 frame_type=WindowUpdate payload_bytes=4
2026-09-26T01:48:52.745230Z DEBUG netbaiot_transports::business_rpc::v3: business RPC V3 selected frame stream_id=184 frame_type=Data payload_bytes=197
2026-09-26T01:48:52.754138Z DEBUG netbaiot_transports::business_rpc::v3: business RPC V3 writer completed frame stream_id=184 frame_type=Data payload_bytes=197
2026-09-26T01:48:52.759894Z DEBUG netbaiot_transports::business_rpc::v3: business RPC V3 selected frame stream_id=186 frame_type=Open payload_bytes=158
2026-09-26T01:48:52.766079Z DEBUG netbaiot_transports::business_rpc::v3: business RPC V3 writer completed frame stream_id=186 frame_type=Open payload_bytes=158
2026-09-26T01:48:52.770466Z DEBUG netbaiot_transports::business_rpc::v3: business RPC V3 selected frame stream_id=188 frame_type=Open payload_bytes=158
2026-09-26T01:48:52.772417Z DEBUG netbaiot_transports::business_rpc::v3: business RPC V3 writer completed frame stream_id=188 frame_type=Open payload_bytes=158
2026-09-26T01:48:52.779169Z DEBUG netbaiot_transports::business_rpc::v3: business RPC V3 selected frame stream_id=186 frame_type=Data payload_bytes=197
2026-09-26T01:48:52.781058Z DEBUG netbaiot_transports::business_rpc::v3: business RPC V3 writer completed frame stream_id=186 frame_type=Data payload_bytes=197
2026-09-26T01:48:52.790438Z DEBUG netbaiot_transports::business_rpc::v3: business RPC V3 selected frame stream_id=188 frame_type=Data payload_bytes=197
2026-09-26T01:48:52.791127Z DEBUG netbaiot_transports::business_rpc::v3: business RPC V3 writer completed frame stream_id=188 frame_type=Data payload_bytes=197
2026-09-26T01:48:52.796977Z DEBUG netbaiot_transports::business_rpc::v3: business RPC V3 received frame stream_id=0 frame_type=WindowUpdate payload_bytes=4
2026-09-26T01:48:52.799923Z DEBUG netbaiot_transports::business_rpc::v3: business RPC V3 received frame stream_id=184 frame_type=Response payload_bytes=35
2026-09-26T01:48:52.803567Z DEBUG netbaiot_transports::business_rpc::v3: business RPC V3 received frame stream_id=184 frame_type=Data payload_bytes=215
2026-09-26T01:48:52.809180Z DEBUG netbaiot_transports::business_rpc::v3: business RPC V3 received frame stream_id=0 frame_type=WindowUpdate payload_bytes=4
2026-09-26T01:48:52.819396Z DEBUG netbaiot_transports::business_rpc::v3: business RPC V3 received frame stream_id=186 frame_type=Response payload_bytes=35
2026-09-26T01:48:52.809201Z DEBUG netbaiot_transports::business_rpc::v3: business RPC V3 selected frame stream_id=0 frame_type=WindowUpdate payload_bytes=4
2026-09-26T01:48:52.833717Z DEBUG netbaiot_transports::business_rpc::v3: business RPC V3 writer completed frame stream_id=0 frame_type=WindowUpdate payload_bytes=4
2026-09-26T01:48:52.827983Z DEBUG netbaiot_transports::business_rpc::v3: business RPC V3 received frame stream_id=186 frame_type=Data payload_bytes=215
2026-09-26T01:48:52.845745Z DEBUG netbaiot_transports::business_rpc::v3: business RPC V3 received frame stream_id=0 frame_type=WindowUpdate payload_bytes=4
2026-09-26T01:48:52.845764Z DEBUG netbaiot_transports::business_rpc::v3: business RPC V3 received frame stream_id=188 frame_type=Response payload_bytes=35
2026-09-26T01:48:52.845833Z DEBUG netbaiot_transports::business_rpc::v3: business RPC V3 selected frame stream_id=0 frame_type=WindowUpdate payload_bytes=4
2026-09-26T01:48:52.851751Z DEBUG netbaiot_transports::business_rpc::v3: business RPC V3 received frame stream_id=188 frame_type=Data payload_bytes=215
2026-09-26T01:48:52.854844Z DEBUG netbaiot_transports::business_rpc::v3: business RPC V3 writer completed frame stream_id=0 frame_type=WindowUpdate payload_bytes=4
2026-09-26T01:48:52.854901Z DEBUG netbaiot_transports::business_rpc::v3: business RPC V3 body entered scheduler stream_id=190 class=Rpc body_bytes=197
2026-09-26T01:48:52.854917Z DEBUG netbaiot_transports::business_rpc::v3: business RPC V3 selected frame stream_id=190 frame_type=Open payload_bytes=158
2026-09-26T01:48:52.854932Z DEBUG netbaiot_transports::business_rpc::v3: business RPC V3 writer completed frame stream_id=190 frame_type=Open payload_bytes=158
2026-09-26T01:48:52.854940Z DEBUG netbaiot_transports::business_rpc::v3: business RPC V3 selected frame stream_id=0 frame_type=WindowUpdate payload_bytes=4
2026-09-26T01:48:52.855219Z DEBUG netbaiot_transports::business_rpc::v3: business RPC V3 writer completed frame stream_id=0 frame_type=WindowUpdate payload_bytes=4
2026-09-26T01:48:52.860983Z DEBUG netbaiot_transports::business_rpc::v3: business RPC V3 body entered scheduler stream_id=192 class=Rpc body_bytes=197
2026-09-26T01:48:52.866694Z DEBUG netbaiot_transports::business_rpc::v3: business RPC V3 body entered scheduler stream_id=194 class=Rpc body_bytes=197
2026-09-26T01:48:52.873570Z DEBUG netbaiot_transports::business_rpc::v3: business RPC V3 selected frame stream_id=190 frame_type=Data payload_bytes=197
2026-09-26T01:48:52.874143Z DEBUG netbaiot_transports::business_rpc::v3: business RPC V3 writer completed frame stream_id=190 frame_type=Data payload_bytes=197
2026-09-26T01:48:52.879715Z DEBUG netbaiot_transports::business_rpc::v3: business RPC V3 selected frame stream_id=192 frame_type=Open payload_bytes=158
2026-09-26T01:48:52.889315Z DEBUG netbaiot_transports::business_rpc::v3: business RPC V3 writer completed frame stream_id=192 frame_type=Open payload_bytes=158
2026-09-26T01:48:52.889760Z DEBUG netbaiot_transports::business_rpc::v3: business RPC V3 selected frame stream_id=194 frame_type=Open payload_bytes=158
2026-09-26T01:48:52.889788Z DEBUG netbaiot_transports::business_rpc::v3: business RPC V3 writer completed frame stream_id=194 frame_type=Open payload_bytes=158
2026-09-26T01:48:52.889805Z DEBUG netbaiot_transports::business_rpc::v3: business RPC V3 selected frame stream_id=192 frame_type=Data payload_bytes=197
2026-09-26T01:48:52.889820Z DEBUG netbaiot_transports::business_rpc::v3: business RPC V3 writer completed frame stream_id=192 frame_type=Data payload_bytes=197
2026-09-26T01:48:52.889832Z DEBUG netbaiot_transports::business_rpc::v3: business RPC V3 selected frame stream_id=194 frame_type=Data payload_bytes=197
2026-09-26T01:48:52.889846Z DEBUG netbaiot_transports::business_rpc::v3: business RPC V3 writer completed frame stream_id=194 frame_type=Data payload_bytes=197
2026-09-26T01:48:52.889865Z DEBUG netbaiot_transports::business_rpc::v3: business RPC V3 received frame stream_id=0 frame_type=WindowUpdate payload_bytes=4
2026-09-26T01:48:52.889873Z DEBUG netbaiot_transports::business_rpc::v3: business RPC V3 received frame stream_id=190 frame_type=Response payload_bytes=35
2026-09-26T01:48:52.889887Z DEBUG netbaiot_transports::business_rpc::v3: business RPC V3 received frame stream_id=190 frame_type=Data payload_bytes=215
2026-09-26T01:48:52.889958Z DEBUG netbaiot_transports::business_rpc::v3: business RPC V3 selected frame stream_id=0 frame_type=WindowUpdate payload_bytes=4
2026-09-26T01:48:52.890153Z DEBUG netbaiot_transports::business_rpc::v3: business RPC V3 received frame stream_id=0 frame_type=WindowUpdate payload_bytes=4
2026-09-26T01:48:52.899762Z DEBUG netbaiot_transports::business_rpc::v3: business RPC V3 received frame stream_id=0 frame_type=WindowUpdate payload_bytes=4
2026-09-26T01:48:52.895992Z DEBUG netbaiot_transports::business_rpc::v3: business RPC V3 writer completed frame stream_id=0 frame_type=WindowUpdate payload_bytes=4
2026-09-26T01:48:52.902764Z DEBUG netbaiot_transports::business_rpc::v3: business RPC V3 received frame stream_id=194 frame_type=Response payload_bytes=35
2026-09-26T01:48:52.912513Z DEBUG netbaiot_transports::business_rpc::v3: business RPC V3 received frame stream_id=194 frame_type=Data payload_bytes=215
2026-09-26T01:48:52.916559Z DEBUG netbaiot_transports::business_rpc::v3: business RPC V3 received frame stream_id=192 frame_type=Response payload_bytes=35
2026-09-26T01:48:52.916596Z DEBUG netbaiot_transports::business_rpc::v3: business RPC V3 received frame stream_id=192 frame_type=Data payload_bytes=215
2026-09-26T01:48:52.916567Z DEBUG netbaiot_transports::business_rpc::v3: business RPC V3 body entered scheduler stream_id=196 class=Rpc body_bytes=197
2026-09-26T01:48:52.916638Z DEBUG netbaiot_transports::business_rpc::v3: business RPC V3 selected frame stream_id=196 frame_type=Open payload_bytes=158
2026-09-26T01:48:52.919697Z DEBUG netbaiot_transports::business_rpc::v3: business RPC V3 writer completed frame stream_id=196 frame_type=Open payload_bytes=158
2026-09-26T01:48:52.925482Z DEBUG netbaiot_transports::business_rpc::v3: business RPC V3 body entered scheduler stream_id=198 class=Rpc body_bytes=197
2026-09-26T01:48:52.926840Z DEBUG netbaiot_transports::business_rpc::v3: business RPC V3 body entered scheduler stream_id=200 class=Rpc body_bytes=197
2026-09-26T01:48:52.932728Z DEBUG netbaiot_transports::business_rpc::v3: business RPC V3 selected frame stream_id=0 frame_type=WindowUpdate payload_bytes=4
2026-09-26T01:48:52.935608Z DEBUG netbaiot_transports::business_rpc::v3: business RPC V3 writer completed frame stream_id=0 frame_type=WindowUpdate payload_bytes=4
2026-09-26T01:48:52.935636Z DEBUG netbaiot_transports::business_rpc::v3: business RPC V3 selected frame stream_id=0 frame_type=WindowUpdate payload_bytes=4
2026-09-26T01:48:52.941638Z DEBUG netbaiot_transports::business_rpc::v3: business RPC V3 writer completed frame stream_id=0 frame_type=WindowUpdate payload_bytes=4
2026-09-26T01:48:52.944483Z DEBUG netbaiot_transports::business_rpc::v3: business RPC V3 selected frame stream_id=196 frame_type=Data payload_bytes=197
2026-09-26T01:48:52.950464Z DEBUG netbaiot_transports::business_rpc::v3: business RPC V3 writer completed frame stream_id=196 frame_type=Data payload_bytes=197
2026-09-26T01:48:52.954566Z DEBUG netbaiot_transports::business_rpc::v3: business RPC V3 selected frame stream_id=198 frame_type=Open payload_bytes=158
2026-09-26T01:48:52.954604Z DEBUG netbaiot_transports::business_rpc::v3: business RPC V3 writer completed frame stream_id=198 frame_type=Open payload_bytes=158
2026-09-26T01:48:52.961259Z DEBUG netbaiot_transports::business_rpc::v3: business RPC V3 selected frame stream_id=200 frame_type=Open payload_bytes=158
2026-09-26T01:48:52.966058Z DEBUG netbaiot_transports::business_rpc::v3: business RPC V3 writer completed frame stream_id=200 frame_type=Open payload_bytes=158
2026-09-26T01:48:52.969630Z DEBUG netbaiot_transports::business_rpc::v3: business RPC V3 selected frame stream_id=198 frame_type=Data payload_bytes=197
2026-09-26T01:48:52.969643Z DEBUG netbaiot_transports::business_rpc::v3: business RPC V3 writer completed frame stream_id=198 frame_type=Data payload_bytes=197
2026-09-26T01:48:52.969648Z DEBUG netbaiot_transports::business_rpc::v3: business RPC V3 selected frame stream_id=200 frame_type=Data payload_bytes=197
2026-09-26T01:48:52.969692Z DEBUG netbaiot_transports::business_rpc::v3: business RPC V3 writer completed frame stream_id=200 frame_type=Data payload_bytes=197
2026-09-26T01:48:52.975559Z DEBUG netbaiot_transports::business_rpc::v3: business RPC V3 received frame stream_id=0 frame_type=WindowUpdate payload_bytes=4
2026-09-26T01:48:52.983728Z DEBUG netbaiot_transports::business_rpc::v3: business RPC V3 received frame stream_id=196 frame_type=Response payload_bytes=35
2026-09-26T01:48:52.988202Z DEBUG netbaiot_transports::business_rpc::v3: business RPC V3 received frame stream_id=196 frame_type=Data payload_bytes=215
2026-09-26T01:48:52.991683Z DEBUG netbaiot_transports::business_rpc::v3: business RPC V3 received frame stream_id=0 frame_type=WindowUpdate payload_bytes=4
2026-09-26T01:48:52.999644Z DEBUG netbaiot_transports::business_rpc::v3: business RPC V3 received frame stream_id=0 frame_type=WindowUpdate payload_bytes=4
2026-09-26T01:48:53.002763Z DEBUG netbaiot_transports::business_rpc::v3: business RPC V3 received frame stream_id=200 frame_type=Response payload_bytes=35
2026-09-26T01:48:52.991696Z DEBUG netbaiot_transports::business_rpc::v3: business RPC V3 selected frame stream_id=0 frame_type=WindowUpdate payload_bytes=4
2026-09-26T01:48:53.009649Z DEBUG netbaiot_transports::business_rpc::v3: business RPC V3 writer completed frame stream_id=0 frame_type=WindowUpdate payload_bytes=4
2026-09-26T01:48:53.005895Z DEBUG netbaiot_transports::business_rpc::v3: business RPC V3 received frame stream_id=198 frame_type=Response payload_bytes=35
2026-09-26T01:48:53.009668Z DEBUG netbaiot_transports::business_rpc::v3: business RPC V3 received frame stream_id=200 frame_type=Data payload_bytes=215
2026-09-26T01:48:53.009712Z DEBUG netbaiot_transports::business_rpc::v3: business RPC V3 received frame stream_id=198 frame_type=Data payload_bytes=215
2026-09-26T01:48:53.009739Z DEBUG netbaiot_transports::business_rpc::v3: business RPC V3 selected frame stream_id=0 frame_type=WindowUpdate payload_bytes=4
2026-09-26T01:48:53.013086Z DEBUG netbaiot_transports::business_rpc::v3: business RPC V3 writer completed frame stream_id=0 frame_type=WindowUpdate payload_bytes=4
2026-09-26T01:48:53.020864Z DEBUG netbaiot_transports::business_rpc::v3: business RPC V3 body entered scheduler stream_id=202 class=Rpc body_bytes=197
2026-09-26T01:48:53.020871Z DEBUG netbaiot_transports::business_rpc::v3: business RPC V3 body entered scheduler stream_id=204 class=Rpc body_bytes=197
2026-09-26T01:48:53.024911Z DEBUG netbaiot_transports::business_rpc::v3: business RPC V3 body entered scheduler stream_id=206 class=Rpc body_bytes=197
2026-09-26T01:48:53.024940Z DEBUG netbaiot_transports::business_rpc::v3: business RPC V3 selected frame stream_id=0 frame_type=WindowUpdate payload_bytes=4
2026-09-26T01:48:53.024970Z DEBUG netbaiot_transports::business_rpc::v3: business RPC V3 writer completed frame stream_id=0 frame_type=WindowUpdate payload_bytes=4
2026-09-26T01:48:53.024981Z DEBUG netbaiot_transports::business_rpc::v3: business RPC V3 selected frame stream_id=202 frame_type=Open payload_bytes=158
2026-09-26T01:48:53.024994Z DEBUG netbaiot_transports::business_rpc::v3: business RPC V3 writer completed frame stream_id=202 frame_type=Open payload_bytes=158
2026-09-26T01:48:53.025009Z DEBUG netbaiot_transports::business_rpc::v3: business RPC V3 selected frame stream_id=202 frame_type=Data payload_bytes=197
2026-09-26T01:48:53.030795Z DEBUG netbaiot_transports::business_rpc::v3: business RPC V3 writer completed frame stream_id=202 frame_type=Data payload_bytes=197
2026-09-26T01:48:53.034718Z DEBUG netbaiot_transports::business_rpc::v3: business RPC V3 selected frame stream_id=204 frame_type=Open payload_bytes=158
2026-09-26T01:48:53.037505Z DEBUG netbaiot_transports::business_rpc::v3: business RPC V3 writer completed frame stream_id=204 frame_type=Open payload_bytes=158
2026-09-26T01:48:53.037905Z DEBUG netbaiot_transports::business_rpc::v3: business RPC V3 selected frame stream_id=206 frame_type=Open payload_bytes=158
2026-09-26T01:48:53.042102Z DEBUG netbaiot_transports::business_rpc::v3: business RPC V3 writer completed frame stream_id=206 frame_type=Open payload_bytes=158
2026-09-26T01:48:53.047693Z DEBUG netbaiot_transports::business_rpc::v3: business RPC V3 selected frame stream_id=204 frame_type=Data payload_bytes=197
2026-09-26T01:48:53.047707Z DEBUG netbaiot_transports::business_rpc::v3: business RPC V3 writer completed frame stream_id=204 frame_type=Data payload_bytes=197
2026-09-26T01:48:53.047717Z DEBUG netbaiot_transports::business_rpc::v3: business RPC V3 selected frame stream_id=206 frame_type=Data payload_bytes=197
2026-09-26T01:48:53.047724Z DEBUG netbaiot_transports::business_rpc::v3: business RPC V3 writer completed frame stream_id=206 frame_type=Data payload_bytes=197
2026-09-26T01:48:53.047732Z DEBUG netbaiot_transports::business_rpc::v3: business RPC V3 received frame stream_id=0 frame_type=WindowUpdate payload_bytes=4
2026-09-26T01:48:53.047738Z DEBUG netbaiot_transports::business_rpc::v3: business RPC V3 received frame stream_id=202 frame_type=Response payload_bytes=35
2026-09-26T01:48:53.047746Z DEBUG netbaiot_transports::business_rpc::v3: business RPC V3 received frame stream_id=202 frame_type=Data payload_bytes=215
2026-09-26T01:48:53.047781Z DEBUG netbaiot_transports::business_rpc::v3: business RPC V3 selected frame stream_id=0 frame_type=WindowUpdate payload_bytes=4
2026-09-26T01:48:53.047969Z DEBUG netbaiot_transports::business_rpc::v3: business RPC V3 received frame stream_id=0 frame_type=WindowUpdate payload_bytes=4
2026-09-26T01:48:53.056081Z DEBUG netbaiot_transports::business_rpc::v3: business RPC V3 received frame stream_id=0 frame_type=WindowUpdate payload_bytes=4
2026-09-26T01:48:53.051344Z DEBUG netbaiot_transports::business_rpc::v3: business RPC V3 writer completed frame stream_id=0 frame_type=WindowUpdate payload_bytes=4
2026-09-26T01:48:53.062674Z DEBUG netbaiot_transports::business_rpc::v3: business RPC V3 received frame stream_id=206 frame_type=Response payload_bytes=35
2026-09-26T01:48:53.071543Z DEBUG netbaiot_transports::business_rpc::v3: business RPC V3 received frame stream_id=206 frame_type=Data payload_bytes=215
2026-09-26T01:48:53.076337Z DEBUG netbaiot_transports::business_rpc::v3: business RPC V3 received frame stream_id=204 frame_type=Response payload_bytes=35
2026-09-26T01:48:53.077600Z DEBUG netbaiot_transports::business_rpc::v3: business RPC V3 received frame stream_id=204 frame_type=Data payload_bytes=215
2026-09-26T01:48:53.076353Z DEBUG netbaiot_transports::business_rpc::v3: business RPC V3 body entered scheduler stream_id=208 class=Rpc body_bytes=197
2026-09-26T01:48:53.088015Z DEBUG netbaiot_transports::business_rpc::v3: business RPC V3 body entered scheduler stream_id=210 class=Rpc body_bytes=197
2026-09-26T01:48:53.091742Z DEBUG netbaiot_transports::business_rpc::v3: business RPC V3 body entered scheduler stream_id=212 class=Rpc body_bytes=198
2026-09-26T01:48:53.091791Z DEBUG netbaiot_transports::business_rpc::v3: business RPC V3 body entered scheduler stream_id=214 class=Rpc body_bytes=198
2026-09-26T01:48:53.091821Z DEBUG netbaiot_transports::business_rpc::v3: business RPC V3 selected frame stream_id=208 frame_type=Open payload_bytes=158
2026-09-26T01:48:53.091910Z DEBUG netbaiot_transports::business_rpc::v3: business RPC V3 writer completed frame stream_id=208 frame_type=Open payload_bytes=158
2026-09-26T01:48:53.091922Z DEBUG netbaiot_transports::business_rpc::v3: business RPC V3 selected frame stream_id=210 frame_type=Open payload_bytes=158
2026-09-26T01:48:53.094351Z DEBUG netbaiot_transports::business_rpc::v3: business RPC V3 writer completed frame stream_id=210 frame_type=Open payload_bytes=158
2026-09-26T01:48:53.099005Z DEBUG netbaiot_transports::business_rpc::v3: business RPC V3 selected frame stream_id=0 frame_type=WindowUpdate payload_bytes=4
2026-09-26T01:48:53.103152Z DEBUG netbaiot_transports::business_rpc::v3: business RPC V3 writer completed frame stream_id=0 frame_type=WindowUpdate payload_bytes=4
2026-09-26T01:48:53.104994Z DEBUG netbaiot_transports::business_rpc::v3: business RPC V3 selected frame stream_id=208 frame_type=Data payload_bytes=197
2026-09-26T01:48:53.108104Z DEBUG netbaiot_transports::business_rpc::v3: business RPC V3 writer completed frame stream_id=208 frame_type=Data payload_bytes=197
2026-09-26T01:48:53.111926Z DEBUG netbaiot_transports::business_rpc::v3: business RPC V3 selected frame stream_id=0 frame_type=WindowUpdate payload_bytes=4
2026-09-26T01:48:53.111960Z DEBUG netbaiot_transports::business_rpc::v3: business RPC V3 writer completed frame stream_id=0 frame_type=WindowUpdate payload_bytes=4
2026-09-26T01:48:53.113472Z DEBUG netbaiot_transports::business_rpc::v3: business RPC V3 selected frame stream_id=212 frame_type=Open payload_bytes=158
2026-09-26T01:48:53.117318Z DEBUG netbaiot_transports::business_rpc::v3: business RPC V3 writer completed frame stream_id=212 frame_type=Open payload_bytes=158
2026-09-26T01:48:53.123524Z DEBUG netbaiot_transports::business_rpc::v3: business RPC V3 selected frame stream_id=214 frame_type=Open payload_bytes=158
2026-09-26T01:48:53.130917Z DEBUG netbaiot_transports::business_rpc::v3: business RPC V3 writer completed frame stream_id=214 frame_type=Open payload_bytes=158
2026-09-26T01:48:53.131029Z DEBUG netbaiot_transports::business_rpc::v3: business RPC V3 selected frame stream_id=210 frame_type=Data payload_bytes=197
2026-09-26T01:48:53.131065Z DEBUG netbaiot_transports::business_rpc::v3: business RPC V3 writer completed frame stream_id=210 frame_type=Data payload_bytes=197
2026-09-26T01:48:53.136735Z DEBUG netbaiot_transports::business_rpc::v3: business RPC V3 selected frame stream_id=212 frame_type=Data payload_bytes=198
2026-09-26T01:48:53.140801Z DEBUG netbaiot_transports::business_rpc::v3: business RPC V3 writer completed frame stream_id=212 frame_type=Data payload_bytes=198
2026-09-26T01:48:53.156774Z DEBUG netbaiot_transports::business_rpc::v3: business RPC V3 selected frame stream_id=214 frame_type=Data payload_bytes=198
2026-09-26T01:48:53.158643Z DEBUG netbaiot_transports::business_rpc::v3: business RPC V3 writer completed frame stream_id=214 frame_type=Data payload_bytes=198
2026-09-26T01:48:53.162959Z DEBUG netbaiot_transports::business_rpc::v3: business RPC V3 received frame stream_id=0 frame_type=WindowUpdate payload_bytes=4
2026-09-26T01:48:53.162971Z DEBUG netbaiot_transports::business_rpc::v3: business RPC V3 received frame stream_id=208 frame_type=Response payload_bytes=35
2026-09-26T01:48:53.162981Z DEBUG netbaiot_transports::business_rpc::v3: business RPC V3 received frame stream_id=208 frame_type=Data payload_bytes=215
2026-09-26T01:48:53.163010Z DEBUG netbaiot_transports::business_rpc::v3: business RPC V3 received frame stream_id=0 frame_type=WindowUpdate payload_bytes=4
2026-09-26T01:48:53.163020Z DEBUG netbaiot_transports::business_rpc::v3: business RPC V3 received frame stream_id=210 frame_type=Response payload_bytes=35
2026-09-26T01:48:53.163028Z DEBUG netbaiot_transports::business_rpc::v3: business RPC V3 received frame stream_id=210 frame_type=Data payload_bytes=215
2026-09-26T01:48:53.163043Z DEBUG netbaiot_transports::business_rpc::v3: business RPC V3 received frame stream_id=0 frame_type=WindowUpdate payload_bytes=4
2026-09-26T01:48:53.163051Z DEBUG netbaiot_transports::business_rpc::v3: business RPC V3 received frame stream_id=212 frame_type=Response payload_bytes=35
2026-09-26T01:48:53.163049Z DEBUG netbaiot_transports::business_rpc::v3: business RPC V3 selected frame stream_id=0 frame_type=WindowUpdate payload_bytes=4
2026-09-26T01:48:53.163139Z DEBUG netbaiot_transports::business_rpc::v3: business RPC V3 writer completed frame stream_id=0 frame_type=WindowUpdate payload_bytes=4
2026-09-26T01:48:53.166339Z DEBUG netbaiot_transports::business_rpc::v3: business RPC V3 selected frame stream_id=0 frame_type=WindowUpdate payload_bytes=4
2026-09-26T01:48:53.169775Z DEBUG netbaiot_transports::business_rpc::v3: business RPC V3 writer completed frame stream_id=0 frame_type=WindowUpdate payload_bytes=4
2026-09-26T01:48:53.163061Z DEBUG netbaiot_transports::business_rpc::v3: business RPC V3 received frame stream_id=212 frame_type=Data payload_bytes=216
2026-09-26T01:48:53.185681Z DEBUG netbaiot_transports::business_rpc::v3: business RPC V3 received frame stream_id=0 frame_type=WindowUpdate payload_bytes=4
2026-09-26T01:48:53.185741Z DEBUG netbaiot_transports::business_rpc::v3: business RPC V3 body entered scheduler stream_id=216 class=Rpc body_bytes=198
2026-09-26T01:48:53.189844Z DEBUG netbaiot_transports::business_rpc::v3: business RPC V3 received frame stream_id=214 frame_type=Response payload_bytes=35
2026-09-26T01:48:53.196599Z DEBUG netbaiot_transports::business_rpc::v3: business RPC V3 received frame stream_id=214 frame_type=Data payload_bytes=216
2026-09-26T01:48:53.193991Z DEBUG netbaiot_transports::business_rpc::v3: business RPC V3 body entered scheduler stream_id=218 class=Rpc body_bytes=198
2026-09-26T01:48:53.206083Z DEBUG netbaiot_transports::business_rpc::v3: business RPC V3 body entered scheduler stream_id=220 class=Rpc body_bytes=198
2026-09-26T01:48:53.210802Z DEBUG netbaiot_transports::business_rpc::v3: business RPC V3 body entered scheduler stream_id=222 class=Rpc body_bytes=198
2026-09-26T01:48:53.217190Z DEBUG netbaiot_transports::business_rpc::v3: business RPC V3 selected frame stream_id=0 frame_type=WindowUpdate payload_bytes=4
2026-09-26T01:48:53.223516Z DEBUG netbaiot_transports::business_rpc::v3: business RPC V3 writer completed frame stream_id=0 frame_type=WindowUpdate payload_bytes=4
2026-09-26T01:48:53.230211Z DEBUG netbaiot_transports::business_rpc::v3: business RPC V3 selected frame stream_id=216 frame_type=Open payload_bytes=158
2026-09-26T01:48:53.236205Z DEBUG netbaiot_transports::business_rpc::v3: business RPC V3 writer completed frame stream_id=216 frame_type=Open payload_bytes=158
2026-09-26T01:48:53.245026Z DEBUG netbaiot_transports::business_rpc::v3: business RPC V3 selected frame stream_id=216 frame_type=Data payload_bytes=198
2026-09-26T01:48:53.249257Z DEBUG netbaiot_transports::business_rpc::v3: business RPC V3 writer completed frame stream_id=216 frame_type=Data payload_bytes=198
2026-09-26T01:48:53.249291Z DEBUG netbaiot_transports::business_rpc::v3: business RPC V3 selected frame stream_id=218 frame_type=Open payload_bytes=158
2026-09-26T01:48:53.249314Z DEBUG netbaiot_transports::business_rpc::v3: business RPC V3 writer completed frame stream_id=218 frame_type=Open payload_bytes=158
2026-09-26T01:48:53.254901Z DEBUG netbaiot_transports::business_rpc::v3: business RPC V3 selected frame stream_id=0 frame_type=WindowUpdate payload_bytes=4
2026-09-26T01:48:53.259196Z DEBUG netbaiot_transports::business_rpc::v3: business RPC V3 writer completed frame stream_id=0 frame_type=WindowUpdate payload_bytes=4
2026-09-26T01:48:53.265040Z DEBUG netbaiot_transports::business_rpc::v3: business RPC V3 selected frame stream_id=220 frame_type=Open payload_bytes=158
2026-09-26T01:48:53.265141Z DEBUG netbaiot_transports::business_rpc::v3: business RPC V3 writer completed frame stream_id=220 frame_type=Open payload_bytes=158
2026-09-26T01:48:53.271411Z DEBUG netbaiot_transports::business_rpc::v3: business RPC V3 selected frame stream_id=222 frame_type=Open payload_bytes=158
2026-09-26T01:48:53.278040Z DEBUG netbaiot_transports::business_rpc::v3: business RPC V3 writer completed frame stream_id=222 frame_type=Open payload_bytes=158
2026-09-26T01:48:53.280875Z DEBUG netbaiot_transports::business_rpc::v3: business RPC V3 selected frame stream_id=218 frame_type=Data payload_bytes=198
2026-09-26T01:48:53.284330Z DEBUG netbaiot_transports::business_rpc::v3: business RPC V3 writer completed frame stream_id=218 frame_type=Data payload_bytes=198
2026-09-26T01:48:53.287284Z DEBUG netbaiot_transports::business_rpc::v3: business RPC V3 selected frame stream_id=220 frame_type=Data payload_bytes=198
2026-09-26T01:48:53.301558Z DEBUG netbaiot_transports::business_rpc::v3: business RPC V3 writer completed frame stream_id=220 frame_type=Data payload_bytes=198
2026-09-26T01:48:53.302510Z DEBUG netbaiot_transports::business_rpc::v3: business RPC V3 selected frame stream_id=222 frame_type=Data payload_bytes=198
2026-09-26T01:48:53.306833Z DEBUG netbaiot_transports::business_rpc::v3: business RPC V3 writer completed frame stream_id=222 frame_type=Data payload_bytes=198
2026-09-26T01:48:53.313161Z DEBUG netbaiot_transports::business_rpc::v3: business RPC V3 received frame stream_id=0 frame_type=WindowUpdate payload_bytes=4
2026-09-26T01:48:53.319089Z DEBUG netbaiot_transports::business_rpc::v3: business RPC V3 received frame stream_id=216 frame_type=Response payload_bytes=35
2026-09-26T01:48:53.325258Z DEBUG netbaiot_transports::business_rpc::v3: business RPC V3 received frame stream_id=216 frame_type=Data payload_bytes=216
2026-09-26T01:48:53.329961Z DEBUG netbaiot_transports::business_rpc::v3: business RPC V3 received frame stream_id=0 frame_type=WindowUpdate payload_bytes=4
2026-09-26T01:48:53.330044Z DEBUG netbaiot_transports::business_rpc::v3: business RPC V3 selected frame stream_id=0 frame_type=WindowUpdate payload_bytes=4
2026-09-26T01:48:53.332803Z DEBUG netbaiot_transports::business_rpc::v3: business RPC V3 received frame stream_id=218 frame_type=Response payload_bytes=35
2026-09-26T01:48:53.336249Z DEBUG netbaiot_transports::business_rpc::v3: business RPC V3 writer completed frame stream_id=0 frame_type=WindowUpdate payload_bytes=4
2026-09-26T01:48:53.338957Z DEBUG netbaiot_transports::business_rpc::v3: business RPC V3 received frame stream_id=218 frame_type=Data payload_bytes=216
2026-09-26T01:48:53.355700Z DEBUG netbaiot_transports::business_rpc::v3: business RPC V3 received frame stream_id=0 frame_type=WindowUpdate payload_bytes=4
2026-09-26T01:48:53.355722Z DEBUG netbaiot_transports::business_rpc::v3: business RPC V3 selected frame stream_id=0 frame_type=WindowUpdate payload_bytes=4
2026-09-26T01:48:53.360338Z DEBUG netbaiot_transports::business_rpc::v3: business RPC V3 received frame stream_id=220 frame_type=Response payload_bytes=35
2026-09-26T01:48:53.378847Z DEBUG netbaiot_transports::business_rpc::v3: business RPC V3 writer completed frame stream_id=0 frame_type=WindowUpdate payload_bytes=4
2026-09-26T01:48:53.386848Z DEBUG netbaiot_transports::business_rpc::v3: business RPC V3 body entered scheduler stream_id=224 class=Rpc body_bytes=198
2026-09-26T01:48:53.382636Z DEBUG netbaiot_transports::business_rpc::v3: business RPC V3 received frame stream_id=220 frame_type=Data payload_bytes=216
2026-09-26T01:48:53.393110Z DEBUG netbaiot_transports::business_rpc::v3: business RPC V3 selected frame stream_id=224 frame_type=Open payload_bytes=158
2026-09-26T01:48:53.398787Z DEBUG netbaiot_transports::business_rpc::v3: business RPC V3 received frame stream_id=0 frame_type=WindowUpdate payload_bytes=4
2026-09-26T01:48:53.407817Z DEBUG netbaiot_transports::business_rpc::v3: business RPC V3 received frame stream_id=222 frame_type=Response payload_bytes=35
2026-09-26T01:48:53.405148Z DEBUG netbaiot_transports::business_rpc::v3: business RPC V3 writer completed frame stream_id=224 frame_type=Open payload_bytes=158
2026-09-26T01:48:53.410889Z DEBUG netbaiot_transports::business_rpc::v3: business RPC V3 received frame stream_id=222 frame_type=Data payload_bytes=216
2026-09-26T01:48:53.422903Z DEBUG netbaiot_transports::business_rpc::v3: business RPC V3 body entered scheduler stream_id=226 class=Rpc body_bytes=198
2026-09-26T01:48:53.432084Z DEBUG netbaiot_transports::business_rpc::v3: business RPC V3 selected frame stream_id=0 frame_type=WindowUpdate payload_bytes=4
2026-09-26T01:48:53.435996Z DEBUG netbaiot_transports::business_rpc::v3: business RPC V3 writer completed frame stream_id=0 frame_type=WindowUpdate payload_bytes=4
2026-09-26T01:48:53.441921Z DEBUG netbaiot_transports::business_rpc::v3: business RPC V3 selected frame stream_id=224 frame_type=Data payload_bytes=198
2026-09-26T01:48:53.448120Z DEBUG netbaiot_transports::business_rpc::v3: business RPC V3 writer completed frame stream_id=224 frame_type=Data payload_bytes=198
2026-09-26T01:48:53.450985Z DEBUG netbaiot_transports::business_rpc::v3: business RPC V3 selected frame stream_id=226 frame_type=Open payload_bytes=158
2026-09-26T01:48:53.452992Z DEBUG netbaiot_transports::business_rpc::v3: business RPC V3 writer completed frame stream_id=226 frame_type=Open payload_bytes=158
2026-09-26T01:48:53.455934Z DEBUG netbaiot_transports::business_rpc::v3: business RPC V3 selected frame stream_id=0 frame_type=WindowUpdate payload_bytes=4
2026-09-26T01:48:53.460356Z DEBUG netbaiot_transports::business_rpc::v3: business RPC V3 writer completed frame stream_id=0 frame_type=WindowUpdate payload_bytes=4
2026-09-26T01:48:53.471764Z DEBUG netbaiot_transports::business_rpc::v3: business RPC V3 selected frame stream_id=226 frame_type=Data payload_bytes=198
2026-09-26T01:48:53.479756Z DEBUG netbaiot_transports::business_rpc::v3: business RPC V3 writer completed frame stream_id=226 frame_type=Data payload_bytes=198
2026-09-26T01:48:53.479897Z DEBUG netbaiot_transports::business_rpc::v3: business RPC V3 received frame stream_id=0 frame_type=WindowUpdate payload_bytes=4
2026-09-26T01:48:53.479914Z DEBUG netbaiot_transports::business_rpc::v3: business RPC V3 received frame stream_id=224 frame_type=Response payload_bytes=35
2026-09-26T01:48:53.479935Z DEBUG netbaiot_transports::business_rpc::v3: business RPC V3 received frame stream_id=224 frame_type=Data payload_bytes=216
2026-09-26T01:48:53.480063Z DEBUG netbaiot_transports::business_rpc::v3: business RPC V3 body entered scheduler stream_id=228 class=Rpc body_bytes=198
2026-09-26T01:48:53.480191Z DEBUG netbaiot_transports::business_rpc::v3: business RPC V3 received frame stream_id=0 frame_type=WindowUpdate payload_bytes=4
2026-09-26T01:48:53.486073Z DEBUG netbaiot_transports::business_rpc::v3: business RPC V3 body entered scheduler stream_id=230 class=Rpc body_bytes=198
2026-09-26T01:48:53.490871Z DEBUG netbaiot_transports::business_rpc::v3: business RPC V3 received frame stream_id=226 frame_type=Response payload_bytes=35
2026-09-26T01:48:53.511099Z DEBUG netbaiot_transports::business_rpc::v3: business RPC V3 body entered scheduler stream_id=232 class=Event body_bytes=17365
2026-09-26T01:48:53.519336Z DEBUG netbaiot_transports::business_rpc::v3: business RPC V3 selected frame stream_id=228 frame_type=Open payload_bytes=158
2026-09-26T01:48:53.525441Z DEBUG netbaiot_transports::business_rpc::v3: business RPC V3 writer completed frame stream_id=228 frame_type=Open payload_bytes=158
2026-09-26T01:48:53.528912Z DEBUG netbaiot_transports::business_rpc::v3: business RPC V3 selected frame stream_id=230 frame_type=Open payload_bytes=158
2026-09-26T01:48:53.535101Z DEBUG netbaiot_transports::business_rpc::v3: business RPC V3 writer completed frame stream_id=230 frame_type=Open payload_bytes=158
2026-09-26T01:48:53.539323Z DEBUG netbaiot_transports::business_rpc::v3: business RPC V3 selected frame stream_id=232 frame_type=Open payload_bytes=184
2026-09-26T01:48:53.514938Z DEBUG netbaiot_transports::business_rpc::v3: business RPC V3 received frame stream_id=226 frame_type=Data payload_bytes=216
2026-09-26T01:48:53.544957Z DEBUG netbaiot_transports::business_rpc::v3: business RPC V3 writer completed frame stream_id=232 frame_type=Open payload_bytes=184
2026-09-26T01:48:53.553181Z DEBUG netbaiot_transports::business_rpc::v3: business RPC V3 body entered scheduler stream_id=234 class=Rpc body_bytes=198
2026-09-26T01:48:53.558781Z DEBUG netbaiot_transports::business_rpc::v3: business RPC V3 body entered scheduler stream_id=236 class=Rpc body_bytes=198
2026-09-26T01:48:53.563078Z DEBUG netbaiot_transports::business_rpc::v3: business RPC V3 selected frame stream_id=0 frame_type=WindowUpdate payload_bytes=4
2026-09-26T01:48:53.568054Z DEBUG netbaiot_transports::business_rpc::v3: business RPC V3 writer completed frame stream_id=0 frame_type=WindowUpdate payload_bytes=4
2026-09-26T01:48:53.573914Z DEBUG netbaiot_transports::business_rpc::v3: business RPC V3 selected frame stream_id=228 frame_type=Data payload_bytes=198
2026-09-26T01:48:53.580324Z DEBUG netbaiot_transports::business_rpc::v3: business RPC V3 writer completed frame stream_id=228 frame_type=Data payload_bytes=198
2026-09-26T01:48:53.588194Z DEBUG netbaiot_transports::business_rpc::v3: business RPC V3 selected frame stream_id=0 frame_type=WindowUpdate payload_bytes=4
2026-09-26T01:48:53.590757Z DEBUG netbaiot_transports::business_rpc::v3: business RPC V3 writer completed frame stream_id=0 frame_type=WindowUpdate payload_bytes=4
2026-09-26T01:48:53.590775Z DEBUG netbaiot_transports::business_rpc::v3: business RPC V3 selected frame stream_id=234 frame_type=Open payload_bytes=158
2026-09-26T01:48:53.590791Z DEBUG netbaiot_transports::business_rpc::v3: business RPC V3 writer completed frame stream_id=234 frame_type=Open payload_bytes=158
2026-09-26T01:48:53.590819Z DEBUG netbaiot_transports::business_rpc::v3: business RPC V3 selected frame stream_id=236 frame_type=Open payload_bytes=158
2026-09-26T01:48:53.590833Z DEBUG netbaiot_transports::business_rpc::v3: business RPC V3 writer completed frame stream_id=236 frame_type=Open payload_bytes=158
2026-09-26T01:48:53.590860Z DEBUG netbaiot_transports::business_rpc::v3: business RPC V3 selected frame stream_id=230 frame_type=Data payload_bytes=198
2026-09-26T01:48:53.590876Z DEBUG netbaiot_transports::business_rpc::v3: business RPC V3 writer completed frame stream_id=230 frame_type=Data payload_bytes=198
2026-09-26T01:48:53.590937Z DEBUG netbaiot_transports::business_rpc::v3: business RPC V3 selected frame stream_id=234 frame_type=Data payload_bytes=198
2026-09-26T01:48:53.591053Z DEBUG netbaiot_transports::business_rpc::v3: business RPC V3 writer completed frame stream_id=234 frame_type=Data payload_bytes=198
2026-09-26T01:48:53.591067Z DEBUG netbaiot_transports::business_rpc::v3: business RPC V3 selected frame stream_id=232 frame_type=Data payload_bytes=8192
2026-09-26T01:48:53.597767Z DEBUG netbaiot_transports::business_rpc::v3: business RPC V3 writer completed frame stream_id=232 frame_type=Data payload_bytes=8192
2026-09-26T01:48:53.605182Z DEBUG netbaiot_transports::business_rpc::v3: business RPC V3 selected frame stream_id=236 frame_type=Data payload_bytes=198
2026-09-26T01:48:53.605286Z DEBUG netbaiot_transports::business_rpc::v3: business RPC V3 writer completed frame stream_id=236 frame_type=Data payload_bytes=198
2026-09-26T01:48:53.615151Z DEBUG netbaiot_transports::business_rpc::v3: business RPC V3 selected frame stream_id=232 frame_type=Data payload_bytes=8192
2026-09-26T01:48:53.619257Z DEBUG netbaiot_transports::business_rpc::v3: business RPC V3 writer completed frame stream_id=232 frame_type=Data payload_bytes=8192
2026-09-26T01:48:53.630881Z DEBUG netbaiot_transports::business_rpc::v3: business RPC V3 received frame stream_id=0 frame_type=WindowUpdate payload_bytes=4
2026-09-26T01:48:53.635335Z DEBUG netbaiot_transports::business_rpc::v3: business RPC V3 received frame stream_id=228 frame_type=Response payload_bytes=35
2026-09-26T01:48:53.637143Z DEBUG netbaiot_transports::business_rpc::v3: business RPC V3 received frame stream_id=228 frame_type=Data payload_bytes=216
2026-09-26T01:48:53.645142Z DEBUG netbaiot_transports::business_rpc::v3: business RPC V3 received frame stream_id=0 frame_type=WindowUpdate payload_bytes=4
2026-09-26T01:48:53.645164Z DEBUG netbaiot_transports::business_rpc::v3: business RPC V3 selected frame stream_id=0 frame_type=WindowUpdate payload_bytes=4
2026-09-26T01:48:53.648931Z DEBUG netbaiot_transports::business_rpc::v3: business RPC V3 received frame stream_id=230 frame_type=Response payload_bytes=35
2026-09-26T01:48:53.651948Z DEBUG netbaiot_transports::business_rpc::v3: business RPC V3 received frame stream_id=230 frame_type=Data payload_bytes=216
2026-09-26T01:48:53.649211Z DEBUG netbaiot_transports::business_rpc::v3: business RPC V3 writer completed frame stream_id=0 frame_type=WindowUpdate payload_bytes=4
2026-09-26T01:48:53.656247Z DEBUG netbaiot_transports::business_rpc::v3: business RPC V3 received frame stream_id=0 frame_type=WindowUpdate payload_bytes=4
2026-09-26T01:48:53.656267Z DEBUG netbaiot_transports::business_rpc::v3: business RPC V3 received frame stream_id=234 frame_type=Response payload_bytes=35
2026-09-26T01:48:53.656451Z DEBUG netbaiot_transports::business_rpc::v3: business RPC V3 selected frame stream_id=0 frame_type=WindowUpdate payload_bytes=4
2026-09-26T01:48:53.658396Z DEBUG netbaiot_transports::business_rpc::v3: business RPC V3 received frame stream_id=234 frame_type=Data payload_bytes=216
2026-09-26T01:48:53.659245Z DEBUG netbaiot_transports::business_rpc::v3: business RPC V3 writer completed frame stream_id=0 frame_type=WindowUpdate payload_bytes=4
2026-09-26T01:48:53.664100Z DEBUG netbaiot_transports::business_rpc::v3: business RPC V3 received frame stream_id=0 frame_type=WindowUpdate payload_bytes=4
2026-09-26T01:48:53.668897Z DEBUG netbaiot_transports::business_rpc::v3: business RPC V3 body entered scheduler stream_id=238 class=Rpc body_bytes=198
2026-09-26T01:48:53.681849Z DEBUG netbaiot_transports::business_rpc::v3: business RPC V3 body entered scheduler stream_id=240 class=Rpc body_bytes=198
2026-09-26T01:48:53.678550Z DEBUG netbaiot_transports::business_rpc::v3: business RPC V3 received frame stream_id=232 frame_type=WindowUpdate payload_bytes=4
2026-09-26T01:48:53.684841Z DEBUG netbaiot_transports::business_rpc::v3: business RPC V3 selected frame stream_id=238 frame_type=Open payload_bytes=158
2026-09-26T01:48:53.690742Z DEBUG netbaiot_transports::business_rpc::v3: business RPC V3 received frame stream_id=0 frame_type=WindowUpdate payload_bytes=4
2026-09-26T01:48:53.694785Z DEBUG netbaiot_transports::business_rpc::v3: business RPC V3 writer completed frame stream_id=238 frame_type=Open payload_bytes=158
2026-09-26T01:48:53.700862Z DEBUG netbaiot_transports::business_rpc::v3: business RPC V3 received frame stream_id=236 frame_type=Response payload_bytes=35
2026-09-26T01:48:53.704010Z DEBUG netbaiot_transports::business_rpc::v3: business RPC V3 received frame stream_id=236 frame_type=Data payload_bytes=216
2026-09-26T01:48:53.703953Z DEBUG netbaiot_transports::business_rpc::v3: business RPC V3 selected frame stream_id=0 frame_type=WindowUpdate payload_bytes=4
2026-09-26T01:48:53.737416Z DEBUG netbaiot_transports::business_rpc::v3: business RPC V3 received frame stream_id=0 frame_type=WindowUpdate payload_bytes=4
2026-09-26T01:48:53.741073Z DEBUG netbaiot_transports::business_rpc::v3: business RPC V3 writer completed frame stream_id=0 frame_type=WindowUpdate payload_bytes=4
2026-09-26T01:48:53.744902Z DEBUG netbaiot_transports::business_rpc::v3: business RPC V3 received frame stream_id=232 frame_type=WindowUpdate payload_bytes=4
2026-09-26T01:48:53.748765Z DEBUG netbaiot_transports::business_rpc::v3: business RPC V3 body entered scheduler stream_id=242 class=Rpc body_bytes=198
2026-09-26T01:48:53.759539Z DEBUG netbaiot_transports::business_rpc::v3: business RPC V3 body entered scheduler stream_id=244 class=Rpc body_bytes=198
2026-09-26T01:48:53.763788Z DEBUG netbaiot_transports::business_rpc::v3: business RPC V3 selected frame stream_id=238 frame_type=Data payload_bytes=198
2026-09-26T01:48:53.767851Z DEBUG netbaiot_transports::business_rpc::v3: business RPC V3 writer completed frame stream_id=238 frame_type=Data payload_bytes=198
2026-09-26T01:48:53.768079Z DEBUG netbaiot_transports::business_rpc::v3: business RPC V3 received frame stream_id=0 frame_type=WindowUpdate payload_bytes=4
2026-09-26T01:48:53.770897Z DEBUG netbaiot_transports::business_rpc::v3: business RPC V3 selected frame stream_id=240 frame_type=Open payload_bytes=158
2026-09-26T01:48:53.783946Z DEBUG netbaiot_transports::business_rpc::v3: business RPC V3 writer completed frame stream_id=240 frame_type=Open payload_bytes=158
2026-09-26T01:48:53.790420Z DEBUG netbaiot_transports::business_rpc::v3: business RPC V3 selected frame stream_id=0 frame_type=WindowUpdate payload_bytes=4
2026-09-26T01:48:53.795001Z DEBUG netbaiot_transports::business_rpc::v3: business RPC V3 writer completed frame stream_id=0 frame_type=WindowUpdate payload_bytes=4
2026-09-26T01:48:53.777139Z DEBUG netbaiot_transports::business_rpc::v3: business RPC V3 received frame stream_id=238 frame_type=Response payload_bytes=35
2026-09-26T01:48:53.811484Z DEBUG netbaiot_transports::business_rpc::v3: business RPC V3 received frame stream_id=238 frame_type=Data payload_bytes=216
2026-09-26T01:48:53.800785Z DEBUG netbaiot_transports::business_rpc::v3: business RPC V3 selected frame stream_id=242 frame_type=Open payload_bytes=158
2026-09-26T01:48:53.819296Z DEBUG netbaiot_transports::business_rpc::v3: business RPC V3 writer completed frame stream_id=242 frame_type=Open payload_bytes=158
2026-09-26T01:48:53.825793Z DEBUG netbaiot_transports::business_rpc::v3: business RPC V3 body entered scheduler stream_id=246 class=Rpc body_bytes=198
2026-09-26T01:48:53.825873Z DEBUG netbaiot_transports::business_rpc::v3: business RPC V3 selected frame stream_id=244 frame_type=Open payload_bytes=158
2026-09-26T01:48:53.829091Z DEBUG netbaiot_transports::business_rpc::v3: business RPC V3 writer completed frame stream_id=244 frame_type=Open payload_bytes=158
2026-09-26T01:48:53.835001Z DEBUG netbaiot_transports::business_rpc::v3: business RPC V3 selected frame stream_id=240 frame_type=Data payload_bytes=198
2026-09-26T01:48:53.838966Z DEBUG netbaiot_transports::business_rpc::v3: business RPC V3 writer completed frame stream_id=240 frame_type=Data payload_bytes=198
2026-09-26T01:48:53.841012Z DEBUG netbaiot_transports::business_rpc::v3: business RPC V3 selected frame stream_id=0 frame_type=WindowUpdate payload_bytes=4
2026-09-26T01:48:53.839205Z DEBUG netbaiot_transports::business_rpc::v3: business RPC V3 received frame stream_id=0 frame_type=WindowUpdate payload_bytes=4
2026-09-26T01:48:53.846365Z DEBUG netbaiot_transports::business_rpc::v3: business RPC V3 received frame stream_id=240 frame_type=Response payload_bytes=35
2026-09-26T01:48:53.846337Z DEBUG netbaiot_transports::business_rpc::v3: business RPC V3 writer completed frame stream_id=0 frame_type=WindowUpdate payload_bytes=4
2026-09-26T01:48:53.846503Z DEBUG netbaiot_transports::business_rpc::v3: business RPC V3 received frame stream_id=240 frame_type=Data payload_bytes=216
2026-09-26T01:48:53.858221Z DEBUG netbaiot_transports::business_rpc::v3: business RPC V3 selected frame stream_id=246 frame_type=Open payload_bytes=158
2026-09-26T01:48:53.864854Z DEBUG netbaiot_transports::business_rpc::v3: business RPC V3 writer completed frame stream_id=246 frame_type=Open payload_bytes=158
2026-09-26T01:48:53.864873Z DEBUG netbaiot_transports::business_rpc::v3: business RPC V3 body entered scheduler stream_id=248 class=Rpc body_bytes=198
2026-09-26T01:48:53.864886Z DEBUG netbaiot_transports::business_rpc::v3: business RPC V3 selected frame stream_id=0 frame_type=WindowUpdate payload_bytes=4
2026-09-26T01:48:53.870769Z DEBUG netbaiot_transports::business_rpc::v3: business RPC V3 writer completed frame stream_id=0 frame_type=WindowUpdate payload_bytes=4
2026-09-26T01:48:53.873744Z DEBUG netbaiot_transports::business_rpc::v3: business RPC V3 selected frame stream_id=248 frame_type=Open payload_bytes=158
2026-09-26T01:48:53.877773Z DEBUG netbaiot_transports::business_rpc::v3: business RPC V3 writer completed frame stream_id=248 frame_type=Open payload_bytes=158
2026-09-26T01:48:53.883706Z DEBUG netbaiot_transports::business_rpc::v3: business RPC V3 selected frame stream_id=242 frame_type=Data payload_bytes=198
2026-09-26T01:48:53.889666Z DEBUG netbaiot_transports::business_rpc::v3: business RPC V3 writer completed frame stream_id=242 frame_type=Data payload_bytes=198
2026-09-26T01:48:53.893607Z DEBUG netbaiot_transports::business_rpc::v3: business RPC V3 selected frame stream_id=244 frame_type=Data payload_bytes=198
2026-09-26T01:48:53.893728Z DEBUG netbaiot_transports::business_rpc::v3: business RPC V3 writer completed frame stream_id=244 frame_type=Data payload_bytes=198
2026-09-26T01:48:53.902586Z DEBUG netbaiot_transports::business_rpc::v3: business RPC V3 selected frame stream_id=232 frame_type=Data payload_bytes=981
2026-09-26T01:48:53.906523Z DEBUG netbaiot_transports::business_rpc::v3: business RPC V3 writer completed frame stream_id=232 frame_type=Data payload_bytes=981
2026-09-26T01:48:53.913560Z DEBUG netbaiot_transports::business_rpc::v3: business RPC V3 selected frame stream_id=246 frame_type=Data payload_bytes=198
2026-09-26T01:48:53.917717Z DEBUG netbaiot_transports::business_rpc::v3: business RPC V3 writer completed frame stream_id=246 frame_type=Data payload_bytes=198
2026-09-26T01:48:53.920821Z DEBUG netbaiot_transports::business_rpc::v3: business RPC V3 selected frame stream_id=248 frame_type=Data payload_bytes=198
2026-09-26T01:48:53.923696Z DEBUG netbaiot_transports::business_rpc::v3: business RPC V3 writer completed frame stream_id=248 frame_type=Data payload_bytes=198
2026-09-26T01:48:53.927679Z DEBUG netbaiot_transports::business_rpc::v3: business RPC V3 received frame stream_id=0 frame_type=WindowUpdate payload_bytes=4
2026-09-26T01:48:53.931693Z DEBUG netbaiot_transports::business_rpc::v3: business RPC V3 received frame stream_id=242 frame_type=Response payload_bytes=35
2026-09-26T01:48:53.935656Z DEBUG netbaiot_transports::business_rpc::v3: business RPC V3 received frame stream_id=242 frame_type=Data payload_bytes=216
2026-09-26T01:48:53.935894Z DEBUG netbaiot_transports::business_rpc::v3: business RPC V3 received frame stream_id=0 frame_type=WindowUpdate payload_bytes=4
2026-09-26T01:48:53.941666Z DEBUG netbaiot_transports::business_rpc::v3: business RPC V3 received frame stream_id=244 frame_type=Response payload_bytes=35
2026-09-26T01:48:53.935901Z DEBUG netbaiot_transports::business_rpc::v3: business RPC V3 selected frame stream_id=0 frame_type=WindowUpdate payload_bytes=4
2026-09-26T01:48:53.944699Z DEBUG netbaiot_transports::business_rpc::v3: business RPC V3 received frame stream_id=244 frame_type=Data payload_bytes=216
2026-09-26T01:48:53.948738Z DEBUG netbaiot_transports::business_rpc::v3: business RPC V3 writer completed frame stream_id=0 frame_type=WindowUpdate payload_bytes=4
2026-09-26T01:48:53.959198Z DEBUG netbaiot_transports::business_rpc::v3: business RPC V3 selected frame stream_id=0 frame_type=WindowUpdate payload_bytes=4
2026-09-26T01:48:53.954747Z DEBUG netbaiot_transports::business_rpc::v3: business RPC V3 received frame stream_id=0 frame_type=WindowUpdate payload_bytes=4
2026-09-26T01:48:53.967825Z DEBUG netbaiot_transports::business_rpc::v3: business RPC V3 received frame stream_id=232 frame_type=Response payload_bytes=35
2026-09-26T01:48:53.967885Z DEBUG netbaiot_transports::business_rpc::v3: business RPC V3 received frame stream_id=232 frame_type=Data payload_bytes=118
2026-09-26T01:48:53.967972Z DEBUG netbaiot_transports::business_rpc::v3: business RPC V3 Event delivery acknowledged stream_id=232 completion_us=488082
2026-09-26T01:48:53.967847Z DEBUG netbaiot_transports::business_rpc::v3: business RPC V3 writer completed frame stream_id=0 frame_type=WindowUpdate payload_bytes=4
2026-09-26T01:48:53.973390Z DEBUG netbaiot_transports::business_rpc::v3: business RPC V3 body entered scheduler stream_id=250 class=Rpc body_bytes=198
2026-09-26T01:48:53.973410Z DEBUG netbaiot_transports::business_rpc::v3: business RPC V3 selected frame stream_id=250 frame_type=Open payload_bytes=158
2026-09-26T01:48:53.973766Z DEBUG netbaiot_transports::business_rpc::v3: business RPC V3 writer completed frame stream_id=250 frame_type=Open payload_bytes=158
2026-09-26T01:48:53.968032Z DEBUG netbaiot_transports::business_rpc::v3: business RPC V3 received frame stream_id=0 frame_type=WindowUpdate payload_bytes=4
2026-09-26T01:48:53.981708Z DEBUG netbaiot_transports::business_rpc::v3: business RPC V3 received frame stream_id=246 frame_type=Response payload_bytes=35
2026-09-26T01:48:53.988700Z DEBUG netbaiot_transports::business_rpc::v3: business RPC V3 received frame stream_id=246 frame_type=Data payload_bytes=216
2026-09-26T01:48:53.978017Z DEBUG netbaiot_transports::business_rpc::v3: business RPC V3 selected frame stream_id=0 frame_type=WindowUpdate payload_bytes=4
2026-09-26T01:48:53.994145Z DEBUG netbaiot_transports::business_rpc::v3: business RPC V3 received frame stream_id=0 frame_type=WindowUpdate payload_bytes=4
2026-09-26T01:48:53.997043Z DEBUG netbaiot_transports::business_rpc::v3: business RPC V3 writer completed frame stream_id=0 frame_type=WindowUpdate payload_bytes=4
2026-09-26T01:48:53.997237Z DEBUG netbaiot_transports::business_rpc::v3: business RPC V3 body entered scheduler stream_id=252 class=Rpc body_bytes=198
2026-09-26T01:48:53.997336Z DEBUG netbaiot_transports::business_rpc::v3: business RPC V3 selected frame stream_id=250 frame_type=Data payload_bytes=198
2026-09-26T01:48:53.997150Z DEBUG netbaiot_transports::business_rpc::v3: business RPC V3 received frame stream_id=248 frame_type=Response payload_bytes=35
2026-09-26T01:48:54.005161Z DEBUG netbaiot_transports::business_rpc::v3: business RPC V3 received frame stream_id=248 frame_type=Data payload_bytes=216
2026-09-26T01:48:54.003660Z DEBUG netbaiot_transports::business_rpc::v3: business RPC V3 writer completed frame stream_id=250 frame_type=Data payload_bytes=198
2026-09-26T01:48:54.005201Z DEBUG netbaiot_transports::business_rpc::v3: business RPC V3 selected frame stream_id=252 frame_type=Open payload_bytes=158
2026-09-26T01:48:54.005192Z DEBUG netbaiot_transports::business_rpc::v3: business RPC V3 received frame stream_id=0 frame_type=WindowUpdate payload_bytes=4
2026-09-26T01:48:54.009740Z DEBUG netbaiot_transports::business_rpc::v3: business RPC V3 received frame stream_id=250 frame_type=Response payload_bytes=35
2026-09-26T01:48:54.013692Z DEBUG netbaiot_transports::business_rpc::v3: business RPC V3 received frame stream_id=250 frame_type=Data payload_bytes=216
2026-09-26T01:48:54.005223Z DEBUG netbaiot_transports::business_rpc::v3: business RPC V3 writer completed frame stream_id=252 frame_type=Open payload_bytes=158
2026-09-26T01:48:54.017912Z DEBUG netbaiot_transports::business_rpc::v3: business RPC V3 body entered scheduler stream_id=254 class=Rpc body_bytes=198
2026-09-26T01:48:54.017952Z DEBUG netbaiot_transports::business_rpc::v3: business RPC V3 selected frame stream_id=0 frame_type=WindowUpdate payload_bytes=4
2026-09-26T01:48:54.020757Z DEBUG netbaiot_transports::business_rpc::v3: business RPC V3 writer completed frame stream_id=0 frame_type=WindowUpdate payload_bytes=4
2026-09-26T01:48:54.032749Z DEBUG netbaiot_transports::business_rpc::v3: business RPC V3 body entered scheduler stream_id=256 class=Rpc body_bytes=198
2026-09-26T01:48:54.036035Z DEBUG netbaiot_transports::business_rpc::v3: business RPC V3 body entered scheduler stream_id=258 class=Rpc body_bytes=198
2026-09-26T01:48:54.041735Z DEBUG netbaiot_transports::business_rpc::v3: business RPC V3 selected frame stream_id=0 frame_type=WindowUpdate payload_bytes=4
2026-09-26T01:48:54.045820Z DEBUG netbaiot_transports::business_rpc::v3: business RPC V3 writer completed frame stream_id=0 frame_type=WindowUpdate payload_bytes=4
2026-09-26T01:48:54.048811Z DEBUG netbaiot_transports::business_rpc::v3: business RPC V3 selected frame stream_id=254 frame_type=Open payload_bytes=158
2026-09-26T01:48:54.054728Z DEBUG netbaiot_transports::business_rpc::v3: business RPC V3 writer completed frame stream_id=254 frame_type=Open payload_bytes=158
2026-09-26T01:48:54.060783Z DEBUG netbaiot_transports::business_rpc::v3: business RPC V3 selected frame stream_id=252 frame_type=Data payload_bytes=198
2026-09-26T01:48:54.064596Z DEBUG netbaiot_transports::business_rpc::v3: business RPC V3 writer completed frame stream_id=252 frame_type=Data payload_bytes=198
2026-09-26T01:48:54.067724Z DEBUG netbaiot_transports::business_rpc::v3: business RPC V3 selected frame stream_id=0 frame_type=WindowUpdate payload_bytes=4
2026-09-26T01:48:54.071775Z DEBUG netbaiot_transports::business_rpc::v3: business RPC V3 writer completed frame stream_id=0 frame_type=WindowUpdate payload_bytes=4
2026-09-26T01:48:54.076782Z DEBUG netbaiot_transports::business_rpc::v3: business RPC V3 selected frame stream_id=256 frame_type=Open payload_bytes=158
2026-09-26T01:48:54.079890Z DEBUG netbaiot_transports::business_rpc::v3: business RPC V3 writer completed frame stream_id=256 frame_type=Open payload_bytes=158
2026-09-26T01:48:54.083921Z DEBUG netbaiot_transports::business_rpc::v3: business RPC V3 selected frame stream_id=258 frame_type=Open payload_bytes=158
2026-09-26T01:48:54.087992Z DEBUG netbaiot_transports::business_rpc::v3: business RPC V3 writer completed frame stream_id=258 frame_type=Open payload_bytes=158
2026-09-26T01:48:54.088085Z DEBUG netbaiot_transports::business_rpc::v3: business RPC V3 selected frame stream_id=254 frame_type=Data payload_bytes=198
2026-09-26T01:48:54.088116Z DEBUG netbaiot_transports::business_rpc::v3: business RPC V3 writer completed frame stream_id=254 frame_type=Data payload_bytes=198
2026-09-26T01:48:54.088222Z DEBUG netbaiot_transports::business_rpc::v3: business RPC V3 selected frame stream_id=256 frame_type=Data payload_bytes=198
2026-09-26T01:48:54.088268Z DEBUG netbaiot_transports::business_rpc::v3: business RPC V3 writer completed frame stream_id=256 frame_type=Data payload_bytes=198
2026-09-26T01:48:54.088294Z DEBUG netbaiot_transports::business_rpc::v3: business RPC V3 selected frame stream_id=258 frame_type=Data payload_bytes=198
2026-09-26T01:48:54.088322Z DEBUG netbaiot_transports::business_rpc::v3: business RPC V3 writer completed frame stream_id=258 frame_type=Data payload_bytes=198
2026-09-26T01:48:54.093826Z DEBUG netbaiot_transports::business_rpc::v3: business RPC V3 received frame stream_id=0 frame_type=WindowUpdate payload_bytes=4
2026-09-26T01:48:54.104974Z DEBUG netbaiot_transports::business_rpc::v3: business RPC V3 received frame stream_id=252 frame_type=Response payload_bytes=35
2026-09-26T01:48:54.107682Z DEBUG netbaiot_transports::business_rpc::v3: business RPC V3 received frame stream_id=252 frame_type=Data payload_bytes=216
2026-09-26T01:48:54.113899Z DEBUG netbaiot_transports::business_rpc::v3: business RPC V3 received frame stream_id=0 frame_type=WindowUpdate payload_bytes=4
2026-09-26T01:48:54.117745Z DEBUG netbaiot_transports::business_rpc::v3: business RPC V3 received frame stream_id=254 frame_type=Response payload_bytes=35
2026-09-26T01:48:54.113921Z DEBUG netbaiot_transports::business_rpc::v3: business RPC V3 selected frame stream_id=0 frame_type=WindowUpdate payload_bytes=4
2026-09-26T01:48:54.123876Z DEBUG netbaiot_transports::business_rpc::v3: business RPC V3 received frame stream_id=0 frame_type=WindowUpdate payload_bytes=4
2026-09-26T01:48:54.133791Z DEBUG netbaiot_transports::business_rpc::v3: business RPC V3 received frame stream_id=256 frame_type=Response payload_bytes=35
2026-09-26T01:48:54.127836Z DEBUG netbaiot_transports::business_rpc::v3: business RPC V3 writer completed frame stream_id=0 frame_type=WindowUpdate payload_bytes=4
2026-09-26T01:48:54.138010Z DEBUG netbaiot_transports::business_rpc::v3: business RPC V3 received frame stream_id=254 frame_type=Data payload_bytes=216
2026-09-26T01:48:54.138199Z DEBUG netbaiot_transports::business_rpc::v3: business RPC V3 received frame stream_id=256 frame_type=Data payload_bytes=216
2026-09-26T01:48:54.138204Z DEBUG netbaiot_transports::business_rpc::v3: business RPC V3 selected frame stream_id=0 frame_type=WindowUpdate payload_bytes=4
2026-09-26T01:48:54.142252Z DEBUG netbaiot_transports::business_rpc::v3: business RPC V3 received frame stream_id=0 frame_type=WindowUpdate payload_bytes=4
2026-09-26T01:48:54.150889Z DEBUG netbaiot_transports::business_rpc::v3: business RPC V3 received frame stream_id=258 frame_type=Response payload_bytes=35
2026-09-26T01:48:54.146802Z DEBUG netbaiot_transports::business_rpc::v3: business RPC V3 writer completed frame stream_id=0 frame_type=WindowUpdate payload_bytes=4
2026-09-26T01:48:54.160786Z DEBUG netbaiot_transports::business_rpc::v3: business RPC V3 body entered scheduler stream_id=260 class=Rpc body_bytes=198
2026-09-26T01:48:54.164980Z DEBUG netbaiot_transports::business_rpc::v3: business RPC V3 body entered scheduler stream_id=262 class=Rpc body_bytes=198
2026-09-26T01:48:54.156868Z DEBUG netbaiot_transports::business_rpc::v3: business RPC V3 received frame stream_id=258 frame_type=Data payload_bytes=216
2026-09-26T01:48:54.171152Z DEBUG netbaiot_transports::business_rpc::v3: business RPC V3 selected frame stream_id=0 frame_type=WindowUpdate payload_bytes=4
2026-09-26T01:48:54.180858Z DEBUG netbaiot_transports::business_rpc::v3: business RPC V3 writer completed frame stream_id=0 frame_type=WindowUpdate payload_bytes=4
2026-09-26T01:48:54.183716Z DEBUG netbaiot_transports::business_rpc::v3: business RPC V3 body entered scheduler stream_id=264 class=Rpc body_bytes=198
2026-09-26T01:48:54.187781Z DEBUG netbaiot_transports::business_rpc::v3: business RPC V3 body entered scheduler stream_id=266 class=Rpc body_bytes=198
2026-09-26T01:48:54.190975Z DEBUG netbaiot_transports::business_rpc::v3: business RPC V3 selected frame stream_id=260 frame_type=Open payload_bytes=158
2026-09-26T01:48:54.196745Z DEBUG netbaiot_transports::business_rpc::v3: business RPC V3 writer completed frame stream_id=260 frame_type=Open payload_bytes=158
2026-09-26T01:48:54.199697Z DEBUG netbaiot_transports::business_rpc::v3: business RPC V3 selected frame stream_id=260 frame_type=Data payload_bytes=198
2026-09-26T01:48:54.204146Z DEBUG netbaiot_transports::business_rpc::v3: business RPC V3 writer completed frame stream_id=260 frame_type=Data payload_bytes=198
2026-09-26T01:48:54.204338Z DEBUG netbaiot_transports::business_rpc::v3: business RPC V3 selected frame stream_id=262 frame_type=Open payload_bytes=158
2026-09-26T01:48:54.210210Z DEBUG netbaiot_transports::business_rpc::v3: business RPC V3 writer completed frame stream_id=262 frame_type=Open payload_bytes=158
2026-09-26T01:48:54.216839Z DEBUG netbaiot_transports::business_rpc::v3: business RPC V3 selected frame stream_id=0 frame_type=WindowUpdate payload_bytes=4
2026-09-26T01:48:54.227556Z DEBUG netbaiot_transports::business_rpc::v3: business RPC V3 writer completed frame stream_id=0 frame_type=WindowUpdate payload_bytes=4
2026-09-26T01:48:54.234092Z DEBUG netbaiot_transports::business_rpc::v3: business RPC V3 selected frame stream_id=264 frame_type=Open payload_bytes=158
2026-09-26T01:48:54.245002Z DEBUG netbaiot_transports::business_rpc::v3: business RPC V3 writer completed frame stream_id=264 frame_type=Open payload_bytes=158
2026-09-26T01:48:54.249040Z DEBUG netbaiot_transports::business_rpc::v3: business RPC V3 selected frame stream_id=266 frame_type=Open payload_bytes=158
2026-09-26T01:48:54.255384Z DEBUG netbaiot_transports::business_rpc::v3: business RPC V3 writer completed frame stream_id=266 frame_type=Open payload_bytes=158
2026-09-26T01:48:54.260974Z DEBUG netbaiot_transports::business_rpc::v3: business RPC V3 selected frame stream_id=262 frame_type=Data payload_bytes=198
2026-09-26T01:48:54.264934Z DEBUG netbaiot_transports::business_rpc::v3: business RPC V3 writer completed frame stream_id=262 frame_type=Data payload_bytes=198
2026-09-26T01:48:54.267900Z DEBUG netbaiot_transports::business_rpc::v3: business RPC V3 selected frame stream_id=264 frame_type=Data payload_bytes=198
2026-09-26T01:48:54.271866Z DEBUG netbaiot_transports::business_rpc::v3: business RPC V3 writer completed frame stream_id=264 frame_type=Data payload_bytes=198
2026-09-26T01:48:54.280791Z DEBUG netbaiot_transports::business_rpc::v3: business RPC V3 selected frame stream_id=266 frame_type=Data payload_bytes=198
2026-09-26T01:48:54.286991Z DEBUG netbaiot_transports::business_rpc::v3: business RPC V3 writer completed frame stream_id=266 frame_type=Data payload_bytes=198
2026-09-26T01:48:54.289836Z DEBUG netbaiot_transports::business_rpc::v3: business RPC V3 received frame stream_id=0 frame_type=WindowUpdate payload_bytes=4
2026-09-26T01:48:54.295598Z DEBUG netbaiot_transports::business_rpc::v3: business RPC V3 received frame stream_id=260 frame_type=Response payload_bytes=35
2026-09-26T01:48:54.300118Z DEBUG netbaiot_transports::business_rpc::v3: business RPC V3 received frame stream_id=260 frame_type=Data payload_bytes=216
2026-09-26T01:48:54.303750Z DEBUG netbaiot_transports::business_rpc::v3: business RPC V3 received frame stream_id=0 frame_type=WindowUpdate payload_bytes=4
2026-09-26T01:48:54.309908Z DEBUG netbaiot_transports::business_rpc::v3: business RPC V3 received frame stream_id=262 frame_type=Response payload_bytes=35
2026-09-26T01:48:54.303794Z DEBUG netbaiot_transports::business_rpc::v3: business RPC V3 selected frame stream_id=0 frame_type=WindowUpdate payload_bytes=4
2026-09-26T01:48:54.316083Z DEBUG netbaiot_transports::business_rpc::v3: business RPC V3 writer completed frame stream_id=0 frame_type=WindowUpdate payload_bytes=4
2026-09-26T01:48:54.312952Z DEBUG netbaiot_transports::business_rpc::v3: business RPC V3 received frame stream_id=262 frame_type=Data payload_bytes=216
2026-09-26T01:48:54.325938Z DEBUG netbaiot_transports::business_rpc::v3: business RPC V3 received frame stream_id=0 frame_type=WindowUpdate payload_bytes=4
2026-09-26T01:48:54.328273Z DEBUG netbaiot_transports::business_rpc::v3: business RPC V3 received frame stream_id=264 frame_type=Response payload_bytes=35
2026-09-26T01:48:54.334737Z DEBUG netbaiot_transports::business_rpc::v3: business RPC V3 received frame stream_id=264 frame_type=Data payload_bytes=216
2026-09-26T01:48:54.325969Z DEBUG netbaiot_transports::business_rpc::v3: business RPC V3 selected frame stream_id=0 frame_type=WindowUpdate payload_bytes=4
2026-09-26T01:48:54.341781Z DEBUG netbaiot_transports::business_rpc::v3: business RPC V3 writer completed frame stream_id=0 frame_type=WindowUpdate payload_bytes=4
2026-09-26T01:48:54.346107Z DEBUG netbaiot_transports::business_rpc::v3: business RPC V3 body entered scheduler stream_id=268 class=Rpc body_bytes=198
2026-09-26T01:48:54.337824Z DEBUG netbaiot_transports::business_rpc::v3: business RPC V3 received frame stream_id=0 frame_type=WindowUpdate payload_bytes=4
2026-09-26T01:48:54.355046Z DEBUG netbaiot_transports::business_rpc::v3: business RPC V3 received frame stream_id=266 frame_type=Response payload_bytes=35
2026-09-26T01:48:54.355065Z DEBUG netbaiot_transports::business_rpc::v3: business RPC V3 received frame stream_id=266 frame_type=Data payload_bytes=216
2026-09-26T01:48:54.355097Z DEBUG netbaiot_transports::business_rpc::v3: business RPC V3 received frame stream_id=0 frame_type=Ping payload_bytes=8
2026-09-26T01:48:54.350648Z DEBUG netbaiot_transports::business_rpc::v3: business RPC V3 selected frame stream_id=268 frame_type=Open payload_bytes=158
2026-09-26T01:48:54.364839Z DEBUG netbaiot_transports::business_rpc::v3: business RPC V3 writer completed frame stream_id=268 frame_type=Open payload_bytes=158
2026-09-26T01:48:54.364909Z DEBUG netbaiot_transports::business_rpc::v3: business RPC V3 body entered scheduler stream_id=270 class=Rpc body_bytes=198
2026-09-26T01:48:54.365005Z DEBUG netbaiot_transports::business_rpc::v3: business RPC V3 body entered scheduler stream_id=272 class=Rpc body_bytes=198
2026-09-26T01:48:54.365073Z DEBUG netbaiot_transports::business_rpc::v3: business RPC V3 body entered scheduler stream_id=274 class=Rpc body_bytes=198
2026-09-26T01:48:54.365095Z DEBUG netbaiot_transports::business_rpc::v3: business RPC V3 selected frame stream_id=0 frame_type=WindowUpdate payload_bytes=4
2026-09-26T01:48:54.370872Z DEBUG netbaiot_transports::business_rpc::v3: business RPC V3 writer completed frame stream_id=0 frame_type=WindowUpdate payload_bytes=4
2026-09-26T01:48:54.374645Z DEBUG netbaiot_transports::business_rpc::v3: business RPC V3 selected frame stream_id=268 frame_type=Data payload_bytes=198
2026-09-26T01:48:54.380838Z DEBUG netbaiot_transports::business_rpc::v3: business RPC V3 writer completed frame stream_id=268 frame_type=Data payload_bytes=198
2026-09-26T01:48:54.388646Z DEBUG netbaiot_transports::business_rpc::v3: business RPC V3 selected frame stream_id=270 frame_type=Open payload_bytes=158
2026-09-26T01:48:54.395191Z DEBUG netbaiot_transports::business_rpc::v3: business RPC V3 writer completed frame stream_id=270 frame_type=Open payload_bytes=158
2026-09-26T01:48:54.400877Z DEBUG netbaiot_transports::business_rpc::v3: business RPC V3 selected frame stream_id=0 frame_type=WindowUpdate payload_bytes=4
2026-09-26T01:48:54.407123Z DEBUG netbaiot_transports::business_rpc::v3: business RPC V3 writer completed frame stream_id=0 frame_type=WindowUpdate payload_bytes=4
2026-09-26T01:48:54.410912Z DEBUG netbaiot_transports::business_rpc::v3: business RPC V3 selected frame stream_id=0 frame_type=Pong payload_bytes=8
2026-09-26T01:48:54.419141Z DEBUG netbaiot_transports::business_rpc::v3: business RPC V3 writer completed frame stream_id=0 frame_type=Pong payload_bytes=8
2026-09-26T01:48:54.429178Z DEBUG netbaiot_transports::business_rpc::v3: business RPC V3 selected frame stream_id=272 frame_type=Open payload_bytes=158
2026-09-26T01:48:54.432022Z DEBUG netbaiot_transports::business_rpc::v3: business RPC V3 writer completed frame stream_id=272 frame_type=Open payload_bytes=158
2026-09-26T01:48:54.435992Z DEBUG netbaiot_transports::business_rpc::v3: business RPC V3 selected frame stream_id=270 frame_type=Data payload_bytes=198
2026-09-26T01:48:54.447906Z DEBUG netbaiot_transports::business_rpc::v3: business RPC V3 writer completed frame stream_id=270 frame_type=Data payload_bytes=198
2026-09-26T01:48:54.451983Z DEBUG netbaiot_transports::business_rpc::v3: business RPC V3 selected frame stream_id=274 frame_type=Open payload_bytes=158
2026-09-26T01:48:54.456402Z DEBUG netbaiot_transports::business_rpc::v3: business RPC V3 writer completed frame stream_id=274 frame_type=Open payload_bytes=158
2026-09-26T01:48:54.461443Z DEBUG netbaiot_transports::business_rpc::v3: business RPC V3 selected frame stream_id=272 frame_type=Data payload_bytes=198
2026-09-26T01:48:54.461951Z DEBUG netbaiot_transports::business_rpc::v3: business RPC V3 writer completed frame stream_id=272 frame_type=Data payload_bytes=198
2026-09-26T01:48:54.465862Z DEBUG netbaiot_transports::business_rpc::v3: business RPC V3 selected frame stream_id=274 frame_type=Data payload_bytes=198
2026-09-26T01:48:54.469892Z DEBUG netbaiot_transports::business_rpc::v3: business RPC V3 writer completed frame stream_id=274 frame_type=Data payload_bytes=198
2026-09-26T01:48:54.471875Z DEBUG netbaiot_transports::business_rpc::v3: business RPC V3 received frame stream_id=0 frame_type=WindowUpdate payload_bytes=4
2026-09-26T01:48:54.488024Z DEBUG netbaiot_transports::business_rpc::v3: business RPC V3 received frame stream_id=268 frame_type=Response payload_bytes=35
2026-09-26T01:48:54.492057Z DEBUG netbaiot_transports::business_rpc::v3: business RPC V3 received frame stream_id=268 frame_type=Data payload_bytes=216
2026-09-26T01:48:54.497303Z DEBUG netbaiot_transports::business_rpc::v3: business RPC V3 received frame stream_id=0 frame_type=WindowUpdate payload_bytes=4
2026-09-26T01:48:54.503809Z DEBUG netbaiot_transports::business_rpc::v3: business RPC V3 received frame stream_id=270 frame_type=Response payload_bytes=35
2026-09-26T01:48:54.503852Z DEBUG netbaiot_transports::business_rpc::v3: business RPC V3 received frame stream_id=270 frame_type=Data payload_bytes=216
2026-09-26T01:48:54.503908Z DEBUG netbaiot_transports::business_rpc::v3: business RPC V3 received frame stream_id=0 frame_type=WindowUpdate payload_bytes=4
2026-09-26T01:48:54.503923Z DEBUG netbaiot_transports::business_rpc::v3: business RPC V3 received frame stream_id=272 frame_type=Response payload_bytes=35
2026-09-26T01:48:54.503990Z DEBUG netbaiot_transports::business_rpc::v3: business RPC V3 received frame stream_id=272 frame_type=Data payload_bytes=216
2026-09-26T01:48:54.497319Z DEBUG netbaiot_transports::business_rpc::v3: business RPC V3 body entered scheduler stream_id=276 class=Event body_bytes=17365
2026-09-26T01:48:54.515998Z DEBUG netbaiot_transports::business_rpc::v3: business RPC V3 received frame stream_id=0 frame_type=WindowUpdate payload_bytes=4
2026-09-26T01:48:54.528966Z DEBUG netbaiot_transports::business_rpc::v3: business RPC V3 received frame stream_id=274 frame_type=Response payload_bytes=35
2026-09-26T01:48:54.526338Z DEBUG netbaiot_transports::business_rpc::v3: business RPC V3 body entered scheduler stream_id=278 class=Rpc body_bytes=198
2026-09-26T01:48:54.543139Z DEBUG netbaiot_transports::business_rpc::v3: business RPC V3 body entered scheduler stream_id=280 class=Rpc body_bytes=198
2026-09-26T01:48:54.543179Z DEBUG netbaiot_transports::business_rpc::v3: business RPC V3 selected frame stream_id=276 frame_type=Open payload_bytes=184
2026-09-26T01:48:54.535145Z DEBUG netbaiot_transports::business_rpc::v3: business RPC V3 received frame stream_id=274 frame_type=Data payload_bytes=216
2026-09-26T01:48:54.548879Z DEBUG netbaiot_transports::business_rpc::v3: business RPC V3 writer completed frame stream_id=276 frame_type=Open payload_bytes=184
2026-09-26T01:48:54.557890Z DEBUG netbaiot_transports::business_rpc::v3: business RPC V3 body entered scheduler stream_id=282 class=Rpc body_bytes=198
2026-09-26T01:48:54.561642Z DEBUG netbaiot_transports::business_rpc::v3: business RPC V3 body entered scheduler stream_id=284 class=Rpc body_bytes=198
2026-09-26T01:48:54.566060Z DEBUG netbaiot_transports::business_rpc::v3: business RPC V3 selected frame stream_id=0 frame_type=WindowUpdate payload_bytes=4
2026-09-26T01:48:54.573416Z DEBUG netbaiot_transports::business_rpc::v3: business RPC V3 writer completed frame stream_id=0 frame_type=WindowUpdate payload_bytes=4
2026-09-26T01:48:54.576700Z DEBUG netbaiot_transports::business_rpc::v3: business RPC V3 selected frame stream_id=0 frame_type=WindowUpdate payload_bytes=4
2026-09-26T01:48:54.579770Z DEBUG netbaiot_transports::business_rpc::v3: business RPC V3 writer completed frame stream_id=0 frame_type=WindowUpdate payload_bytes=4
2026-09-26T01:48:54.583634Z DEBUG netbaiot_transports::business_rpc::v3: business RPC V3 selected frame stream_id=0 frame_type=WindowUpdate payload_bytes=4
2026-09-26T01:48:54.587691Z DEBUG netbaiot_transports::business_rpc::v3: business RPC V3 writer completed frame stream_id=0 frame_type=WindowUpdate payload_bytes=4
2026-09-26T01:48:54.593718Z DEBUG netbaiot_transports::business_rpc::v3: business RPC V3 selected frame stream_id=276 frame_type=Data payload_bytes=8192
2026-09-26T01:48:54.599727Z DEBUG netbaiot_transports::business_rpc::v3: business RPC V3 writer completed frame stream_id=276 frame_type=Data payload_bytes=8192
2026-09-26T01:48:54.609624Z DEBUG netbaiot_transports::business_rpc::v3: business RPC V3 selected frame stream_id=278 frame_type=Open payload_bytes=158
2026-09-26T01:48:54.628862Z DEBUG netbaiot_transports::business_rpc::v3: business RPC V3 writer completed frame stream_id=278 frame_type=Open payload_bytes=158
2026-09-26T01:48:54.631929Z DEBUG netbaiot_transports::business_rpc::v3: business RPC V3 selected frame stream_id=280 frame_type=Open payload_bytes=158
2026-09-26T01:48:54.634811Z DEBUG netbaiot_transports::business_rpc::v3: business RPC V3 writer completed frame stream_id=280 frame_type=Open payload_bytes=158
2026-09-26T01:48:54.640767Z DEBUG netbaiot_transports::business_rpc::v3: business RPC V3 selected frame stream_id=0 frame_type=WindowUpdate payload_bytes=4
2026-09-26T01:48:54.645826Z DEBUG netbaiot_transports::business_rpc::v3: business RPC V3 writer completed frame stream_id=0 frame_type=WindowUpdate payload_bytes=4
2026-09-26T01:48:54.649689Z DEBUG netbaiot_transports::business_rpc::v3: business RPC V3 selected frame stream_id=282 frame_type=Open payload_bytes=158
2026-09-26T01:48:54.652836Z DEBUG netbaiot_transports::business_rpc::v3: business RPC V3 writer completed frame stream_id=282 frame_type=Open payload_bytes=158
2026-09-26T01:48:54.658911Z DEBUG netbaiot_transports::business_rpc::v3: business RPC V3 selected frame stream_id=278 frame_type=Data payload_bytes=198
2026-09-26T01:48:54.662778Z DEBUG netbaiot_transports::business_rpc::v3: business RPC V3 writer completed frame stream_id=278 frame_type=Data payload_bytes=198
2026-09-26T01:48:54.668786Z DEBUG netbaiot_transports::business_rpc::v3: business RPC V3 selected frame stream_id=284 frame_type=Open payload_bytes=158
2026-09-26T01:48:54.672956Z DEBUG netbaiot_transports::business_rpc::v3: business RPC V3 writer completed frame stream_id=284 frame_type=Open payload_bytes=158
2026-09-26T01:48:54.675746Z DEBUG netbaiot_transports::business_rpc::v3: business RPC V3 selected frame stream_id=280 frame_type=Data payload_bytes=198
2026-09-26T01:48:54.679675Z DEBUG netbaiot_transports::business_rpc::v3: business RPC V3 writer completed frame stream_id=280 frame_type=Data payload_bytes=198
2026-09-26T01:48:54.683775Z DEBUG netbaiot_transports::business_rpc::v3: business RPC V3 selected frame stream_id=282 frame_type=Data payload_bytes=198
2026-09-26T01:48:54.689713Z DEBUG netbaiot_transports::business_rpc::v3: business RPC V3 writer completed frame stream_id=282 frame_type=Data payload_bytes=198
2026-09-26T01:48:54.693788Z DEBUG netbaiot_transports::business_rpc::v3: business RPC V3 selected frame stream_id=284 frame_type=Data payload_bytes=198
2026-09-26T01:48:54.693960Z DEBUG netbaiot_transports::business_rpc::v3: business RPC V3 writer completed frame stream_id=284 frame_type=Data payload_bytes=198
2026-09-26T01:48:54.693975Z DEBUG netbaiot_transports::business_rpc::v3: business RPC V3 selected frame stream_id=276 frame_type=Data payload_bytes=8192
2026-09-26T01:48:54.693999Z DEBUG netbaiot_transports::business_rpc::v3: business RPC V3 writer completed frame stream_id=276 frame_type=Data payload_bytes=8192
2026-09-26T01:48:54.698936Z DEBUG netbaiot_transports::business_rpc::v3: business RPC V3 received frame stream_id=0 frame_type=WindowUpdate payload_bytes=4
2026-09-26T01:48:54.698989Z DEBUG netbaiot_transports::business_rpc::v3: business RPC V3 received frame stream_id=276 frame_type=WindowUpdate payload_bytes=4
2026-09-26T01:48:54.704719Z DEBUG netbaiot_transports::business_rpc::v3: business RPC V3 received frame stream_id=0 frame_type=WindowUpdate payload_bytes=4
2026-09-26T01:48:54.709062Z DEBUG netbaiot_transports::business_rpc::v3: business RPC V3 received frame stream_id=278 frame_type=Response payload_bytes=35
2026-09-26T01:48:54.714780Z DEBUG netbaiot_transports::business_rpc::v3: business RPC V3 received frame stream_id=278 frame_type=Data payload_bytes=216
2026-09-26T01:48:54.719318Z DEBUG netbaiot_transports::business_rpc::v3: business RPC V3 received frame stream_id=0 frame_type=WindowUpdate payload_bytes=4
2026-09-26T01:48:54.722992Z DEBUG netbaiot_transports::business_rpc::v3: business RPC V3 received frame stream_id=280 frame_type=Response payload_bytes=35
2026-09-26T01:48:54.719353Z DEBUG netbaiot_transports::business_rpc::v3: business RPC V3 selected frame stream_id=0 frame_type=WindowUpdate payload_bytes=4
2026-09-26T01:48:54.732853Z DEBUG netbaiot_transports::business_rpc::v3: business RPC V3 received frame stream_id=280 frame_type=Data payload_bytes=216
2026-09-26T01:48:54.739584Z DEBUG netbaiot_transports::business_rpc::v3: business RPC V3 writer completed frame stream_id=0 frame_type=WindowUpdate payload_bytes=4
2026-09-26T01:48:54.746891Z DEBUG netbaiot_transports::business_rpc::v3: business RPC V3 selected frame stream_id=0 frame_type=WindowUpdate payload_bytes=4
2026-09-26T01:48:54.743862Z DEBUG netbaiot_transports::business_rpc::v3: business RPC V3 received frame stream_id=0 frame_type=WindowUpdate payload_bytes=4
2026-09-26T01:48:54.752969Z DEBUG netbaiot_transports::business_rpc::v3: business RPC V3 writer completed frame stream_id=0 frame_type=WindowUpdate payload_bytes=4
2026-09-26T01:48:54.759898Z DEBUG netbaiot_transports::business_rpc::v3: business RPC V3 body entered scheduler stream_id=286 class=Rpc body_bytes=198
2026-09-26T01:48:54.759929Z DEBUG netbaiot_transports::business_rpc::v3: business RPC V3 selected frame stream_id=286 frame_type=Open payload_bytes=158
2026-09-26T01:48:54.756090Z DEBUG netbaiot_transports::business_rpc::v3: business RPC V3 received frame stream_id=282 frame_type=Response payload_bytes=35
2026-09-26T01:48:54.760134Z DEBUG netbaiot_transports::business_rpc::v3: business RPC V3 received frame stream_id=282 frame_type=Data payload_bytes=216
2026-09-26T01:48:54.760199Z DEBUG netbaiot_transports::business_rpc::v3: business RPC V3 writer completed frame stream_id=286 frame_type=Open payload_bytes=158
2026-09-26T01:48:54.766294Z DEBUG netbaiot_transports::business_rpc::v3: business RPC V3 received frame stream_id=0 frame_type=WindowUpdate payload_bytes=4
2026-09-26T01:48:54.777266Z DEBUG netbaiot_transports::business_rpc::v3: business RPC V3 received frame stream_id=0 frame_type=WindowUpdate payload_bytes=4
2026-09-26T01:48:54.781812Z DEBUG netbaiot_transports::business_rpc::v3: business RPC V3 received frame stream_id=276 frame_type=WindowUpdate payload_bytes=4
2026-09-26T01:48:54.770014Z DEBUG netbaiot_transports::business_rpc::v3: business RPC V3 selected frame stream_id=0 frame_type=WindowUpdate payload_bytes=4
2026-09-26T01:48:54.785657Z DEBUG netbaiot_transports::business_rpc::v3: business RPC V3 received frame stream_id=284 frame_type=Response payload_bytes=35
2026-09-26T01:48:54.789685Z DEBUG netbaiot_transports::business_rpc::v3: business RPC V3 writer completed frame stream_id=0 frame_type=WindowUpdate payload_bytes=4
2026-09-26T01:48:54.793773Z DEBUG netbaiot_transports::business_rpc::v3: business RPC V3 received frame stream_id=284 frame_type=Data payload_bytes=216
2026-09-26T01:48:54.793809Z DEBUG netbaiot_transports::business_rpc::v3: business RPC V3 body entered scheduler stream_id=288 class=Rpc body_bytes=198
2026-09-26T01:48:54.803767Z DEBUG netbaiot_transports::business_rpc::v3: business RPC V3 body entered scheduler stream_id=290 class=Rpc body_bytes=198
2026-09-26T01:48:54.807697Z DEBUG netbaiot_transports::business_rpc::v3: business RPC V3 body entered scheduler stream_id=292 class=Rpc body_bytes=198
2026-09-26T01:48:54.810825Z DEBUG netbaiot_transports::business_rpc::v3: business RPC V3 selected frame stream_id=286 frame_type=Data payload_bytes=198
2026-09-26T01:48:54.817057Z DEBUG netbaiot_transports::business_rpc::v3: business RPC V3 writer completed frame stream_id=286 frame_type=Data payload_bytes=198
2026-09-26T01:48:54.817395Z DEBUG netbaiot_transports::business_rpc::v3: business RPC V3 received frame stream_id=0 frame_type=WindowUpdate payload_bytes=4
2026-09-26T01:48:54.826701Z DEBUG netbaiot_transports::business_rpc::v3: business RPC V3 selected frame stream_id=288 frame_type=Open payload_bytes=158
2026-09-26T01:48:54.830812Z DEBUG netbaiot_transports::business_rpc::v3: business RPC V3 received frame stream_id=286 frame_type=Response payload_bytes=35
2026-09-26T01:48:54.833729Z DEBUG netbaiot_transports::business_rpc::v3: business RPC V3 writer completed frame stream_id=288 frame_type=Open payload_bytes=158
2026-09-26T01:48:54.842711Z DEBUG netbaiot_transports::business_rpc::v3: business RPC V3 received frame stream_id=286 frame_type=Data payload_bytes=216
2026-09-26T01:48:54.845794Z DEBUG netbaiot_transports::business_rpc::v3: business RPC V3 selected frame stream_id=0 frame_type=WindowUpdate payload_bytes=4
2026-09-26T01:48:54.853708Z DEBUG netbaiot_transports::business_rpc::v3: business RPC V3 writer completed frame stream_id=0 frame_type=WindowUpdate payload_bytes=4
2026-09-26T01:48:54.857717Z DEBUG netbaiot_transports::business_rpc::v3: business RPC V3 body entered scheduler stream_id=294 class=Rpc body_bytes=198
2026-09-26T01:48:54.861681Z DEBUG netbaiot_transports::business_rpc::v3: business RPC V3 selected frame stream_id=290 frame_type=Open payload_bytes=158
2026-09-26T01:48:54.870616Z DEBUG netbaiot_transports::business_rpc::v3: business RPC V3 writer completed frame stream_id=290 frame_type=Open payload_bytes=158
2026-09-26T01:48:54.874718Z DEBUG netbaiot_transports::business_rpc::v3: business RPC V3 selected frame stream_id=292 frame_type=Open payload_bytes=158
2026-09-26T01:48:54.877644Z DEBUG netbaiot_transports::business_rpc::v3: business RPC V3 writer completed frame stream_id=292 frame_type=Open payload_bytes=158
2026-09-26T01:48:54.881604Z DEBUG netbaiot_transports::business_rpc::v3: business RPC V3 selected frame stream_id=288 frame_type=Data payload_bytes=198
2026-09-26T01:48:54.884611Z DEBUG netbaiot_transports::business_rpc::v3: business RPC V3 writer completed frame stream_id=288 frame_type=Data payload_bytes=198
2026-09-26T01:48:54.888675Z DEBUG netbaiot_transports::business_rpc::v3: business RPC V3 selected frame stream_id=0 frame_type=WindowUpdate payload_bytes=4
2026-09-26T01:48:54.893818Z DEBUG netbaiot_transports::business_rpc::v3: business RPC V3 writer completed frame stream_id=0 frame_type=WindowUpdate payload_bytes=4
2026-09-26T01:48:54.898758Z DEBUG netbaiot_transports::business_rpc::v3: business RPC V3 selected frame stream_id=294 frame_type=Open payload_bytes=158
2026-09-26T01:48:54.906817Z DEBUG netbaiot_transports::business_rpc::v3: business RPC V3 writer completed frame stream_id=294 frame_type=Open payload_bytes=158
2026-09-26T01:48:54.912767Z DEBUG netbaiot_transports::business_rpc::v3: business RPC V3 selected frame stream_id=290 frame_type=Data payload_bytes=198
2026-09-26T01:48:54.918722Z DEBUG netbaiot_transports::business_rpc::v3: business RPC V3 writer completed frame stream_id=290 frame_type=Data payload_bytes=198
2026-09-26T01:48:54.922690Z DEBUG netbaiot_transports::business_rpc::v3: business RPC V3 selected frame stream_id=292 frame_type=Data payload_bytes=198
2026-09-26T01:48:54.925940Z DEBUG netbaiot_transports::business_rpc::v3: business RPC V3 writer completed frame stream_id=292 frame_type=Data payload_bytes=198
2026-09-26T01:48:54.928803Z DEBUG netbaiot_transports::business_rpc::v3: business RPC V3 selected frame stream_id=276 frame_type=Data payload_bytes=981
2026-09-26T01:48:54.928844Z DEBUG netbaiot_transports::business_rpc::v3: business RPC V3 writer completed frame stream_id=276 frame_type=Data payload_bytes=981
2026-09-26T01:48:54.928858Z DEBUG netbaiot_transports::business_rpc::v3: business RPC V3 selected frame stream_id=294 frame_type=Data payload_bytes=198
2026-09-26T01:48:54.928875Z DEBUG netbaiot_transports::business_rpc::v3: business RPC V3 writer completed frame stream_id=294 frame_type=Data payload_bytes=198
2026-09-26T01:48:54.931700Z DEBUG netbaiot_transports::business_rpc::v3: business RPC V3 received frame stream_id=0 frame_type=WindowUpdate payload_bytes=4
2026-09-26T01:48:54.938997Z DEBUG netbaiot_transports::business_rpc::v3: business RPC V3 received frame stream_id=288 frame_type=Response payload_bytes=35
2026-09-26T01:48:54.942734Z DEBUG netbaiot_transports::business_rpc::v3: business RPC V3 received frame stream_id=288 frame_type=Data payload_bytes=216
2026-09-26T01:48:54.951899Z DEBUG netbaiot_transports::business_rpc::v3: business RPC V3 received frame stream_id=0 frame_type=WindowUpdate payload_bytes=4
2026-09-26T01:48:54.955718Z DEBUG netbaiot_transports::business_rpc::v3: business RPC V3 received frame stream_id=290 frame_type=Response payload_bytes=35
2026-09-26T01:48:54.951919Z DEBUG netbaiot_transports::business_rpc::v3: business RPC V3 selected frame stream_id=0 frame_type=WindowUpdate payload_bytes=4
2026-09-26T01:48:54.955892Z DEBUG netbaiot_transports::business_rpc::v3: business RPC V3 received frame stream_id=290 frame_type=Data payload_bytes=216
2026-09-26T01:48:54.961856Z DEBUG netbaiot_transports::business_rpc::v3: business RPC V3 writer completed frame stream_id=0 frame_type=WindowUpdate payload_bytes=4
2026-09-26T01:48:54.974744Z DEBUG netbaiot_transports::business_rpc::v3: business RPC V3 selected frame stream_id=0 frame_type=WindowUpdate payload_bytes=4
2026-09-26T01:48:54.974803Z DEBUG netbaiot_transports::business_rpc::v3: business RPC V3 writer completed frame stream_id=0 frame_type=WindowUpdate payload_bytes=4
2026-09-26T01:48:54.970970Z DEBUG netbaiot_transports::business_rpc::v3: business RPC V3 received frame stream_id=0 frame_type=WindowUpdate payload_bytes=4
2026-09-26T01:48:54.983835Z DEBUG netbaiot_transports::business_rpc::v3: business RPC V3 received frame stream_id=292 frame_type=Response payload_bytes=35
2026-09-26T01:48:54.986799Z DEBUG netbaiot_transports::business_rpc::v3: business RPC V3 received frame stream_id=292 frame_type=Data payload_bytes=216
2026-09-26T01:48:54.989857Z DEBUG netbaiot_transports::business_rpc::v3: business RPC V3 received frame stream_id=0 frame_type=WindowUpdate payload_bytes=4
2026-09-26T01:48:54.990019Z DEBUG netbaiot_transports::business_rpc::v3: business RPC V3 body entered scheduler stream_id=296 class=Rpc body_bytes=198
2026-09-26T01:48:54.995885Z DEBUG netbaiot_transports::business_rpc::v3: business RPC V3 received frame stream_id=0 frame_type=WindowUpdate payload_bytes=4
2026-09-26T01:48:54.999669Z DEBUG netbaiot_transports::business_rpc::v3: business RPC V3 body entered scheduler stream_id=298 class=Rpc body_bytes=198
2026-09-26T01:48:55.006273Z DEBUG netbaiot_transports::business_rpc::v3: business RPC V3 received frame stream_id=294 frame_type=Response payload_bytes=35
2026-09-26T01:48:55.013933Z DEBUG netbaiot_transports::business_rpc::v3: business RPC V3 received frame stream_id=294 frame_type=Data payload_bytes=216
2026-09-26T01:48:55.014005Z DEBUG netbaiot_transports::business_rpc::v3: business RPC V3 received frame stream_id=276 frame_type=Response payload_bytes=35
2026-09-26T01:48:55.014021Z DEBUG netbaiot_transports::business_rpc::v3: business RPC V3 received frame stream_id=276 frame_type=Data payload_bytes=118
2026-09-26T01:48:55.014039Z DEBUG netbaiot_transports::business_rpc::v3: business RPC V3 Event delivery acknowledged stream_id=276 completion_us=542176
2026-09-26T01:48:55.009748Z DEBUG netbaiot_transports::business_rpc::v3: business RPC V3 selected frame stream_id=296 frame_type=Open payload_bytes=158
2026-09-26T01:48:55.020032Z DEBUG netbaiot_transports::business_rpc::v3: business RPC V3 writer completed frame stream_id=296 frame_type=Open payload_bytes=158
2026-09-26T01:48:55.022676Z DEBUG netbaiot_transports::business_rpc::v3: business RPC V3 body entered scheduler stream_id=300 class=Rpc body_bytes=198
2026-09-26T01:48:55.027727Z DEBUG netbaiot_transports::business_rpc::v3: business RPC V3 body entered scheduler stream_id=302 class=Rpc body_bytes=198
2026-09-26T01:48:55.033880Z DEBUG netbaiot_transports::business_rpc::v3: business RPC V3 selected frame stream_id=298 frame_type=Open payload_bytes=158
2026-09-26T01:48:55.036781Z DEBUG netbaiot_transports::business_rpc::v3: business RPC V3 writer completed frame stream_id=298 frame_type=Open payload_bytes=158
2026-09-26T01:48:55.039660Z DEBUG netbaiot_transports::business_rpc::v3: business RPC V3 selected frame stream_id=296 frame_type=Data payload_bytes=198
2026-09-26T01:48:55.044443Z DEBUG netbaiot_transports::business_rpc::v3: business RPC V3 writer completed frame stream_id=296 frame_type=Data payload_bytes=198
2026-09-26T01:48:55.044824Z DEBUG netbaiot_transports::business_rpc::v3: business RPC V3 received frame stream_id=0 frame_type=WindowUpdate payload_bytes=4
2026-09-26T01:48:55.053761Z DEBUG netbaiot_transports::business_rpc::v3: business RPC V3 selected frame stream_id=0 frame_type=WindowUpdate payload_bytes=4
2026-09-26T01:48:55.053874Z DEBUG netbaiot_transports::business_rpc::v3: business RPC V3 writer completed frame stream_id=0 frame_type=WindowUpdate payload_bytes=4
2026-09-26T01:48:55.053934Z DEBUG netbaiot_transports::business_rpc::v3: business RPC V3 received frame stream_id=296 frame_type=Response payload_bytes=35
2026-09-26T01:48:55.053916Z DEBUG netbaiot_transports::business_rpc::v3: business RPC V3 selected frame stream_id=0 frame_type=WindowUpdate payload_bytes=4
2026-09-26T01:48:55.069064Z DEBUG netbaiot_transports::business_rpc::v3: business RPC V3 writer completed frame stream_id=0 frame_type=WindowUpdate payload_bytes=4
2026-09-26T01:48:55.060813Z DEBUG netbaiot_transports::business_rpc::v3: business RPC V3 received frame stream_id=296 frame_type=Data payload_bytes=216
2026-09-26T01:48:55.074851Z DEBUG netbaiot_transports::business_rpc::v3: business RPC V3 selected frame stream_id=0 frame_type=WindowUpdate payload_bytes=4
2026-09-26T01:48:55.090817Z DEBUG netbaiot_transports::business_rpc::v3: business RPC V3 writer completed frame stream_id=0 frame_type=WindowUpdate payload_bytes=4
2026-09-26T01:48:55.094730Z DEBUG netbaiot_transports::business_rpc::v3: business RPC V3 body entered scheduler stream_id=304 class=Rpc body_bytes=198
2026-09-26T01:48:55.098785Z DEBUG netbaiot_transports::business_rpc::v3: business RPC V3 selected frame stream_id=300 frame_type=Open payload_bytes=158
2026-09-26T01:48:55.098892Z DEBUG netbaiot_transports::business_rpc::v3: business RPC V3 writer completed frame stream_id=300 frame_type=Open payload_bytes=158
2026-09-26T01:48:55.102843Z DEBUG netbaiot_transports::business_rpc::v3: business RPC V3 selected frame stream_id=298 frame_type=Data payload_bytes=198
2026-09-26T01:48:55.108750Z DEBUG netbaiot_transports::business_rpc::v3: business RPC V3 writer completed frame stream_id=298 frame_type=Data payload_bytes=198
2026-09-26T01:48:55.112011Z DEBUG netbaiot_transports::business_rpc::v3: business RPC V3 selected frame stream_id=302 frame_type=Open payload_bytes=158
2026-09-26T01:48:55.112059Z DEBUG netbaiot_transports::business_rpc::v3: business RPC V3 writer completed frame stream_id=302 frame_type=Open payload_bytes=158
2026-09-26T01:48:55.112071Z DEBUG netbaiot_transports::business_rpc::v3: business RPC V3 selected frame stream_id=0 frame_type=WindowUpdate payload_bytes=4
2026-09-26T01:48:55.112082Z DEBUG netbaiot_transports::business_rpc::v3: business RPC V3 writer completed frame stream_id=0 frame_type=WindowUpdate payload_bytes=4
2026-09-26T01:48:55.112092Z DEBUG netbaiot_transports::business_rpc::v3: business RPC V3 selected frame stream_id=304 frame_type=Open payload_bytes=158
2026-09-26T01:48:55.112102Z DEBUG netbaiot_transports::business_rpc::v3: business RPC V3 writer completed frame stream_id=304 frame_type=Open payload_bytes=158
2026-09-26T01:48:55.112111Z DEBUG netbaiot_transports::business_rpc::v3: business RPC V3 selected frame stream_id=300 frame_type=Data payload_bytes=198
2026-09-26T01:48:55.112121Z DEBUG netbaiot_transports::business_rpc::v3: business RPC V3 writer completed frame stream_id=300 frame_type=Data payload_bytes=198
2026-09-26T01:48:55.116772Z DEBUG netbaiot_transports::business_rpc::v3: business RPC V3 selected frame stream_id=302 frame_type=Data payload_bytes=198
2026-09-26T01:48:55.118419Z DEBUG netbaiot_transports::business_rpc::v3: business RPC V3 writer completed frame stream_id=302 frame_type=Data payload_bytes=198
2026-09-26T01:48:55.118468Z DEBUG netbaiot_transports::business_rpc::v3: business RPC V3 selected frame stream_id=304 frame_type=Data payload_bytes=198
2026-09-26T01:48:55.118526Z DEBUG netbaiot_transports::business_rpc::v3: business RPC V3 writer completed frame stream_id=304 frame_type=Data payload_bytes=198
2026-09-26T01:48:55.127908Z DEBUG netbaiot_transports::business_rpc::v3: business RPC V3 received frame stream_id=0 frame_type=WindowUpdate payload_bytes=4
2026-09-26T01:48:55.127959Z DEBUG netbaiot_transports::business_rpc::v3: business RPC V3 received frame stream_id=298 frame_type=Response payload_bytes=35
2026-09-26T01:48:55.127986Z DEBUG netbaiot_transports::business_rpc::v3: business RPC V3 received frame stream_id=298 frame_type=Data payload_bytes=216
2026-09-26T01:48:55.128046Z DEBUG netbaiot_transports::business_rpc::v3: business RPC V3 received frame stream_id=0 frame_type=WindowUpdate payload_bytes=4
2026-09-26T01:48:55.128067Z DEBUG netbaiot_transports::business_rpc::v3: business RPC V3 selected frame stream_id=0 frame_type=WindowUpdate payload_bytes=4
2026-09-26T01:48:55.130873Z DEBUG netbaiot_transports::business_rpc::v3: business RPC V3 received frame stream_id=300 frame_type=Response payload_bytes=35
2026-09-26T01:48:55.134841Z DEBUG netbaiot_transports::business_rpc::v3: business RPC V3 writer completed frame stream_id=0 frame_type=WindowUpdate payload_bytes=4
2026-09-26T01:48:55.139002Z DEBUG netbaiot_transports::business_rpc::v3: business RPC V3 received frame stream_id=300 frame_type=Data payload_bytes=216
2026-09-26T01:48:55.151294Z DEBUG netbaiot_transports::business_rpc::v3: business RPC V3 received frame stream_id=0 frame_type=WindowUpdate payload_bytes=4
2026-09-26T01:48:55.151376Z DEBUG netbaiot_transports::business_rpc::v3: business RPC V3 received frame stream_id=302 frame_type=Response payload_bytes=35
2026-09-26T01:48:55.151394Z DEBUG netbaiot_transports::business_rpc::v3: business RPC V3 selected frame stream_id=0 frame_type=WindowUpdate payload_bytes=4
2026-09-26T01:48:55.165902Z DEBUG netbaiot_transports::business_rpc::v3: business RPC V3 writer completed frame stream_id=0 frame_type=WindowUpdate payload_bytes=4
2026-09-26T01:48:55.158277Z DEBUG netbaiot_transports::business_rpc::v3: business RPC V3 received frame stream_id=302 frame_type=Data payload_bytes=216
2026-09-26T01:48:55.168788Z DEBUG netbaiot_transports::business_rpc::v3: business RPC V3 body entered scheduler stream_id=306 class=Rpc body_bytes=198
2026-09-26T01:48:55.171887Z DEBUG netbaiot_transports::business_rpc::v3: business RPC V3 received frame stream_id=0 frame_type=WindowUpdate payload_bytes=4
2026-09-26T01:48:55.171899Z DEBUG netbaiot_transports::business_rpc::v3: business RPC V3 selected frame stream_id=306 frame_type=Open payload_bytes=158
2026-09-26T01:48:55.174827Z DEBUG netbaiot_transports::business_rpc::v3: business RPC V3 received frame stream_id=304 frame_type=Response payload_bytes=35
2026-09-26T01:48:55.178857Z DEBUG netbaiot_transports::business_rpc::v3: business RPC V3 writer completed frame stream_id=306 frame_type=Open payload_bytes=158
2026-09-26T01:48:55.187734Z DEBUG netbaiot_transports::business_rpc::v3: business RPC V3 received frame stream_id=304 frame_type=Data payload_bytes=216
2026-09-26T01:48:55.191889Z DEBUG netbaiot_transports::business_rpc::v3: business RPC V3 body entered scheduler stream_id=308 class=Rpc body_bytes=198
2026-09-26T01:48:55.201738Z DEBUG netbaiot_transports::business_rpc::v3: business RPC V3 body entered scheduler stream_id=310 class=Rpc body_bytes=198
2026-09-26T01:48:55.205713Z DEBUG netbaiot_transports::business_rpc::v3: business RPC V3 body entered scheduler stream_id=312 class=Rpc body_bytes=198
2026-09-26T01:48:55.208666Z DEBUG netbaiot_transports::business_rpc::v3: business RPC V3 selected frame stream_id=0 frame_type=WindowUpdate payload_bytes=4
2026-09-26T01:48:55.212041Z DEBUG netbaiot_transports::business_rpc::v3: business RPC V3 writer completed frame stream_id=0 frame_type=WindowUpdate payload_bytes=4
2026-09-26T01:48:55.214763Z DEBUG netbaiot_transports::business_rpc::v3: business RPC V3 selected frame stream_id=306 frame_type=Data payload_bytes=198
2026-09-26T01:48:55.219242Z DEBUG netbaiot_transports::business_rpc::v3: business RPC V3 writer completed frame stream_id=306 frame_type=Data payload_bytes=198
2026-09-26T01:48:55.225847Z DEBUG netbaiot_transports::business_rpc::v3: business RPC V3 selected frame stream_id=308 frame_type=Open payload_bytes=158
2026-09-26T01:48:55.235845Z DEBUG netbaiot_transports::business_rpc::v3: business RPC V3 writer completed frame stream_id=308 frame_type=Open payload_bytes=158
2026-09-26T01:48:55.239196Z DEBUG netbaiot_transports::business_rpc::v3: business RPC V3 selected frame stream_id=0 frame_type=WindowUpdate payload_bytes=4
2026-09-26T01:48:55.239269Z DEBUG netbaiot_transports::business_rpc::v3: business RPC V3 writer completed frame stream_id=0 frame_type=WindowUpdate payload_bytes=4
2026-09-26T01:48:55.239284Z DEBUG netbaiot_transports::business_rpc::v3: business RPC V3 selected frame stream_id=310 frame_type=Open payload_bytes=158
2026-09-26T01:48:55.239298Z DEBUG netbaiot_transports::business_rpc::v3: business RPC V3 writer completed frame stream_id=310 frame_type=Open payload_bytes=158
2026-09-26T01:48:55.239307Z DEBUG netbaiot_transports::business_rpc::v3: business RPC V3 selected frame stream_id=312 frame_type=Open payload_bytes=158
2026-09-26T01:48:55.239320Z DEBUG netbaiot_transports::business_rpc::v3: business RPC V3 writer completed frame stream_id=312 frame_type=Open payload_bytes=158
2026-09-26T01:48:55.239334Z DEBUG netbaiot_transports::business_rpc::v3: business RPC V3 selected frame stream_id=308 frame_type=Data payload_bytes=198
2026-09-26T01:48:55.244348Z DEBUG netbaiot_transports::business_rpc::v3: business RPC V3 writer completed frame stream_id=308 frame_type=Data payload_bytes=198
2026-09-26T01:48:55.244995Z DEBUG netbaiot_transports::business_rpc::v3: business RPC V3 selected frame stream_id=310 frame_type=Data payload_bytes=198
2026-09-26T01:48:55.249357Z DEBUG netbaiot_transports::business_rpc::v3: business RPC V3 writer completed frame stream_id=310 frame_type=Data payload_bytes=198
2026-09-26T01:48:55.252806Z DEBUG netbaiot_transports::business_rpc::v3: business RPC V3 selected frame stream_id=312 frame_type=Data payload_bytes=198
2026-09-26T01:48:55.264864Z DEBUG netbaiot_transports::business_rpc::v3: business RPC V3 writer completed frame stream_id=312 frame_type=Data payload_bytes=198
2026-09-26T01:48:55.273938Z DEBUG netbaiot_transports::business_rpc::v3: business RPC V3 received frame stream_id=0 frame_type=WindowUpdate payload_bytes=4
2026-09-26T01:48:55.277725Z DEBUG netbaiot_transports::business_rpc::v3: business RPC V3 received frame stream_id=306 frame_type=Response payload_bytes=35
2026-09-26T01:48:55.277897Z DEBUG netbaiot_transports::business_rpc::v3: business RPC V3 received frame stream_id=306 frame_type=Data payload_bytes=216
2026-09-26T01:48:55.277958Z DEBUG netbaiot_transports::business_rpc::v3: business RPC V3 received frame stream_id=0 frame_type=WindowUpdate payload_bytes=4
2026-09-26T01:48:55.281381Z DEBUG netbaiot_transports::business_rpc::v3: business RPC V3 received frame stream_id=308 frame_type=Response payload_bytes=35
2026-09-26T01:48:55.277981Z DEBUG netbaiot_transports::business_rpc::v3: business RPC V3 selected frame stream_id=0 frame_type=WindowUpdate payload_bytes=4
2026-09-26T01:48:55.286981Z DEBUG netbaiot_transports::business_rpc::v3: business RPC V3 writer completed frame stream_id=0 frame_type=WindowUpdate payload_bytes=4
2026-09-26T01:48:55.281858Z DEBUG netbaiot_transports::business_rpc::v3: business RPC V3 received frame stream_id=308 frame_type=Data payload_bytes=216
2026-09-26T01:48:55.297395Z DEBUG netbaiot_transports::business_rpc::v3: business RPC V3 received frame stream_id=0 frame_type=WindowUpdate payload_bytes=4
2026-09-26T01:48:55.297518Z DEBUG netbaiot_transports::business_rpc::v3: business RPC V3 selected frame stream_id=0 frame_type=WindowUpdate payload_bytes=4
2026-09-26T01:48:55.302833Z DEBUG netbaiot_transports::business_rpc::v3: business RPC V3 received frame stream_id=310 frame_type=Response payload_bytes=35
2026-09-26T01:48:55.305703Z DEBUG netbaiot_transports::business_rpc::v3: business RPC V3 writer completed frame stream_id=0 frame_type=WindowUpdate payload_bytes=4
2026-09-26T01:48:55.308812Z DEBUG netbaiot_transports::business_rpc::v3: business RPC V3 received frame stream_id=310 frame_type=Data payload_bytes=216
2026-09-26T01:48:55.313164Z DEBUG netbaiot_transports::business_rpc::v3: business RPC V3 body entered scheduler stream_id=314 class=Rpc body_bytes=198
2026-09-26T01:48:55.322858Z DEBUG netbaiot_transports::business_rpc::v3: business RPC V3 selected frame stream_id=314 frame_type=Open payload_bytes=158
2026-09-26T01:48:55.326859Z DEBUG netbaiot_transports::business_rpc::v3: business RPC V3 writer completed frame stream_id=314 frame_type=Open payload_bytes=158
2026-09-26T01:48:55.317880Z DEBUG netbaiot_transports::business_rpc::v3: business RPC V3 received frame stream_id=0 frame_type=WindowUpdate payload_bytes=4
2026-09-26T01:48:55.328549Z DEBUG netbaiot_transports::business_rpc::v3: business RPC V3 selected frame stream_id=0 frame_type=WindowUpdate payload_bytes=4
2026-09-26T01:48:55.339983Z DEBUG netbaiot_transports::business_rpc::v3: business RPC V3 writer completed frame stream_id=0 frame_type=WindowUpdate payload_bytes=4
2026-09-26T01:48:55.340003Z DEBUG netbaiot_transports::business_rpc::v3: business RPC V3 body entered scheduler stream_id=316 class=Rpc body_bytes=198
2026-09-26T01:48:55.336746Z DEBUG netbaiot_transports::business_rpc::v3: business RPC V3 received frame stream_id=312 frame_type=Response payload_bytes=35
2026-09-26T01:48:55.340084Z DEBUG netbaiot_transports::business_rpc::v3: business RPC V3 selected frame stream_id=314 frame_type=Data payload_bytes=198
2026-09-26T01:48:55.340249Z DEBUG netbaiot_transports::business_rpc::v3: business RPC V3 writer completed frame stream_id=314 frame_type=Data payload_bytes=198
2026-09-26T01:48:55.342853Z DEBUG netbaiot_transports::business_rpc::v3: business RPC V3 selected frame stream_id=316 frame_type=Open payload_bytes=158
2026-09-26T01:48:55.346750Z DEBUG netbaiot_transports::business_rpc::v3: business RPC V3 writer completed frame stream_id=316 frame_type=Open payload_bytes=158
2026-09-26T01:48:55.346763Z DEBUG netbaiot_transports::business_rpc::v3: business RPC V3 selected frame stream_id=316 frame_type=Data payload_bytes=198
2026-09-26T01:48:55.346773Z DEBUG netbaiot_transports::business_rpc::v3: business RPC V3 writer completed frame stream_id=316 frame_type=Data payload_bytes=198
2026-09-26T01:48:55.340226Z DEBUG netbaiot_transports::business_rpc::v3: business RPC V3 received frame stream_id=312 frame_type=Data payload_bytes=216
2026-09-26T01:48:55.357065Z DEBUG netbaiot_transports::business_rpc::v3: business RPC V3 received frame stream_id=0 frame_type=WindowUpdate payload_bytes=4
2026-09-26T01:48:55.357131Z DEBUG netbaiot_transports::business_rpc::v3: business RPC V3 selected frame stream_id=0 frame_type=WindowUpdate payload_bytes=4
2026-09-26T01:48:55.361137Z DEBUG netbaiot_transports::business_rpc::v3: business RPC V3 received frame stream_id=314 frame_type=Response payload_bytes=35
2026-09-26T01:48:55.363750Z DEBUG netbaiot_transports::business_rpc::v3: business RPC V3 writer completed frame stream_id=0 frame_type=WindowUpdate payload_bytes=4
2026-09-26T01:48:55.363809Z DEBUG netbaiot_transports::business_rpc::v3: business RPC V3 received frame stream_id=314 frame_type=Data payload_bytes=216
2026-09-26T01:48:55.369840Z DEBUG netbaiot_transports::business_rpc::v3: business RPC V3 body entered scheduler stream_id=318 class=Rpc body_bytes=198
2026-09-26T01:48:55.378105Z DEBUG netbaiot_transports::business_rpc::v3: business RPC V3 selected frame stream_id=318 frame_type=Open payload_bytes=158
2026-09-26T01:48:55.378156Z DEBUG netbaiot_transports::business_rpc::v3: business RPC V3 writer completed frame stream_id=318 frame_type=Open payload_bytes=158
2026-09-26T01:48:55.383213Z DEBUG netbaiot_transports::business_rpc::v3: business RPC V3 selected frame stream_id=0 frame_type=WindowUpdate payload_bytes=4
2026-09-26T01:48:55.383332Z DEBUG netbaiot_transports::business_rpc::v3: business RPC V3 writer completed frame stream_id=0 frame_type=WindowUpdate payload_bytes=4
2026-09-26T01:48:55.383513Z DEBUG netbaiot_transports::business_rpc::v3: business RPC V3 selected frame stream_id=318 frame_type=Data payload_bytes=198
2026-09-26T01:48:55.391021Z DEBUG netbaiot_transports::business_rpc::v3: business RPC V3 writer completed frame stream_id=318 frame_type=Data payload_bytes=198
2026-09-26T01:48:55.373833Z DEBUG netbaiot_transports::business_rpc::v3: business RPC V3 received frame stream_id=0 frame_type=WindowUpdate payload_bytes=4
2026-09-26T01:48:55.394887Z DEBUG netbaiot_transports::business_rpc::v3: business RPC V3 received frame stream_id=316 frame_type=Response payload_bytes=35
2026-09-26T01:48:55.397962Z DEBUG netbaiot_transports::business_rpc::v3: business RPC V3 received frame stream_id=316 frame_type=Data payload_bytes=216
2026-09-26T01:48:55.404080Z DEBUG netbaiot_transports::business_rpc::v3: business RPC V3 received frame stream_id=0 frame_type=WindowUpdate payload_bytes=4
2026-09-26T01:48:55.408687Z DEBUG netbaiot_transports::business_rpc::v3: business RPC V3 received frame stream_id=318 frame_type=Response payload_bytes=35
2026-09-26T01:48:55.412582Z DEBUG netbaiot_transports::business_rpc::v3: business RPC V3 received frame stream_id=318 frame_type=Data payload_bytes=216
2026-09-26T01:48:55.404140Z DEBUG netbaiot_transports::business_rpc::v3: business RPC V3 body entered scheduler stream_id=320 class=Rpc body_bytes=198
2026-09-26T01:48:55.419914Z DEBUG netbaiot_transports::business_rpc::v3: business RPC V3 body entered scheduler stream_id=322 class=Rpc body_bytes=198
2026-09-26T01:48:55.422669Z DEBUG netbaiot_transports::business_rpc::v3: business RPC V3 body entered scheduler stream_id=324 class=Rpc body_bytes=198
2026-09-26T01:48:55.426994Z DEBUG netbaiot_transports::business_rpc::v3: business RPC V3 body entered scheduler stream_id=326 class=Rpc body_bytes=198
2026-09-26T01:48:55.430977Z DEBUG netbaiot_transports::business_rpc::v3: business RPC V3 selected frame stream_id=320 frame_type=Open payload_bytes=158
2026-09-26T01:48:55.434949Z DEBUG netbaiot_transports::business_rpc::v3: business RPC V3 writer completed frame stream_id=320 frame_type=Open payload_bytes=158
2026-09-26T01:48:55.437892Z DEBUG netbaiot_transports::business_rpc::v3: business RPC V3 selected frame stream_id=322 frame_type=Open payload_bytes=158
2026-09-26T01:48:55.441677Z DEBUG netbaiot_transports::business_rpc::v3: business RPC V3 writer completed frame stream_id=322 frame_type=Open payload_bytes=158
2026-09-26T01:48:55.441689Z DEBUG netbaiot_transports::business_rpc::v3: business RPC V3 selected frame stream_id=0 frame_type=WindowUpdate payload_bytes=4
2026-09-26T01:48:55.441703Z DEBUG netbaiot_transports::business_rpc::v3: business RPC V3 writer completed frame stream_id=0 frame_type=WindowUpdate payload_bytes=4
2026-09-26T01:48:55.441713Z DEBUG netbaiot_transports::business_rpc::v3: business RPC V3 selected frame stream_id=0 frame_type=WindowUpdate payload_bytes=4
2026-09-26T01:48:55.441840Z DEBUG netbaiot_transports::business_rpc::v3: business RPC V3 writer completed frame stream_id=0 frame_type=WindowUpdate payload_bytes=4
2026-09-26T01:48:55.447791Z DEBUG netbaiot_transports::business_rpc::v3: business RPC V3 selected frame stream_id=320 frame_type=Data payload_bytes=198
2026-09-26T01:48:55.452064Z DEBUG netbaiot_transports::business_rpc::v3: business RPC V3 writer completed frame stream_id=320 frame_type=Data payload_bytes=198
2026-09-26T01:48:55.455708Z DEBUG netbaiot_transports::business_rpc::v3: business RPC V3 selected frame stream_id=324 frame_type=Open payload_bytes=158
2026-09-26T01:48:55.460112Z DEBUG netbaiot_transports::business_rpc::v3: business RPC V3 writer completed frame stream_id=324 frame_type=Open payload_bytes=158
2026-09-26T01:48:55.464115Z DEBUG netbaiot_transports::business_rpc::v3: business RPC V3 selected frame stream_id=326 frame_type=Open payload_bytes=158
2026-09-26T01:48:55.478030Z DEBUG netbaiot_transports::business_rpc::v3: business RPC V3 writer completed frame stream_id=326 frame_type=Open payload_bytes=158
2026-09-26T01:48:55.489936Z DEBUG netbaiot_transports::business_rpc::v3: business RPC V3 selected frame stream_id=322 frame_type=Data payload_bytes=198
2026-09-26T01:48:55.492995Z DEBUG netbaiot_transports::business_rpc::v3: business RPC V3 writer completed frame stream_id=322 frame_type=Data payload_bytes=198
2026-09-26T01:48:55.502654Z DEBUG netbaiot_transports::business_rpc::v3: business RPC V3 selected frame stream_id=324 frame_type=Data payload_bytes=198
2026-09-26T01:48:55.507074Z DEBUG netbaiot_transports::business_rpc::v3: business RPC V3 writer completed frame stream_id=324 frame_type=Data payload_bytes=198
2026-09-26T01:48:55.509756Z DEBUG netbaiot_transports::business_rpc::v3: business RPC V3 selected frame stream_id=326 frame_type=Data payload_bytes=198
2026-09-26T01:48:55.514031Z DEBUG netbaiot_transports::business_rpc::v3: business RPC V3 writer completed frame stream_id=326 frame_type=Data payload_bytes=198
2026-09-26T01:48:55.522959Z DEBUG netbaiot_transports::business_rpc::v3: business RPC V3 received frame stream_id=0 frame_type=WindowUpdate payload_bytes=4
2026-09-26T01:48:55.525935Z DEBUG netbaiot_transports::business_rpc::v3: business RPC V3 received frame stream_id=320 frame_type=Response payload_bytes=35
2026-09-26T01:48:55.528838Z DEBUG netbaiot_transports::business_rpc::v3: business RPC V3 received frame stream_id=320 frame_type=Data payload_bytes=216
2026-09-26T01:48:55.532804Z DEBUG netbaiot_transports::business_rpc::v3: business RPC V3 received frame stream_id=0 frame_type=WindowUpdate payload_bytes=4
2026-09-26T01:48:55.532849Z DEBUG netbaiot_transports::business_rpc::v3: business RPC V3 body entered scheduler stream_id=328 class=Event body_bytes=17365
2026-09-26T01:48:55.539202Z DEBUG netbaiot_transports::business_rpc::v3: business RPC V3 received frame stream_id=322 frame_type=Response payload_bytes=35
2026-09-26T01:48:55.553540Z DEBUG netbaiot_transports::business_rpc::v3: business RPC V3 received frame stream_id=322 frame_type=Data payload_bytes=216
2026-09-26T01:48:55.549942Z DEBUG netbaiot_transports::business_rpc::v3: business RPC V3 selected frame stream_id=328 frame_type=Open payload_bytes=184
2026-09-26T01:48:55.566888Z DEBUG netbaiot_transports::business_rpc::v3: business RPC V3 writer completed frame stream_id=328 frame_type=Open payload_bytes=184
2026-09-26T01:48:55.563155Z DEBUG netbaiot_transports::business_rpc::v3: business RPC V3 received frame stream_id=0 frame_type=WindowUpdate payload_bytes=4
2026-09-26T01:48:55.569779Z DEBUG netbaiot_transports::business_rpc::v3: business RPC V3 selected frame stream_id=0 frame_type=WindowUpdate payload_bytes=4
2026-09-26T01:48:55.573766Z DEBUG netbaiot_transports::business_rpc::v3: business RPC V3 received frame stream_id=324 frame_type=Response payload_bytes=35
2026-09-26T01:48:55.576721Z DEBUG netbaiot_transports::business_rpc::v3: business RPC V3 writer completed frame stream_id=0 frame_type=WindowUpdate payload_bytes=4
2026-09-26T01:48:55.579815Z DEBUG netbaiot_transports::business_rpc::v3: business RPC V3 received frame stream_id=324 frame_type=Data payload_bytes=216
2026-09-26T01:48:55.582751Z DEBUG netbaiot_transports::business_rpc::v3: business RPC V3 body entered scheduler stream_id=330 class=Rpc body_bytes=198
2026-09-26T01:48:55.592737Z DEBUG netbaiot_transports::business_rpc::v3: business RPC V3 selected frame stream_id=0 frame_type=WindowUpdate payload_bytes=4
2026-09-26T01:48:55.588733Z DEBUG netbaiot_transports::business_rpc::v3: business RPC V3 received frame stream_id=0 frame_type=WindowUpdate payload_bytes=4
2026-09-26T01:48:55.595783Z DEBUG netbaiot_transports::business_rpc::v3: business RPC V3 writer completed frame stream_id=0 frame_type=WindowUpdate payload_bytes=4
2026-09-26T01:48:55.606423Z DEBUG netbaiot_transports::business_rpc::v3: business RPC V3 body entered scheduler stream_id=332 class=Rpc body_bytes=198
2026-09-26T01:48:55.610791Z DEBUG netbaiot_transports::business_rpc::v3: business RPC V3 selected frame stream_id=330 frame_type=Open payload_bytes=158
2026-09-26T01:48:55.606427Z DEBUG netbaiot_transports::business_rpc::v3: business RPC V3 received frame stream_id=326 frame_type=Response payload_bytes=35
2026-09-26T01:48:55.623674Z DEBUG netbaiot_transports::business_rpc::v3: business RPC V3 received frame stream_id=326 frame_type=Data payload_bytes=216
2026-09-26T01:48:55.616846Z DEBUG netbaiot_transports::business_rpc::v3: business RPC V3 writer completed frame stream_id=330 frame_type=Open payload_bytes=158
2026-09-26T01:48:55.631772Z DEBUG netbaiot_transports::business_rpc::v3: business RPC V3 body entered scheduler stream_id=334 class=Rpc body_bytes=198
2026-09-26T01:48:55.637787Z DEBUG netbaiot_transports::business_rpc::v3: business RPC V3 body entered scheduler stream_id=336 class=Rpc body_bytes=198
2026-09-26T01:48:55.640707Z DEBUG netbaiot_transports::business_rpc::v3: business RPC V3 selected frame stream_id=330 frame_type=Data payload_bytes=198
2026-09-26T01:48:55.644722Z DEBUG netbaiot_transports::business_rpc::v3: business RPC V3 writer completed frame stream_id=330 frame_type=Data payload_bytes=198
2026-09-26T01:48:55.646407Z DEBUG netbaiot_transports::business_rpc::v3: business RPC V3 selected frame stream_id=0 frame_type=WindowUpdate payload_bytes=4
2026-09-26T01:48:55.645038Z DEBUG netbaiot_transports::business_rpc::v3: business RPC V3 received frame stream_id=0 frame_type=WindowUpdate payload_bytes=4
2026-09-26T01:48:55.652407Z DEBUG netbaiot_transports::business_rpc::v3: business RPC V3 writer completed frame stream_id=0 frame_type=WindowUpdate payload_bytes=4
2026-09-26T01:48:55.660704Z DEBUG netbaiot_transports::business_rpc::v3: business RPC V3 selected frame stream_id=332 frame_type=Open payload_bytes=158
2026-09-26T01:48:55.664720Z DEBUG netbaiot_transports::business_rpc::v3: business RPC V3 writer completed frame stream_id=332 frame_type=Open payload_bytes=158
2026-09-26T01:48:55.668694Z DEBUG netbaiot_transports::business_rpc::v3: business RPC V3 selected frame stream_id=0 frame_type=WindowUpdate payload_bytes=4
2026-09-26T01:48:55.656536Z DEBUG netbaiot_transports::business_rpc::v3: business RPC V3 received frame stream_id=330 frame_type=Response payload_bytes=35
2026-09-26T01:48:55.674814Z DEBUG netbaiot_transports::business_rpc::v3: business RPC V3 writer completed frame stream_id=0 frame_type=WindowUpdate payload_bytes=4
2026-09-26T01:48:55.680687Z DEBUG netbaiot_transports::business_rpc::v3: business RPC V3 received frame stream_id=330 frame_type=Data payload_bytes=216
2026-09-26T01:48:55.688742Z DEBUG netbaiot_transports::business_rpc::v3: business RPC V3 selected frame stream_id=334 frame_type=Open payload_bytes=158
2026-09-26T01:48:55.695756Z DEBUG netbaiot_transports::business_rpc::v3: business RPC V3 writer completed frame stream_id=334 frame_type=Open payload_bytes=158
2026-09-26T01:48:55.699790Z DEBUG netbaiot_transports::business_rpc::v3: business RPC V3 body entered scheduler stream_id=338 class=Rpc body_bytes=198
2026-09-26T01:48:55.703788Z DEBUG netbaiot_transports::business_rpc::v3: business RPC V3 selected frame stream_id=332 frame_type=Data payload_bytes=198
2026-09-26T01:48:55.707818Z DEBUG netbaiot_transports::business_rpc::v3: business RPC V3 writer completed frame stream_id=332 frame_type=Data payload_bytes=198
2026-09-26T01:48:55.708072Z DEBUG netbaiot_transports::business_rpc::v3: business RPC V3 received frame stream_id=0 frame_type=WindowUpdate payload_bytes=4
2026-09-26T01:48:55.711993Z DEBUG netbaiot_transports::business_rpc::v3: business RPC V3 selected frame stream_id=336 frame_type=Open payload_bytes=158
2026-09-26T01:48:55.717754Z DEBUG netbaiot_transports::business_rpc::v3: business RPC V3 received frame stream_id=332 frame_type=Response payload_bytes=35
2026-09-26T01:48:55.725048Z DEBUG netbaiot_transports::business_rpc::v3: business RPC V3 received frame stream_id=332 frame_type=Data payload_bytes=216
2026-09-26T01:48:55.725067Z DEBUG netbaiot_transports::business_rpc::v3: business RPC V3 writer completed frame stream_id=336 frame_type=Open payload_bytes=158
2026-09-26T01:48:55.728388Z DEBUG netbaiot_transports::business_rpc::v3: business RPC V3 selected frame stream_id=0 frame_type=WindowUpdate payload_bytes=4
2026-09-26T01:48:55.729004Z DEBUG netbaiot_transports::business_rpc::v3: business RPC V3 writer completed frame stream_id=0 frame_type=WindowUpdate payload_bytes=4
2026-09-26T01:48:55.735834Z DEBUG netbaiot_transports::business_rpc::v3: business RPC V3 body entered scheduler stream_id=340 class=Rpc body_bytes=198
2026-09-26T01:48:55.739099Z DEBUG netbaiot_transports::business_rpc::v3: business RPC V3 selected frame stream_id=338 frame_type=Open payload_bytes=158
2026-09-26T01:48:55.745882Z DEBUG netbaiot_transports::business_rpc::v3: business RPC V3 writer completed frame stream_id=338 frame_type=Open payload_bytes=158
2026-09-26T01:48:55.752845Z DEBUG netbaiot_transports::business_rpc::v3: business RPC V3 selected frame stream_id=0 frame_type=WindowUpdate payload_bytes=4
2026-09-26T01:48:55.756796Z DEBUG netbaiot_transports::business_rpc::v3: business RPC V3 writer completed frame stream_id=0 frame_type=WindowUpdate payload_bytes=4
2026-09-26T01:48:55.760708Z DEBUG netbaiot_transports::business_rpc::v3: business RPC V3 selected frame stream_id=334 frame_type=Data payload_bytes=198
2026-09-26T01:48:55.764296Z DEBUG netbaiot_transports::business_rpc::v3: business RPC V3 writer completed frame stream_id=334 frame_type=Data payload_bytes=198
2026-09-26T01:48:55.767906Z DEBUG netbaiot_transports::business_rpc::v3: business RPC V3 selected frame stream_id=340 frame_type=Open payload_bytes=158
2026-09-26T01:48:55.770950Z DEBUG netbaiot_transports::business_rpc::v3: business RPC V3 writer completed frame stream_id=340 frame_type=Open payload_bytes=158
2026-09-26T01:48:55.774727Z DEBUG netbaiot_transports::business_rpc::v3: business RPC V3 selected frame stream_id=328 frame_type=Data payload_bytes=8192
2026-09-26T01:48:55.779006Z DEBUG netbaiot_transports::business_rpc::v3: business RPC V3 writer completed frame stream_id=328 frame_type=Data payload_bytes=8192
2026-09-26T01:48:55.782781Z DEBUG netbaiot_transports::business_rpc::v3: business RPC V3 selected frame stream_id=336 frame_type=Data payload_bytes=198
2026-09-26T01:48:55.785743Z DEBUG netbaiot_transports::business_rpc::v3: business RPC V3 writer completed frame stream_id=336 frame_type=Data payload_bytes=198
2026-09-26T01:48:55.789996Z DEBUG netbaiot_transports::business_rpc::v3: business RPC V3 selected frame stream_id=338 frame_type=Data payload_bytes=198
2026-09-26T01:48:55.793083Z DEBUG netbaiot_transports::business_rpc::v3: business RPC V3 writer completed frame stream_id=338 frame_type=Data payload_bytes=198
2026-09-26T01:48:55.796878Z DEBUG netbaiot_transports::business_rpc::v3: business RPC V3 selected frame stream_id=340 frame_type=Data payload_bytes=198
2026-09-26T01:48:55.796960Z DEBUG netbaiot_transports::business_rpc::v3: business RPC V3 writer completed frame stream_id=340 frame_type=Data payload_bytes=198
2026-09-26T01:48:55.796998Z DEBUG netbaiot_transports::business_rpc::v3: business RPC V3 selected frame stream_id=328 frame_type=Data payload_bytes=8192
2026-09-26T01:48:55.797024Z DEBUG netbaiot_transports::business_rpc::v3: business RPC V3 writer completed frame stream_id=328 frame_type=Data payload_bytes=8192
2026-09-26T01:48:55.803065Z DEBUG netbaiot_transports::business_rpc::v3: business RPC V3 received frame stream_id=0 frame_type=WindowUpdate payload_bytes=4
2026-09-26T01:48:55.812879Z DEBUG netbaiot_transports::business_rpc::v3: business RPC V3 received frame stream_id=334 frame_type=Response payload_bytes=35
2026-09-26T01:48:55.816037Z DEBUG netbaiot_transports::business_rpc::v3: business RPC V3 received frame stream_id=334 frame_type=Data payload_bytes=216
2026-09-26T01:48:55.818987Z DEBUG netbaiot_transports::business_rpc::v3: business RPC V3 received frame stream_id=0 frame_type=WindowUpdate payload_bytes=4
2026-09-26T01:48:55.819029Z DEBUG netbaiot_transports::business_rpc::v3: business RPC V3 selected frame stream_id=0 frame_type=WindowUpdate payload_bytes=4
2026-09-26T01:48:55.828802Z DEBUG netbaiot_transports::business_rpc::v3: business RPC V3 received frame stream_id=328 frame_type=WindowUpdate payload_bytes=4
2026-09-26T01:48:55.832956Z DEBUG netbaiot_transports::business_rpc::v3: business RPC V3 received frame stream_id=0 frame_type=WindowUpdate payload_bytes=4
2026-09-26T01:48:55.833073Z DEBUG netbaiot_transports::business_rpc::v3: business RPC V3 received frame stream_id=336 frame_type=Response payload_bytes=35
2026-09-26T01:48:55.833093Z DEBUG netbaiot_transports::business_rpc::v3: business RPC V3 received frame stream_id=336 frame_type=Data payload_bytes=216
2026-09-26T01:48:55.832930Z DEBUG netbaiot_transports::business_rpc::v3: business RPC V3 writer completed frame stream_id=0 frame_type=WindowUpdate payload_bytes=4
2026-09-26T01:48:55.835848Z DEBUG netbaiot_transports::business_rpc::v3: business RPC V3 selected frame stream_id=0 frame_type=WindowUpdate payload_bytes=4
2026-09-26T01:48:55.833143Z DEBUG netbaiot_transports::business_rpc::v3: business RPC V3 received frame stream_id=0 frame_type=WindowUpdate payload_bytes=4
2026-09-26T01:48:55.839708Z DEBUG netbaiot_transports::business_rpc::v3: business RPC V3 writer completed frame stream_id=0 frame_type=WindowUpdate payload_bytes=4
2026-09-26T01:48:55.844721Z DEBUG netbaiot_transports::business_rpc::v3: business RPC V3 body entered scheduler stream_id=342 class=Rpc body_bytes=198
2026-09-26T01:48:55.847771Z DEBUG netbaiot_transports::business_rpc::v3: business RPC V3 selected frame stream_id=342 frame_type=Open payload_bytes=158
2026-09-26T01:48:55.841596Z DEBUG netbaiot_transports::business_rpc::v3: business RPC V3 received frame stream_id=338 frame_type=Response payload_bytes=35
2026-09-26T01:48:55.855604Z DEBUG netbaiot_transports::business_rpc::v3: business RPC V3 received frame stream_id=338 frame_type=Data payload_bytes=216
2026-09-26T01:48:55.851824Z DEBUG netbaiot_transports::business_rpc::v3: business RPC V3 writer completed frame stream_id=342 frame_type=Open payload_bytes=158
2026-09-26T01:48:55.863924Z DEBUG netbaiot_transports::business_rpc::v3: business RPC V3 selected frame stream_id=0 frame_type=WindowUpdate payload_bytes=4
2026-09-26T01:48:55.859678Z DEBUG netbaiot_transports::business_rpc::v3: business RPC V3 received frame stream_id=0 frame_type=WindowUpdate payload_bytes=4
2026-09-26T01:48:55.869800Z DEBUG netbaiot_transports::business_rpc::v3: business RPC V3 writer completed frame stream_id=0 frame_type=WindowUpdate payload_bytes=4
2026-09-26T01:48:55.877961Z DEBUG netbaiot_transports::business_rpc::v3: business RPC V3 body entered scheduler stream_id=344 class=Rpc body_bytes=198
2026-09-26T01:48:55.873829Z DEBUG netbaiot_transports::business_rpc::v3: business RPC V3 received frame stream_id=0 frame_type=WindowUpdate payload_bytes=4
2026-09-26T01:48:55.884274Z DEBUG netbaiot_transports::business_rpc::v3: business RPC V3 received frame stream_id=328 frame_type=WindowUpdate payload_bytes=4
2026-09-26T01:48:55.879443Z DEBUG netbaiot_transports::business_rpc::v3: business RPC V3 selected frame stream_id=342 frame_type=Data payload_bytes=198
2026-09-26T01:48:55.889759Z DEBUG netbaiot_transports::business_rpc::v3: business RPC V3 writer completed frame stream_id=342 frame_type=Data payload_bytes=198
2026-09-26T01:48:55.892672Z DEBUG netbaiot_transports::business_rpc::v3: business RPC V3 selected frame stream_id=344 frame_type=Open payload_bytes=158
2026-09-26T01:48:55.886997Z DEBUG netbaiot_transports::business_rpc::v3: business RPC V3 received frame stream_id=340 frame_type=Response payload_bytes=35
2026-09-26T01:48:55.892867Z DEBUG netbaiot_transports::business_rpc::v3: business RPC V3 received frame stream_id=340 frame_type=Data payload_bytes=216
2026-09-26T01:48:55.892902Z DEBUG netbaiot_transports::business_rpc::v3: business RPC V3 writer completed frame stream_id=344 frame_type=Open payload_bytes=158
2026-09-26T01:48:55.897764Z DEBUG netbaiot_transports::business_rpc::v3: business RPC V3 selected frame stream_id=0 frame_type=WindowUpdate payload_bytes=4
2026-09-26T01:48:55.892974Z DEBUG netbaiot_transports::business_rpc::v3: business RPC V3 received frame stream_id=0 frame_type=WindowUpdate payload_bytes=4
2026-09-26T01:48:55.901711Z DEBUG netbaiot_transports::business_rpc::v3: business RPC V3 writer completed frame stream_id=0 frame_type=WindowUpdate payload_bytes=4
2026-09-26T01:48:55.905715Z DEBUG netbaiot_transports::business_rpc::v3: business RPC V3 received frame stream_id=342 frame_type=Response payload_bytes=35
2026-09-26T01:48:55.912768Z DEBUG netbaiot_transports::business_rpc::v3: business RPC V3 body entered scheduler stream_id=346 class=Rpc body_bytes=198
2026-09-26T01:48:55.913004Z DEBUG netbaiot_transports::business_rpc::v3: business RPC V3 selected frame stream_id=346 frame_type=Open payload_bytes=158
2026-09-26T01:48:55.913061Z DEBUG netbaiot_transports::business_rpc::v3: business RPC V3 writer completed frame stream_id=346 frame_type=Open payload_bytes=158
2026-09-26T01:48:55.915735Z DEBUG netbaiot_transports::business_rpc::v3: business RPC V3 selected frame stream_id=344 frame_type=Data payload_bytes=198
2026-09-26T01:48:55.912983Z DEBUG netbaiot_transports::business_rpc::v3: business RPC V3 received frame stream_id=342 frame_type=Data payload_bytes=216
2026-09-26T01:48:55.923850Z DEBUG netbaiot_transports::business_rpc::v3: business RPC V3 writer completed frame stream_id=344 frame_type=Data payload_bytes=198
2026-09-26T01:48:55.928051Z DEBUG netbaiot_transports::business_rpc::v3: business RPC V3 selected frame stream_id=0 frame_type=WindowUpdate payload_bytes=4
2026-09-26T01:48:55.928176Z DEBUG netbaiot_transports::business_rpc::v3: business RPC V3 writer completed frame stream_id=0 frame_type=WindowUpdate payload_bytes=4
2026-09-26T01:48:55.933701Z DEBUG netbaiot_transports::business_rpc::v3: business RPC V3 selected frame stream_id=346 frame_type=Data payload_bytes=198
2026-09-26T01:48:55.933736Z DEBUG netbaiot_transports::business_rpc::v3: business RPC V3 writer completed frame stream_id=346 frame_type=Data payload_bytes=198
2026-09-26T01:48:55.936624Z DEBUG netbaiot_transports::business_rpc::v3: business RPC V3 selected frame stream_id=328 frame_type=Data payload_bytes=981
2026-09-26T01:48:55.928198Z DEBUG netbaiot_transports::business_rpc::v3: business RPC V3 received frame stream_id=0 frame_type=WindowUpdate payload_bytes=4
2026-09-26T01:48:55.942697Z DEBUG netbaiot_transports::business_rpc::v3: business RPC V3 writer completed frame stream_id=328 frame_type=Data payload_bytes=981
2026-09-26T01:48:55.950916Z DEBUG netbaiot_transports::business_rpc::v3: business RPC V3 body entered scheduler stream_id=348 class=Rpc body_bytes=198
2026-09-26T01:48:55.946747Z DEBUG netbaiot_transports::business_rpc::v3: business RPC V3 received frame stream_id=344 frame_type=Response payload_bytes=35
2026-09-26T01:48:55.959695Z DEBUG netbaiot_transports::business_rpc::v3: business RPC V3 selected frame stream_id=348 frame_type=Open payload_bytes=158
2026-09-26T01:48:55.963732Z DEBUG netbaiot_transports::business_rpc::v3: business RPC V3 received frame stream_id=344 frame_type=Data payload_bytes=216
2026-09-26T01:48:55.966873Z DEBUG netbaiot_transports::business_rpc::v3: business RPC V3 writer completed frame stream_id=348 frame_type=Open payload_bytes=158
2026-09-26T01:48:55.970792Z DEBUG netbaiot_transports::business_rpc::v3: business RPC V3 received frame stream_id=0 frame_type=WindowUpdate payload_bytes=4
2026-09-26T01:48:55.976787Z DEBUG netbaiot_transports::business_rpc::v3: business RPC V3 selected frame stream_id=0 frame_type=WindowUpdate payload_bytes=4
2026-09-26T01:48:55.982837Z DEBUG netbaiot_transports::business_rpc::v3: business RPC V3 received frame stream_id=346 frame_type=Response payload_bytes=35
2026-09-26T01:48:55.986834Z DEBUG netbaiot_transports::business_rpc::v3: business RPC V3 writer completed frame stream_id=0 frame_type=WindowUpdate payload_bytes=4
2026-09-26T01:48:55.992798Z DEBUG netbaiot_transports::business_rpc::v3: business RPC V3 received frame stream_id=346 frame_type=Data payload_bytes=216
2026-09-26T01:48:55.996714Z DEBUG netbaiot_transports::business_rpc::v3: business RPC V3 body entered scheduler stream_id=350 class=Rpc body_bytes=198
2026-09-26T01:48:56.001034Z DEBUG netbaiot_transports::business_rpc::v3: business RPC V3 received frame stream_id=0 frame_type=WindowUpdate payload_bytes=4
2026-09-26T01:48:56.003840Z DEBUG netbaiot_transports::business_rpc::v3: business RPC V3 selected frame stream_id=350 frame_type=Open payload_bytes=158
2026-09-26T01:48:56.013743Z DEBUG netbaiot_transports::business_rpc::v3: business RPC V3 received frame stream_id=328 frame_type=Response payload_bytes=35
2026-09-26T01:48:56.022814Z DEBUG netbaiot_transports::business_rpc::v3: business RPC V3 writer completed frame stream_id=350 frame_type=Open payload_bytes=158
2026-09-26T01:48:56.032764Z DEBUG netbaiot_transports::business_rpc::v3: business RPC V3 body entered scheduler stream_id=352 class=Rpc body_bytes=198
2026-09-26T01:48:56.036745Z DEBUG netbaiot_transports::business_rpc::v3: business RPC V3 selected frame stream_id=0 frame_type=WindowUpdate payload_bytes=4
2026-09-26T01:48:56.036873Z DEBUG netbaiot_transports::business_rpc::v3: business RPC V3 writer completed frame stream_id=0 frame_type=WindowUpdate payload_bytes=4
2026-09-26T01:48:56.036902Z DEBUG netbaiot_transports::business_rpc::v3: business RPC V3 selected frame stream_id=348 frame_type=Data payload_bytes=198
2026-09-26T01:48:56.026735Z DEBUG netbaiot_transports::business_rpc::v3: business RPC V3 received frame stream_id=328 frame_type=Data payload_bytes=118
2026-09-26T01:48:56.040895Z DEBUG netbaiot_transports::business_rpc::v3: business RPC V3 writer completed frame stream_id=348 frame_type=Data payload_bytes=198
2026-09-26T01:48:56.046493Z DEBUG netbaiot_transports::business_rpc::v3: business RPC V3 selected frame stream_id=352 frame_type=Open payload_bytes=158
2026-09-26T01:48:56.045050Z DEBUG netbaiot_transports::business_rpc::v3: business RPC V3 Event delivery acknowledged stream_id=328 completion_us=522077
2026-09-26T01:48:56.056976Z DEBUG netbaiot_transports::business_rpc::v3: business RPC V3 received frame stream_id=0 frame_type=WindowUpdate payload_bytes=4
2026-09-26T01:48:56.052808Z DEBUG netbaiot_transports::business_rpc::v3: business RPC V3 writer completed frame stream_id=352 frame_type=Open payload_bytes=158
2026-09-26T01:48:56.066921Z DEBUG netbaiot_transports::business_rpc::v3: business RPC V3 body entered scheduler stream_id=354 class=Rpc body_bytes=198
2026-09-26T01:48:56.062836Z DEBUG netbaiot_transports::business_rpc::v3: business RPC V3 received frame stream_id=348 frame_type=Response payload_bytes=35
2026-09-26T01:48:56.072926Z DEBUG netbaiot_transports::business_rpc::v3: business RPC V3 selected frame stream_id=0 frame_type=WindowUpdate payload_bytes=4
2026-09-26T01:48:56.079689Z DEBUG netbaiot_transports::business_rpc::v3: business RPC V3 received frame stream_id=348 frame_type=Data payload_bytes=216
2026-09-26T01:48:56.083000Z DEBUG netbaiot_transports::business_rpc::v3: business RPC V3 writer completed frame stream_id=0 frame_type=WindowUpdate payload_bytes=4
2026-09-26T01:48:56.083028Z DEBUG netbaiot_transports::business_rpc::v3: business RPC V3 selected frame stream_id=354 frame_type=Open payload_bytes=158
2026-09-26T01:48:56.083043Z DEBUG netbaiot_transports::business_rpc::v3: business RPC V3 writer completed frame stream_id=354 frame_type=Open payload_bytes=158
2026-09-26T01:48:56.083054Z DEBUG netbaiot_transports::business_rpc::v3: business RPC V3 selected frame stream_id=350 frame_type=Data payload_bytes=198
2026-09-26T01:48:56.083074Z DEBUG netbaiot_transports::business_rpc::v3: business RPC V3 writer completed frame stream_id=350 frame_type=Data payload_bytes=198
2026-09-26T01:48:56.083085Z DEBUG netbaiot_transports::business_rpc::v3: business RPC V3 selected frame stream_id=352 frame_type=Data payload_bytes=198
2026-09-26T01:48:56.083096Z DEBUG netbaiot_transports::business_rpc::v3: business RPC V3 writer completed frame stream_id=352 frame_type=Data payload_bytes=198
2026-09-26T01:48:56.083106Z DEBUG netbaiot_transports::business_rpc::v3: business RPC V3 selected frame stream_id=354 frame_type=Data payload_bytes=198
2026-09-26T01:48:56.083115Z DEBUG netbaiot_transports::business_rpc::v3: business RPC V3 writer completed frame stream_id=354 frame_type=Data payload_bytes=198
2026-09-26T01:48:56.083124Z DEBUG netbaiot_transports::business_rpc::v3: business RPC V3 selected frame stream_id=0 frame_type=WindowUpdate payload_bytes=4
2026-09-26T01:48:56.083446Z DEBUG netbaiot_transports::business_rpc::v3: business RPC V3 received frame stream_id=0 frame_type=WindowUpdate payload_bytes=4
2026-09-26T01:48:56.085961Z DEBUG netbaiot_transports::business_rpc::v3: business RPC V3 writer completed frame stream_id=0 frame_type=WindowUpdate payload_bytes=4
2026-09-26T01:48:56.089723Z DEBUG netbaiot_transports::business_rpc::v3: business RPC V3 received frame stream_id=0 frame_type=WindowUpdate payload_bytes=4
2026-09-26T01:48:56.089748Z DEBUG netbaiot_transports::business_rpc::v3: business RPC V3 body entered scheduler stream_id=356 class=Rpc body_bytes=198
2026-09-26T01:48:56.089793Z DEBUG netbaiot_transports::business_rpc::v3: business RPC V3 received frame stream_id=0 frame_type=WindowUpdate payload_bytes=4
2026-09-26T01:48:56.089816Z DEBUG netbaiot_transports::business_rpc::v3: business RPC V3 selected frame stream_id=356 frame_type=Open payload_bytes=158
2026-09-26T01:48:56.089840Z DEBUG netbaiot_transports::business_rpc::v3: business RPC V3 received frame stream_id=354 frame_type=Response payload_bytes=35
2026-09-26T01:48:56.095723Z DEBUG netbaiot_transports::business_rpc::v3: business RPC V3 received frame stream_id=354 frame_type=Data payload_bytes=216
2026-09-26T01:48:56.089912Z DEBUG netbaiot_transports::business_rpc::v3: business RPC V3 writer completed frame stream_id=356 frame_type=Open payload_bytes=158
2026-09-26T01:48:56.103757Z DEBUG netbaiot_transports::business_rpc::v3: business RPC V3 selected frame stream_id=0 frame_type=WindowUpdate payload_bytes=4
2026-09-26T01:48:56.099686Z DEBUG netbaiot_transports::business_rpc::v3: business RPC V3 received frame stream_id=350 frame_type=Response payload_bytes=35
2026-09-26T01:48:56.108094Z DEBUG netbaiot_transports::business_rpc::v3: business RPC V3 received frame stream_id=352 frame_type=Response payload_bytes=35
2026-09-26T01:48:56.110630Z DEBUG netbaiot_transports::business_rpc::v3: business RPC V3 received frame stream_id=350 frame_type=Data payload_bytes=216
2026-09-26T01:48:56.108103Z DEBUG netbaiot_transports::business_rpc::v3: business RPC V3 writer completed frame stream_id=0 frame_type=WindowUpdate payload_bytes=4
2026-09-26T01:48:56.116757Z DEBUG netbaiot_transports::business_rpc::v3: business RPC V3 selected frame stream_id=0 frame_type=WindowUpdate payload_bytes=4
2026-09-26T01:48:56.113647Z DEBUG netbaiot_transports::business_rpc::v3: business RPC V3 received frame stream_id=352 frame_type=Data payload_bytes=216
2026-09-26T01:48:56.120607Z DEBUG netbaiot_transports::business_rpc::v3: business RPC V3 writer completed frame stream_id=0 frame_type=WindowUpdate payload_bytes=4
2026-09-26T01:48:56.128719Z DEBUG netbaiot_transports::business_rpc::v3: business RPC V3 body entered scheduler stream_id=358 class=Rpc body_bytes=198
2026-09-26T01:48:56.133770Z DEBUG netbaiot_transports::business_rpc::v3: business RPC V3 body entered scheduler stream_id=360 class=Rpc body_bytes=198
2026-09-26T01:48:56.133835Z DEBUG netbaiot_transports::business_rpc::v3: business RPC V3 body entered scheduler stream_id=362 class=Rpc body_bytes=198
2026-09-26T01:48:56.136674Z DEBUG netbaiot_transports::business_rpc::v3: business RPC V3 selected frame stream_id=356 frame_type=Data payload_bytes=198
2026-09-26T01:48:56.142875Z DEBUG netbaiot_transports::business_rpc::v3: business RPC V3 writer completed frame stream_id=356 frame_type=Data payload_bytes=198
2026-09-26T01:48:56.146710Z DEBUG netbaiot_transports::business_rpc::v3: business RPC V3 selected frame stream_id=0 frame_type=WindowUpdate payload_bytes=4
2026-09-26T01:48:56.153801Z DEBUG netbaiot_transports::business_rpc::v3: business RPC V3 writer completed frame stream_id=0 frame_type=WindowUpdate payload_bytes=4
2026-09-26T01:48:56.158845Z DEBUG netbaiot_transports::business_rpc::v3: business RPC V3 selected frame stream_id=358 frame_type=Open payload_bytes=158
2026-09-26T01:48:56.164882Z DEBUG netbaiot_transports::business_rpc::v3: business RPC V3 writer completed frame stream_id=358 frame_type=Open payload_bytes=158
2026-09-26T01:48:56.168829Z DEBUG netbaiot_transports::business_rpc::v3: business RPC V3 selected frame stream_id=360 frame_type=Open payload_bytes=158
2026-09-26T01:48:56.168885Z DEBUG netbaiot_transports::business_rpc::v3: business RPC V3 writer completed frame stream_id=360 frame_type=Open payload_bytes=158
2026-09-26T01:48:56.168901Z DEBUG netbaiot_transports::business_rpc::v3: business RPC V3 selected frame stream_id=362 frame_type=Open payload_bytes=158
2026-09-26T01:48:56.173010Z DEBUG netbaiot_transports::business_rpc::v3: business RPC V3 writer completed frame stream_id=362 frame_type=Open payload_bytes=158
2026-09-26T01:48:56.179058Z DEBUG netbaiot_transports::business_rpc::v3: business RPC V3 selected frame stream_id=358 frame_type=Data payload_bytes=198
2026-09-26T01:48:56.181840Z DEBUG netbaiot_transports::business_rpc::v3: business RPC V3 writer completed frame stream_id=358 frame_type=Data payload_bytes=198
2026-09-26T01:48:56.187727Z DEBUG netbaiot_transports::business_rpc::v3: business RPC V3 selected frame stream_id=360 frame_type=Data payload_bytes=198
2026-09-26T01:48:56.190804Z DEBUG netbaiot_transports::business_rpc::v3: business RPC V3 writer completed frame stream_id=360 frame_type=Data payload_bytes=198
2026-09-26T01:48:56.194995Z DEBUG netbaiot_transports::business_rpc::v3: business RPC V3 selected frame stream_id=362 frame_type=Data payload_bytes=198
2026-09-26T01:48:56.195055Z DEBUG netbaiot_transports::business_rpc::v3: business RPC V3 writer completed frame stream_id=362 frame_type=Data payload_bytes=198
2026-09-26T01:48:56.201162Z DEBUG netbaiot_transports::business_rpc::v3: business RPC V3 received frame stream_id=0 frame_type=WindowUpdate payload_bytes=4
2026-09-26T01:48:56.205014Z DEBUG netbaiot_transports::business_rpc::v3: business RPC V3 received frame stream_id=356 frame_type=Response payload_bytes=35
2026-09-26T01:48:56.207837Z DEBUG netbaiot_transports::business_rpc::v3: business RPC V3 received frame stream_id=356 frame_type=Data payload_bytes=216
2026-09-26T01:48:56.211863Z DEBUG netbaiot_transports::business_rpc::v3: business RPC V3 received frame stream_id=0 frame_type=WindowUpdate payload_bytes=4
2026-09-26T01:48:56.211889Z DEBUG netbaiot_transports::business_rpc::v3: business RPC V3 selected frame stream_id=0 frame_type=WindowUpdate payload_bytes=4
2026-09-26T01:48:56.215983Z DEBUG netbaiot_transports::business_rpc::v3: business RPC V3 received frame stream_id=358 frame_type=Response payload_bytes=35
2026-09-26T01:48:56.219795Z DEBUG netbaiot_transports::business_rpc::v3: business RPC V3 received frame stream_id=358 frame_type=Data payload_bytes=216
2026-09-26T01:48:56.219867Z DEBUG netbaiot_transports::business_rpc::v3: business RPC V3 received frame stream_id=0 frame_type=WindowUpdate payload_bytes=4
2026-09-26T01:48:56.219940Z DEBUG netbaiot_transports::business_rpc::v3: business RPC V3 writer completed frame stream_id=0 frame_type=WindowUpdate payload_bytes=4
2026-09-26T01:48:56.225809Z DEBUG netbaiot_transports::business_rpc::v3: business RPC V3 body entered scheduler stream_id=364 class=Rpc body_bytes=198
2026-09-26T01:48:56.225840Z DEBUG netbaiot_transports::business_rpc::v3: business RPC V3 selected frame stream_id=0 frame_type=WindowUpdate payload_bytes=4
2026-09-26T01:48:56.222882Z DEBUG netbaiot_transports::business_rpc::v3: business RPC V3 received frame stream_id=360 frame_type=Response payload_bytes=35
2026-09-26T01:48:56.233062Z DEBUG netbaiot_transports::business_rpc::v3: business RPC V3 received frame stream_id=360 frame_type=Data payload_bytes=216
2026-09-26T01:48:56.228902Z DEBUG netbaiot_transports::business_rpc::v3: business RPC V3 writer completed frame stream_id=0 frame_type=WindowUpdate payload_bytes=4
2026-09-26T01:48:56.239016Z DEBUG netbaiot_transports::business_rpc::v3: business RPC V3 received frame stream_id=0 frame_type=WindowUpdate payload_bytes=4
2026-09-26T01:48:56.246297Z DEBUG netbaiot_transports::business_rpc::v3: business RPC V3 received frame stream_id=362 frame_type=Response payload_bytes=35
2026-09-26T01:48:56.241943Z DEBUG netbaiot_transports::business_rpc::v3: business RPC V3 selected frame stream_id=364 frame_type=Open payload_bytes=158
2026-09-26T01:48:56.260555Z DEBUG netbaiot_transports::business_rpc::v3: business RPC V3 writer completed frame stream_id=364 frame_type=Open payload_bytes=158
2026-09-26T01:48:56.260688Z DEBUG netbaiot_transports::business_rpc::v3: business RPC V3 body entered scheduler stream_id=366 class=Rpc body_bytes=198
2026-09-26T01:48:56.260709Z DEBUG netbaiot_transports::business_rpc::v3: business RPC V3 selected frame stream_id=0 frame_type=WindowUpdate payload_bytes=4
2026-09-26T01:48:56.261086Z DEBUG netbaiot_transports::business_rpc::v3: business RPC V3 writer completed frame stream_id=0 frame_type=WindowUpdate payload_bytes=4
2026-09-26T01:48:56.260749Z DEBUG netbaiot_transports::business_rpc::v3: business RPC V3 received frame stream_id=362 frame_type=Data payload_bytes=216
2026-09-26T01:48:56.265918Z DEBUG netbaiot_transports::business_rpc::v3: business RPC V3 selected frame stream_id=364 frame_type=Data payload_bytes=198
2026-09-26T01:48:56.275387Z DEBUG netbaiot_transports::business_rpc::v3: business RPC V3 writer completed frame stream_id=364 frame_type=Data payload_bytes=198
2026-09-26T01:48:56.275657Z DEBUG netbaiot_transports::business_rpc::v3: business RPC V3 received frame stream_id=0 frame_type=WindowUpdate payload_bytes=4
2026-09-26T01:48:56.282888Z DEBUG netbaiot_transports::business_rpc::v3: business RPC V3 received frame stream_id=364 frame_type=Response payload_bytes=35
2026-09-26T01:48:56.276989Z DEBUG netbaiot_transports::business_rpc::v3: business RPC V3 body entered scheduler stream_id=368 class=Rpc body_bytes=198
2026-09-26T01:48:56.289733Z DEBUG netbaiot_transports::business_rpc::v3: business RPC V3 body entered scheduler stream_id=370 class=Rpc body_bytes=198
2026-09-26T01:48:56.286062Z DEBUG netbaiot_transports::business_rpc::v3: business RPC V3 received frame stream_id=364 frame_type=Data payload_bytes=216
2026-09-26T01:48:56.292715Z DEBUG netbaiot_transports::business_rpc::v3: business RPC V3 selected frame stream_id=366 frame_type=Open payload_bytes=158
2026-09-26T01:48:56.300313Z DEBUG netbaiot_transports::business_rpc::v3: business RPC V3 writer completed frame stream_id=366 frame_type=Open payload_bytes=158
2026-09-26T01:48:56.305867Z DEBUG netbaiot_transports::business_rpc::v3: business RPC V3 body entered scheduler stream_id=372 class=Rpc body_bytes=198
2026-09-26T01:48:56.308664Z DEBUG netbaiot_transports::business_rpc::v3: business RPC V3 selected frame stream_id=0 frame_type=WindowUpdate payload_bytes=4
2026-09-26T01:48:56.310542Z DEBUG netbaiot_transports::business_rpc::v3: business RPC V3 writer completed frame stream_id=0 frame_type=WindowUpdate payload_bytes=4
2026-09-26T01:48:56.314945Z DEBUG netbaiot_transports::business_rpc::v3: business RPC V3 selected frame stream_id=368 frame_type=Open payload_bytes=158
2026-09-26T01:48:56.318891Z DEBUG netbaiot_transports::business_rpc::v3: business RPC V3 writer completed frame stream_id=368 frame_type=Open payload_bytes=158
2026-09-26T01:48:56.318916Z DEBUG netbaiot_transports::business_rpc::v3: business RPC V3 selected frame stream_id=370 frame_type=Open payload_bytes=158
2026-09-26T01:48:56.318932Z DEBUG netbaiot_transports::business_rpc::v3: business RPC V3 writer completed frame stream_id=370 frame_type=Open payload_bytes=158
2026-09-26T01:48:56.318947Z DEBUG netbaiot_transports::business_rpc::v3: business RPC V3 selected frame stream_id=366 frame_type=Data payload_bytes=198
2026-09-26T01:48:56.324900Z DEBUG netbaiot_transports::business_rpc::v3: business RPC V3 writer completed frame stream_id=366 frame_type=Data payload_bytes=198
2026-09-26T01:48:56.328737Z DEBUG netbaiot_transports::business_rpc::v3: business RPC V3 selected frame stream_id=0 frame_type=WindowUpdate payload_bytes=4
2026-09-26T01:48:56.328782Z DEBUG netbaiot_transports::business_rpc::v3: business RPC V3 writer completed frame stream_id=0 frame_type=WindowUpdate payload_bytes=4
2026-09-26T01:48:56.328862Z DEBUG netbaiot_transports::business_rpc::v3: business RPC V3 selected frame stream_id=372 frame_type=Open payload_bytes=158
2026-09-26T01:48:56.328880Z DEBUG netbaiot_transports::business_rpc::v3: business RPC V3 writer completed frame stream_id=372 frame_type=Open payload_bytes=158
2026-09-26T01:48:56.328904Z DEBUG netbaiot_transports::business_rpc::v3: business RPC V3 selected frame stream_id=368 frame_type=Data payload_bytes=198
2026-09-26T01:48:56.328919Z DEBUG netbaiot_transports::business_rpc::v3: business RPC V3 writer completed frame stream_id=368 frame_type=Data payload_bytes=198
2026-09-26T01:48:56.328930Z DEBUG netbaiot_transports::business_rpc::v3: business RPC V3 selected frame stream_id=370 frame_type=Data payload_bytes=198
2026-09-26T01:48:56.328952Z DEBUG netbaiot_transports::business_rpc::v3: business RPC V3 writer completed frame stream_id=370 frame_type=Data payload_bytes=198
2026-09-26T01:48:56.328961Z DEBUG netbaiot_transports::business_rpc::v3: business RPC V3 selected frame stream_id=372 frame_type=Data payload_bytes=198
2026-09-26T01:48:56.328976Z DEBUG netbaiot_transports::business_rpc::v3: business RPC V3 writer completed frame stream_id=372 frame_type=Data payload_bytes=198
2026-09-26T01:48:56.334725Z DEBUG netbaiot_transports::business_rpc::v3: business RPC V3 received frame stream_id=0 frame_type=WindowUpdate payload_bytes=4
2026-09-26T01:48:56.338924Z DEBUG netbaiot_transports::business_rpc::v3: business RPC V3 received frame stream_id=366 frame_type=Response payload_bytes=35
2026-09-26T01:48:56.342662Z DEBUG netbaiot_transports::business_rpc::v3: business RPC V3 received frame stream_id=366 frame_type=Data payload_bytes=216
2026-09-26T01:48:56.342714Z DEBUG netbaiot_transports::business_rpc::v3: business RPC V3 received frame stream_id=0 frame_type=WindowUpdate payload_bytes=4
2026-09-26T01:48:56.342820Z DEBUG netbaiot_transports::business_rpc::v3: business RPC V3 received frame stream_id=0 frame_type=WindowUpdate payload_bytes=4
2026-09-26T01:48:56.342754Z DEBUG netbaiot_transports::business_rpc::v3: business RPC V3 selected frame stream_id=0 frame_type=WindowUpdate payload_bytes=4
2026-09-26T01:48:56.352716Z DEBUG netbaiot_transports::business_rpc::v3: business RPC V3 writer completed frame stream_id=0 frame_type=WindowUpdate payload_bytes=4
2026-09-26T01:48:56.348681Z DEBUG netbaiot_transports::business_rpc::v3: business RPC V3 received frame stream_id=370 frame_type=Response payload_bytes=35
2026-09-26T01:48:56.359674Z DEBUG netbaiot_transports::business_rpc::v3: business RPC V3 received frame stream_id=370 frame_type=Data payload_bytes=216
2026-09-26T01:48:56.359719Z DEBUG netbaiot_transports::business_rpc::v3: business RPC V3 received frame stream_id=0 frame_type=WindowUpdate payload_bytes=4
2026-09-26T01:48:56.359740Z DEBUG netbaiot_transports::business_rpc::v3: business RPC V3 received frame stream_id=368 frame_type=Response payload_bytes=35
2026-09-26T01:48:56.359758Z DEBUG netbaiot_transports::business_rpc::v3: business RPC V3 received frame stream_id=372 frame_type=Response payload_bytes=35
2026-09-26T01:48:56.359773Z DEBUG netbaiot_transports::business_rpc::v3: business RPC V3 received frame stream_id=368 frame_type=Data payload_bytes=216
2026-09-26T01:48:56.359734Z DEBUG netbaiot_transports::business_rpc::v3: business RPC V3 selected frame stream_id=0 frame_type=WindowUpdate payload_bytes=4
2026-09-26T01:48:56.365872Z DEBUG netbaiot_transports::business_rpc::v3: business RPC V3 received frame stream_id=372 frame_type=Data payload_bytes=216
2026-09-26T01:48:56.369719Z DEBUG netbaiot_transports::business_rpc::v3: business RPC V3 writer completed frame stream_id=0 frame_type=WindowUpdate payload_bytes=4
2026-09-26T01:48:56.377020Z DEBUG netbaiot_transports::business_rpc::v3: business RPC V3 body entered scheduler stream_id=374 class=Rpc body_bytes=198
2026-09-26T01:48:56.379710Z DEBUG netbaiot_transports::business_rpc::v3: business RPC V3 body entered scheduler stream_id=376 class=Rpc body_bytes=198
2026-09-26T01:48:56.388800Z DEBUG netbaiot_transports::business_rpc::v3: business RPC V3 body entered scheduler stream_id=378 class=Rpc body_bytes=198
2026-09-26T01:48:56.399627Z DEBUG netbaiot_transports::business_rpc::v3: business RPC V3 body entered scheduler stream_id=380 class=Rpc body_bytes=198
2026-09-26T01:48:56.402892Z DEBUG netbaiot_transports::business_rpc::v3: business RPC V3 selected frame stream_id=0 frame_type=WindowUpdate payload_bytes=4
2026-09-26T01:48:56.405807Z DEBUG netbaiot_transports::business_rpc::v3: business RPC V3 writer completed frame stream_id=0 frame_type=WindowUpdate payload_bytes=4
2026-09-26T01:48:56.408784Z DEBUG netbaiot_transports::business_rpc::v3: business RPC V3 selected frame stream_id=374 frame_type=Open payload_bytes=158
2026-09-26T01:48:56.412705Z DEBUG netbaiot_transports::business_rpc::v3: business RPC V3 writer completed frame stream_id=374 frame_type=Open payload_bytes=158
2026-09-26T01:48:56.415962Z DEBUG netbaiot_transports::business_rpc::v3: business RPC V3 selected frame stream_id=374 frame_type=Data payload_bytes=198
2026-09-26T01:48:56.416235Z DEBUG netbaiot_transports::business_rpc::v3: business RPC V3 writer completed frame stream_id=374 frame_type=Data payload_bytes=198
2026-09-26T01:48:56.421665Z DEBUG netbaiot_transports::business_rpc::v3: business RPC V3 selected frame stream_id=0 frame_type=WindowUpdate payload_bytes=4
2026-09-26T01:48:56.425673Z DEBUG netbaiot_transports::business_rpc::v3: business RPC V3 writer completed frame stream_id=0 frame_type=WindowUpdate payload_bytes=4
2026-09-26T01:48:56.429010Z DEBUG netbaiot_transports::business_rpc::v3: business RPC V3 selected frame stream_id=376 frame_type=Open payload_bytes=158
2026-09-26T01:48:56.432925Z DEBUG netbaiot_transports::business_rpc::v3: business RPC V3 writer completed frame stream_id=376 frame_type=Open payload_bytes=158
2026-09-26T01:48:56.440536Z DEBUG netbaiot_transports::business_rpc::v3: business RPC V3 selected frame stream_id=378 frame_type=Open payload_bytes=158
2026-09-26T01:48:56.443823Z DEBUG netbaiot_transports::business_rpc::v3: business RPC V3 writer completed frame stream_id=378 frame_type=Open payload_bytes=158
2026-09-26T01:48:56.447770Z DEBUG netbaiot_transports::business_rpc::v3: business RPC V3 selected frame stream_id=380 frame_type=Open payload_bytes=158
2026-09-26T01:48:56.453731Z DEBUG netbaiot_transports::business_rpc::v3: business RPC V3 writer completed frame stream_id=380 frame_type=Open payload_bytes=158
2026-09-26T01:48:56.457921Z DEBUG netbaiot_transports::business_rpc::v3: business RPC V3 selected frame stream_id=376 frame_type=Data payload_bytes=198
2026-09-26T01:48:56.463729Z DEBUG netbaiot_transports::business_rpc::v3: business RPC V3 writer completed frame stream_id=376 frame_type=Data payload_bytes=198
2026-09-26T01:48:56.473786Z DEBUG netbaiot_transports::business_rpc::v3: business RPC V3 selected frame stream_id=378 frame_type=Data payload_bytes=198
2026-09-26T01:48:56.477736Z DEBUG netbaiot_transports::business_rpc::v3: business RPC V3 writer completed frame stream_id=378 frame_type=Data payload_bytes=198
2026-09-26T01:48:56.483932Z DEBUG netbaiot_transports::business_rpc::v3: business RPC V3 selected frame stream_id=380 frame_type=Data payload_bytes=198
2026-09-26T01:48:56.487763Z DEBUG netbaiot_transports::business_rpc::v3: business RPC V3 writer completed frame stream_id=380 frame_type=Data payload_bytes=198
2026-09-26T01:48:56.490910Z DEBUG netbaiot_transports::business_rpc::v3: business RPC V3 received frame stream_id=0 frame_type=WindowUpdate payload_bytes=4
2026-09-26T01:48:56.494606Z DEBUG netbaiot_transports::business_rpc::v3: business RPC V3 received frame stream_id=374 frame_type=Response payload_bytes=35
2026-09-26T01:48:56.500990Z DEBUG netbaiot_transports::business_rpc::v3: business RPC V3 received frame stream_id=374 frame_type=Data payload_bytes=216
2026-09-26T01:48:56.504806Z DEBUG netbaiot_transports::business_rpc::v3: business RPC V3 received frame stream_id=0 frame_type=WindowUpdate payload_bytes=4
2026-09-26T01:48:56.504838Z DEBUG netbaiot_transports::business_rpc::v3: business RPC V3 body entered scheduler stream_id=382 class=Event body_bytes=17365
2026-09-26T01:48:56.510956Z DEBUG netbaiot_transports::business_rpc::v3: business RPC V3 received frame stream_id=376 frame_type=Response payload_bytes=35
2026-09-26T01:48:56.523115Z DEBUG netbaiot_transports::business_rpc::v3: business RPC V3 received frame stream_id=376 frame_type=Data payload_bytes=216
2026-09-26T01:48:56.518785Z DEBUG netbaiot_transports::business_rpc::v3: business RPC V3 selected frame stream_id=382 frame_type=Open payload_bytes=184
2026-09-26T01:48:56.529045Z DEBUG netbaiot_transports::business_rpc::v3: business RPC V3 received frame stream_id=0 frame_type=WindowUpdate payload_bytes=4
2026-09-26T01:48:56.537097Z DEBUG netbaiot_transports::business_rpc::v3: business RPC V3 received frame stream_id=378 frame_type=Response payload_bytes=35
2026-09-26T01:48:56.532852Z DEBUG netbaiot_transports::business_rpc::v3: business RPC V3 writer completed frame stream_id=382 frame_type=Open payload_bytes=184
2026-09-26T01:48:56.546735Z DEBUG netbaiot_transports::business_rpc::v3: business RPC V3 body entered scheduler stream_id=384 class=Rpc body_bytes=198
2026-09-26T01:48:56.546762Z DEBUG netbaiot_transports::business_rpc::v3: business RPC V3 selected frame stream_id=0 frame_type=WindowUpdate payload_bytes=4
2026-09-26T01:48:56.542964Z DEBUG netbaiot_transports::business_rpc::v3: business RPC V3 received frame stream_id=378 frame_type=Data payload_bytes=216
2026-09-26T01:48:56.546875Z DEBUG netbaiot_transports::business_rpc::v3: business RPC V3 writer completed frame stream_id=0 frame_type=WindowUpdate payload_bytes=4
2026-09-26T01:48:56.546890Z DEBUG netbaiot_transports::business_rpc::v3: business RPC V3 received frame stream_id=0 frame_type=WindowUpdate payload_bytes=4
2026-09-26T01:48:56.554889Z DEBUG netbaiot_transports::business_rpc::v3: business RPC V3 received frame stream_id=380 frame_type=Response payload_bytes=35
2026-09-26T01:48:56.550036Z DEBUG netbaiot_transports::business_rpc::v3: business RPC V3 selected frame stream_id=0 frame_type=WindowUpdate payload_bytes=4
2026-09-26T01:48:56.560740Z DEBUG netbaiot_transports::business_rpc::v3: business RPC V3 received frame stream_id=380 frame_type=Data payload_bytes=216
2026-09-26T01:48:56.564809Z DEBUG netbaiot_transports::business_rpc::v3: business RPC V3 writer completed frame stream_id=0 frame_type=WindowUpdate payload_bytes=4
2026-09-26T01:48:56.574849Z DEBUG netbaiot_transports::business_rpc::v3: business RPC V3 body entered scheduler stream_id=386 class=Rpc body_bytes=198
2026-09-26T01:48:56.578782Z DEBUG netbaiot_transports::business_rpc::v3: business RPC V3 body entered scheduler stream_id=388 class=Rpc body_bytes=198
2026-09-26T01:48:56.578925Z DEBUG netbaiot_transports::business_rpc::v3: business RPC V3 body entered scheduler stream_id=390 class=Rpc body_bytes=198
2026-09-26T01:48:56.578980Z DEBUG netbaiot_transports::business_rpc::v3: business RPC V3 selected frame stream_id=384 frame_type=Open payload_bytes=158
2026-09-26T01:48:56.579039Z DEBUG netbaiot_transports::business_rpc::v3: business RPC V3 writer completed frame stream_id=384 frame_type=Open payload_bytes=158
2026-09-26T01:48:56.581836Z DEBUG netbaiot_transports::business_rpc::v3: business RPC V3 selected frame stream_id=384 frame_type=Data payload_bytes=198
2026-09-26T01:48:56.584617Z DEBUG netbaiot_transports::business_rpc::v3: business RPC V3 writer completed frame stream_id=384 frame_type=Data payload_bytes=198
2026-09-26T01:48:56.588745Z DEBUG netbaiot_transports::business_rpc::v3: business RPC V3 selected frame stream_id=0 frame_type=WindowUpdate payload_bytes=4
2026-09-26T01:48:56.588876Z DEBUG netbaiot_transports::business_rpc::v3: business RPC V3 writer completed frame stream_id=0 frame_type=WindowUpdate payload_bytes=4
2026-09-26T01:48:56.588895Z DEBUG netbaiot_transports::business_rpc::v3: business RPC V3 selected frame stream_id=386 frame_type=Open payload_bytes=158
2026-09-26T01:48:56.588914Z DEBUG netbaiot_transports::business_rpc::v3: business RPC V3 writer completed frame stream_id=386 frame_type=Open payload_bytes=158
2026-09-26T01:48:56.589027Z DEBUG netbaiot_transports::business_rpc::v3: business RPC V3 selected frame stream_id=0 frame_type=WindowUpdate payload_bytes=4
2026-09-26T01:48:56.589049Z DEBUG netbaiot_transports::business_rpc::v3: business RPC V3 writer completed frame stream_id=0 frame_type=WindowUpdate payload_bytes=4
2026-09-26T01:48:56.591819Z DEBUG netbaiot_transports::business_rpc::v3: business RPC V3 selected frame stream_id=388 frame_type=Open payload_bytes=158
2026-09-26T01:48:56.594712Z DEBUG netbaiot_transports::business_rpc::v3: business RPC V3 writer completed frame stream_id=388 frame_type=Open payload_bytes=158
2026-09-26T01:48:56.597734Z DEBUG netbaiot_transports::business_rpc::v3: business RPC V3 selected frame stream_id=386 frame_type=Data payload_bytes=198
2026-09-26T01:48:56.605672Z DEBUG netbaiot_transports::business_rpc::v3: business RPC V3 writer completed frame stream_id=386 frame_type=Data payload_bytes=198
2026-09-26T01:48:56.609621Z DEBUG netbaiot_transports::business_rpc::v3: business RPC V3 selected frame stream_id=390 frame_type=Open payload_bytes=158
2026-09-26T01:48:56.613663Z DEBUG netbaiot_transports::business_rpc::v3: business RPC V3 writer completed frame stream_id=390 frame_type=Open payload_bytes=158
2026-09-26T01:48:56.622671Z DEBUG netbaiot_transports::business_rpc::v3: business RPC V3 selected frame stream_id=388 frame_type=Data payload_bytes=198
2026-09-26T01:48:56.625718Z DEBUG netbaiot_transports::business_rpc::v3: business RPC V3 writer completed frame stream_id=388 frame_type=Data payload_bytes=198
2026-09-26T01:48:56.629596Z DEBUG netbaiot_transports::business_rpc::v3: business RPC V3 selected frame stream_id=382 frame_type=Data payload_bytes=8192
2026-09-26T01:48:56.633700Z DEBUG netbaiot_transports::business_rpc::v3: business RPC V3 writer completed frame stream_id=382 frame_type=Data payload_bytes=8192
2026-09-26T01:48:56.637697Z DEBUG netbaiot_transports::business_rpc::v3: business RPC V3 selected frame stream_id=390 frame_type=Data payload_bytes=198
2026-09-26T01:48:56.643637Z DEBUG netbaiot_transports::business_rpc::v3: business RPC V3 writer completed frame stream_id=390 frame_type=Data payload_bytes=198
2026-09-26T01:48:56.646789Z DEBUG netbaiot_transports::business_rpc::v3: business RPC V3 selected frame stream_id=382 frame_type=Data payload_bytes=8192
2026-09-26T01:48:56.652790Z DEBUG netbaiot_transports::business_rpc::v3: business RPC V3 writer completed frame stream_id=382 frame_type=Data payload_bytes=8192
2026-09-26T01:48:56.661026Z DEBUG netbaiot_transports::business_rpc::v3: business RPC V3 received frame stream_id=0 frame_type=WindowUpdate payload_bytes=4
2026-09-26T01:48:56.663900Z DEBUG netbaiot_transports::business_rpc::v3: business RPC V3 received frame stream_id=384 frame_type=Response payload_bytes=35
2026-09-26T01:48:56.667686Z DEBUG netbaiot_transports::business_rpc::v3: business RPC V3 received frame stream_id=384 frame_type=Data payload_bytes=216
2026-09-26T01:48:56.671009Z DEBUG netbaiot_transports::business_rpc::v3: business RPC V3 received frame stream_id=0 frame_type=WindowUpdate payload_bytes=4
2026-09-26T01:48:56.671031Z DEBUG netbaiot_transports::business_rpc::v3: business RPC V3 selected frame stream_id=0 frame_type=WindowUpdate payload_bytes=4
2026-09-26T01:48:56.674723Z DEBUG netbaiot_transports::business_rpc::v3: business RPC V3 received frame stream_id=386 frame_type=Response payload_bytes=35
2026-09-26T01:48:56.682990Z DEBUG netbaiot_transports::business_rpc::v3: business RPC V3 received frame stream_id=386 frame_type=Data payload_bytes=216
2026-09-26T01:48:56.683057Z DEBUG netbaiot_transports::business_rpc::v3: business RPC V3 received frame stream_id=0 frame_type=WindowUpdate payload_bytes=4
2026-09-26T01:48:56.683073Z DEBUG netbaiot_transports::business_rpc::v3: business RPC V3 received frame stream_id=388 frame_type=Response payload_bytes=35
2026-09-26T01:48:56.683087Z DEBUG netbaiot_transports::business_rpc::v3: business RPC V3 received frame stream_id=388 frame_type=Data payload_bytes=216
2026-09-26T01:48:56.683152Z DEBUG netbaiot_transports::business_rpc::v3: business RPC V3 received frame stream_id=0 frame_type=WindowUpdate payload_bytes=4
2026-09-26T01:48:56.678767Z DEBUG netbaiot_transports::business_rpc::v3: business RPC V3 writer completed frame stream_id=0 frame_type=WindowUpdate payload_bytes=4
2026-09-26T01:48:56.692712Z DEBUG netbaiot_transports::business_rpc::v3: business RPC V3 received frame stream_id=382 frame_type=WindowUpdate payload_bytes=4
2026-09-26T01:48:56.700777Z DEBUG netbaiot_transports::business_rpc::v3: business RPC V3 received frame stream_id=0 frame_type=WindowUpdate payload_bytes=4
2026-09-26T01:48:56.704655Z DEBUG netbaiot_transports::business_rpc::v3: business RPC V3 received frame stream_id=390 frame_type=Response payload_bytes=35
2026-09-26T01:48:56.696825Z DEBUG netbaiot_transports::business_rpc::v3: business RPC V3 body entered scheduler stream_id=392 class=Rpc body_bytes=198
2026-09-26T01:48:56.714389Z DEBUG netbaiot_transports::business_rpc::v3: business RPC V3 body entered scheduler stream_id=394 class=Rpc body_bytes=198
2026-09-26T01:48:56.715922Z DEBUG netbaiot_transports::business_rpc::v3: business RPC V3 selected frame stream_id=0 frame_type=WindowUpdate payload_bytes=4
2026-09-26T01:48:56.710806Z DEBUG netbaiot_transports::business_rpc::v3: business RPC V3 received frame stream_id=390 frame_type=Data payload_bytes=216
2026-09-26T01:48:56.718657Z DEBUG netbaiot_transports::business_rpc::v3: business RPC V3 writer completed frame stream_id=0 frame_type=WindowUpdate payload_bytes=4
2026-09-26T01:48:56.722960Z DEBUG netbaiot_transports::business_rpc::v3: business RPC V3 received frame stream_id=0 frame_type=WindowUpdate payload_bytes=4
2026-09-26T01:48:56.731709Z DEBUG netbaiot_transports::business_rpc::v3: business RPC V3 selected frame stream_id=0 frame_type=WindowUpdate payload_bytes=4
2026-09-26T01:48:56.735755Z DEBUG netbaiot_transports::business_rpc::v3: business RPC V3 received frame stream_id=382 frame_type=WindowUpdate payload_bytes=4
2026-09-26T01:48:56.741958Z DEBUG netbaiot_transports::business_rpc::v3: business RPC V3 writer completed frame stream_id=0 frame_type=WindowUpdate payload_bytes=4
2026-09-26T01:48:56.751931Z DEBUG netbaiot_transports::business_rpc::v3: business RPC V3 body entered scheduler stream_id=396 class=Rpc body_bytes=198
2026-09-26T01:48:56.754969Z DEBUG netbaiot_transports::business_rpc::v3: business RPC V3 body entered scheduler stream_id=398 class=Rpc body_bytes=198
2026-09-26T01:48:56.760701Z DEBUG netbaiot_transports::business_rpc::v3: business RPC V3 selected frame stream_id=392 frame_type=Open payload_bytes=158
2026-09-26T01:48:56.766966Z DEBUG netbaiot_transports::business_rpc::v3: business RPC V3 writer completed frame stream_id=392 frame_type=Open payload_bytes=158
2026-09-26T01:48:56.769705Z DEBUG netbaiot_transports::business_rpc::v3: business RPC V3 selected frame stream_id=392 frame_type=Data payload_bytes=198
2026-09-26T01:48:56.773975Z DEBUG netbaiot_transports::business_rpc::v3: business RPC V3 writer completed frame stream_id=392 frame_type=Data payload_bytes=198
2026-09-26T01:48:56.778167Z DEBUG netbaiot_transports::business_rpc::v3: business RPC V3 selected frame stream_id=394 frame_type=Open payload_bytes=158
2026-09-26T01:48:56.780885Z DEBUG netbaiot_transports::business_rpc::v3: business RPC V3 writer completed frame stream_id=394 frame_type=Open payload_bytes=158
2026-09-26T01:48:56.790489Z DEBUG netbaiot_transports::business_rpc::v3: business RPC V3 selected frame stream_id=0 frame_type=WindowUpdate payload_bytes=4
2026-09-26T01:48:56.796330Z DEBUG netbaiot_transports::business_rpc::v3: business RPC V3 writer completed frame stream_id=0 frame_type=WindowUpdate payload_bytes=4
2026-09-26T01:48:56.800934Z DEBUG netbaiot_transports::business_rpc::v3: business RPC V3 selected frame stream_id=396 frame_type=Open payload_bytes=158
2026-09-26T01:48:56.805114Z DEBUG netbaiot_transports::business_rpc::v3: business RPC V3 writer completed frame stream_id=396 frame_type=Open payload_bytes=158
2026-09-26T01:48:56.810903Z DEBUG netbaiot_transports::business_rpc::v3: business RPC V3 selected frame stream_id=398 frame_type=Open payload_bytes=158
2026-09-26T01:48:56.819002Z DEBUG netbaiot_transports::business_rpc::v3: business RPC V3 writer completed frame stream_id=398 frame_type=Open payload_bytes=158
2026-09-26T01:48:56.824720Z DEBUG netbaiot_transports::business_rpc::v3: business RPC V3 selected frame stream_id=394 frame_type=Data payload_bytes=198
2026-09-26T01:48:56.829019Z DEBUG netbaiot_transports::business_rpc::v3: business RPC V3 writer completed frame stream_id=394 frame_type=Data payload_bytes=198
2026-09-26T01:48:56.831919Z DEBUG netbaiot_transports::business_rpc::v3: business RPC V3 selected frame stream_id=396 frame_type=Data payload_bytes=198
2026-09-26T01:48:56.832140Z DEBUG netbaiot_transports::business_rpc::v3: business RPC V3 writer completed frame stream_id=396 frame_type=Data payload_bytes=198
2026-09-26T01:48:56.834782Z DEBUG netbaiot_transports::business_rpc::v3: business RPC V3 selected frame stream_id=398 frame_type=Data payload_bytes=198
2026-09-26T01:48:56.841889Z DEBUG netbaiot_transports::business_rpc::v3: business RPC V3 writer completed frame stream_id=398 frame_type=Data payload_bytes=198
2026-09-26T01:48:56.845746Z DEBUG netbaiot_transports::business_rpc::v3: business RPC V3 selected frame stream_id=382 frame_type=Data payload_bytes=981
2026-09-26T01:48:56.849824Z DEBUG netbaiot_transports::business_rpc::v3: business RPC V3 writer completed frame stream_id=382 frame_type=Data payload_bytes=981
2026-09-26T01:48:56.856759Z DEBUG netbaiot_transports::business_rpc::v3: business RPC V3 received frame stream_id=0 frame_type=WindowUpdate payload_bytes=4
2026-09-26T01:48:56.859860Z DEBUG netbaiot_transports::business_rpc::v3: business RPC V3 received frame stream_id=392 frame_type=Response payload_bytes=35
2026-09-26T01:48:56.862787Z DEBUG netbaiot_transports::business_rpc::v3: business RPC V3 received frame stream_id=392 frame_type=Data payload_bytes=216
2026-09-26T01:48:56.866820Z DEBUG netbaiot_transports::business_rpc::v3: business RPC V3 received frame stream_id=0 frame_type=Ping payload_bytes=8
2026-09-26T01:48:56.870086Z DEBUG netbaiot_transports::business_rpc::v3: business RPC V3 received frame stream_id=0 frame_type=WindowUpdate payload_bytes=4
2026-09-26T01:48:56.866847Z DEBUG netbaiot_transports::business_rpc::v3: business RPC V3 selected frame stream_id=0 frame_type=WindowUpdate payload_bytes=4
2026-09-26T01:48:56.881987Z DEBUG netbaiot_transports::business_rpc::v3: business RPC V3 writer completed frame stream_id=0 frame_type=WindowUpdate payload_bytes=4
2026-09-26T01:48:56.884869Z DEBUG netbaiot_transports::business_rpc::v3: business RPC V3 selected frame stream_id=0 frame_type=Pong payload_bytes=8
2026-09-26T01:48:56.875809Z DEBUG netbaiot_transports::business_rpc::v3: business RPC V3 received frame stream_id=394 frame_type=Response payload_bytes=35
2026-09-26T01:48:56.891778Z DEBUG netbaiot_transports::business_rpc::v3: business RPC V3 received frame stream_id=394 frame_type=Data payload_bytes=216
2026-09-26T01:48:56.891842Z DEBUG netbaiot_transports::business_rpc::v3: business RPC V3 received frame stream_id=0 frame_type=WindowUpdate payload_bytes=4
2026-09-26T01:48:56.891855Z DEBUG netbaiot_transports::business_rpc::v3: business RPC V3 received frame stream_id=396 frame_type=Response payload_bytes=35
2026-09-26T01:48:56.893224Z DEBUG netbaiot_transports::business_rpc::v3: business RPC V3 received frame stream_id=396 frame_type=Data payload_bytes=216
2026-09-26T01:48:56.887855Z DEBUG netbaiot_transports::business_rpc::v3: business RPC V3 writer completed frame stream_id=0 frame_type=Pong payload_bytes=8
2026-09-26T01:48:56.897259Z DEBUG netbaiot_transports::business_rpc::v3: business RPC V3 received frame stream_id=0 frame_type=WindowUpdate payload_bytes=4
2026-09-26T01:48:56.902936Z DEBUG netbaiot_transports::business_rpc::v3: business RPC V3 body entered scheduler stream_id=400 class=Rpc body_bytes=198
2026-09-26T01:48:56.909817Z DEBUG netbaiot_transports::business_rpc::v3: business RPC V3 body entered scheduler stream_id=402 class=Rpc body_bytes=198
2026-09-26T01:48:56.906824Z DEBUG netbaiot_transports::business_rpc::v3: business RPC V3 received frame stream_id=398 frame_type=Response payload_bytes=35
2026-09-26T01:48:56.918732Z DEBUG netbaiot_transports::business_rpc::v3: business RPC V3 selected frame stream_id=0 frame_type=WindowUpdate payload_bytes=4
2026-09-26T01:48:56.926119Z DEBUG netbaiot_transports::business_rpc::v3: business RPC V3 received frame stream_id=398 frame_type=Data payload_bytes=216
2026-09-26T01:48:56.928965Z DEBUG netbaiot_transports::business_rpc::v3: business RPC V3 writer completed frame stream_id=0 frame_type=WindowUpdate payload_bytes=4
2026-09-26T01:48:56.935912Z DEBUG netbaiot_transports::business_rpc::v3: business RPC V3 selected frame stream_id=400 frame_type=Open payload_bytes=158
2026-09-26T01:48:56.932868Z DEBUG netbaiot_transports::business_rpc::v3: business RPC V3 received frame stream_id=0 frame_type=WindowUpdate payload_bytes=4
2026-09-26T01:48:56.945864Z DEBUG netbaiot_transports::business_rpc::v3: business RPC V3 writer completed frame stream_id=400 frame_type=Open payload_bytes=158
2026-09-26T01:48:56.955103Z DEBUG netbaiot_transports::business_rpc::v3: business RPC V3 body entered scheduler stream_id=404 class=Rpc body_bytes=198
2026-09-26T01:48:56.959118Z DEBUG netbaiot_transports::business_rpc::v3: business RPC V3 selected frame stream_id=400 frame_type=Data payload_bytes=198
2026-09-26T01:48:56.950074Z DEBUG netbaiot_transports::business_rpc::v3: business RPC V3 received frame stream_id=382 frame_type=Response payload_bytes=35
2026-09-26T01:48:56.965036Z DEBUG netbaiot_transports::business_rpc::v3: business RPC V3 writer completed frame stream_id=400 frame_type=Data payload_bytes=198
2026-09-26T01:48:56.971862Z DEBUG netbaiot_transports::business_rpc::v3: business RPC V3 selected frame stream_id=0 frame_type=WindowUpdate payload_bytes=4
2026-09-26T01:48:56.971928Z DEBUG netbaiot_transports::business_rpc::v3: business RPC V3 writer completed frame stream_id=0 frame_type=WindowUpdate payload_bytes=4
2026-09-26T01:48:56.967764Z DEBUG netbaiot_transports::business_rpc::v3: business RPC V3 received frame stream_id=382 frame_type=Data payload_bytes=118
2026-09-26T01:48:56.974424Z DEBUG netbaiot_transports::business_rpc::v3: business RPC V3 selected frame stream_id=402 frame_type=Open payload_bytes=158
2026-09-26T01:48:56.975039Z DEBUG netbaiot_transports::business_rpc::v3: business RPC V3 Event delivery acknowledged stream_id=382 completion_us=484138
2026-09-26T01:48:56.978993Z DEBUG netbaiot_transports::business_rpc::v3: business RPC V3 writer completed frame stream_id=402 frame_type=Open payload_bytes=158
2026-09-26T01:48:56.987841Z DEBUG netbaiot_transports::business_rpc::v3: business RPC V3 selected frame stream_id=0 frame_type=WindowUpdate payload_bytes=4
2026-09-26T01:48:56.993802Z DEBUG netbaiot_transports::business_rpc::v3: business RPC V3 writer completed frame stream_id=0 frame_type=WindowUpdate payload_bytes=4
2026-09-26T01:48:56.984836Z DEBUG netbaiot_transports::business_rpc::v3: business RPC V3 received frame stream_id=0 frame_type=WindowUpdate payload_bytes=4
2026-09-26T01:48:57.001901Z DEBUG netbaiot_transports::business_rpc::v3: business RPC V3 received frame stream_id=400 frame_type=Response payload_bytes=35
2026-09-26T01:48:57.006056Z DEBUG netbaiot_transports::business_rpc::v3: business RPC V3 received frame stream_id=400 frame_type=Data payload_bytes=216
2026-09-26T01:48:56.997747Z DEBUG netbaiot_transports::business_rpc::v3: business RPC V3 selected frame stream_id=404 frame_type=Open payload_bytes=158
2026-09-26T01:48:57.015104Z DEBUG netbaiot_transports::business_rpc::v3: business RPC V3 writer completed frame stream_id=404 frame_type=Open payload_bytes=158
2026-09-26T01:48:57.023814Z DEBUG netbaiot_transports::business_rpc::v3: business RPC V3 body entered scheduler stream_id=406 class=Rpc body_bytes=198
2026-09-26T01:48:57.032159Z DEBUG netbaiot_transports::business_rpc::v3: business RPC V3 body entered scheduler stream_id=408 class=Rpc body_bytes=198
2026-09-26T01:48:57.035670Z DEBUG netbaiot_transports::business_rpc::v3: business RPC V3 selected frame stream_id=402 frame_type=Data payload_bytes=198
2026-09-26T01:48:57.039997Z DEBUG netbaiot_transports::business_rpc::v3: business RPC V3 writer completed frame stream_id=402 frame_type=Data payload_bytes=198
2026-09-26T01:48:57.040324Z DEBUG netbaiot_transports::business_rpc::v3: business RPC V3 received frame stream_id=0 frame_type=WindowUpdate payload_bytes=4
2026-09-26T01:48:57.046146Z DEBUG netbaiot_transports::business_rpc::v3: business RPC V3 selected frame stream_id=0 frame_type=WindowUpdate payload_bytes=4
2026-09-26T01:48:57.054993Z DEBUG netbaiot_transports::business_rpc::v3: business RPC V3 writer completed frame stream_id=0 frame_type=WindowUpdate payload_bytes=4
2026-09-26T01:48:57.059193Z DEBUG netbaiot_transports::business_rpc::v3: business RPC V3 selected frame stream_id=406 frame_type=Open payload_bytes=158
2026-09-26T01:48:57.067970Z DEBUG netbaiot_transports::business_rpc::v3: business RPC V3 writer completed frame stream_id=406 frame_type=Open payload_bytes=158
2026-09-26T01:48:57.073929Z DEBUG netbaiot_transports::business_rpc::v3: business RPC V3 selected frame stream_id=0 frame_type=WindowUpdate payload_bytes=4
2026-09-26T01:48:57.050897Z DEBUG netbaiot_transports::business_rpc::v3: business RPC V3 received frame stream_id=402 frame_type=Response payload_bytes=35
2026-09-26T01:48:57.077062Z DEBUG netbaiot_transports::business_rpc::v3: business RPC V3 writer completed frame stream_id=0 frame_type=WindowUpdate payload_bytes=4
2026-09-26T01:48:57.081018Z DEBUG netbaiot_transports::business_rpc::v3: business RPC V3 received frame stream_id=402 frame_type=Data payload_bytes=216
2026-09-26T01:48:57.086781Z DEBUG netbaiot_transports::business_rpc::v3: business RPC V3 selected frame stream_id=408 frame_type=Open payload_bytes=158
2026-09-26T01:48:57.095077Z DEBUG netbaiot_transports::business_rpc::v3: business RPC V3 writer completed frame stream_id=408 frame_type=Open payload_bytes=158
2026-09-26T01:48:57.095099Z DEBUG netbaiot_transports::business_rpc::v3: business RPC V3 body entered scheduler stream_id=410 class=Rpc body_bytes=198
2026-09-26T01:48:57.095119Z DEBUG netbaiot_transports::business_rpc::v3: business RPC V3 selected frame stream_id=404 frame_type=Data payload_bytes=198
2026-09-26T01:48:57.098773Z DEBUG netbaiot_transports::business_rpc::v3: business RPC V3 writer completed frame stream_id=404 frame_type=Data payload_bytes=198
2026-09-26T01:48:57.103212Z DEBUG netbaiot_transports::business_rpc::v3: business RPC V3 selected frame stream_id=0 frame_type=WindowUpdate payload_bytes=4
2026-09-26T01:48:57.107974Z DEBUG netbaiot_transports::business_rpc::v3: business RPC V3 writer completed frame stream_id=0 frame_type=WindowUpdate payload_bytes=4
2026-09-26T01:48:57.117797Z DEBUG netbaiot_transports::business_rpc::v3: business RPC V3 selected frame stream_id=410 frame_type=Open payload_bytes=158
2026-09-26T01:48:57.099155Z DEBUG netbaiot_transports::business_rpc::v3: business RPC V3 received frame stream_id=0 frame_type=WindowUpdate payload_bytes=4
2026-09-26T01:48:57.124985Z DEBUG netbaiot_transports::business_rpc::v3: business RPC V3 received frame stream_id=404 frame_type=Response payload_bytes=35
2026-09-26T01:48:57.117829Z DEBUG netbaiot_transports::business_rpc::v3: business RPC V3 writer completed frame stream_id=410 frame_type=Open payload_bytes=158
2026-09-26T01:48:57.125049Z DEBUG netbaiot_transports::business_rpc::v3: business RPC V3 received frame stream_id=404 frame_type=Data payload_bytes=216
2026-09-26T01:48:57.130933Z DEBUG netbaiot_transports::business_rpc::v3: business RPC V3 selected frame stream_id=406 frame_type=Data payload_bytes=198
2026-09-26T01:48:57.141155Z DEBUG netbaiot_transports::business_rpc::v3: business RPC V3 writer completed frame stream_id=406 frame_type=Data payload_bytes=198
2026-09-26T01:48:57.145039Z DEBUG netbaiot_transports::business_rpc::v3: business RPC V3 body entered scheduler stream_id=412 class=Rpc body_bytes=198
2026-09-26T01:48:57.141425Z DEBUG netbaiot_transports::business_rpc::v3: business RPC V3 received frame stream_id=0 frame_type=WindowUpdate payload_bytes=4
2026-09-26T01:48:57.151027Z DEBUG netbaiot_transports::business_rpc::v3: business RPC V3 selected frame stream_id=0 frame_type=WindowUpdate payload_bytes=4
2026-09-26T01:48:57.158781Z DEBUG netbaiot_transports::business_rpc::v3: business RPC V3 received frame stream_id=406 frame_type=Response payload_bytes=35
2026-09-26T01:48:57.165057Z DEBUG netbaiot_transports::business_rpc::v3: business RPC V3 writer completed frame stream_id=0 frame_type=WindowUpdate payload_bytes=4
2026-09-26T01:48:57.172977Z DEBUG netbaiot_transports::business_rpc::v3: business RPC V3 selected frame stream_id=412 frame_type=Open payload_bytes=158
2026-09-26T01:48:57.173069Z DEBUG netbaiot_transports::business_rpc::v3: business RPC V3 writer completed frame stream_id=412 frame_type=Open payload_bytes=158
2026-09-26T01:48:57.168740Z DEBUG netbaiot_transports::business_rpc::v3: business RPC V3 received frame stream_id=406 frame_type=Data payload_bytes=216
2026-09-26T01:48:57.178980Z DEBUG netbaiot_transports::business_rpc::v3: business RPC V3 selected frame stream_id=408 frame_type=Data payload_bytes=198
2026-09-26T01:48:57.187470Z DEBUG netbaiot_transports::business_rpc::v3: business RPC V3 writer completed frame stream_id=408 frame_type=Data payload_bytes=198
2026-09-26T01:48:57.191266Z DEBUG netbaiot_transports::business_rpc::v3: business RPC V3 body entered scheduler stream_id=414 class=Rpc body_bytes=198
2026-09-26T01:48:57.197892Z DEBUG netbaiot_transports::business_rpc::v3: business RPC V3 selected frame stream_id=0 frame_type=WindowUpdate payload_bytes=4
2026-09-26T01:48:57.197975Z DEBUG netbaiot_transports::business_rpc::v3: business RPC V3 writer completed frame stream_id=0 frame_type=WindowUpdate payload_bytes=4
2026-09-26T01:48:57.202110Z DEBUG netbaiot_transports::business_rpc::v3: business RPC V3 selected frame stream_id=414 frame_type=Open payload_bytes=158
2026-09-26T01:48:57.188079Z DEBUG netbaiot_transports::business_rpc::v3: business RPC V3 received frame stream_id=0 frame_type=WindowUpdate payload_bytes=4
2026-09-26T01:48:57.221092Z DEBUG netbaiot_transports::business_rpc::v3: business RPC V3 received frame stream_id=408 frame_type=Response payload_bytes=35
2026-09-26T01:48:57.210129Z DEBUG netbaiot_transports::business_rpc::v3: business RPC V3 writer completed frame stream_id=414 frame_type=Open payload_bytes=158
2026-09-26T01:48:57.229619Z DEBUG netbaiot_transports::business_rpc::v3: business RPC V3 selected frame stream_id=410 frame_type=Data payload_bytes=198
2026-09-26T01:48:57.224875Z DEBUG netbaiot_transports::business_rpc::v3: business RPC V3 received frame stream_id=408 frame_type=Data payload_bytes=216
2026-09-26T01:48:57.236514Z DEBUG netbaiot_transports::business_rpc::v3: business RPC V3 writer completed frame stream_id=410 frame_type=Data payload_bytes=198
2026-09-26T01:48:57.240606Z DEBUG netbaiot_transports::business_rpc::v3: business RPC V3 received frame stream_id=0 frame_type=WindowUpdate payload_bytes=4
2026-09-26T01:48:57.247291Z DEBUG netbaiot_transports::business_rpc::v3: business RPC V3 received frame stream_id=410 frame_type=Response payload_bytes=35
2026-09-26T01:48:57.252167Z DEBUG netbaiot_transports::business_rpc::v3: business RPC V3 received frame stream_id=410 frame_type=Data payload_bytes=216
2026-09-26T01:48:57.245437Z DEBUG netbaiot_transports::business_rpc::v3: business RPC V3 selected frame stream_id=0 frame_type=WindowUpdate payload_bytes=4
2026-09-26T01:48:57.258118Z DEBUG netbaiot_transports::business_rpc::v3: business RPC V3 writer completed frame stream_id=0 frame_type=WindowUpdate payload_bytes=4
2026-09-26T01:48:57.264798Z DEBUG netbaiot_transports::business_rpc::v3: business RPC V3 body entered scheduler stream_id=416 class=Rpc body_bytes=198
2026-09-26T01:48:57.269079Z DEBUG netbaiot_transports::business_rpc::v3: business RPC V3 body entered scheduler stream_id=418 class=Rpc body_bytes=198
2026-09-26T01:48:57.272666Z DEBUG netbaiot_transports::business_rpc::v3: business RPC V3 selected frame stream_id=0 frame_type=WindowUpdate payload_bytes=4
2026-09-26T01:48:57.283248Z DEBUG netbaiot_transports::business_rpc::v3: business RPC V3 writer completed frame stream_id=0 frame_type=WindowUpdate payload_bytes=4
2026-09-26T01:48:57.287156Z DEBUG netbaiot_transports::business_rpc::v3: business RPC V3 selected frame stream_id=416 frame_type=Open payload_bytes=158
2026-09-26T01:48:57.291202Z DEBUG netbaiot_transports::business_rpc::v3: business RPC V3 writer completed frame stream_id=416 frame_type=Open payload_bytes=158
2026-09-26T01:48:57.293014Z DEBUG netbaiot_transports::business_rpc::v3: business RPC V3 selected frame stream_id=418 frame_type=Open payload_bytes=158
2026-09-26T01:48:57.293403Z DEBUG netbaiot_transports::business_rpc::v3: business RPC V3 writer completed frame stream_id=418 frame_type=Open payload_bytes=158
2026-09-26T01:48:57.299545Z DEBUG netbaiot_transports::business_rpc::v3: business RPC V3 selected frame stream_id=412 frame_type=Data payload_bytes=198
2026-09-26T01:48:57.301959Z DEBUG netbaiot_transports::business_rpc::v3: business RPC V3 writer completed frame stream_id=412 frame_type=Data payload_bytes=198
2026-09-26T01:48:57.307453Z DEBUG netbaiot_transports::business_rpc::v3: business RPC V3 selected frame stream_id=414 frame_type=Data payload_bytes=198
2026-09-26T01:48:57.311584Z DEBUG netbaiot_transports::business_rpc::v3: business RPC V3 writer completed frame stream_id=414 frame_type=Data payload_bytes=198
2026-09-26T01:48:57.312286Z DEBUG netbaiot_transports::business_rpc::v3: business RPC V3 selected frame stream_id=416 frame_type=Data payload_bytes=198
2026-09-26T01:48:57.315938Z DEBUG netbaiot_transports::business_rpc::v3: business RPC V3 writer completed frame stream_id=416 frame_type=Data payload_bytes=198
2026-09-26T01:48:57.320135Z DEBUG netbaiot_transports::business_rpc::v3: business RPC V3 selected frame stream_id=418 frame_type=Data payload_bytes=198
2026-09-26T01:48:57.323630Z DEBUG netbaiot_transports::business_rpc::v3: business RPC V3 writer completed frame stream_id=418 frame_type=Data payload_bytes=198
2026-09-26T01:48:57.327790Z DEBUG netbaiot_transports::business_rpc::v3: business RPC V3 received frame stream_id=0 frame_type=WindowUpdate payload_bytes=4
2026-09-26T01:48:57.331833Z DEBUG netbaiot_transports::business_rpc::v3: business RPC V3 received frame stream_id=412 frame_type=Response payload_bytes=35
2026-09-26T01:48:57.339099Z DEBUG netbaiot_transports::business_rpc::v3: business RPC V3 received frame stream_id=412 frame_type=Data payload_bytes=216
2026-09-26T01:48:57.339198Z DEBUG netbaiot_transports::business_rpc::v3: business RPC V3 received frame stream_id=0 frame_type=WindowUpdate payload_bytes=4
2026-09-26T01:48:57.341903Z DEBUG netbaiot_transports::business_rpc::v3: business RPC V3 received frame stream_id=414 frame_type=Response payload_bytes=35
2026-09-26T01:48:57.342185Z DEBUG netbaiot_transports::business_rpc::v3: business RPC V3 received frame stream_id=414 frame_type=Data payload_bytes=216
2026-09-26T01:48:57.339273Z DEBUG netbaiot_transports::business_rpc::v3: business RPC V3 selected frame stream_id=0 frame_type=WindowUpdate payload_bytes=4
2026-09-26T01:48:57.342241Z DEBUG netbaiot_transports::business_rpc::v3: business RPC V3 received frame stream_id=0 frame_type=WindowUpdate payload_bytes=4
2026-09-26T01:48:57.345840Z DEBUG netbaiot_transports::business_rpc::v3: business RPC V3 writer completed frame stream_id=0 frame_type=WindowUpdate payload_bytes=4
2026-09-26T01:48:57.348821Z DEBUG netbaiot_transports::business_rpc::v3: business RPC V3 received frame stream_id=416 frame_type=Response payload_bytes=35
2026-09-26T01:48:57.369809Z DEBUG netbaiot_transports::business_rpc::v3: business RPC V3 received frame stream_id=416 frame_type=Data payload_bytes=216
2026-09-26T01:48:57.365904Z DEBUG netbaiot_transports::business_rpc::v3: business RPC V3 body entered scheduler stream_id=420 class=Rpc body_bytes=198
2026-09-26T01:48:57.376730Z DEBUG netbaiot_transports::business_rpc::v3: business RPC V3 selected frame stream_id=0 frame_type=WindowUpdate payload_bytes=4
2026-09-26T01:48:57.372933Z DEBUG netbaiot_transports::business_rpc::v3: business RPC V3 received frame stream_id=0 frame_type=WindowUpdate payload_bytes=4
2026-09-26T01:48:57.393115Z DEBUG netbaiot_transports::business_rpc::v3: business RPC V3 received frame stream_id=418 frame_type=Response payload_bytes=35
2026-09-26T01:48:57.390112Z DEBUG netbaiot_transports::business_rpc::v3: business RPC V3 writer completed frame stream_id=0 frame_type=WindowUpdate payload_bytes=4
2026-09-26T01:48:57.400896Z DEBUG netbaiot_transports::business_rpc::v3: business RPC V3 body entered scheduler stream_id=422 class=Rpc body_bytes=198
2026-09-26T01:48:57.395070Z DEBUG netbaiot_transports::business_rpc::v3: business RPC V3 received frame stream_id=418 frame_type=Data payload_bytes=216
2026-09-26T01:48:57.404864Z DEBUG netbaiot_transports::business_rpc::v3: business RPC V3 selected frame stream_id=420 frame_type=Open payload_bytes=158
2026-09-26T01:48:57.409931Z DEBUG netbaiot_transports::business_rpc::v3: business RPC V3 writer completed frame stream_id=420 frame_type=Open payload_bytes=158
2026-09-26T01:48:57.413762Z DEBUG netbaiot_transports::business_rpc::v3: business RPC V3 body entered scheduler stream_id=424 class=Rpc body_bytes=198
2026-09-26T01:48:57.417886Z DEBUG netbaiot_transports::business_rpc::v3: business RPC V3 body entered scheduler stream_id=426 class=Rpc body_bytes=198
2026-09-26T01:48:57.426052Z DEBUG netbaiot_transports::business_rpc::v3: business RPC V3 selected frame stream_id=0 frame_type=WindowUpdate payload_bytes=4
2026-09-26T01:48:57.426172Z DEBUG netbaiot_transports::business_rpc::v3: business RPC V3 writer completed frame stream_id=0 frame_type=WindowUpdate payload_bytes=4
2026-09-26T01:48:57.432013Z DEBUG netbaiot_transports::business_rpc::v3: business RPC V3 selected frame stream_id=420 frame_type=Data payload_bytes=198
2026-09-26T01:48:57.434971Z DEBUG netbaiot_transports::business_rpc::v3: business RPC V3 writer completed frame stream_id=420 frame_type=Data payload_bytes=198
2026-09-26T01:48:57.441591Z DEBUG netbaiot_transports::business_rpc::v3: business RPC V3 selected frame stream_id=422 frame_type=Open payload_bytes=158
2026-09-26T01:48:57.457759Z DEBUG netbaiot_transports::business_rpc::v3: business RPC V3 writer completed frame stream_id=422 frame_type=Open payload_bytes=158
2026-09-26T01:48:57.457782Z DEBUG netbaiot_transports::business_rpc::v3: business RPC V3 selected frame stream_id=0 frame_type=WindowUpdate payload_bytes=4
2026-09-26T01:48:57.457797Z DEBUG netbaiot_transports::business_rpc::v3: business RPC V3 writer completed frame stream_id=0 frame_type=WindowUpdate payload_bytes=4
2026-09-26T01:48:57.470852Z DEBUG netbaiot_transports::business_rpc::v3: business RPC V3 selected frame stream_id=424 frame_type=Open payload_bytes=158
2026-09-26T01:48:57.471041Z DEBUG netbaiot_transports::business_rpc::v3: business RPC V3 writer completed frame stream_id=424 frame_type=Open payload_bytes=158
2026-09-26T01:48:57.471093Z DEBUG netbaiot_transports::business_rpc::v3: business RPC V3 selected frame stream_id=426 frame_type=Open payload_bytes=158
2026-09-26T01:48:57.474856Z DEBUG netbaiot_transports::business_rpc::v3: business RPC V3 writer completed frame stream_id=426 frame_type=Open payload_bytes=158
2026-09-26T01:48:57.479069Z DEBUG netbaiot_transports::business_rpc::v3: business RPC V3 selected frame stream_id=422 frame_type=Data payload_bytes=198
2026-09-26T01:48:57.486127Z DEBUG netbaiot_transports::business_rpc::v3: business RPC V3 writer completed frame stream_id=422 frame_type=Data payload_bytes=198
2026-09-26T01:48:57.491969Z DEBUG netbaiot_transports::business_rpc::v3: business RPC V3 selected frame stream_id=424 frame_type=Data payload_bytes=198
2026-09-26T01:48:57.495309Z DEBUG netbaiot_transports::business_rpc::v3: business RPC V3 writer completed frame stream_id=424 frame_type=Data payload_bytes=198
2026-09-26T01:48:57.507837Z DEBUG netbaiot_transports::business_rpc::v3: business RPC V3 selected frame stream_id=426 frame_type=Data payload_bytes=198
2026-09-26T01:48:57.512100Z DEBUG netbaiot_transports::business_rpc::v3: business RPC V3 writer completed frame stream_id=426 frame_type=Data payload_bytes=198
2026-09-26T01:48:57.516213Z DEBUG netbaiot_transports::business_rpc::v3: business RPC V3 received frame stream_id=0 frame_type=WindowUpdate payload_bytes=4
2026-09-26T01:48:57.521921Z DEBUG netbaiot_transports::business_rpc::v3: business RPC V3 received frame stream_id=420 frame_type=Response payload_bytes=35
2026-09-26T01:48:57.528023Z DEBUG netbaiot_transports::business_rpc::v3: business RPC V3 received frame stream_id=420 frame_type=Data payload_bytes=216
2026-09-26T01:48:57.534186Z DEBUG netbaiot_transports::business_rpc::v3: business RPC V3 received frame stream_id=0 frame_type=WindowUpdate payload_bytes=4
2026-09-26T01:48:57.534204Z DEBUG netbaiot_transports::business_rpc::v3: business RPC V3 body entered scheduler stream_id=428 class=Event body_bytes=17365
2026-09-26T01:48:57.543906Z DEBUG netbaiot_transports::business_rpc::v3: business RPC V3 selected frame stream_id=428 frame_type=Open payload_bytes=184
2026-09-26T01:48:57.544040Z DEBUG netbaiot_transports::business_rpc::v3: business RPC V3 writer completed frame stream_id=428 frame_type=Open payload_bytes=184
2026-09-26T01:48:57.544055Z DEBUG netbaiot_transports::business_rpc::v3: business RPC V3 selected frame stream_id=0 frame_type=WindowUpdate payload_bytes=4
2026-09-26T01:48:57.544081Z DEBUG netbaiot_transports::business_rpc::v3: business RPC V3 writer completed frame stream_id=0 frame_type=WindowUpdate payload_bytes=4
2026-09-26T01:48:57.547014Z DEBUG netbaiot_transports::business_rpc::v3: business RPC V3 selected frame stream_id=428 frame_type=Data payload_bytes=8192
2026-09-26T01:48:57.539409Z DEBUG netbaiot_transports::business_rpc::v3: business RPC V3 received frame stream_id=422 frame_type=Response payload_bytes=35
2026-09-26T01:48:57.554047Z DEBUG netbaiot_transports::business_rpc::v3: business RPC V3 received frame stream_id=422 frame_type=Data payload_bytes=216
2026-09-26T01:48:57.550968Z DEBUG netbaiot_transports::business_rpc::v3: business RPC V3 writer completed frame stream_id=428 frame_type=Data payload_bytes=8192
2026-09-26T01:48:57.559981Z DEBUG netbaiot_transports::business_rpc::v3: business RPC V3 selected frame stream_id=0 frame_type=WindowUpdate payload_bytes=4
2026-09-26T01:48:57.563420Z DEBUG netbaiot_transports::business_rpc::v3: business RPC V3 writer completed frame stream_id=0 frame_type=WindowUpdate payload_bytes=4
2026-09-26T01:48:57.556912Z DEBUG netbaiot_transports::business_rpc::v3: business RPC V3 received frame stream_id=0 frame_type=WindowUpdate payload_bytes=4
2026-09-26T01:48:57.567172Z DEBUG netbaiot_transports::business_rpc::v3: business RPC V3 selected frame stream_id=428 frame_type=Data payload_bytes=8192
2026-09-26T01:48:57.570943Z DEBUG netbaiot_transports::business_rpc::v3: business RPC V3 received frame stream_id=424 frame_type=Response payload_bytes=35
2026-09-26T01:48:57.574974Z DEBUG netbaiot_transports::business_rpc::v3: business RPC V3 received frame stream_id=424 frame_type=Data payload_bytes=216
2026-09-26T01:48:57.574971Z DEBUG netbaiot_transports::business_rpc::v3: business RPC V3 writer completed frame stream_id=428 frame_type=Data payload_bytes=8192
2026-09-26T01:48:57.575112Z DEBUG netbaiot_transports::business_rpc::v3: business RPC V3 received frame stream_id=0 frame_type=WindowUpdate payload_bytes=4
2026-09-26T01:48:57.580907Z DEBUG netbaiot_transports::business_rpc::v3: business RPC V3 body entered scheduler stream_id=430 class=Rpc body_bytes=198
2026-09-26T01:48:57.584759Z DEBUG netbaiot_transports::business_rpc::v3: business RPC V3 received frame stream_id=426 frame_type=Response payload_bytes=35
2026-09-26T01:48:57.591735Z DEBUG netbaiot_transports::business_rpc::v3: business RPC V3 body entered scheduler stream_id=432 class=Rpc body_bytes=198
2026-09-26T01:48:57.591801Z DEBUG netbaiot_transports::business_rpc::v3: business RPC V3 received frame stream_id=426 frame_type=Data payload_bytes=216
2026-09-26T01:48:57.591855Z DEBUG netbaiot_transports::business_rpc::v3: business RPC V3 selected frame stream_id=430 frame_type=Open payload_bytes=158
2026-09-26T01:48:57.601730Z DEBUG netbaiot_transports::business_rpc::v3: business RPC V3 writer completed frame stream_id=430 frame_type=Open payload_bytes=158
2026-09-26T01:48:57.591926Z DEBUG netbaiot_transports::business_rpc::v3: business RPC V3 received frame stream_id=0 frame_type=WindowUpdate payload_bytes=4
2026-09-26T01:48:57.601863Z DEBUG netbaiot_transports::business_rpc::v3: business RPC V3 selected frame stream_id=0 frame_type=WindowUpdate payload_bytes=4
2026-09-26T01:48:57.601907Z DEBUG netbaiot_transports::business_rpc::v3: business RPC V3 received frame stream_id=428 frame_type=WindowUpdate payload_bytes=4
2026-09-26T01:48:57.607161Z DEBUG netbaiot_transports::business_rpc::v3: business RPC V3 writer completed frame stream_id=0 frame_type=WindowUpdate payload_bytes=4
2026-09-26T01:48:57.616629Z DEBUG netbaiot_transports::business_rpc::v3: business RPC V3 body entered scheduler stream_id=434 class=Rpc body_bytes=198
2026-09-26T01:48:57.612870Z DEBUG netbaiot_transports::business_rpc::v3: business RPC V3 received frame stream_id=0 frame_type=WindowUpdate payload_bytes=4
2026-09-26T01:48:57.620062Z DEBUG netbaiot_transports::business_rpc::v3: business RPC V3 selected frame stream_id=432 frame_type=Open payload_bytes=158
2026-09-26T01:48:57.622784Z DEBUG netbaiot_transports::business_rpc::v3: business RPC V3 received frame stream_id=428 frame_type=WindowUpdate payload_bytes=4
2026-09-26T01:48:57.629695Z DEBUG netbaiot_transports::business_rpc::v3: business RPC V3 writer completed frame stream_id=432 frame_type=Open payload_bytes=158
2026-09-26T01:48:57.633789Z DEBUG netbaiot_transports::business_rpc::v3: business RPC V3 body entered scheduler stream_id=436 class=Rpc body_bytes=198
2026-09-26T01:48:57.633858Z DEBUG netbaiot_transports::business_rpc::v3: business RPC V3 selected frame stream_id=0 frame_type=WindowUpdate payload_bytes=4
2026-09-26T01:48:57.636980Z DEBUG netbaiot_transports::business_rpc::v3: business RPC V3 writer completed frame stream_id=0 frame_type=WindowUpdate payload_bytes=4
2026-09-26T01:48:57.640707Z DEBUG netbaiot_transports::business_rpc::v3: business RPC V3 selected frame stream_id=430 frame_type=Data payload_bytes=198
2026-09-26T01:48:57.644865Z DEBUG netbaiot_transports::business_rpc::v3: business RPC V3 writer completed frame stream_id=430 frame_type=Data payload_bytes=198
2026-09-26T01:48:57.650890Z DEBUG netbaiot_transports::business_rpc::v3: business RPC V3 selected frame stream_id=434 frame_type=Open payload_bytes=158
2026-09-26T01:48:57.658805Z DEBUG netbaiot_transports::business_rpc::v3: business RPC V3 writer completed frame stream_id=434 frame_type=Open payload_bytes=158
2026-09-26T01:48:57.662771Z DEBUG netbaiot_transports::business_rpc::v3: business RPC V3 selected frame stream_id=436 frame_type=Open payload_bytes=158
2026-09-26T01:48:57.670675Z DEBUG netbaiot_transports::business_rpc::v3: business RPC V3 writer completed frame stream_id=436 frame_type=Open payload_bytes=158
2026-09-26T01:48:57.673944Z DEBUG netbaiot_transports::business_rpc::v3: business RPC V3 selected frame stream_id=432 frame_type=Data payload_bytes=198
2026-09-26T01:48:57.677857Z DEBUG netbaiot_transports::business_rpc::v3: business RPC V3 writer completed frame stream_id=432 frame_type=Data payload_bytes=198
2026-09-26T01:48:57.684019Z DEBUG netbaiot_transports::business_rpc::v3: business RPC V3 selected frame stream_id=434 frame_type=Data payload_bytes=198
2026-09-26T01:48:57.689847Z DEBUG netbaiot_transports::business_rpc::v3: business RPC V3 writer completed frame stream_id=434 frame_type=Data payload_bytes=198
2026-09-26T01:48:57.696983Z DEBUG netbaiot_transports::business_rpc::v3: business RPC V3 selected frame stream_id=436 frame_type=Data payload_bytes=198
2026-09-26T01:48:57.703951Z DEBUG netbaiot_transports::business_rpc::v3: business RPC V3 writer completed frame stream_id=436 frame_type=Data payload_bytes=198
2026-09-26T01:48:57.711199Z DEBUG netbaiot_transports::business_rpc::v3: business RPC V3 selected frame stream_id=428 frame_type=Data payload_bytes=981
2026-09-26T01:48:57.725026Z DEBUG netbaiot_transports::business_rpc::v3: business RPC V3 writer completed frame stream_id=428 frame_type=Data payload_bytes=981
2026-09-26T01:48:57.734182Z DEBUG netbaiot_transports::business_rpc::v3: business RPC V3 received frame stream_id=0 frame_type=WindowUpdate payload_bytes=4
2026-09-26T01:48:57.736842Z DEBUG netbaiot_transports::business_rpc::v3: business RPC V3 received frame stream_id=430 frame_type=Response payload_bytes=35
2026-09-26T01:48:57.740865Z DEBUG netbaiot_transports::business_rpc::v3: business RPC V3 received frame stream_id=430 frame_type=Data payload_bytes=216
2026-09-26T01:48:57.744064Z DEBUG netbaiot_transports::business_rpc::v3: business RPC V3 received frame stream_id=0 frame_type=WindowUpdate payload_bytes=4
2026-09-26T01:48:57.747275Z DEBUG netbaiot_transports::business_rpc::v3: business RPC V3 received frame stream_id=432 frame_type=Response payload_bytes=35
2026-09-26T01:48:57.744132Z DEBUG netbaiot_transports::business_rpc::v3: business RPC V3 selected frame stream_id=0 frame_type=WindowUpdate payload_bytes=4
2026-09-26T01:48:57.752041Z DEBUG netbaiot_transports::business_rpc::v3: business RPC V3 received frame stream_id=432 frame_type=Data payload_bytes=216
2026-09-26T01:48:57.755878Z DEBUG netbaiot_transports::business_rpc::v3: business RPC V3 writer completed frame stream_id=0 frame_type=WindowUpdate payload_bytes=4
2026-09-26T01:48:57.759722Z DEBUG netbaiot_transports::business_rpc::v3: business RPC V3 received frame stream_id=0 frame_type=WindowUpdate payload_bytes=4
2026-09-26T01:48:57.770480Z DEBUG netbaiot_transports::business_rpc::v3: business RPC V3 received frame stream_id=434 frame_type=Response payload_bytes=35
2026-09-26T01:48:57.764312Z DEBUG netbaiot_transports::business_rpc::v3: business RPC V3 selected frame stream_id=0 frame_type=WindowUpdate payload_bytes=4
2026-09-26T01:48:57.778729Z DEBUG netbaiot_transports::business_rpc::v3: business RPC V3 received frame stream_id=434 frame_type=Data payload_bytes=216
2026-09-26T01:48:57.778817Z DEBUG netbaiot_transports::business_rpc::v3: business RPC V3 writer completed frame stream_id=0 frame_type=WindowUpdate payload_bytes=4
2026-09-26T01:48:57.790148Z DEBUG netbaiot_transports::business_rpc::v3: business RPC V3 body entered scheduler stream_id=438 class=Rpc body_bytes=198
2026-09-26T01:48:57.796803Z DEBUG netbaiot_transports::business_rpc::v3: business RPC V3 selected frame stream_id=438 frame_type=Open payload_bytes=158
2026-09-26T01:48:57.785313Z DEBUG netbaiot_transports::business_rpc::v3: business RPC V3 received frame stream_id=0 frame_type=WindowUpdate payload_bytes=4
2026-09-26T01:48:57.800300Z DEBUG netbaiot_transports::business_rpc::v3: business RPC V3 writer completed frame stream_id=438 frame_type=Open payload_bytes=158
2026-09-26T01:48:57.811445Z DEBUG netbaiot_transports::business_rpc::v3: business RPC V3 body entered scheduler stream_id=440 class=Rpc body_bytes=198
2026-09-26T01:48:57.808170Z DEBUG netbaiot_transports::business_rpc::v3: business RPC V3 received frame stream_id=436 frame_type=Response payload_bytes=35
2026-09-26T01:48:57.815775Z DEBUG netbaiot_transports::business_rpc::v3: business RPC V3 selected frame stream_id=0 frame_type=WindowUpdate payload_bytes=4
2026-09-26T01:48:57.822149Z DEBUG netbaiot_transports::business_rpc::v3: business RPC V3 received frame stream_id=436 frame_type=Data payload_bytes=216
2026-09-26T01:48:57.829026Z DEBUG netbaiot_transports::business_rpc::v3: business RPC V3 received frame stream_id=0 frame_type=WindowUpdate payload_bytes=4
2026-09-26T01:48:57.825134Z DEBUG netbaiot_transports::business_rpc::v3: business RPC V3 writer completed frame stream_id=0 frame_type=WindowUpdate payload_bytes=4
2026-09-26T01:48:57.831934Z DEBUG netbaiot_transports::business_rpc::v3: business RPC V3 received frame stream_id=428 frame_type=Response payload_bytes=35
2026-09-26T01:48:57.835736Z DEBUG netbaiot_transports::business_rpc::v3: business RPC V3 body entered scheduler stream_id=442 class=Rpc body_bytes=198
2026-09-26T01:48:57.840031Z DEBUG netbaiot_transports::business_rpc::v3: business RPC V3 selected frame stream_id=438 frame_type=Data payload_bytes=198
2026-09-26T01:48:57.839963Z DEBUG netbaiot_transports::business_rpc::v3: business RPC V3 received frame stream_id=428 frame_type=Data payload_bytes=118
2026-09-26T01:48:57.843899Z DEBUG netbaiot_transports::business_rpc::v3: business RPC V3 writer completed frame stream_id=438 frame_type=Data payload_bytes=198
2026-09-26T01:48:57.850655Z DEBUG netbaiot_transports::business_rpc::v3: business RPC V3 selected frame stream_id=440 frame_type=Open payload_bytes=158
2026-09-26T01:48:57.847804Z DEBUG netbaiot_transports::business_rpc::v3: business RPC V3 Event delivery acknowledged stream_id=428 completion_us=331601
2026-09-26T01:48:57.856889Z DEBUG netbaiot_transports::business_rpc::v3: business RPC V3 writer completed frame stream_id=440 frame_type=Open payload_bytes=158
2026-09-26T01:48:57.859792Z DEBUG netbaiot_transports::business_rpc::v3: business RPC V3 received frame stream_id=0 frame_type=WindowUpdate payload_bytes=4
2026-09-26T01:48:57.863825Z DEBUG netbaiot_transports::business_rpc::v3: business RPC V3 selected frame stream_id=0 frame_type=WindowUpdate payload_bytes=4
2026-09-26T01:48:57.866721Z DEBUG netbaiot_transports::business_rpc::v3: business RPC V3 received frame stream_id=438 frame_type=Response payload_bytes=35
2026-09-26T01:48:57.873737Z DEBUG netbaiot_transports::business_rpc::v3: business RPC V3 received frame stream_id=438 frame_type=Data payload_bytes=216
2026-09-26T01:48:57.871096Z DEBUG netbaiot_transports::business_rpc::v3: business RPC V3 writer completed frame stream_id=0 frame_type=WindowUpdate payload_bytes=4
2026-09-26T01:48:57.878702Z DEBUG netbaiot_transports::business_rpc::v3: business RPC V3 body entered scheduler stream_id=444 class=Rpc body_bytes=198
2026-09-26T01:48:57.885846Z DEBUG netbaiot_transports::business_rpc::v3: business RPC V3 body entered scheduler stream_id=446 class=Rpc body_bytes=198
2026-09-26T01:48:57.891822Z DEBUG netbaiot_transports::business_rpc::v3: business RPC V3 selected frame stream_id=442 frame_type=Open payload_bytes=158
2026-09-26T01:48:57.895802Z DEBUG netbaiot_transports::business_rpc::v3: business RPC V3 writer completed frame stream_id=442 frame_type=Open payload_bytes=158
2026-09-26T01:48:57.903589Z DEBUG netbaiot_transports::business_rpc::v3: business RPC V3 selected frame stream_id=0 frame_type=WindowUpdate payload_bytes=4
2026-09-26T01:48:57.907761Z DEBUG netbaiot_transports::business_rpc::v3: business RPC V3 writer completed frame stream_id=0 frame_type=WindowUpdate payload_bytes=4
2026-09-26T01:48:57.911165Z DEBUG netbaiot_transports::business_rpc::v3: business RPC V3 selected frame stream_id=440 frame_type=Data payload_bytes=198
2026-09-26T01:48:57.920769Z DEBUG netbaiot_transports::business_rpc::v3: business RPC V3 writer completed frame stream_id=440 frame_type=Data payload_bytes=198
2026-09-26T01:48:57.924896Z DEBUG netbaiot_transports::business_rpc::v3: business RPC V3 selected frame stream_id=444 frame_type=Open payload_bytes=158
2026-09-26T01:48:57.928995Z DEBUG netbaiot_transports::business_rpc::v3: business RPC V3 writer completed frame stream_id=444 frame_type=Open payload_bytes=158
2026-09-26T01:48:57.931335Z DEBUG netbaiot_transports::business_rpc::v3: business RPC V3 selected frame stream_id=0 frame_type=WindowUpdate payload_bytes=4
2026-09-26T01:48:57.931842Z DEBUG netbaiot_transports::business_rpc::v3: business RPC V3 writer completed frame stream_id=0 frame_type=WindowUpdate payload_bytes=4
2026-09-26T01:48:57.937724Z DEBUG netbaiot_transports::business_rpc::v3: business RPC V3 selected frame stream_id=446 frame_type=Open payload_bytes=158
2026-09-26T01:48:57.940962Z DEBUG netbaiot_transports::business_rpc::v3: business RPC V3 writer completed frame stream_id=446 frame_type=Open payload_bytes=158
2026-09-26T01:48:57.944720Z DEBUG netbaiot_transports::business_rpc::v3: business RPC V3 selected frame stream_id=442 frame_type=Data payload_bytes=198
2026-09-26T01:48:57.948966Z DEBUG netbaiot_transports::business_rpc::v3: business RPC V3 writer completed frame stream_id=442 frame_type=Data payload_bytes=198
2026-09-26T01:48:57.956017Z DEBUG netbaiot_transports::business_rpc::v3: business RPC V3 selected frame stream_id=444 frame_type=Data payload_bytes=198
2026-09-26T01:48:57.968224Z DEBUG netbaiot_transports::business_rpc::v3: business RPC V3 writer completed frame stream_id=444 frame_type=Data payload_bytes=198
2026-09-26T01:48:57.971970Z DEBUG netbaiot_transports::business_rpc::v3: business RPC V3 selected frame stream_id=446 frame_type=Data payload_bytes=198
2026-09-26T01:48:57.972039Z DEBUG netbaiot_transports::business_rpc::v3: business RPC V3 writer completed frame stream_id=446 frame_type=Data payload_bytes=198
2026-09-26T01:48:57.972087Z DEBUG netbaiot_transports::business_rpc::v3: business RPC V3 received frame stream_id=0 frame_type=WindowUpdate payload_bytes=4
2026-09-26T01:48:57.972155Z DEBUG netbaiot_transports::business_rpc::v3: business RPC V3 received frame stream_id=440 frame_type=Response payload_bytes=35
2026-09-26T01:48:57.972190Z DEBUG netbaiot_transports::business_rpc::v3: business RPC V3 received frame stream_id=440 frame_type=Data payload_bytes=216
2026-09-26T01:48:57.972429Z DEBUG netbaiot_transports::business_rpc::v3: business RPC V3 received frame stream_id=0 frame_type=WindowUpdate payload_bytes=4
2026-09-26T01:48:57.972439Z DEBUG netbaiot_transports::business_rpc::v3: business RPC V3 selected frame stream_id=0 frame_type=WindowUpdate payload_bytes=4
2026-09-26T01:48:57.978069Z DEBUG netbaiot_transports::business_rpc::v3: business RPC V3 received frame stream_id=442 frame_type=Response payload_bytes=35
2026-09-26T01:48:57.985021Z DEBUG netbaiot_transports::business_rpc::v3: business RPC V3 received frame stream_id=442 frame_type=Data payload_bytes=216
2026-09-26T01:48:57.981978Z DEBUG netbaiot_transports::business_rpc::v3: business RPC V3 writer completed frame stream_id=0 frame_type=WindowUpdate payload_bytes=4
2026-09-26T01:48:57.996115Z DEBUG netbaiot_transports::business_rpc::v3: business RPC V3 selected frame stream_id=0 frame_type=WindowUpdate payload_bytes=4
2026-09-26T01:48:57.990443Z DEBUG netbaiot_transports::business_rpc::v3: business RPC V3 received frame stream_id=0 frame_type=WindowUpdate payload_bytes=4
2026-09-26T01:48:58.003485Z DEBUG netbaiot_transports::business_rpc::v3: business RPC V3 received frame stream_id=444 frame_type=Response payload_bytes=35
2026-09-26T01:48:58.009153Z DEBUG netbaiot_transports::business_rpc::v3: business RPC V3 received frame stream_id=444 frame_type=Data payload_bytes=216
2026-09-26T01:48:57.999094Z DEBUG netbaiot_transports::business_rpc::v3: business RPC V3 writer completed frame stream_id=0 frame_type=WindowUpdate payload_bytes=4
2026-09-26T01:48:58.013355Z DEBUG netbaiot_transports::business_rpc::v3: business RPC V3 body entered scheduler stream_id=448 class=Rpc body_bytes=198
2026-09-26T01:48:58.018299Z DEBUG netbaiot_transports::business_rpc::v3: business RPC V3 selected frame stream_id=448 frame_type=Open payload_bytes=158
2026-09-26T01:48:58.012441Z DEBUG netbaiot_transports::business_rpc::v3: business RPC V3 received frame stream_id=0 frame_type=WindowUpdate payload_bytes=4
2026-09-26T01:48:58.022027Z DEBUG netbaiot_transports::business_rpc::v3: business RPC V3 writer completed frame stream_id=448 frame_type=Open payload_bytes=158
2026-09-26T01:48:58.027924Z DEBUG netbaiot_transports::business_rpc::v3: business RPC V3 received frame stream_id=446 frame_type=Response payload_bytes=35
2026-09-26T01:48:58.031026Z DEBUG netbaiot_transports::business_rpc::v3: business RPC V3 body entered scheduler stream_id=450 class=Rpc body_bytes=198
2026-09-26T01:48:58.044467Z DEBUG netbaiot_transports::business_rpc::v3: business RPC V3 selected frame stream_id=0 frame_type=WindowUpdate payload_bytes=4
2026-09-26T01:48:58.036782Z DEBUG netbaiot_transports::business_rpc::v3: business RPC V3 received frame stream_id=446 frame_type=Data payload_bytes=216
2026-09-26T01:48:58.049877Z DEBUG netbaiot_transports::business_rpc::v3: business RPC V3 writer completed frame stream_id=0 frame_type=WindowUpdate payload_bytes=4
2026-09-26T01:48:58.065842Z DEBUG netbaiot_transports::business_rpc::v3: business RPC V3 body entered scheduler stream_id=452 class=Rpc body_bytes=198
2026-09-26T01:48:58.070061Z DEBUG netbaiot_transports::business_rpc::v3: business RPC V3 body entered scheduler stream_id=454 class=Rpc body_bytes=198
2026-09-26T01:48:58.073847Z DEBUG netbaiot_transports::business_rpc::v3: business RPC V3 selected frame stream_id=448 frame_type=Data payload_bytes=198
2026-09-26T01:48:58.081773Z DEBUG netbaiot_transports::business_rpc::v3: business RPC V3 writer completed frame stream_id=448 frame_type=Data payload_bytes=198
2026-09-26T01:48:58.085955Z DEBUG netbaiot_transports::business_rpc::v3: business RPC V3 selected frame stream_id=450 frame_type=Open payload_bytes=158
2026-09-26T01:48:58.094946Z DEBUG netbaiot_transports::business_rpc::v3: business RPC V3 writer completed frame stream_id=450 frame_type=Open payload_bytes=158
2026-09-26T01:48:58.104117Z DEBUG netbaiot_transports::business_rpc::v3: business RPC V3 selected frame stream_id=0 frame_type=WindowUpdate payload_bytes=4
2026-09-26T01:48:58.107929Z DEBUG netbaiot_transports::business_rpc::v3: business RPC V3 writer completed frame stream_id=0 frame_type=WindowUpdate payload_bytes=4
2026-09-26T01:48:58.108001Z DEBUG netbaiot_transports::business_rpc::v3: business RPC V3 selected frame stream_id=452 frame_type=Open payload_bytes=158
2026-09-26T01:48:58.108030Z DEBUG netbaiot_transports::business_rpc::v3: business RPC V3 writer completed frame stream_id=452 frame_type=Open payload_bytes=158
2026-09-26T01:48:58.108041Z DEBUG netbaiot_transports::business_rpc::v3: business RPC V3 selected frame stream_id=454 frame_type=Open payload_bytes=158
2026-09-26T01:48:58.108052Z DEBUG netbaiot_transports::business_rpc::v3: business RPC V3 writer completed frame stream_id=454 frame_type=Open payload_bytes=158
2026-09-26T01:48:58.108064Z DEBUG netbaiot_transports::business_rpc::v3: business RPC V3 selected frame stream_id=450 frame_type=Data payload_bytes=198
2026-09-26T01:48:58.108074Z DEBUG netbaiot_transports::business_rpc::v3: business RPC V3 writer completed frame stream_id=450 frame_type=Data payload_bytes=198
2026-09-26T01:48:58.108424Z DEBUG netbaiot_transports::business_rpc::v3: business RPC V3 selected frame stream_id=452 frame_type=Data payload_bytes=198
2026-09-26T01:48:58.113872Z DEBUG netbaiot_transports::business_rpc::v3: business RPC V3 writer completed frame stream_id=452 frame_type=Data payload_bytes=198
2026-09-26T01:48:58.117744Z DEBUG netbaiot_transports::business_rpc::v3: business RPC V3 selected frame stream_id=454 frame_type=Data payload_bytes=198
2026-09-26T01:48:58.117766Z DEBUG netbaiot_transports::business_rpc::v3: business RPC V3 writer completed frame stream_id=454 frame_type=Data payload_bytes=198
2026-09-26T01:48:58.117794Z DEBUG netbaiot_transports::business_rpc::v3: business RPC V3 received frame stream_id=0 frame_type=WindowUpdate payload_bytes=4
2026-09-26T01:48:58.117851Z DEBUG netbaiot_transports::business_rpc::v3: business RPC V3 received frame stream_id=448 frame_type=Response payload_bytes=35
2026-09-26T01:48:58.128097Z DEBUG netbaiot_transports::business_rpc::v3: business RPC V3 received frame stream_id=448 frame_type=Data payload_bytes=216
2026-09-26T01:48:58.131090Z DEBUG netbaiot_transports::business_rpc::v3: business RPC V3 received frame stream_id=0 frame_type=WindowUpdate payload_bytes=4
2026-09-26T01:48:58.131108Z DEBUG netbaiot_transports::business_rpc::v3: business RPC V3 selected frame stream_id=0 frame_type=WindowUpdate payload_bytes=4
2026-09-26T01:48:58.137813Z DEBUG netbaiot_transports::business_rpc::v3: business RPC V3 writer completed frame stream_id=0 frame_type=WindowUpdate payload_bytes=4
2026-09-26T01:48:58.134714Z DEBUG netbaiot_transports::business_rpc::v3: business RPC V3 received frame stream_id=450 frame_type=Response payload_bytes=35
2026-09-26T01:48:58.141804Z DEBUG netbaiot_transports::business_rpc::v3: business RPC V3 received frame stream_id=450 frame_type=Data payload_bytes=216
2026-09-26T01:48:58.148746Z DEBUG netbaiot_transports::business_rpc::v3: business RPC V3 received frame stream_id=0 frame_type=WindowUpdate payload_bytes=4
2026-09-26T01:48:58.148772Z DEBUG netbaiot_transports::business_rpc::v3: business RPC V3 selected frame stream_id=0 frame_type=WindowUpdate payload_bytes=4
2026-09-26T01:48:58.153028Z DEBUG netbaiot_transports::business_rpc::v3: business RPC V3 received frame stream_id=452 frame_type=Response payload_bytes=35
2026-09-26T01:48:58.163044Z DEBUG netbaiot_transports::business_rpc::v3: business RPC V3 received frame stream_id=452 frame_type=Data payload_bytes=216
2026-09-26T01:48:58.158770Z DEBUG netbaiot_transports::business_rpc::v3: business RPC V3 writer completed frame stream_id=0 frame_type=WindowUpdate payload_bytes=4
2026-09-26T01:48:58.168523Z DEBUG netbaiot_transports::business_rpc::v3: business RPC V3 body entered scheduler stream_id=456 class=Rpc body_bytes=198
2026-09-26T01:48:58.171842Z DEBUG netbaiot_transports::business_rpc::v3: business RPC V3 selected frame stream_id=456 frame_type=Open payload_bytes=158
2026-09-26T01:48:58.166987Z DEBUG netbaiot_transports::business_rpc::v3: business RPC V3 received frame stream_id=0 frame_type=WindowUpdate payload_bytes=4
2026-09-26T01:48:58.171925Z DEBUG netbaiot_transports::business_rpc::v3: business RPC V3 writer completed frame stream_id=456 frame_type=Open payload_bytes=158
2026-09-26T01:48:58.175778Z DEBUG netbaiot_transports::business_rpc::v3: business RPC V3 received frame stream_id=454 frame_type=Response payload_bytes=35
2026-09-26T01:48:58.182720Z DEBUG netbaiot_transports::business_rpc::v3: business RPC V3 received frame stream_id=454 frame_type=Data payload_bytes=216
2026-09-26T01:48:58.180022Z DEBUG netbaiot_transports::business_rpc::v3: business RPC V3 body entered scheduler stream_id=458 class=Rpc body_bytes=198
2026-09-26T01:48:58.192022Z DEBUG netbaiot_transports::business_rpc::v3: business RPC V3 body entered scheduler stream_id=460 class=Rpc body_bytes=198
2026-09-26T01:48:58.195849Z DEBUG netbaiot_transports::business_rpc::v3: business RPC V3 body entered scheduler stream_id=462 class=Rpc body_bytes=198
2026-09-26T01:48:58.206962Z DEBUG netbaiot_transports::business_rpc::v3: business RPC V3 selected frame stream_id=0 frame_type=WindowUpdate payload_bytes=4
2026-09-26T01:48:58.207215Z DEBUG netbaiot_transports::business_rpc::v3: business RPC V3 writer completed frame stream_id=0 frame_type=WindowUpdate payload_bytes=4
2026-09-26T01:48:58.215963Z DEBUG netbaiot_transports::business_rpc::v3: business RPC V3 selected frame stream_id=456 frame_type=Data payload_bytes=198
2026-09-26T01:48:58.219427Z DEBUG netbaiot_transports::business_rpc::v3: business RPC V3 writer completed frame stream_id=456 frame_type=Data payload_bytes=198
2026-09-26T01:48:58.224335Z DEBUG netbaiot_transports::business_rpc::v3: business RPC V3 selected frame stream_id=458 frame_type=Open payload_bytes=158
2026-09-26T01:48:58.228020Z DEBUG netbaiot_transports::business_rpc::v3: business RPC V3 writer completed frame stream_id=458 frame_type=Open payload_bytes=158
2026-09-26T01:48:58.228053Z DEBUG netbaiot_transports::business_rpc::v3: business RPC V3 selected frame stream_id=0 frame_type=WindowUpdate payload_bytes=4
2026-09-26T01:48:58.228086Z DEBUG netbaiot_transports::business_rpc::v3: business RPC V3 writer completed frame stream_id=0 frame_type=WindowUpdate payload_bytes=4
2026-09-26T01:48:58.228143Z DEBUG netbaiot_transports::business_rpc::v3: business RPC V3 selected frame stream_id=460 frame_type=Open payload_bytes=158
2026-09-26T01:48:58.231493Z DEBUG netbaiot_transports::business_rpc::v3: business RPC V3 writer completed frame stream_id=460 frame_type=Open payload_bytes=158
2026-09-26T01:48:58.232220Z DEBUG netbaiot_transports::business_rpc::v3: business RPC V3 selected frame stream_id=462 frame_type=Open payload_bytes=158
2026-09-26T01:48:58.236020Z DEBUG netbaiot_transports::business_rpc::v3: business RPC V3 writer completed frame stream_id=462 frame_type=Open payload_bytes=158
2026-09-26T01:48:58.239893Z DEBUG netbaiot_transports::business_rpc::v3: business RPC V3 selected frame stream_id=458 frame_type=Data payload_bytes=198
2026-09-26T01:48:58.244537Z DEBUG netbaiot_transports::business_rpc::v3: business RPC V3 writer completed frame stream_id=458 frame_type=Data payload_bytes=198
2026-09-26T01:48:58.247698Z DEBUG netbaiot_transports::business_rpc::v3: business RPC V3 selected frame stream_id=460 frame_type=Data payload_bytes=198
2026-09-26T01:48:58.251834Z DEBUG netbaiot_transports::business_rpc::v3: business RPC V3 writer completed frame stream_id=460 frame_type=Data payload_bytes=198
2026-09-26T01:48:58.255769Z DEBUG netbaiot_transports::business_rpc::v3: business RPC V3 selected frame stream_id=462 frame_type=Data payload_bytes=198
2026-09-26T01:48:58.259921Z DEBUG netbaiot_transports::business_rpc::v3: business RPC V3 writer completed frame stream_id=462 frame_type=Data payload_bytes=198
2026-09-26T01:48:58.263698Z DEBUG netbaiot_transports::business_rpc::v3: business RPC V3 received frame stream_id=0 frame_type=WindowUpdate payload_bytes=4
2026-09-26T01:48:58.266818Z DEBUG netbaiot_transports::business_rpc::v3: business RPC V3 received frame stream_id=456 frame_type=Response payload_bytes=35
2026-09-26T01:48:58.269828Z DEBUG netbaiot_transports::business_rpc::v3: business RPC V3 received frame stream_id=456 frame_type=Data payload_bytes=216
2026-09-26T01:48:58.273923Z DEBUG netbaiot_transports::business_rpc::v3: business RPC V3 selected frame stream_id=0 frame_type=WindowUpdate payload_bytes=4
2026-09-26T01:48:58.273912Z DEBUG netbaiot_transports::business_rpc::v3: business RPC V3 received frame stream_id=0 frame_type=WindowUpdate payload_bytes=4
2026-09-26T01:48:58.284806Z DEBUG netbaiot_transports::business_rpc::v3: business RPC V3 received frame stream_id=458 frame_type=Response payload_bytes=35
2026-09-26T01:48:58.280641Z DEBUG netbaiot_transports::business_rpc::v3: business RPC V3 writer completed frame stream_id=0 frame_type=WindowUpdate payload_bytes=4
2026-09-26T01:48:58.295727Z DEBUG netbaiot_transports::business_rpc::v3: business RPC V3 received frame stream_id=458 frame_type=Data payload_bytes=216
2026-09-26T01:48:58.307784Z DEBUG netbaiot_transports::business_rpc::v3: business RPC V3 received frame stream_id=0 frame_type=WindowUpdate payload_bytes=4
2026-09-26T01:48:58.308050Z DEBUG netbaiot_transports::business_rpc::v3: business RPC V3 selected frame stream_id=0 frame_type=WindowUpdate payload_bytes=4
2026-09-26T01:48:58.311795Z DEBUG netbaiot_transports::business_rpc::v3: business RPC V3 received frame stream_id=460 frame_type=Response payload_bytes=35
2026-09-26T01:48:58.314979Z DEBUG netbaiot_transports::business_rpc::v3: business RPC V3 writer completed frame stream_id=0 frame_type=WindowUpdate payload_bytes=4
2026-09-26T01:48:58.332734Z DEBUG netbaiot_transports::business_rpc::v3: business RPC V3 body entered scheduler stream_id=464 class=Rpc body_bytes=198
2026-09-26T01:48:58.336685Z DEBUG netbaiot_transports::business_rpc::v3: business RPC V3 selected frame stream_id=464 frame_type=Open payload_bytes=158
2026-09-26T01:48:58.324535Z DEBUG netbaiot_transports::business_rpc::v3: business RPC V3 received frame stream_id=460 frame_type=Data payload_bytes=216
2026-09-26T01:48:58.336737Z DEBUG netbaiot_transports::business_rpc::v3: business RPC V3 writer completed frame stream_id=464 frame_type=Open payload_bytes=158
2026-09-26T01:48:58.343635Z DEBUG netbaiot_transports::business_rpc::v3: business RPC V3 selected frame stream_id=0 frame_type=WindowUpdate payload_bytes=4
2026-09-26T01:48:58.339779Z DEBUG netbaiot_transports::business_rpc::v3: business RPC V3 received frame stream_id=0 frame_type=WindowUpdate payload_bytes=4
2026-09-26T01:48:58.347807Z DEBUG netbaiot_transports::business_rpc::v3: business RPC V3 writer completed frame stream_id=0 frame_type=WindowUpdate payload_bytes=4
2026-09-26T01:48:58.351822Z DEBUG netbaiot_transports::business_rpc::v3: business RPC V3 received frame stream_id=462 frame_type=Response payload_bytes=35
2026-09-26T01:48:58.355706Z DEBUG netbaiot_transports::business_rpc::v3: business RPC V3 body entered scheduler stream_id=466 class=Rpc body_bytes=198
2026-09-26T01:48:58.363702Z DEBUG netbaiot_transports::business_rpc::v3: business RPC V3 received frame stream_id=462 frame_type=Data payload_bytes=216
2026-09-26T01:48:58.370728Z DEBUG netbaiot_transports::business_rpc::v3: business RPC V3 selected frame stream_id=464 frame_type=Data payload_bytes=198
2026-09-26T01:48:58.377948Z DEBUG netbaiot_transports::business_rpc::v3: business RPC V3 writer completed frame stream_id=464 frame_type=Data payload_bytes=198
2026-09-26T01:48:58.381753Z DEBUG netbaiot_transports::business_rpc::v3: business RPC V3 body entered scheduler stream_id=468 class=Rpc body_bytes=198
2026-09-26T01:48:58.381774Z DEBUG netbaiot_transports::business_rpc::v3: business RPC V3 body entered scheduler stream_id=470 class=Rpc body_bytes=198
2026-09-26T01:48:58.378242Z DEBUG netbaiot_transports::business_rpc::v3: business RPC V3 received frame stream_id=0 frame_type=WindowUpdate payload_bytes=4
2026-09-26T01:48:58.381786Z DEBUG netbaiot_transports::business_rpc::v3: business RPC V3 selected frame stream_id=466 frame_type=Open payload_bytes=158
2026-09-26T01:48:58.387938Z DEBUG netbaiot_transports::business_rpc::v3: business RPC V3 writer completed frame stream_id=466 frame_type=Open payload_bytes=158
2026-09-26T01:48:58.394706Z DEBUG netbaiot_transports::business_rpc::v3: business RPC V3 selected frame stream_id=0 frame_type=WindowUpdate payload_bytes=4
2026-09-26T01:48:58.381918Z DEBUG netbaiot_transports::business_rpc::v3: business RPC V3 received frame stream_id=464 frame_type=Response payload_bytes=35
2026-09-26T01:48:58.403084Z DEBUG netbaiot_transports::business_rpc::v3: business RPC V3 received frame stream_id=464 frame_type=Data payload_bytes=216
2026-09-26T01:48:58.398800Z DEBUG netbaiot_transports::business_rpc::v3: business RPC V3 writer completed frame stream_id=0 frame_type=WindowUpdate payload_bytes=4
2026-09-26T01:48:58.405760Z DEBUG netbaiot_transports::business_rpc::v3: business RPC V3 selected frame stream_id=468 frame_type=Open payload_bytes=158
2026-09-26T01:48:58.409661Z DEBUG netbaiot_transports::business_rpc::v3: business RPC V3 writer completed frame stream_id=468 frame_type=Open payload_bytes=158
2026-09-26T01:48:58.412820Z DEBUG netbaiot_transports::business_rpc::v3: business RPC V3 selected frame stream_id=470 frame_type=Open payload_bytes=158
2026-09-26T01:48:58.412911Z DEBUG netbaiot_transports::business_rpc::v3: business RPC V3 writer completed frame stream_id=470 frame_type=Open payload_bytes=158
2026-09-26T01:48:58.416762Z DEBUG netbaiot_transports::business_rpc::v3: business RPC V3 selected frame stream_id=466 frame_type=Data payload_bytes=198
2026-09-26T01:48:58.423998Z DEBUG netbaiot_transports::business_rpc::v3: business RPC V3 writer completed frame stream_id=466 frame_type=Data payload_bytes=198
2026-09-26T01:48:58.426909Z DEBUG netbaiot_transports::business_rpc::v3: business RPC V3 selected frame stream_id=0 frame_type=WindowUpdate payload_bytes=4
2026-09-26T01:48:58.426975Z DEBUG netbaiot_transports::business_rpc::v3: business RPC V3 writer completed frame stream_id=0 frame_type=WindowUpdate payload_bytes=4
2026-09-26T01:48:58.430899Z DEBUG netbaiot_transports::business_rpc::v3: business RPC V3 selected frame stream_id=468 frame_type=Data payload_bytes=198
2026-09-26T01:48:58.434931Z DEBUG netbaiot_transports::business_rpc::v3: business RPC V3 writer completed frame stream_id=468 frame_type=Data payload_bytes=198
2026-09-26T01:48:58.437880Z DEBUG netbaiot_transports::business_rpc::v3: business RPC V3 selected frame stream_id=470 frame_type=Data payload_bytes=198
2026-09-26T01:48:58.440707Z DEBUG netbaiot_transports::business_rpc::v3: business RPC V3 writer completed frame stream_id=470 frame_type=Data payload_bytes=198
2026-09-26T01:48:58.444976Z DEBUG netbaiot_transports::business_rpc::v3: business RPC V3 received frame stream_id=0 frame_type=WindowUpdate payload_bytes=4
2026-09-26T01:48:58.448923Z DEBUG netbaiot_transports::business_rpc::v3: business RPC V3 received frame stream_id=466 frame_type=Response payload_bytes=35
2026-09-26T01:48:58.452876Z DEBUG netbaiot_transports::business_rpc::v3: business RPC V3 received frame stream_id=466 frame_type=Data payload_bytes=216
2026-09-26T01:48:58.457286Z DEBUG netbaiot_transports::business_rpc::v3: business RPC V3 received frame stream_id=0 frame_type=WindowUpdate payload_bytes=4
2026-09-26T01:48:58.460972Z DEBUG netbaiot_transports::business_rpc::v3: business RPC V3 received frame stream_id=468 frame_type=Response payload_bytes=35
2026-09-26T01:48:58.457346Z DEBUG netbaiot_transports::business_rpc::v3: business RPC V3 body entered scheduler stream_id=472 class=Rpc body_bytes=198
2026-09-26T01:48:58.468979Z DEBUG netbaiot_transports::business_rpc::v3: business RPC V3 body entered scheduler stream_id=474 class=Event body_bytes=17366
2026-09-26T01:48:58.464384Z DEBUG netbaiot_transports::business_rpc::v3: business RPC V3 received frame stream_id=468 frame_type=Data payload_bytes=216
2026-09-26T01:48:58.477141Z DEBUG netbaiot_transports::business_rpc::v3: business RPC V3 received frame stream_id=0 frame_type=WindowUpdate payload_bytes=4
2026-09-26T01:48:58.482645Z DEBUG netbaiot_transports::business_rpc::v3: business RPC V3 received frame stream_id=470 frame_type=Response payload_bytes=35
2026-09-26T01:48:58.484043Z DEBUG netbaiot_transports::business_rpc::v3: business RPC V3 received frame stream_id=470 frame_type=Data payload_bytes=216
2026-09-26T01:48:58.474206Z DEBUG netbaiot_transports::business_rpc::v3: business RPC V3 selected frame stream_id=472 frame_type=Open payload_bytes=158
2026-09-26T01:48:58.492051Z DEBUG netbaiot_transports::business_rpc::v3: business RPC V3 writer completed frame stream_id=472 frame_type=Open payload_bytes=158
2026-09-26T01:48:58.500919Z DEBUG netbaiot_transports::business_rpc::v3: business RPC V3 body entered scheduler stream_id=476 class=Rpc body_bytes=198
2026-09-26T01:48:58.508990Z DEBUG netbaiot_transports::business_rpc::v3: business RPC V3 body entered scheduler stream_id=478 class=Rpc body_bytes=198
2026-09-26T01:48:58.513103Z DEBUG netbaiot_transports::business_rpc::v3: business RPC V3 body entered scheduler stream_id=480 class=Rpc body_bytes=198
2026-09-26T01:48:58.513189Z DEBUG netbaiot_transports::business_rpc::v3: business RPC V3 selected frame stream_id=0 frame_type=WindowUpdate payload_bytes=4
2026-09-26T01:48:58.513415Z DEBUG netbaiot_transports::business_rpc::v3: business RPC V3 writer completed frame stream_id=0 frame_type=WindowUpdate payload_bytes=4
2026-09-26T01:48:58.516771Z DEBUG netbaiot_transports::business_rpc::v3: business RPC V3 selected frame stream_id=474 frame_type=Open payload_bytes=184
2026-09-26T01:48:58.519954Z DEBUG netbaiot_transports::business_rpc::v3: business RPC V3 writer completed frame stream_id=474 frame_type=Open payload_bytes=184
2026-09-26T01:48:58.523005Z DEBUG netbaiot_transports::business_rpc::v3: business RPC V3 selected frame stream_id=0 frame_type=WindowUpdate payload_bytes=4
2026-09-26T01:48:58.527056Z DEBUG netbaiot_transports::business_rpc::v3: business RPC V3 writer completed frame stream_id=0 frame_type=WindowUpdate payload_bytes=4
2026-09-26T01:48:58.527104Z DEBUG netbaiot_transports::business_rpc::v3: business RPC V3 selected frame stream_id=472 frame_type=Data payload_bytes=198
2026-09-26T01:48:58.527134Z DEBUG netbaiot_transports::business_rpc::v3: business RPC V3 writer completed frame stream_id=472 frame_type=Data payload_bytes=198
2026-09-26T01:48:58.527148Z DEBUG netbaiot_transports::business_rpc::v3: business RPC V3 selected frame stream_id=476 frame_type=Open payload_bytes=158
2026-09-26T01:48:58.530442Z DEBUG netbaiot_transports::business_rpc::v3: business RPC V3 writer completed frame stream_id=476 frame_type=Open payload_bytes=158
2026-09-26T01:48:58.531301Z DEBUG netbaiot_transports::business_rpc::v3: business RPC V3 selected frame stream_id=0 frame_type=WindowUpdate payload_bytes=4
2026-09-26T01:48:58.531364Z DEBUG netbaiot_transports::business_rpc::v3: business RPC V3 writer completed frame stream_id=0 frame_type=WindowUpdate payload_bytes=4
2026-09-26T01:48:58.531377Z DEBUG netbaiot_transports::business_rpc::v3: business RPC V3 selected frame stream_id=478 frame_type=Open payload_bytes=158
2026-09-26T01:48:58.534322Z DEBUG netbaiot_transports::business_rpc::v3: business RPC V3 writer completed frame stream_id=478 frame_type=Open payload_bytes=158
2026-09-26T01:48:58.536981Z DEBUG netbaiot_transports::business_rpc::v3: business RPC V3 selected frame stream_id=480 frame_type=Open payload_bytes=158
2026-09-26T01:48:58.540236Z DEBUG netbaiot_transports::business_rpc::v3: business RPC V3 writer completed frame stream_id=480 frame_type=Open payload_bytes=158
2026-09-26T01:48:58.543278Z DEBUG netbaiot_transports::business_rpc::v3: business RPC V3 selected frame stream_id=476 frame_type=Data payload_bytes=198
2026-09-26T01:48:58.547090Z DEBUG netbaiot_transports::business_rpc::v3: business RPC V3 writer completed frame stream_id=476 frame_type=Data payload_bytes=198
2026-09-26T01:48:58.551177Z DEBUG netbaiot_transports::business_rpc::v3: business RPC V3 selected frame stream_id=478 frame_type=Data payload_bytes=198
2026-09-26T01:48:58.554977Z DEBUG netbaiot_transports::business_rpc::v3: business RPC V3 writer completed frame stream_id=478 frame_type=Data payload_bytes=198
2026-09-26T01:48:58.559165Z DEBUG netbaiot_transports::business_rpc::v3: business RPC V3 selected frame stream_id=474 frame_type=Data payload_bytes=8192
2026-09-26T01:48:58.563143Z DEBUG netbaiot_transports::business_rpc::v3: business RPC V3 writer completed frame stream_id=474 frame_type=Data payload_bytes=8192
2026-09-26T01:48:58.565912Z DEBUG netbaiot_transports::business_rpc::v3: business RPC V3 selected frame stream_id=480 frame_type=Data payload_bytes=198
2026-09-26T01:48:58.566099Z DEBUG netbaiot_transports::business_rpc::v3: business RPC V3 writer completed frame stream_id=480 frame_type=Data payload_bytes=198
2026-09-26T01:48:58.569918Z DEBUG netbaiot_transports::business_rpc::v3: business RPC V3 selected frame stream_id=474 frame_type=Data payload_bytes=8192
2026-09-26T01:48:58.573881Z DEBUG netbaiot_transports::business_rpc::v3: business RPC V3 writer completed frame stream_id=474 frame_type=Data payload_bytes=8192
2026-09-26T01:48:58.578057Z DEBUG netbaiot_transports::business_rpc::v3: business RPC V3 received frame stream_id=0 frame_type=WindowUpdate payload_bytes=4
2026-09-26T01:48:58.581011Z DEBUG netbaiot_transports::business_rpc::v3: business RPC V3 received frame stream_id=472 frame_type=Response payload_bytes=35
2026-09-26T01:48:58.585000Z DEBUG netbaiot_transports::business_rpc::v3: business RPC V3 received frame stream_id=472 frame_type=Data payload_bytes=216
2026-09-26T01:48:58.587916Z DEBUG netbaiot_transports::business_rpc::v3: business RPC V3 received frame stream_id=0 frame_type=WindowUpdate payload_bytes=4
2026-09-26T01:48:58.587916Z DEBUG netbaiot_transports::business_rpc::v3: business RPC V3 selected frame stream_id=0 frame_type=WindowUpdate payload_bytes=4
2026-09-26T01:48:58.591669Z DEBUG netbaiot_transports::business_rpc::v3: business RPC V3 received frame stream_id=476 frame_type=Response payload_bytes=35
2026-09-26T01:48:58.599812Z DEBUG netbaiot_transports::business_rpc::v3: business RPC V3 received frame stream_id=476 frame_type=Data payload_bytes=216
2026-09-26T01:48:58.595735Z DEBUG netbaiot_transports::business_rpc::v3: business RPC V3 writer completed frame stream_id=0 frame_type=WindowUpdate payload_bytes=4
2026-09-26T01:48:58.599853Z DEBUG netbaiot_transports::business_rpc::v3: business RPC V3 received frame stream_id=0 frame_type=WindowUpdate payload_bytes=4
2026-09-26T01:48:58.607808Z DEBUG netbaiot_transports::business_rpc::v3: business RPC V3 received frame stream_id=478 frame_type=Response payload_bytes=35
2026-09-26T01:48:58.599877Z DEBUG netbaiot_transports::business_rpc::v3: business RPC V3 selected frame stream_id=0 frame_type=WindowUpdate payload_bytes=4
2026-09-26T01:48:58.610880Z DEBUG netbaiot_transports::business_rpc::v3: business RPC V3 received frame stream_id=478 frame_type=Data payload_bytes=216
2026-09-26T01:48:58.614839Z DEBUG netbaiot_transports::business_rpc::v3: business RPC V3 writer completed frame stream_id=0 frame_type=WindowUpdate payload_bytes=4
2026-09-26T01:48:58.618980Z DEBUG netbaiot_transports::business_rpc::v3: business RPC V3 received frame stream_id=0 frame_type=WindowUpdate payload_bytes=4
2026-09-26T01:48:58.629930Z DEBUG netbaiot_transports::business_rpc::v3: business RPC V3 received frame stream_id=474 frame_type=WindowUpdate payload_bytes=4
2026-09-26T01:48:58.633743Z DEBUG netbaiot_transports::business_rpc::v3: business RPC V3 received frame stream_id=0 frame_type=WindowUpdate payload_bytes=4
2026-09-26T01:48:58.626652Z DEBUG netbaiot_transports::business_rpc::v3: business RPC V3 body entered scheduler stream_id=482 class=Rpc body_bytes=198
2026-09-26T01:48:58.640615Z DEBUG netbaiot_transports::business_rpc::v3: business RPC V3 body entered scheduler stream_id=484 class=Rpc body_bytes=198
2026-09-26T01:48:58.637847Z DEBUG netbaiot_transports::business_rpc::v3: business RPC V3 received frame stream_id=480 frame_type=Response payload_bytes=35
2026-09-26T01:48:58.643908Z DEBUG netbaiot_transports::business_rpc::v3: business RPC V3 selected frame stream_id=482 frame_type=Open payload_bytes=158
2026-09-26T01:48:58.646723Z DEBUG netbaiot_transports::business_rpc::v3: business RPC V3 received frame stream_id=480 frame_type=Data payload_bytes=216
2026-09-26T01:48:58.659048Z DEBUG netbaiot_transports::business_rpc::v3: business RPC V3 received frame stream_id=0 frame_type=WindowUpdate payload_bytes=4
2026-09-26T01:48:58.659113Z DEBUG netbaiot_transports::business_rpc::v3: business RPC V3 received frame stream_id=474 frame_type=WindowUpdate payload_bytes=4
2026-09-26T01:48:58.654754Z DEBUG netbaiot_transports::business_rpc::v3: business RPC V3 writer completed frame stream_id=482 frame_type=Open payload_bytes=158
2026-09-26T01:48:58.661459Z DEBUG netbaiot_transports::business_rpc::v3: business RPC V3 body entered scheduler stream_id=486 class=Rpc body_bytes=198
2026-09-26T01:48:58.665697Z DEBUG netbaiot_transports::business_rpc::v3: business RPC V3 body entered scheduler stream_id=488 class=Rpc body_bytes=198
2026-09-26T01:48:58.668705Z DEBUG netbaiot_transports::business_rpc::v3: business RPC V3 selected frame stream_id=0 frame_type=WindowUpdate payload_bytes=4
2026-09-26T01:48:58.668852Z DEBUG netbaiot_transports::business_rpc::v3: business RPC V3 writer completed frame stream_id=0 frame_type=WindowUpdate payload_bytes=4
2026-09-26T01:48:58.673154Z DEBUG netbaiot_transports::business_rpc::v3: business RPC V3 selected frame stream_id=482 frame_type=Data payload_bytes=198
2026-09-26T01:48:58.676761Z DEBUG netbaiot_transports::business_rpc::v3: business RPC V3 writer completed frame stream_id=482 frame_type=Data payload_bytes=198
2026-09-26T01:48:58.680723Z DEBUG netbaiot_transports::business_rpc::v3: business RPC V3 selected frame stream_id=484 frame_type=Open payload_bytes=158
2026-09-26T01:48:58.684928Z DEBUG netbaiot_transports::business_rpc::v3: business RPC V3 writer completed frame stream_id=484 frame_type=Open payload_bytes=158
2026-09-26T01:48:58.688772Z DEBUG netbaiot_transports::business_rpc::v3: business RPC V3 selected frame stream_id=0 frame_type=WindowUpdate payload_bytes=4
2026-09-26T01:48:58.688906Z DEBUG netbaiot_transports::business_rpc::v3: business RPC V3 writer completed frame stream_id=0 frame_type=WindowUpdate payload_bytes=4
2026-09-26T01:48:58.688926Z DEBUG netbaiot_transports::business_rpc::v3: business RPC V3 selected frame stream_id=486 frame_type=Open payload_bytes=158
2026-09-26T01:48:58.688947Z DEBUG netbaiot_transports::business_rpc::v3: business RPC V3 writer completed frame stream_id=486 frame_type=Open payload_bytes=158
2026-09-26T01:48:58.691946Z DEBUG netbaiot_transports::business_rpc::v3: business RPC V3 selected frame stream_id=488 frame_type=Open payload_bytes=158
2026-09-26T01:48:58.692009Z DEBUG netbaiot_transports::business_rpc::v3: business RPC V3 writer completed frame stream_id=488 frame_type=Open payload_bytes=158
2026-09-26T01:48:58.692030Z DEBUG netbaiot_transports::business_rpc::v3: business RPC V3 selected frame stream_id=484 frame_type=Data payload_bytes=198
2026-09-26T01:48:58.695143Z DEBUG netbaiot_transports::business_rpc::v3: business RPC V3 writer completed frame stream_id=484 frame_type=Data payload_bytes=198
2026-09-26T01:48:58.699080Z DEBUG netbaiot_transports::business_rpc::v3: business RPC V3 selected frame stream_id=486 frame_type=Data payload_bytes=198
2026-09-26T01:48:58.702891Z DEBUG netbaiot_transports::business_rpc::v3: business RPC V3 writer completed frame stream_id=486 frame_type=Data payload_bytes=198
2026-09-26T01:48:58.706849Z DEBUG netbaiot_transports::business_rpc::v3: business RPC V3 selected frame stream_id=488 frame_type=Data payload_bytes=198
2026-09-26T01:48:58.706962Z DEBUG netbaiot_transports::business_rpc::v3: business RPC V3 writer completed frame stream_id=488 frame_type=Data payload_bytes=198
2026-09-26T01:48:58.709927Z DEBUG netbaiot_transports::business_rpc::v3: business RPC V3 selected frame stream_id=474 frame_type=Data payload_bytes=982
2026-09-26T01:48:58.716865Z DEBUG netbaiot_transports::business_rpc::v3: business RPC V3 writer completed frame stream_id=474 frame_type=Data payload_bytes=982
2026-09-26T01:48:58.719974Z DEBUG netbaiot_transports::business_rpc::v3: business RPC V3 received frame stream_id=0 frame_type=WindowUpdate payload_bytes=4
2026-09-26T01:48:58.723921Z DEBUG netbaiot_transports::business_rpc::v3: business RPC V3 received frame stream_id=482 frame_type=Response payload_bytes=35
2026-09-26T01:48:58.727931Z DEBUG netbaiot_transports::business_rpc::v3: business RPC V3 received frame stream_id=482 frame_type=Data payload_bytes=216
2026-09-26T01:48:58.733923Z DEBUG netbaiot_transports::business_rpc::v3: business RPC V3 received frame stream_id=0 frame_type=WindowUpdate payload_bytes=4
2026-09-26T01:48:58.733947Z DEBUG netbaiot_transports::business_rpc::v3: business RPC V3 selected frame stream_id=0 frame_type=WindowUpdate payload_bytes=4
2026-09-26T01:48:58.738301Z DEBUG netbaiot_transports::business_rpc::v3: business RPC V3 received frame stream_id=484 frame_type=Response payload_bytes=35
2026-09-26T01:48:58.742807Z DEBUG netbaiot_transports::business_rpc::v3: business RPC V3 received frame stream_id=484 frame_type=Data payload_bytes=216
2026-09-26T01:48:58.743161Z DEBUG netbaiot_transports::business_rpc::v3: business RPC V3 received frame stream_id=0 frame_type=WindowUpdate payload_bytes=4
2026-09-26T01:48:58.742905Z DEBUG netbaiot_transports::business_rpc::v3: business RPC V3 writer completed frame stream_id=0 frame_type=WindowUpdate payload_bytes=4
2026-09-26T01:48:58.749888Z DEBUG netbaiot_transports::business_rpc::v3: business RPC V3 body entered scheduler stream_id=490 class=Rpc body_bytes=198
2026-09-26T01:48:58.749925Z DEBUG netbaiot_transports::business_rpc::v3: business RPC V3 selected frame stream_id=0 frame_type=WindowUpdate payload_bytes=4
2026-09-26T01:48:58.749984Z DEBUG netbaiot_transports::business_rpc::v3: business RPC V3 writer completed frame stream_id=0 frame_type=WindowUpdate payload_bytes=4
2026-09-26T01:48:58.749997Z DEBUG netbaiot_transports::business_rpc::v3: business RPC V3 selected frame stream_id=490 frame_type=Open payload_bytes=158
2026-09-26T01:48:58.750014Z DEBUG netbaiot_transports::business_rpc::v3: business RPC V3 writer completed frame stream_id=490 frame_type=Open payload_bytes=158
2026-09-26T01:48:58.750027Z DEBUG netbaiot_transports::business_rpc::v3: business RPC V3 selected frame stream_id=490 frame_type=Data payload_bytes=198
2026-09-26T01:48:58.750039Z DEBUG netbaiot_transports::business_rpc::v3: business RPC V3 writer completed frame stream_id=490 frame_type=Data payload_bytes=198
2026-09-26T01:48:58.746037Z DEBUG netbaiot_transports::business_rpc::v3: business RPC V3 received frame stream_id=486 frame_type=Response payload_bytes=35
2026-09-26T01:48:58.750104Z DEBUG netbaiot_transports::business_rpc::v3: business RPC V3 received frame stream_id=486 frame_type=Data payload_bytes=216
2026-09-26T01:48:58.754295Z DEBUG netbaiot_transports::business_rpc::v3: business RPC V3 received frame stream_id=0 frame_type=WindowUpdate payload_bytes=4
2026-09-26T01:48:58.754334Z DEBUG netbaiot_transports::business_rpc::v3: business RPC V3 selected frame stream_id=0 frame_type=WindowUpdate payload_bytes=4
2026-09-26T01:48:58.758064Z DEBUG netbaiot_transports::business_rpc::v3: business RPC V3 received frame stream_id=488 frame_type=Response payload_bytes=35
2026-09-26T01:48:58.760828Z DEBUG netbaiot_transports::business_rpc::v3: business RPC V3 writer completed frame stream_id=0 frame_type=WindowUpdate payload_bytes=4
2026-09-26T01:48:58.760848Z DEBUG netbaiot_transports::business_rpc::v3: business RPC V3 body entered scheduler stream_id=492 class=Rpc body_bytes=198
2026-09-26T01:48:58.760860Z DEBUG netbaiot_transports::business_rpc::v3: business RPC V3 selected frame stream_id=492 frame_type=Open payload_bytes=158
2026-09-26T01:48:58.760876Z DEBUG netbaiot_transports::business_rpc::v3: business RPC V3 writer completed frame stream_id=492 frame_type=Open payload_bytes=158
2026-09-26T01:48:58.760888Z DEBUG netbaiot_transports::business_rpc::v3: business RPC V3 selected frame stream_id=492 frame_type=Data payload_bytes=198
2026-09-26T01:48:58.760900Z DEBUG netbaiot_transports::business_rpc::v3: business RPC V3 writer completed frame stream_id=492 frame_type=Data payload_bytes=198
2026-09-26T01:48:58.760832Z DEBUG netbaiot_transports::business_rpc::v3: business RPC V3 received frame stream_id=488 frame_type=Data payload_bytes=216
2026-09-26T01:48:58.764198Z DEBUG netbaiot_transports::business_rpc::v3: business RPC V3 received frame stream_id=0 frame_type=WindowUpdate payload_bytes=4
2026-09-26T01:48:58.767938Z DEBUG netbaiot_transports::business_rpc::v3: business RPC V3 received frame stream_id=474 frame_type=Response payload_bytes=35
2026-09-26T01:48:58.770846Z DEBUG netbaiot_transports::business_rpc::v3: business RPC V3 received frame stream_id=474 frame_type=Data payload_bytes=118
2026-09-26T01:48:58.774961Z DEBUG netbaiot_transports::business_rpc::v3: business RPC V3 Event delivery acknowledged stream_id=474 completion_us=310590
2026-09-26T01:48:58.778348Z DEBUG netbaiot_transports::business_rpc::v3: business RPC V3 received frame stream_id=0 frame_type=WindowUpdate payload_bytes=4
2026-09-26T01:48:58.764313Z DEBUG netbaiot_transports::business_rpc::v3: business RPC V3 selected frame stream_id=0 frame_type=WindowUpdate payload_bytes=4
2026-09-26T01:48:58.781425Z DEBUG netbaiot_transports::business_rpc::v3: business RPC V3 received frame stream_id=490 frame_type=Response payload_bytes=35
2026-09-26T01:48:58.782217Z DEBUG netbaiot_transports::business_rpc::v3: business RPC V3 writer completed frame stream_id=0 frame_type=WindowUpdate payload_bytes=4
2026-09-26T01:48:58.795136Z DEBUG netbaiot_transports::business_rpc::v3: business RPC V3 body entered scheduler stream_id=494 class=Rpc body_bytes=198
2026-09-26T01:48:58.798898Z DEBUG netbaiot_transports::business_rpc::v3: business RPC V3 body entered scheduler stream_id=496 class=Rpc body_bytes=198
2026-09-26T01:48:58.784831Z DEBUG netbaiot_transports::business_rpc::v3: business RPC V3 received frame stream_id=490 frame_type=Data payload_bytes=216
2026-09-26T01:48:58.801813Z DEBUG netbaiot_transports::business_rpc::v3: business RPC V3 selected frame stream_id=494 frame_type=Open payload_bytes=158
2026-09-26T01:48:58.810387Z DEBUG netbaiot_transports::business_rpc::v3: business RPC V3 writer completed frame stream_id=494 frame_type=Open payload_bytes=158
2026-09-26T01:48:58.806119Z DEBUG netbaiot_transports::business_rpc::v3: business RPC V3 received frame stream_id=0 frame_type=WindowUpdate payload_bytes=4
2026-09-26T01:48:58.818820Z DEBUG netbaiot_transports::business_rpc::v3: business RPC V3 received frame stream_id=492 frame_type=Response payload_bytes=35
2026-09-26T01:48:58.823033Z DEBUG netbaiot_transports::business_rpc::v3: business RPC V3 received frame stream_id=492 frame_type=Data payload_bytes=216
2026-09-26T01:48:58.812861Z DEBUG netbaiot_transports::business_rpc::v3: business RPC V3 selected frame stream_id=0 frame_type=WindowUpdate payload_bytes=4
2026-09-26T01:48:58.829911Z DEBUG netbaiot_transports::business_rpc::v3: business RPC V3 writer completed frame stream_id=0 frame_type=WindowUpdate payload_bytes=4
2026-09-26T01:48:58.836692Z DEBUG netbaiot_transports::business_rpc::v3: business RPC V3 body entered scheduler stream_id=498 class=Rpc body_bytes=198
2026-09-26T01:48:58.836768Z DEBUG netbaiot_transports::business_rpc::v3: business RPC V3 body entered scheduler stream_id=500 class=Rpc body_bytes=198
2026-09-26T01:48:58.844852Z DEBUG netbaiot_transports::business_rpc::v3: business RPC V3 selected frame stream_id=496 frame_type=Open payload_bytes=158
2026-09-26T01:48:58.848779Z DEBUG netbaiot_transports::business_rpc::v3: business RPC V3 writer completed frame stream_id=496 frame_type=Open payload_bytes=158
2026-09-26T01:48:58.852871Z DEBUG netbaiot_transports::business_rpc::v3: business RPC V3 selected frame stream_id=494 frame_type=Data payload_bytes=198
2026-09-26T01:48:58.855678Z DEBUG netbaiot_transports::business_rpc::v3: business RPC V3 writer completed frame stream_id=494 frame_type=Data payload_bytes=198
2026-09-26T01:48:58.855737Z DEBUG netbaiot_transports::business_rpc::v3: business RPC V3 selected frame stream_id=0 frame_type=WindowUpdate payload_bytes=4
2026-09-26T01:48:58.855757Z DEBUG netbaiot_transports::business_rpc::v3: business RPC V3 writer completed frame stream_id=0 frame_type=WindowUpdate payload_bytes=4
2026-09-26T01:48:58.855771Z DEBUG netbaiot_transports::business_rpc::v3: business RPC V3 selected frame stream_id=0 frame_type=WindowUpdate payload_bytes=4
2026-09-26T01:48:58.855788Z DEBUG netbaiot_transports::business_rpc::v3: business RPC V3 writer completed frame stream_id=0 frame_type=WindowUpdate payload_bytes=4
2026-09-26T01:48:58.855808Z DEBUG netbaiot_transports::business_rpc::v3: business RPC V3 selected frame stream_id=498 frame_type=Open payload_bytes=158
2026-09-26T01:48:58.855856Z DEBUG netbaiot_transports::business_rpc::v3: business RPC V3 writer completed frame stream_id=498 frame_type=Open payload_bytes=158
2026-09-26T01:48:58.855967Z DEBUG netbaiot_transports::business_rpc::v3: business RPC V3 selected frame stream_id=500 frame_type=Open payload_bytes=158
2026-09-26T01:48:58.859870Z DEBUG netbaiot_transports::business_rpc::v3: business RPC V3 writer completed frame stream_id=500 frame_type=Open payload_bytes=158
2026-09-26T01:48:58.862685Z DEBUG netbaiot_transports::business_rpc::v3: business RPC V3 selected frame stream_id=496 frame_type=Data payload_bytes=198
2026-09-26T01:48:58.862709Z DEBUG netbaiot_transports::business_rpc::v3: business RPC V3 writer completed frame stream_id=496 frame_type=Data payload_bytes=198
2026-09-26T01:48:58.862727Z DEBUG netbaiot_transports::business_rpc::v3: business RPC V3 selected frame stream_id=498 frame_type=Data payload_bytes=198
2026-09-26T01:48:58.866696Z DEBUG netbaiot_transports::business_rpc::v3: business RPC V3 writer completed frame stream_id=498 frame_type=Data payload_bytes=198
2026-09-26T01:48:58.869752Z DEBUG netbaiot_transports::business_rpc::v3: business RPC V3 selected frame stream_id=500 frame_type=Data payload_bytes=198
2026-09-26T01:48:58.869918Z DEBUG netbaiot_transports::business_rpc::v3: business RPC V3 writer completed frame stream_id=500 frame_type=Data payload_bytes=198
2026-09-26T01:48:58.872468Z DEBUG netbaiot_transports::business_rpc::v3: business RPC V3 received frame stream_id=0 frame_type=WindowUpdate payload_bytes=4
2026-09-26T01:48:58.872503Z DEBUG netbaiot_transports::business_rpc::v3: business RPC V3 received frame stream_id=494 frame_type=Response payload_bytes=35
2026-09-26T01:48:58.872532Z DEBUG netbaiot_transports::business_rpc::v3: business RPC V3 received frame stream_id=494 frame_type=Data payload_bytes=216
2026-09-26T01:48:58.872845Z DEBUG netbaiot_transports::business_rpc::v3: business RPC V3 received frame stream_id=0 frame_type=WindowUpdate payload_bytes=4
2026-09-26T01:48:58.876655Z DEBUG netbaiot_transports::business_rpc::v3: business RPC V3 received frame stream_id=496 frame_type=Response payload_bytes=35
2026-09-26T01:48:58.879776Z DEBUG netbaiot_transports::business_rpc::v3: business RPC V3 received frame stream_id=496 frame_type=Data payload_bytes=216
2026-09-26T01:48:58.872859Z DEBUG netbaiot_transports::business_rpc::v3: business RPC V3 selected frame stream_id=0 frame_type=WindowUpdate payload_bytes=4
2026-09-26T01:48:58.883996Z DEBUG netbaiot_transports::business_rpc::v3: business RPC V3 received frame stream_id=0 frame_type=WindowUpdate payload_bytes=4
2026-09-26T01:48:58.890799Z DEBUG netbaiot_transports::business_rpc::v3: business RPC V3 received frame stream_id=498 frame_type=Response payload_bytes=35
2026-09-26T01:48:58.893693Z DEBUG netbaiot_transports::business_rpc::v3: business RPC V3 received frame stream_id=498 frame_type=Data payload_bytes=216
2026-09-26T01:48:58.893764Z DEBUG netbaiot_transports::business_rpc::v3: business RPC V3 received frame stream_id=0 frame_type=WindowUpdate payload_bytes=4
2026-09-26T01:48:58.893778Z DEBUG netbaiot_transports::business_rpc::v3: business RPC V3 received frame stream_id=500 frame_type=Response payload_bytes=35
2026-09-26T01:48:58.893791Z DEBUG netbaiot_transports::business_rpc::v3: business RPC V3 received frame stream_id=500 frame_type=Data payload_bytes=216
2026-09-26T01:48:58.887817Z DEBUG netbaiot_transports::business_rpc::v3: business RPC V3 writer completed frame stream_id=0 frame_type=WindowUpdate payload_bytes=4
2026-09-26T01:48:58.900835Z DEBUG netbaiot_transports::business_rpc::v3: business RPC V3 body entered scheduler stream_id=502 class=Rpc body_bytes=198
2026-09-26T01:48:58.903678Z DEBUG netbaiot_transports::business_rpc::v3: business RPC V3 body entered scheduler stream_id=504 class=Rpc body_bytes=198
2026-09-26T01:48:58.907621Z DEBUG netbaiot_transports::business_rpc::v3: business RPC V3 body entered scheduler stream_id=506 class=Rpc body_bytes=198
2026-09-26T01:48:58.907695Z DEBUG netbaiot_transports::business_rpc::v3: business RPC V3 body entered scheduler stream_id=508 class=Rpc body_bytes=198
2026-09-26T01:48:58.911865Z DEBUG netbaiot_transports::business_rpc::v3: business RPC V3 selected frame stream_id=0 frame_type=WindowUpdate payload_bytes=4
2026-09-26T01:48:58.915995Z DEBUG netbaiot_transports::business_rpc::v3: business RPC V3 writer completed frame stream_id=0 frame_type=WindowUpdate payload_bytes=4
2026-09-26T01:48:58.919886Z DEBUG netbaiot_transports::business_rpc::v3: business RPC V3 selected frame stream_id=502 frame_type=Open payload_bytes=158
2026-09-26T01:48:58.919994Z DEBUG netbaiot_transports::business_rpc::v3: business RPC V3 writer completed frame stream_id=502 frame_type=Open payload_bytes=158
2026-09-26T01:48:58.925943Z DEBUG netbaiot_transports::business_rpc::v3: business RPC V3 selected frame stream_id=0 frame_type=WindowUpdate payload_bytes=4
2026-09-26T01:48:58.926115Z DEBUG netbaiot_transports::business_rpc::v3: business RPC V3 writer completed frame stream_id=0 frame_type=WindowUpdate payload_bytes=4
2026-09-26T01:48:58.929796Z DEBUG netbaiot_transports::business_rpc::v3: business RPC V3 selected frame stream_id=502 frame_type=Data payload_bytes=198
2026-09-26T01:48:58.933907Z DEBUG netbaiot_transports::business_rpc::v3: business RPC V3 writer completed frame stream_id=502 frame_type=Data payload_bytes=198
2026-09-26T01:48:58.938097Z DEBUG netbaiot_transports::business_rpc::v3: business RPC V3 selected frame stream_id=0 frame_type=WindowUpdate payload_bytes=4
2026-09-26T01:48:58.938202Z DEBUG netbaiot_transports::business_rpc::v3: business RPC V3 writer completed frame stream_id=0 frame_type=WindowUpdate payload_bytes=4
2026-09-26T01:48:58.938232Z DEBUG netbaiot_transports::business_rpc::v3: business RPC V3 selected frame stream_id=504 frame_type=Open payload_bytes=158
2026-09-26T01:48:58.938255Z DEBUG netbaiot_transports::business_rpc::v3: business RPC V3 writer completed frame stream_id=504 frame_type=Open payload_bytes=158
2026-09-26T01:48:58.938268Z DEBUG netbaiot_transports::business_rpc::v3: business RPC V3 selected frame stream_id=506 frame_type=Open payload_bytes=158
2026-09-26T01:48:58.938287Z DEBUG netbaiot_transports::business_rpc::v3: business RPC V3 writer completed frame stream_id=506 frame_type=Open payload_bytes=158
2026-09-26T01:48:58.945799Z DEBUG netbaiot_transports::business_rpc::v3: business RPC V3 selected frame stream_id=508 frame_type=Open payload_bytes=158
2026-09-26T01:48:58.950323Z DEBUG netbaiot_transports::business_rpc::v3: business RPC V3 writer completed frame stream_id=508 frame_type=Open payload_bytes=158
2026-09-26T01:48:58.955976Z DEBUG netbaiot_transports::business_rpc::v3: business RPC V3 selected frame stream_id=504 frame_type=Data payload_bytes=198
2026-09-26T01:48:58.956051Z DEBUG netbaiot_transports::business_rpc::v3: business RPC V3 writer completed frame stream_id=504 frame_type=Data payload_bytes=198
2026-09-26T01:48:58.956073Z DEBUG netbaiot_transports::business_rpc::v3: business RPC V3 selected frame stream_id=506 frame_type=Data payload_bytes=198
2026-09-26T01:48:58.956091Z DEBUG netbaiot_transports::business_rpc::v3: business RPC V3 writer completed frame stream_id=506 frame_type=Data payload_bytes=198
2026-09-26T01:48:58.956100Z DEBUG netbaiot_transports::business_rpc::v3: business RPC V3 selected frame stream_id=508 frame_type=Data payload_bytes=198
2026-09-26T01:48:58.956114Z DEBUG netbaiot_transports::business_rpc::v3: business RPC V3 writer completed frame stream_id=508 frame_type=Data payload_bytes=198
2026-09-26T01:48:58.959786Z DEBUG netbaiot_transports::business_rpc::v3: business RPC V3 received frame stream_id=0 frame_type=WindowUpdate payload_bytes=4
2026-09-26T01:48:58.964252Z DEBUG netbaiot_transports::business_rpc::v3: business RPC V3 received frame stream_id=502 frame_type=Response payload_bytes=35
2026-09-26T01:48:58.966922Z DEBUG netbaiot_transports::business_rpc::v3: business RPC V3 received frame stream_id=502 frame_type=Data payload_bytes=216
2026-09-26T01:48:58.967011Z DEBUG netbaiot_transports::business_rpc::v3: business RPC V3 received frame stream_id=0 frame_type=WindowUpdate payload_bytes=4
2026-09-26T01:48:58.967178Z DEBUG netbaiot_transports::business_rpc::v3: business RPC V3 selected frame stream_id=0 frame_type=WindowUpdate payload_bytes=4
2026-09-26T01:48:58.969487Z DEBUG netbaiot_transports::business_rpc::v3: business RPC V3 received frame stream_id=0 frame_type=WindowUpdate payload_bytes=4
2026-09-26T01:48:58.970454Z DEBUG netbaiot_transports::business_rpc::v3: business RPC V3 writer completed frame stream_id=0 frame_type=WindowUpdate payload_bytes=4
2026-09-26T01:48:58.973898Z DEBUG netbaiot_transports::business_rpc::v3: business RPC V3 received frame stream_id=0 frame_type=WindowUpdate payload_bytes=4
2026-09-26T01:48:58.984768Z DEBUG netbaiot_transports::business_rpc::v3: business RPC V3 received frame stream_id=506 frame_type=Response payload_bytes=35
2026-09-26T01:48:58.987979Z DEBUG netbaiot_transports::business_rpc::v3: business RPC V3 received frame stream_id=506 frame_type=Data payload_bytes=216
2026-09-26T01:48:58.991894Z DEBUG netbaiot_transports::business_rpc::v3: business RPC V3 received frame stream_id=508 frame_type=Response payload_bytes=35
2026-09-26T01:48:58.994705Z DEBUG netbaiot_transports::business_rpc::v3: business RPC V3 received frame stream_id=504 frame_type=Response payload_bytes=35
2026-09-26T01:48:58.998368Z DEBUG netbaiot_transports::business_rpc::v3: business RPC V3 received frame stream_id=508 frame_type=Data payload_bytes=216
2026-09-26T01:48:58.991921Z DEBUG netbaiot_transports::business_rpc::v3: business RPC V3 body entered scheduler stream_id=510 class=Rpc body_bytes=198
2026-09-26T01:48:58.998916Z DEBUG netbaiot_transports::business_rpc::v3: business RPC V3 selected frame stream_id=510 frame_type=Open payload_bytes=158
2026-09-26T01:48:58.998472Z DEBUG netbaiot_transports::business_rpc::v3: business RPC V3 received frame stream_id=504 frame_type=Data payload_bytes=216
2026-09-26T01:48:59.001762Z DEBUG netbaiot_transports::business_rpc::v3: business RPC V3 writer completed frame stream_id=510 frame_type=Open payload_bytes=158
2026-09-26T01:48:59.002016Z DEBUG netbaiot_transports::business_rpc::v3: business RPC V3 body entered scheduler stream_id=512 class=Rpc body_bytes=198
2026-09-26T01:48:59.002188Z DEBUG netbaiot_transports::business_rpc::v3: business RPC V3 selected frame stream_id=0 frame_type=WindowUpdate payload_bytes=4
2026-09-26T01:48:59.008901Z DEBUG netbaiot_transports::business_rpc::v3: business RPC V3 writer completed frame stream_id=0 frame_type=WindowUpdate payload_bytes=4
2026-09-26T01:48:59.018187Z DEBUG netbaiot_transports::business_rpc::v3: business RPC V3 body entered scheduler stream_id=514 class=Rpc body_bytes=198
2026-09-26T01:48:59.021386Z DEBUG netbaiot_transports::business_rpc::v3: business RPC V3 body entered scheduler stream_id=516 class=Rpc body_bytes=198
2026-09-26T01:48:59.021983Z DEBUG netbaiot_transports::business_rpc::v3: business RPC V3 selected frame stream_id=0 frame_type=WindowUpdate payload_bytes=4
2026-09-26T01:48:59.024818Z DEBUG netbaiot_transports::business_rpc::v3: business RPC V3 writer completed frame stream_id=0 frame_type=WindowUpdate payload_bytes=4
2026-09-26T01:48:59.029466Z DEBUG netbaiot_transports::business_rpc::v3: business RPC V3 selected frame stream_id=510 frame_type=Data payload_bytes=198
2026-09-26T01:48:59.032256Z DEBUG netbaiot_transports::business_rpc::v3: business RPC V3 writer completed frame stream_id=510 frame_type=Data payload_bytes=198
2026-09-26T01:48:59.038926Z DEBUG netbaiot_transports::business_rpc::v3: business RPC V3 selected frame stream_id=0 frame_type=WindowUpdate payload_bytes=4
2026-09-26T01:48:59.043282Z DEBUG netbaiot_transports::business_rpc::v3: business RPC V3 writer completed frame stream_id=0 frame_type=WindowUpdate payload_bytes=4
2026-09-26T01:48:59.048877Z DEBUG netbaiot_transports::business_rpc::v3: business RPC V3 selected frame stream_id=512 frame_type=Open payload_bytes=158
2026-09-26T01:48:59.051888Z DEBUG netbaiot_transports::business_rpc::v3: business RPC V3 writer completed frame stream_id=512 frame_type=Open payload_bytes=158
2026-09-26T01:48:59.054723Z DEBUG netbaiot_transports::business_rpc::v3: business RPC V3 selected frame stream_id=514 frame_type=Open payload_bytes=158
2026-09-26T01:48:59.054757Z DEBUG netbaiot_transports::business_rpc::v3: business RPC V3 writer completed frame stream_id=514 frame_type=Open payload_bytes=158
2026-09-26T01:48:59.054769Z DEBUG netbaiot_transports::business_rpc::v3: business RPC V3 selected frame stream_id=516 frame_type=Open payload_bytes=158
2026-09-26T01:48:59.054782Z DEBUG netbaiot_transports::business_rpc::v3: business RPC V3 writer completed frame stream_id=516 frame_type=Open payload_bytes=158
2026-09-26T01:48:59.054797Z DEBUG netbaiot_transports::business_rpc::v3: business RPC V3 selected frame stream_id=512 frame_type=Data payload_bytes=198
2026-09-26T01:48:59.054809Z DEBUG netbaiot_transports::business_rpc::v3: business RPC V3 writer completed frame stream_id=512 frame_type=Data payload_bytes=198
2026-09-26T01:48:59.054820Z DEBUG netbaiot_transports::business_rpc::v3: business RPC V3 selected frame stream_id=514 frame_type=Data payload_bytes=198
2026-09-26T01:48:59.054832Z DEBUG netbaiot_transports::business_rpc::v3: business RPC V3 writer completed frame stream_id=514 frame_type=Data payload_bytes=198
2026-09-26T01:48:59.055258Z DEBUG netbaiot_transports::business_rpc::v3: business RPC V3 selected frame stream_id=516 frame_type=Data payload_bytes=198
2026-09-26T01:48:59.059220Z DEBUG netbaiot_transports::business_rpc::v3: business RPC V3 writer completed frame stream_id=516 frame_type=Data payload_bytes=198
2026-09-26T01:48:59.060770Z DEBUG netbaiot_transports::business_rpc::v3: business RPC V3 received frame stream_id=0 frame_type=WindowUpdate payload_bytes=4
2026-09-26T01:48:59.064878Z DEBUG netbaiot_transports::business_rpc::v3: business RPC V3 received frame stream_id=510 frame_type=Response payload_bytes=35
2026-09-26T01:48:59.067786Z DEBUG netbaiot_transports::business_rpc::v3: business RPC V3 received frame stream_id=510 frame_type=Data payload_bytes=216
2026-09-26T01:48:59.075689Z DEBUG netbaiot_transports::business_rpc::v3: business RPC V3 received frame stream_id=0 frame_type=WindowUpdate payload_bytes=4
2026-09-26T01:48:59.078758Z DEBUG netbaiot_transports::business_rpc::v3: business RPC V3 received frame stream_id=0 frame_type=WindowUpdate payload_bytes=4
2026-09-26T01:48:59.078827Z DEBUG netbaiot_transports::business_rpc::v3: business RPC V3 received frame stream_id=514 frame_type=Response payload_bytes=35
2026-09-26T01:48:59.078842Z DEBUG netbaiot_transports::business_rpc::v3: business RPC V3 received frame stream_id=514 frame_type=Data payload_bytes=216
2026-09-26T01:48:59.075782Z DEBUG netbaiot_transports::business_rpc::v3: business RPC V3 selected frame stream_id=0 frame_type=WindowUpdate payload_bytes=4
2026-09-26T01:48:59.082878Z DEBUG netbaiot_transports::business_rpc::v3: business RPC V3 writer completed frame stream_id=0 frame_type=WindowUpdate payload_bytes=4
2026-09-26T01:48:59.078901Z DEBUG netbaiot_transports::business_rpc::v3: business RPC V3 received frame stream_id=512 frame_type=Response payload_bytes=35
2026-09-26T01:48:59.086811Z DEBUG netbaiot_transports::business_rpc::v3: business RPC V3 selected frame stream_id=0 frame_type=WindowUpdate payload_bytes=4
2026-09-26T01:48:59.090779Z DEBUG netbaiot_transports::business_rpc::v3: business RPC V3 received frame stream_id=512 frame_type=Data payload_bytes=216
2026-09-26T01:48:59.090950Z DEBUG netbaiot_transports::business_rpc::v3: business RPC V3 writer completed frame stream_id=0 frame_type=WindowUpdate payload_bytes=4
2026-09-26T01:48:59.100055Z DEBUG netbaiot_transports::business_rpc::v3: business RPC V3 body entered scheduler stream_id=518 class=Rpc body_bytes=198
2026-09-26T01:48:59.100078Z DEBUG netbaiot_transports::business_rpc::v3: business RPC V3 selected frame stream_id=518 frame_type=Open payload_bytes=158
2026-09-26T01:48:59.095129Z DEBUG netbaiot_transports::business_rpc::v3: business RPC V3 received frame stream_id=0 frame_type=WindowUpdate payload_bytes=4
2026-09-26T01:48:59.103733Z DEBUG netbaiot_transports::business_rpc::v3: business RPC V3 received frame stream_id=516 frame_type=Response payload_bytes=35
2026-09-26T01:48:59.100229Z DEBUG netbaiot_transports::business_rpc::v3: business RPC V3 writer completed frame stream_id=518 frame_type=Open payload_bytes=158
2026-09-26T01:48:59.114821Z DEBUG netbaiot_transports::business_rpc::v3: business RPC V3 body entered scheduler stream_id=520 class=Rpc body_bytes=198
2026-09-26T01:48:59.118863Z DEBUG netbaiot_transports::business_rpc::v3: business RPC V3 selected frame stream_id=0 frame_type=WindowUpdate payload_bytes=4
2026-09-26T01:48:59.118969Z DEBUG netbaiot_transports::business_rpc::v3: business RPC V3 writer completed frame stream_id=0 frame_type=WindowUpdate payload_bytes=4
2026-09-26T01:48:59.108105Z DEBUG netbaiot_transports::business_rpc::v3: business RPC V3 received frame stream_id=516 frame_type=Data payload_bytes=216
2026-09-26T01:48:59.119003Z DEBUG netbaiot_transports::business_rpc::v3: business RPC V3 selected frame stream_id=518 frame_type=Data payload_bytes=198
2026-09-26T01:48:59.126652Z DEBUG netbaiot_transports::business_rpc::v3: business RPC V3 writer completed frame stream_id=518 frame_type=Data payload_bytes=198
2026-09-26T01:48:59.126863Z DEBUG netbaiot_transports::business_rpc::v3: business RPC V3 received frame stream_id=0 frame_type=WindowUpdate payload_bytes=4
2026-09-26T01:48:59.133727Z DEBUG netbaiot_transports::business_rpc::v3: business RPC V3 received frame stream_id=518 frame_type=Response payload_bytes=35
2026-09-26T01:48:59.133744Z DEBUG netbaiot_transports::business_rpc::v3: business RPC V3 received frame stream_id=518 frame_type=Data payload_bytes=216
2026-09-26T01:48:59.129812Z DEBUG netbaiot_transports::business_rpc::v3: business RPC V3 body entered scheduler stream_id=522 class=Rpc body_bytes=198
2026-09-26T01:48:59.136966Z DEBUG netbaiot_transports::business_rpc::v3: business RPC V3 body entered scheduler stream_id=524 class=Rpc body_bytes=198
2026-09-26T01:48:59.140778Z DEBUG netbaiot_transports::business_rpc::v3: business RPC V3 body entered scheduler stream_id=526 class=Rpc body_bytes=198
2026-09-26T01:48:59.143689Z DEBUG netbaiot_transports::business_rpc::v3: business RPC V3 selected frame stream_id=520 frame_type=Open payload_bytes=158
2026-09-26T01:48:59.146969Z DEBUG netbaiot_transports::business_rpc::v3: business RPC V3 writer completed frame stream_id=520 frame_type=Open payload_bytes=158
2026-09-26T01:48:59.146996Z DEBUG netbaiot_transports::business_rpc::v3: business RPC V3 selected frame stream_id=0 frame_type=WindowUpdate payload_bytes=4
2026-09-26T01:48:59.147013Z DEBUG netbaiot_transports::business_rpc::v3: business RPC V3 writer completed frame stream_id=0 frame_type=WindowUpdate payload_bytes=4
2026-09-26T01:48:59.148373Z DEBUG netbaiot_transports::business_rpc::v3: business RPC V3 selected frame stream_id=522 frame_type=Open payload_bytes=158
2026-09-26T01:48:59.152806Z DEBUG netbaiot_transports::business_rpc::v3: business RPC V3 writer completed frame stream_id=522 frame_type=Open payload_bytes=158
2026-09-26T01:48:59.152841Z DEBUG netbaiot_transports::business_rpc::v3: business RPC V3 selected frame stream_id=524 frame_type=Open payload_bytes=158
2026-09-26T01:48:59.152857Z DEBUG netbaiot_transports::business_rpc::v3: business RPC V3 writer completed frame stream_id=524 frame_type=Open payload_bytes=158
2026-09-26T01:48:59.152871Z DEBUG netbaiot_transports::business_rpc::v3: business RPC V3 selected frame stream_id=520 frame_type=Data payload_bytes=198
2026-09-26T01:48:59.152882Z DEBUG netbaiot_transports::business_rpc::v3: business RPC V3 writer completed frame stream_id=520 frame_type=Data payload_bytes=198
2026-09-26T01:48:59.152891Z DEBUG netbaiot_transports::business_rpc::v3: business RPC V3 selected frame stream_id=0 frame_type=WindowUpdate payload_bytes=4
2026-09-26T01:48:59.152908Z DEBUG netbaiot_transports::business_rpc::v3: business RPC V3 writer completed frame stream_id=0 frame_type=WindowUpdate payload_bytes=4
2026-09-26T01:48:59.152965Z DEBUG netbaiot_transports::business_rpc::v3: business RPC V3 selected frame stream_id=526 frame_type=Open payload_bytes=158
2026-09-26T01:48:59.155769Z DEBUG netbaiot_transports::business_rpc::v3: business RPC V3 writer completed frame stream_id=526 frame_type=Open payload_bytes=158
2026-09-26T01:48:59.159687Z DEBUG netbaiot_transports::business_rpc::v3: business RPC V3 selected frame stream_id=522 frame_type=Data payload_bytes=198
2026-09-26T01:48:59.162742Z DEBUG netbaiot_transports::business_rpc::v3: business RPC V3 writer completed frame stream_id=522 frame_type=Data payload_bytes=198
2026-09-26T01:48:59.165820Z DEBUG netbaiot_transports::business_rpc::v3: business RPC V3 selected frame stream_id=524 frame_type=Data payload_bytes=198
2026-09-26T01:48:59.169669Z DEBUG netbaiot_transports::business_rpc::v3: business RPC V3 writer completed frame stream_id=524 frame_type=Data payload_bytes=198
2026-09-26T01:48:59.173693Z DEBUG netbaiot_transports::business_rpc::v3: business RPC V3 selected frame stream_id=526 frame_type=Data payload_bytes=198
2026-09-26T01:48:59.178071Z DEBUG netbaiot_transports::business_rpc::v3: business RPC V3 writer completed frame stream_id=526 frame_type=Data payload_bytes=198
2026-09-26T01:48:59.181758Z DEBUG netbaiot_transports::business_rpc::v3: business RPC V3 received frame stream_id=0 frame_type=WindowUpdate payload_bytes=4
2026-09-26T01:48:59.185730Z DEBUG netbaiot_transports::business_rpc::v3: business RPC V3 received frame stream_id=520 frame_type=Response payload_bytes=35
2026-09-26T01:48:59.188756Z DEBUG netbaiot_transports::business_rpc::v3: business RPC V3 received frame stream_id=520 frame_type=Data payload_bytes=216
2026-09-26T01:48:59.192816Z DEBUG netbaiot_transports::business_rpc::v3: business RPC V3 received frame stream_id=0 frame_type=WindowUpdate payload_bytes=4
2026-09-26T01:48:59.199758Z DEBUG netbaiot_transports::business_rpc::v3: business RPC V3 received frame stream_id=522 frame_type=Response payload_bytes=35
2026-09-26T01:48:59.192857Z DEBUG netbaiot_transports::business_rpc::v3: business RPC V3 selected frame stream_id=0 frame_type=WindowUpdate payload_bytes=4
2026-09-26T01:48:59.203840Z DEBUG netbaiot_transports::business_rpc::v3: business RPC V3 received frame stream_id=522 frame_type=Data payload_bytes=216
2026-09-26T01:48:59.203983Z DEBUG netbaiot_transports::business_rpc::v3: business RPC V3 writer completed frame stream_id=0 frame_type=WindowUpdate payload_bytes=4
2026-09-26T01:48:59.207764Z DEBUG netbaiot_transports::business_rpc::v3: business RPC V3 received frame stream_id=0 frame_type=WindowUpdate payload_bytes=4
2026-09-26T01:48:59.211676Z DEBUG netbaiot_transports::business_rpc::v3: business RPC V3 selected frame stream_id=0 frame_type=WindowUpdate payload_bytes=4
2026-09-26T01:48:59.215737Z DEBUG netbaiot_transports::business_rpc::v3: business RPC V3 received frame stream_id=524 frame_type=Response payload_bytes=35
2026-09-26T01:48:59.219704Z DEBUG netbaiot_transports::business_rpc::v3: business RPC V3 writer completed frame stream_id=0 frame_type=WindowUpdate payload_bytes=4
2026-09-26T01:48:59.226679Z DEBUG netbaiot_transports::business_rpc::v3: business RPC V3 body entered scheduler stream_id=528 class=Rpc body_bytes=198
2026-09-26T01:48:59.222724Z DEBUG netbaiot_transports::business_rpc::v3: business RPC V3 received frame stream_id=524 frame_type=Data payload_bytes=216
2026-09-26T01:48:59.232745Z DEBUG netbaiot_transports::business_rpc::v3: business RPC V3 selected frame stream_id=528 frame_type=Open payload_bytes=158
2026-09-26T01:48:59.237083Z DEBUG netbaiot_transports::business_rpc::v3: business RPC V3 received frame stream_id=0 frame_type=WindowUpdate payload_bytes=4
2026-09-26T01:48:59.245705Z DEBUG netbaiot_transports::business_rpc::v3: business RPC V3 received frame stream_id=526 frame_type=Response payload_bytes=35
2026-09-26T01:48:59.245722Z DEBUG netbaiot_transports::business_rpc::v3: business RPC V3 received frame stream_id=526 frame_type=Data payload_bytes=216
2026-09-26T01:48:59.239836Z DEBUG netbaiot_transports::business_rpc::v3: business RPC V3 writer completed frame stream_id=528 frame_type=Open payload_bytes=158
2026-09-26T01:48:59.245814Z DEBUG netbaiot_transports::business_rpc::v3: business RPC V3 body entered scheduler stream_id=530 class=Rpc body_bytes=198
2026-09-26T01:48:59.250028Z DEBUG netbaiot_transports::business_rpc::v3: business RPC V3 body entered scheduler stream_id=532 class=Rpc body_bytes=198
2026-09-26T01:48:59.254889Z DEBUG netbaiot_transports::business_rpc::v3: business RPC V3 body entered scheduler stream_id=534 class=Rpc body_bytes=198
2026-09-26T01:48:59.258679Z DEBUG netbaiot_transports::business_rpc::v3: business RPC V3 selected frame stream_id=0 frame_type=WindowUpdate payload_bytes=4
2026-09-26T01:48:59.262627Z DEBUG netbaiot_transports::business_rpc::v3: business RPC V3 writer completed frame stream_id=0 frame_type=WindowUpdate payload_bytes=4
2026-09-26T01:48:59.262647Z DEBUG netbaiot_transports::business_rpc::v3: business RPC V3 selected frame stream_id=528 frame_type=Data payload_bytes=198
2026-09-26T01:48:59.266568Z DEBUG netbaiot_transports::business_rpc::v3: business RPC V3 writer completed frame stream_id=528 frame_type=Data payload_bytes=198
2026-09-26T01:48:59.269759Z DEBUG netbaiot_transports::business_rpc::v3: business RPC V3 selected frame stream_id=530 frame_type=Open payload_bytes=158
2026-09-26T01:48:59.272693Z DEBUG netbaiot_transports::business_rpc::v3: business RPC V3 writer completed frame stream_id=530 frame_type=Open payload_bytes=158
2026-09-26T01:48:59.275652Z DEBUG netbaiot_transports::business_rpc::v3: business RPC V3 selected frame stream_id=0 frame_type=WindowUpdate payload_bytes=4
2026-09-26T01:48:59.279886Z DEBUG netbaiot_transports::business_rpc::v3: business RPC V3 writer completed frame stream_id=0 frame_type=WindowUpdate payload_bytes=4
2026-09-26T01:48:59.282958Z DEBUG netbaiot_transports::business_rpc::v3: business RPC V3 selected frame stream_id=532 frame_type=Open payload_bytes=158
2026-09-26T01:48:59.286913Z DEBUG netbaiot_transports::business_rpc::v3: business RPC V3 writer completed frame stream_id=532 frame_type=Open payload_bytes=158
2026-09-26T01:48:59.290751Z DEBUG netbaiot_transports::business_rpc::v3: business RPC V3 selected frame stream_id=534 frame_type=Open payload_bytes=158
2026-09-26T01:48:59.295025Z DEBUG netbaiot_transports::business_rpc::v3: business RPC V3 writer completed frame stream_id=534 frame_type=Open payload_bytes=158
2026-09-26T01:48:59.301686Z DEBUG netbaiot_transports::business_rpc::v3: business RPC V3 selected frame stream_id=530 frame_type=Data payload_bytes=198
2026-09-26T01:48:59.301713Z DEBUG netbaiot_transports::business_rpc::v3: business RPC V3 writer completed frame stream_id=530 frame_type=Data payload_bytes=198
2026-09-26T01:48:59.301730Z DEBUG netbaiot_transports::business_rpc::v3: business RPC V3 selected frame stream_id=532 frame_type=Data payload_bytes=198
2026-09-26T01:48:59.301749Z DEBUG netbaiot_transports::business_rpc::v3: business RPC V3 writer completed frame stream_id=532 frame_type=Data payload_bytes=198
2026-09-26T01:48:59.301761Z DEBUG netbaiot_transports::business_rpc::v3: business RPC V3 selected frame stream_id=534 frame_type=Data payload_bytes=198
2026-09-26T01:48:59.301776Z DEBUG netbaiot_transports::business_rpc::v3: business RPC V3 writer completed frame stream_id=534 frame_type=Data payload_bytes=198
2026-09-26T01:48:59.301879Z DEBUG netbaiot_transports::business_rpc::v3: business RPC V3 received frame stream_id=0 frame_type=WindowUpdate payload_bytes=4
2026-09-26T01:48:59.305852Z DEBUG netbaiot_transports::business_rpc::v3: business RPC V3 received frame stream_id=528 frame_type=Response payload_bytes=35
2026-09-26T01:48:59.309800Z DEBUG netbaiot_transports::business_rpc::v3: business RPC V3 received frame stream_id=528 frame_type=Data payload_bytes=216
2026-09-26T01:48:59.313951Z DEBUG netbaiot_transports::business_rpc::v3: business RPC V3 received frame stream_id=0 frame_type=WindowUpdate payload_bytes=4
2026-09-26T01:48:59.318886Z DEBUG netbaiot_transports::business_rpc::v3: business RPC V3 received frame stream_id=0 frame_type=WindowUpdate payload_bytes=4
2026-09-26T01:48:59.313994Z DEBUG netbaiot_transports::business_rpc::v3: business RPC V3 selected frame stream_id=0 frame_type=WindowUpdate payload_bytes=4
2026-09-26T01:48:59.326483Z DEBUG netbaiot_transports::business_rpc::v3: business RPC V3 received frame stream_id=0 frame_type=WindowUpdate payload_bytes=4
2026-09-26T01:48:59.329905Z DEBUG netbaiot_transports::business_rpc::v3: business RPC V3 received frame stream_id=534 frame_type=Response payload_bytes=35
2026-09-26T01:48:59.329879Z DEBUG netbaiot_transports::business_rpc::v3: business RPC V3 writer completed frame stream_id=0 frame_type=WindowUpdate payload_bytes=4
2026-09-26T01:48:59.333803Z DEBUG netbaiot_transports::business_rpc::v3: business RPC V3 received frame stream_id=534 frame_type=Data payload_bytes=216
2026-09-26T01:48:59.341765Z DEBUG netbaiot_transports::business_rpc::v3: business RPC V3 received frame stream_id=532 frame_type=Response payload_bytes=35
2026-09-26T01:48:59.344761Z DEBUG netbaiot_transports::business_rpc::v3: business RPC V3 received frame stream_id=532 frame_type=Data payload_bytes=216
2026-09-26T01:48:59.344782Z DEBUG netbaiot_transports::business_rpc::v3: business RPC V3 received frame stream_id=530 frame_type=Response payload_bytes=35
2026-09-26T01:48:59.341777Z DEBUG netbaiot_transports::business_rpc::v3: business RPC V3 selected frame stream_id=0 frame_type=WindowUpdate payload_bytes=4
2026-09-26T01:48:59.348942Z DEBUG netbaiot_transports::business_rpc::v3: business RPC V3 received frame stream_id=530 frame_type=Data payload_bytes=216
2026-09-26T01:48:59.356711Z DEBUG netbaiot_transports::business_rpc::v3: business RPC V3 writer completed frame stream_id=0 frame_type=WindowUpdate payload_bytes=4
2026-09-26T01:48:59.359719Z DEBUG netbaiot_transports::business_rpc::v3: business RPC V3 body entered scheduler stream_id=536 class=Rpc body_bytes=198
2026-09-26T01:48:59.359742Z DEBUG netbaiot_transports::business_rpc::v3: business RPC V3 selected frame stream_id=536 frame_type=Open payload_bytes=158
2026-09-26T01:48:59.359761Z DEBUG netbaiot_transports::business_rpc::v3: business RPC V3 writer completed frame stream_id=536 frame_type=Open payload_bytes=158
2026-09-26T01:48:59.359707Z DEBUG netbaiot_transports::business_rpc::v3: business RPC V3 received frame stream_id=0 frame_type=Ping payload_bytes=8
2026-09-26T01:48:59.359806Z DEBUG netbaiot_transports::business_rpc::v3: business RPC V3 selected frame stream_id=0 frame_type=WindowUpdate payload_bytes=4
2026-09-26T01:48:59.365784Z DEBUG netbaiot_transports::business_rpc::v3: business RPC V3 writer completed frame stream_id=0 frame_type=WindowUpdate payload_bytes=4
2026-09-26T01:48:59.368859Z DEBUG netbaiot_transports::business_rpc::v3: business RPC V3 selected frame stream_id=536 frame_type=Data payload_bytes=198
2026-09-26T01:48:59.371905Z DEBUG netbaiot_transports::business_rpc::v3: business RPC V3 writer completed frame stream_id=536 frame_type=Data payload_bytes=198
2026-09-26T01:48:59.371930Z DEBUG netbaiot_transports::business_rpc::v3: business RPC V3 selected frame stream_id=0 frame_type=WindowUpdate payload_bytes=4
2026-09-26T01:48:59.374769Z DEBUG netbaiot_transports::business_rpc::v3: business RPC V3 writer completed frame stream_id=0 frame_type=WindowUpdate payload_bytes=4
2026-09-26T01:48:59.378641Z DEBUG netbaiot_transports::business_rpc::v3: business RPC V3 selected frame stream_id=0 frame_type=Pong payload_bytes=8
2026-09-26T01:48:59.378665Z DEBUG netbaiot_transports::business_rpc::v3: business RPC V3 writer completed frame stream_id=0 frame_type=Pong payload_bytes=8
2026-09-26T01:48:59.378683Z DEBUG netbaiot_transports::business_rpc::v3: business RPC V3 received frame stream_id=0 frame_type=WindowUpdate payload_bytes=4
2026-09-26T01:48:59.382697Z DEBUG netbaiot_transports::business_rpc::v3: business RPC V3 received frame stream_id=536 frame_type=Response payload_bytes=35
2026-09-26T01:48:59.386742Z DEBUG netbaiot_transports::business_rpc::v3: business RPC V3 received frame stream_id=536 frame_type=Data payload_bytes=216
2026-09-26T01:48:59.390733Z DEBUG netbaiot_transports::business_rpc::v3: business RPC V3 selected frame stream_id=0 frame_type=WindowUpdate payload_bytes=4
2026-09-26T01:48:59.390860Z DEBUG netbaiot_transports::business_rpc::v3: business RPC V3 writer completed frame stream_id=0 frame_type=WindowUpdate payload_bytes=4
2026-09-26T01:48:59.461648Z DEBUG netbaiot_transports::business_rpc::v3: business RPC V3 body entered scheduler stream_id=538 class=Event body_bytes=17366
2026-09-26T01:48:59.467655Z DEBUG netbaiot_transports::business_rpc::v3: business RPC V3 selected frame stream_id=538 frame_type=Open payload_bytes=184
2026-09-26T01:48:59.471957Z DEBUG netbaiot_transports::business_rpc::v3: business RPC V3 writer completed frame stream_id=538 frame_type=Open payload_bytes=184
2026-09-26T01:48:59.475916Z DEBUG netbaiot_transports::business_rpc::v3: business RPC V3 selected frame stream_id=538 frame_type=Data payload_bytes=8192
2026-09-26T01:48:59.476001Z DEBUG netbaiot_transports::business_rpc::v3: business RPC V3 writer completed frame stream_id=538 frame_type=Data payload_bytes=8192
2026-09-26T01:48:59.476015Z DEBUG netbaiot_transports::business_rpc::v3: business RPC V3 selected frame stream_id=538 frame_type=Data payload_bytes=8192
2026-09-26T01:48:59.476048Z DEBUG netbaiot_transports::business_rpc::v3: business RPC V3 writer completed frame stream_id=538 frame_type=Data payload_bytes=8192
2026-09-26T01:48:59.476250Z DEBUG netbaiot_transports::business_rpc::v3: business RPC V3 received frame stream_id=0 frame_type=WindowUpdate payload_bytes=4
2026-09-26T01:48:59.479430Z DEBUG netbaiot_transports::business_rpc::v3: business RPC V3 received frame stream_id=538 frame_type=WindowUpdate payload_bytes=4
2026-09-26T01:48:59.479854Z DEBUG netbaiot_transports::business_rpc::v3: business RPC V3 received frame stream_id=0 frame_type=WindowUpdate payload_bytes=4
2026-09-26T01:48:59.486855Z DEBUG netbaiot_transports::business_rpc::v3: business RPC V3 received frame stream_id=538 frame_type=WindowUpdate payload_bytes=4
2026-09-26T01:48:59.489927Z DEBUG netbaiot_transports::business_rpc::v3: business RPC V3 selected frame stream_id=538 frame_type=Data payload_bytes=982
2026-09-26T01:48:59.493941Z DEBUG netbaiot_transports::business_rpc::v3: business RPC V3 writer completed frame stream_id=538 frame_type=Data payload_bytes=982
2026-09-26T01:48:59.494420Z DEBUG netbaiot_transports::business_rpc::v3: business RPC V3 received frame stream_id=0 frame_type=WindowUpdate payload_bytes=4
2026-09-26T01:48:59.500630Z DEBUG netbaiot_transports::business_rpc::v3: business RPC V3 received frame stream_id=538 frame_type=Response payload_bytes=35
2026-09-26T01:48:59.504581Z DEBUG netbaiot_transports::business_rpc::v3: business RPC V3 received frame stream_id=538 frame_type=Data payload_bytes=118
2026-09-26T01:48:59.504847Z DEBUG netbaiot_transports::business_rpc::v3: business RPC V3 Event delivery acknowledged stream_id=538 completion_us=43217
2026-09-26T01:48:59.508979Z DEBUG netbaiot_transports::business_rpc::v3: business RPC V3 selected frame stream_id=0 frame_type=WindowUpdate payload_bytes=4
2026-09-26T01:48:59.511919Z DEBUG netbaiot_transports::business_rpc::v3: business RPC V3 writer completed frame stream_id=0 frame_type=WindowUpdate payload_bytes=4
2026-09-26T01:48:59.617625Z DEBUG netbaiot_transports::business_rpc::v3: business RPC V3 body entered scheduler stream_id=540 class=Rpc body_bytes=198
2026-09-26T01:48:59.624575Z DEBUG netbaiot_transports::business_rpc::v3: business RPC V3 selected frame stream_id=540 frame_type=Open payload_bytes=158
2026-09-26T01:48:59.628697Z DEBUG netbaiot_transports::business_rpc::v3: business RPC V3 writer completed frame stream_id=540 frame_type=Open payload_bytes=158
2026-09-26T01:48:59.632718Z DEBUG netbaiot_transports::business_rpc::v3: business RPC V3 selected frame stream_id=540 frame_type=Data payload_bytes=198
2026-09-26T01:48:59.635744Z DEBUG netbaiot_transports::business_rpc::v3: business RPC V3 writer completed frame stream_id=540 frame_type=Data payload_bytes=198
2026-09-26T01:48:59.644036Z DEBUG netbaiot_transports::business_rpc::v3: business RPC V3 received frame stream_id=0 frame_type=WindowUpdate payload_bytes=4
2026-09-26T01:48:59.649782Z DEBUG netbaiot_transports::business_rpc::v3: business RPC V3 received frame stream_id=540 frame_type=Response payload_bytes=35
2026-09-26T01:48:59.652762Z DEBUG netbaiot_transports::business_rpc::v3: business RPC V3 received frame stream_id=540 frame_type=Data payload_bytes=216
2026-09-26T01:48:59.652928Z DEBUG netbaiot_transports::business_rpc::v3: business RPC V3 selected frame stream_id=0 frame_type=WindowUpdate payload_bytes=4
2026-09-26T01:48:59.656909Z DEBUG netbaiot_transports::business_rpc::v3: business RPC V3 writer completed frame stream_id=0 frame_type=WindowUpdate payload_bytes=4
2026-09-26T01:48:59.660740Z DEBUG netbaiot_transports::business_rpc::v3: business RPC V3 body entered scheduler stream_id=542 class=Rpc body_bytes=198
2026-09-26T01:48:59.664796Z DEBUG netbaiot_transports::business_rpc::v3: business RPC V3 body entered scheduler stream_id=544 class=Rpc body_bytes=198
2026-09-26T01:48:59.668755Z DEBUG netbaiot_transports::business_rpc::v3: business RPC V3 selected frame stream_id=542 frame_type=Open payload_bytes=158
2026-09-26T01:48:59.668821Z DEBUG netbaiot_transports::business_rpc::v3: business RPC V3 writer completed frame stream_id=542 frame_type=Open payload_bytes=158
2026-09-26T01:48:59.668851Z DEBUG netbaiot_transports::business_rpc::v3: business RPC V3 selected frame stream_id=544 frame_type=Open payload_bytes=158
2026-09-26T01:48:59.668865Z DEBUG netbaiot_transports::business_rpc::v3: business RPC V3 writer completed frame stream_id=544 frame_type=Open payload_bytes=158
2026-09-26T01:48:59.668877Z DEBUG netbaiot_transports::business_rpc::v3: business RPC V3 selected frame stream_id=542 frame_type=Data payload_bytes=198
2026-09-26T01:48:59.668903Z DEBUG netbaiot_transports::business_rpc::v3: business RPC V3 writer completed frame stream_id=542 frame_type=Data payload_bytes=198
2026-09-26T01:48:59.668932Z DEBUG netbaiot_transports::business_rpc::v3: business RPC V3 selected frame stream_id=544 frame_type=Data payload_bytes=198
2026-09-26T01:48:59.678826Z DEBUG netbaiot_transports::business_rpc::v3: business RPC V3 writer completed frame stream_id=544 frame_type=Data payload_bytes=198
2026-09-26T01:48:59.681930Z DEBUG netbaiot_transports::business_rpc::v3: business RPC V3 received frame stream_id=0 frame_type=WindowUpdate payload_bytes=4
2026-09-26T01:48:59.682225Z DEBUG netbaiot_transports::business_rpc::v3: business RPC V3 received frame stream_id=542 frame_type=Response payload_bytes=35
2026-09-26T01:48:59.684775Z DEBUG netbaiot_transports::business_rpc::v3: business RPC V3 received frame stream_id=542 frame_type=Data payload_bytes=216
2026-09-26T01:48:59.689852Z DEBUG netbaiot_transports::business_rpc::v3: business RPC V3 received frame stream_id=0 frame_type=WindowUpdate payload_bytes=4
2026-09-26T01:48:59.693828Z DEBUG netbaiot_transports::business_rpc::v3: business RPC V3 received frame stream_id=544 frame_type=Response payload_bytes=35
2026-09-26T01:48:59.689894Z DEBUG netbaiot_transports::business_rpc::v3: business RPC V3 selected frame stream_id=0 frame_type=WindowUpdate payload_bytes=4
2026-09-26T01:48:59.697724Z DEBUG netbaiot_transports::business_rpc::v3: business RPC V3 received frame stream_id=544 frame_type=Data payload_bytes=216
2026-09-26T01:48:59.697930Z DEBUG netbaiot_transports::business_rpc::v3: business RPC V3 writer completed frame stream_id=0 frame_type=WindowUpdate payload_bytes=4
2026-09-26T01:48:59.701916Z DEBUG netbaiot_transports::business_rpc::v3: business RPC V3 body entered scheduler stream_id=546 class=Rpc body_bytes=198
2026-09-26T01:48:59.705717Z DEBUG netbaiot_transports::business_rpc::v3: business RPC V3 body entered scheduler stream_id=548 class=Rpc body_bytes=198
2026-09-26T01:48:59.710165Z DEBUG netbaiot_transports::business_rpc::v3: business RPC V3 selected frame stream_id=0 frame_type=WindowUpdate payload_bytes=4
2026-09-26T01:48:59.710251Z DEBUG netbaiot_transports::business_rpc::v3: business RPC V3 writer completed frame stream_id=0 frame_type=WindowUpdate payload_bytes=4
2026-09-26T01:48:59.712837Z DEBUG netbaiot_transports::business_rpc::v3: business RPC V3 selected frame stream_id=546 frame_type=Open payload_bytes=158
2026-09-26T01:48:59.720756Z DEBUG netbaiot_transports::business_rpc::v3: business RPC V3 writer completed frame stream_id=546 frame_type=Open payload_bytes=158
2026-09-26T01:48:59.725100Z DEBUG netbaiot_transports::business_rpc::v3: business RPC V3 selected frame stream_id=548 frame_type=Open payload_bytes=158
2026-09-26T01:48:59.728805Z DEBUG netbaiot_transports::business_rpc::v3: business RPC V3 writer completed frame stream_id=548 frame_type=Open payload_bytes=158
2026-09-26T01:48:59.732684Z DEBUG netbaiot_transports::business_rpc::v3: business RPC V3 selected frame stream_id=546 frame_type=Data payload_bytes=198
2026-09-26T01:48:59.735814Z DEBUG netbaiot_transports::business_rpc::v3: business RPC V3 writer completed frame stream_id=546 frame_type=Data payload_bytes=198
2026-09-26T01:48:59.735862Z DEBUG netbaiot_transports::business_rpc::v3: business RPC V3 selected frame stream_id=548 frame_type=Data payload_bytes=198
2026-09-26T01:48:59.735885Z DEBUG netbaiot_transports::business_rpc::v3: business RPC V3 writer completed frame stream_id=548 frame_type=Data payload_bytes=198
2026-09-26T01:48:59.736627Z DEBUG netbaiot_transports::business_rpc::v3: business RPC V3 received frame stream_id=0 frame_type=WindowUpdate payload_bytes=4
2026-09-26T01:48:59.738742Z DEBUG netbaiot_transports::business_rpc::v3: business RPC V3 received frame stream_id=0 frame_type=WindowUpdate payload_bytes=4
2026-09-26T01:48:59.739251Z DEBUG netbaiot_transports::business_rpc::v3: business RPC V3 received frame stream_id=548 frame_type=Response payload_bytes=35
2026-09-26T01:48:59.742867Z DEBUG netbaiot_transports::business_rpc::v3: business RPC V3 received frame stream_id=546 frame_type=Response payload_bytes=35
2026-09-26T01:48:59.745735Z DEBUG netbaiot_transports::business_rpc::v3: business RPC V3 received frame stream_id=548 frame_type=Data payload_bytes=216
2026-09-26T01:48:59.749960Z DEBUG netbaiot_transports::business_rpc::v3: business RPC V3 received frame stream_id=546 frame_type=Data payload_bytes=216
2026-09-26T01:48:59.750123Z DEBUG netbaiot_transports::business_rpc::v3: business RPC V3 selected frame stream_id=0 frame_type=WindowUpdate payload_bytes=4
2026-09-26T01:48:59.757847Z DEBUG netbaiot_transports::business_rpc::v3: business RPC V3 writer completed frame stream_id=0 frame_type=WindowUpdate payload_bytes=4
2026-09-26T01:48:59.761974Z DEBUG netbaiot_transports::business_rpc::v3: business RPC V3 body entered scheduler stream_id=550 class=Rpc body_bytes=198
2026-09-26T01:48:59.766095Z DEBUG netbaiot_transports::business_rpc::v3: business RPC V3 body entered scheduler stream_id=552 class=Rpc body_bytes=198
2026-09-26T01:48:59.768842Z DEBUG netbaiot_transports::business_rpc::v3: business RPC V3 body entered scheduler stream_id=554 class=Rpc body_bytes=198
2026-09-26T01:48:59.768863Z DEBUG netbaiot_transports::business_rpc::v3: business RPC V3 selected frame stream_id=0 frame_type=WindowUpdate payload_bytes=4
2026-09-26T01:48:59.768949Z DEBUG netbaiot_transports::business_rpc::v3: business RPC V3 writer completed frame stream_id=0 frame_type=WindowUpdate payload_bytes=4
2026-09-26T01:48:59.772783Z DEBUG netbaiot_transports::business_rpc::v3: business RPC V3 selected frame stream_id=550 frame_type=Open payload_bytes=158
2026-09-26T01:48:59.775868Z DEBUG netbaiot_transports::business_rpc::v3: business RPC V3 writer completed frame stream_id=550 frame_type=Open payload_bytes=158
2026-09-26T01:48:59.782955Z DEBUG netbaiot_transports::business_rpc::v3: business RPC V3 selected frame stream_id=552 frame_type=Open payload_bytes=158
2026-09-26T01:48:59.786021Z DEBUG netbaiot_transports::business_rpc::v3: business RPC V3 writer completed frame stream_id=552 frame_type=Open payload_bytes=158
2026-09-26T01:48:59.793917Z DEBUG netbaiot_transports::business_rpc::v3: business RPC V3 selected frame stream_id=550 frame_type=Data payload_bytes=198
2026-09-26T01:48:59.798500Z DEBUG netbaiot_transports::business_rpc::v3: business RPC V3 writer completed frame stream_id=550 frame_type=Data payload_bytes=198
2026-09-26T01:48:59.802283Z DEBUG netbaiot_transports::business_rpc::v3: business RPC V3 selected frame stream_id=554 frame_type=Open payload_bytes=158
2026-09-26T01:48:59.806635Z DEBUG netbaiot_transports::business_rpc::v3: business RPC V3 writer completed frame stream_id=554 frame_type=Open payload_bytes=158
2026-09-26T01:48:59.808063Z DEBUG netbaiot_transports::business_rpc::v3: business RPC V3 selected frame stream_id=552 frame_type=Data payload_bytes=198
2026-09-26T01:48:59.813969Z DEBUG netbaiot_transports::business_rpc::v3: business RPC V3 writer completed frame stream_id=552 frame_type=Data payload_bytes=198
2026-09-26T01:48:59.819934Z DEBUG netbaiot_transports::business_rpc::v3: business RPC V3 selected frame stream_id=554 frame_type=Data payload_bytes=198
2026-09-26T01:48:59.824019Z DEBUG netbaiot_transports::business_rpc::v3: business RPC V3 writer completed frame stream_id=554 frame_type=Data payload_bytes=198
2026-09-26T01:48:59.827532Z DEBUG netbaiot_transports::business_rpc::v3: business RPC V3 received frame stream_id=0 frame_type=WindowUpdate payload_bytes=4
2026-09-26T01:48:59.836628Z DEBUG netbaiot_transports::business_rpc::v3: business RPC V3 received frame stream_id=550 frame_type=Response payload_bytes=35
2026-09-26T01:48:59.840785Z DEBUG netbaiot_transports::business_rpc::v3: business RPC V3 received frame stream_id=550 frame_type=Data payload_bytes=216
2026-09-26T01:48:59.844668Z DEBUG netbaiot_transports::business_rpc::v3: business RPC V3 received frame stream_id=0 frame_type=WindowUpdate payload_bytes=4
2026-09-26T01:48:59.844687Z DEBUG netbaiot_transports::business_rpc::v3: business RPC V3 received frame stream_id=552 frame_type=Response payload_bytes=35
2026-09-26T01:48:59.844702Z DEBUG netbaiot_transports::business_rpc::v3: business RPC V3 received frame stream_id=552 frame_type=Data payload_bytes=216
2026-09-26T01:48:59.844740Z DEBUG netbaiot_transports::business_rpc::v3: business RPC V3 selected frame stream_id=0 frame_type=WindowUpdate payload_bytes=4
2026-09-26T01:48:59.853051Z DEBUG netbaiot_transports::business_rpc::v3: business RPC V3 writer completed frame stream_id=0 frame_type=WindowUpdate payload_bytes=4
2026-09-26T01:48:59.858817Z DEBUG netbaiot_transports::business_rpc::v3: business RPC V3 selected frame stream_id=0 frame_type=WindowUpdate payload_bytes=4
2026-09-26T01:48:59.858845Z DEBUG netbaiot_transports::business_rpc::v3: business RPC V3 writer completed frame stream_id=0 frame_type=WindowUpdate payload_bytes=4
2026-09-26T01:48:59.848833Z DEBUG netbaiot_transports::business_rpc::v3: business RPC V3 received frame stream_id=0 frame_type=WindowUpdate payload_bytes=4
2026-09-26T01:48:59.861782Z DEBUG netbaiot_transports::business_rpc::v3: business RPC V3 received frame stream_id=554 frame_type=Response payload_bytes=35
2026-09-26T01:48:59.865937Z DEBUG netbaiot_transports::business_rpc::v3: business RPC V3 received frame stream_id=554 frame_type=Data payload_bytes=216
2026-09-26T01:48:59.873973Z DEBUG netbaiot_transports::business_rpc::v3: business RPC V3 body entered scheduler stream_id=556 class=Rpc body_bytes=198
2026-09-26T01:48:59.877905Z DEBUG netbaiot_transports::business_rpc::v3: business RPC V3 body entered scheduler stream_id=558 class=Rpc body_bytes=198
2026-09-26T01:48:59.881716Z DEBUG netbaiot_transports::business_rpc::v3: business RPC V3 body entered scheduler stream_id=560 class=Rpc body_bytes=198
2026-09-26T01:48:59.885721Z DEBUG netbaiot_transports::business_rpc::v3: business RPC V3 selected frame stream_id=556 frame_type=Open payload_bytes=158
2026-09-26T01:48:59.889876Z DEBUG netbaiot_transports::business_rpc::v3: business RPC V3 writer completed frame stream_id=556 frame_type=Open payload_bytes=158
2026-09-26T01:48:59.893359Z DEBUG netbaiot_transports::business_rpc::v3: business RPC V3 selected frame stream_id=558 frame_type=Open payload_bytes=158
2026-09-26T01:48:59.896894Z DEBUG netbaiot_transports::business_rpc::v3: business RPC V3 writer completed frame stream_id=558 frame_type=Open payload_bytes=158
2026-09-26T01:48:59.900884Z DEBUG netbaiot_transports::business_rpc::v3: business RPC V3 body entered scheduler stream_id=562 class=Rpc body_bytes=198
2026-09-26T01:48:59.904790Z DEBUG netbaiot_transports::business_rpc::v3: business RPC V3 selected frame stream_id=556 frame_type=Data payload_bytes=198
2026-09-26T01:48:59.905091Z DEBUG netbaiot_transports::business_rpc::v3: business RPC V3 writer completed frame stream_id=556 frame_type=Data payload_bytes=198
2026-09-26T01:48:59.905282Z DEBUG netbaiot_transports::business_rpc::v3: business RPC V3 received frame stream_id=0 frame_type=WindowUpdate payload_bytes=4
2026-09-26T01:48:59.907733Z DEBUG netbaiot_transports::business_rpc::v3: business RPC V3 selected frame stream_id=0 frame_type=WindowUpdate payload_bytes=4
2026-09-26T01:48:59.919017Z DEBUG netbaiot_transports::business_rpc::v3: business RPC V3 writer completed frame stream_id=0 frame_type=WindowUpdate payload_bytes=4
2026-09-26T01:48:59.925838Z DEBUG netbaiot_transports::business_rpc::v3: business RPC V3 selected frame stream_id=560 frame_type=Open payload_bytes=158
2026-09-26T01:48:59.912020Z DEBUG netbaiot_transports::business_rpc::v3: business RPC V3 received frame stream_id=556 frame_type=Response payload_bytes=35
2026-09-26T01:48:59.940959Z DEBUG netbaiot_transports::business_rpc::v3: business RPC V3 received frame stream_id=556 frame_type=Data payload_bytes=216
2026-09-26T01:48:59.937145Z DEBUG netbaiot_transports::business_rpc::v3: business RPC V3 writer completed frame stream_id=560 frame_type=Open payload_bytes=158
2026-09-26T01:48:59.948786Z DEBUG netbaiot_transports::business_rpc::v3: business RPC V3 body entered scheduler stream_id=564 class=Rpc body_bytes=198
2026-09-26T01:48:59.952914Z DEBUG netbaiot_transports::business_rpc::v3: business RPC V3 selected frame stream_id=562 frame_type=Open payload_bytes=158
2026-09-26T01:48:59.955959Z DEBUG netbaiot_transports::business_rpc::v3: business RPC V3 writer completed frame stream_id=562 frame_type=Open payload_bytes=158
2026-09-26T01:48:59.959639Z DEBUG netbaiot_transports::business_rpc::v3: business RPC V3 selected frame stream_id=0 frame_type=WindowUpdate payload_bytes=4
2026-09-26T01:48:59.972179Z DEBUG netbaiot_transports::business_rpc::v3: business RPC V3 writer completed frame stream_id=0 frame_type=WindowUpdate payload_bytes=4
2026-09-26T01:48:59.976359Z DEBUG netbaiot_transports::business_rpc::v3: business RPC V3 selected frame stream_id=558 frame_type=Data payload_bytes=198
2026-09-26T01:48:59.980272Z DEBUG netbaiot_transports::business_rpc::v3: business RPC V3 writer completed frame stream_id=558 frame_type=Data payload_bytes=198
2026-09-26T01:48:59.982398Z DEBUG netbaiot_transports::business_rpc::v3: business RPC V3 selected frame stream_id=564 frame_type=Open payload_bytes=158
2026-09-26T01:48:59.983141Z DEBUG netbaiot_transports::business_rpc::v3: business RPC V3 writer completed frame stream_id=564 frame_type=Open payload_bytes=158
2026-09-26T01:48:59.985832Z DEBUG netbaiot_transports::business_rpc::v3: business RPC V3 selected frame stream_id=560 frame_type=Data payload_bytes=198
2026-09-26T01:48:59.985923Z DEBUG netbaiot_transports::business_rpc::v3: business RPC V3 writer completed frame stream_id=560 frame_type=Data payload_bytes=198
2026-09-26T01:48:59.989079Z DEBUG netbaiot_transports::business_rpc::v3: business RPC V3 selected frame stream_id=562 frame_type=Data payload_bytes=198
2026-09-26T01:48:59.992206Z DEBUG netbaiot_transports::business_rpc::v3: business RPC V3 writer completed frame stream_id=562 frame_type=Data payload_bytes=198
2026-09-26T01:48:59.998672Z DEBUG netbaiot_transports::business_rpc::v3: business RPC V3 selected frame stream_id=564 frame_type=Data payload_bytes=198
2026-09-26T01:49:00.010518Z DEBUG netbaiot_transports::business_rpc::v3: business RPC V3 writer completed frame stream_id=564 frame_type=Data payload_bytes=198
2026-09-26T01:49:00.018701Z DEBUG netbaiot_transports::business_rpc::v3: business RPC V3 received frame stream_id=0 frame_type=WindowUpdate payload_bytes=4
2026-09-26T01:49:00.024964Z DEBUG netbaiot_transports::business_rpc::v3: business RPC V3 received frame stream_id=558 frame_type=Response payload_bytes=35
2026-09-26T01:49:00.031849Z DEBUG netbaiot_transports::business_rpc::v3: business RPC V3 received frame stream_id=558 frame_type=Data payload_bytes=216
2026-09-26T01:49:00.035866Z DEBUG netbaiot_transports::business_rpc::v3: business RPC V3 received frame stream_id=0 frame_type=WindowUpdate payload_bytes=4
2026-09-26T01:49:00.035958Z DEBUG netbaiot_transports::business_rpc::v3: business RPC V3 selected frame stream_id=0 frame_type=WindowUpdate payload_bytes=4
2026-09-26T01:49:00.039086Z DEBUG netbaiot_transports::business_rpc::v3: business RPC V3 received frame stream_id=560 frame_type=Response payload_bytes=35
2026-09-26T01:49:00.039242Z DEBUG netbaiot_transports::business_rpc::v3: business RPC V3 writer completed frame stream_id=0 frame_type=WindowUpdate payload_bytes=4
2026-09-26T01:49:00.041603Z DEBUG netbaiot_transports::business_rpc::v3: business RPC V3 received frame stream_id=560 frame_type=Data payload_bytes=216
2026-09-26T01:49:00.047113Z DEBUG netbaiot_transports::business_rpc::v3: business RPC V3 received frame stream_id=0 frame_type=WindowUpdate payload_bytes=4
2026-09-26T01:49:00.049909Z DEBUG netbaiot_transports::business_rpc::v3: business RPC V3 received frame stream_id=562 frame_type=Response payload_bytes=35
2026-09-26T01:49:00.047133Z DEBUG netbaiot_transports::business_rpc::v3: business RPC V3 selected frame stream_id=0 frame_type=WindowUpdate payload_bytes=4
2026-09-26T01:49:00.053991Z DEBUG netbaiot_transports::business_rpc::v3: business RPC V3 received frame stream_id=562 frame_type=Data payload_bytes=216
2026-09-26T01:49:00.057894Z DEBUG netbaiot_transports::business_rpc::v3: business RPC V3 writer completed frame stream_id=0 frame_type=WindowUpdate payload_bytes=4
2026-09-26T01:49:00.064855Z DEBUG netbaiot_transports::business_rpc::v3: business RPC V3 received frame stream_id=0 frame_type=WindowUpdate payload_bytes=4
2026-09-26T01:49:00.068810Z DEBUG netbaiot_transports::business_rpc::v3: business RPC V3 body entered scheduler stream_id=566 class=Rpc body_bytes=198
2026-09-26T01:49:00.077024Z DEBUG netbaiot_transports::business_rpc::v3: business RPC V3 body entered scheduler stream_id=568 class=Rpc body_bytes=198
2026-09-26T01:49:00.080419Z DEBUG netbaiot_transports::business_rpc::v3: business RPC V3 selected frame stream_id=566 frame_type=Open payload_bytes=158
2026-09-26T01:49:00.073106Z DEBUG netbaiot_transports::business_rpc::v3: business RPC V3 received frame stream_id=564 frame_type=Response payload_bytes=35
2026-09-26T01:49:00.080549Z DEBUG netbaiot_transports::business_rpc::v3: business RPC V3 writer completed frame stream_id=566 frame_type=Open payload_bytes=158
2026-09-26T01:49:00.087990Z DEBUG netbaiot_transports::business_rpc::v3: business RPC V3 received frame stream_id=564 frame_type=Data payload_bytes=216
2026-09-26T01:49:00.091236Z DEBUG netbaiot_transports::business_rpc::v3: business RPC V3 selected frame stream_id=0 frame_type=WindowUpdate payload_bytes=4
2026-09-26T01:49:00.099199Z DEBUG netbaiot_transports::business_rpc::v3: business RPC V3 writer completed frame stream_id=0 frame_type=WindowUpdate payload_bytes=4
2026-09-26T01:49:00.099295Z DEBUG netbaiot_transports::business_rpc::v3: business RPC V3 body entered scheduler stream_id=570 class=Rpc body_bytes=198
2026-09-26T01:49:00.103203Z DEBUG netbaiot_transports::business_rpc::v3: business RPC V3 body entered scheduler stream_id=572 class=Rpc body_bytes=198
2026-09-26T01:49:00.107867Z DEBUG netbaiot_transports::business_rpc::v3: business RPC V3 selected frame stream_id=566 frame_type=Data payload_bytes=198
2026-09-26T01:49:00.114854Z DEBUG netbaiot_transports::business_rpc::v3: business RPC V3 writer completed frame stream_id=566 frame_type=Data payload_bytes=198
2026-09-26T01:49:00.114882Z DEBUG netbaiot_transports::business_rpc::v3: business RPC V3 selected frame stream_id=568 frame_type=Open payload_bytes=158
2026-09-26T01:49:00.118807Z DEBUG netbaiot_transports::business_rpc::v3: business RPC V3 writer completed frame stream_id=568 frame_type=Open payload_bytes=158
2026-09-26T01:49:00.122833Z DEBUG netbaiot_transports::business_rpc::v3: business RPC V3 selected frame stream_id=0 frame_type=WindowUpdate payload_bytes=4
2026-09-26T01:49:00.126986Z DEBUG netbaiot_transports::business_rpc::v3: business RPC V3 writer completed frame stream_id=0 frame_type=WindowUpdate payload_bytes=4
2026-09-26T01:49:00.130818Z DEBUG netbaiot_transports::business_rpc::v3: business RPC V3 selected frame stream_id=570 frame_type=Open payload_bytes=158
2026-09-26T01:49:00.130926Z DEBUG netbaiot_transports::business_rpc::v3: business RPC V3 writer completed frame stream_id=570 frame_type=Open payload_bytes=158
2026-09-26T01:49:00.130953Z DEBUG netbaiot_transports::business_rpc::v3: business RPC V3 selected frame stream_id=572 frame_type=Open payload_bytes=158
2026-09-26T01:49:00.130969Z DEBUG netbaiot_transports::business_rpc::v3: business RPC V3 writer completed frame stream_id=572 frame_type=Open payload_bytes=158
2026-09-26T01:49:00.134996Z DEBUG netbaiot_transports::business_rpc::v3: business RPC V3 selected frame stream_id=568 frame_type=Data payload_bytes=198
2026-09-26T01:49:00.135215Z DEBUG netbaiot_transports::business_rpc::v3: business RPC V3 writer completed frame stream_id=568 frame_type=Data payload_bytes=198
2026-09-26T01:49:00.141107Z DEBUG netbaiot_transports::business_rpc::v3: business RPC V3 selected frame stream_id=570 frame_type=Data payload_bytes=198
2026-09-26T01:49:00.147932Z DEBUG netbaiot_transports::business_rpc::v3: business RPC V3 writer completed frame stream_id=570 frame_type=Data payload_bytes=198
2026-09-26T01:49:00.153403Z DEBUG netbaiot_transports::business_rpc::v3: business RPC V3 selected frame stream_id=572 frame_type=Data payload_bytes=198
2026-09-26T01:49:00.153982Z DEBUG netbaiot_transports::business_rpc::v3: business RPC V3 writer completed frame stream_id=572 frame_type=Data payload_bytes=198
2026-09-26T01:49:00.157620Z DEBUG netbaiot_transports::business_rpc::v3: business RPC V3 received frame stream_id=0 frame_type=WindowUpdate payload_bytes=4
2026-09-26T01:49:00.160656Z DEBUG netbaiot_transports::business_rpc::v3: business RPC V3 received frame stream_id=566 frame_type=Response payload_bytes=35
2026-09-26T01:49:00.160780Z DEBUG netbaiot_transports::business_rpc::v3: business RPC V3 received frame stream_id=566 frame_type=Data payload_bytes=216
2026-09-26T01:49:00.160833Z DEBUG netbaiot_transports::business_rpc::v3: business RPC V3 received frame stream_id=0 frame_type=WindowUpdate payload_bytes=4
2026-09-26T01:49:00.164536Z DEBUG netbaiot_transports::business_rpc::v3: business RPC V3 received frame stream_id=568 frame_type=Response payload_bytes=35
2026-09-26T01:49:00.160895Z DEBUG netbaiot_transports::business_rpc::v3: business RPC V3 selected frame stream_id=0 frame_type=WindowUpdate payload_bytes=4
2026-09-26T01:49:00.164974Z DEBUG netbaiot_transports::business_rpc::v3: business RPC V3 received frame stream_id=568 frame_type=Data payload_bytes=216
2026-09-26T01:49:00.168744Z DEBUG netbaiot_transports::business_rpc::v3: business RPC V3 writer completed frame stream_id=0 frame_type=WindowUpdate payload_bytes=4
2026-09-26T01:49:00.175730Z DEBUG netbaiot_transports::business_rpc::v3: business RPC V3 selected frame stream_id=0 frame_type=WindowUpdate payload_bytes=4
2026-09-26T01:49:00.179900Z DEBUG netbaiot_transports::business_rpc::v3: business RPC V3 writer completed frame stream_id=0 frame_type=WindowUpdate payload_bytes=4
2026-09-26T01:49:00.171808Z DEBUG netbaiot_transports::business_rpc::v3: business RPC V3 received frame stream_id=0 frame_type=WindowUpdate payload_bytes=4
2026-09-26T01:49:00.193069Z DEBUG netbaiot_transports::business_rpc::v3: business RPC V3 received frame stream_id=570 frame_type=Response payload_bytes=35
2026-09-26T01:49:00.203926Z DEBUG netbaiot_transports::business_rpc::v3: business RPC V3 received frame stream_id=570 frame_type=Data payload_bytes=216
2026-09-26T01:49:00.207962Z DEBUG netbaiot_transports::business_rpc::v3: business RPC V3 received frame stream_id=0 frame_type=WindowUpdate payload_bytes=4
2026-09-26T01:49:00.208106Z DEBUG netbaiot_transports::business_rpc::v3: business RPC V3 body entered scheduler stream_id=574 class=Rpc body_bytes=198
2026-09-26T01:49:00.211624Z DEBUG netbaiot_transports::business_rpc::v3: business RPC V3 received frame stream_id=572 frame_type=Response payload_bytes=35
2026-09-26T01:49:00.220417Z DEBUG netbaiot_transports::business_rpc::v3: business RPC V3 received frame stream_id=572 frame_type=Data payload_bytes=216
2026-09-26T01:49:00.215688Z DEBUG netbaiot_transports::business_rpc::v3: business RPC V3 body entered scheduler stream_id=576 class=Rpc body_bytes=198
2026-09-26T01:49:00.223913Z DEBUG netbaiot_transports::business_rpc::v3: business RPC V3 body entered scheduler stream_id=578 class=Rpc body_bytes=198
2026-09-26T01:49:00.226741Z DEBUG netbaiot_transports::business_rpc::v3: business RPC V3 body entered scheduler stream_id=580 class=Rpc body_bytes=198
2026-09-26T01:49:00.235150Z DEBUG netbaiot_transports::business_rpc::v3: business RPC V3 selected frame stream_id=574 frame_type=Open payload_bytes=158
2026-09-26T01:49:00.239707Z DEBUG netbaiot_transports::business_rpc::v3: business RPC V3 writer completed frame stream_id=574 frame_type=Open payload_bytes=158
2026-09-26T01:49:00.244532Z DEBUG netbaiot_transports::business_rpc::v3: business RPC V3 selected frame stream_id=576 frame_type=Open payload_bytes=158
2026-09-26T01:49:00.249073Z DEBUG netbaiot_transports::business_rpc::v3: business RPC V3 writer completed frame stream_id=576 frame_type=Open payload_bytes=158
2026-09-26T01:49:00.251975Z DEBUG netbaiot_transports::business_rpc::v3: business RPC V3 selected frame stream_id=574 frame_type=Data payload_bytes=198
2026-09-26T01:49:00.256077Z DEBUG netbaiot_transports::business_rpc::v3: business RPC V3 writer completed frame stream_id=574 frame_type=Data payload_bytes=198
2026-09-26T01:49:00.256431Z DEBUG netbaiot_transports::business_rpc::v3: business RPC V3 received frame stream_id=0 frame_type=WindowUpdate payload_bytes=4
2026-09-26T01:49:00.260188Z DEBUG netbaiot_transports::business_rpc::v3: business RPC V3 selected frame stream_id=0 frame_type=WindowUpdate payload_bytes=4
2026-09-26T01:49:00.264156Z DEBUG netbaiot_transports::business_rpc::v3: business RPC V3 received frame stream_id=574 frame_type=Response payload_bytes=35
2026-09-26T01:49:00.274017Z DEBUG netbaiot_transports::business_rpc::v3: business RPC V3 received frame stream_id=574 frame_type=Data payload_bytes=216
2026-09-26T01:49:00.270018Z DEBUG netbaiot_transports::business_rpc::v3: business RPC V3 writer completed frame stream_id=0 frame_type=WindowUpdate payload_bytes=4
2026-09-26T01:49:00.282573Z DEBUG netbaiot_transports::business_rpc::v3: business RPC V3 body entered scheduler stream_id=582 class=Rpc body_bytes=198
2026-09-26T01:49:00.285373Z DEBUG netbaiot_transports::business_rpc::v3: business RPC V3 selected frame stream_id=0 frame_type=WindowUpdate payload_bytes=4
2026-09-26T01:49:00.288819Z DEBUG netbaiot_transports::business_rpc::v3: business RPC V3 writer completed frame stream_id=0 frame_type=WindowUpdate payload_bytes=4
2026-09-26T01:49:00.292785Z DEBUG netbaiot_transports::business_rpc::v3: business RPC V3 selected frame stream_id=578 frame_type=Open payload_bytes=158
2026-09-26T01:49:00.298383Z DEBUG netbaiot_transports::business_rpc::v3: business RPC V3 writer completed frame stream_id=578 frame_type=Open payload_bytes=158
2026-09-26T01:49:00.302762Z DEBUG netbaiot_transports::business_rpc::v3: business RPC V3 selected frame stream_id=580 frame_type=Open payload_bytes=158
2026-09-26T01:49:00.305966Z DEBUG netbaiot_transports::business_rpc::v3: business RPC V3 writer completed frame stream_id=580 frame_type=Open payload_bytes=158
2026-09-26T01:49:00.309457Z DEBUG netbaiot_transports::business_rpc::v3: business RPC V3 selected frame stream_id=576 frame_type=Data payload_bytes=198
2026-09-26T01:49:00.314492Z DEBUG netbaiot_transports::business_rpc::v3: business RPC V3 writer completed frame stream_id=576 frame_type=Data payload_bytes=198
2026-09-26T01:49:00.315275Z DEBUG netbaiot_transports::business_rpc::v3: business RPC V3 selected frame stream_id=0 frame_type=WindowUpdate payload_bytes=4
2026-09-26T01:49:00.318932Z DEBUG netbaiot_transports::business_rpc::v3: business RPC V3 writer completed frame stream_id=0 frame_type=WindowUpdate payload_bytes=4
2026-09-26T01:49:00.323065Z DEBUG netbaiot_transports::business_rpc::v3: business RPC V3 selected frame stream_id=582 frame_type=Open payload_bytes=158
2026-09-26T01:49:00.326957Z DEBUG netbaiot_transports::business_rpc::v3: business RPC V3 writer completed frame stream_id=582 frame_type=Open payload_bytes=158
2026-09-26T01:49:00.329798Z DEBUG netbaiot_transports::business_rpc::v3: business RPC V3 selected frame stream_id=578 frame_type=Data payload_bytes=198
2026-09-26T01:49:00.333823Z DEBUG netbaiot_transports::business_rpc::v3: business RPC V3 writer completed frame stream_id=578 frame_type=Data payload_bytes=198
2026-09-26T01:49:00.337799Z DEBUG netbaiot_transports::business_rpc::v3: business RPC V3 selected frame stream_id=580 frame_type=Data payload_bytes=198
2026-09-26T01:49:00.340971Z DEBUG netbaiot_transports::business_rpc::v3: business RPC V3 writer completed frame stream_id=580 frame_type=Data payload_bytes=198
2026-09-26T01:49:00.351201Z DEBUG netbaiot_transports::business_rpc::v3: business RPC V3 selected frame stream_id=582 frame_type=Data payload_bytes=198
2026-09-26T01:49:00.356633Z DEBUG netbaiot_transports::business_rpc::v3: business RPC V3 writer completed frame stream_id=582 frame_type=Data payload_bytes=198
2026-09-26T01:49:00.360931Z DEBUG netbaiot_transports::business_rpc::v3: business RPC V3 received frame stream_id=0 frame_type=WindowUpdate payload_bytes=4
2026-09-26T01:49:00.368677Z DEBUG netbaiot_transports::business_rpc::v3: business RPC V3 received frame stream_id=576 frame_type=Response payload_bytes=35
2026-09-26T01:49:00.371739Z DEBUG netbaiot_transports::business_rpc::v3: business RPC V3 received frame stream_id=576 frame_type=Data payload_bytes=216
2026-09-26T01:49:00.375826Z DEBUG netbaiot_transports::business_rpc::v3: business RPC V3 received frame stream_id=0 frame_type=WindowUpdate payload_bytes=4
2026-09-26T01:49:00.379839Z DEBUG netbaiot_transports::business_rpc::v3: business RPC V3 received frame stream_id=578 frame_type=Response payload_bytes=35
2026-09-26T01:49:00.375867Z DEBUG netbaiot_transports::business_rpc::v3: business RPC V3 selected frame stream_id=0 frame_type=WindowUpdate payload_bytes=4
2026-09-26T01:49:00.386926Z DEBUG netbaiot_transports::business_rpc::v3: business RPC V3 received frame stream_id=578 frame_type=Data payload_bytes=216
2026-09-26T01:49:00.389907Z DEBUG netbaiot_transports::business_rpc::v3: business RPC V3 writer completed frame stream_id=0 frame_type=WindowUpdate payload_bytes=4
2026-09-26T01:49:00.394183Z DEBUG netbaiot_transports::business_rpc::v3: business RPC V3 received frame stream_id=0 frame_type=WindowUpdate payload_bytes=4
2026-09-26T01:49:00.400896Z DEBUG netbaiot_transports::business_rpc::v3: business RPC V3 received frame stream_id=580 frame_type=Response payload_bytes=35
2026-09-26T01:49:00.397878Z DEBUG netbaiot_transports::business_rpc::v3: business RPC V3 selected frame stream_id=0 frame_type=WindowUpdate payload_bytes=4
2026-09-26T01:49:00.407189Z DEBUG netbaiot_transports::business_rpc::v3: business RPC V3 received frame stream_id=580 frame_type=Data payload_bytes=216
2026-09-26T01:49:00.410860Z DEBUG netbaiot_transports::business_rpc::v3: business RPC V3 writer completed frame stream_id=0 frame_type=WindowUpdate payload_bytes=4
2026-09-26T01:49:00.415077Z DEBUG netbaiot_transports::business_rpc::v3: business RPC V3 received frame stream_id=0 frame_type=WindowUpdate payload_bytes=4
2026-09-26T01:49:00.424005Z DEBUG netbaiot_transports::business_rpc::v3: business RPC V3 received frame stream_id=582 frame_type=Response payload_bytes=35
2026-09-26T01:49:00.419253Z DEBUG netbaiot_transports::business_rpc::v3: business RPC V3 body entered scheduler stream_id=584 class=Rpc body_bytes=198
2026-09-26T01:49:00.426779Z DEBUG netbaiot_transports::business_rpc::v3: business RPC V3 received frame stream_id=582 frame_type=Data payload_bytes=216
2026-09-26T01:49:00.431259Z DEBUG netbaiot_transports::business_rpc::v3: business RPC V3 body entered scheduler stream_id=586 class=Rpc body_bytes=198
2026-09-26T01:49:00.435434Z DEBUG netbaiot_transports::business_rpc::v3: business RPC V3 body entered scheduler stream_id=588 class=Rpc body_bytes=198
2026-09-26T01:49:00.441151Z DEBUG netbaiot_transports::business_rpc::v3: business RPC V3 body entered scheduler stream_id=590 class=Rpc body_bytes=198
2026-09-26T01:49:00.444873Z DEBUG netbaiot_transports::business_rpc::v3: business RPC V3 selected frame stream_id=584 frame_type=Open payload_bytes=158
2026-09-26T01:49:00.448920Z DEBUG netbaiot_transports::business_rpc::v3: business RPC V3 writer completed frame stream_id=584 frame_type=Open payload_bytes=158
2026-09-26T01:49:00.453095Z DEBUG netbaiot_transports::business_rpc::v3: business RPC V3 selected frame stream_id=0 frame_type=WindowUpdate payload_bytes=4
2026-09-26T01:49:00.458288Z DEBUG netbaiot_transports::business_rpc::v3: business RPC V3 writer completed frame stream_id=0 frame_type=WindowUpdate payload_bytes=4
2026-09-26T01:49:00.461940Z DEBUG netbaiot_transports::business_rpc::v3: business RPC V3 body entered scheduler stream_id=592 class=Event body_bytes=17366
2026-09-26T01:49:00.465826Z DEBUG netbaiot_transports::business_rpc::v3: business RPC V3 selected frame stream_id=584 frame_type=Data payload_bytes=198
2026-09-26T01:49:00.469039Z DEBUG netbaiot_transports::business_rpc::v3: business RPC V3 writer completed frame stream_id=584 frame_type=Data payload_bytes=198
2026-09-26T01:49:00.471908Z DEBUG netbaiot_transports::business_rpc::v3: business RPC V3 selected frame stream_id=586 frame_type=Open payload_bytes=158
2026-09-26T01:49:00.477022Z DEBUG netbaiot_transports::business_rpc::v3: business RPC V3 writer completed frame stream_id=586 frame_type=Open payload_bytes=158
2026-09-26T01:49:00.484459Z DEBUG netbaiot_transports::business_rpc::v3: business RPC V3 selected frame stream_id=0 frame_type=WindowUpdate payload_bytes=4
2026-09-26T01:49:00.486524Z DEBUG netbaiot_transports::business_rpc::v3: business RPC V3 writer completed frame stream_id=0 frame_type=WindowUpdate payload_bytes=4
2026-09-26T01:49:00.487125Z DEBUG netbaiot_transports::business_rpc::v3: business RPC V3 selected frame stream_id=588 frame_type=Open payload_bytes=158
2026-09-26T01:49:00.491958Z DEBUG netbaiot_transports::business_rpc::v3: business RPC V3 writer completed frame stream_id=588 frame_type=Open payload_bytes=158
2026-09-26T01:49:00.496260Z DEBUG netbaiot_transports::business_rpc::v3: business RPC V3 selected frame stream_id=590 frame_type=Open payload_bytes=158
2026-09-26T01:49:00.497897Z DEBUG netbaiot_transports::business_rpc::v3: business RPC V3 writer completed frame stream_id=590 frame_type=Open payload_bytes=158
2026-09-26T01:49:00.501959Z DEBUG netbaiot_transports::business_rpc::v3: business RPC V3 selected frame stream_id=586 frame_type=Data payload_bytes=198
2026-09-26T01:49:00.505893Z DEBUG netbaiot_transports::business_rpc::v3: business RPC V3 writer completed frame stream_id=586 frame_type=Data payload_bytes=198
2026-09-26T01:49:00.510568Z DEBUG netbaiot_transports::business_rpc::v3: business RPC V3 selected frame stream_id=592 frame_type=Open payload_bytes=184
2026-09-26T01:49:00.514085Z DEBUG netbaiot_transports::business_rpc::v3: business RPC V3 writer completed frame stream_id=592 frame_type=Open payload_bytes=184
2026-09-26T01:49:00.516972Z DEBUG netbaiot_transports::business_rpc::v3: business RPC V3 selected frame stream_id=592 frame_type=Data payload_bytes=8192
2026-09-26T01:49:00.520214Z DEBUG netbaiot_transports::business_rpc::v3: business RPC V3 writer completed frame stream_id=592 frame_type=Data payload_bytes=8192
2026-09-26T01:49:00.523984Z DEBUG netbaiot_transports::business_rpc::v3: business RPC V3 selected frame stream_id=588 frame_type=Data payload_bytes=198
2026-09-26T01:49:00.528074Z DEBUG netbaiot_transports::business_rpc::v3: business RPC V3 writer completed frame stream_id=588 frame_type=Data payload_bytes=198
2026-09-26T01:49:00.531848Z DEBUG netbaiot_transports::business_rpc::v3: business RPC V3 selected frame stream_id=590 frame_type=Data payload_bytes=198
2026-09-26T01:49:00.531958Z DEBUG netbaiot_transports::business_rpc::v3: business RPC V3 writer completed frame stream_id=590 frame_type=Data payload_bytes=198
2026-09-26T01:49:00.532037Z DEBUG netbaiot_transports::business_rpc::v3: business RPC V3 selected frame stream_id=592 frame_type=Data payload_bytes=8192
2026-09-26T01:49:00.532070Z DEBUG netbaiot_transports::business_rpc::v3: business RPC V3 writer completed frame stream_id=592 frame_type=Data payload_bytes=8192
2026-09-26T01:49:00.532102Z DEBUG netbaiot_transports::business_rpc::v3: business RPC V3 received frame stream_id=0 frame_type=WindowUpdate payload_bytes=4
2026-09-26T01:49:00.532121Z DEBUG netbaiot_transports::business_rpc::v3: business RPC V3 received frame stream_id=584 frame_type=Response payload_bytes=35
2026-09-26T01:49:00.532140Z DEBUG netbaiot_transports::business_rpc::v3: business RPC V3 received frame stream_id=584 frame_type=Data payload_bytes=216
2026-09-26T01:49:00.532400Z DEBUG netbaiot_transports::business_rpc::v3: business RPC V3 received frame stream_id=0 frame_type=WindowUpdate payload_bytes=4
2026-09-26T01:49:00.536766Z DEBUG netbaiot_transports::business_rpc::v3: business RPC V3 received frame stream_id=586 frame_type=Response payload_bytes=35
2026-09-26T01:49:00.532567Z DEBUG netbaiot_transports::business_rpc::v3: business RPC V3 selected frame stream_id=0 frame_type=WindowUpdate payload_bytes=4
2026-09-26T01:49:00.545037Z DEBUG netbaiot_transports::business_rpc::v3: business RPC V3 writer completed frame stream_id=0 frame_type=WindowUpdate payload_bytes=4
2026-09-26T01:49:00.541069Z DEBUG netbaiot_transports::business_rpc::v3: business RPC V3 received frame stream_id=586 frame_type=Data payload_bytes=216
2026-09-26T01:49:00.555092Z DEBUG netbaiot_transports::business_rpc::v3: business RPC V3 received frame stream_id=0 frame_type=WindowUpdate payload_bytes=4
2026-09-26T01:49:00.555388Z DEBUG netbaiot_transports::business_rpc::v3: business RPC V3 selected frame stream_id=0 frame_type=WindowUpdate payload_bytes=4
2026-09-26T01:49:00.560896Z DEBUG netbaiot_transports::business_rpc::v3: business RPC V3 received frame stream_id=592 frame_type=WindowUpdate payload_bytes=4
2026-09-26T01:49:00.565278Z DEBUG netbaiot_transports::business_rpc::v3: business RPC V3 writer completed frame stream_id=0 frame_type=WindowUpdate payload_bytes=4
2026-09-26T01:49:00.571196Z DEBUG netbaiot_transports::business_rpc::v3: business RPC V3 body entered scheduler stream_id=594 class=Rpc body_bytes=198
2026-09-26T01:49:00.568313Z DEBUG netbaiot_transports::business_rpc::v3: business RPC V3 received frame stream_id=0 frame_type=WindowUpdate payload_bytes=4
2026-09-26T01:49:00.578890Z DEBUG netbaiot_transports::business_rpc::v3: business RPC V3 received frame stream_id=588 frame_type=Response payload_bytes=35
2026-09-26T01:49:00.576950Z DEBUG netbaiot_transports::business_rpc::v3: business RPC V3 selected frame stream_id=594 frame_type=Open payload_bytes=158
2026-09-26T01:49:00.582801Z DEBUG netbaiot_transports::business_rpc::v3: business RPC V3 received frame stream_id=588 frame_type=Data payload_bytes=216
2026-09-26T01:49:00.584534Z DEBUG netbaiot_transports::business_rpc::v3: business RPC V3 writer completed frame stream_id=594 frame_type=Open payload_bytes=158
2026-09-26T01:49:00.587872Z DEBUG netbaiot_transports::business_rpc::v3: business RPC V3 received frame stream_id=0 frame_type=WindowUpdate payload_bytes=4
2026-09-26T01:49:00.591918Z DEBUG netbaiot_transports::business_rpc::v3: business RPC V3 received frame stream_id=0 frame_type=WindowUpdate payload_bytes=4
2026-09-26T01:49:00.595735Z DEBUG netbaiot_transports::business_rpc::v3: business RPC V3 received frame stream_id=592 frame_type=WindowUpdate payload_bytes=4
2026-09-26T01:49:00.601785Z DEBUG netbaiot_transports::business_rpc::v3: business RPC V3 received frame stream_id=590 frame_type=Response payload_bytes=35
2026-09-26T01:49:00.601805Z DEBUG netbaiot_transports::business_rpc::v3: business RPC V3 received frame stream_id=590 frame_type=Data payload_bytes=216
2026-09-26T01:49:00.591843Z DEBUG netbaiot_transports::business_rpc::v3: business RPC V3 selected frame stream_id=0 frame_type=WindowUpdate payload_bytes=4
2026-09-26T01:49:00.612739Z DEBUG netbaiot_transports::business_rpc::v3: business RPC V3 writer completed frame stream_id=0 frame_type=WindowUpdate payload_bytes=4
2026-09-26T01:49:00.612868Z DEBUG netbaiot_transports::business_rpc::v3: business RPC V3 body entered scheduler stream_id=596 class=Rpc body_bytes=198
2026-09-26T01:49:00.612911Z DEBUG netbaiot_transports::business_rpc::v3: business RPC V3 selected frame stream_id=594 frame_type=Data payload_bytes=198
2026-09-26T01:49:00.612943Z DEBUG netbaiot_transports::business_rpc::v3: business RPC V3 writer completed frame stream_id=594 frame_type=Data payload_bytes=198
2026-09-26T01:49:00.612963Z DEBUG netbaiot_transports::business_rpc::v3: business RPC V3 selected frame stream_id=596 frame_type=Open payload_bytes=158
2026-09-26T01:49:00.612982Z DEBUG netbaiot_transports::business_rpc::v3: business RPC V3 writer completed frame stream_id=596 frame_type=Open payload_bytes=158
2026-09-26T01:49:00.612994Z DEBUG netbaiot_transports::business_rpc::v3: business RPC V3 selected frame stream_id=0 frame_type=WindowUpdate payload_bytes=4
2026-09-26T01:49:00.613043Z DEBUG netbaiot_transports::business_rpc::v3: business RPC V3 writer completed frame stream_id=0 frame_type=WindowUpdate payload_bytes=4
2026-09-26T01:49:00.622758Z DEBUG netbaiot_transports::business_rpc::v3: business RPC V3 selected frame stream_id=596 frame_type=Data payload_bytes=198
2026-09-26T01:49:00.630761Z DEBUG netbaiot_transports::business_rpc::v3: business RPC V3 writer completed frame stream_id=596 frame_type=Data payload_bytes=198
2026-09-26T01:49:00.633859Z DEBUG netbaiot_transports::business_rpc::v3: business RPC V3 selected frame stream_id=592 frame_type=Data payload_bytes=982
2026-09-26T01:49:00.633991Z DEBUG netbaiot_transports::business_rpc::v3: business RPC V3 writer completed frame stream_id=592 frame_type=Data payload_bytes=982
2026-09-26T01:49:00.639048Z DEBUG netbaiot_transports::business_rpc::v3: business RPC V3 received frame stream_id=0 frame_type=WindowUpdate payload_bytes=4
2026-09-26T01:49:00.642691Z DEBUG netbaiot_transports::business_rpc::v3: business RPC V3 received frame stream_id=594 frame_type=Response payload_bytes=35
2026-09-26T01:49:00.645799Z DEBUG netbaiot_transports::business_rpc::v3: business RPC V3 received frame stream_id=594 frame_type=Data payload_bytes=216
2026-09-26T01:49:00.649826Z DEBUG netbaiot_transports::business_rpc::v3: business RPC V3 received frame stream_id=0 frame_type=WindowUpdate payload_bytes=4
2026-09-26T01:49:00.653830Z DEBUG netbaiot_transports::business_rpc::v3: business RPC V3 received frame stream_id=596 frame_type=Response payload_bytes=35
2026-09-26T01:49:00.653865Z DEBUG netbaiot_transports::business_rpc::v3: business RPC V3 received frame stream_id=596 frame_type=Data payload_bytes=216
2026-09-26T01:49:00.649842Z DEBUG netbaiot_transports::business_rpc::v3: business RPC V3 body entered scheduler stream_id=598 class=Rpc body_bytes=198
2026-09-26T01:49:00.658938Z DEBUG netbaiot_transports::business_rpc::v3: business RPC V3 selected frame stream_id=598 frame_type=Open payload_bytes=158
2026-09-26T01:49:00.653925Z DEBUG netbaiot_transports::business_rpc::v3: business RPC V3 received frame stream_id=0 frame_type=WindowUpdate payload_bytes=4
2026-09-26T01:49:00.661750Z DEBUG netbaiot_transports::business_rpc::v3: business RPC V3 writer completed frame stream_id=598 frame_type=Open payload_bytes=158
2026-09-26T01:49:00.668915Z DEBUG netbaiot_transports::business_rpc::v3: business RPC V3 body entered scheduler stream_id=600 class=Rpc body_bytes=198
2026-09-26T01:49:00.668946Z DEBUG netbaiot_transports::business_rpc::v3: business RPC V3 selected frame stream_id=0 frame_type=WindowUpdate payload_bytes=4
2026-09-26T01:49:00.665731Z DEBUG netbaiot_transports::business_rpc::v3: business RPC V3 received frame stream_id=592 frame_type=Response payload_bytes=35
2026-09-26T01:49:00.675124Z DEBUG netbaiot_transports::business_rpc::v3: business RPC V3 writer completed frame stream_id=0 frame_type=WindowUpdate payload_bytes=4
2026-09-26T01:49:00.678977Z DEBUG netbaiot_transports::business_rpc::v3: business RPC V3 received frame stream_id=592 frame_type=Data payload_bytes=118
2026-09-26T01:49:00.681770Z DEBUG netbaiot_transports::business_rpc::v3: business RPC V3 selected frame stream_id=0 frame_type=WindowUpdate payload_bytes=4
2026-09-26T01:49:00.691703Z DEBUG netbaiot_transports::business_rpc::v3: business RPC V3 Event delivery acknowledged stream_id=592 completion_us=232680
2026-09-26T01:49:00.694691Z DEBUG netbaiot_transports::business_rpc::v3: business RPC V3 writer completed frame stream_id=0 frame_type=WindowUpdate payload_bytes=4
2026-09-26T01:49:00.698824Z DEBUG netbaiot_transports::business_rpc::v3: business RPC V3 selected frame stream_id=600 frame_type=Open payload_bytes=158
2026-09-26T01:49:00.698897Z DEBUG netbaiot_transports::business_rpc::v3: business RPC V3 writer completed frame stream_id=600 frame_type=Open payload_bytes=158
2026-09-26T01:49:00.698946Z DEBUG netbaiot_transports::business_rpc::v3: business RPC V3 body entered scheduler stream_id=602 class=Rpc body_bytes=198
2026-09-26T01:49:00.698967Z DEBUG netbaiot_transports::business_rpc::v3: business RPC V3 selected frame stream_id=598 frame_type=Data payload_bytes=198
2026-09-26T01:49:00.701898Z DEBUG netbaiot_transports::business_rpc::v3: business RPC V3 writer completed frame stream_id=598 frame_type=Data payload_bytes=198
2026-09-26T01:49:00.702060Z DEBUG netbaiot_transports::business_rpc::v3: business RPC V3 received frame stream_id=0 frame_type=WindowUpdate payload_bytes=4
2026-09-26T01:49:00.705692Z DEBUG netbaiot_transports::business_rpc::v3: business RPC V3 body entered scheduler stream_id=604 class=Rpc body_bytes=198
2026-09-26T01:49:00.712794Z DEBUG netbaiot_transports::business_rpc::v3: business RPC V3 selected frame stream_id=0 frame_type=WindowUpdate payload_bytes=4
2026-09-26T01:49:00.708724Z DEBUG netbaiot_transports::business_rpc::v3: business RPC V3 received frame stream_id=598 frame_type=Response payload_bytes=35
2026-09-26T01:49:00.718849Z DEBUG netbaiot_transports::business_rpc::v3: business RPC V3 received frame stream_id=598 frame_type=Data payload_bytes=216
2026-09-26T01:49:00.712936Z DEBUG netbaiot_transports::business_rpc::v3: business RPC V3 writer completed frame stream_id=0 frame_type=WindowUpdate payload_bytes=4
2026-09-26T01:49:00.722837Z DEBUG netbaiot_transports::business_rpc::v3: business RPC V3 body entered scheduler stream_id=606 class=Rpc body_bytes=198
2026-09-26T01:49:00.727070Z DEBUG netbaiot_transports::business_rpc::v3: business RPC V3 selected frame stream_id=602 frame_type=Open payload_bytes=158
2026-09-26T01:49:00.727093Z DEBUG netbaiot_transports::business_rpc::v3: business RPC V3 writer completed frame stream_id=602 frame_type=Open payload_bytes=158
2026-09-26T01:49:00.727102Z DEBUG netbaiot_transports::business_rpc::v3: business RPC V3 selected frame stream_id=604 frame_type=Open payload_bytes=158
2026-09-26T01:49:00.727111Z DEBUG netbaiot_transports::business_rpc::v3: business RPC V3 writer completed frame stream_id=604 frame_type=Open payload_bytes=158
2026-09-26T01:49:00.727119Z DEBUG netbaiot_transports::business_rpc::v3: business RPC V3 selected frame stream_id=0 frame_type=WindowUpdate payload_bytes=4
2026-09-26T01:49:00.727144Z DEBUG netbaiot_transports::business_rpc::v3: business RPC V3 writer completed frame stream_id=0 frame_type=WindowUpdate payload_bytes=4
2026-09-26T01:49:00.732818Z DEBUG netbaiot_transports::business_rpc::v3: business RPC V3 selected frame stream_id=600 frame_type=Data payload_bytes=198
2026-09-26T01:49:00.736706Z DEBUG netbaiot_transports::business_rpc::v3: business RPC V3 writer completed frame stream_id=600 frame_type=Data payload_bytes=198
2026-09-26T01:49:00.743909Z DEBUG netbaiot_transports::business_rpc::v3: business RPC V3 selected frame stream_id=606 frame_type=Open payload_bytes=158
2026-09-26T01:49:00.747735Z DEBUG netbaiot_transports::business_rpc::v3: business RPC V3 writer completed frame stream_id=606 frame_type=Open payload_bytes=158
2026-09-26T01:49:00.756602Z DEBUG netbaiot_transports::business_rpc::v3: business RPC V3 selected frame stream_id=602 frame_type=Data payload_bytes=198
2026-09-26T01:49:00.760808Z DEBUG netbaiot_transports::business_rpc::v3: business RPC V3 writer completed frame stream_id=602 frame_type=Data payload_bytes=198
2026-09-26T01:49:00.764925Z DEBUG netbaiot_transports::business_rpc::v3: business RPC V3 selected frame stream_id=604 frame_type=Data payload_bytes=198
2026-09-26T01:49:00.765030Z DEBUG netbaiot_transports::business_rpc::v3: business RPC V3 writer completed frame stream_id=604 frame_type=Data payload_bytes=198
2026-09-26T01:49:00.767731Z DEBUG netbaiot_transports::business_rpc::v3: business RPC V3 selected frame stream_id=606 frame_type=Data payload_bytes=198
2026-09-26T01:49:00.770806Z DEBUG netbaiot_transports::business_rpc::v3: business RPC V3 writer completed frame stream_id=606 frame_type=Data payload_bytes=198
2026-09-26T01:49:00.774711Z DEBUG netbaiot_transports::business_rpc::v3: business RPC V3 received frame stream_id=0 frame_type=WindowUpdate payload_bytes=4
2026-09-26T01:49:00.774733Z DEBUG netbaiot_transports::business_rpc::v3: business RPC V3 received frame stream_id=600 frame_type=Response payload_bytes=35
2026-09-26T01:49:00.778881Z DEBUG netbaiot_transports::business_rpc::v3: business RPC V3 received frame stream_id=600 frame_type=Data payload_bytes=216
2026-09-26T01:49:00.788721Z DEBUG netbaiot_transports::business_rpc::v3: business RPC V3 selected frame stream_id=0 frame_type=WindowUpdate payload_bytes=4
2026-09-26T01:49:00.788695Z DEBUG netbaiot_transports::business_rpc::v3: business RPC V3 received frame stream_id=0 frame_type=WindowUpdate payload_bytes=4
2026-09-26T01:49:00.796022Z DEBUG netbaiot_transports::business_rpc::v3: business RPC V3 received frame stream_id=602 frame_type=Response payload_bytes=35
2026-09-26T01:49:00.799886Z DEBUG netbaiot_transports::business_rpc::v3: business RPC V3 received frame stream_id=602 frame_type=Data payload_bytes=216
2026-09-26T01:49:00.792210Z DEBUG netbaiot_transports::business_rpc::v3: business RPC V3 writer completed frame stream_id=0 frame_type=WindowUpdate payload_bytes=4
2026-09-26T01:49:00.808832Z DEBUG netbaiot_transports::business_rpc::v3: business RPC V3 received frame stream_id=0 frame_type=WindowUpdate payload_bytes=4
2026-09-26T01:49:00.812844Z DEBUG netbaiot_transports::business_rpc::v3: business RPC V3 selected frame stream_id=0 frame_type=WindowUpdate payload_bytes=4
2026-09-26T01:49:00.817243Z DEBUG netbaiot_transports::business_rpc::v3: business RPC V3 received frame stream_id=604 frame_type=Response payload_bytes=35
2026-09-26T01:49:00.820921Z DEBUG netbaiot_transports::business_rpc::v3: business RPC V3 writer completed frame stream_id=0 frame_type=WindowUpdate payload_bytes=4
2026-09-26T01:49:00.834745Z DEBUG netbaiot_transports::business_rpc::v3: business RPC V3 received frame stream_id=604 frame_type=Data payload_bytes=216
2026-09-26T01:49:00.839083Z DEBUG netbaiot_transports::business_rpc::v3: business RPC V3 body entered scheduler stream_id=608 class=Rpc body_bytes=198
2026-09-26T01:49:00.842033Z DEBUG netbaiot_transports::business_rpc::v3: business RPC V3 selected frame stream_id=608 frame_type=Open payload_bytes=158
2026-09-26T01:49:00.842104Z DEBUG netbaiot_transports::business_rpc::v3: business RPC V3 writer completed frame stream_id=608 frame_type=Open payload_bytes=158
2026-09-26T01:49:00.842125Z DEBUG netbaiot_transports::business_rpc::v3: business RPC V3 selected frame stream_id=0 frame_type=WindowUpdate payload_bytes=4
2026-09-26T01:49:00.842145Z DEBUG netbaiot_transports::business_rpc::v3: business RPC V3 writer completed frame stream_id=0 frame_type=WindowUpdate payload_bytes=4
2026-09-26T01:49:00.842175Z DEBUG netbaiot_transports::business_rpc::v3: business RPC V3 selected frame stream_id=608 frame_type=Data payload_bytes=198
2026-09-26T01:49:00.841908Z DEBUG netbaiot_transports::business_rpc::v3: business RPC V3 received frame stream_id=0 frame_type=WindowUpdate payload_bytes=4
2026-09-26T01:49:00.845104Z DEBUG netbaiot_transports::business_rpc::v3: business RPC V3 writer completed frame stream_id=608 frame_type=Data payload_bytes=198
2026-09-26T01:49:00.853247Z DEBUG netbaiot_transports::business_rpc::v3: business RPC V3 received frame stream_id=606 frame_type=Response payload_bytes=35
2026-09-26T01:49:00.858129Z DEBUG netbaiot_transports::business_rpc::v3: business RPC V3 body entered scheduler stream_id=610 class=Rpc body_bytes=198
2026-09-26T01:49:00.869627Z DEBUG netbaiot_transports::business_rpc::v3: business RPC V3 selected frame stream_id=610 frame_type=Open payload_bytes=158
2026-09-26T01:49:00.869268Z DEBUG netbaiot_transports::business_rpc::v3: business RPC V3 received frame stream_id=606 frame_type=Data payload_bytes=216
2026-09-26T01:49:00.876431Z DEBUG netbaiot_transports::business_rpc::v3: business RPC V3 writer completed frame stream_id=610 frame_type=Open payload_bytes=158
2026-09-26T01:49:00.881138Z DEBUG netbaiot_transports::business_rpc::v3: business RPC V3 selected frame stream_id=0 frame_type=WindowUpdate payload_bytes=4
2026-09-26T01:49:00.881206Z DEBUG netbaiot_transports::business_rpc::v3: business RPC V3 writer completed frame stream_id=0 frame_type=WindowUpdate payload_bytes=4
2026-09-26T01:49:00.881170Z DEBUG netbaiot_transports::business_rpc::v3: business RPC V3 received frame stream_id=0 frame_type=WindowUpdate payload_bytes=4
2026-09-26T01:49:00.881256Z DEBUG netbaiot_transports::business_rpc::v3: business RPC V3 received frame stream_id=608 frame_type=Response payload_bytes=35
2026-09-26T01:49:00.881313Z DEBUG netbaiot_transports::business_rpc::v3: business RPC V3 received frame stream_id=608 frame_type=Data payload_bytes=216
2026-09-26T01:49:00.881233Z DEBUG netbaiot_transports::business_rpc::v3: business RPC V3 selected frame stream_id=610 frame_type=Data payload_bytes=198
2026-09-26T01:49:00.890788Z DEBUG netbaiot_transports::business_rpc::v3: business RPC V3 writer completed frame stream_id=610 frame_type=Data payload_bytes=198
2026-09-26T01:49:00.890954Z DEBUG netbaiot_transports::business_rpc::v3: business RPC V3 received frame stream_id=0 frame_type=WindowUpdate payload_bytes=4
2026-09-26T01:49:00.901124Z DEBUG netbaiot_transports::business_rpc::v3: business RPC V3 body entered scheduler stream_id=612 class=Rpc body_bytes=198
2026-09-26T01:49:00.903886Z DEBUG netbaiot_transports::business_rpc::v3: business RPC V3 received frame stream_id=610 frame_type=Response payload_bytes=35
2026-09-26T01:49:00.908805Z DEBUG netbaiot_transports::business_rpc::v3: business RPC V3 body entered scheduler stream_id=614 class=Rpc body_bytes=198
2026-09-26T01:49:00.915726Z DEBUG netbaiot_transports::business_rpc::v3: business RPC V3 body entered scheduler stream_id=616 class=Rpc body_bytes=198
2026-09-26T01:49:00.921808Z DEBUG netbaiot_transports::business_rpc::v3: business RPC V3 selected frame stream_id=0 frame_type=WindowUpdate payload_bytes=4
2026-09-26T01:49:00.913137Z DEBUG netbaiot_transports::business_rpc::v3: business RPC V3 received frame stream_id=610 frame_type=Data payload_bytes=216
2026-09-26T01:49:00.924912Z DEBUG netbaiot_transports::business_rpc::v3: business RPC V3 writer completed frame stream_id=0 frame_type=WindowUpdate payload_bytes=4
2026-09-26T01:49:00.931797Z DEBUG netbaiot_transports::business_rpc::v3: business RPC V3 body entered scheduler stream_id=618 class=Rpc body_bytes=198
2026-09-26T01:49:00.934640Z DEBUG netbaiot_transports::business_rpc::v3: business RPC V3 selected frame stream_id=612 frame_type=Open payload_bytes=158
2026-09-26T01:49:00.940877Z DEBUG netbaiot_transports::business_rpc::v3: business RPC V3 writer completed frame stream_id=612 frame_type=Open payload_bytes=158
2026-09-26T01:49:00.946647Z DEBUG netbaiot_transports::business_rpc::v3: business RPC V3 selected frame stream_id=614 frame_type=Open payload_bytes=158
2026-09-26T01:49:00.953776Z DEBUG netbaiot_transports::business_rpc::v3: business RPC V3 writer completed frame stream_id=614 frame_type=Open payload_bytes=158
2026-09-26T01:49:00.960942Z DEBUG netbaiot_transports::business_rpc::v3: business RPC V3 selected frame stream_id=616 frame_type=Open payload_bytes=158
2026-09-26T01:49:00.961071Z DEBUG netbaiot_transports::business_rpc::v3: business RPC V3 writer completed frame stream_id=616 frame_type=Open payload_bytes=158
2026-09-26T01:49:00.967015Z DEBUG netbaiot_transports::business_rpc::v3: business RPC V3 selected frame stream_id=612 frame_type=Data payload_bytes=198
2026-09-26T01:49:00.970878Z DEBUG netbaiot_transports::business_rpc::v3: business RPC V3 writer completed frame stream_id=612 frame_type=Data payload_bytes=198
2026-09-26T01:49:00.973665Z DEBUG netbaiot_transports::business_rpc::v3: business RPC V3 selected frame stream_id=0 frame_type=WindowUpdate payload_bytes=4
2026-09-26T01:49:00.978026Z DEBUG netbaiot_transports::business_rpc::v3: business RPC V3 writer completed frame stream_id=0 frame_type=WindowUpdate payload_bytes=4
2026-09-26T01:49:00.987823Z DEBUG netbaiot_transports::business_rpc::v3: business RPC V3 selected frame stream_id=618 frame_type=Open payload_bytes=158
2026-09-26T01:49:00.992049Z DEBUG netbaiot_transports::business_rpc::v3: business RPC V3 writer completed frame stream_id=618 frame_type=Open payload_bytes=158
2026-09-26T01:49:00.997753Z DEBUG netbaiot_transports::business_rpc::v3: business RPC V3 selected frame stream_id=614 frame_type=Data payload_bytes=198
2026-09-26T01:49:01.001831Z DEBUG netbaiot_transports::business_rpc::v3: business RPC V3 writer completed frame stream_id=614 frame_type=Data payload_bytes=198
2026-09-26T01:49:01.013760Z DEBUG netbaiot_transports::business_rpc::v3: business RPC V3 selected frame stream_id=616 frame_type=Data payload_bytes=198
2026-09-26T01:49:01.017847Z DEBUG netbaiot_transports::business_rpc::v3: business RPC V3 writer completed frame stream_id=616 frame_type=Data payload_bytes=198
2026-09-26T01:49:01.017891Z DEBUG netbaiot_transports::business_rpc::v3: business RPC V3 selected frame stream_id=618 frame_type=Data payload_bytes=198
2026-09-26T01:49:01.023730Z DEBUG netbaiot_transports::business_rpc::v3: business RPC V3 writer completed frame stream_id=618 frame_type=Data payload_bytes=198
2026-09-26T01:49:01.029836Z DEBUG netbaiot_transports::business_rpc::v3: business RPC V3 received frame stream_id=0 frame_type=WindowUpdate payload_bytes=4
2026-09-26T01:49:01.033629Z DEBUG netbaiot_transports::business_rpc::v3: business RPC V3 received frame stream_id=612 frame_type=Response payload_bytes=35
2026-09-26T01:49:01.037581Z DEBUG netbaiot_transports::business_rpc::v3: business RPC V3 received frame stream_id=612 frame_type=Data payload_bytes=216
2026-09-26T01:49:01.043561Z DEBUG netbaiot_transports::business_rpc::v3: business RPC V3 received frame stream_id=0 frame_type=WindowUpdate payload_bytes=4
2026-09-26T01:49:01.043583Z DEBUG netbaiot_transports::business_rpc::v3: business RPC V3 selected frame stream_id=0 frame_type=WindowUpdate payload_bytes=4
2026-09-26T01:49:01.047548Z DEBUG netbaiot_transports::business_rpc::v3: business RPC V3 received frame stream_id=614 frame_type=Response payload_bytes=35
2026-09-26T01:49:01.055711Z DEBUG netbaiot_transports::business_rpc::v3: business RPC V3 received frame stream_id=614 frame_type=Data payload_bytes=216
2026-09-26T01:49:01.051578Z DEBUG netbaiot_transports::business_rpc::v3: business RPC V3 writer completed frame stream_id=0 frame_type=WindowUpdate payload_bytes=4
2026-09-26T01:49:01.059601Z DEBUG netbaiot_transports::business_rpc::v3: business RPC V3 received frame stream_id=0 frame_type=WindowUpdate payload_bytes=4
2026-09-26T01:49:01.063505Z DEBUG netbaiot_transports::business_rpc::v3: business RPC V3 selected frame stream_id=0 frame_type=WindowUpdate payload_bytes=4
2026-09-26T01:49:01.067621Z DEBUG netbaiot_transports::business_rpc::v3: business RPC V3 received frame stream_id=616 frame_type=Response payload_bytes=35
2026-09-26T01:49:01.071743Z DEBUG netbaiot_transports::business_rpc::v3: business RPC V3 writer completed frame stream_id=0 frame_type=WindowUpdate payload_bytes=4
2026-09-26T01:49:01.074683Z DEBUG netbaiot_transports::business_rpc::v3: business RPC V3 received frame stream_id=616 frame_type=Data payload_bytes=216
2026-09-26T01:49:01.078704Z DEBUG netbaiot_transports::business_rpc::v3: business RPC V3 body entered scheduler stream_id=620 class=Rpc body_bytes=198
2026-09-26T01:49:01.090658Z DEBUG netbaiot_transports::business_rpc::v3: business RPC V3 selected frame stream_id=620 frame_type=Open payload_bytes=158
2026-09-26T01:49:01.094689Z DEBUG netbaiot_transports::business_rpc::v3: business RPC V3 writer completed frame stream_id=620 frame_type=Open payload_bytes=158
2026-09-26T01:49:01.086779Z DEBUG netbaiot_transports::business_rpc::v3: business RPC V3 received frame stream_id=0 frame_type=WindowUpdate payload_bytes=4
2026-09-26T01:49:01.099801Z DEBUG netbaiot_transports::business_rpc::v3: business RPC V3 selected frame stream_id=0 frame_type=WindowUpdate payload_bytes=4
2026-09-26T01:49:01.110602Z DEBUG netbaiot_transports::business_rpc::v3: business RPC V3 writer completed frame stream_id=0 frame_type=WindowUpdate payload_bytes=4
2026-09-26T01:49:01.106934Z DEBUG netbaiot_transports::business_rpc::v3: business RPC V3 received frame stream_id=618 frame_type=Response payload_bytes=35
2026-09-26T01:49:01.120713Z DEBUG netbaiot_transports::business_rpc::v3: business RPC V3 body entered scheduler stream_id=622 class=Rpc body_bytes=198
2026-09-26T01:49:01.124651Z DEBUG netbaiot_transports::business_rpc::v3: business RPC V3 received frame stream_id=618 frame_type=Data payload_bytes=216
2026-09-26T01:49:01.132792Z DEBUG netbaiot_transports::business_rpc::v3: business RPC V3 selected frame stream_id=620 frame_type=Data payload_bytes=198
2026-09-26T01:49:01.139552Z DEBUG netbaiot_transports::business_rpc::v3: business RPC V3 writer completed frame stream_id=620 frame_type=Data payload_bytes=198
2026-09-26T01:49:01.139715Z DEBUG netbaiot_transports::business_rpc::v3: business RPC V3 received frame stream_id=0 frame_type=WindowUpdate payload_bytes=4
2026-09-26T01:49:01.145961Z DEBUG netbaiot_transports::business_rpc::v3: business RPC V3 body entered scheduler stream_id=624 class=Rpc body_bytes=198
2026-09-26T01:49:01.148587Z DEBUG netbaiot_transports::business_rpc::v3: business RPC V3 received frame stream_id=620 frame_type=Response payload_bytes=35
2026-09-26T01:49:01.155685Z DEBUG netbaiot_transports::business_rpc::v3: business RPC V3 body entered scheduler stream_id=626 class=Rpc body_bytes=198
2026-09-26T01:49:01.158744Z DEBUG netbaiot_transports::business_rpc::v3: business RPC V3 received frame stream_id=620 frame_type=Data payload_bytes=216
2026-09-26T01:49:01.164662Z DEBUG netbaiot_transports::business_rpc::v3: business RPC V3 selected frame stream_id=622 frame_type=Open payload_bytes=158
2026-09-26T01:49:01.168705Z DEBUG netbaiot_transports::business_rpc::v3: business RPC V3 writer completed frame stream_id=622 frame_type=Open payload_bytes=158
2026-09-26T01:49:01.168720Z DEBUG netbaiot_transports::business_rpc::v3: business RPC V3 selected frame stream_id=0 frame_type=WindowUpdate payload_bytes=4
2026-09-26T01:49:01.172087Z DEBUG netbaiot_transports::business_rpc::v3: business RPC V3 writer completed frame stream_id=0 frame_type=WindowUpdate payload_bytes=4
2026-09-26T01:49:01.172148Z DEBUG netbaiot_transports::business_rpc::v3: business RPC V3 body entered scheduler stream_id=628 class=Rpc body_bytes=198
2026-09-26T01:49:01.179723Z DEBUG netbaiot_transports::business_rpc::v3: business RPC V3 selected frame stream_id=624 frame_type=Open payload_bytes=158
2026-09-26T01:49:01.179767Z DEBUG netbaiot_transports::business_rpc::v3: business RPC V3 writer completed frame stream_id=624 frame_type=Open payload_bytes=158
2026-09-26T01:49:01.185312Z DEBUG netbaiot_transports::business_rpc::v3: business RPC V3 selected frame stream_id=626 frame_type=Open payload_bytes=158
2026-09-26T01:49:01.189716Z DEBUG netbaiot_transports::business_rpc::v3: business RPC V3 writer completed frame stream_id=626 frame_type=Open payload_bytes=158
2026-09-26T01:49:01.199951Z DEBUG netbaiot_transports::business_rpc::v3: business RPC V3 selected frame stream_id=622 frame_type=Data payload_bytes=198
2026-09-26T01:49:01.203510Z DEBUG netbaiot_transports::business_rpc::v3: business RPC V3 writer completed frame stream_id=622 frame_type=Data payload_bytes=198
2026-09-26T01:49:01.209531Z DEBUG netbaiot_transports::business_rpc::v3: business RPC V3 selected frame stream_id=0 frame_type=WindowUpdate payload_bytes=4
2026-09-26T01:49:01.213167Z DEBUG netbaiot_transports::business_rpc::v3: business RPC V3 writer completed frame stream_id=0 frame_type=WindowUpdate payload_bytes=4
2026-09-26T01:49:01.216010Z DEBUG netbaiot_transports::business_rpc::v3: business RPC V3 selected frame stream_id=628 frame_type=Open payload_bytes=158
2026-09-26T01:49:01.225665Z DEBUG netbaiot_transports::business_rpc::v3: business RPC V3 writer completed frame stream_id=628 frame_type=Open payload_bytes=158
2026-09-26T01:49:01.229689Z DEBUG netbaiot_transports::business_rpc::v3: business RPC V3 selected frame stream_id=624 frame_type=Data payload_bytes=198
2026-09-26T01:49:01.234262Z DEBUG netbaiot_transports::business_rpc::v3: business RPC V3 writer completed frame stream_id=624 frame_type=Data payload_bytes=198
2026-09-26T01:49:01.245978Z DEBUG netbaiot_transports::business_rpc::v3: business RPC V3 selected frame stream_id=626 frame_type=Data payload_bytes=198
2026-09-26T01:49:01.246006Z DEBUG netbaiot_transports::business_rpc::v3: business RPC V3 writer completed frame stream_id=626 frame_type=Data payload_bytes=198
2026-09-26T01:49:01.246016Z DEBUG netbaiot_transports::business_rpc::v3: business RPC V3 selected frame stream_id=628 frame_type=Data payload_bytes=198
2026-09-26T01:49:01.246023Z DEBUG netbaiot_transports::business_rpc::v3: business RPC V3 writer completed frame stream_id=628 frame_type=Data payload_bytes=198
2026-09-26T01:49:01.246101Z DEBUG netbaiot_transports::business_rpc::v3: business RPC V3 received frame stream_id=0 frame_type=WindowUpdate payload_bytes=4
2026-09-26T01:49:01.249037Z DEBUG netbaiot_transports::business_rpc::v3: business RPC V3 received frame stream_id=622 frame_type=Response payload_bytes=35
2026-09-26T01:49:01.254902Z DEBUG netbaiot_transports::business_rpc::v3: business RPC V3 received frame stream_id=622 frame_type=Data payload_bytes=216
2026-09-26T01:49:01.258651Z DEBUG netbaiot_transports::business_rpc::v3: business RPC V3 received frame stream_id=0 frame_type=WindowUpdate payload_bytes=4
2026-09-26T01:49:01.262719Z DEBUG netbaiot_transports::business_rpc::v3: business RPC V3 received frame stream_id=624 frame_type=Response payload_bytes=35
2026-09-26T01:49:01.258656Z DEBUG netbaiot_transports::business_rpc::v3: business RPC V3 selected frame stream_id=0 frame_type=WindowUpdate payload_bytes=4
2026-09-26T01:49:01.265787Z DEBUG netbaiot_transports::business_rpc::v3: business RPC V3 received frame stream_id=624 frame_type=Data payload_bytes=216
2026-09-26T01:49:01.276339Z DEBUG netbaiot_transports::business_rpc::v3: business RPC V3 received frame stream_id=0 frame_type=WindowUpdate payload_bytes=4
2026-09-26T01:49:01.276367Z DEBUG netbaiot_transports::business_rpc::v3: business RPC V3 received frame stream_id=0 frame_type=WindowUpdate payload_bytes=4
2026-09-26T01:49:01.276792Z DEBUG netbaiot_transports::business_rpc::v3: business RPC V3 received frame stream_id=628 frame_type=Response payload_bytes=35
2026-09-26T01:49:01.272622Z DEBUG netbaiot_transports::business_rpc::v3: business RPC V3 writer completed frame stream_id=0 frame_type=WindowUpdate payload_bytes=4
2026-09-26T01:49:01.280685Z DEBUG netbaiot_transports::business_rpc::v3: business RPC V3 received frame stream_id=626 frame_type=Response payload_bytes=35
2026-09-26T01:49:01.290756Z DEBUG netbaiot_transports::business_rpc::v3: business RPC V3 body entered scheduler stream_id=630 class=Rpc body_bytes=198
2026-09-26T01:49:01.294686Z DEBUG netbaiot_transports::business_rpc::v3: business RPC V3 received frame stream_id=628 frame_type=Data payload_bytes=216
2026-09-26T01:49:01.301641Z DEBUG netbaiot_transports::business_rpc::v3: business RPC V3 selected frame stream_id=0 frame_type=WindowUpdate payload_bytes=4
2026-09-26T01:49:01.309647Z DEBUG netbaiot_transports::business_rpc::v3: business RPC V3 writer completed frame stream_id=0 frame_type=WindowUpdate payload_bytes=4
2026-09-26T01:49:01.309661Z DEBUG netbaiot_transports::business_rpc::v3: business RPC V3 selected frame stream_id=630 frame_type=Open payload_bytes=158
2026-09-26T01:49:01.309671Z DEBUG netbaiot_transports::business_rpc::v3: business RPC V3 writer completed frame stream_id=630 frame_type=Open payload_bytes=158
2026-09-26T01:49:01.309687Z DEBUG netbaiot_transports::business_rpc::v3: business RPC V3 selected frame stream_id=0 frame_type=WindowUpdate payload_bytes=4
2026-09-26T01:49:01.306049Z DEBUG netbaiot_transports::business_rpc::v3: business RPC V3 received frame stream_id=626 frame_type=Data payload_bytes=216
2026-09-26T01:49:01.312767Z DEBUG netbaiot_transports::business_rpc::v3: business RPC V3 writer completed frame stream_id=0 frame_type=WindowUpdate payload_bytes=4
2026-09-26T01:49:01.319745Z DEBUG netbaiot_transports::business_rpc::v3: business RPC V3 body entered scheduler stream_id=632 class=Rpc body_bytes=198
2026-09-26T01:49:01.323519Z DEBUG netbaiot_transports::business_rpc::v3: business RPC V3 body entered scheduler stream_id=634 class=Rpc body_bytes=198
2026-09-26T01:49:01.327125Z DEBUG netbaiot_transports::business_rpc::v3: business RPC V3 body entered scheduler stream_id=636 class=Rpc body_bytes=198
2026-09-26T01:49:01.330652Z DEBUG netbaiot_transports::business_rpc::v3: business RPC V3 selected frame stream_id=630 frame_type=Data payload_bytes=198
2026-09-26T01:49:01.339973Z DEBUG netbaiot_transports::business_rpc::v3: business RPC V3 writer completed frame stream_id=630 frame_type=Data payload_bytes=198
2026-09-26T01:49:01.343646Z DEBUG netbaiot_transports::business_rpc::v3: business RPC V3 selected frame stream_id=0 frame_type=WindowUpdate payload_bytes=4
2026-09-26T01:49:01.347625Z DEBUG netbaiot_transports::business_rpc::v3: business RPC V3 writer completed frame stream_id=0 frame_type=WindowUpdate payload_bytes=4
2026-09-26T01:49:01.347710Z DEBUG netbaiot_transports::business_rpc::v3: business RPC V3 selected frame stream_id=632 frame_type=Open payload_bytes=158
2026-09-26T01:49:01.353612Z DEBUG netbaiot_transports::business_rpc::v3: business RPC V3 writer completed frame stream_id=632 frame_type=Open payload_bytes=158
2026-09-26T01:49:01.357690Z DEBUG netbaiot_transports::business_rpc::v3: business RPC V3 selected frame stream_id=634 frame_type=Open payload_bytes=158
2026-09-26T01:49:01.361635Z DEBUG netbaiot_transports::business_rpc::v3: business RPC V3 writer completed frame stream_id=634 frame_type=Open payload_bytes=158
2026-09-26T01:49:01.364558Z DEBUG netbaiot_transports::business_rpc::v3: business RPC V3 selected frame stream_id=636 frame_type=Open payload_bytes=158
2026-09-26T01:49:01.367625Z DEBUG netbaiot_transports::business_rpc::v3: business RPC V3 writer completed frame stream_id=636 frame_type=Open payload_bytes=158
2026-09-26T01:49:01.378646Z DEBUG netbaiot_transports::business_rpc::v3: business RPC V3 selected frame stream_id=632 frame_type=Data payload_bytes=198
2026-09-26T01:49:01.382734Z DEBUG netbaiot_transports::business_rpc::v3: business RPC V3 writer completed frame stream_id=632 frame_type=Data payload_bytes=198
2026-09-26T01:49:01.386678Z DEBUG netbaiot_transports::business_rpc::v3: business RPC V3 selected frame stream_id=634 frame_type=Data payload_bytes=198
2026-09-26T01:49:01.390619Z DEBUG netbaiot_transports::business_rpc::v3: business RPC V3 writer completed frame stream_id=634 frame_type=Data payload_bytes=198
2026-09-26T01:49:01.398859Z DEBUG netbaiot_transports::business_rpc::v3: business RPC V3 selected frame stream_id=636 frame_type=Data payload_bytes=198
2026-09-26T01:49:01.401760Z DEBUG netbaiot_transports::business_rpc::v3: business RPC V3 writer completed frame stream_id=636 frame_type=Data payload_bytes=198
2026-09-26T01:49:01.404833Z DEBUG netbaiot_transports::business_rpc::v3: business RPC V3 received frame stream_id=0 frame_type=WindowUpdate payload_bytes=4
2026-09-26T01:49:01.407624Z DEBUG netbaiot_transports::business_rpc::v3: business RPC V3 received frame stream_id=630 frame_type=Response payload_bytes=35
2026-09-26T01:49:01.407661Z DEBUG netbaiot_transports::business_rpc::v3: business RPC V3 received frame stream_id=630 frame_type=Data payload_bytes=216
2026-09-26T01:49:01.411691Z DEBUG netbaiot_transports::business_rpc::v3: business RPC V3 received frame stream_id=0 frame_type=WindowUpdate payload_bytes=4
2026-09-26T01:49:01.411698Z DEBUG netbaiot_transports::business_rpc::v3: business RPC V3 selected frame stream_id=0 frame_type=WindowUpdate payload_bytes=4
2026-09-26T01:49:01.414846Z DEBUG netbaiot_transports::business_rpc::v3: business RPC V3 received frame stream_id=632 frame_type=Response payload_bytes=35
2026-09-26T01:49:01.420642Z DEBUG netbaiot_transports::business_rpc::v3: business RPC V3 received frame stream_id=632 frame_type=Data payload_bytes=216
2026-09-26T01:49:01.417873Z DEBUG netbaiot_transports::business_rpc::v3: business RPC V3 writer completed frame stream_id=0 frame_type=WindowUpdate payload_bytes=4
2026-09-26T01:49:01.427977Z DEBUG netbaiot_transports::business_rpc::v3: business RPC V3 selected frame stream_id=0 frame_type=WindowUpdate payload_bytes=4
2026-09-26T01:49:01.431597Z DEBUG netbaiot_transports::business_rpc::v3: business RPC V3 writer completed frame stream_id=0 frame_type=WindowUpdate payload_bytes=4
2026-09-26T01:49:01.423955Z DEBUG netbaiot_transports::business_rpc::v3: business RPC V3 received frame stream_id=0 frame_type=WindowUpdate payload_bytes=4
2026-09-26T01:49:01.433052Z DEBUG netbaiot_transports::business_rpc::v3: business RPC V3 received frame stream_id=634 frame_type=Response payload_bytes=35
2026-09-26T01:49:01.440706Z DEBUG netbaiot_transports::business_rpc::v3: business RPC V3 received frame stream_id=634 frame_type=Data payload_bytes=216
2026-09-26T01:49:01.443744Z DEBUG netbaiot_transports::business_rpc::v3: business RPC V3 received frame stream_id=0 frame_type=WindowUpdate payload_bytes=4
2026-09-26T01:49:01.443763Z DEBUG netbaiot_transports::business_rpc::v3: business RPC V3 body entered scheduler stream_id=638 class=Rpc body_bytes=198
2026-09-26T01:49:01.447479Z DEBUG netbaiot_transports::business_rpc::v3: business RPC V3 received frame stream_id=636 frame_type=Response payload_bytes=35
2026-09-26T01:49:01.456555Z DEBUG netbaiot_transports::business_rpc::v3: business RPC V3 body entered scheduler stream_id=640 class=Rpc body_bytes=198
2026-09-26T01:49:01.460644Z DEBUG netbaiot_transports::business_rpc::v3: business RPC V3 received frame stream_id=636 frame_type=Data payload_bytes=216
2026-09-26T01:49:01.460717Z DEBUG netbaiot_transports::business_rpc::v3: business RPC V3 selected frame stream_id=638 frame_type=Open payload_bytes=158
2026-09-26T01:49:01.469014Z DEBUG netbaiot_transports::business_rpc::v3: business RPC V3 writer completed frame stream_id=638 frame_type=Open payload_bytes=158
2026-09-26T01:49:01.472742Z DEBUG netbaiot_transports::business_rpc::v3: business RPC V3 body entered scheduler stream_id=642 class=Event body_bytes=17366
2026-09-26T01:49:01.478662Z DEBUG netbaiot_transports::business_rpc::v3: business RPC V3 body entered scheduler stream_id=644 class=Rpc body_bytes=198
2026-09-26T01:49:01.481821Z DEBUG netbaiot_transports::business_rpc::v3: business RPC V3 body entered scheduler stream_id=646 class=Rpc body_bytes=198
2026-09-26T01:49:01.485664Z DEBUG netbaiot_transports::business_rpc::v3: business RPC V3 selected frame stream_id=640 frame_type=Open payload_bytes=158
2026-09-26T01:49:01.489677Z DEBUG netbaiot_transports::business_rpc::v3: business RPC V3 writer completed frame stream_id=640 frame_type=Open payload_bytes=158
2026-09-26T01:49:01.489689Z DEBUG netbaiot_transports::business_rpc::v3: business RPC V3 selected frame stream_id=638 frame_type=Data payload_bytes=198
2026-09-26T01:49:01.489699Z DEBUG netbaiot_transports::business_rpc::v3: business RPC V3 writer completed frame stream_id=638 frame_type=Data payload_bytes=198
2026-09-26T01:49:01.489712Z DEBUG netbaiot_transports::business_rpc::v3: business RPC V3 selected frame stream_id=0 frame_type=WindowUpdate payload_bytes=4
2026-09-26T01:49:01.489728Z DEBUG netbaiot_transports::business_rpc::v3: business RPC V3 writer completed frame stream_id=0 frame_type=WindowUpdate payload_bytes=4
2026-09-26T01:49:01.489742Z DEBUG netbaiot_transports::business_rpc::v3: business RPC V3 selected frame stream_id=0 frame_type=WindowUpdate payload_bytes=4
2026-09-26T01:49:01.489751Z DEBUG netbaiot_transports::business_rpc::v3: business RPC V3 writer completed frame stream_id=0 frame_type=WindowUpdate payload_bytes=4
2026-09-26T01:49:01.489757Z DEBUG netbaiot_transports::business_rpc::v3: business RPC V3 selected frame stream_id=642 frame_type=Open payload_bytes=184
2026-09-26T01:49:01.489765Z DEBUG netbaiot_transports::business_rpc::v3: business RPC V3 writer completed frame stream_id=642 frame_type=Open payload_bytes=184
2026-09-26T01:49:01.489772Z DEBUG netbaiot_transports::business_rpc::v3: business RPC V3 selected frame stream_id=644 frame_type=Open payload_bytes=158
2026-09-26T01:49:01.489788Z DEBUG netbaiot_transports::business_rpc::v3: business RPC V3 writer completed frame stream_id=644 frame_type=Open payload_bytes=158
2026-09-26T01:49:01.489798Z DEBUG netbaiot_transports::business_rpc::v3: business RPC V3 selected frame stream_id=640 frame_type=Data payload_bytes=198
2026-09-26T01:49:01.489809Z DEBUG netbaiot_transports::business_rpc::v3: business RPC V3 writer completed frame stream_id=640 frame_type=Data payload_bytes=198
2026-09-26T01:49:01.489830Z DEBUG netbaiot_transports::business_rpc::v3: business RPC V3 selected frame stream_id=646 frame_type=Open payload_bytes=158
2026-09-26T01:49:01.496063Z DEBUG netbaiot_transports::business_rpc::v3: business RPC V3 writer completed frame stream_id=646 frame_type=Open payload_bytes=158
2026-09-26T01:49:01.502982Z DEBUG netbaiot_transports::business_rpc::v3: business RPC V3 selected frame stream_id=644 frame_type=Data payload_bytes=198
2026-09-26T01:49:01.507019Z DEBUG netbaiot_transports::business_rpc::v3: business RPC V3 writer completed frame stream_id=644 frame_type=Data payload_bytes=198
2026-09-26T01:49:01.513700Z DEBUG netbaiot_transports::business_rpc::v3: business RPC V3 selected frame stream_id=646 frame_type=Data payload_bytes=198
2026-09-26T01:49:01.523648Z DEBUG netbaiot_transports::business_rpc::v3: business RPC V3 writer completed frame stream_id=646 frame_type=Data payload_bytes=198
2026-09-26T01:49:01.530698Z DEBUG netbaiot_transports::business_rpc::v3: business RPC V3 selected frame stream_id=642 frame_type=Data payload_bytes=8192
2026-09-26T01:49:01.533899Z DEBUG netbaiot_transports::business_rpc::v3: business RPC V3 writer completed frame stream_id=642 frame_type=Data payload_bytes=8192
2026-09-26T01:49:01.533916Z DEBUG netbaiot_transports::business_rpc::v3: business RPC V3 selected frame stream_id=642 frame_type=Data payload_bytes=8192
2026-09-26T01:49:01.533940Z DEBUG netbaiot_transports::business_rpc::v3: business RPC V3 writer completed frame stream_id=642 frame_type=Data payload_bytes=8192
2026-09-26T01:49:01.536728Z DEBUG netbaiot_transports::business_rpc::v3: business RPC V3 received frame stream_id=0 frame_type=WindowUpdate payload_bytes=4
2026-09-26T01:49:01.544006Z DEBUG netbaiot_transports::business_rpc::v3: business RPC V3 received frame stream_id=0 frame_type=WindowUpdate payload_bytes=4
2026-09-26T01:49:01.550640Z DEBUG netbaiot_transports::business_rpc::v3: business RPC V3 received frame stream_id=638 frame_type=Response payload_bytes=35
2026-09-26T01:49:01.553342Z DEBUG netbaiot_transports::business_rpc::v3: business RPC V3 received frame stream_id=638 frame_type=Data payload_bytes=216
2026-09-26T01:49:01.559791Z DEBUG netbaiot_transports::business_rpc::v3: business RPC V3 received frame stream_id=640 frame_type=Response payload_bytes=35
2026-09-26T01:49:01.559802Z DEBUG netbaiot_transports::business_rpc::v3: business RPC V3 selected frame stream_id=0 frame_type=WindowUpdate payload_bytes=4
2026-09-26T01:49:01.563537Z DEBUG netbaiot_transports::business_rpc::v3: business RPC V3 received frame stream_id=640 frame_type=Data payload_bytes=216
2026-09-26T01:49:01.567684Z DEBUG netbaiot_transports::business_rpc::v3: business RPC V3 writer completed frame stream_id=0 frame_type=WindowUpdate payload_bytes=4
2026-09-26T01:49:01.574675Z DEBUG netbaiot_transports::business_rpc::v3: business RPC V3 selected frame stream_id=0 frame_type=WindowUpdate payload_bytes=4
2026-09-26T01:49:01.569151Z DEBUG netbaiot_transports::business_rpc::v3: business RPC V3 received frame stream_id=0 frame_type=WindowUpdate payload_bytes=4
2026-09-26T01:49:01.578631Z DEBUG netbaiot_transports::business_rpc::v3: business RPC V3 writer completed frame stream_id=0 frame_type=WindowUpdate payload_bytes=4
2026-09-26T01:49:01.588652Z DEBUG netbaiot_transports::business_rpc::v3: business RPC V3 body entered scheduler stream_id=648 class=Rpc body_bytes=198
2026-09-26T01:49:01.588666Z DEBUG netbaiot_transports::business_rpc::v3: business RPC V3 selected frame stream_id=648 frame_type=Open payload_bytes=158
2026-09-26T01:49:01.588682Z DEBUG netbaiot_transports::business_rpc::v3: business RPC V3 writer completed frame stream_id=648 frame_type=Open payload_bytes=158
2026-09-26T01:49:01.588690Z DEBUG netbaiot_transports::business_rpc::v3: business RPC V3 selected frame stream_id=648 frame_type=Data payload_bytes=198
2026-09-26T01:49:01.581747Z DEBUG netbaiot_transports::business_rpc::v3: business RPC V3 received frame stream_id=644 frame_type=Response payload_bytes=35
2026-09-26T01:49:01.590007Z DEBUG netbaiot_transports::business_rpc::v3: business RPC V3 writer completed frame stream_id=648 frame_type=Data payload_bytes=198
2026-09-26T01:49:01.598605Z DEBUG netbaiot_transports::business_rpc::v3: business RPC V3 received frame stream_id=644 frame_type=Data payload_bytes=216
2026-09-26T01:49:01.611763Z DEBUG netbaiot_transports::business_rpc::v3: business RPC V3 received frame stream_id=0 frame_type=WindowUpdate payload_bytes=4
2026-09-26T01:49:01.611787Z DEBUG netbaiot_transports::business_rpc::v3: business RPC V3 selected frame stream_id=0 frame_type=WindowUpdate payload_bytes=4
2026-09-26T01:49:01.615724Z DEBUG netbaiot_transports::business_rpc::v3: business RPC V3 received frame stream_id=646 frame_type=Response payload_bytes=35
2026-09-26T01:49:01.623659Z DEBUG netbaiot_transports::business_rpc::v3: business RPC V3 writer completed frame stream_id=0 frame_type=WindowUpdate payload_bytes=4
2026-09-26T01:49:01.626683Z DEBUG netbaiot_transports::business_rpc::v3: business RPC V3 body entered scheduler stream_id=650 class=Rpc body_bytes=198
2026-09-26T01:49:01.626691Z DEBUG netbaiot_transports::business_rpc::v3: business RPC V3 selected frame stream_id=650 frame_type=Open payload_bytes=158
2026-09-26T01:49:01.626635Z DEBUG netbaiot_transports::business_rpc::v3: business RPC V3 received frame stream_id=646 frame_type=Data payload_bytes=216
2026-09-26T01:49:01.632660Z DEBUG netbaiot_transports::business_rpc::v3: business RPC V3 writer completed frame stream_id=650 frame_type=Open payload_bytes=158
2026-09-26T01:49:01.639870Z DEBUG netbaiot_transports::business_rpc::v3: business RPC V3 received frame stream_id=0 frame_type=WindowUpdate payload_bytes=4
2026-09-26T01:49:01.643650Z DEBUG netbaiot_transports::business_rpc::v3: business RPC V3 selected frame stream_id=0 frame_type=WindowUpdate payload_bytes=4
2026-09-26T01:49:01.647713Z DEBUG netbaiot_transports::business_rpc::v3: business RPC V3 received frame stream_id=642 frame_type=WindowUpdate payload_bytes=4
2026-09-26T01:49:01.657502Z DEBUG netbaiot_transports::business_rpc::v3: business RPC V3 received frame stream_id=0 frame_type=WindowUpdate payload_bytes=4
2026-09-26T01:49:01.657521Z DEBUG netbaiot_transports::business_rpc::v3: business RPC V3 received frame stream_id=642 frame_type=WindowUpdate payload_bytes=4
2026-09-26T01:49:01.657529Z DEBUG netbaiot_transports::business_rpc::v3: business RPC V3 received frame stream_id=0 frame_type=WindowUpdate payload_bytes=4
2026-09-26T01:49:01.657535Z DEBUG netbaiot_transports::business_rpc::v3: business RPC V3 received frame stream_id=648 frame_type=Response payload_bytes=35
2026-09-26T01:49:01.657545Z DEBUG netbaiot_transports::business_rpc::v3: business RPC V3 received frame stream_id=648 frame_type=Data payload_bytes=216
2026-09-26T01:49:01.653783Z DEBUG netbaiot_transports::business_rpc::v3: business RPC V3 writer completed frame stream_id=0 frame_type=WindowUpdate payload_bytes=4
2026-09-26T01:49:01.665583Z DEBUG netbaiot_transports::business_rpc::v3: business RPC V3 body entered scheduler stream_id=652 class=Rpc body_bytes=198
2026-09-26T01:49:01.670767Z DEBUG netbaiot_transports::business_rpc::v3: business RPC V3 body entered scheduler stream_id=654 class=Rpc body_bytes=198
2026-09-26T01:49:01.676657Z DEBUG netbaiot_transports::business_rpc::v3: business RPC V3 body entered scheduler stream_id=656 class=Rpc body_bytes=198
2026-09-26T01:49:01.679641Z DEBUG netbaiot_transports::business_rpc::v3: business RPC V3 selected frame stream_id=652 frame_type=Open payload_bytes=158
2026-09-26T01:49:01.686941Z DEBUG netbaiot_transports::business_rpc::v3: business RPC V3 writer completed frame stream_id=652 frame_type=Open payload_bytes=158
2026-09-26T01:49:01.690720Z DEBUG netbaiot_transports::business_rpc::v3: business RPC V3 selected frame stream_id=650 frame_type=Data payload_bytes=198
2026-09-26T01:49:01.693713Z DEBUG netbaiot_transports::business_rpc::v3: business RPC V3 writer completed frame stream_id=650 frame_type=Data payload_bytes=198
2026-09-26T01:49:01.693762Z DEBUG netbaiot_transports::business_rpc::v3: business RPC V3 selected frame stream_id=0 frame_type=WindowUpdate payload_bytes=4
2026-09-26T01:49:01.695152Z DEBUG netbaiot_transports::business_rpc::v3: business RPC V3 writer completed frame stream_id=0 frame_type=WindowUpdate payload_bytes=4
2026-09-26T01:49:01.697488Z DEBUG netbaiot_transports::business_rpc::v3: business RPC V3 selected frame stream_id=654 frame_type=Open payload_bytes=158
2026-09-26T01:49:01.705681Z DEBUG netbaiot_transports::business_rpc::v3: business RPC V3 writer completed frame stream_id=654 frame_type=Open payload_bytes=158
2026-09-26T01:49:01.709612Z DEBUG netbaiot_transports::business_rpc::v3: business RPC V3 selected frame stream_id=656 frame_type=Open payload_bytes=158
2026-09-26T01:49:01.719052Z DEBUG netbaiot_transports::business_rpc::v3: business RPC V3 writer completed frame stream_id=656 frame_type=Open payload_bytes=158
2026-09-26T01:49:01.722878Z DEBUG netbaiot_transports::business_rpc::v3: business RPC V3 selected frame stream_id=652 frame_type=Data payload_bytes=198
2026-09-26T01:49:01.726105Z DEBUG netbaiot_transports::business_rpc::v3: business RPC V3 writer completed frame stream_id=652 frame_type=Data payload_bytes=198
2026-09-26T01:49:01.726171Z DEBUG netbaiot_transports::business_rpc::v3: business RPC V3 selected frame stream_id=654 frame_type=Data payload_bytes=198
2026-09-26T01:49:01.726202Z DEBUG netbaiot_transports::business_rpc::v3: business RPC V3 writer completed frame stream_id=654 frame_type=Data payload_bytes=198
2026-09-26T01:49:01.726212Z DEBUG netbaiot_transports::business_rpc::v3: business RPC V3 selected frame stream_id=642 frame_type=Data payload_bytes=982
2026-09-26T01:49:01.731725Z DEBUG netbaiot_transports::business_rpc::v3: business RPC V3 writer completed frame stream_id=642 frame_type=Data payload_bytes=982
2026-09-26T01:49:01.734733Z DEBUG netbaiot_transports::business_rpc::v3: business RPC V3 selected frame stream_id=656 frame_type=Data payload_bytes=198
2026-09-26T01:49:01.734821Z DEBUG netbaiot_transports::business_rpc::v3: business RPC V3 writer completed frame stream_id=656 frame_type=Data payload_bytes=198
2026-09-26T01:49:01.738894Z DEBUG netbaiot_transports::business_rpc::v3: business RPC V3 received frame stream_id=0 frame_type=WindowUpdate payload_bytes=4
2026-09-26T01:49:01.742883Z DEBUG netbaiot_transports::business_rpc::v3: business RPC V3 received frame stream_id=650 frame_type=Response payload_bytes=35
2026-09-26T01:49:01.748849Z DEBUG netbaiot_transports::business_rpc::v3: business RPC V3 received frame stream_id=650 frame_type=Data payload_bytes=216
2026-09-26T01:49:01.752822Z DEBUG netbaiot_transports::business_rpc::v3: business RPC V3 received frame stream_id=0 frame_type=WindowUpdate payload_bytes=4
2026-09-26T01:49:01.756707Z DEBUG netbaiot_transports::business_rpc::v3: business RPC V3 received frame stream_id=652 frame_type=Response payload_bytes=35
2026-09-26T01:49:01.760723Z DEBUG netbaiot_transports::business_rpc::v3: business RPC V3 received frame stream_id=0 frame_type=WindowUpdate payload_bytes=4
2026-09-26T01:49:01.763981Z DEBUG netbaiot_transports::business_rpc::v3: business RPC V3 received frame stream_id=652 frame_type=Data payload_bytes=216
2026-09-26T01:49:01.752843Z DEBUG netbaiot_transports::business_rpc::v3: business RPC V3 selected frame stream_id=0 frame_type=WindowUpdate payload_bytes=4
2026-09-26T01:49:01.772834Z DEBUG netbaiot_transports::business_rpc::v3: business RPC V3 writer completed frame stream_id=0 frame_type=WindowUpdate payload_bytes=4
2026-09-26T01:49:01.776086Z DEBUG netbaiot_transports::business_rpc::v3: business RPC V3 selected frame stream_id=0 frame_type=WindowUpdate payload_bytes=4
2026-09-26T01:49:01.776184Z DEBUG netbaiot_transports::business_rpc::v3: business RPC V3 writer completed frame stream_id=0 frame_type=WindowUpdate payload_bytes=4
2026-09-26T01:49:01.770080Z DEBUG netbaiot_transports::business_rpc::v3: business RPC V3 received frame stream_id=654 frame_type=Response payload_bytes=35
2026-09-26T01:49:01.791009Z DEBUG netbaiot_transports::business_rpc::v3: business RPC V3 received frame stream_id=654 frame_type=Data payload_bytes=216
2026-09-26T01:49:01.794860Z DEBUG netbaiot_transports::business_rpc::v3: business RPC V3 received frame stream_id=0 frame_type=WindowUpdate payload_bytes=4
2026-09-26T01:49:01.798626Z DEBUG netbaiot_transports::business_rpc::v3: business RPC V3 received frame stream_id=642 frame_type=Response payload_bytes=35
2026-09-26T01:49:01.798704Z DEBUG netbaiot_transports::business_rpc::v3: business RPC V3 received frame stream_id=642 frame_type=Data payload_bytes=118
2026-09-26T01:49:01.794855Z DEBUG netbaiot_transports::business_rpc::v3: business RPC V3 body entered scheduler stream_id=658 class=Rpc body_bytes=198
2026-09-26T01:49:01.804689Z DEBUG netbaiot_transports::business_rpc::v3: business RPC V3 body entered scheduler stream_id=660 class=Rpc body_bytes=198
2026-09-26T01:49:01.798734Z DEBUG netbaiot_transports::business_rpc::v3: business RPC V3 Event delivery acknowledged stream_id=642 completion_us=333948
2026-09-26T01:49:01.810737Z DEBUG netbaiot_transports::business_rpc::v3: business RPC V3 selected frame stream_id=658 frame_type=Open payload_bytes=158
2026-09-26T01:49:01.818041Z DEBUG netbaiot_transports::business_rpc::v3: business RPC V3 writer completed frame stream_id=658 frame_type=Open payload_bytes=158
2026-09-26T01:49:01.813709Z DEBUG netbaiot_transports::business_rpc::v3: business RPC V3 received frame stream_id=0 frame_type=WindowUpdate payload_bytes=4
2026-09-26T01:49:01.827687Z DEBUG netbaiot_transports::business_rpc::v3: business RPC V3 selected frame stream_id=0 frame_type=WindowUpdate payload_bytes=4
2026-09-26T01:49:01.830825Z DEBUG netbaiot_transports::business_rpc::v3: business RPC V3 received frame stream_id=656 frame_type=Response payload_bytes=35
2026-09-26T01:49:01.837601Z DEBUG netbaiot_transports::business_rpc::v3: business RPC V3 received frame stream_id=656 frame_type=Data payload_bytes=216
2026-09-26T01:49:01.834828Z DEBUG netbaiot_transports::business_rpc::v3: business RPC V3 writer completed frame stream_id=0 frame_type=WindowUpdate payload_bytes=4
2026-09-26T01:49:01.844617Z DEBUG netbaiot_transports::business_rpc::v3: business RPC V3 body entered scheduler stream_id=662 class=Rpc body_bytes=198
2026-09-26T01:49:01.840673Z DEBUG netbaiot_transports::business_rpc::v3: business RPC V3 received frame stream_id=0 frame_type=Ping payload_bytes=8
2026-09-26T01:49:01.847698Z DEBUG netbaiot_transports::business_rpc::v3: business RPC V3 selected frame stream_id=658 frame_type=Data payload_bytes=198
2026-09-26T01:49:01.863614Z DEBUG netbaiot_transports::business_rpc::v3: business RPC V3 writer completed frame stream_id=658 frame_type=Data payload_bytes=198
2026-09-26T01:49:01.863803Z DEBUG netbaiot_transports::business_rpc::v3: business RPC V3 received frame stream_id=0 frame_type=WindowUpdate payload_bytes=4
2026-09-26T01:49:01.867962Z DEBUG netbaiot_transports::business_rpc::v3: business RPC V3 body entered scheduler stream_id=664 class=Rpc body_bytes=198
2026-09-26T01:49:01.875499Z DEBUG netbaiot_transports::business_rpc::v3: business RPC V3 selected frame stream_id=660 frame_type=Open payload_bytes=158
2026-09-26T01:49:01.871600Z DEBUG netbaiot_transports::business_rpc::v3: business RPC V3 received frame stream_id=658 frame_type=Response payload_bytes=35
2026-09-26T01:49:01.875535Z DEBUG netbaiot_transports::business_rpc::v3: business RPC V3 writer completed frame stream_id=660 frame_type=Open payload_bytes=158
2026-09-26T01:49:01.875542Z DEBUG netbaiot_transports::business_rpc::v3: business RPC V3 selected frame stream_id=0 frame_type=WindowUpdate payload_bytes=4
2026-09-26T01:49:01.875549Z DEBUG netbaiot_transports::business_rpc::v3: business RPC V3 writer completed frame stream_id=0 frame_type=WindowUpdate payload_bytes=4
2026-09-26T01:49:01.875554Z DEBUG netbaiot_transports::business_rpc::v3: business RPC V3 selected frame stream_id=662 frame_type=Open payload_bytes=158
2026-09-26T01:49:01.876956Z DEBUG netbaiot_transports::business_rpc::v3: business RPC V3 writer completed frame stream_id=662 frame_type=Open payload_bytes=158
2026-09-26T01:49:01.883573Z DEBUG netbaiot_transports::business_rpc::v3: business RPC V3 selected frame stream_id=0 frame_type=WindowUpdate payload_bytes=4
2026-09-26T01:49:01.887869Z DEBUG netbaiot_transports::business_rpc::v3: business RPC V3 writer completed frame stream_id=0 frame_type=WindowUpdate payload_bytes=4
2026-09-26T01:49:01.891689Z DEBUG netbaiot_transports::business_rpc::v3: business RPC V3 selected frame stream_id=660 frame_type=Data payload_bytes=198
2026-09-26T01:49:01.891707Z DEBUG netbaiot_transports::business_rpc::v3: business RPC V3 writer completed frame stream_id=660 frame_type=Data payload_bytes=198
2026-09-26T01:49:01.911484Z DEBUG netbaiot_transports::business_rpc::v3: business RPC V3 selected frame stream_id=0 frame_type=Pong payload_bytes=8
2026-09-26T01:49:01.911512Z DEBUG netbaiot_transports::business_rpc::v3: business RPC V3 writer completed frame stream_id=0 frame_type=Pong payload_bytes=8
2026-09-26T01:49:01.911518Z DEBUG netbaiot_transports::business_rpc::v3: business RPC V3 selected frame stream_id=664 frame_type=Open payload_bytes=158
2026-09-26T01:49:01.911526Z DEBUG netbaiot_transports::business_rpc::v3: business RPC V3 writer completed frame stream_id=664 frame_type=Open payload_bytes=158
2026-09-26T01:49:01.911535Z DEBUG netbaiot_transports::business_rpc::v3: business RPC V3 selected frame stream_id=662 frame_type=Data payload_bytes=198
2026-09-26T01:49:01.911543Z DEBUG netbaiot_transports::business_rpc::v3: business RPC V3 writer completed frame stream_id=662 frame_type=Data payload_bytes=198
2026-09-26T01:49:01.875552Z DEBUG netbaiot_transports::business_rpc::v3: business RPC V3 received frame stream_id=658 frame_type=Data payload_bytes=216
2026-09-26T01:49:01.915834Z DEBUG netbaiot_transports::business_rpc::v3: business RPC V3 selected frame stream_id=664 frame_type=Data payload_bytes=198
2026-09-26T01:49:01.918901Z DEBUG netbaiot_transports::business_rpc::v3: business RPC V3 received frame stream_id=0 frame_type=WindowUpdate payload_bytes=4
2026-09-26T01:49:01.920164Z DEBUG netbaiot_transports::business_rpc::v3: business RPC V3 writer completed frame stream_id=664 frame_type=Data payload_bytes=198
2026-09-26T01:49:01.923669Z DEBUG netbaiot_transports::business_rpc::v3: business RPC V3 received frame stream_id=660 frame_type=Response payload_bytes=35
2026-09-26T01:49:01.930567Z DEBUG netbaiot_transports::business_rpc::v3: business RPC V3 received frame stream_id=660 frame_type=Data payload_bytes=216
2026-09-26T01:49:01.926563Z DEBUG netbaiot_transports::business_rpc::v3: business RPC V3 body entered scheduler stream_id=666 class=Rpc body_bytes=198
2026-09-26T01:49:01.930607Z DEBUG netbaiot_transports::business_rpc::v3: business RPC V3 received frame stream_id=0 frame_type=WindowUpdate payload_bytes=4
2026-09-26T01:49:01.930638Z DEBUG netbaiot_transports::business_rpc::v3: business RPC V3 received frame stream_id=662 frame_type=Response payload_bytes=35
2026-09-26T01:49:01.930646Z DEBUG netbaiot_transports::business_rpc::v3: business RPC V3 received frame stream_id=662 frame_type=Data payload_bytes=216
2026-09-26T01:49:01.930625Z DEBUG netbaiot_transports::business_rpc::v3: business RPC V3 selected frame stream_id=0 frame_type=WindowUpdate payload_bytes=4
2026-09-26T01:49:01.930673Z DEBUG netbaiot_transports::business_rpc::v3: business RPC V3 received frame stream_id=0 frame_type=WindowUpdate payload_bytes=4
2026-09-26T01:49:01.930744Z DEBUG netbaiot_transports::business_rpc::v3: business RPC V3 received frame stream_id=664 frame_type=Response payload_bytes=35
2026-09-26T01:49:01.930703Z DEBUG netbaiot_transports::business_rpc::v3: business RPC V3 writer completed frame stream_id=0 frame_type=WindowUpdate payload_bytes=4
2026-09-26T01:49:01.930755Z DEBUG netbaiot_transports::business_rpc::v3: business RPC V3 received frame stream_id=664 frame_type=Data payload_bytes=216
2026-09-26T01:49:01.930799Z DEBUG netbaiot_transports::business_rpc::v3: business RPC V3 selected frame stream_id=666 frame_type=Open payload_bytes=158
2026-09-26T01:49:01.940846Z DEBUG netbaiot_transports::business_rpc::v3: business RPC V3 writer completed frame stream_id=666 frame_type=Open payload_bytes=158
2026-09-26T01:49:01.943666Z DEBUG netbaiot_transports::business_rpc::v3: business RPC V3 body entered scheduler stream_id=668 class=Rpc body_bytes=198
2026-09-26T01:49:01.943764Z DEBUG netbaiot_transports::business_rpc::v3: business RPC V3 body entered scheduler stream_id=670 class=Rpc body_bytes=198
2026-09-26T01:49:01.947793Z DEBUG netbaiot_transports::business_rpc::v3: business RPC V3 body entered scheduler stream_id=672 class=Rpc body_bytes=198
2026-09-26T01:49:01.947806Z DEBUG netbaiot_transports::business_rpc::v3: business RPC V3 selected frame stream_id=0 frame_type=WindowUpdate payload_bytes=4
2026-09-26T01:49:01.950621Z DEBUG netbaiot_transports::business_rpc::v3: business RPC V3 writer completed frame stream_id=0 frame_type=WindowUpdate payload_bytes=4
2026-09-26T01:49:01.950635Z DEBUG netbaiot_transports::business_rpc::v3: business RPC V3 selected frame stream_id=0 frame_type=WindowUpdate payload_bytes=4
2026-09-26T01:49:01.960790Z DEBUG netbaiot_transports::business_rpc::v3: business RPC V3 writer completed frame stream_id=0 frame_type=WindowUpdate payload_bytes=4
2026-09-26T01:49:01.964542Z DEBUG netbaiot_transports::business_rpc::v3: business RPC V3 selected frame stream_id=666 frame_type=Data payload_bytes=198
2026-09-26T01:49:01.968623Z DEBUG netbaiot_transports::business_rpc::v3: business RPC V3 writer completed frame stream_id=666 frame_type=Data payload_bytes=198
2026-09-26T01:49:01.973684Z DEBUG netbaiot_transports::business_rpc::v3: business RPC V3 selected frame stream_id=0 frame_type=WindowUpdate payload_bytes=4
2026-09-26T01:49:01.981505Z DEBUG netbaiot_transports::business_rpc::v3: business RPC V3 writer completed frame stream_id=0 frame_type=WindowUpdate payload_bytes=4
2026-09-26T01:49:01.988500Z DEBUG netbaiot_transports::business_rpc::v3: business RPC V3 selected frame stream_id=668 frame_type=Open payload_bytes=158
2026-09-26T01:49:01.991704Z DEBUG netbaiot_transports::business_rpc::v3: business RPC V3 writer completed frame stream_id=668 frame_type=Open payload_bytes=158
2026-09-26T01:49:01.995982Z DEBUG netbaiot_transports::business_rpc::v3: business RPC V3 selected frame stream_id=670 frame_type=Open payload_bytes=158
2026-09-26T01:49:01.998913Z DEBUG netbaiot_transports::business_rpc::v3: business RPC V3 writer completed frame stream_id=670 frame_type=Open payload_bytes=158
2026-09-26T01:49:02.003105Z DEBUG netbaiot_transports::business_rpc::v3: business RPC V3 selected frame stream_id=672 frame_type=Open payload_bytes=158
2026-09-26T01:49:02.008737Z DEBUG netbaiot_transports::business_rpc::v3: business RPC V3 writer completed frame stream_id=672 frame_type=Open payload_bytes=158
2026-09-26T01:49:02.011958Z DEBUG netbaiot_transports::business_rpc::v3: business RPC V3 selected frame stream_id=668 frame_type=Data payload_bytes=198
2026-09-26T01:49:02.020539Z DEBUG netbaiot_transports::business_rpc::v3: business RPC V3 writer completed frame stream_id=668 frame_type=Data payload_bytes=198
2026-09-26T01:49:02.024729Z DEBUG netbaiot_transports::business_rpc::v3: business RPC V3 selected frame stream_id=670 frame_type=Data payload_bytes=198
2026-09-26T01:49:02.028843Z DEBUG netbaiot_transports::business_rpc::v3: business RPC V3 writer completed frame stream_id=670 frame_type=Data payload_bytes=198
2026-09-26T01:49:02.038787Z DEBUG netbaiot_transports::business_rpc::v3: business RPC V3 selected frame stream_id=672 frame_type=Data payload_bytes=198
2026-09-26T01:49:02.044539Z DEBUG netbaiot_transports::business_rpc::v3: business RPC V3 writer completed frame stream_id=672 frame_type=Data payload_bytes=198
2026-09-26T01:49:02.045166Z DEBUG netbaiot_transports::business_rpc::v3: business RPC V3 received frame stream_id=0 frame_type=WindowUpdate payload_bytes=4
2026-09-26T01:49:02.048689Z DEBUG netbaiot_transports::business_rpc::v3: business RPC V3 received frame stream_id=666 frame_type=Response payload_bytes=35
2026-09-26T01:49:02.054675Z DEBUG netbaiot_transports::business_rpc::v3: business RPC V3 received frame stream_id=666 frame_type=Data payload_bytes=216
2026-09-26T01:49:02.058604Z DEBUG netbaiot_transports::business_rpc::v3: business RPC V3 received frame stream_id=0 frame_type=WindowUpdate payload_bytes=4
2026-09-26T01:49:02.058628Z DEBUG netbaiot_transports::business_rpc::v3: business RPC V3 selected frame stream_id=0 frame_type=WindowUpdate payload_bytes=4
2026-09-26T01:49:02.061630Z DEBUG netbaiot_transports::business_rpc::v3: business RPC V3 received frame stream_id=668 frame_type=Response payload_bytes=35
2026-09-26T01:49:02.067694Z DEBUG netbaiot_transports::business_rpc::v3: business RPC V3 received frame stream_id=668 frame_type=Data payload_bytes=216
2026-09-26T01:49:02.075773Z DEBUG netbaiot_transports::business_rpc::v3: business RPC V3 received frame stream_id=0 frame_type=WindowUpdate payload_bytes=4
2026-09-26T01:49:02.079562Z DEBUG netbaiot_transports::business_rpc::v3: business RPC V3 received frame stream_id=670 frame_type=Response payload_bytes=35
2026-09-26T01:49:02.064547Z DEBUG netbaiot_transports::business_rpc::v3: business RPC V3 writer completed frame stream_id=0 frame_type=WindowUpdate payload_bytes=4
2026-09-26T01:49:02.088680Z DEBUG netbaiot_transports::business_rpc::v3: business RPC V3 body entered scheduler stream_id=674 class=Rpc body_bytes=198
2026-09-26T01:49:02.091679Z DEBUG netbaiot_transports::business_rpc::v3: business RPC V3 selected frame stream_id=0 frame_type=WindowUpdate payload_bytes=4
2026-09-26T01:49:02.085857Z DEBUG netbaiot_transports::business_rpc::v3: business RPC V3 received frame stream_id=670 frame_type=Data payload_bytes=216
2026-09-26T01:49:02.098799Z DEBUG netbaiot_transports::business_rpc::v3: business RPC V3 writer completed frame stream_id=0 frame_type=WindowUpdate payload_bytes=4
2026-09-26T01:49:02.098847Z DEBUG netbaiot_transports::business_rpc::v3: business RPC V3 received frame stream_id=0 frame_type=WindowUpdate payload_bytes=4
2026-09-26T01:49:02.104641Z DEBUG netbaiot_transports::business_rpc::v3: business RPC V3 selected frame stream_id=674 frame_type=Open payload_bytes=158
2026-09-26T01:49:02.104676Z DEBUG netbaiot_transports::business_rpc::v3: business RPC V3 received frame stream_id=672 frame_type=Response payload_bytes=35
2026-09-26T01:49:02.113647Z DEBUG netbaiot_transports::business_rpc::v3: business RPC V3 received frame stream_id=672 frame_type=Data payload_bytes=216
2026-09-26T01:49:02.108601Z DEBUG netbaiot_transports::business_rpc::v3: business RPC V3 writer completed frame stream_id=674 frame_type=Open payload_bytes=158
2026-09-26T01:49:02.117638Z DEBUG netbaiot_transports::business_rpc::v3: business RPC V3 body entered scheduler stream_id=676 class=Rpc body_bytes=198
2026-09-26T01:49:02.117645Z DEBUG netbaiot_transports::business_rpc::v3: business RPC V3 selected frame stream_id=0 frame_type=WindowUpdate payload_bytes=4
2026-09-26T01:49:02.117660Z DEBUG netbaiot_transports::business_rpc::v3: business RPC V3 writer completed frame stream_id=0 frame_type=WindowUpdate payload_bytes=4
2026-09-26T01:49:02.122165Z DEBUG netbaiot_transports::business_rpc::v3: business RPC V3 body entered scheduler stream_id=678 class=Rpc body_bytes=198
2026-09-26T01:49:02.127437Z DEBUG netbaiot_transports::business_rpc::v3: business RPC V3 body entered scheduler stream_id=680 class=Rpc body_bytes=198
2026-09-26T01:49:02.127495Z DEBUG netbaiot_transports::business_rpc::v3: business RPC V3 selected frame stream_id=674 frame_type=Data payload_bytes=198
2026-09-26T01:49:02.131578Z DEBUG netbaiot_transports::business_rpc::v3: business RPC V3 writer completed frame stream_id=674 frame_type=Data payload_bytes=198
2026-09-26T01:49:02.135550Z DEBUG netbaiot_transports::business_rpc::v3: business RPC V3 selected frame stream_id=676 frame_type=Open payload_bytes=158
2026-09-26T01:49:02.135574Z DEBUG netbaiot_transports::business_rpc::v3: business RPC V3 writer completed frame stream_id=676 frame_type=Open payload_bytes=158
2026-09-26T01:49:02.135579Z DEBUG netbaiot_transports::business_rpc::v3: business RPC V3 selected frame stream_id=0 frame_type=WindowUpdate payload_bytes=4
2026-09-26T01:49:02.135584Z DEBUG netbaiot_transports::business_rpc::v3: business RPC V3 writer completed frame stream_id=0 frame_type=WindowUpdate payload_bytes=4
2026-09-26T01:49:02.135613Z DEBUG netbaiot_transports::business_rpc::v3: business RPC V3 selected frame stream_id=678 frame_type=Open payload_bytes=158
2026-09-26T01:49:02.139650Z DEBUG netbaiot_transports::business_rpc::v3: business RPC V3 writer completed frame stream_id=678 frame_type=Open payload_bytes=158
2026-09-26T01:49:02.139679Z DEBUG netbaiot_transports::business_rpc::v3: business RPC V3 selected frame stream_id=680 frame_type=Open payload_bytes=158
2026-09-26T01:49:02.149593Z DEBUG netbaiot_transports::business_rpc::v3: business RPC V3 writer completed frame stream_id=680 frame_type=Open payload_bytes=158
2026-09-26T01:49:02.153653Z DEBUG netbaiot_transports::business_rpc::v3: business RPC V3 selected frame stream_id=676 frame_type=Data payload_bytes=198
2026-09-26T01:49:02.153672Z DEBUG netbaiot_transports::business_rpc::v3: business RPC V3 writer completed frame stream_id=676 frame_type=Data payload_bytes=198
2026-09-26T01:49:02.153680Z DEBUG netbaiot_transports::business_rpc::v3: business RPC V3 selected frame stream_id=678 frame_type=Data payload_bytes=198
2026-09-26T01:49:02.153686Z DEBUG netbaiot_transports::business_rpc::v3: business RPC V3 writer completed frame stream_id=678 frame_type=Data payload_bytes=198
2026-09-26T01:49:02.153692Z DEBUG netbaiot_transports::business_rpc::v3: business RPC V3 selected frame stream_id=680 frame_type=Data payload_bytes=198
2026-09-26T01:49:02.153697Z DEBUG netbaiot_transports::business_rpc::v3: business RPC V3 writer completed frame stream_id=680 frame_type=Data payload_bytes=198
2026-09-26T01:49:02.153711Z DEBUG netbaiot_transports::business_rpc::v3: business RPC V3 received frame stream_id=0 frame_type=WindowUpdate payload_bytes=4
2026-09-26T01:49:02.153718Z DEBUG netbaiot_transports::business_rpc::v3: business RPC V3 received frame stream_id=674 frame_type=Response payload_bytes=35
2026-09-26T01:49:02.160662Z DEBUG netbaiot_transports::business_rpc::v3: business RPC V3 received frame stream_id=674 frame_type=Data payload_bytes=216
2026-09-26T01:49:02.163600Z DEBUG netbaiot_transports::business_rpc::v3: business RPC V3 received frame stream_id=0 frame_type=WindowUpdate payload_bytes=4
2026-09-26T01:49:02.168192Z DEBUG netbaiot_transports::business_rpc::v3: business RPC V3 received frame stream_id=0 frame_type=WindowUpdate payload_bytes=4
2026-09-26T01:49:02.163605Z DEBUG netbaiot_transports::business_rpc::v3: business RPC V3 selected frame stream_id=0 frame_type=WindowUpdate payload_bytes=4
2026-09-26T01:49:02.175622Z DEBUG netbaiot_transports::business_rpc::v3: business RPC V3 writer completed frame stream_id=0 frame_type=WindowUpdate payload_bytes=4
2026-09-26T01:49:02.171892Z DEBUG netbaiot_transports::business_rpc::v3: business RPC V3 received frame stream_id=0 frame_type=WindowUpdate payload_bytes=4
2026-09-26T01:49:02.175810Z DEBUG netbaiot_transports::business_rpc::v3: business RPC V3 received frame stream_id=680 frame_type=Response payload_bytes=35
2026-09-26T01:49:02.175820Z DEBUG netbaiot_transports::business_rpc::v3: business RPC V3 received frame stream_id=680 frame_type=Data payload_bytes=216
2026-09-26T01:49:02.175834Z DEBUG netbaiot_transports::business_rpc::v3: business RPC V3 received frame stream_id=676 frame_type=Response payload_bytes=35
2026-09-26T01:49:02.175838Z DEBUG netbaiot_transports::business_rpc::v3: business RPC V3 received frame stream_id=678 frame_type=Response payload_bytes=35
2026-09-26T01:49:02.175842Z DEBUG netbaiot_transports::business_rpc::v3: business RPC V3 received frame stream_id=676 frame_type=Data payload_bytes=216
2026-09-26T01:49:02.175892Z DEBUG netbaiot_transports::business_rpc::v3: business RPC V3 received frame stream_id=678 frame_type=Data payload_bytes=216
2026-09-26T01:49:02.175900Z DEBUG netbaiot_transports::business_rpc::v3: business RPC V3 selected frame stream_id=0 frame_type=WindowUpdate payload_bytes=4
2026-09-26T01:49:02.184772Z DEBUG netbaiot_transports::business_rpc::v3: business RPC V3 writer completed frame stream_id=0 frame_type=WindowUpdate payload_bytes=4
2026-09-26T01:49:02.189019Z DEBUG netbaiot_transports::business_rpc::v3: business RPC V3 body entered scheduler stream_id=682 class=Rpc body_bytes=198
2026-09-26T01:49:02.193760Z DEBUG netbaiot_transports::business_rpc::v3: business RPC V3 body entered scheduler stream_id=684 class=Rpc body_bytes=198
2026-09-26T01:49:02.196673Z DEBUG netbaiot_transports::business_rpc::v3: business RPC V3 body entered scheduler stream_id=686 class=Rpc body_bytes=198
2026-09-26T01:49:02.203680Z DEBUG netbaiot_transports::business_rpc::v3: business RPC V3 body entered scheduler stream_id=688 class=Rpc body_bytes=198
2026-09-26T01:49:02.206753Z DEBUG netbaiot_transports::business_rpc::v3: business RPC V3 selected frame stream_id=0 frame_type=WindowUpdate payload_bytes=4
2026-09-26T01:49:02.210231Z DEBUG netbaiot_transports::business_rpc::v3: business RPC V3 writer completed frame stream_id=0 frame_type=WindowUpdate payload_bytes=4
2026-09-26T01:49:02.210281Z DEBUG netbaiot_transports::business_rpc::v3: business RPC V3 selected frame stream_id=0 frame_type=WindowUpdate payload_bytes=4
2026-09-26T01:49:02.215085Z DEBUG netbaiot_transports::business_rpc::v3: business RPC V3 writer completed frame stream_id=0 frame_type=WindowUpdate payload_bytes=4
2026-09-26T01:49:02.218695Z DEBUG netbaiot_transports::business_rpc::v3: business RPC V3 selected frame stream_id=682 frame_type=Open payload_bytes=158
2026-09-26T01:49:02.222643Z DEBUG netbaiot_transports::business_rpc::v3: business RPC V3 writer completed frame stream_id=682 frame_type=Open payload_bytes=158
2026-09-26T01:49:02.226162Z DEBUG netbaiot_transports::business_rpc::v3: business RPC V3 selected frame stream_id=684 frame_type=Open payload_bytes=158
2026-09-26T01:49:02.228773Z DEBUG netbaiot_transports::business_rpc::v3: business RPC V3 writer completed frame stream_id=684 frame_type=Open payload_bytes=158
2026-09-26T01:49:02.228857Z DEBUG netbaiot_transports::business_rpc::v3: business RPC V3 selected frame stream_id=686 frame_type=Open payload_bytes=158
2026-09-26T01:49:02.228914Z DEBUG netbaiot_transports::business_rpc::v3: business RPC V3 writer completed frame stream_id=686 frame_type=Open payload_bytes=158
2026-09-26T01:49:02.238755Z DEBUG netbaiot_transports::business_rpc::v3: business RPC V3 selected frame stream_id=688 frame_type=Open payload_bytes=158
2026-09-26T01:49:02.241889Z DEBUG netbaiot_transports::business_rpc::v3: business RPC V3 writer completed frame stream_id=688 frame_type=Open payload_bytes=158
2026-09-26T01:49:02.248155Z DEBUG netbaiot_transports::business_rpc::v3: business RPC V3 selected frame stream_id=682 frame_type=Data payload_bytes=198
2026-09-26T01:49:02.251609Z DEBUG netbaiot_transports::business_rpc::v3: business RPC V3 writer completed frame stream_id=682 frame_type=Data payload_bytes=198
2026-09-26T01:49:02.255656Z DEBUG netbaiot_transports::business_rpc::v3: business RPC V3 selected frame stream_id=684 frame_type=Data payload_bytes=198
2026-09-26T01:49:02.259690Z DEBUG netbaiot_transports::business_rpc::v3: business RPC V3 writer completed frame stream_id=684 frame_type=Data payload_bytes=198
2026-09-26T01:49:02.259701Z DEBUG netbaiot_transports::business_rpc::v3: business RPC V3 selected frame stream_id=686 frame_type=Data payload_bytes=198
2026-09-26T01:49:02.259709Z DEBUG netbaiot_transports::business_rpc::v3: business RPC V3 writer completed frame stream_id=686 frame_type=Data payload_bytes=198
2026-09-26T01:49:02.259715Z DEBUG netbaiot_transports::business_rpc::v3: business RPC V3 selected frame stream_id=688 frame_type=Data payload_bytes=198
2026-09-26T01:49:02.259723Z DEBUG netbaiot_transports::business_rpc::v3: business RPC V3 writer completed frame stream_id=688 frame_type=Data payload_bytes=198
2026-09-26T01:49:02.259735Z DEBUG netbaiot_transports::business_rpc::v3: business RPC V3 received frame stream_id=0 frame_type=WindowUpdate payload_bytes=4
2026-09-26T01:49:02.259754Z DEBUG netbaiot_transports::business_rpc::v3: business RPC V3 received frame stream_id=682 frame_type=Response payload_bytes=35
2026-09-26T01:49:02.259780Z DEBUG netbaiot_transports::business_rpc::v3: business RPC V3 received frame stream_id=682 frame_type=Data payload_bytes=216
2026-09-26T01:49:02.259859Z DEBUG netbaiot_transports::business_rpc::v3: business RPC V3 selected frame stream_id=0 frame_type=WindowUpdate payload_bytes=4
2026-09-26T01:49:02.262796Z DEBUG netbaiot_transports::business_rpc::v3: business RPC V3 writer completed frame stream_id=0 frame_type=WindowUpdate payload_bytes=4
2026-09-26T01:49:02.260028Z DEBUG netbaiot_transports::business_rpc::v3: business RPC V3 received frame stream_id=0 frame_type=WindowUpdate payload_bytes=4
2026-09-26T01:49:02.276828Z DEBUG netbaiot_transports::business_rpc::v3: business RPC V3 received frame stream_id=0 frame_type=WindowUpdate payload_bytes=4
2026-09-26T01:49:02.282770Z DEBUG netbaiot_transports::business_rpc::v3: business RPC V3 received frame stream_id=0 frame_type=WindowUpdate payload_bytes=4
2026-09-26T01:49:02.286694Z DEBUG netbaiot_transports::business_rpc::v3: business RPC V3 received frame stream_id=688 frame_type=Response payload_bytes=35
2026-09-26T01:49:02.290866Z DEBUG netbaiot_transports::business_rpc::v3: business RPC V3 received frame stream_id=688 frame_type=Data payload_bytes=216
2026-09-26T01:49:02.294850Z DEBUG netbaiot_transports::business_rpc::v3: business RPC V3 received frame stream_id=684 frame_type=Response payload_bytes=35
2026-09-26T01:49:02.294927Z DEBUG netbaiot_transports::business_rpc::v3: business RPC V3 received frame stream_id=684 frame_type=Data payload_bytes=216
2026-09-26T01:49:02.294983Z DEBUG netbaiot_transports::business_rpc::v3: business RPC V3 body entered scheduler stream_id=690 class=Rpc body_bytes=198
2026-09-26T01:49:02.304770Z DEBUG netbaiot_transports::business_rpc::v3: business RPC V3 selected frame stream_id=690 frame_type=Open payload_bytes=158
2026-09-26T01:49:02.307681Z DEBUG netbaiot_transports::business_rpc::v3: business RPC V3 writer completed frame stream_id=690 frame_type=Open payload_bytes=158
2026-09-26T01:49:02.312123Z DEBUG netbaiot_transports::business_rpc::v3: business RPC V3 selected frame stream_id=0 frame_type=WindowUpdate payload_bytes=4
2026-09-26T01:49:02.300840Z DEBUG netbaiot_transports::business_rpc::v3: business RPC V3 received frame stream_id=686 frame_type=Response payload_bytes=35
2026-09-26T01:49:02.315727Z DEBUG netbaiot_transports::business_rpc::v3: business RPC V3 writer completed frame stream_id=0 frame_type=WindowUpdate payload_bytes=4
2026-09-26T01:49:02.315733Z DEBUG netbaiot_transports::business_rpc::v3: business RPC V3 received frame stream_id=686 frame_type=Data payload_bytes=216
2026-09-26T01:49:02.321774Z DEBUG netbaiot_transports::business_rpc::v3: business RPC V3 body entered scheduler stream_id=692 class=Rpc body_bytes=198
2026-09-26T01:49:02.325797Z DEBUG netbaiot_transports::business_rpc::v3: business RPC V3 selected frame stream_id=0 frame_type=WindowUpdate payload_bytes=4
2026-09-26T01:49:02.325842Z DEBUG netbaiot_transports::business_rpc::v3: business RPC V3 writer completed frame stream_id=0 frame_type=WindowUpdate payload_bytes=4
2026-09-26T01:49:02.325877Z DEBUG netbaiot_transports::business_rpc::v3: business RPC V3 selected frame stream_id=690 frame_type=Data payload_bytes=198
2026-09-26T01:49:02.325893Z DEBUG netbaiot_transports::business_rpc::v3: business RPC V3 writer completed frame stream_id=690 frame_type=Data payload_bytes=198
2026-09-26T01:49:02.325959Z DEBUG netbaiot_transports::business_rpc::v3: business RPC V3 selected frame stream_id=692 frame_type=Open payload_bytes=158
2026-09-26T01:49:02.325978Z DEBUG netbaiot_transports::business_rpc::v3: business RPC V3 writer completed frame stream_id=692 frame_type=Open payload_bytes=158
2026-09-26T01:49:02.326005Z DEBUG netbaiot_transports::business_rpc::v3: business RPC V3 selected frame stream_id=0 frame_type=WindowUpdate payload_bytes=4
2026-09-26T01:49:02.326031Z DEBUG netbaiot_transports::business_rpc::v3: business RPC V3 writer completed frame stream_id=0 frame_type=WindowUpdate payload_bytes=4
2026-09-26T01:49:02.329820Z DEBUG netbaiot_transports::business_rpc::v3: business RPC V3 selected frame stream_id=692 frame_type=Data payload_bytes=198
2026-09-26T01:49:02.333687Z DEBUG netbaiot_transports::business_rpc::v3: business RPC V3 writer completed frame stream_id=692 frame_type=Data payload_bytes=198
2026-09-26T01:49:02.333821Z DEBUG netbaiot_transports::business_rpc::v3: business RPC V3 received frame stream_id=0 frame_type=WindowUpdate payload_bytes=4
2026-09-26T01:49:02.339034Z DEBUG netbaiot_transports::business_rpc::v3: business RPC V3 received frame stream_id=690 frame_type=Response payload_bytes=35
2026-09-26T01:49:02.347790Z DEBUG netbaiot_transports::business_rpc::v3: business RPC V3 received frame stream_id=690 frame_type=Data payload_bytes=216
2026-09-26T01:49:02.348242Z DEBUG netbaiot_transports::business_rpc::v3: business RPC V3 body entered scheduler stream_id=694 class=Rpc body_bytes=198
2026-09-26T01:49:02.348250Z DEBUG netbaiot_transports::business_rpc::v3: business RPC V3 received frame stream_id=0 frame_type=WindowUpdate payload_bytes=4
2026-09-26T01:49:02.353918Z DEBUG netbaiot_transports::business_rpc::v3: business RPC V3 body entered scheduler stream_id=696 class=Rpc body_bytes=198
2026-09-26T01:49:02.363746Z DEBUG netbaiot_transports::business_rpc::v3: business RPC V3 selected frame stream_id=694 frame_type=Open payload_bytes=158
2026-09-26T01:49:02.360676Z DEBUG netbaiot_transports::business_rpc::v3: business RPC V3 received frame stream_id=692 frame_type=Response payload_bytes=35
2026-09-26T01:49:02.366888Z DEBUG netbaiot_transports::business_rpc::v3: business RPC V3 writer completed frame stream_id=694 frame_type=Open payload_bytes=158
2026-09-26T01:49:02.369700Z DEBUG netbaiot_transports::business_rpc::v3: business RPC V3 received frame stream_id=692 frame_type=Data payload_bytes=216
2026-09-26T01:49:02.372680Z DEBUG netbaiot_transports::business_rpc::v3: business RPC V3 selected frame stream_id=696 frame_type=Open payload_bytes=158
2026-09-26T01:49:02.375801Z DEBUG netbaiot_transports::business_rpc::v3: business RPC V3 writer completed frame stream_id=696 frame_type=Open payload_bytes=158
2026-09-26T01:49:02.379770Z DEBUG netbaiot_transports::business_rpc::v3: business RPC V3 body entered scheduler stream_id=698 class=Rpc body_bytes=198
2026-09-26T01:49:02.385733Z DEBUG netbaiot_transports::business_rpc::v3: business RPC V3 body entered scheduler stream_id=700 class=Rpc body_bytes=198
2026-09-26T01:49:02.389694Z DEBUG netbaiot_transports::business_rpc::v3: business RPC V3 selected frame stream_id=0 frame_type=WindowUpdate payload_bytes=4
2026-09-26T01:49:02.393873Z DEBUG netbaiot_transports::business_rpc::v3: business RPC V3 writer completed frame stream_id=0 frame_type=WindowUpdate payload_bytes=4
2026-09-26T01:49:02.393917Z DEBUG netbaiot_transports::business_rpc::v3: business RPC V3 selected frame stream_id=0 frame_type=WindowUpdate payload_bytes=4
2026-09-26T01:49:02.394034Z DEBUG netbaiot_transports::business_rpc::v3: business RPC V3 writer completed frame stream_id=0 frame_type=WindowUpdate payload_bytes=4
2026-09-26T01:49:02.394161Z DEBUG netbaiot_transports::business_rpc::v3: business RPC V3 selected frame stream_id=694 frame_type=Data payload_bytes=198
2026-09-26T01:49:02.399785Z DEBUG netbaiot_transports::business_rpc::v3: business RPC V3 writer completed frame stream_id=694 frame_type=Data payload_bytes=198
2026-09-26T01:49:02.407728Z DEBUG netbaiot_transports::business_rpc::v3: business RPC V3 selected frame stream_id=698 frame_type=Open payload_bytes=158
2026-09-26T01:49:02.410826Z DEBUG netbaiot_transports::business_rpc::v3: business RPC V3 writer completed frame stream_id=698 frame_type=Open payload_bytes=158
2026-09-26T01:49:02.411081Z DEBUG netbaiot_transports::business_rpc::v3: business RPC V3 selected frame stream_id=700 frame_type=Open payload_bytes=158
2026-09-26T01:49:02.411131Z DEBUG netbaiot_transports::business_rpc::v3: business RPC V3 writer completed frame stream_id=700 frame_type=Open payload_bytes=158
2026-09-26T01:49:02.411156Z DEBUG netbaiot_transports::business_rpc::v3: business RPC V3 selected frame stream_id=696 frame_type=Data payload_bytes=198
2026-09-26T01:49:02.411204Z DEBUG netbaiot_transports::business_rpc::v3: business RPC V3 writer completed frame stream_id=696 frame_type=Data payload_bytes=198
2026-09-26T01:49:02.416318Z DEBUG netbaiot_transports::business_rpc::v3: business RPC V3 selected frame stream_id=698 frame_type=Data payload_bytes=198
2026-09-26T01:49:02.416772Z DEBUG netbaiot_transports::business_rpc::v3: business RPC V3 writer completed frame stream_id=698 frame_type=Data payload_bytes=198
2026-09-26T01:49:02.424260Z DEBUG netbaiot_transports::business_rpc::v3: business RPC V3 selected frame stream_id=700 frame_type=Data payload_bytes=198
2026-09-26T01:49:02.424336Z DEBUG netbaiot_transports::business_rpc::v3: business RPC V3 writer completed frame stream_id=700 frame_type=Data payload_bytes=198
2026-09-26T01:49:02.424424Z DEBUG netbaiot_transports::business_rpc::v3: business RPC V3 received frame stream_id=0 frame_type=WindowUpdate payload_bytes=4
2026-09-26T01:49:02.424457Z DEBUG netbaiot_transports::business_rpc::v3: business RPC V3 received frame stream_id=694 frame_type=Response payload_bytes=35
2026-09-26T01:49:02.424490Z DEBUG netbaiot_transports::business_rpc::v3: business RPC V3 received frame stream_id=694 frame_type=Data payload_bytes=216
2026-09-26T01:49:02.424530Z DEBUG netbaiot_transports::business_rpc::v3: business RPC V3 received frame stream_id=0 frame_type=WindowUpdate payload_bytes=4
2026-09-26T01:49:02.436829Z DEBUG netbaiot_transports::business_rpc::v3: business RPC V3 received frame stream_id=696 frame_type=Response payload_bytes=35
2026-09-26T01:49:02.436891Z DEBUG netbaiot_transports::business_rpc::v3: business RPC V3 received frame stream_id=696 frame_type=Data payload_bytes=216
2026-09-26T01:49:02.424574Z DEBUG netbaiot_transports::business_rpc::v3: business RPC V3 selected frame stream_id=0 frame_type=WindowUpdate payload_bytes=4
2026-09-26T01:49:02.441037Z DEBUG netbaiot_transports::business_rpc::v3: business RPC V3 received frame stream_id=0 frame_type=WindowUpdate payload_bytes=4
2026-09-26T01:49:02.441160Z DEBUG netbaiot_transports::business_rpc::v3: business RPC V3 writer completed frame stream_id=0 frame_type=WindowUpdate payload_bytes=4
2026-09-26T01:49:02.447875Z DEBUG netbaiot_transports::business_rpc::v3: business RPC V3 received frame stream_id=698 frame_type=Response payload_bytes=35
2026-09-26T01:49:02.450804Z DEBUG netbaiot_transports::business_rpc::v3: business RPC V3 body entered scheduler stream_id=702 class=Rpc body_bytes=198
2026-09-26T01:49:02.452535Z DEBUG netbaiot_transports::business_rpc::v3: business RPC V3 received frame stream_id=698 frame_type=Data payload_bytes=216
2026-09-26T01:49:02.456823Z DEBUG netbaiot_transports::business_rpc::v3: business RPC V3 selected frame stream_id=0 frame_type=WindowUpdate payload_bytes=4
2026-09-26T01:49:02.460127Z DEBUG netbaiot_transports::business_rpc::v3: business RPC V3 received frame stream_id=0 frame_type=WindowUpdate payload_bytes=4
2026-09-26T01:49:02.463880Z DEBUG netbaiot_transports::business_rpc::v3: business RPC V3 writer completed frame stream_id=0 frame_type=WindowUpdate payload_bytes=4
2026-09-26T01:49:02.466945Z DEBUG netbaiot_transports::business_rpc::v3: business RPC V3 received frame stream_id=700 frame_type=Response payload_bytes=35
2026-09-26T01:49:02.474955Z DEBUG netbaiot_transports::business_rpc::v3: business RPC V3 body entered scheduler stream_id=704 class=Rpc body_bytes=198
2026-09-26T01:49:02.481964Z DEBUG netbaiot_transports::business_rpc::v3: business RPC V3 body entered scheduler stream_id=706 class=Event body_bytes=17366
2026-09-26T01:49:02.478757Z DEBUG netbaiot_transports::business_rpc::v3: business RPC V3 received frame stream_id=700 frame_type=Data payload_bytes=216
2026-09-26T01:49:02.482140Z DEBUG netbaiot_transports::business_rpc::v3: business RPC V3 selected frame stream_id=702 frame_type=Open payload_bytes=158
2026-09-26T01:49:02.492984Z DEBUG netbaiot_transports::business_rpc::v3: business RPC V3 writer completed frame stream_id=702 frame_type=Open payload_bytes=158
2026-09-26T01:49:02.499827Z DEBUG netbaiot_transports::business_rpc::v3: business RPC V3 body entered scheduler stream_id=708 class=Rpc body_bytes=198
2026-09-26T01:49:02.503380Z DEBUG netbaiot_transports::business_rpc::v3: business RPC V3 body entered scheduler stream_id=710 class=Rpc body_bytes=198
2026-09-26T01:49:02.503397Z DEBUG netbaiot_transports::business_rpc::v3: business RPC V3 selected frame stream_id=0 frame_type=WindowUpdate payload_bytes=4
2026-09-26T01:49:02.503502Z DEBUG netbaiot_transports::business_rpc::v3: business RPC V3 writer completed frame stream_id=0 frame_type=WindowUpdate payload_bytes=4
2026-09-26T01:49:02.507734Z DEBUG netbaiot_transports::business_rpc::v3: business RPC V3 selected frame stream_id=702 frame_type=Data payload_bytes=198
2026-09-26T01:49:02.515087Z DEBUG netbaiot_transports::business_rpc::v3: business RPC V3 writer completed frame stream_id=702 frame_type=Data payload_bytes=198
2026-09-26T01:49:02.517792Z DEBUG netbaiot_transports::business_rpc::v3: business RPC V3 selected frame stream_id=704 frame_type=Open payload_bytes=158
2026-09-26T01:49:02.517928Z DEBUG netbaiot_transports::business_rpc::v3: business RPC V3 writer completed frame stream_id=704 frame_type=Open payload_bytes=158
2026-09-26T01:49:02.517979Z DEBUG netbaiot_transports::business_rpc::v3: business RPC V3 selected frame stream_id=706 frame_type=Open payload_bytes=184
2026-09-26T01:49:02.523797Z DEBUG netbaiot_transports::business_rpc::v3: business RPC V3 writer completed frame stream_id=706 frame_type=Open payload_bytes=184
2026-09-26T01:49:02.527851Z DEBUG netbaiot_transports::business_rpc::v3: business RPC V3 selected frame stream_id=0 frame_type=WindowUpdate payload_bytes=4
2026-09-26T01:49:02.527901Z DEBUG netbaiot_transports::business_rpc::v3: business RPC V3 writer completed frame stream_id=0 frame_type=WindowUpdate payload_bytes=4
2026-09-26T01:49:02.528041Z DEBUG netbaiot_transports::business_rpc::v3: business RPC V3 selected frame stream_id=708 frame_type=Open payload_bytes=158
2026-09-26T01:49:02.528118Z DEBUG netbaiot_transports::business_rpc::v3: business RPC V3 writer completed frame stream_id=708 frame_type=Open payload_bytes=158
2026-09-26T01:49:02.528150Z DEBUG netbaiot_transports::business_rpc::v3: business RPC V3 selected frame stream_id=706 frame_type=Data payload_bytes=8192
2026-09-26T01:49:02.528178Z DEBUG netbaiot_transports::business_rpc::v3: business RPC V3 writer completed frame stream_id=706 frame_type=Data payload_bytes=8192
2026-09-26T01:49:02.528283Z DEBUG netbaiot_transports::business_rpc::v3: business RPC V3 selected frame stream_id=710 frame_type=Open payload_bytes=158
2026-09-26T01:49:02.528305Z DEBUG netbaiot_transports::business_rpc::v3: business RPC V3 writer completed frame stream_id=710 frame_type=Open payload_bytes=158
2026-09-26T01:49:02.528328Z DEBUG netbaiot_transports::business_rpc::v3: business RPC V3 selected frame stream_id=704 frame_type=Data payload_bytes=198
2026-09-26T01:49:02.530958Z DEBUG netbaiot_transports::business_rpc::v3: business RPC V3 writer completed frame stream_id=704 frame_type=Data payload_bytes=198
2026-09-26T01:49:02.533817Z DEBUG netbaiot_transports::business_rpc::v3: business RPC V3 selected frame stream_id=708 frame_type=Data payload_bytes=198
2026-09-26T01:49:02.533849Z DEBUG netbaiot_transports::business_rpc::v3: business RPC V3 writer completed frame stream_id=708 frame_type=Data payload_bytes=198
2026-09-26T01:49:02.533990Z DEBUG netbaiot_transports::business_rpc::v3: business RPC V3 selected frame stream_id=710 frame_type=Data payload_bytes=198
2026-09-26T01:49:02.534265Z DEBUG netbaiot_transports::business_rpc::v3: business RPC V3 writer completed frame stream_id=710 frame_type=Data payload_bytes=198
2026-09-26T01:49:02.536954Z DEBUG netbaiot_transports::business_rpc::v3: business RPC V3 selected frame stream_id=706 frame_type=Data payload_bytes=8192
2026-09-26T01:49:02.541082Z DEBUG netbaiot_transports::business_rpc::v3: business RPC V3 writer completed frame stream_id=706 frame_type=Data payload_bytes=8192
2026-09-26T01:49:02.545894Z DEBUG netbaiot_transports::business_rpc::v3: business RPC V3 received frame stream_id=0 frame_type=WindowUpdate payload_bytes=4
2026-09-26T01:49:02.546029Z DEBUG netbaiot_transports::business_rpc::v3: business RPC V3 received frame stream_id=702 frame_type=Response payload_bytes=35
2026-09-26T01:49:02.546196Z DEBUG netbaiot_transports::business_rpc::v3: business RPC V3 received frame stream_id=702 frame_type=Data payload_bytes=216
2026-09-26T01:49:02.552062Z DEBUG netbaiot_transports::business_rpc::v3: business RPC V3 received frame stream_id=0 frame_type=WindowUpdate payload_bytes=4
2026-09-26T01:49:02.552137Z DEBUG netbaiot_transports::business_rpc::v3: business RPC V3 selected frame stream_id=0 frame_type=WindowUpdate payload_bytes=4
2026-09-26T01:49:02.560858Z DEBUG netbaiot_transports::business_rpc::v3: business RPC V3 received frame stream_id=706 frame_type=WindowUpdate payload_bytes=4
2026-09-26T01:49:02.565136Z DEBUG netbaiot_transports::business_rpc::v3: business RPC V3 received frame stream_id=0 frame_type=WindowUpdate payload_bytes=4
2026-09-26T01:49:02.565091Z DEBUG netbaiot_transports::business_rpc::v3: business RPC V3 writer completed frame stream_id=0 frame_type=WindowUpdate payload_bytes=4
2026-09-26T01:49:02.567846Z DEBUG netbaiot_transports::business_rpc::v3: business RPC V3 received frame stream_id=704 frame_type=Response payload_bytes=35
2026-09-26T01:49:02.575889Z DEBUG netbaiot_transports::business_rpc::v3: business RPC V3 selected frame stream_id=706 frame_type=Data payload_bytes=982
2026-09-26T01:49:02.579894Z DEBUG netbaiot_transports::business_rpc::v3: business RPC V3 received frame stream_id=704 frame_type=Data payload_bytes=216
2026-09-26T01:49:02.583812Z DEBUG netbaiot_transports::business_rpc::v3: business RPC V3 writer completed frame stream_id=706 frame_type=Data payload_bytes=982
2026-09-26T01:49:02.587744Z DEBUG netbaiot_transports::business_rpc::v3: business RPC V3 received frame stream_id=0 frame_type=WindowUpdate payload_bytes=4
2026-09-26T01:49:02.590849Z DEBUG netbaiot_transports::business_rpc::v3: business RPC V3 selected frame stream_id=0 frame_type=WindowUpdate payload_bytes=4
2026-09-26T01:49:02.594958Z DEBUG netbaiot_transports::business_rpc::v3: business RPC V3 received frame stream_id=708 frame_type=Response payload_bytes=35
2026-09-26T01:49:02.597835Z DEBUG netbaiot_transports::business_rpc::v3: business RPC V3 writer completed frame stream_id=0 frame_type=WindowUpdate payload_bytes=4
2026-09-26T01:49:02.606882Z DEBUG netbaiot_transports::business_rpc::v3: business RPC V3 received frame stream_id=708 frame_type=Data payload_bytes=216
2026-09-26T01:49:02.612756Z DEBUG netbaiot_transports::business_rpc::v3: business RPC V3 received frame stream_id=0 frame_type=WindowUpdate payload_bytes=4
2026-09-26T01:49:02.616765Z DEBUG netbaiot_transports::business_rpc::v3: business RPC V3 received frame stream_id=710 frame_type=Response payload_bytes=35
2026-09-26T01:49:02.612796Z DEBUG netbaiot_transports::business_rpc::v3: business RPC V3 selected frame stream_id=0 frame_type=WindowUpdate payload_bytes=4
2026-09-26T01:49:02.619944Z DEBUG netbaiot_transports::business_rpc::v3: business RPC V3 received frame stream_id=710 frame_type=Data payload_bytes=216
2026-09-26T01:49:02.625801Z DEBUG netbaiot_transports::business_rpc::v3: business RPC V3 writer completed frame stream_id=0 frame_type=WindowUpdate payload_bytes=4
2026-09-26T01:49:02.632803Z DEBUG netbaiot_transports::business_rpc::v3: business RPC V3 selected frame stream_id=0 frame_type=WindowUpdate payload_bytes=4
2026-09-26T01:49:02.629789Z DEBUG netbaiot_transports::business_rpc::v3: business RPC V3 received frame stream_id=0 frame_type=WindowUpdate payload_bytes=4
2026-09-26T01:49:02.642823Z DEBUG netbaiot_transports::business_rpc::v3: business RPC V3 received frame stream_id=706 frame_type=WindowUpdate payload_bytes=4
2026-09-26T01:49:02.638879Z DEBUG netbaiot_transports::business_rpc::v3: business RPC V3 writer completed frame stream_id=0 frame_type=WindowUpdate payload_bytes=4
2026-09-26T01:49:02.649650Z DEBUG netbaiot_transports::business_rpc::v3: business RPC V3 received frame stream_id=0 frame_type=WindowUpdate payload_bytes=4
2026-09-26T01:49:02.657612Z DEBUG netbaiot_transports::business_rpc::v3: business RPC V3 received frame stream_id=706 frame_type=Response payload_bytes=35
2026-09-26T01:49:02.661662Z DEBUG netbaiot_transports::business_rpc::v3: business RPC V3 received frame stream_id=706 frame_type=Data payload_bytes=118
2026-09-26T01:49:02.661841Z DEBUG netbaiot_transports::business_rpc::v3: business RPC V3 Event delivery acknowledged stream_id=706 completion_us=194901
2026-09-26T01:49:02.671752Z DEBUG netbaiot_transports::business_rpc::v3: business RPC V3 body entered scheduler stream_id=712 class=Rpc body_bytes=198
2026-09-26T01:49:02.679671Z DEBUG netbaiot_transports::business_rpc::v3: business RPC V3 body entered scheduler stream_id=714 class=Rpc body_bytes=198
2026-09-26T01:49:02.679697Z DEBUG netbaiot_transports::business_rpc::v3: business RPC V3 selected frame stream_id=712 frame_type=Open payload_bytes=158
2026-09-26T01:49:02.679857Z DEBUG netbaiot_transports::business_rpc::v3: business RPC V3 writer completed frame stream_id=712 frame_type=Open payload_bytes=158
2026-09-26T01:49:02.682925Z DEBUG netbaiot_transports::business_rpc::v3: business RPC V3 selected frame stream_id=712 frame_type=Data payload_bytes=198
2026-09-26T01:49:02.686714Z DEBUG netbaiot_transports::business_rpc::v3: business RPC V3 writer completed frame stream_id=712 frame_type=Data payload_bytes=198
2026-09-26T01:49:02.690690Z DEBUG netbaiot_transports::business_rpc::v3: business RPC V3 selected frame stream_id=0 frame_type=WindowUpdate payload_bytes=4
2026-09-26T01:49:02.694707Z DEBUG netbaiot_transports::business_rpc::v3: business RPC V3 writer completed frame stream_id=0 frame_type=WindowUpdate payload_bytes=4
2026-09-26T01:49:02.687120Z DEBUG netbaiot_transports::business_rpc::v3: business RPC V3 received frame stream_id=0 frame_type=WindowUpdate payload_bytes=4
2026-09-26T01:49:02.704722Z DEBUG netbaiot_transports::business_rpc::v3: business RPC V3 selected frame stream_id=714 frame_type=Open payload_bytes=158
2026-09-26T01:49:02.713099Z DEBUG netbaiot_transports::business_rpc::v3: business RPC V3 writer completed frame stream_id=714 frame_type=Open payload_bytes=158
2026-09-26T01:49:02.718821Z DEBUG netbaiot_transports::business_rpc::v3: business RPC V3 body entered scheduler stream_id=716 class=Rpc body_bytes=198
2026-09-26T01:49:02.722940Z DEBUG netbaiot_transports::business_rpc::v3: business RPC V3 selected frame stream_id=716 frame_type=Open payload_bytes=158
2026-09-26T01:49:02.726033Z DEBUG netbaiot_transports::business_rpc::v3: business RPC V3 writer completed frame stream_id=716 frame_type=Open payload_bytes=158
2026-09-26T01:49:02.729939Z DEBUG netbaiot_transports::business_rpc::v3: business RPC V3 selected frame stream_id=714 frame_type=Data payload_bytes=198
2026-09-26T01:49:02.730001Z DEBUG netbaiot_transports::business_rpc::v3: business RPC V3 writer completed frame stream_id=714 frame_type=Data payload_bytes=198
2026-09-26T01:49:02.708805Z DEBUG netbaiot_transports::business_rpc::v3: business RPC V3 received frame stream_id=712 frame_type=Response payload_bytes=35
2026-09-26T01:49:02.732891Z DEBUG netbaiot_transports::business_rpc::v3: business RPC V3 selected frame stream_id=716 frame_type=Data payload_bytes=198
2026-09-26T01:49:02.740243Z DEBUG netbaiot_transports::business_rpc::v3: business RPC V3 writer completed frame stream_id=716 frame_type=Data payload_bytes=198
2026-09-26T01:49:02.735848Z DEBUG netbaiot_transports::business_rpc::v3: business RPC V3 received frame stream_id=712 frame_type=Data payload_bytes=216
2026-09-26T01:49:02.744386Z DEBUG netbaiot_transports::business_rpc::v3: business RPC V3 body entered scheduler stream_id=718 class=Rpc body_bytes=198
2026-09-26T01:49:02.748761Z DEBUG netbaiot_transports::business_rpc::v3: business RPC V3 selected frame stream_id=718 frame_type=Open payload_bytes=158
2026-09-26T01:49:02.745056Z DEBUG netbaiot_transports::business_rpc::v3: business RPC V3 received frame stream_id=0 frame_type=WindowUpdate payload_bytes=4
2026-09-26T01:49:02.758887Z DEBUG netbaiot_transports::business_rpc::v3: business RPC V3 received frame stream_id=714 frame_type=Response payload_bytes=35
2026-09-26T01:49:02.763651Z DEBUG netbaiot_transports::business_rpc::v3: business RPC V3 received frame stream_id=714 frame_type=Data payload_bytes=216
2026-09-26T01:49:02.755122Z DEBUG netbaiot_transports::business_rpc::v3: business RPC V3 writer completed frame stream_id=718 frame_type=Open payload_bytes=158
2026-09-26T01:49:02.765855Z DEBUG netbaiot_transports::business_rpc::v3: business RPC V3 selected frame stream_id=0 frame_type=WindowUpdate payload_bytes=4
2026-09-26T01:49:02.765941Z DEBUG netbaiot_transports::business_rpc::v3: business RPC V3 writer completed frame stream_id=0 frame_type=WindowUpdate payload_bytes=4
2026-09-26T01:49:02.766141Z DEBUG netbaiot_transports::business_rpc::v3: business RPC V3 selected frame stream_id=0 frame_type=WindowUpdate payload_bytes=4
2026-09-26T01:49:02.765593Z DEBUG netbaiot_transports::business_rpc::v3: business RPC V3 received frame stream_id=0 frame_type=WindowUpdate payload_bytes=4
2026-09-26T01:49:02.776917Z DEBUG netbaiot_transports::business_rpc::v3: business RPC V3 received frame stream_id=716 frame_type=Response payload_bytes=35
2026-09-26T01:49:02.782457Z DEBUG netbaiot_transports::business_rpc::v3: business RPC V3 received frame stream_id=716 frame_type=Data payload_bytes=216
2026-09-26T01:49:02.772779Z DEBUG netbaiot_transports::business_rpc::v3: business RPC V3 writer completed frame stream_id=0 frame_type=WindowUpdate payload_bytes=4
2026-09-26T01:49:02.786877Z DEBUG netbaiot_transports::business_rpc::v3: business RPC V3 body entered scheduler stream_id=720 class=Rpc body_bytes=198
2026-09-26T01:49:02.786949Z DEBUG netbaiot_transports::business_rpc::v3: business RPC V3 body entered scheduler stream_id=722 class=Rpc body_bytes=198
2026-09-26T01:49:02.786961Z DEBUG netbaiot_transports::business_rpc::v3: business RPC V3 body entered scheduler stream_id=724 class=Rpc body_bytes=198
2026-09-26T01:49:02.786971Z DEBUG netbaiot_transports::business_rpc::v3: business RPC V3 selected frame stream_id=720 frame_type=Open payload_bytes=158
2026-09-26T01:49:02.787049Z DEBUG netbaiot_transports::business_rpc::v3: business RPC V3 writer completed frame stream_id=720 frame_type=Open payload_bytes=158
2026-09-26T01:49:02.787089Z DEBUG netbaiot_transports::business_rpc::v3: business RPC V3 selected frame stream_id=718 frame_type=Data payload_bytes=198
2026-09-26T01:49:02.793020Z DEBUG netbaiot_transports::business_rpc::v3: business RPC V3 writer completed frame stream_id=718 frame_type=Data payload_bytes=198
2026-09-26T01:49:02.795726Z DEBUG netbaiot_transports::business_rpc::v3: business RPC V3 selected frame stream_id=0 frame_type=WindowUpdate payload_bytes=4
2026-09-26T01:49:02.795792Z DEBUG netbaiot_transports::business_rpc::v3: business RPC V3 writer completed frame stream_id=0 frame_type=WindowUpdate payload_bytes=4
2026-09-26T01:49:02.795826Z DEBUG netbaiot_transports::business_rpc::v3: business RPC V3 selected frame stream_id=722 frame_type=Open payload_bytes=158
2026-09-26T01:49:02.795847Z DEBUG netbaiot_transports::business_rpc::v3: business RPC V3 writer completed frame stream_id=722 frame_type=Open payload_bytes=158
2026-09-26T01:49:02.799788Z DEBUG netbaiot_transports::business_rpc::v3: business RPC V3 selected frame stream_id=724 frame_type=Open payload_bytes=158
2026-09-26T01:49:02.799947Z DEBUG netbaiot_transports::business_rpc::v3: business RPC V3 writer completed frame stream_id=724 frame_type=Open payload_bytes=158
2026-09-26T01:49:02.803114Z DEBUG netbaiot_transports::business_rpc::v3: business RPC V3 selected frame stream_id=720 frame_type=Data payload_bytes=198
2026-09-26T01:49:02.808962Z DEBUG netbaiot_transports::business_rpc::v3: business RPC V3 writer completed frame stream_id=720 frame_type=Data payload_bytes=198
2026-09-26T01:49:02.812872Z DEBUG netbaiot_transports::business_rpc::v3: business RPC V3 selected frame stream_id=722 frame_type=Data payload_bytes=198
2026-09-26T01:49:02.817276Z DEBUG netbaiot_transports::business_rpc::v3: business RPC V3 writer completed frame stream_id=722 frame_type=Data payload_bytes=198
2026-09-26T01:49:02.820921Z DEBUG netbaiot_transports::business_rpc::v3: business RPC V3 selected frame stream_id=724 frame_type=Data payload_bytes=198
2026-09-26T01:49:02.826769Z DEBUG netbaiot_transports::business_rpc::v3: business RPC V3 writer completed frame stream_id=724 frame_type=Data payload_bytes=198
2026-09-26T01:49:02.829853Z DEBUG netbaiot_transports::business_rpc::v3: business RPC V3 received frame stream_id=0 frame_type=WindowUpdate payload_bytes=4
2026-09-26T01:49:02.838958Z DEBUG netbaiot_transports::business_rpc::v3: business RPC V3 received frame stream_id=718 frame_type=Response payload_bytes=35
2026-09-26T01:49:02.839020Z DEBUG netbaiot_transports::business_rpc::v3: business RPC V3 received frame stream_id=718 frame_type=Data payload_bytes=216
2026-09-26T01:49:02.844817Z DEBUG netbaiot_transports::business_rpc::v3: business RPC V3 received frame stream_id=0 frame_type=WindowUpdate payload_bytes=4
2026-09-26T01:49:02.844863Z DEBUG netbaiot_transports::business_rpc::v3: business RPC V3 selected frame stream_id=0 frame_type=WindowUpdate payload_bytes=4
2026-09-26T01:49:02.848677Z DEBUG netbaiot_transports::business_rpc::v3: business RPC V3 received frame stream_id=720 frame_type=Response payload_bytes=35
2026-09-26T01:49:02.848890Z DEBUG netbaiot_transports::business_rpc::v3: business RPC V3 received frame stream_id=720 frame_type=Data payload_bytes=216
2026-09-26T01:49:02.848806Z DEBUG netbaiot_transports::business_rpc::v3: business RPC V3 writer completed frame stream_id=0 frame_type=WindowUpdate payload_bytes=4
2026-09-26T01:49:02.849041Z DEBUG netbaiot_transports::business_rpc::v3: business RPC V3 selected frame stream_id=0 frame_type=WindowUpdate payload_bytes=4
2026-09-26T01:49:02.849094Z DEBUG netbaiot_transports::business_rpc::v3: business RPC V3 received frame stream_id=0 frame_type=WindowUpdate payload_bytes=4
2026-09-26T01:49:02.852730Z DEBUG netbaiot_transports::business_rpc::v3: business RPC V3 writer completed frame stream_id=0 frame_type=WindowUpdate payload_bytes=4
2026-09-26T01:49:02.856003Z DEBUG netbaiot_transports::business_rpc::v3: business RPC V3 received frame stream_id=722 frame_type=Response payload_bytes=35
2026-09-26T01:49:02.859708Z DEBUG netbaiot_transports::business_rpc::v3: business RPC V3 body entered scheduler stream_id=726 class=Rpc body_bytes=198
2026-09-26T01:49:02.862724Z DEBUG netbaiot_transports::business_rpc::v3: business RPC V3 received frame stream_id=722 frame_type=Data payload_bytes=216
2026-09-26T01:49:02.868274Z DEBUG netbaiot_transports::business_rpc::v3: business RPC V3 received frame stream_id=0 frame_type=WindowUpdate payload_bytes=4
2026-09-26T01:49:02.871901Z DEBUG netbaiot_transports::business_rpc::v3: business RPC V3 received frame stream_id=724 frame_type=Response payload_bytes=35
2026-09-26T01:49:02.871954Z DEBUG netbaiot_transports::business_rpc::v3: business RPC V3 received frame stream_id=724 frame_type=Data payload_bytes=216
2026-09-26T01:49:02.866754Z DEBUG netbaiot_transports::business_rpc::v3: business RPC V3 selected frame stream_id=726 frame_type=Open payload_bytes=158
2026-09-26T01:49:02.880728Z DEBUG netbaiot_transports::business_rpc::v3: business RPC V3 writer completed frame stream_id=726 frame_type=Open payload_bytes=158
2026-09-26T01:49:02.884731Z DEBUG netbaiot_transports::business_rpc::v3: business RPC V3 body entered scheduler stream_id=728 class=Rpc body_bytes=198
2026-09-26T01:49:02.888696Z DEBUG netbaiot_transports::business_rpc::v3: business RPC V3 body entered scheduler stream_id=730 class=Rpc body_bytes=198
2026-09-26T01:49:02.888884Z DEBUG netbaiot_transports::business_rpc::v3: business RPC V3 body entered scheduler stream_id=732 class=Rpc body_bytes=198
2026-09-26T01:49:02.894841Z DEBUG netbaiot_transports::business_rpc::v3: business RPC V3 selected frame stream_id=0 frame_type=WindowUpdate payload_bytes=4
2026-09-26T01:49:02.899040Z DEBUG netbaiot_transports::business_rpc::v3: business RPC V3 writer completed frame stream_id=0 frame_type=WindowUpdate payload_bytes=4
2026-09-26T01:49:02.902803Z DEBUG netbaiot_transports::business_rpc::v3: business RPC V3 selected frame stream_id=726 frame_type=Data payload_bytes=198
2026-09-26T01:49:02.905723Z DEBUG netbaiot_transports::business_rpc::v3: business RPC V3 writer completed frame stream_id=726 frame_type=Data payload_bytes=198
2026-09-26T01:49:02.908719Z DEBUG netbaiot_transports::business_rpc::v3: business RPC V3 selected frame stream_id=728 frame_type=Open payload_bytes=158
2026-09-26T01:49:02.911992Z DEBUG netbaiot_transports::business_rpc::v3: business RPC V3 writer completed frame stream_id=728 frame_type=Open payload_bytes=158
2026-09-26T01:49:02.914719Z DEBUG netbaiot_transports::business_rpc::v3: business RPC V3 selected frame stream_id=0 frame_type=WindowUpdate payload_bytes=4
2026-09-26T01:49:02.920986Z DEBUG netbaiot_transports::business_rpc::v3: business RPC V3 writer completed frame stream_id=0 frame_type=WindowUpdate payload_bytes=4
2026-09-26T01:49:02.924203Z DEBUG netbaiot_transports::business_rpc::v3: business RPC V3 selected frame stream_id=730 frame_type=Open payload_bytes=158
2026-09-26T01:49:02.924301Z DEBUG netbaiot_transports::business_rpc::v3: business RPC V3 writer completed frame stream_id=730 frame_type=Open payload_bytes=158
2026-09-26T01:49:02.925560Z DEBUG netbaiot_transports::business_rpc::v3: business RPC V3 selected frame stream_id=732 frame_type=Open payload_bytes=158
2026-09-26T01:49:02.929761Z DEBUG netbaiot_transports::business_rpc::v3: business RPC V3 writer completed frame stream_id=732 frame_type=Open payload_bytes=158
2026-09-26T01:49:02.933719Z DEBUG netbaiot_transports::business_rpc::v3: business RPC V3 selected frame stream_id=728 frame_type=Data payload_bytes=198
2026-09-26T01:49:02.933797Z DEBUG netbaiot_transports::business_rpc::v3: business RPC V3 writer completed frame stream_id=728 frame_type=Data payload_bytes=198
2026-09-26T01:49:02.937835Z DEBUG netbaiot_transports::business_rpc::v3: business RPC V3 selected frame stream_id=730 frame_type=Data payload_bytes=198
2026-09-26T01:49:02.940754Z DEBUG netbaiot_transports::business_rpc::v3: business RPC V3 writer completed frame stream_id=730 frame_type=Data payload_bytes=198
2026-09-26T01:49:02.944776Z DEBUG netbaiot_transports::business_rpc::v3: business RPC V3 selected frame stream_id=732 frame_type=Data payload_bytes=198
2026-09-26T01:49:02.951115Z DEBUG netbaiot_transports::business_rpc::v3: business RPC V3 writer completed frame stream_id=732 frame_type=Data payload_bytes=198
2026-09-26T01:49:02.956678Z DEBUG netbaiot_transports::business_rpc::v3: business RPC V3 received frame stream_id=0 frame_type=WindowUpdate payload_bytes=4
2026-09-26T01:49:02.958201Z DEBUG netbaiot_transports::business_rpc::v3: business RPC V3 received frame stream_id=726 frame_type=Response payload_bytes=35
2026-09-26T01:49:02.960877Z DEBUG netbaiot_transports::business_rpc::v3: business RPC V3 received frame stream_id=726 frame_type=Data payload_bytes=216
2026-09-26T01:49:02.960954Z DEBUG netbaiot_transports::business_rpc::v3: business RPC V3 received frame stream_id=0 frame_type=WindowUpdate payload_bytes=4
2026-09-26T01:49:02.960969Z DEBUG netbaiot_transports::business_rpc::v3: business RPC V3 received frame stream_id=728 frame_type=Response payload_bytes=35
2026-09-26T01:49:02.960985Z DEBUG netbaiot_transports::business_rpc::v3: business RPC V3 received frame stream_id=728 frame_type=Data payload_bytes=216
2026-09-26T01:49:02.961052Z DEBUG netbaiot_transports::business_rpc::v3: business RPC V3 selected frame stream_id=0 frame_type=WindowUpdate payload_bytes=4
2026-09-26T01:49:02.969051Z DEBUG netbaiot_transports::business_rpc::v3: business RPC V3 writer completed frame stream_id=0 frame_type=WindowUpdate payload_bytes=4
2026-09-26T01:49:02.971861Z DEBUG netbaiot_transports::business_rpc::v3: business RPC V3 selected frame stream_id=0 frame_type=WindowUpdate payload_bytes=4
2026-09-26T01:49:02.975922Z DEBUG netbaiot_transports::business_rpc::v3: business RPC V3 writer completed frame stream_id=0 frame_type=WindowUpdate payload_bytes=4
2026-09-26T01:49:02.964419Z DEBUG netbaiot_transports::business_rpc::v3: business RPC V3 received frame stream_id=0 frame_type=WindowUpdate payload_bytes=4
2026-09-26T01:49:02.983945Z DEBUG netbaiot_transports::business_rpc::v3: business RPC V3 received frame stream_id=730 frame_type=Response payload_bytes=35
2026-09-26T01:49:02.988968Z DEBUG netbaiot_transports::business_rpc::v3: business RPC V3 received frame stream_id=730 frame_type=Data payload_bytes=216
2026-09-26T01:49:02.995859Z DEBUG netbaiot_transports::business_rpc::v3: business RPC V3 received frame stream_id=0 frame_type=WindowUpdate payload_bytes=4
2026-09-26T01:49:02.999825Z DEBUG netbaiot_transports::business_rpc::v3: business RPC V3 received frame stream_id=732 frame_type=Response payload_bytes=35
2026-09-26T01:49:03.003826Z DEBUG netbaiot_transports::business_rpc::v3: business RPC V3 received frame stream_id=732 frame_type=Data payload_bytes=216
2026-09-26T01:49:02.995877Z DEBUG netbaiot_transports::business_rpc::v3: business RPC V3 body entered scheduler stream_id=734 class=Rpc body_bytes=198
2026-09-26T01:49:03.003953Z DEBUG netbaiot_transports::business_rpc::v3: business RPC V3 body entered scheduler stream_id=736 class=Rpc body_bytes=198
2026-09-26T01:49:03.003970Z DEBUG netbaiot_transports::business_rpc::v3: business RPC V3 selected frame stream_id=734 frame_type=Open payload_bytes=158
2026-09-26T01:49:03.007996Z DEBUG netbaiot_transports::business_rpc::v3: business RPC V3 writer completed frame stream_id=734 frame_type=Open payload_bytes=158
2026-09-26T01:49:03.011675Z DEBUG netbaiot_transports::business_rpc::v3: business RPC V3 body entered scheduler stream_id=738 class=Rpc body_bytes=198
2026-09-26T01:49:03.017926Z DEBUG netbaiot_transports::business_rpc::v3: business RPC V3 body entered scheduler stream_id=740 class=Rpc body_bytes=198
2026-09-26T01:49:03.021862Z DEBUG netbaiot_transports::business_rpc::v3: business RPC V3 selected frame stream_id=736 frame_type=Open payload_bytes=158
2026-09-26T01:49:03.025826Z DEBUG netbaiot_transports::business_rpc::v3: business RPC V3 writer completed frame stream_id=736 frame_type=Open payload_bytes=158
2026-09-26T01:49:03.028629Z DEBUG netbaiot_transports::business_rpc::v3: business RPC V3 selected frame stream_id=734 frame_type=Data payload_bytes=198
2026-09-26T01:49:03.033032Z DEBUG netbaiot_transports::business_rpc::v3: business RPC V3 writer completed frame stream_id=734 frame_type=Data payload_bytes=198
2026-09-26T01:49:03.033282Z DEBUG netbaiot_transports::business_rpc::v3: business RPC V3 received frame stream_id=0 frame_type=WindowUpdate payload_bytes=4
2026-09-26T01:49:03.039084Z DEBUG netbaiot_transports::business_rpc::v3: business RPC V3 selected frame stream_id=0 frame_type=WindowUpdate payload_bytes=4
2026-09-26T01:49:03.046380Z DEBUG netbaiot_transports::business_rpc::v3: business RPC V3 received frame stream_id=734 frame_type=Response payload_bytes=35
2026-09-26T01:49:03.050457Z DEBUG netbaiot_transports::business_rpc::v3: business RPC V3 writer completed frame stream_id=0 frame_type=WindowUpdate payload_bytes=4
2026-09-26T01:49:03.050525Z DEBUG netbaiot_transports::business_rpc::v3: business RPC V3 received frame stream_id=734 frame_type=Data payload_bytes=216
2026-09-26T01:49:03.060967Z DEBUG netbaiot_transports::business_rpc::v3: business RPC V3 selected frame stream_id=0 frame_type=WindowUpdate payload_bytes=4
2026-09-26T01:49:03.068390Z DEBUG netbaiot_transports::business_rpc::v3: business RPC V3 writer completed frame stream_id=0 frame_type=WindowUpdate payload_bytes=4
2026-09-26T01:49:03.077982Z DEBUG netbaiot_transports::business_rpc::v3: business RPC V3 body entered scheduler stream_id=742 class=Rpc body_bytes=198
2026-09-26T01:49:03.084004Z DEBUG netbaiot_transports::business_rpc::v3: business RPC V3 selected frame stream_id=738 frame_type=Open payload_bytes=158
2026-09-26T01:49:03.086714Z DEBUG netbaiot_transports::business_rpc::v3: business RPC V3 writer completed frame stream_id=738 frame_type=Open payload_bytes=158
2026-09-26T01:49:03.089779Z DEBUG netbaiot_transports::business_rpc::v3: business RPC V3 selected frame stream_id=740 frame_type=Open payload_bytes=158
2026-09-26T01:49:03.096857Z DEBUG netbaiot_transports::business_rpc::v3: business RPC V3 writer completed frame stream_id=740 frame_type=Open payload_bytes=158
2026-09-26T01:49:03.100732Z DEBUG netbaiot_transports::business_rpc::v3: business RPC V3 selected frame stream_id=736 frame_type=Data payload_bytes=198
2026-09-26T01:49:03.100801Z DEBUG netbaiot_transports::business_rpc::v3: business RPC V3 writer completed frame stream_id=736 frame_type=Data payload_bytes=198
2026-09-26T01:49:03.104710Z DEBUG netbaiot_transports::business_rpc::v3: business RPC V3 selected frame stream_id=0 frame_type=WindowUpdate payload_bytes=4
2026-09-26T01:49:03.107716Z DEBUG netbaiot_transports::business_rpc::v3: business RPC V3 writer completed frame stream_id=0 frame_type=WindowUpdate payload_bytes=4
2026-09-26T01:49:03.117691Z DEBUG netbaiot_transports::business_rpc::v3: business RPC V3 selected frame stream_id=742 frame_type=Open payload_bytes=158
2026-09-26T01:49:03.127742Z DEBUG netbaiot_transports::business_rpc::v3: business RPC V3 writer completed frame stream_id=742 frame_type=Open payload_bytes=158
2026-09-26T01:49:03.131639Z DEBUG netbaiot_transports::business_rpc::v3: business RPC V3 selected frame stream_id=738 frame_type=Data payload_bytes=198
2026-09-26T01:49:03.138111Z DEBUG netbaiot_transports::business_rpc::v3: business RPC V3 writer completed frame stream_id=738 frame_type=Data payload_bytes=198
2026-09-26T01:49:03.141806Z DEBUG netbaiot_transports::business_rpc::v3: business RPC V3 selected frame stream_id=740 frame_type=Data payload_bytes=198
2026-09-26T01:49:03.143403Z DEBUG netbaiot_transports::business_rpc::v3: business RPC V3 writer completed frame stream_id=740 frame_type=Data payload_bytes=198
2026-09-26T01:49:03.146862Z DEBUG netbaiot_transports::business_rpc::v3: business RPC V3 selected frame stream_id=742 frame_type=Data payload_bytes=198
2026-09-26T01:49:03.146989Z DEBUG netbaiot_transports::business_rpc::v3: business RPC V3 writer completed frame stream_id=742 frame_type=Data payload_bytes=198
2026-09-26T01:49:03.147035Z DEBUG netbaiot_transports::business_rpc::v3: business RPC V3 received frame stream_id=0 frame_type=WindowUpdate payload_bytes=4
2026-09-26T01:49:03.150463Z DEBUG netbaiot_transports::business_rpc::v3: business RPC V3 received frame stream_id=736 frame_type=Response payload_bytes=35
2026-09-26T01:49:03.158629Z DEBUG netbaiot_transports::business_rpc::v3: business RPC V3 received frame stream_id=736 frame_type=Data payload_bytes=216
2026-09-26T01:49:03.165971Z DEBUG netbaiot_transports::business_rpc::v3: business RPC V3 selected frame stream_id=0 frame_type=WindowUpdate payload_bytes=4
2026-09-26T01:49:03.165959Z DEBUG netbaiot_transports::business_rpc::v3: business RPC V3 received frame stream_id=0 frame_type=WindowUpdate payload_bytes=4
2026-09-26T01:49:03.180890Z DEBUG netbaiot_transports::business_rpc::v3: business RPC V3 received frame stream_id=738 frame_type=Response payload_bytes=35
2026-09-26T01:49:03.184970Z DEBUG netbaiot_transports::business_rpc::v3: business RPC V3 received frame stream_id=738 frame_type=Data payload_bytes=216
2026-09-26T01:49:03.172735Z DEBUG netbaiot_transports::business_rpc::v3: business RPC V3 writer completed frame stream_id=0 frame_type=WindowUpdate payload_bytes=4
2026-09-26T01:49:03.185086Z DEBUG netbaiot_transports::business_rpc::v3: business RPC V3 received frame stream_id=0 frame_type=WindowUpdate payload_bytes=4
2026-09-26T01:49:03.187780Z DEBUG netbaiot_transports::business_rpc::v3: business RPC V3 selected frame stream_id=0 frame_type=WindowUpdate payload_bytes=4
2026-09-26T01:49:03.191836Z DEBUG netbaiot_transports::business_rpc::v3: business RPC V3 received frame stream_id=740 frame_type=Response payload_bytes=35
2026-09-26T01:49:03.194992Z DEBUG netbaiot_transports::business_rpc::v3: business RPC V3 writer completed frame stream_id=0 frame_type=WindowUpdate payload_bytes=4
2026-09-26T01:49:03.201778Z DEBUG netbaiot_transports::business_rpc::v3: business RPC V3 received frame stream_id=740 frame_type=Data payload_bytes=216
2026-09-26T01:49:03.204868Z DEBUG netbaiot_transports::business_rpc::v3: business RPC V3 body entered scheduler stream_id=744 class=Rpc body_bytes=198
2026-09-26T01:49:03.211704Z DEBUG netbaiot_transports::business_rpc::v3: business RPC V3 selected frame stream_id=744 frame_type=Open payload_bytes=158
2026-09-26T01:49:03.213291Z DEBUG netbaiot_transports::business_rpc::v3: business RPC V3 writer completed frame stream_id=744 frame_type=Open payload_bytes=158
2026-09-26T01:49:03.208027Z DEBUG netbaiot_transports::business_rpc::v3: business RPC V3 received frame stream_id=0 frame_type=WindowUpdate payload_bytes=4
2026-09-26T01:49:03.225775Z DEBUG netbaiot_transports::business_rpc::v3: business RPC V3 received frame stream_id=742 frame_type=Response payload_bytes=35
2026-09-26T01:49:03.220676Z DEBUG netbaiot_transports::business_rpc::v3: business RPC V3 selected frame stream_id=0 frame_type=WindowUpdate payload_bytes=4
2026-09-26T01:49:03.229790Z DEBUG netbaiot_transports::business_rpc::v3: business RPC V3 received frame stream_id=742 frame_type=Data payload_bytes=216
2026-09-26T01:49:03.234058Z DEBUG netbaiot_transports::business_rpc::v3: business RPC V3 writer completed frame stream_id=0 frame_type=WindowUpdate payload_bytes=4
2026-09-26T01:49:03.243120Z DEBUG netbaiot_transports::business_rpc::v3: business RPC V3 body entered scheduler stream_id=746 class=Rpc body_bytes=198
2026-09-26T01:49:03.251484Z DEBUG netbaiot_transports::business_rpc::v3: business RPC V3 body entered scheduler stream_id=748 class=Rpc body_bytes=198
2026-09-26T01:49:03.255995Z DEBUG netbaiot_transports::business_rpc::v3: business RPC V3 body entered scheduler stream_id=750 class=Rpc body_bytes=198
2026-09-26T01:49:03.258837Z DEBUG netbaiot_transports::business_rpc::v3: business RPC V3 selected frame stream_id=744 frame_type=Data payload_bytes=198
2026-09-26T01:49:03.262881Z DEBUG netbaiot_transports::business_rpc::v3: business RPC V3 writer completed frame stream_id=744 frame_type=Data payload_bytes=198
2026-09-26T01:49:03.266747Z DEBUG netbaiot_transports::business_rpc::v3: business RPC V3 selected frame stream_id=746 frame_type=Open payload_bytes=158
2026-09-26T01:49:03.273037Z DEBUG netbaiot_transports::business_rpc::v3: business RPC V3 writer completed frame stream_id=746 frame_type=Open payload_bytes=158
2026-09-26T01:49:03.281165Z DEBUG netbaiot_transports::business_rpc::v3: business RPC V3 selected frame stream_id=0 frame_type=WindowUpdate payload_bytes=4
2026-09-26T01:49:03.286963Z DEBUG netbaiot_transports::business_rpc::v3: business RPC V3 writer completed frame stream_id=0 frame_type=WindowUpdate payload_bytes=4
2026-09-26T01:49:03.289741Z DEBUG netbaiot_transports::business_rpc::v3: business RPC V3 selected frame stream_id=748 frame_type=Open payload_bytes=158
2026-09-26T01:49:03.294375Z DEBUG netbaiot_transports::business_rpc::v3: business RPC V3 writer completed frame stream_id=748 frame_type=Open payload_bytes=158
2026-09-26T01:49:03.294400Z DEBUG netbaiot_transports::business_rpc::v3: business RPC V3 selected frame stream_id=750 frame_type=Open payload_bytes=158
2026-09-26T01:49:03.294567Z DEBUG netbaiot_transports::business_rpc::v3: business RPC V3 writer completed frame stream_id=750 frame_type=Open payload_bytes=158
2026-09-26T01:49:03.301023Z DEBUG netbaiot_transports::business_rpc::v3: business RPC V3 selected frame stream_id=746 frame_type=Data payload_bytes=198
2026-09-26T01:49:03.304829Z DEBUG netbaiot_transports::business_rpc::v3: business RPC V3 writer completed frame stream_id=746 frame_type=Data payload_bytes=198
2026-09-26T01:49:03.307707Z DEBUG netbaiot_transports::business_rpc::v3: business RPC V3 selected frame stream_id=748 frame_type=Data payload_bytes=198
2026-09-26T01:49:03.311539Z DEBUG netbaiot_transports::business_rpc::v3: business RPC V3 writer completed frame stream_id=748 frame_type=Data payload_bytes=198
2026-09-26T01:49:03.315107Z DEBUG netbaiot_transports::business_rpc::v3: business RPC V3 selected frame stream_id=750 frame_type=Data payload_bytes=198
2026-09-26T01:49:03.320941Z DEBUG netbaiot_transports::business_rpc::v3: business RPC V3 writer completed frame stream_id=750 frame_type=Data payload_bytes=198
2026-09-26T01:49:03.327914Z DEBUG netbaiot_transports::business_rpc::v3: business RPC V3 received frame stream_id=0 frame_type=WindowUpdate payload_bytes=4
2026-09-26T01:49:03.330819Z DEBUG netbaiot_transports::business_rpc::v3: business RPC V3 received frame stream_id=744 frame_type=Response payload_bytes=35
2026-09-26T01:49:03.340818Z DEBUG netbaiot_transports::business_rpc::v3: business RPC V3 received frame stream_id=744 frame_type=Data payload_bytes=216
2026-09-26T01:49:03.345177Z DEBUG netbaiot_transports::business_rpc::v3: business RPC V3 received frame stream_id=0 frame_type=WindowUpdate payload_bytes=4
2026-09-26T01:49:03.345241Z DEBUG netbaiot_transports::business_rpc::v3: business RPC V3 selected frame stream_id=0 frame_type=WindowUpdate payload_bytes=4
2026-09-26T01:49:03.354841Z DEBUG netbaiot_transports::business_rpc::v3: business RPC V3 received frame stream_id=746 frame_type=Response payload_bytes=35
2026-09-26T01:49:03.363137Z DEBUG netbaiot_transports::business_rpc::v3: business RPC V3 received frame stream_id=746 frame_type=Data payload_bytes=216
2026-09-26T01:49:03.358852Z DEBUG netbaiot_transports::business_rpc::v3: business RPC V3 writer completed frame stream_id=0 frame_type=WindowUpdate payload_bytes=4
2026-09-26T01:49:03.366922Z DEBUG netbaiot_transports::business_rpc::v3: business RPC V3 received frame stream_id=0 frame_type=WindowUpdate payload_bytes=4
2026-09-26T01:49:03.371791Z DEBUG netbaiot_transports::business_rpc::v3: business RPC V3 selected frame stream_id=0 frame_type=WindowUpdate payload_bytes=4
2026-09-26T01:49:03.375683Z DEBUG netbaiot_transports::business_rpc::v3: business RPC V3 received frame stream_id=748 frame_type=Response payload_bytes=35
2026-09-26T01:49:03.388814Z DEBUG netbaiot_transports::business_rpc::v3: business RPC V3 writer completed frame stream_id=0 frame_type=WindowUpdate payload_bytes=4
2026-09-26T01:49:03.393137Z DEBUG netbaiot_transports::business_rpc::v3: business RPC V3 received frame stream_id=748 frame_type=Data payload_bytes=216
2026-09-26T01:49:03.396889Z DEBUG netbaiot_transports::business_rpc::v3: business RPC V3 body entered scheduler stream_id=752 class=Rpc body_bytes=198
2026-09-26T01:49:03.404145Z DEBUG netbaiot_transports::business_rpc::v3: business RPC V3 selected frame stream_id=752 frame_type=Open payload_bytes=158
2026-09-26T01:49:03.400640Z DEBUG netbaiot_transports::business_rpc::v3: business RPC V3 received frame stream_id=0 frame_type=WindowUpdate payload_bytes=4
2026-09-26T01:49:03.417939Z DEBUG netbaiot_transports::business_rpc::v3: business RPC V3 writer completed frame stream_id=752 frame_type=Open payload_bytes=158
2026-09-26T01:49:03.425688Z DEBUG netbaiot_transports::business_rpc::v3: business RPC V3 body entered scheduler stream_id=754 class=Rpc body_bytes=198
2026-09-26T01:49:03.425919Z DEBUG netbaiot_transports::business_rpc::v3: business RPC V3 selected frame stream_id=0 frame_type=WindowUpdate payload_bytes=4
2026-09-26T01:49:03.421879Z DEBUG netbaiot_transports::business_rpc::v3: business RPC V3 received frame stream_id=750 frame_type=Response payload_bytes=35
2026-09-26T01:49:03.432974Z DEBUG netbaiot_transports::business_rpc::v3: business RPC V3 writer completed frame stream_id=0 frame_type=WindowUpdate payload_bytes=4
2026-09-26T01:49:03.438909Z DEBUG netbaiot_transports::business_rpc::v3: business RPC V3 received frame stream_id=750 frame_type=Data payload_bytes=216
2026-09-26T01:49:03.441830Z DEBUG netbaiot_transports::business_rpc::v3: business RPC V3 selected frame stream_id=752 frame_type=Data payload_bytes=198
2026-09-26T01:49:03.461947Z DEBUG netbaiot_transports::business_rpc::v3: business RPC V3 writer completed frame stream_id=752 frame_type=Data payload_bytes=198
2026-09-26T01:49:03.467849Z DEBUG netbaiot_transports::business_rpc::v3: business RPC V3 body entered scheduler stream_id=756 class=Rpc body_bytes=198
2026-09-26T01:49:03.462167Z DEBUG netbaiot_transports::business_rpc::v3: business RPC V3 received frame stream_id=0 frame_type=WindowUpdate payload_bytes=4
2026-09-26T01:49:03.472121Z DEBUG netbaiot_transports::business_rpc::v3: business RPC V3 body entered scheduler stream_id=758 class=Rpc body_bytes=198
2026-09-26T01:49:03.483930Z DEBUG netbaiot_transports::business_rpc::v3: business RPC V3 body entered scheduler stream_id=760 class=Event body_bytes=17366
2026-09-26T01:49:03.487841Z DEBUG netbaiot_transports::business_rpc::v3: business RPC V3 selected frame stream_id=754 frame_type=Open payload_bytes=158
2026-09-26T01:49:03.480154Z DEBUG netbaiot_transports::business_rpc::v3: business RPC V3 received frame stream_id=752 frame_type=Response payload_bytes=35
2026-09-26T01:49:03.489809Z DEBUG netbaiot_transports::business_rpc::v3: business RPC V3 writer completed frame stream_id=754 frame_type=Open payload_bytes=158
2026-09-26T01:49:03.505279Z DEBUG netbaiot_transports::business_rpc::v3: business RPC V3 selected frame stream_id=0 frame_type=WindowUpdate payload_bytes=4
2026-09-26T01:49:03.500968Z DEBUG netbaiot_transports::business_rpc::v3: business RPC V3 received frame stream_id=752 frame_type=Data payload_bytes=216
2026-09-26T01:49:03.508547Z DEBUG netbaiot_transports::business_rpc::v3: business RPC V3 writer completed frame stream_id=0 frame_type=WindowUpdate payload_bytes=4
2026-09-26T01:49:03.514064Z DEBUG netbaiot_transports::business_rpc::v3: business RPC V3 body entered scheduler stream_id=762 class=Rpc body_bytes=198
2026-09-26T01:49:03.516858Z DEBUG netbaiot_transports::business_rpc::v3: business RPC V3 selected frame stream_id=756 frame_type=Open payload_bytes=158
2026-09-26T01:49:03.518828Z DEBUG netbaiot_transports::business_rpc::v3: business RPC V3 writer completed frame stream_id=756 frame_type=Open payload_bytes=158
2026-09-26T01:49:03.522651Z DEBUG netbaiot_transports::business_rpc::v3: business RPC V3 selected frame stream_id=758 frame_type=Open payload_bytes=158
2026-09-26T01:49:03.527286Z DEBUG netbaiot_transports::business_rpc::v3: business RPC V3 writer completed frame stream_id=758 frame_type=Open payload_bytes=158
2026-09-26T01:49:03.534115Z DEBUG netbaiot_transports::business_rpc::v3: business RPC V3 selected frame stream_id=754 frame_type=Data payload_bytes=198
2026-09-26T01:49:03.538547Z DEBUG netbaiot_transports::business_rpc::v3: business RPC V3 writer completed frame stream_id=754 frame_type=Data payload_bytes=198
2026-09-26T01:49:03.543326Z DEBUG netbaiot_transports::business_rpc::v3: business RPC V3 selected frame stream_id=760 frame_type=Open payload_bytes=184
2026-09-26T01:49:03.553134Z DEBUG netbaiot_transports::business_rpc::v3: business RPC V3 writer completed frame stream_id=760 frame_type=Open payload_bytes=184
2026-09-26T01:49:03.556845Z DEBUG netbaiot_transports::business_rpc::v3: business RPC V3 selected frame stream_id=0 frame_type=WindowUpdate payload_bytes=4
2026-09-26T01:49:03.569183Z DEBUG netbaiot_transports::business_rpc::v3: business RPC V3 writer completed frame stream_id=0 frame_type=WindowUpdate payload_bytes=4
2026-09-26T01:49:03.575870Z DEBUG netbaiot_transports::business_rpc::v3: business RPC V3 selected frame stream_id=762 frame_type=Open payload_bytes=158
2026-09-26T01:49:03.578915Z DEBUG netbaiot_transports::business_rpc::v3: business RPC V3 writer completed frame stream_id=762 frame_type=Open payload_bytes=158
2026-09-26T01:49:03.581766Z DEBUG netbaiot_transports::business_rpc::v3: business RPC V3 selected frame stream_id=756 frame_type=Data payload_bytes=198
2026-09-26T01:49:03.584834Z DEBUG netbaiot_transports::business_rpc::v3: business RPC V3 writer completed frame stream_id=756 frame_type=Data payload_bytes=198
2026-09-26T01:49:03.592923Z DEBUG netbaiot_transports::business_rpc::v3: business RPC V3 selected frame stream_id=758 frame_type=Data payload_bytes=198
2026-09-26T01:49:03.596877Z DEBUG netbaiot_transports::business_rpc::v3: business RPC V3 writer completed frame stream_id=758 frame_type=Data payload_bytes=198
2026-09-26T01:49:03.599939Z DEBUG netbaiot_transports::business_rpc::v3: business RPC V3 selected frame stream_id=760 frame_type=Data payload_bytes=8192
2026-09-26T01:49:03.603973Z DEBUG netbaiot_transports::business_rpc::v3: business RPC V3 writer completed frame stream_id=760 frame_type=Data payload_bytes=8192
2026-09-26T01:49:03.610129Z DEBUG netbaiot_transports::business_rpc::v3: business RPC V3 selected frame stream_id=762 frame_type=Data payload_bytes=198
2026-09-26T01:49:03.614751Z DEBUG netbaiot_transports::business_rpc::v3: business RPC V3 writer completed frame stream_id=762 frame_type=Data payload_bytes=198
2026-09-26T01:49:03.621728Z DEBUG netbaiot_transports::business_rpc::v3: business RPC V3 selected frame stream_id=760 frame_type=Data payload_bytes=8192
2026-09-26T01:49:03.624706Z DEBUG netbaiot_transports::business_rpc::v3: business RPC V3 writer completed frame stream_id=760 frame_type=Data payload_bytes=8192
2026-09-26T01:49:03.628858Z DEBUG netbaiot_transports::business_rpc::v3: business RPC V3 received frame stream_id=0 frame_type=WindowUpdate payload_bytes=4
2026-09-26T01:49:03.638108Z DEBUG netbaiot_transports::business_rpc::v3: business RPC V3 received frame stream_id=754 frame_type=Response payload_bytes=35
2026-09-26T01:49:03.641838Z DEBUG netbaiot_transports::business_rpc::v3: business RPC V3 received frame stream_id=754 frame_type=Data payload_bytes=216
2026-09-26T01:49:03.641921Z DEBUG netbaiot_transports::business_rpc::v3: business RPC V3 received frame stream_id=0 frame_type=WindowUpdate payload_bytes=4
2026-09-26T01:49:03.641936Z DEBUG netbaiot_transports::business_rpc::v3: business RPC V3 received frame stream_id=756 frame_type=Response payload_bytes=35
2026-09-26T01:49:03.641946Z DEBUG netbaiot_transports::business_rpc::v3: business RPC V3 received frame stream_id=756 frame_type=Data payload_bytes=216
2026-09-26T01:49:03.641966Z DEBUG netbaiot_transports::business_rpc::v3: business RPC V3 received frame stream_id=0 frame_type=WindowUpdate payload_bytes=4
2026-09-26T01:49:03.642008Z DEBUG netbaiot_transports::business_rpc::v3: business RPC V3 selected frame stream_id=0 frame_type=WindowUpdate payload_bytes=4
2026-09-26T01:49:03.651826Z DEBUG netbaiot_transports::business_rpc::v3: business RPC V3 writer completed frame stream_id=0 frame_type=WindowUpdate payload_bytes=4
2026-09-26T01:49:03.655843Z DEBUG netbaiot_transports::business_rpc::v3: business RPC V3 body entered scheduler stream_id=764 class=Rpc body_bytes=198
2026-09-26T01:49:03.647023Z DEBUG netbaiot_transports::business_rpc::v3: business RPC V3 received frame stream_id=758 frame_type=Response payload_bytes=35
2026-09-26T01:49:03.662372Z DEBUG netbaiot_transports::business_rpc::v3: business RPC V3 selected frame stream_id=0 frame_type=WindowUpdate payload_bytes=4
2026-09-26T01:49:03.671229Z DEBUG netbaiot_transports::business_rpc::v3: business RPC V3 writer completed frame stream_id=0 frame_type=WindowUpdate payload_bytes=4
2026-09-26T01:49:03.671278Z DEBUG netbaiot_transports::business_rpc::v3: business RPC V3 selected frame stream_id=764 frame_type=Open payload_bytes=158
2026-09-26T01:49:03.666778Z DEBUG netbaiot_transports::business_rpc::v3: business RPC V3 received frame stream_id=758 frame_type=Data payload_bytes=216
2026-09-26T01:49:03.671559Z DEBUG netbaiot_transports::business_rpc::v3: business RPC V3 writer completed frame stream_id=764 frame_type=Open payload_bytes=158
2026-09-26T01:49:03.679952Z DEBUG netbaiot_transports::business_rpc::v3: business RPC V3 selected frame stream_id=0 frame_type=WindowUpdate payload_bytes=4
2026-09-26T01:49:03.675262Z DEBUG netbaiot_transports::business_rpc::v3: business RPC V3 received frame stream_id=0 frame_type=WindowUpdate payload_bytes=4
2026-09-26T01:49:03.685067Z DEBUG netbaiot_transports::business_rpc::v3: business RPC V3 writer completed frame stream_id=0 frame_type=WindowUpdate payload_bytes=4
2026-09-26T01:49:03.689022Z DEBUG netbaiot_transports::business_rpc::v3: business RPC V3 received frame stream_id=760 frame_type=WindowUpdate payload_bytes=4
2026-09-26T01:49:03.692776Z DEBUG netbaiot_transports::business_rpc::v3: business RPC V3 body entered scheduler stream_id=766 class=Rpc body_bytes=198
2026-09-26T01:49:03.699193Z DEBUG netbaiot_transports::business_rpc::v3: business RPC V3 selected frame stream_id=764 frame_type=Data payload_bytes=198
2026-09-26T01:49:03.703127Z DEBUG netbaiot_transports::business_rpc::v3: business RPC V3 writer completed frame stream_id=764 frame_type=Data payload_bytes=198
2026-09-26T01:49:03.694673Z DEBUG netbaiot_transports::business_rpc::v3: business RPC V3 received frame stream_id=0 frame_type=WindowUpdate payload_bytes=4
2026-09-26T01:49:03.710215Z DEBUG netbaiot_transports::business_rpc::v3: business RPC V3 selected frame stream_id=766 frame_type=Open payload_bytes=158
2026-09-26T01:49:03.714295Z DEBUG netbaiot_transports::business_rpc::v3: business RPC V3 received frame stream_id=762 frame_type=Response payload_bytes=35
2026-09-26T01:49:03.723152Z DEBUG netbaiot_transports::business_rpc::v3: business RPC V3 received frame stream_id=762 frame_type=Data payload_bytes=216
2026-09-26T01:49:03.718128Z DEBUG netbaiot_transports::business_rpc::v3: business RPC V3 writer completed frame stream_id=766 frame_type=Open payload_bytes=158
2026-09-26T01:49:03.734105Z DEBUG netbaiot_transports::business_rpc::v3: business RPC V3 selected frame stream_id=0 frame_type=WindowUpdate payload_bytes=4
2026-09-26T01:49:03.738346Z DEBUG netbaiot_transports::business_rpc::v3: business RPC V3 writer completed frame stream_id=0 frame_type=WindowUpdate payload_bytes=4
2026-09-26T01:49:03.728988Z DEBUG netbaiot_transports::business_rpc::v3: business RPC V3 received frame stream_id=0 frame_type=WindowUpdate payload_bytes=4
2026-09-26T01:49:03.747644Z DEBUG netbaiot_transports::business_rpc::v3: business RPC V3 selected frame stream_id=766 frame_type=Data payload_bytes=198
2026-09-26T01:49:03.751922Z DEBUG netbaiot_transports::business_rpc::v3: business RPC V3 received frame stream_id=760 frame_type=WindowUpdate payload_bytes=4
2026-09-26T01:49:03.754894Z DEBUG netbaiot_transports::business_rpc::v3: business RPC V3 writer completed frame stream_id=766 frame_type=Data payload_bytes=198
2026-09-26T01:49:03.775454Z DEBUG netbaiot_transports::business_rpc::v3: business RPC V3 body entered scheduler stream_id=768 class=Rpc body_bytes=198
2026-09-26T01:49:03.780221Z DEBUG netbaiot_transports::business_rpc::v3: business RPC V3 selected frame stream_id=768 frame_type=Open payload_bytes=158
2026-09-26T01:49:03.768997Z DEBUG netbaiot_transports::business_rpc::v3: business RPC V3 received frame stream_id=0 frame_type=WindowUpdate payload_bytes=4
2026-09-26T01:49:03.786321Z DEBUG netbaiot_transports::business_rpc::v3: business RPC V3 writer completed frame stream_id=768 frame_type=Open payload_bytes=158
2026-09-26T01:49:03.795112Z DEBUG netbaiot_transports::business_rpc::v3: business RPC V3 selected frame stream_id=768 frame_type=Data payload_bytes=198
2026-09-26T01:49:03.804571Z DEBUG netbaiot_transports::business_rpc::v3: business RPC V3 writer completed frame stream_id=768 frame_type=Data payload_bytes=198
2026-09-26T01:49:03.808639Z DEBUG netbaiot_transports::business_rpc::v3: business RPC V3 selected frame stream_id=760 frame_type=Data payload_bytes=982
2026-09-26T01:49:03.809456Z DEBUG netbaiot_transports::business_rpc::v3: business RPC V3 writer completed frame stream_id=760 frame_type=Data payload_bytes=982
2026-09-26T01:49:03.791498Z DEBUG netbaiot_transports::business_rpc::v3: business RPC V3 received frame stream_id=764 frame_type=Response payload_bytes=35
2026-09-26T01:49:03.818021Z DEBUG netbaiot_transports::business_rpc::v3: business RPC V3 received frame stream_id=764 frame_type=Data payload_bytes=216
2026-09-26T01:49:03.824121Z DEBUG netbaiot_transports::business_rpc::v3: business RPC V3 received frame stream_id=0 frame_type=WindowUpdate payload_bytes=4
2026-09-26T01:49:03.824201Z DEBUG netbaiot_transports::business_rpc::v3: business RPC V3 selected frame stream_id=0 frame_type=WindowUpdate payload_bytes=4
2026-09-26T01:49:03.828268Z DEBUG netbaiot_transports::business_rpc::v3: business RPC V3 received frame stream_id=766 frame_type=Response payload_bytes=35
2026-09-26T01:49:03.833875Z DEBUG netbaiot_transports::business_rpc::v3: business RPC V3 writer completed frame stream_id=0 frame_type=WindowUpdate payload_bytes=4
2026-09-26T01:49:03.841979Z DEBUG netbaiot_transports::business_rpc::v3: business RPC V3 body entered scheduler stream_id=770 class=Rpc body_bytes=198
2026-09-26T01:49:03.837707Z DEBUG netbaiot_transports::business_rpc::v3: business RPC V3 received frame stream_id=766 frame_type=Data payload_bytes=216
2026-09-26T01:49:03.844713Z DEBUG netbaiot_transports::business_rpc::v3: business RPC V3 selected frame stream_id=770 frame_type=Open payload_bytes=158
2026-09-26T01:49:03.848871Z DEBUG netbaiot_transports::business_rpc::v3: business RPC V3 writer completed frame stream_id=770 frame_type=Open payload_bytes=158
2026-09-26T01:49:03.848650Z DEBUG netbaiot_transports::business_rpc::v3: business RPC V3 received frame stream_id=0 frame_type=WindowUpdate payload_bytes=4
2026-09-26T01:49:03.856932Z DEBUG netbaiot_transports::business_rpc::v3: business RPC V3 received frame stream_id=768 frame_type=Response payload_bytes=35
2026-09-26T01:49:03.852751Z DEBUG netbaiot_transports::business_rpc::v3: business RPC V3 selected frame stream_id=0 frame_type=WindowUpdate payload_bytes=4
2026-09-26T01:49:03.865894Z DEBUG netbaiot_transports::business_rpc::v3: business RPC V3 writer completed frame stream_id=0 frame_type=WindowUpdate payload_bytes=4
2026-09-26T01:49:03.870241Z DEBUG netbaiot_transports::business_rpc::v3: business RPC V3 body entered scheduler stream_id=772 class=Rpc body_bytes=198
2026-09-26T01:49:03.876281Z DEBUG netbaiot_transports::business_rpc::v3: business RPC V3 selected frame stream_id=772 frame_type=Open payload_bytes=158
2026-09-26T01:49:03.884290Z DEBUG netbaiot_transports::business_rpc::v3: business RPC V3 writer completed frame stream_id=772 frame_type=Open payload_bytes=158
2026-09-26T01:49:03.890152Z DEBUG netbaiot_transports::business_rpc::v3: business RPC V3 selected frame stream_id=770 frame_type=Data payload_bytes=198
2026-09-26T01:49:03.862882Z DEBUG netbaiot_transports::business_rpc::v3: business RPC V3 received frame stream_id=768 frame_type=Data payload_bytes=216
2026-09-26T01:49:03.897885Z DEBUG netbaiot_transports::business_rpc::v3: business RPC V3 writer completed frame stream_id=770 frame_type=Data payload_bytes=198
2026-09-26T01:49:03.905696Z DEBUG netbaiot_transports::business_rpc::v3: business RPC V3 selected frame stream_id=0 frame_type=WindowUpdate payload_bytes=4
2026-09-26T01:49:03.901950Z DEBUG netbaiot_transports::business_rpc::v3: business RPC V3 received frame stream_id=0 frame_type=WindowUpdate payload_bytes=4
2026-09-26T01:49:03.911220Z DEBUG netbaiot_transports::business_rpc::v3: business RPC V3 writer completed frame stream_id=0 frame_type=WindowUpdate payload_bytes=4
2026-09-26T01:49:03.917897Z DEBUG netbaiot_transports::business_rpc::v3: business RPC V3 body entered scheduler stream_id=774 class=Rpc body_bytes=198
2026-09-26T01:49:03.917813Z DEBUG netbaiot_transports::business_rpc::v3: business RPC V3 received frame stream_id=760 frame_type=Response payload_bytes=35
2026-09-26T01:49:03.921720Z DEBUG netbaiot_transports::business_rpc::v3: business RPC V3 selected frame stream_id=774 frame_type=Open payload_bytes=158
2026-09-26T01:49:03.927733Z DEBUG netbaiot_transports::business_rpc::v3: business RPC V3 received frame stream_id=760 frame_type=Data payload_bytes=118
2026-09-26T01:49:03.931909Z DEBUG netbaiot_transports::business_rpc::v3: business RPC V3 Event delivery acknowledged stream_id=760 completion_us=472079
2026-09-26T01:49:03.935773Z DEBUG netbaiot_transports::business_rpc::v3: business RPC V3 received frame stream_id=0 frame_type=WindowUpdate payload_bytes=4
2026-09-26T01:49:03.940022Z DEBUG netbaiot_transports::business_rpc::v3: business RPC V3 received frame stream_id=770 frame_type=Response payload_bytes=35
2026-09-26T01:49:03.931858Z DEBUG netbaiot_transports::business_rpc::v3: business RPC V3 writer completed frame stream_id=774 frame_type=Open payload_bytes=158
2026-09-26T01:49:03.948749Z DEBUG netbaiot_transports::business_rpc::v3: business RPC V3 body entered scheduler stream_id=776 class=Rpc body_bytes=198
2026-09-26T01:49:03.957558Z DEBUG netbaiot_transports::business_rpc::v3: business RPC V3 selected frame stream_id=0 frame_type=WindowUpdate payload_bytes=4
2026-09-26T01:49:03.945760Z DEBUG netbaiot_transports::business_rpc::v3: business RPC V3 received frame stream_id=770 frame_type=Data payload_bytes=216
2026-09-26T01:49:03.962292Z DEBUG netbaiot_transports::business_rpc::v3: business RPC V3 writer completed frame stream_id=0 frame_type=WindowUpdate payload_bytes=4
2026-09-26T01:49:03.978126Z DEBUG netbaiot_transports::business_rpc::v3: business RPC V3 body entered scheduler stream_id=778 class=Rpc body_bytes=198
2026-09-26T01:49:03.981731Z DEBUG netbaiot_transports::business_rpc::v3: business RPC V3 selected frame stream_id=776 frame_type=Open payload_bytes=158
2026-09-26T01:49:03.986275Z DEBUG netbaiot_transports::business_rpc::v3: business RPC V3 writer completed frame stream_id=776 frame_type=Open payload_bytes=158
2026-09-26T01:49:03.992166Z DEBUG netbaiot_transports::business_rpc::v3: business RPC V3 selected frame stream_id=772 frame_type=Data payload_bytes=198
2026-09-26T01:49:04.003417Z DEBUG netbaiot_transports::business_rpc::v3: business RPC V3 writer completed frame stream_id=772 frame_type=Data payload_bytes=198
2026-09-26T01:49:04.010930Z DEBUG netbaiot_transports::business_rpc::v3: business RPC V3 selected frame stream_id=0 frame_type=WindowUpdate payload_bytes=4
2026-09-26T01:49:04.014280Z DEBUG netbaiot_transports::business_rpc::v3: business RPC V3 writer completed frame stream_id=0 frame_type=WindowUpdate payload_bytes=4
2026-09-26T01:49:04.020034Z DEBUG netbaiot_transports::business_rpc::v3: business RPC V3 selected frame stream_id=778 frame_type=Open payload_bytes=158
2026-09-26T01:49:04.024039Z DEBUG netbaiot_transports::business_rpc::v3: business RPC V3 writer completed frame stream_id=778 frame_type=Open payload_bytes=158
2026-09-26T01:49:04.030960Z DEBUG netbaiot_transports::business_rpc::v3: business RPC V3 selected frame stream_id=774 frame_type=Data payload_bytes=198
2026-09-26T01:49:04.034993Z DEBUG netbaiot_transports::business_rpc::v3: business RPC V3 writer completed frame stream_id=774 frame_type=Data payload_bytes=198
2026-09-26T01:49:04.039093Z DEBUG netbaiot_transports::business_rpc::v3: business RPC V3 selected frame stream_id=776 frame_type=Data payload_bytes=198
2026-09-26T01:49:04.044717Z DEBUG netbaiot_transports::business_rpc::v3: business RPC V3 writer completed frame stream_id=776 frame_type=Data payload_bytes=198
2026-09-26T01:49:04.050867Z DEBUG netbaiot_transports::business_rpc::v3: business RPC V3 selected frame stream_id=778 frame_type=Data payload_bytes=198
2026-09-26T01:49:04.055126Z DEBUG netbaiot_transports::business_rpc::v3: business RPC V3 writer completed frame stream_id=778 frame_type=Data payload_bytes=198
2026-09-26T01:49:04.058121Z DEBUG netbaiot_transports::business_rpc::v3: business RPC V3 received frame stream_id=0 frame_type=WindowUpdate payload_bytes=4
2026-09-26T01:49:04.061003Z DEBUG netbaiot_transports::business_rpc::v3: business RPC V3 received frame stream_id=772 frame_type=Response payload_bytes=35
2026-09-26T01:49:04.065210Z DEBUG netbaiot_transports::business_rpc::v3: business RPC V3 received frame stream_id=772 frame_type=Data payload_bytes=216
2026-09-26T01:49:04.068373Z DEBUG netbaiot_transports::business_rpc::v3: business RPC V3 received frame stream_id=0 frame_type=WindowUpdate payload_bytes=4
2026-09-26T01:49:04.068401Z DEBUG netbaiot_transports::business_rpc::v3: business RPC V3 selected frame stream_id=0 frame_type=WindowUpdate payload_bytes=4
2026-09-26T01:49:04.075980Z DEBUG netbaiot_transports::business_rpc::v3: business RPC V3 received frame stream_id=774 frame_type=Response payload_bytes=35
2026-09-26T01:49:04.086863Z DEBUG netbaiot_transports::business_rpc::v3: business RPC V3 writer completed frame stream_id=0 frame_type=WindowUpdate payload_bytes=4
2026-09-26T01:49:04.093733Z DEBUG netbaiot_transports::business_rpc::v3: business RPC V3 received frame stream_id=774 frame_type=Data payload_bytes=216
2026-09-26T01:49:04.101298Z DEBUG netbaiot_transports::business_rpc::v3: business RPC V3 selected frame stream_id=0 frame_type=WindowUpdate payload_bytes=4
2026-09-26T01:49:04.101295Z DEBUG netbaiot_transports::business_rpc::v3: business RPC V3 received frame stream_id=0 frame_type=WindowUpdate payload_bytes=4
2026-09-26T01:49:04.111835Z DEBUG netbaiot_transports::business_rpc::v3: business RPC V3 writer completed frame stream_id=0 frame_type=WindowUpdate payload_bytes=4
2026-09-26T01:49:04.118762Z DEBUG netbaiot_transports::business_rpc::v3: business RPC V3 body entered scheduler stream_id=780 class=Rpc body_bytes=198
2026-09-26T01:49:04.118782Z DEBUG netbaiot_transports::business_rpc::v3: business RPC V3 selected frame stream_id=780 frame_type=Open payload_bytes=158
2026-09-26T01:49:04.118838Z DEBUG netbaiot_transports::business_rpc::v3: business RPC V3 writer completed frame stream_id=780 frame_type=Open payload_bytes=158
2026-09-26T01:49:04.116126Z DEBUG netbaiot_transports::business_rpc::v3: business RPC V3 received frame stream_id=776 frame_type=Response payload_bytes=35
2026-09-26T01:49:04.122707Z DEBUG netbaiot_transports::business_rpc::v3: business RPC V3 selected frame stream_id=780 frame_type=Data payload_bytes=198
2026-09-26T01:49:04.125957Z DEBUG netbaiot_transports::business_rpc::v3: business RPC V3 writer completed frame stream_id=780 frame_type=Data payload_bytes=198
2026-09-26T01:49:04.125816Z DEBUG netbaiot_transports::business_rpc::v3: business RPC V3 received frame stream_id=776 frame_type=Data payload_bytes=216
2026-09-26T01:49:04.136021Z DEBUG netbaiot_transports::business_rpc::v3: business RPC V3 received frame stream_id=0 frame_type=WindowUpdate payload_bytes=4
2026-09-26T01:49:04.136040Z DEBUG netbaiot_transports::business_rpc::v3: business RPC V3 selected frame stream_id=0 frame_type=WindowUpdate payload_bytes=4
2026-09-26T01:49:04.139931Z DEBUG netbaiot_transports::business_rpc::v3: business RPC V3 received frame stream_id=778 frame_type=Response payload_bytes=35
2026-09-26T01:49:04.154747Z DEBUG netbaiot_transports::business_rpc::v3: business RPC V3 writer completed frame stream_id=0 frame_type=WindowUpdate payload_bytes=4
2026-09-26T01:49:04.158700Z DEBUG netbaiot_transports::business_rpc::v3: business RPC V3 received frame stream_id=778 frame_type=Data payload_bytes=216
2026-09-26T01:49:04.162661Z DEBUG netbaiot_transports::business_rpc::v3: business RPC V3 body entered scheduler stream_id=782 class=Rpc body_bytes=198
2026-09-26T01:49:04.166852Z DEBUG netbaiot_transports::business_rpc::v3: business RPC V3 selected frame stream_id=782 frame_type=Open payload_bytes=158
2026-09-26T01:49:04.166828Z DEBUG netbaiot_transports::business_rpc::v3: business RPC V3 received frame stream_id=0 frame_type=WindowUpdate payload_bytes=4
2026-09-26T01:49:04.176822Z DEBUG netbaiot_transports::business_rpc::v3: business RPC V3 writer completed frame stream_id=782 frame_type=Open payload_bytes=158
2026-09-26T01:49:04.180696Z DEBUG netbaiot_transports::business_rpc::v3: business RPC V3 received frame stream_id=780 frame_type=Response payload_bytes=35
2026-09-26T01:49:04.184655Z DEBUG netbaiot_transports::business_rpc::v3: business RPC V3 body entered scheduler stream_id=784 class=Rpc body_bytes=198
2026-09-26T01:49:04.191832Z DEBUG netbaiot_transports::business_rpc::v3: business RPC V3 selected frame stream_id=0 frame_type=WindowUpdate payload_bytes=4
2026-09-26T01:49:04.187583Z DEBUG netbaiot_transports::business_rpc::v3: business RPC V3 received frame stream_id=780 frame_type=Data payload_bytes=216
2026-09-26T01:49:04.192000Z DEBUG netbaiot_transports::business_rpc::v3: business RPC V3 writer completed frame stream_id=0 frame_type=WindowUpdate payload_bytes=4
2026-09-26T01:49:04.197707Z DEBUG netbaiot_transports::business_rpc::v3: business RPC V3 body entered scheduler stream_id=786 class=Rpc body_bytes=198
2026-09-26T01:49:04.201743Z DEBUG netbaiot_transports::business_rpc::v3: business RPC V3 body entered scheduler stream_id=788 class=Rpc body_bytes=198
2026-09-26T01:49:04.205662Z DEBUG netbaiot_transports::business_rpc::v3: business RPC V3 selected frame stream_id=784 frame_type=Open payload_bytes=158
2026-09-26T01:49:04.209917Z DEBUG netbaiot_transports::business_rpc::v3: business RPC V3 writer completed frame stream_id=784 frame_type=Open payload_bytes=158
2026-09-26T01:49:04.212732Z DEBUG netbaiot_transports::business_rpc::v3: business RPC V3 selected frame stream_id=782 frame_type=Data payload_bytes=198
2026-09-26T01:49:04.216860Z DEBUG netbaiot_transports::business_rpc::v3: business RPC V3 writer completed frame stream_id=782 frame_type=Data payload_bytes=198
2026-09-26T01:49:04.216941Z DEBUG netbaiot_transports::business_rpc::v3: business RPC V3 selected frame stream_id=0 frame_type=WindowUpdate payload_bytes=4
2026-09-26T01:49:04.222840Z DEBUG netbaiot_transports::business_rpc::v3: business RPC V3 writer completed frame stream_id=0 frame_type=WindowUpdate payload_bytes=4
2026-09-26T01:49:04.225695Z DEBUG netbaiot_transports::business_rpc::v3: business RPC V3 selected frame stream_id=786 frame_type=Open payload_bytes=158
2026-09-26T01:49:04.233917Z DEBUG netbaiot_transports::business_rpc::v3: business RPC V3 writer completed frame stream_id=786 frame_type=Open payload_bytes=158
2026-09-26T01:49:04.243055Z DEBUG netbaiot_transports::business_rpc::v3: business RPC V3 selected frame stream_id=788 frame_type=Open payload_bytes=158
2026-09-26T01:49:04.246975Z DEBUG netbaiot_transports::business_rpc::v3: business RPC V3 writer completed frame stream_id=788 frame_type=Open payload_bytes=158
2026-09-26T01:49:04.253963Z DEBUG netbaiot_transports::business_rpc::v3: business RPC V3 selected frame stream_id=784 frame_type=Data payload_bytes=198
2026-09-26T01:49:04.257877Z DEBUG netbaiot_transports::business_rpc::v3: business RPC V3 writer completed frame stream_id=784 frame_type=Data payload_bytes=198
2026-09-26T01:49:04.261915Z DEBUG netbaiot_transports::business_rpc::v3: business RPC V3 selected frame stream_id=786 frame_type=Data payload_bytes=198
2026-09-26T01:49:04.265011Z DEBUG netbaiot_transports::business_rpc::v3: business RPC V3 writer completed frame stream_id=786 frame_type=Data payload_bytes=198
2026-09-26T01:49:04.271098Z DEBUG netbaiot_transports::business_rpc::v3: business RPC V3 selected frame stream_id=788 frame_type=Data payload_bytes=198
2026-09-26T01:49:04.273873Z DEBUG netbaiot_transports::business_rpc::v3: business RPC V3 writer completed frame stream_id=788 frame_type=Data payload_bytes=198
2026-09-26T01:49:04.277943Z DEBUG netbaiot_transports::business_rpc::v3: business RPC V3 received frame stream_id=0 frame_type=WindowUpdate payload_bytes=4
2026-09-26T01:49:04.281996Z DEBUG netbaiot_transports::business_rpc::v3: business RPC V3 received frame stream_id=782 frame_type=Response payload_bytes=35
2026-09-26T01:49:04.282287Z DEBUG netbaiot_transports::business_rpc::v3: business RPC V3 received frame stream_id=782 frame_type=Data payload_bytes=216
2026-09-26T01:49:04.288165Z DEBUG netbaiot_transports::business_rpc::v3: business RPC V3 received frame stream_id=0 frame_type=WindowUpdate payload_bytes=4
2026-09-26T01:49:04.288182Z DEBUG netbaiot_transports::business_rpc::v3: business RPC V3 selected frame stream_id=0 frame_type=WindowUpdate payload_bytes=4
2026-09-26T01:49:04.294881Z DEBUG netbaiot_transports::business_rpc::v3: business RPC V3 received frame stream_id=784 frame_type=Response payload_bytes=35
2026-09-26T01:49:04.298945Z DEBUG netbaiot_transports::business_rpc::v3: business RPC V3 writer completed frame stream_id=0 frame_type=WindowUpdate payload_bytes=4
2026-09-26T01:49:04.301706Z DEBUG netbaiot_transports::business_rpc::v3: business RPC V3 received frame stream_id=784 frame_type=Data payload_bytes=216
2026-09-26T01:49:04.310595Z DEBUG netbaiot_transports::business_rpc::v3: business RPC V3 received frame stream_id=0 frame_type=WindowUpdate payload_bytes=4
2026-09-26T01:49:04.310663Z DEBUG netbaiot_transports::business_rpc::v3: business RPC V3 selected frame stream_id=0 frame_type=WindowUpdate payload_bytes=4
2026-09-26T01:49:04.319888Z DEBUG netbaiot_transports::business_rpc::v3: business RPC V3 received frame stream_id=786 frame_type=Response payload_bytes=35
2026-09-26T01:49:04.326838Z DEBUG netbaiot_transports::business_rpc::v3: business RPC V3 writer completed frame stream_id=0 frame_type=WindowUpdate payload_bytes=4
2026-09-26T01:49:04.330740Z DEBUG netbaiot_transports::business_rpc::v3: business RPC V3 received frame stream_id=786 frame_type=Data payload_bytes=216
2026-09-26T01:49:04.340066Z DEBUG netbaiot_transports::business_rpc::v3: business RPC V3 body entered scheduler stream_id=790 class=Rpc body_bytes=198
2026-09-26T01:49:04.356924Z DEBUG netbaiot_transports::business_rpc::v3: business RPC V3 selected frame stream_id=790 frame_type=Open payload_bytes=158
2026-09-26T01:49:04.352816Z DEBUG netbaiot_transports::business_rpc::v3: business RPC V3 received frame stream_id=0 frame_type=WindowUpdate payload_bytes=4
2026-09-26T01:49:04.359480Z DEBUG netbaiot_transports::business_rpc::v3: business RPC V3 writer completed frame stream_id=790 frame_type=Open payload_bytes=158
2026-09-26T01:49:04.359850Z DEBUG netbaiot_transports::business_rpc::v3: business RPC V3 received frame stream_id=788 frame_type=Response payload_bytes=35
2026-09-26T01:49:04.364652Z DEBUG netbaiot_transports::business_rpc::v3: business RPC V3 body entered scheduler stream_id=792 class=Rpc body_bytes=198
2026-09-26T01:49:04.381000Z DEBUG netbaiot_transports::business_rpc::v3: business RPC V3 selected frame stream_id=0 frame_type=WindowUpdate payload_bytes=4
2026-09-26T01:49:04.372696Z DEBUG netbaiot_transports::business_rpc::v3: business RPC V3 received frame stream_id=788 frame_type=Data payload_bytes=216
2026-09-26T01:49:04.387853Z DEBUG netbaiot_transports::business_rpc::v3: business RPC V3 writer completed frame stream_id=0 frame_type=WindowUpdate payload_bytes=4
2026-09-26T01:49:04.400822Z DEBUG netbaiot_transports::business_rpc::v3: business RPC V3 selected frame stream_id=790 frame_type=Data payload_bytes=198
2026-09-26T01:49:04.405073Z DEBUG netbaiot_transports::business_rpc::v3: business RPC V3 writer completed frame stream_id=790 frame_type=Data payload_bytes=198
2026-09-26T01:49:04.408115Z DEBUG netbaiot_transports::business_rpc::v3: business RPC V3 selected frame stream_id=792 frame_type=Open payload_bytes=158
2026-09-26T01:49:04.392166Z DEBUG netbaiot_transports::business_rpc::v3: business RPC V3 received frame stream_id=0 frame_type=Ping payload_bytes=8
2026-09-26T01:49:04.422076Z DEBUG netbaiot_transports::business_rpc::v3: business RPC V3 received frame stream_id=0 frame_type=WindowUpdate payload_bytes=4
2026-09-26T01:49:04.418134Z DEBUG netbaiot_transports::business_rpc::v3: business RPC V3 writer completed frame stream_id=792 frame_type=Open payload_bytes=158
2026-09-26T01:49:04.425868Z DEBUG netbaiot_transports::business_rpc::v3: business RPC V3 received frame stream_id=790 frame_type=Response payload_bytes=35
2026-09-26T01:49:04.429025Z DEBUG netbaiot_transports::business_rpc::v3: business RPC V3 body entered scheduler stream_id=794 class=Rpc body_bytes=198
2026-09-26T01:49:04.431865Z DEBUG netbaiot_transports::business_rpc::v3: business RPC V3 received frame stream_id=790 frame_type=Data payload_bytes=216
2026-09-26T01:49:04.435843Z DEBUG netbaiot_transports::business_rpc::v3: business RPC V3 selected frame stream_id=0 frame_type=WindowUpdate payload_bytes=4
2026-09-26T01:49:04.439992Z DEBUG netbaiot_transports::business_rpc::v3: business RPC V3 writer completed frame stream_id=0 frame_type=WindowUpdate payload_bytes=4
2026-09-26T01:49:04.443164Z DEBUG netbaiot_transports::business_rpc::v3: business RPC V3 body entered scheduler stream_id=796 class=Rpc body_bytes=198
2026-09-26T01:49:04.447102Z DEBUG netbaiot_transports::business_rpc::v3: business RPC V3 body entered scheduler stream_id=798 class=Rpc body_bytes=198
2026-09-26T01:49:04.457057Z DEBUG netbaiot_transports::business_rpc::v3: business RPC V3 selected frame stream_id=0 frame_type=Pong payload_bytes=8
2026-09-26T01:49:04.461172Z DEBUG netbaiot_transports::business_rpc::v3: business RPC V3 writer completed frame stream_id=0 frame_type=Pong payload_bytes=8
2026-09-26T01:49:04.464517Z DEBUG netbaiot_transports::business_rpc::v3: business RPC V3 selected frame stream_id=794 frame_type=Open payload_bytes=158
2026-09-26T01:49:04.465500Z DEBUG netbaiot_transports::business_rpc::v3: business RPC V3 writer completed frame stream_id=794 frame_type=Open payload_bytes=158
2026-09-26T01:49:04.469139Z DEBUG netbaiot_transports::business_rpc::v3: business RPC V3 selected frame stream_id=792 frame_type=Data payload_bytes=198
2026-09-26T01:49:04.478237Z DEBUG netbaiot_transports::business_rpc::v3: business RPC V3 writer completed frame stream_id=792 frame_type=Data payload_bytes=198
2026-09-26T01:49:04.480705Z DEBUG netbaiot_transports::business_rpc::v3: business RPC V3 selected frame stream_id=0 frame_type=WindowUpdate payload_bytes=4
2026-09-26T01:49:04.485459Z DEBUG netbaiot_transports::business_rpc::v3: business RPC V3 writer completed frame stream_id=0 frame_type=WindowUpdate payload_bytes=4
2026-09-26T01:49:04.486350Z DEBUG netbaiot_transports::business_rpc::v3: business RPC V3 selected frame stream_id=796 frame_type=Open payload_bytes=158
2026-09-26T01:49:04.491431Z DEBUG netbaiot_transports::business_rpc::v3: business RPC V3 writer completed frame stream_id=796 frame_type=Open payload_bytes=158
2026-09-26T01:49:04.497471Z DEBUG netbaiot_transports::business_rpc::v3: business RPC V3 selected frame stream_id=798 frame_type=Open payload_bytes=158
2026-09-26T01:49:04.499644Z DEBUG netbaiot_transports::business_rpc::v3: business RPC V3 writer completed frame stream_id=798 frame_type=Open payload_bytes=158
2026-09-26T01:49:04.504466Z DEBUG netbaiot_transports::business_rpc::v3: business RPC V3 selected frame stream_id=794 frame_type=Data payload_bytes=198
2026-09-26T01:49:04.509560Z DEBUG netbaiot_transports::business_rpc::v3: business RPC V3 writer completed frame stream_id=794 frame_type=Data payload_bytes=198
2026-09-26T01:49:04.512273Z DEBUG netbaiot_transports::business_rpc::v3: business RPC V3 selected frame stream_id=796 frame_type=Data payload_bytes=198
2026-09-26T01:49:04.514229Z DEBUG netbaiot_transports::business_rpc::v3: business RPC V3 writer completed frame stream_id=796 frame_type=Data payload_bytes=198
2026-09-26T01:49:04.521200Z DEBUG netbaiot_transports::business_rpc::v3: business RPC V3 selected frame stream_id=798 frame_type=Data payload_bytes=198
2026-09-26T01:49:04.524960Z DEBUG netbaiot_transports::business_rpc::v3: business RPC V3 writer completed frame stream_id=798 frame_type=Data payload_bytes=198
2026-09-26T01:49:04.531325Z DEBUG netbaiot_transports::business_rpc::v3: business RPC V3 received frame stream_id=0 frame_type=WindowUpdate payload_bytes=4
2026-09-26T01:49:04.534936Z DEBUG netbaiot_transports::business_rpc::v3: business RPC V3 received frame stream_id=792 frame_type=Response payload_bytes=35
2026-09-26T01:49:04.539353Z DEBUG netbaiot_transports::business_rpc::v3: business RPC V3 received frame stream_id=792 frame_type=Data payload_bytes=216
2026-09-26T01:49:04.542098Z DEBUG netbaiot_transports::business_rpc::v3: business RPC V3 received frame stream_id=0 frame_type=WindowUpdate payload_bytes=4
2026-09-26T01:49:04.542118Z DEBUG netbaiot_transports::business_rpc::v3: business RPC V3 body entered scheduler stream_id=800 class=Event body_bytes=17366
2026-09-26T01:49:04.553768Z DEBUG netbaiot_transports::business_rpc::v3: business RPC V3 selected frame stream_id=800 frame_type=Open payload_bytes=184
2026-09-26T01:49:04.551996Z DEBUG netbaiot_transports::business_rpc::v3: business RPC V3 received frame stream_id=794 frame_type=Response payload_bytes=35
2026-09-26T01:49:04.560955Z DEBUG netbaiot_transports::business_rpc::v3: business RPC V3 writer completed frame stream_id=800 frame_type=Open payload_bytes=184
2026-09-26T01:49:04.567173Z DEBUG netbaiot_transports::business_rpc::v3: business RPC V3 selected frame stream_id=0 frame_type=WindowUpdate payload_bytes=4
2026-09-26T01:49:04.563598Z DEBUG netbaiot_transports::business_rpc::v3: business RPC V3 received frame stream_id=794 frame_type=Data payload_bytes=216
2026-09-26T01:49:04.577226Z DEBUG netbaiot_transports::business_rpc::v3: business RPC V3 writer completed frame stream_id=0 frame_type=WindowUpdate payload_bytes=4
2026-09-26T01:49:04.583731Z DEBUG netbaiot_transports::business_rpc::v3: business RPC V3 selected frame stream_id=0 frame_type=WindowUpdate payload_bytes=4
2026-09-26T01:49:04.580904Z DEBUG netbaiot_transports::business_rpc::v3: business RPC V3 received frame stream_id=0 frame_type=WindowUpdate payload_bytes=4
2026-09-26T01:49:04.584041Z DEBUG netbaiot_transports::business_rpc::v3: business RPC V3 writer completed frame stream_id=0 frame_type=WindowUpdate payload_bytes=4
2026-09-26T01:49:04.591912Z DEBUG netbaiot_transports::business_rpc::v3: business RPC V3 received frame stream_id=796 frame_type=Response payload_bytes=35
2026-09-26T01:49:04.597817Z DEBUG netbaiot_transports::business_rpc::v3: business RPC V3 selected frame stream_id=800 frame_type=Data payload_bytes=8192
2026-09-26T01:49:04.599487Z DEBUG netbaiot_transports::business_rpc::v3: business RPC V3 received frame stream_id=796 frame_type=Data payload_bytes=216
2026-09-26T01:49:04.607828Z DEBUG netbaiot_transports::business_rpc::v3: business RPC V3 writer completed frame stream_id=800 frame_type=Data payload_bytes=8192
2026-09-26T01:49:04.617915Z DEBUG netbaiot_transports::business_rpc::v3: business RPC V3 received frame stream_id=0 frame_type=WindowUpdate payload_bytes=4
2026-09-26T01:49:04.620889Z DEBUG netbaiot_transports::business_rpc::v3: business RPC V3 selected frame stream_id=0 frame_type=WindowUpdate payload_bytes=4
2026-09-26T01:49:04.626405Z DEBUG netbaiot_transports::business_rpc::v3: business RPC V3 received frame stream_id=798 frame_type=Response payload_bytes=35
2026-09-26T01:49:04.626891Z DEBUG netbaiot_transports::business_rpc::v3: business RPC V3 writer completed frame stream_id=0 frame_type=WindowUpdate payload_bytes=4
2026-09-26T01:49:04.629775Z DEBUG netbaiot_transports::business_rpc::v3: business RPC V3 received frame stream_id=798 frame_type=Data payload_bytes=216
2026-09-26T01:49:04.632826Z DEBUG netbaiot_transports::business_rpc::v3: business RPC V3 selected frame stream_id=800 frame_type=Data payload_bytes=8192
2026-09-26T01:49:04.635877Z DEBUG netbaiot_transports::business_rpc::v3: business RPC V3 received frame stream_id=0 frame_type=WindowUpdate payload_bytes=4
2026-09-26T01:49:04.635993Z DEBUG netbaiot_transports::business_rpc::v3: business RPC V3 received frame stream_id=800 frame_type=WindowUpdate payload_bytes=4
2026-09-26T01:49:04.636035Z DEBUG netbaiot_transports::business_rpc::v3: business RPC V3 writer completed frame stream_id=800 frame_type=Data payload_bytes=8192
2026-09-26T01:49:04.643710Z DEBUG netbaiot_transports::business_rpc::v3: business RPC V3 selected frame stream_id=0 frame_type=WindowUpdate payload_bytes=4
2026-09-26T01:49:04.639712Z DEBUG netbaiot_transports::business_rpc::v3: business RPC V3 received frame stream_id=0 frame_type=WindowUpdate payload_bytes=4
2026-09-26T01:49:04.647854Z DEBUG netbaiot_transports::business_rpc::v3: business RPC V3 writer completed frame stream_id=0 frame_type=WindowUpdate payload_bytes=4
2026-09-26T01:49:04.649452Z DEBUG netbaiot_transports::business_rpc::v3: business RPC V3 received frame stream_id=800 frame_type=WindowUpdate payload_bytes=4
2026-09-26T01:49:04.652703Z DEBUG netbaiot_transports::business_rpc::v3: business RPC V3 selected frame stream_id=800 frame_type=Data payload_bytes=982
2026-09-26T01:49:04.657186Z DEBUG netbaiot_transports::business_rpc::v3: business RPC V3 received frame stream_id=0 frame_type=GoAway payload_bytes=53
2026-09-26T01:49:04.659860Z DEBUG netbaiot_transports::business_rpc::v3: business RPC V3 writer completed frame stream_id=800 frame_type=Data payload_bytes=982
2026-09-26T01:49:04.663729Z DEBUG netbaiot_transports::business_rpc::v3: business RPC V3 frame read failed error=Io
2026-09-26T01:49:04.670071Z  WARN netbaiot_transports::business_rpc::v3: business RPC V3 connection closed abnormally error=device unavailable
