2026-09-26T01:19:06.332803Z  INFO netbaiot_server: runtime ready device_ingress=127.0.0.1:56589 management_http=127.0.0.1:56590 business_tcp=Some(127.0.0.1:56591)
2026-09-26T01:19:06.753125Z  INFO netbaiot_transports::business_rpc: business RPC socket send buffer send_buffer_bytes=146988
2026-09-26T01:19:06.856269Z DEBUG netbaiot_transports::business_rpc::v3: business RPC V3 received frame stream_id=1 frame_type=Open payload_bytes=43
2026-09-26T01:19:06.856980Z DEBUG netbaiot_transports::business_rpc::v3: business RPC V3 received frame stream_id=3 frame_type=Open payload_bytes=157
2026-09-26T01:19:06.857121Z DEBUG netbaiot_transports::business_rpc::v3: business RPC V3 selected frame stream_id=1 frame_type=Accept payload_bytes=41
2026-09-26T01:19:06.857176Z DEBUG netbaiot_transports::business_rpc::v3: business RPC V3 writer completed frame stream_id=1 frame_type=Accept payload_bytes=41
2026-09-26T01:19:06.857190Z DEBUG netbaiot_transports::business_rpc::v3: business RPC V3 selected frame stream_id=3 frame_type=Accept payload_bytes=45
2026-09-26T01:19:06.857215Z DEBUG netbaiot_transports::business_rpc::v3: business RPC V3 writer completed frame stream_id=3 frame_type=Accept payload_bytes=45
2026-09-26T01:19:06.922294Z DEBUG netbaiot_transports::business_rpc::v3: business RPC V3 received frame stream_id=5 frame_type=Open payload_bytes=147
2026-09-26T01:19:06.922659Z DEBUG netbaiot_transports::business_rpc::v3: business RPC V3 received frame stream_id=5 frame_type=Data payload_bytes=95
2026-09-26T01:19:06.922830Z DEBUG netbaiot_transports::business_rpc::v3: business RPC V3 body entered scheduler stream_id=5 class=Rpc body_bytes=22
2026-09-26T01:19:06.922875Z DEBUG netbaiot_transports::business_rpc::v3: business RPC V3 selected frame stream_id=0 frame_type=WindowUpdate payload_bytes=4
2026-09-26T01:19:06.922959Z DEBUG netbaiot_transports::business_rpc::v3: business RPC V3 writer completed frame stream_id=0 frame_type=WindowUpdate payload_bytes=4
2026-09-26T01:19:06.922982Z DEBUG netbaiot_transports::business_rpc::v3: business RPC V3 selected frame stream_id=5 frame_type=Response payload_bytes=34
2026-09-26T01:19:06.923011Z DEBUG netbaiot_transports::business_rpc::v3: business RPC V3 writer completed frame stream_id=5 frame_type=Response payload_bytes=34
2026-09-26T01:19:06.923024Z DEBUG netbaiot_transports::business_rpc::v3: business RPC V3 selected frame stream_id=5 frame_type=Data payload_bytes=22
2026-09-26T01:19:06.923043Z DEBUG netbaiot_transports::business_rpc::v3: business RPC V3 writer completed frame stream_id=5 frame_type=Data payload_bytes=22
2026-09-26T01:19:06.923070Z DEBUG netbaiot_transports::business_rpc::v3: business RPC V3 selected frame stream_id=0 frame_type=Ping payload_bytes=8
2026-09-26T01:19:06.923128Z DEBUG netbaiot_transports::business_rpc::v3: business RPC V3 writer completed frame stream_id=0 frame_type=Ping payload_bytes=8
2026-09-26T01:19:06.980483Z DEBUG netbaiot_transports::business_rpc::v3: business RPC V3 received frame stream_id=0 frame_type=WindowUpdate payload_bytes=4
2026-09-26T01:19:07.007699Z DEBUG netbaiot_transports::business_rpc::v3: business RPC V3 received frame stream_id=0 frame_type=Pong payload_bytes=8
2026-09-26T01:19:07.034315Z DEBUG netbaiot_transports::business_rpc::v3: business RPC V3 body entered scheduler stream_id=2 class=Rpc body_bytes=200
2026-09-26T01:19:07.034362Z DEBUG netbaiot_transports::business_rpc::v3: business RPC V3 selected frame stream_id=2 frame_type=Open payload_bytes=158
2026-09-26T01:19:07.034404Z DEBUG netbaiot_transports::business_rpc::v3: business RPC V3 writer completed frame stream_id=2 frame_type=Open payload_bytes=158
2026-09-26T01:19:07.034418Z DEBUG netbaiot_transports::business_rpc::v3: business RPC V3 selected frame stream_id=2 frame_type=Data payload_bytes=200
2026-09-26T01:19:07.034433Z DEBUG netbaiot_transports::business_rpc::v3: business RPC V3 writer completed frame stream_id=2 frame_type=Data payload_bytes=200
2026-09-26T01:19:07.129767Z DEBUG netbaiot_transports::business_rpc::v3: business RPC V3 received frame stream_id=0 frame_type=WindowUpdate payload_bytes=4
2026-09-26T01:19:07.164424Z DEBUG netbaiot_transports::business_rpc::v3: business RPC V3 received frame stream_id=2 frame_type=Response payload_bytes=35
2026-09-26T01:19:07.164448Z DEBUG netbaiot_transports::business_rpc::v3: business RPC V3 received frame stream_id=2 frame_type=Data payload_bytes=218
2026-09-26T01:19:07.164768Z DEBUG netbaiot_transports::business_rpc::v3: business RPC V3 selected frame stream_id=0 frame_type=WindowUpdate payload_bytes=4
2026-09-26T01:19:07.164785Z DEBUG netbaiot_transports::business_rpc::v3: business RPC V3 writer completed frame stream_id=0 frame_type=WindowUpdate payload_bytes=4
2026-09-26T01:19:07.165189Z DEBUG netbaiot_transports::business_rpc::v3: business RPC V3 body entered scheduler stream_id=4 class=Rpc body_bytes=196
2026-09-26T01:19:07.165195Z DEBUG netbaiot_transports::business_rpc::v3: business RPC V3 body entered scheduler stream_id=6 class=Rpc body_bytes=196
2026-09-26T01:19:07.165198Z DEBUG netbaiot_transports::business_rpc::v3: business RPC V3 body entered scheduler stream_id=8 class=Rpc body_bytes=196
2026-09-26T01:19:07.165201Z DEBUG netbaiot_transports::business_rpc::v3: business RPC V3 body entered scheduler stream_id=10 class=Rpc body_bytes=196
2026-09-26T01:19:07.165204Z DEBUG netbaiot_transports::business_rpc::v3: business RPC V3 selected frame stream_id=4 frame_type=Open payload_bytes=158
2026-09-26T01:19:07.165211Z DEBUG netbaiot_transports::business_rpc::v3: business RPC V3 writer completed frame stream_id=4 frame_type=Open payload_bytes=158
2026-09-26T01:19:07.165214Z DEBUG netbaiot_transports::business_rpc::v3: business RPC V3 selected frame stream_id=6 frame_type=Open payload_bytes=158
2026-09-26T01:19:07.165218Z DEBUG netbaiot_transports::business_rpc::v3: business RPC V3 writer completed frame stream_id=6 frame_type=Open payload_bytes=158
2026-09-26T01:19:07.165220Z DEBUG netbaiot_transports::business_rpc::v3: business RPC V3 selected frame stream_id=8 frame_type=Open payload_bytes=158
2026-09-26T01:19:07.165224Z DEBUG netbaiot_transports::business_rpc::v3: business RPC V3 writer completed frame stream_id=8 frame_type=Open payload_bytes=158
2026-09-26T01:19:07.165227Z DEBUG netbaiot_transports::business_rpc::v3: business RPC V3 selected frame stream_id=4 frame_type=Data payload_bytes=196
2026-09-26T01:19:07.165231Z DEBUG netbaiot_transports::business_rpc::v3: business RPC V3 writer completed frame stream_id=4 frame_type=Data payload_bytes=196
2026-09-26T01:19:07.165234Z DEBUG netbaiot_transports::business_rpc::v3: business RPC V3 selected frame stream_id=10 frame_type=Open payload_bytes=158
2026-09-26T01:19:07.165243Z DEBUG netbaiot_transports::business_rpc::v3: business RPC V3 writer completed frame stream_id=10 frame_type=Open payload_bytes=158
2026-09-26T01:19:07.165246Z DEBUG netbaiot_transports::business_rpc::v3: business RPC V3 selected frame stream_id=6 frame_type=Data payload_bytes=196
2026-09-26T01:19:07.165250Z DEBUG netbaiot_transports::business_rpc::v3: business RPC V3 writer completed frame stream_id=6 frame_type=Data payload_bytes=196
2026-09-26T01:19:07.165252Z DEBUG netbaiot_transports::business_rpc::v3: business RPC V3 selected frame stream_id=8 frame_type=Data payload_bytes=196
2026-09-26T01:19:07.165255Z DEBUG netbaiot_transports::business_rpc::v3: business RPC V3 writer completed frame stream_id=8 frame_type=Data payload_bytes=196
2026-09-26T01:19:07.165257Z DEBUG netbaiot_transports::business_rpc::v3: business RPC V3 selected frame stream_id=10 frame_type=Data payload_bytes=196
2026-09-26T01:19:07.165265Z DEBUG netbaiot_transports::business_rpc::v3: business RPC V3 writer completed frame stream_id=10 frame_type=Data payload_bytes=196
2026-09-26T01:19:07.166562Z DEBUG netbaiot_transports::business_rpc::v3: business RPC V3 body entered scheduler stream_id=12 class=Event body_bytes=17365
2026-09-26T01:19:07.166572Z DEBUG netbaiot_transports::business_rpc::v3: business RPC V3 selected frame stream_id=12 frame_type=Open payload_bytes=184
2026-09-26T01:19:07.166580Z DEBUG netbaiot_transports::business_rpc::v3: business RPC V3 writer completed frame stream_id=12 frame_type=Open payload_bytes=184
2026-09-26T01:19:07.166594Z DEBUG netbaiot_transports::business_rpc::v3: business RPC V3 selected frame stream_id=12 frame_type=Data payload_bytes=8192
2026-09-26T01:19:07.166599Z DEBUG netbaiot_transports::business_rpc::v3: business RPC V3 writer completed frame stream_id=12 frame_type=Data payload_bytes=8192
2026-09-26T01:19:07.166602Z DEBUG netbaiot_transports::business_rpc::v3: business RPC V3 selected frame stream_id=12 frame_type=Data payload_bytes=8192
2026-09-26T01:19:07.166607Z DEBUG netbaiot_transports::business_rpc::v3: business RPC V3 writer completed frame stream_id=12 frame_type=Data payload_bytes=8192
2026-09-26T01:19:07.166611Z DEBUG netbaiot_transports::business_rpc::v3: business RPC V3 selected frame stream_id=12 frame_type=Data payload_bytes=981
2026-09-26T01:19:07.166617Z DEBUG netbaiot_transports::business_rpc::v3: business RPC V3 writer completed frame stream_id=12 frame_type=Data payload_bytes=981
2026-09-26T01:19:07.780519Z DEBUG netbaiot_transports::business_rpc::v3: business RPC V3 received frame stream_id=0 frame_type=WindowUpdate payload_bytes=4
2026-09-26T01:19:07.780549Z DEBUG netbaiot_transports::business_rpc::v3: business RPC V3 received frame stream_id=0 frame_type=WindowUpdate payload_bytes=4
2026-09-26T01:19:07.780553Z DEBUG netbaiot_transports::business_rpc::v3: business RPC V3 received frame stream_id=0 frame_type=WindowUpdate payload_bytes=4
2026-09-26T01:19:07.780555Z DEBUG netbaiot_transports::business_rpc::v3: business RPC V3 received frame stream_id=0 frame_type=WindowUpdate payload_bytes=4
2026-09-26T01:19:07.780558Z DEBUG netbaiot_transports::business_rpc::v3: business RPC V3 received frame stream_id=0 frame_type=WindowUpdate payload_bytes=4
2026-09-26T01:19:07.780560Z DEBUG netbaiot_transports::business_rpc::v3: business RPC V3 received frame stream_id=12 frame_type=WindowUpdate payload_bytes=4
2026-09-26T01:19:07.780562Z DEBUG netbaiot_transports::business_rpc::v3: business RPC V3 received frame stream_id=10 frame_type=Response payload_bytes=35
2026-09-26T01:19:07.780566Z DEBUG netbaiot_transports::business_rpc::v3: business RPC V3 received frame stream_id=4 frame_type=Response payload_bytes=35
2026-09-26T01:19:07.780568Z DEBUG netbaiot_transports::business_rpc::v3: business RPC V3 received frame stream_id=10 frame_type=Data payload_bytes=214
2026-09-26T01:19:07.780583Z DEBUG netbaiot_transports::business_rpc::v3: business RPC V3 received frame stream_id=4 frame_type=Data payload_bytes=214
2026-09-26T01:19:07.780592Z DEBUG netbaiot_transports::business_rpc::v3: business RPC V3 received frame stream_id=8 frame_type=Response payload_bytes=35
2026-09-26T01:19:07.780593Z DEBUG netbaiot_transports::business_rpc::v3: business RPC V3 selected frame stream_id=0 frame_type=WindowUpdate payload_bytes=4
2026-09-26T01:19:07.780596Z DEBUG netbaiot_transports::business_rpc::v3: business RPC V3 received frame stream_id=8 frame_type=Data payload_bytes=214
2026-09-26T01:19:07.780614Z DEBUG netbaiot_transports::business_rpc::v3: business RPC V3 writer completed frame stream_id=0 frame_type=WindowUpdate payload_bytes=4
2026-09-26T01:19:07.780623Z DEBUG netbaiot_transports::business_rpc::v3: business RPC V3 selected frame stream_id=0 frame_type=WindowUpdate payload_bytes=4
2026-09-26T01:19:07.780630Z DEBUG netbaiot_transports::business_rpc::v3: business RPC V3 writer completed frame stream_id=0 frame_type=WindowUpdate payload_bytes=4
2026-09-26T01:19:07.780633Z DEBUG netbaiot_transports::business_rpc::v3: business RPC V3 selected frame stream_id=0 frame_type=WindowUpdate payload_bytes=4
2026-09-26T01:19:07.780637Z DEBUG netbaiot_transports::business_rpc::v3: business RPC V3 writer completed frame stream_id=0 frame_type=WindowUpdate payload_bytes=4
2026-09-26T01:19:07.780624Z DEBUG netbaiot_transports::business_rpc::v3: business RPC V3 received frame stream_id=6 frame_type=Response payload_bytes=35
2026-09-26T01:19:07.780650Z DEBUG netbaiot_transports::business_rpc::v3: business RPC V3 received frame stream_id=6 frame_type=Data payload_bytes=214
2026-09-26T01:19:07.780680Z DEBUG netbaiot_transports::business_rpc::v3: business RPC V3 selected frame stream_id=0 frame_type=WindowUpdate payload_bytes=4
2026-09-26T01:19:07.780691Z DEBUG netbaiot_transports::business_rpc::v3: business RPC V3 writer completed frame stream_id=0 frame_type=WindowUpdate payload_bytes=4
2026-09-26T01:19:07.781060Z DEBUG netbaiot_transports::business_rpc::v3: business RPC V3 body entered scheduler stream_id=14 class=Rpc body_bytes=196
2026-09-26T01:19:07.781065Z DEBUG netbaiot_transports::business_rpc::v3: business RPC V3 selected frame stream_id=14 frame_type=Open payload_bytes=158
2026-09-26T01:19:07.781072Z DEBUG netbaiot_transports::business_rpc::v3: business RPC V3 writer completed frame stream_id=14 frame_type=Open payload_bytes=158
2026-09-26T01:19:07.781075Z DEBUG netbaiot_transports::business_rpc::v3: business RPC V3 body entered scheduler stream_id=16 class=Rpc body_bytes=196
2026-09-26T01:19:07.781077Z DEBUG netbaiot_transports::business_rpc::v3: business RPC V3 body entered scheduler stream_id=18 class=Rpc body_bytes=196
2026-09-26T01:19:07.781079Z DEBUG netbaiot_transports::business_rpc::v3: business RPC V3 selected frame stream_id=16 frame_type=Open payload_bytes=158
2026-09-26T01:19:07.781083Z DEBUG netbaiot_transports::business_rpc::v3: business RPC V3 writer completed frame stream_id=16 frame_type=Open payload_bytes=158
2026-09-26T01:19:07.781085Z DEBUG netbaiot_transports::business_rpc::v3: business RPC V3 selected frame stream_id=18 frame_type=Open payload_bytes=158
2026-09-26T01:19:07.781090Z DEBUG netbaiot_transports::business_rpc::v3: business RPC V3 writer completed frame stream_id=18 frame_type=Open payload_bytes=158
2026-09-26T01:19:07.781091Z DEBUG netbaiot_transports::business_rpc::v3: business RPC V3 body entered scheduler stream_id=20 class=Rpc body_bytes=196
2026-09-26T01:19:07.781093Z DEBUG netbaiot_transports::business_rpc::v3: business RPC V3 selected frame stream_id=20 frame_type=Open payload_bytes=158
2026-09-26T01:19:07.781096Z DEBUG netbaiot_transports::business_rpc::v3: business RPC V3 writer completed frame stream_id=20 frame_type=Open payload_bytes=158
2026-09-26T01:19:07.781099Z DEBUG netbaiot_transports::business_rpc::v3: business RPC V3 selected frame stream_id=14 frame_type=Data payload_bytes=196
2026-09-26T01:19:07.781103Z DEBUG netbaiot_transports::business_rpc::v3: business RPC V3 writer completed frame stream_id=14 frame_type=Data payload_bytes=196
2026-09-26T01:19:07.781105Z DEBUG netbaiot_transports::business_rpc::v3: business RPC V3 selected frame stream_id=16 frame_type=Data payload_bytes=196
2026-09-26T01:19:07.781110Z DEBUG netbaiot_transports::business_rpc::v3: business RPC V3 writer completed frame stream_id=16 frame_type=Data payload_bytes=196
2026-09-26T01:19:07.781112Z DEBUG netbaiot_transports::business_rpc::v3: business RPC V3 selected frame stream_id=18 frame_type=Data payload_bytes=196
2026-09-26T01:19:07.781118Z DEBUG netbaiot_transports::business_rpc::v3: business RPC V3 writer completed frame stream_id=18 frame_type=Data payload_bytes=196
2026-09-26T01:19:07.781120Z DEBUG netbaiot_transports::business_rpc::v3: business RPC V3 selected frame stream_id=20 frame_type=Data payload_bytes=196
2026-09-26T01:19:07.781125Z DEBUG netbaiot_transports::business_rpc::v3: business RPC V3 writer completed frame stream_id=20 frame_type=Data payload_bytes=196
2026-09-26T01:19:07.855687Z DEBUG netbaiot_transports::business_rpc::v3: business RPC V3 received frame stream_id=0 frame_type=WindowUpdate payload_bytes=4
2026-09-26T01:19:07.855943Z DEBUG netbaiot_transports::business_rpc::v3: business RPC V3 received frame stream_id=12 frame_type=WindowUpdate payload_bytes=4
2026-09-26T01:19:07.855961Z DEBUG netbaiot_transports::business_rpc::v3: business RPC V3 received frame stream_id=0 frame_type=WindowUpdate payload_bytes=4
2026-09-26T01:19:07.889351Z DEBUG netbaiot_transports::business_rpc::v3: business RPC V3 received frame stream_id=12 frame_type=Response payload_bytes=35
2026-09-26T01:19:07.889386Z DEBUG netbaiot_transports::business_rpc::v3: business RPC V3 received frame stream_id=12 frame_type=Data payload_bytes=118
2026-09-26T01:19:07.889429Z DEBUG netbaiot_transports::business_rpc::v3: business RPC V3 Event delivery acknowledged stream_id=12 completion_us=722868
2026-09-26T01:19:07.889451Z DEBUG netbaiot_transports::business_rpc::v3: business RPC V3 selected frame stream_id=0 frame_type=WindowUpdate payload_bytes=4
2026-09-26T01:19:07.889475Z DEBUG netbaiot_transports::business_rpc::v3: business RPC V3 writer completed frame stream_id=0 frame_type=WindowUpdate payload_bytes=4
2026-09-26T01:19:07.943084Z DEBUG netbaiot_transports::business_rpc::v3: business RPC V3 received frame stream_id=0 frame_type=WindowUpdate payload_bytes=4
2026-09-26T01:19:07.943112Z DEBUG netbaiot_transports::business_rpc::v3: business RPC V3 received frame stream_id=0 frame_type=WindowUpdate payload_bytes=4
2026-09-26T01:19:07.943117Z DEBUG netbaiot_transports::business_rpc::v3: business RPC V3 received frame stream_id=0 frame_type=WindowUpdate payload_bytes=4
2026-09-26T01:19:07.943120Z DEBUG netbaiot_transports::business_rpc::v3: business RPC V3 received frame stream_id=0 frame_type=WindowUpdate payload_bytes=4
2026-09-26T01:19:07.943124Z DEBUG netbaiot_transports::business_rpc::v3: business RPC V3 received frame stream_id=20 frame_type=Response payload_bytes=35
2026-09-26T01:19:07.943130Z DEBUG netbaiot_transports::business_rpc::v3: business RPC V3 received frame stream_id=14 frame_type=Response payload_bytes=35
2026-09-26T01:19:07.943134Z DEBUG netbaiot_transports::business_rpc::v3: business RPC V3 received frame stream_id=16 frame_type=Response payload_bytes=35
2026-09-26T01:19:07.943137Z DEBUG netbaiot_transports::business_rpc::v3: business RPC V3 received frame stream_id=18 frame_type=Response payload_bytes=35
2026-09-26T01:19:07.943141Z DEBUG netbaiot_transports::business_rpc::v3: business RPC V3 received frame stream_id=20 frame_type=Data payload_bytes=214
2026-09-26T01:19:07.943170Z DEBUG netbaiot_transports::business_rpc::v3: business RPC V3 selected frame stream_id=0 frame_type=WindowUpdate payload_bytes=4
2026-09-26T01:19:07.943189Z DEBUG netbaiot_transports::business_rpc::v3: business RPC V3 writer completed frame stream_id=0 frame_type=WindowUpdate payload_bytes=4
2026-09-26T01:19:07.943596Z DEBUG netbaiot_transports::business_rpc::v3: business RPC V3 body entered scheduler stream_id=22 class=Rpc body_bytes=196
2026-09-26T01:19:07.943602Z DEBUG netbaiot_transports::business_rpc::v3: business RPC V3 selected frame stream_id=22 frame_type=Open payload_bytes=158
2026-09-26T01:19:07.943610Z DEBUG netbaiot_transports::business_rpc::v3: business RPC V3 writer completed frame stream_id=22 frame_type=Open payload_bytes=158
2026-09-26T01:19:07.943614Z DEBUG netbaiot_transports::business_rpc::v3: business RPC V3 selected frame stream_id=22 frame_type=Data payload_bytes=196
2026-09-26T01:19:07.943619Z DEBUG netbaiot_transports::business_rpc::v3: business RPC V3 writer completed frame stream_id=22 frame_type=Data payload_bytes=196
2026-09-26T01:19:07.989612Z DEBUG netbaiot_transports::business_rpc::v3: business RPC V3 received frame stream_id=14 frame_type=Data payload_bytes=214
2026-09-26T01:19:07.989651Z DEBUG netbaiot_transports::business_rpc::v3: business RPC V3 received frame stream_id=16 frame_type=Data payload_bytes=214
2026-09-26T01:19:07.989662Z DEBUG netbaiot_transports::business_rpc::v3: business RPC V3 selected frame stream_id=0 frame_type=WindowUpdate payload_bytes=4
2026-09-26T01:19:07.989666Z DEBUG netbaiot_transports::business_rpc::v3: business RPC V3 received frame stream_id=18 frame_type=Data payload_bytes=214
2026-09-26T01:19:07.989685Z DEBUG netbaiot_transports::business_rpc::v3: business RPC V3 writer completed frame stream_id=0 frame_type=WindowUpdate payload_bytes=4
2026-09-26T01:19:07.989692Z DEBUG netbaiot_transports::business_rpc::v3: business RPC V3 selected frame stream_id=0 frame_type=WindowUpdate payload_bytes=4
2026-09-26T01:19:07.989698Z DEBUG netbaiot_transports::business_rpc::v3: business RPC V3 writer completed frame stream_id=0 frame_type=WindowUpdate payload_bytes=4
2026-09-26T01:19:07.989711Z DEBUG netbaiot_transports::business_rpc::v3: business RPC V3 selected frame stream_id=0 frame_type=WindowUpdate payload_bytes=4
2026-09-26T01:19:07.989717Z DEBUG netbaiot_transports::business_rpc::v3: business RPC V3 writer completed frame stream_id=0 frame_type=WindowUpdate payload_bytes=4
2026-09-26T01:19:07.990125Z DEBUG netbaiot_transports::business_rpc::v3: business RPC V3 body entered scheduler stream_id=24 class=Rpc body_bytes=197
2026-09-26T01:19:07.990133Z DEBUG netbaiot_transports::business_rpc::v3: business RPC V3 body entered scheduler stream_id=26 class=Rpc body_bytes=197
2026-09-26T01:19:07.990137Z DEBUG netbaiot_transports::business_rpc::v3: business RPC V3 selected frame stream_id=24 frame_type=Open payload_bytes=158
2026-09-26T01:19:07.990146Z DEBUG netbaiot_transports::business_rpc::v3: business RPC V3 writer completed frame stream_id=24 frame_type=Open payload_bytes=158
2026-09-26T01:19:07.990151Z DEBUG netbaiot_transports::business_rpc::v3: business RPC V3 body entered scheduler stream_id=28 class=Rpc body_bytes=196
2026-09-26T01:19:07.990155Z DEBUG netbaiot_transports::business_rpc::v3: business RPC V3 selected frame stream_id=24 frame_type=Data payload_bytes=197
2026-09-26T01:19:07.990160Z DEBUG netbaiot_transports::business_rpc::v3: business RPC V3 writer completed frame stream_id=24 frame_type=Data payload_bytes=197
2026-09-26T01:19:07.990164Z DEBUG netbaiot_transports::business_rpc::v3: business RPC V3 selected frame stream_id=26 frame_type=Open payload_bytes=158
2026-09-26T01:19:07.990168Z DEBUG netbaiot_transports::business_rpc::v3: business RPC V3 writer completed frame stream_id=26 frame_type=Open payload_bytes=158
2026-09-26T01:19:07.990171Z DEBUG netbaiot_transports::business_rpc::v3: business RPC V3 selected frame stream_id=28 frame_type=Open payload_bytes=158
2026-09-26T01:19:07.990176Z DEBUG netbaiot_transports::business_rpc::v3: business RPC V3 writer completed frame stream_id=28 frame_type=Open payload_bytes=158
2026-09-26T01:19:07.990179Z DEBUG netbaiot_transports::business_rpc::v3: business RPC V3 selected frame stream_id=26 frame_type=Data payload_bytes=197
2026-09-26T01:19:07.990183Z DEBUG netbaiot_transports::business_rpc::v3: business RPC V3 writer completed frame stream_id=26 frame_type=Data payload_bytes=197
2026-09-26T01:19:07.990187Z DEBUG netbaiot_transports::business_rpc::v3: business RPC V3 selected frame stream_id=28 frame_type=Data payload_bytes=196
2026-09-26T01:19:07.990195Z DEBUG netbaiot_transports::business_rpc::v3: business RPC V3 writer completed frame stream_id=28 frame_type=Data payload_bytes=196
2026-09-26T01:19:08.069650Z DEBUG netbaiot_transports::business_rpc::v3: business RPC V3 received frame stream_id=0 frame_type=WindowUpdate payload_bytes=4
2026-09-26T01:19:08.069694Z DEBUG netbaiot_transports::business_rpc::v3: business RPC V3 received frame stream_id=22 frame_type=Response payload_bytes=35
2026-09-26T01:19:08.069709Z DEBUG netbaiot_transports::business_rpc::v3: business RPC V3 received frame stream_id=22 frame_type=Data payload_bytes=214
2026-09-26T01:19:08.069758Z DEBUG netbaiot_transports::business_rpc::v3: business RPC V3 selected frame stream_id=0 frame_type=WindowUpdate payload_bytes=4
2026-09-26T01:19:08.069781Z DEBUG netbaiot_transports::business_rpc::v3: business RPC V3 writer completed frame stream_id=0 frame_type=WindowUpdate payload_bytes=4
2026-09-26T01:19:08.070246Z DEBUG netbaiot_transports::business_rpc::v3: business RPC V3 body entered scheduler stream_id=30 class=Rpc body_bytes=197
2026-09-26T01:19:08.070265Z DEBUG netbaiot_transports::business_rpc::v3: business RPC V3 selected frame stream_id=30 frame_type=Open payload_bytes=158
2026-09-26T01:19:08.070284Z DEBUG netbaiot_transports::business_rpc::v3: business RPC V3 writer completed frame stream_id=30 frame_type=Open payload_bytes=158
2026-09-26T01:19:08.070293Z DEBUG netbaiot_transports::business_rpc::v3: business RPC V3 selected frame stream_id=30 frame_type=Data payload_bytes=197
2026-09-26T01:19:08.070302Z DEBUG netbaiot_transports::business_rpc::v3: business RPC V3 writer completed frame stream_id=30 frame_type=Data payload_bytes=197
2026-09-26T01:19:08.148717Z DEBUG netbaiot_transports::business_rpc::v3: business RPC V3 received frame stream_id=0 frame_type=WindowUpdate payload_bytes=4
2026-09-26T01:19:08.148768Z DEBUG netbaiot_transports::business_rpc::v3: business RPC V3 received frame stream_id=0 frame_type=WindowUpdate payload_bytes=4
2026-09-26T01:19:08.148783Z DEBUG netbaiot_transports::business_rpc::v3: business RPC V3 received frame stream_id=0 frame_type=WindowUpdate payload_bytes=4
2026-09-26T01:19:08.148791Z DEBUG netbaiot_transports::business_rpc::v3: business RPC V3 received frame stream_id=28 frame_type=Response payload_bytes=35
2026-09-26T01:19:08.148802Z DEBUG netbaiot_transports::business_rpc::v3: business RPC V3 received frame stream_id=28 frame_type=Data payload_bytes=214
2026-09-26T01:19:08.148834Z DEBUG netbaiot_transports::business_rpc::v3: business RPC V3 received frame stream_id=24 frame_type=Response payload_bytes=35
2026-09-26T01:19:08.148846Z DEBUG netbaiot_transports::business_rpc::v3: business RPC V3 received frame stream_id=26 frame_type=Response payload_bytes=35
2026-09-26T01:19:08.148848Z DEBUG netbaiot_transports::business_rpc::v3: business RPC V3 selected frame stream_id=0 frame_type=WindowUpdate payload_bytes=4
2026-09-26T01:19:08.148857Z DEBUG netbaiot_transports::business_rpc::v3: business RPC V3 received frame stream_id=24 frame_type=Data payload_bytes=215
2026-09-26T01:19:08.148890Z DEBUG netbaiot_transports::business_rpc::v3: business RPC V3 writer completed frame stream_id=0 frame_type=WindowUpdate payload_bytes=4
2026-09-26T01:19:08.148901Z DEBUG netbaiot_transports::business_rpc::v3: business RPC V3 selected frame stream_id=0 frame_type=WindowUpdate payload_bytes=4
2026-09-26T01:19:08.148913Z DEBUG netbaiot_transports::business_rpc::v3: business RPC V3 writer completed frame stream_id=0 frame_type=WindowUpdate payload_bytes=4
2026-09-26T01:19:08.148922Z DEBUG netbaiot_transports::business_rpc::v3: business RPC V3 received frame stream_id=26 frame_type=Data payload_bytes=215
2026-09-26T01:19:08.148966Z DEBUG netbaiot_transports::business_rpc::v3: business RPC V3 selected frame stream_id=0 frame_type=WindowUpdate payload_bytes=4
2026-09-26T01:19:08.148985Z DEBUG netbaiot_transports::business_rpc::v3: business RPC V3 writer completed frame stream_id=0 frame_type=WindowUpdate payload_bytes=4
2026-09-26T01:19:08.149489Z DEBUG netbaiot_transports::business_rpc::v3: business RPC V3 body entered scheduler stream_id=32 class=Rpc body_bytes=197
2026-09-26T01:19:08.149527Z DEBUG netbaiot_transports::business_rpc::v3: business RPC V3 body entered scheduler stream_id=34 class=Rpc body_bytes=197
2026-09-26T01:19:08.149538Z DEBUG netbaiot_transports::business_rpc::v3: business RPC V3 body entered scheduler stream_id=36 class=Rpc body_bytes=197
2026-09-26T01:19:08.149546Z DEBUG netbaiot_transports::business_rpc::v3: business RPC V3 selected frame stream_id=32 frame_type=Open payload_bytes=158
2026-09-26T01:19:08.149567Z DEBUG netbaiot_transports::business_rpc::v3: business RPC V3 writer completed frame stream_id=32 frame_type=Open payload_bytes=158
2026-09-26T01:19:08.149580Z DEBUG netbaiot_transports::business_rpc::v3: business RPC V3 selected frame stream_id=32 frame_type=Data payload_bytes=197
2026-09-26T01:19:08.149595Z DEBUG netbaiot_transports::business_rpc::v3: business RPC V3 writer completed frame stream_id=32 frame_type=Data payload_bytes=197
2026-09-26T01:19:08.149606Z DEBUG netbaiot_transports::business_rpc::v3: business RPC V3 selected frame stream_id=34 frame_type=Open payload_bytes=158
2026-09-26T01:19:08.149619Z DEBUG netbaiot_transports::business_rpc::v3: business RPC V3 writer completed frame stream_id=34 frame_type=Open payload_bytes=158
2026-09-26T01:19:08.149628Z DEBUG netbaiot_transports::business_rpc::v3: business RPC V3 selected frame stream_id=36 frame_type=Open payload_bytes=158
2026-09-26T01:19:08.149640Z DEBUG netbaiot_transports::business_rpc::v3: business RPC V3 writer completed frame stream_id=36 frame_type=Open payload_bytes=158
2026-09-26T01:19:08.149677Z DEBUG netbaiot_transports::business_rpc::v3: business RPC V3 selected frame stream_id=34 frame_type=Data payload_bytes=197
2026-09-26T01:19:08.149689Z DEBUG netbaiot_transports::business_rpc::v3: business RPC V3 writer completed frame stream_id=34 frame_type=Data payload_bytes=197
2026-09-26T01:19:08.149699Z DEBUG netbaiot_transports::business_rpc::v3: business RPC V3 selected frame stream_id=36 frame_type=Data payload_bytes=197
2026-09-26T01:19:08.149711Z DEBUG netbaiot_transports::business_rpc::v3: business RPC V3 writer completed frame stream_id=36 frame_type=Data payload_bytes=197
2026-09-26T01:19:08.168509Z DEBUG netbaiot_transports::business_rpc::v3: business RPC V3 body entered scheduler stream_id=38 class=Event body_bytes=17365
2026-09-26T01:19:08.168580Z DEBUG netbaiot_transports::business_rpc::v3: business RPC V3 selected frame stream_id=38 frame_type=Open payload_bytes=184
2026-09-26T01:19:08.168633Z DEBUG netbaiot_transports::business_rpc::v3: business RPC V3 writer completed frame stream_id=38 frame_type=Open payload_bytes=184
2026-09-26T01:19:08.168660Z DEBUG netbaiot_transports::business_rpc::v3: business RPC V3 selected frame stream_id=38 frame_type=Data payload_bytes=8192
2026-09-26T01:19:08.168687Z DEBUG netbaiot_transports::business_rpc::v3: business RPC V3 writer completed frame stream_id=38 frame_type=Data payload_bytes=8192
2026-09-26T01:19:08.168704Z DEBUG netbaiot_transports::business_rpc::v3: business RPC V3 selected frame stream_id=38 frame_type=Data payload_bytes=8192
2026-09-26T01:19:08.168740Z DEBUG netbaiot_transports::business_rpc::v3: business RPC V3 writer completed frame stream_id=38 frame_type=Data payload_bytes=8192
2026-09-26T01:19:08.168758Z DEBUG netbaiot_transports::business_rpc::v3: business RPC V3 selected frame stream_id=38 frame_type=Data payload_bytes=981
2026-09-26T01:19:08.168778Z DEBUG netbaiot_transports::business_rpc::v3: business RPC V3 writer completed frame stream_id=38 frame_type=Data payload_bytes=981
2026-09-26T01:19:08.183692Z DEBUG netbaiot_transports::business_rpc::v3: business RPC V3 received frame stream_id=0 frame_type=WindowUpdate payload_bytes=4
2026-09-26T01:19:08.183758Z DEBUG netbaiot_transports::business_rpc::v3: business RPC V3 received frame stream_id=30 frame_type=Response payload_bytes=35
2026-09-26T01:19:08.183784Z DEBUG netbaiot_transports::business_rpc::v3: business RPC V3 received frame stream_id=30 frame_type=Data payload_bytes=215
2026-09-26T01:19:08.183852Z DEBUG netbaiot_transports::business_rpc::v3: business RPC V3 selected frame stream_id=0 frame_type=WindowUpdate payload_bytes=4
2026-09-26T01:19:08.183914Z DEBUG netbaiot_transports::business_rpc::v3: business RPC V3 writer completed frame stream_id=0 frame_type=WindowUpdate payload_bytes=4
2026-09-26T01:19:08.184506Z DEBUG netbaiot_transports::business_rpc::v3: business RPC V3 body entered scheduler stream_id=40 class=Rpc body_bytes=197
2026-09-26T01:19:08.184537Z DEBUG netbaiot_transports::business_rpc::v3: business RPC V3 selected frame stream_id=40 frame_type=Open payload_bytes=158
2026-09-26T01:19:08.184569Z DEBUG netbaiot_transports::business_rpc::v3: business RPC V3 writer completed frame stream_id=40 frame_type=Open payload_bytes=158
2026-09-26T01:19:08.184587Z DEBUG netbaiot_transports::business_rpc::v3: business RPC V3 selected frame stream_id=40 frame_type=Data payload_bytes=197
2026-09-26T01:19:08.184606Z DEBUG netbaiot_transports::business_rpc::v3: business RPC V3 writer completed frame stream_id=40 frame_type=Data payload_bytes=197
2026-09-26T01:19:08.756569Z DEBUG netbaiot_transports::business_rpc::v3: business RPC V3 received frame stream_id=0 frame_type=WindowUpdate payload_bytes=4
2026-09-26T01:19:08.756592Z DEBUG netbaiot_transports::business_rpc::v3: business RPC V3 received frame stream_id=0 frame_type=WindowUpdate payload_bytes=4
2026-09-26T01:19:08.756598Z DEBUG netbaiot_transports::business_rpc::v3: business RPC V3 received frame stream_id=0 frame_type=WindowUpdate payload_bytes=4
2026-09-26T01:19:08.756614Z DEBUG netbaiot_transports::business_rpc::v3: business RPC V3 received frame stream_id=0 frame_type=WindowUpdate payload_bytes=4
2026-09-26T01:19:08.756618Z DEBUG netbaiot_transports::business_rpc::v3: business RPC V3 received frame stream_id=38 frame_type=WindowUpdate payload_bytes=4
2026-09-26T01:19:08.756622Z DEBUG netbaiot_transports::business_rpc::v3: business RPC V3 received frame stream_id=36 frame_type=Response payload_bytes=35
2026-09-26T01:19:08.756628Z DEBUG netbaiot_transports::business_rpc::v3: business RPC V3 received frame stream_id=32 frame_type=Response payload_bytes=35
2026-09-26T01:19:08.756632Z DEBUG netbaiot_transports::business_rpc::v3: business RPC V3 received frame stream_id=34 frame_type=Response payload_bytes=35
2026-09-26T01:19:08.756635Z DEBUG netbaiot_transports::business_rpc::v3: business RPC V3 received frame stream_id=36 frame_type=Data payload_bytes=215
2026-09-26T01:19:08.756657Z DEBUG netbaiot_transports::business_rpc::v3: business RPC V3 received frame stream_id=32 frame_type=Data payload_bytes=215
2026-09-26T01:19:08.756667Z DEBUG netbaiot_transports::business_rpc::v3: business RPC V3 received frame stream_id=34 frame_type=Data payload_bytes=215
2026-09-26T01:19:08.756668Z DEBUG netbaiot_transports::business_rpc::v3: business RPC V3 selected frame stream_id=0 frame_type=WindowUpdate payload_bytes=4
2026-09-26T01:19:08.756688Z DEBUG netbaiot_transports::business_rpc::v3: business RPC V3 writer completed frame stream_id=0 frame_type=WindowUpdate payload_bytes=4
2026-09-26T01:19:08.756695Z DEBUG netbaiot_transports::business_rpc::v3: business RPC V3 selected frame stream_id=0 frame_type=WindowUpdate payload_bytes=4
2026-09-26T01:19:08.756701Z DEBUG netbaiot_transports::business_rpc::v3: business RPC V3 writer completed frame stream_id=0 frame_type=WindowUpdate payload_bytes=4
2026-09-26T01:19:08.756705Z DEBUG netbaiot_transports::business_rpc::v3: business RPC V3 selected frame stream_id=0 frame_type=WindowUpdate payload_bytes=4
2026-09-26T01:19:08.756710Z DEBUG netbaiot_transports::business_rpc::v3: business RPC V3 writer completed frame stream_id=0 frame_type=WindowUpdate payload_bytes=4
2026-09-26T01:19:08.757117Z DEBUG netbaiot_transports::business_rpc::v3: business RPC V3 body entered scheduler stream_id=42 class=Rpc body_bytes=197
2026-09-26T01:19:08.757124Z DEBUG netbaiot_transports::business_rpc::v3: business RPC V3 body entered scheduler stream_id=44 class=Rpc body_bytes=197
2026-09-26T01:19:08.757128Z DEBUG netbaiot_transports::business_rpc::v3: business RPC V3 body entered scheduler stream_id=46 class=Rpc body_bytes=197
2026-09-26T01:19:08.757131Z DEBUG netbaiot_transports::business_rpc::v3: business RPC V3 selected frame stream_id=42 frame_type=Open payload_bytes=158
2026-09-26T01:19:08.757140Z DEBUG netbaiot_transports::business_rpc::v3: business RPC V3 writer completed frame stream_id=42 frame_type=Open payload_bytes=158
2026-09-26T01:19:08.757144Z DEBUG netbaiot_transports::business_rpc::v3: business RPC V3 selected frame stream_id=42 frame_type=Data payload_bytes=197
2026-09-26T01:19:08.757148Z DEBUG netbaiot_transports::business_rpc::v3: business RPC V3 writer completed frame stream_id=42 frame_type=Data payload_bytes=197
2026-09-26T01:19:08.757152Z DEBUG netbaiot_transports::business_rpc::v3: business RPC V3 selected frame stream_id=44 frame_type=Open payload_bytes=158
2026-09-26T01:19:08.757157Z DEBUG netbaiot_transports::business_rpc::v3: business RPC V3 writer completed frame stream_id=44 frame_type=Open payload_bytes=158
2026-09-26T01:19:08.757160Z DEBUG netbaiot_transports::business_rpc::v3: business RPC V3 selected frame stream_id=46 frame_type=Open payload_bytes=158
2026-09-26T01:19:08.757167Z DEBUG netbaiot_transports::business_rpc::v3: business RPC V3 writer completed frame stream_id=46 frame_type=Open payload_bytes=158
2026-09-26T01:19:08.757170Z DEBUG netbaiot_transports::business_rpc::v3: business RPC V3 selected frame stream_id=44 frame_type=Data payload_bytes=197
2026-09-26T01:19:08.757179Z DEBUG netbaiot_transports::business_rpc::v3: business RPC V3 writer completed frame stream_id=44 frame_type=Data payload_bytes=197
2026-09-26T01:19:08.757187Z DEBUG netbaiot_transports::business_rpc::v3: business RPC V3 selected frame stream_id=46 frame_type=Data payload_bytes=197
2026-09-26T01:19:08.757195Z DEBUG netbaiot_transports::business_rpc::v3: business RPC V3 writer completed frame stream_id=46 frame_type=Data payload_bytes=197
2026-09-26T01:19:08.850778Z DEBUG netbaiot_transports::business_rpc::v3: business RPC V3 received frame stream_id=0 frame_type=WindowUpdate payload_bytes=4
2026-09-26T01:19:08.850804Z DEBUG netbaiot_transports::business_rpc::v3: business RPC V3 received frame stream_id=38 frame_type=WindowUpdate payload_bytes=4
2026-09-26T01:19:08.850811Z DEBUG netbaiot_transports::business_rpc::v3: business RPC V3 received frame stream_id=0 frame_type=WindowUpdate payload_bytes=4
2026-09-26T01:19:08.850818Z DEBUG netbaiot_transports::business_rpc::v3: business RPC V3 received frame stream_id=0 frame_type=WindowUpdate payload_bytes=4
2026-09-26T01:19:08.850823Z DEBUG netbaiot_transports::business_rpc::v3: business RPC V3 received frame stream_id=40 frame_type=Response payload_bytes=35
2026-09-26T01:19:08.850832Z DEBUG netbaiot_transports::business_rpc::v3: business RPC V3 received frame stream_id=40 frame_type=Data payload_bytes=215
2026-09-26T01:19:08.850873Z DEBUG netbaiot_transports::business_rpc::v3: business RPC V3 selected frame stream_id=0 frame_type=WindowUpdate payload_bytes=4
2026-09-26T01:19:08.850897Z DEBUG netbaiot_transports::business_rpc::v3: business RPC V3 writer completed frame stream_id=0 frame_type=WindowUpdate payload_bytes=4
2026-09-26T01:19:08.851285Z DEBUG netbaiot_transports::business_rpc::v3: business RPC V3 body entered scheduler stream_id=48 class=Rpc body_bytes=197
2026-09-26T01:19:08.851296Z DEBUG netbaiot_transports::business_rpc::v3: business RPC V3 selected frame stream_id=48 frame_type=Open payload_bytes=158
2026-09-26T01:19:08.851309Z DEBUG netbaiot_transports::business_rpc::v3: business RPC V3 writer completed frame stream_id=48 frame_type=Open payload_bytes=158
2026-09-26T01:19:08.851315Z DEBUG netbaiot_transports::business_rpc::v3: business RPC V3 selected frame stream_id=48 frame_type=Data payload_bytes=197
2026-09-26T01:19:08.851324Z DEBUG netbaiot_transports::business_rpc::v3: business RPC V3 writer completed frame stream_id=48 frame_type=Data payload_bytes=197
2026-09-26T01:19:08.881909Z DEBUG netbaiot_transports::business_rpc::v3: business RPC V3 received frame stream_id=38 frame_type=Response payload_bytes=35
2026-09-26T01:19:08.881934Z DEBUG netbaiot_transports::business_rpc::v3: business RPC V3 received frame stream_id=38 frame_type=Data payload_bytes=118
2026-09-26T01:19:08.881944Z DEBUG netbaiot_transports::business_rpc::v3: business RPC V3 Event delivery acknowledged stream_id=38 completion_us=713454
2026-09-26T01:19:08.881963Z DEBUG netbaiot_transports::business_rpc::v3: business RPC V3 selected frame stream_id=0 frame_type=WindowUpdate payload_bytes=4
2026-09-26T01:19:08.881985Z DEBUG netbaiot_transports::business_rpc::v3: business RPC V3 writer completed frame stream_id=0 frame_type=WindowUpdate payload_bytes=4
2026-09-26T01:19:08.934636Z DEBUG netbaiot_transports::business_rpc::v3: business RPC V3 received frame stream_id=0 frame_type=WindowUpdate payload_bytes=4
2026-09-26T01:19:08.934658Z DEBUG netbaiot_transports::business_rpc::v3: business RPC V3 received frame stream_id=0 frame_type=WindowUpdate payload_bytes=4
2026-09-26T01:19:08.934662Z DEBUG netbaiot_transports::business_rpc::v3: business RPC V3 received frame stream_id=0 frame_type=WindowUpdate payload_bytes=4
2026-09-26T01:19:08.934666Z DEBUG netbaiot_transports::business_rpc::v3: business RPC V3 received frame stream_id=42 frame_type=Response payload_bytes=35
2026-09-26T01:19:08.934672Z DEBUG netbaiot_transports::business_rpc::v3: business RPC V3 received frame stream_id=42 frame_type=Data payload_bytes=215
2026-09-26T01:19:08.934690Z DEBUG netbaiot_transports::business_rpc::v3: business RPC V3 received frame stream_id=44 frame_type=Response payload_bytes=35
2026-09-26T01:19:08.934707Z DEBUG netbaiot_transports::business_rpc::v3: business RPC V3 received frame stream_id=46 frame_type=Response payload_bytes=35
2026-09-26T01:19:08.934712Z DEBUG netbaiot_transports::business_rpc::v3: business RPC V3 received frame stream_id=44 frame_type=Data payload_bytes=215
2026-09-26T01:19:08.934699Z DEBUG netbaiot_transports::business_rpc::v3: business RPC V3 selected frame stream_id=0 frame_type=WindowUpdate payload_bytes=4
2026-09-26T01:19:08.934719Z DEBUG netbaiot_transports::business_rpc::v3: business RPC V3 received frame stream_id=46 frame_type=Data payload_bytes=215
2026-09-26T01:19:08.934734Z DEBUG netbaiot_transports::business_rpc::v3: business RPC V3 writer completed frame stream_id=0 frame_type=WindowUpdate payload_bytes=4
2026-09-26T01:19:08.934745Z DEBUG netbaiot_transports::business_rpc::v3: business RPC V3 selected frame stream_id=0 frame_type=WindowUpdate payload_bytes=4
2026-09-26T01:19:08.934750Z DEBUG netbaiot_transports::business_rpc::v3: business RPC V3 writer completed frame stream_id=0 frame_type=WindowUpdate payload_bytes=4
2026-09-26T01:19:08.934752Z DEBUG netbaiot_transports::business_rpc::v3: business RPC V3 selected frame stream_id=0 frame_type=WindowUpdate payload_bytes=4
2026-09-26T01:19:08.934756Z DEBUG netbaiot_transports::business_rpc::v3: business RPC V3 writer completed frame stream_id=0 frame_type=WindowUpdate payload_bytes=4
2026-09-26T01:19:08.935097Z DEBUG netbaiot_transports::business_rpc::v3: business RPC V3 body entered scheduler stream_id=50 class=Rpc body_bytes=197
2026-09-26T01:19:08.935102Z DEBUG netbaiot_transports::business_rpc::v3: business RPC V3 body entered scheduler stream_id=52 class=Rpc body_bytes=197
2026-09-26T01:19:08.935105Z DEBUG netbaiot_transports::business_rpc::v3: business RPC V3 selected frame stream_id=50 frame_type=Open payload_bytes=158
2026-09-26T01:19:08.935111Z DEBUG netbaiot_transports::business_rpc::v3: business RPC V3 writer completed frame stream_id=50 frame_type=Open payload_bytes=158
2026-09-26T01:19:08.935114Z DEBUG netbaiot_transports::business_rpc::v3: business RPC V3 body entered scheduler stream_id=54 class=Rpc body_bytes=197
2026-09-26T01:19:08.935116Z DEBUG netbaiot_transports::business_rpc::v3: business RPC V3 selected frame stream_id=52 frame_type=Open payload_bytes=158
2026-09-26T01:19:08.935119Z DEBUG netbaiot_transports::business_rpc::v3: business RPC V3 writer completed frame stream_id=52 frame_type=Open payload_bytes=158
2026-09-26T01:19:08.935121Z DEBUG netbaiot_transports::business_rpc::v3: business RPC V3 selected frame stream_id=54 frame_type=Open payload_bytes=158
2026-09-26T01:19:08.935124Z DEBUG netbaiot_transports::business_rpc::v3: business RPC V3 writer completed frame stream_id=54 frame_type=Open payload_bytes=158
2026-09-26T01:19:08.935126Z DEBUG netbaiot_transports::business_rpc::v3: business RPC V3 selected frame stream_id=50 frame_type=Data payload_bytes=197
2026-09-26T01:19:08.935129Z DEBUG netbaiot_transports::business_rpc::v3: business RPC V3 writer completed frame stream_id=50 frame_type=Data payload_bytes=197
2026-09-26T01:19:08.935131Z DEBUG netbaiot_transports::business_rpc::v3: business RPC V3 selected frame stream_id=52 frame_type=Data payload_bytes=197
2026-09-26T01:19:08.935134Z DEBUG netbaiot_transports::business_rpc::v3: business RPC V3 writer completed frame stream_id=52 frame_type=Data payload_bytes=197
2026-09-26T01:19:08.935136Z DEBUG netbaiot_transports::business_rpc::v3: business RPC V3 selected frame stream_id=54 frame_type=Data payload_bytes=197
2026-09-26T01:19:08.935138Z DEBUG netbaiot_transports::business_rpc::v3: business RPC V3 writer completed frame stream_id=54 frame_type=Data payload_bytes=197
2026-09-26T01:19:08.969658Z DEBUG netbaiot_transports::business_rpc::v3: business RPC V3 received frame stream_id=0 frame_type=WindowUpdate payload_bytes=4
2026-09-26T01:19:08.969675Z DEBUG netbaiot_transports::business_rpc::v3: business RPC V3 received frame stream_id=48 frame_type=Response payload_bytes=35
2026-09-26T01:19:08.969680Z DEBUG netbaiot_transports::business_rpc::v3: business RPC V3 received frame stream_id=48 frame_type=Data payload_bytes=215
2026-09-26T01:19:08.969715Z DEBUG netbaiot_transports::business_rpc::v3: business RPC V3 selected frame stream_id=0 frame_type=WindowUpdate payload_bytes=4
2026-09-26T01:19:08.969729Z DEBUG netbaiot_transports::business_rpc::v3: business RPC V3 writer completed frame stream_id=0 frame_type=WindowUpdate payload_bytes=4
2026-09-26T01:19:08.969979Z DEBUG netbaiot_transports::business_rpc::v3: business RPC V3 body entered scheduler stream_id=56 class=Rpc body_bytes=197
2026-09-26T01:19:08.969983Z DEBUG netbaiot_transports::business_rpc::v3: business RPC V3 selected frame stream_id=56 frame_type=Open payload_bytes=158
2026-09-26T01:19:08.969989Z DEBUG netbaiot_transports::business_rpc::v3: business RPC V3 writer completed frame stream_id=56 frame_type=Open payload_bytes=158
2026-09-26T01:19:08.969992Z DEBUG netbaiot_transports::business_rpc::v3: business RPC V3 selected frame stream_id=56 frame_type=Data payload_bytes=197
2026-09-26T01:19:08.969995Z DEBUG netbaiot_transports::business_rpc::v3: business RPC V3 writer completed frame stream_id=56 frame_type=Data payload_bytes=197
2026-09-26T01:19:09.083354Z DEBUG netbaiot_transports::business_rpc::v3: business RPC V3 received frame stream_id=0 frame_type=WindowUpdate payload_bytes=4
2026-09-26T01:19:09.083374Z DEBUG netbaiot_transports::business_rpc::v3: business RPC V3 received frame stream_id=0 frame_type=WindowUpdate payload_bytes=4
2026-09-26T01:19:09.083378Z DEBUG netbaiot_transports::business_rpc::v3: business RPC V3 received frame stream_id=0 frame_type=WindowUpdate payload_bytes=4
2026-09-26T01:19:09.083381Z DEBUG netbaiot_transports::business_rpc::v3: business RPC V3 received frame stream_id=54 frame_type=Response payload_bytes=35
2026-09-26T01:19:09.083387Z DEBUG netbaiot_transports::business_rpc::v3: business RPC V3 received frame stream_id=54 frame_type=Data payload_bytes=215
2026-09-26T01:19:09.083404Z DEBUG netbaiot_transports::business_rpc::v3: business RPC V3 received frame stream_id=50 frame_type=Response payload_bytes=35
2026-09-26T01:19:09.083410Z DEBUG netbaiot_transports::business_rpc::v3: business RPC V3 received frame stream_id=52 frame_type=Response payload_bytes=35
2026-09-26T01:19:09.083413Z DEBUG netbaiot_transports::business_rpc::v3: business RPC V3 received frame stream_id=50 frame_type=Data payload_bytes=215
2026-09-26T01:19:09.083415Z DEBUG netbaiot_transports::business_rpc::v3: business RPC V3 selected frame stream_id=0 frame_type=WindowUpdate payload_bytes=4
2026-09-26T01:19:09.083423Z DEBUG netbaiot_transports::business_rpc::v3: business RPC V3 received frame stream_id=52 frame_type=Data payload_bytes=215
2026-09-26T01:19:09.083435Z DEBUG netbaiot_transports::business_rpc::v3: business RPC V3 writer completed frame stream_id=0 frame_type=WindowUpdate payload_bytes=4
2026-09-26T01:19:09.083446Z DEBUG netbaiot_transports::business_rpc::v3: business RPC V3 selected frame stream_id=0 frame_type=WindowUpdate payload_bytes=4
2026-09-26T01:19:09.083452Z DEBUG netbaiot_transports::business_rpc::v3: business RPC V3 writer completed frame stream_id=0 frame_type=WindowUpdate payload_bytes=4
2026-09-26T01:19:09.083455Z DEBUG netbaiot_transports::business_rpc::v3: business RPC V3 selected frame stream_id=0 frame_type=WindowUpdate payload_bytes=4
2026-09-26T01:19:09.083458Z DEBUG netbaiot_transports::business_rpc::v3: business RPC V3 writer completed frame stream_id=0 frame_type=WindowUpdate payload_bytes=4
2026-09-26T01:19:09.083821Z DEBUG netbaiot_transports::business_rpc::v3: business RPC V3 body entered scheduler stream_id=58 class=Rpc body_bytes=197
2026-09-26T01:19:09.083827Z DEBUG netbaiot_transports::business_rpc::v3: business RPC V3 body entered scheduler stream_id=60 class=Rpc body_bytes=197
2026-09-26T01:19:09.083829Z DEBUG netbaiot_transports::business_rpc::v3: business RPC V3 body entered scheduler stream_id=62 class=Rpc body_bytes=197
2026-09-26T01:19:09.083832Z DEBUG netbaiot_transports::business_rpc::v3: business RPC V3 selected frame stream_id=58 frame_type=Open payload_bytes=158
2026-09-26T01:19:09.083847Z DEBUG netbaiot_transports::business_rpc::v3: business RPC V3 writer completed frame stream_id=58 frame_type=Open payload_bytes=158
2026-09-26T01:19:09.083850Z DEBUG netbaiot_transports::business_rpc::v3: business RPC V3 selected frame stream_id=58 frame_type=Data payload_bytes=197
2026-09-26T01:19:09.083854Z DEBUG netbaiot_transports::business_rpc::v3: business RPC V3 writer completed frame stream_id=58 frame_type=Data payload_bytes=197
2026-09-26T01:19:09.083857Z DEBUG netbaiot_transports::business_rpc::v3: business RPC V3 selected frame stream_id=60 frame_type=Open payload_bytes=158
2026-09-26T01:19:09.083860Z DEBUG netbaiot_transports::business_rpc::v3: business RPC V3 writer completed frame stream_id=60 frame_type=Open payload_bytes=158
2026-09-26T01:19:09.083863Z DEBUG netbaiot_transports::business_rpc::v3: business RPC V3 selected frame stream_id=62 frame_type=Open payload_bytes=158
2026-09-26T01:19:09.083867Z DEBUG netbaiot_transports::business_rpc::v3: business RPC V3 writer completed frame stream_id=62 frame_type=Open payload_bytes=158
2026-09-26T01:19:09.083870Z DEBUG netbaiot_transports::business_rpc::v3: business RPC V3 selected frame stream_id=60 frame_type=Data payload_bytes=197
2026-09-26T01:19:09.083873Z DEBUG netbaiot_transports::business_rpc::v3: business RPC V3 writer completed frame stream_id=60 frame_type=Data payload_bytes=197
2026-09-26T01:19:09.083876Z DEBUG netbaiot_transports::business_rpc::v3: business RPC V3 selected frame stream_id=62 frame_type=Data payload_bytes=197
2026-09-26T01:19:09.083880Z DEBUG netbaiot_transports::business_rpc::v3: business RPC V3 writer completed frame stream_id=62 frame_type=Data payload_bytes=197
2026-09-26T01:19:09.118247Z DEBUG netbaiot_transports::business_rpc::v3: business RPC V3 received frame stream_id=0 frame_type=WindowUpdate payload_bytes=4
2026-09-26T01:19:09.118266Z DEBUG netbaiot_transports::business_rpc::v3: business RPC V3 received frame stream_id=56 frame_type=Response payload_bytes=35
2026-09-26T01:19:09.118272Z DEBUG netbaiot_transports::business_rpc::v3: business RPC V3 received frame stream_id=56 frame_type=Data payload_bytes=215
2026-09-26T01:19:09.118301Z DEBUG netbaiot_transports::business_rpc::v3: business RPC V3 selected frame stream_id=0 frame_type=WindowUpdate payload_bytes=4
2026-09-26T01:19:09.118314Z DEBUG netbaiot_transports::business_rpc::v3: business RPC V3 writer completed frame stream_id=0 frame_type=WindowUpdate payload_bytes=4
2026-09-26T01:19:09.118627Z DEBUG netbaiot_transports::business_rpc::v3: business RPC V3 body entered scheduler stream_id=64 class=Rpc body_bytes=197
2026-09-26T01:19:09.118633Z DEBUG netbaiot_transports::business_rpc::v3: business RPC V3 selected frame stream_id=64 frame_type=Open payload_bytes=158
2026-09-26T01:19:09.118641Z DEBUG netbaiot_transports::business_rpc::v3: business RPC V3 writer completed frame stream_id=64 frame_type=Open payload_bytes=158
2026-09-26T01:19:09.118644Z DEBUG netbaiot_transports::business_rpc::v3: business RPC V3 selected frame stream_id=64 frame_type=Data payload_bytes=197
2026-09-26T01:19:09.118648Z DEBUG netbaiot_transports::business_rpc::v3: business RPC V3 writer completed frame stream_id=64 frame_type=Data payload_bytes=197
2026-09-26T01:19:09.167981Z DEBUG netbaiot_transports::business_rpc::v3: business RPC V3 body entered scheduler stream_id=66 class=Event body_bytes=17365
2026-09-26T01:19:09.168013Z DEBUG netbaiot_transports::business_rpc::v3: business RPC V3 selected frame stream_id=66 frame_type=Open payload_bytes=184
2026-09-26T01:19:09.168051Z DEBUG netbaiot_transports::business_rpc::v3: business RPC V3 writer completed frame stream_id=66 frame_type=Open payload_bytes=184
2026-09-26T01:19:09.168062Z DEBUG netbaiot_transports::business_rpc::v3: business RPC V3 selected frame stream_id=66 frame_type=Data payload_bytes=8192
2026-09-26T01:19:09.168069Z DEBUG netbaiot_transports::business_rpc::v3: business RPC V3 writer completed frame stream_id=66 frame_type=Data payload_bytes=8192
2026-09-26T01:19:09.168138Z DEBUG netbaiot_transports::business_rpc::v3: business RPC V3 selected frame stream_id=66 frame_type=Data payload_bytes=8192
2026-09-26T01:19:09.168147Z DEBUG netbaiot_transports::business_rpc::v3: business RPC V3 writer completed frame stream_id=66 frame_type=Data payload_bytes=8192
2026-09-26T01:19:09.168182Z DEBUG netbaiot_transports::business_rpc::v3: business RPC V3 selected frame stream_id=66 frame_type=Data payload_bytes=981
2026-09-26T01:19:09.168207Z DEBUG netbaiot_transports::business_rpc::v3: business RPC V3 writer completed frame stream_id=66 frame_type=Data payload_bytes=981
2026-09-26T01:19:09.250643Z DEBUG netbaiot_transports::business_rpc::v3: business RPC V3 received frame stream_id=0 frame_type=WindowUpdate payload_bytes=4
2026-09-26T01:19:09.250677Z DEBUG netbaiot_transports::business_rpc::v3: business RPC V3 received frame stream_id=0 frame_type=WindowUpdate payload_bytes=4
2026-09-26T01:19:09.250685Z DEBUG netbaiot_transports::business_rpc::v3: business RPC V3 received frame stream_id=0 frame_type=WindowUpdate payload_bytes=4
2026-09-26T01:19:09.250691Z DEBUG netbaiot_transports::business_rpc::v3: business RPC V3 received frame stream_id=62 frame_type=Response payload_bytes=35
2026-09-26T01:19:09.250700Z DEBUG netbaiot_transports::business_rpc::v3: business RPC V3 received frame stream_id=62 frame_type=Data payload_bytes=215
2026-09-26T01:19:09.250727Z DEBUG netbaiot_transports::business_rpc::v3: business RPC V3 received frame stream_id=58 frame_type=Response payload_bytes=35
2026-09-26T01:19:09.250735Z DEBUG netbaiot_transports::business_rpc::v3: business RPC V3 received frame stream_id=60 frame_type=Response payload_bytes=35
2026-09-26T01:19:09.250741Z DEBUG netbaiot_transports::business_rpc::v3: business RPC V3 received frame stream_id=58 frame_type=Data payload_bytes=215
2026-09-26T01:19:09.250744Z DEBUG netbaiot_transports::business_rpc::v3: business RPC V3 selected frame stream_id=0 frame_type=WindowUpdate payload_bytes=4
2026-09-26T01:19:09.250752Z DEBUG netbaiot_transports::business_rpc::v3: business RPC V3 received frame stream_id=60 frame_type=Data payload_bytes=215
2026-09-26T01:19:09.250771Z DEBUG netbaiot_transports::business_rpc::v3: business RPC V3 writer completed frame stream_id=0 frame_type=WindowUpdate payload_bytes=4
2026-09-26T01:19:09.250779Z DEBUG netbaiot_transports::business_rpc::v3: business RPC V3 selected frame stream_id=0 frame_type=WindowUpdate payload_bytes=4
2026-09-26T01:19:09.250784Z DEBUG netbaiot_transports::business_rpc::v3: business RPC V3 writer completed frame stream_id=0 frame_type=WindowUpdate payload_bytes=4
2026-09-26T01:19:09.250787Z DEBUG netbaiot_transports::business_rpc::v3: business RPC V3 selected frame stream_id=0 frame_type=WindowUpdate payload_bytes=4
2026-09-26T01:19:09.250790Z DEBUG netbaiot_transports::business_rpc::v3: business RPC V3 writer completed frame stream_id=0 frame_type=WindowUpdate payload_bytes=4
2026-09-26T01:19:09.251453Z DEBUG netbaiot_transports::business_rpc::v3: business RPC V3 body entered scheduler stream_id=68 class=Rpc body_bytes=197
2026-09-26T01:19:09.251483Z DEBUG netbaiot_transports::business_rpc::v3: business RPC V3 body entered scheduler stream_id=70 class=Rpc body_bytes=197
2026-09-26T01:19:09.251491Z DEBUG netbaiot_transports::business_rpc::v3: business RPC V3 body entered scheduler stream_id=72 class=Rpc body_bytes=197
2026-09-26T01:19:09.251496Z DEBUG netbaiot_transports::business_rpc::v3: business RPC V3 selected frame stream_id=68 frame_type=Open payload_bytes=158
2026-09-26T01:19:09.251521Z DEBUG netbaiot_transports::business_rpc::v3: business RPC V3 writer completed frame stream_id=68 frame_type=Open payload_bytes=158
2026-09-26T01:19:09.251531Z DEBUG netbaiot_transports::business_rpc::v3: business RPC V3 selected frame stream_id=68 frame_type=Data payload_bytes=197
2026-09-26T01:19:09.251537Z DEBUG netbaiot_transports::business_rpc::v3: business RPC V3 writer completed frame stream_id=68 frame_type=Data payload_bytes=197
2026-09-26T01:19:09.251541Z DEBUG netbaiot_transports::business_rpc::v3: business RPC V3 selected frame stream_id=70 frame_type=Open payload_bytes=158
2026-09-26T01:19:09.251550Z DEBUG netbaiot_transports::business_rpc::v3: business RPC V3 writer completed frame stream_id=70 frame_type=Open payload_bytes=158
2026-09-26T01:19:09.251553Z DEBUG netbaiot_transports::business_rpc::v3: business RPC V3 selected frame stream_id=72 frame_type=Open payload_bytes=158
2026-09-26T01:19:09.251556Z DEBUG netbaiot_transports::business_rpc::v3: business RPC V3 writer completed frame stream_id=72 frame_type=Open payload_bytes=158
2026-09-26T01:19:09.251559Z DEBUG netbaiot_transports::business_rpc::v3: business RPC V3 selected frame stream_id=70 frame_type=Data payload_bytes=197
2026-09-26T01:19:09.251562Z DEBUG netbaiot_transports::business_rpc::v3: business RPC V3 writer completed frame stream_id=70 frame_type=Data payload_bytes=197
2026-09-26T01:19:09.251564Z DEBUG netbaiot_transports::business_rpc::v3: business RPC V3 selected frame stream_id=72 frame_type=Data payload_bytes=197
2026-09-26T01:19:09.251567Z DEBUG netbaiot_transports::business_rpc::v3: business RPC V3 writer completed frame stream_id=72 frame_type=Data payload_bytes=197
2026-09-26T01:19:09.377143Z DEBUG netbaiot_transports::business_rpc::v3: business RPC V3 received frame stream_id=0 frame_type=Ping payload_bytes=8
2026-09-26T01:19:09.377173Z DEBUG netbaiot_transports::business_rpc::v3: business RPC V3 selected frame stream_id=0 frame_type=Pong payload_bytes=8
2026-09-26T01:19:09.377183Z DEBUG netbaiot_transports::business_rpc::v3: business RPC V3 writer completed frame stream_id=0 frame_type=Pong payload_bytes=8
2026-09-26T01:19:09.734970Z DEBUG netbaiot_transports::business_rpc::v3: business RPC V3 received frame stream_id=0 frame_type=WindowUpdate payload_bytes=4
2026-09-26T01:19:09.735036Z DEBUG netbaiot_transports::business_rpc::v3: business RPC V3 received frame stream_id=0 frame_type=WindowUpdate payload_bytes=4
2026-09-26T01:19:09.735059Z DEBUG netbaiot_transports::business_rpc::v3: business RPC V3 received frame stream_id=66 frame_type=WindowUpdate payload_bytes=4
2026-09-26T01:19:09.735075Z DEBUG netbaiot_transports::business_rpc::v3: business RPC V3 received frame stream_id=64 frame_type=Response payload_bytes=35
2026-09-26T01:19:09.735094Z DEBUG netbaiot_transports::business_rpc::v3: business RPC V3 received frame stream_id=64 frame_type=Data payload_bytes=215
2026-09-26T01:19:09.735165Z DEBUG netbaiot_transports::business_rpc::v3: business RPC V3 selected frame stream_id=0 frame_type=WindowUpdate payload_bytes=4
2026-09-26T01:19:09.735227Z DEBUG netbaiot_transports::business_rpc::v3: business RPC V3 writer completed frame stream_id=0 frame_type=WindowUpdate payload_bytes=4
2026-09-26T01:19:09.735917Z DEBUG netbaiot_transports::business_rpc::v3: business RPC V3 body entered scheduler stream_id=74 class=Rpc body_bytes=197
2026-09-26T01:19:09.735952Z DEBUG netbaiot_transports::business_rpc::v3: business RPC V3 selected frame stream_id=74 frame_type=Open payload_bytes=158
2026-09-26T01:19:09.735983Z DEBUG netbaiot_transports::business_rpc::v3: business RPC V3 writer completed frame stream_id=74 frame_type=Open payload_bytes=158
2026-09-26T01:19:09.736001Z DEBUG netbaiot_transports::business_rpc::v3: business RPC V3 selected frame stream_id=74 frame_type=Data payload_bytes=197
2026-09-26T01:19:09.736030Z DEBUG netbaiot_transports::business_rpc::v3: business RPC V3 writer completed frame stream_id=74 frame_type=Data payload_bytes=197
2026-09-26T01:19:09.865340Z DEBUG netbaiot_transports::business_rpc::v3: business RPC V3 received frame stream_id=0 frame_type=WindowUpdate payload_bytes=4
2026-09-26T01:19:09.865365Z DEBUG netbaiot_transports::business_rpc::v3: business RPC V3 received frame stream_id=66 frame_type=WindowUpdate payload_bytes=4
2026-09-26T01:19:09.865369Z DEBUG netbaiot_transports::business_rpc::v3: business RPC V3 received frame stream_id=0 frame_type=WindowUpdate payload_bytes=4
2026-09-26T01:19:09.865372Z DEBUG netbaiot_transports::business_rpc::v3: business RPC V3 received frame stream_id=0 frame_type=WindowUpdate payload_bytes=4
2026-09-26T01:19:09.865382Z DEBUG netbaiot_transports::business_rpc::v3: business RPC V3 received frame stream_id=0 frame_type=WindowUpdate payload_bytes=4
2026-09-26T01:19:09.865385Z DEBUG netbaiot_transports::business_rpc::v3: business RPC V3 received frame stream_id=0 frame_type=WindowUpdate payload_bytes=4
2026-09-26T01:19:09.865387Z DEBUG netbaiot_transports::business_rpc::v3: business RPC V3 received frame stream_id=72 frame_type=Response payload_bytes=35
2026-09-26T01:19:09.865393Z DEBUG netbaiot_transports::business_rpc::v3: business RPC V3 received frame stream_id=70 frame_type=Response payload_bytes=35
2026-09-26T01:19:09.865395Z DEBUG netbaiot_transports::business_rpc::v3: business RPC V3 received frame stream_id=72 frame_type=Data payload_bytes=215
2026-09-26T01:19:09.865411Z DEBUG netbaiot_transports::business_rpc::v3: business RPC V3 received frame stream_id=70 frame_type=Data payload_bytes=215
2026-09-26T01:19:09.865418Z DEBUG netbaiot_transports::business_rpc::v3: business RPC V3 received frame stream_id=68 frame_type=Response payload_bytes=35
2026-09-26T01:19:09.865421Z DEBUG netbaiot_transports::business_rpc::v3: business RPC V3 received frame stream_id=68 frame_type=Data payload_bytes=215
2026-09-26T01:19:09.865422Z DEBUG netbaiot_transports::business_rpc::v3: business RPC V3 selected frame stream_id=0 frame_type=WindowUpdate payload_bytes=4
2026-09-26T01:19:09.865438Z DEBUG netbaiot_transports::business_rpc::v3: business RPC V3 writer completed frame stream_id=0 frame_type=WindowUpdate payload_bytes=4
2026-09-26T01:19:09.865442Z DEBUG netbaiot_transports::business_rpc::v3: business RPC V3 selected frame stream_id=0 frame_type=WindowUpdate payload_bytes=4
2026-09-26T01:19:09.865447Z DEBUG netbaiot_transports::business_rpc::v3: business RPC V3 writer completed frame stream_id=0 frame_type=WindowUpdate payload_bytes=4
2026-09-26T01:19:09.865449Z DEBUG netbaiot_transports::business_rpc::v3: business RPC V3 selected frame stream_id=0 frame_type=WindowUpdate payload_bytes=4
2026-09-26T01:19:09.865453Z DEBUG netbaiot_transports::business_rpc::v3: business RPC V3 writer completed frame stream_id=0 frame_type=WindowUpdate payload_bytes=4
2026-09-26T01:19:09.865849Z DEBUG netbaiot_transports::business_rpc::v3: business RPC V3 body entered scheduler stream_id=76 class=Rpc body_bytes=197
2026-09-26T01:19:09.865854Z DEBUG netbaiot_transports::business_rpc::v3: business RPC V3 body entered scheduler stream_id=78 class=Rpc body_bytes=197
2026-09-26T01:19:09.865856Z DEBUG netbaiot_transports::business_rpc::v3: business RPC V3 body entered scheduler stream_id=80 class=Rpc body_bytes=197
2026-09-26T01:19:09.865858Z DEBUG netbaiot_transports::business_rpc::v3: business RPC V3 selected frame stream_id=76 frame_type=Open payload_bytes=158
2026-09-26T01:19:09.865865Z DEBUG netbaiot_transports::business_rpc::v3: business RPC V3 writer completed frame stream_id=76 frame_type=Open payload_bytes=158
2026-09-26T01:19:09.865868Z DEBUG netbaiot_transports::business_rpc::v3: business RPC V3 selected frame stream_id=76 frame_type=Data payload_bytes=197
2026-09-26T01:19:09.865872Z DEBUG netbaiot_transports::business_rpc::v3: business RPC V3 writer completed frame stream_id=76 frame_type=Data payload_bytes=197
2026-09-26T01:19:09.865874Z DEBUG netbaiot_transports::business_rpc::v3: business RPC V3 selected frame stream_id=78 frame_type=Open payload_bytes=158
2026-09-26T01:19:09.865882Z DEBUG netbaiot_transports::business_rpc::v3: business RPC V3 writer completed frame stream_id=78 frame_type=Open payload_bytes=158
2026-09-26T01:19:09.865884Z DEBUG netbaiot_transports::business_rpc::v3: business RPC V3 selected frame stream_id=80 frame_type=Open payload_bytes=158
2026-09-26T01:19:09.865889Z DEBUG netbaiot_transports::business_rpc::v3: business RPC V3 writer completed frame stream_id=80 frame_type=Open payload_bytes=158
2026-09-26T01:19:09.865891Z DEBUG netbaiot_transports::business_rpc::v3: business RPC V3 selected frame stream_id=78 frame_type=Data payload_bytes=197
2026-09-26T01:19:09.865896Z DEBUG netbaiot_transports::business_rpc::v3: business RPC V3 writer completed frame stream_id=78 frame_type=Data payload_bytes=197
2026-09-26T01:19:09.865905Z DEBUG netbaiot_transports::business_rpc::v3: business RPC V3 selected frame stream_id=80 frame_type=Data payload_bytes=197
2026-09-26T01:19:09.865912Z DEBUG netbaiot_transports::business_rpc::v3: business RPC V3 writer completed frame stream_id=80 frame_type=Data payload_bytes=197
2026-09-26T01:19:09.905761Z DEBUG netbaiot_transports::business_rpc::v3: business RPC V3 received frame stream_id=66 frame_type=Response payload_bytes=35
2026-09-26T01:19:09.905773Z DEBUG netbaiot_transports::business_rpc::v3: business RPC V3 received frame stream_id=66 frame_type=Data payload_bytes=118
2026-09-26T01:19:09.905780Z DEBUG netbaiot_transports::business_rpc::v3: business RPC V3 Event delivery acknowledged stream_id=66 completion_us=737803
2026-09-26T01:19:09.905788Z DEBUG netbaiot_transports::business_rpc::v3: business RPC V3 received frame stream_id=0 frame_type=WindowUpdate payload_bytes=4
2026-09-26T01:19:09.905792Z DEBUG netbaiot_transports::business_rpc::v3: business RPC V3 received frame stream_id=74 frame_type=Response payload_bytes=35
2026-09-26T01:19:09.905796Z DEBUG netbaiot_transports::business_rpc::v3: business RPC V3 received frame stream_id=74 frame_type=Data payload_bytes=215
2026-09-26T01:19:09.905797Z DEBUG netbaiot_transports::business_rpc::v3: business RPC V3 selected frame stream_id=0 frame_type=WindowUpdate payload_bytes=4
2026-09-26T01:19:09.905812Z DEBUG netbaiot_transports::business_rpc::v3: business RPC V3 writer completed frame stream_id=0 frame_type=WindowUpdate payload_bytes=4
2026-09-26T01:19:09.905816Z DEBUG netbaiot_transports::business_rpc::v3: business RPC V3 selected frame stream_id=0 frame_type=WindowUpdate payload_bytes=4
2026-09-26T01:19:09.905822Z DEBUG netbaiot_transports::business_rpc::v3: business RPC V3 writer completed frame stream_id=0 frame_type=WindowUpdate payload_bytes=4
2026-09-26T01:19:09.906179Z DEBUG netbaiot_transports::business_rpc::v3: business RPC V3 body entered scheduler stream_id=82 class=Rpc body_bytes=197
2026-09-26T01:19:09.906185Z DEBUG netbaiot_transports::business_rpc::v3: business RPC V3 selected frame stream_id=82 frame_type=Open payload_bytes=158
2026-09-26T01:19:09.906196Z DEBUG netbaiot_transports::business_rpc::v3: business RPC V3 writer completed frame stream_id=82 frame_type=Open payload_bytes=158
2026-09-26T01:19:09.906199Z DEBUG netbaiot_transports::business_rpc::v3: business RPC V3 selected frame stream_id=82 frame_type=Data payload_bytes=197
2026-09-26T01:19:09.906204Z DEBUG netbaiot_transports::business_rpc::v3: business RPC V3 writer completed frame stream_id=82 frame_type=Data payload_bytes=197
2026-09-26T01:19:10.007135Z DEBUG netbaiot_transports::business_rpc::v3: business RPC V3 received frame stream_id=0 frame_type=WindowUpdate payload_bytes=4
2026-09-26T01:19:10.007196Z DEBUG netbaiot_transports::business_rpc::v3: business RPC V3 received frame stream_id=0 frame_type=WindowUpdate payload_bytes=4
2026-09-26T01:19:10.007207Z DEBUG netbaiot_transports::business_rpc::v3: business RPC V3 received frame stream_id=0 frame_type=WindowUpdate payload_bytes=4
2026-09-26T01:19:10.007239Z DEBUG netbaiot_transports::business_rpc::v3: business RPC V3 received frame stream_id=80 frame_type=Response payload_bytes=35
2026-09-26T01:19:10.007253Z DEBUG netbaiot_transports::business_rpc::v3: business RPC V3 received frame stream_id=80 frame_type=Data payload_bytes=215
2026-09-26T01:19:10.007282Z DEBUG netbaiot_transports::business_rpc::v3: business RPC V3 received frame stream_id=76 frame_type=Response payload_bytes=35
2026-09-26T01:19:10.007291Z DEBUG netbaiot_transports::business_rpc::v3: business RPC V3 received frame stream_id=78 frame_type=Response payload_bytes=35
2026-09-26T01:19:10.007296Z DEBUG netbaiot_transports::business_rpc::v3: business RPC V3 selected frame stream_id=0 frame_type=WindowUpdate payload_bytes=4
2026-09-26T01:19:10.007298Z DEBUG netbaiot_transports::business_rpc::v3: business RPC V3 received frame stream_id=76 frame_type=Data payload_bytes=215
2026-09-26T01:19:10.007319Z DEBUG netbaiot_transports::business_rpc::v3: business RPC V3 writer completed frame stream_id=0 frame_type=WindowUpdate payload_bytes=4
2026-09-26T01:19:10.007355Z DEBUG netbaiot_transports::business_rpc::v3: business RPC V3 received frame stream_id=78 frame_type=Data payload_bytes=215
2026-09-26T01:19:10.007368Z DEBUG netbaiot_transports::business_rpc::v3: business RPC V3 selected frame stream_id=0 frame_type=WindowUpdate payload_bytes=4
2026-09-26T01:19:10.007413Z DEBUG netbaiot_transports::business_rpc::v3: business RPC V3 writer completed frame stream_id=0 frame_type=WindowUpdate payload_bytes=4
2026-09-26T01:19:10.007424Z DEBUG netbaiot_transports::business_rpc::v3: business RPC V3 selected frame stream_id=0 frame_type=WindowUpdate payload_bytes=4
2026-09-26T01:19:10.007436Z DEBUG netbaiot_transports::business_rpc::v3: business RPC V3 writer completed frame stream_id=0 frame_type=WindowUpdate payload_bytes=4
2026-09-26T01:19:10.007759Z DEBUG netbaiot_transports::business_rpc::v3: business RPC V3 body entered scheduler stream_id=84 class=Rpc body_bytes=197
2026-09-26T01:19:10.007766Z DEBUG netbaiot_transports::business_rpc::v3: business RPC V3 body entered scheduler stream_id=86 class=Rpc body_bytes=197
2026-09-26T01:19:10.007769Z DEBUG netbaiot_transports::business_rpc::v3: business RPC V3 selected frame stream_id=84 frame_type=Open payload_bytes=158
2026-09-26T01:19:10.007776Z DEBUG netbaiot_transports::business_rpc::v3: business RPC V3 writer completed frame stream_id=84 frame_type=Open payload_bytes=158
2026-09-26T01:19:10.007779Z DEBUG netbaiot_transports::business_rpc::v3: business RPC V3 body entered scheduler stream_id=88 class=Rpc body_bytes=197
2026-09-26T01:19:10.007782Z DEBUG netbaiot_transports::business_rpc::v3: business RPC V3 selected frame stream_id=84 frame_type=Data payload_bytes=197
2026-09-26T01:19:10.007786Z DEBUG netbaiot_transports::business_rpc::v3: business RPC V3 writer completed frame stream_id=84 frame_type=Data payload_bytes=197
2026-09-26T01:19:10.007789Z DEBUG netbaiot_transports::business_rpc::v3: business RPC V3 selected frame stream_id=86 frame_type=Open payload_bytes=158
2026-09-26T01:19:10.007792Z DEBUG netbaiot_transports::business_rpc::v3: business RPC V3 writer completed frame stream_id=86 frame_type=Open payload_bytes=158
2026-09-26T01:19:10.007795Z DEBUG netbaiot_transports::business_rpc::v3: business RPC V3 selected frame stream_id=88 frame_type=Open payload_bytes=158
2026-09-26T01:19:10.007798Z DEBUG netbaiot_transports::business_rpc::v3: business RPC V3 writer completed frame stream_id=88 frame_type=Open payload_bytes=158
2026-09-26T01:19:10.007800Z DEBUG netbaiot_transports::business_rpc::v3: business RPC V3 selected frame stream_id=86 frame_type=Data payload_bytes=197
2026-09-26T01:19:10.007804Z DEBUG netbaiot_transports::business_rpc::v3: business RPC V3 writer completed frame stream_id=86 frame_type=Data payload_bytes=197
2026-09-26T01:19:10.007806Z DEBUG netbaiot_transports::business_rpc::v3: business RPC V3 selected frame stream_id=88 frame_type=Data payload_bytes=197
2026-09-26T01:19:10.007809Z DEBUG netbaiot_transports::business_rpc::v3: business RPC V3 writer completed frame stream_id=88 frame_type=Data payload_bytes=197
2026-09-26T01:19:10.042021Z DEBUG netbaiot_transports::business_rpc::v3: business RPC V3 received frame stream_id=0 frame_type=WindowUpdate payload_bytes=4
2026-09-26T01:19:10.042037Z DEBUG netbaiot_transports::business_rpc::v3: business RPC V3 received frame stream_id=82 frame_type=Response payload_bytes=35
2026-09-26T01:19:10.042043Z DEBUG netbaiot_transports::business_rpc::v3: business RPC V3 received frame stream_id=82 frame_type=Data payload_bytes=215
2026-09-26T01:19:10.042065Z DEBUG netbaiot_transports::business_rpc::v3: business RPC V3 selected frame stream_id=0 frame_type=WindowUpdate payload_bytes=4
2026-09-26T01:19:10.042080Z DEBUG netbaiot_transports::business_rpc::v3: business RPC V3 writer completed frame stream_id=0 frame_type=WindowUpdate payload_bytes=4
2026-09-26T01:19:10.042312Z DEBUG netbaiot_transports::business_rpc::v3: business RPC V3 body entered scheduler stream_id=90 class=Rpc body_bytes=197
2026-09-26T01:19:10.042318Z DEBUG netbaiot_transports::business_rpc::v3: business RPC V3 selected frame stream_id=90 frame_type=Open payload_bytes=158
2026-09-26T01:19:10.042325Z DEBUG netbaiot_transports::business_rpc::v3: business RPC V3 writer completed frame stream_id=90 frame_type=Open payload_bytes=158
2026-09-26T01:19:10.042328Z DEBUG netbaiot_transports::business_rpc::v3: business RPC V3 selected frame stream_id=90 frame_type=Data payload_bytes=197
2026-09-26T01:19:10.042332Z DEBUG netbaiot_transports::business_rpc::v3: business RPC V3 writer completed frame stream_id=90 frame_type=Data payload_bytes=197
2026-09-26T01:19:10.167167Z DEBUG netbaiot_transports::business_rpc::v3: business RPC V3 body entered scheduler stream_id=92 class=Event body_bytes=17365
2026-09-26T01:19:10.167199Z DEBUG netbaiot_transports::business_rpc::v3: business RPC V3 selected frame stream_id=92 frame_type=Open payload_bytes=184
2026-09-26T01:19:10.167213Z DEBUG netbaiot_transports::business_rpc::v3: business RPC V3 writer completed frame stream_id=92 frame_type=Open payload_bytes=184
2026-09-26T01:19:10.167218Z DEBUG netbaiot_transports::business_rpc::v3: business RPC V3 selected frame stream_id=92 frame_type=Data payload_bytes=8192
2026-09-26T01:19:10.167229Z DEBUG netbaiot_transports::business_rpc::v3: business RPC V3 writer completed frame stream_id=92 frame_type=Data payload_bytes=8192
2026-09-26T01:19:10.167268Z DEBUG netbaiot_transports::business_rpc::v3: business RPC V3 selected frame stream_id=92 frame_type=Data payload_bytes=8192
2026-09-26T01:19:10.167284Z DEBUG netbaiot_transports::business_rpc::v3: business RPC V3 writer completed frame stream_id=92 frame_type=Data payload_bytes=8192
2026-09-26T01:19:10.167287Z DEBUG netbaiot_transports::business_rpc::v3: business RPC V3 selected frame stream_id=92 frame_type=Data payload_bytes=981
2026-09-26T01:19:10.167292Z DEBUG netbaiot_transports::business_rpc::v3: business RPC V3 writer completed frame stream_id=92 frame_type=Data payload_bytes=981
2026-09-26T01:19:10.175232Z DEBUG netbaiot_transports::business_rpc::v3: business RPC V3 received frame stream_id=0 frame_type=WindowUpdate payload_bytes=4
2026-09-26T01:19:10.177825Z DEBUG netbaiot_transports::business_rpc::v3: business RPC V3 received frame stream_id=0 frame_type=WindowUpdate payload_bytes=4
2026-09-26T01:19:10.177832Z DEBUG netbaiot_transports::business_rpc::v3: business RPC V3 received frame stream_id=0 frame_type=WindowUpdate payload_bytes=4
2026-09-26T01:19:10.177835Z DEBUG netbaiot_transports::business_rpc::v3: business RPC V3 received frame stream_id=88 frame_type=Response payload_bytes=35
2026-09-26T01:19:10.178332Z DEBUG netbaiot_transports::business_rpc::v3: business RPC V3 received frame stream_id=88 frame_type=Data payload_bytes=215
2026-09-26T01:19:10.178375Z DEBUG netbaiot_transports::business_rpc::v3: business RPC V3 received frame stream_id=84 frame_type=Response payload_bytes=35
2026-09-26T01:19:10.178381Z DEBUG netbaiot_transports::business_rpc::v3: business RPC V3 received frame stream_id=86 frame_type=Response payload_bytes=35
2026-09-26T01:19:10.178385Z DEBUG netbaiot_transports::business_rpc::v3: business RPC V3 received frame stream_id=84 frame_type=Data payload_bytes=215
2026-09-26T01:19:10.178388Z DEBUG netbaiot_transports::business_rpc::v3: business RPC V3 selected frame stream_id=0 frame_type=WindowUpdate payload_bytes=4
2026-09-26T01:19:10.178394Z DEBUG netbaiot_transports::business_rpc::v3: business RPC V3 received frame stream_id=86 frame_type=Data payload_bytes=215
2026-09-26T01:19:10.178406Z DEBUG netbaiot_transports::business_rpc::v3: business RPC V3 writer completed frame stream_id=0 frame_type=WindowUpdate payload_bytes=4
2026-09-26T01:19:10.178410Z DEBUG netbaiot_transports::business_rpc::v3: business RPC V3 selected frame stream_id=0 frame_type=WindowUpdate payload_bytes=4
2026-09-26T01:19:10.178414Z DEBUG netbaiot_transports::business_rpc::v3: business RPC V3 writer completed frame stream_id=0 frame_type=WindowUpdate payload_bytes=4
2026-09-26T01:19:10.178417Z DEBUG netbaiot_transports::business_rpc::v3: business RPC V3 selected frame stream_id=0 frame_type=WindowUpdate payload_bytes=4
2026-09-26T01:19:10.178420Z DEBUG netbaiot_transports::business_rpc::v3: business RPC V3 writer completed frame stream_id=0 frame_type=WindowUpdate payload_bytes=4
2026-09-26T01:19:10.178791Z DEBUG netbaiot_transports::business_rpc::v3: business RPC V3 body entered scheduler stream_id=94 class=Rpc body_bytes=197
2026-09-26T01:19:10.181623Z DEBUG netbaiot_transports::business_rpc::v3: business RPC V3 body entered scheduler stream_id=96 class=Rpc body_bytes=197
2026-09-26T01:19:10.181628Z DEBUG netbaiot_transports::business_rpc::v3: business RPC V3 body entered scheduler stream_id=98 class=Rpc body_bytes=197
2026-09-26T01:19:10.181632Z DEBUG netbaiot_transports::business_rpc::v3: business RPC V3 selected frame stream_id=94 frame_type=Open payload_bytes=158
2026-09-26T01:19:10.181641Z DEBUG netbaiot_transports::business_rpc::v3: business RPC V3 writer completed frame stream_id=94 frame_type=Open payload_bytes=158
2026-09-26T01:19:10.181645Z DEBUG netbaiot_transports::business_rpc::v3: business RPC V3 selected frame stream_id=94 frame_type=Data payload_bytes=197
2026-09-26T01:19:10.181649Z DEBUG netbaiot_transports::business_rpc::v3: business RPC V3 writer completed frame stream_id=94 frame_type=Data payload_bytes=197
2026-09-26T01:19:10.181652Z DEBUG netbaiot_transports::business_rpc::v3: business RPC V3 selected frame stream_id=96 frame_type=Open payload_bytes=158
2026-09-26T01:19:10.181657Z DEBUG netbaiot_transports::business_rpc::v3: business RPC V3 writer completed frame stream_id=96 frame_type=Open payload_bytes=158
2026-09-26T01:19:10.188958Z DEBUG netbaiot_transports::business_rpc::v3: business RPC V3 selected frame stream_id=98 frame_type=Open payload_bytes=158
2026-09-26T01:19:10.188982Z DEBUG netbaiot_transports::business_rpc::v3: business RPC V3 writer completed frame stream_id=98 frame_type=Open payload_bytes=158
2026-09-26T01:19:10.188987Z DEBUG netbaiot_transports::business_rpc::v3: business RPC V3 selected frame stream_id=96 frame_type=Data payload_bytes=197
2026-09-26T01:19:10.188992Z DEBUG netbaiot_transports::business_rpc::v3: business RPC V3 writer completed frame stream_id=96 frame_type=Data payload_bytes=197
2026-09-26T01:19:10.188995Z DEBUG netbaiot_transports::business_rpc::v3: business RPC V3 selected frame stream_id=98 frame_type=Data payload_bytes=197
2026-09-26T01:19:10.189000Z DEBUG netbaiot_transports::business_rpc::v3: business RPC V3 writer completed frame stream_id=98 frame_type=Data payload_bytes=197
2026-09-26T01:19:10.210246Z DEBUG netbaiot_transports::business_rpc::v3: business RPC V3 received frame stream_id=0 frame_type=WindowUpdate payload_bytes=4
2026-09-26T01:19:10.210269Z DEBUG netbaiot_transports::business_rpc::v3: business RPC V3 received frame stream_id=90 frame_type=Response payload_bytes=35
2026-09-26T01:19:10.210277Z DEBUG netbaiot_transports::business_rpc::v3: business RPC V3 received frame stream_id=90 frame_type=Data payload_bytes=215
2026-09-26T01:19:10.210309Z DEBUG netbaiot_transports::business_rpc::v3: business RPC V3 selected frame stream_id=0 frame_type=WindowUpdate payload_bytes=4
2026-09-26T01:19:10.210325Z DEBUG netbaiot_transports::business_rpc::v3: business RPC V3 writer completed frame stream_id=0 frame_type=WindowUpdate payload_bytes=4
2026-09-26T01:19:10.210683Z DEBUG netbaiot_transports::business_rpc::v3: business RPC V3 body entered scheduler stream_id=100 class=Rpc body_bytes=197
2026-09-26T01:19:10.210690Z DEBUG netbaiot_transports::business_rpc::v3: business RPC V3 selected frame stream_id=100 frame_type=Open payload_bytes=158
2026-09-26T01:19:10.210698Z DEBUG netbaiot_transports::business_rpc::v3: business RPC V3 writer completed frame stream_id=100 frame_type=Open payload_bytes=158
2026-09-26T01:19:10.210703Z DEBUG netbaiot_transports::business_rpc::v3: business RPC V3 selected frame stream_id=100 frame_type=Data payload_bytes=197
2026-09-26T01:19:10.210709Z DEBUG netbaiot_transports::business_rpc::v3: business RPC V3 writer completed frame stream_id=100 frame_type=Data payload_bytes=197
2026-09-26T01:19:10.751399Z DEBUG netbaiot_transports::business_rpc::v3: business RPC V3 received frame stream_id=0 frame_type=WindowUpdate payload_bytes=4
2026-09-26T01:19:10.751492Z DEBUG netbaiot_transports::business_rpc::v3: business RPC V3 received frame stream_id=92 frame_type=WindowUpdate payload_bytes=4
2026-09-26T01:19:10.864066Z DEBUG netbaiot_transports::business_rpc::v3: business RPC V3 received frame stream_id=0 frame_type=WindowUpdate payload_bytes=4
2026-09-26T01:19:10.864134Z DEBUG netbaiot_transports::business_rpc::v3: business RPC V3 received frame stream_id=92 frame_type=WindowUpdate payload_bytes=4
2026-09-26T01:19:10.864148Z DEBUG netbaiot_transports::business_rpc::v3: business RPC V3 received frame stream_id=0 frame_type=WindowUpdate payload_bytes=4
2026-09-26T01:19:10.864156Z DEBUG netbaiot_transports::business_rpc::v3: business RPC V3 received frame stream_id=0 frame_type=WindowUpdate payload_bytes=4
2026-09-26T01:19:10.930363Z DEBUG netbaiot_transports::business_rpc::v3: business RPC V3 received frame stream_id=0 frame_type=WindowUpdate payload_bytes=4
2026-09-26T01:19:10.930386Z DEBUG netbaiot_transports::business_rpc::v3: business RPC V3 received frame stream_id=0 frame_type=WindowUpdate payload_bytes=4
2026-09-26T01:19:10.930391Z DEBUG netbaiot_transports::business_rpc::v3: business RPC V3 received frame stream_id=0 frame_type=WindowUpdate payload_bytes=4
2026-09-26T01:19:10.930395Z DEBUG netbaiot_transports::business_rpc::v3: business RPC V3 received frame stream_id=100 frame_type=Response payload_bytes=35
2026-09-26T01:19:10.930401Z DEBUG netbaiot_transports::business_rpc::v3: business RPC V3 received frame stream_id=98 frame_type=Response payload_bytes=35
2026-09-26T01:19:10.930405Z DEBUG netbaiot_transports::business_rpc::v3: business RPC V3 received frame stream_id=96 frame_type=Response payload_bytes=35
2026-09-26T01:19:10.930408Z DEBUG netbaiot_transports::business_rpc::v3: business RPC V3 received frame stream_id=94 frame_type=Response payload_bytes=35
2026-09-26T01:19:10.930410Z DEBUG netbaiot_transports::business_rpc::v3: business RPC V3 received frame stream_id=100 frame_type=Data payload_bytes=215
2026-09-26T01:19:10.930431Z DEBUG netbaiot_transports::business_rpc::v3: business RPC V3 received frame stream_id=98 frame_type=Data payload_bytes=215
2026-09-26T01:19:10.930439Z DEBUG netbaiot_transports::business_rpc::v3: business RPC V3 received frame stream_id=96 frame_type=Data payload_bytes=215
2026-09-26T01:19:10.930442Z DEBUG netbaiot_transports::business_rpc::v3: business RPC V3 selected frame stream_id=0 frame_type=WindowUpdate payload_bytes=4
2026-09-26T01:19:10.930445Z DEBUG netbaiot_transports::business_rpc::v3: business RPC V3 received frame stream_id=94 frame_type=Data payload_bytes=215
2026-09-26T01:19:10.930463Z DEBUG netbaiot_transports::business_rpc::v3: business RPC V3 writer completed frame stream_id=0 frame_type=WindowUpdate payload_bytes=4
2026-09-26T01:19:10.930473Z DEBUG netbaiot_transports::business_rpc::v3: business RPC V3 selected frame stream_id=0 frame_type=WindowUpdate payload_bytes=4
2026-09-26T01:19:10.930478Z DEBUG netbaiot_transports::business_rpc::v3: business RPC V3 writer completed frame stream_id=0 frame_type=WindowUpdate payload_bytes=4
2026-09-26T01:19:10.930481Z DEBUG netbaiot_transports::business_rpc::v3: business RPC V3 selected frame stream_id=0 frame_type=WindowUpdate payload_bytes=4
2026-09-26T01:19:10.930464Z DEBUG netbaiot_transports::business_rpc::v3: business RPC V3 received frame stream_id=92 frame_type=Response payload_bytes=35
2026-09-26T01:19:10.930489Z DEBUG netbaiot_transports::business_rpc::v3: business RPC V3 writer completed frame stream_id=0 frame_type=WindowUpdate payload_bytes=4
2026-09-26T01:19:10.930543Z DEBUG netbaiot_transports::business_rpc::v3: business RPC V3 selected frame stream_id=0 frame_type=WindowUpdate payload_bytes=4
2026-09-26T01:19:10.930541Z DEBUG netbaiot_transports::business_rpc::v3: business RPC V3 received frame stream_id=92 frame_type=Data payload_bytes=118
2026-09-26T01:19:10.930556Z DEBUG netbaiot_transports::business_rpc::v3: business RPC V3 writer completed frame stream_id=0 frame_type=WindowUpdate payload_bytes=4
2026-09-26T01:19:10.930581Z DEBUG netbaiot_transports::business_rpc::v3: business RPC V3 Event delivery acknowledged stream_id=92 completion_us=763418
2026-09-26T01:19:10.930592Z DEBUG netbaiot_transports::business_rpc::v3: business RPC V3 selected frame stream_id=0 frame_type=WindowUpdate payload_bytes=4
2026-09-26T01:19:10.930640Z DEBUG netbaiot_transports::business_rpc::v3: business RPC V3 writer completed frame stream_id=0 frame_type=WindowUpdate payload_bytes=4
2026-09-26T01:19:10.930920Z DEBUG netbaiot_transports::business_rpc::v3: business RPC V3 body entered scheduler stream_id=102 class=Rpc body_bytes=197
2026-09-26T01:19:10.930926Z DEBUG netbaiot_transports::business_rpc::v3: business RPC V3 body entered scheduler stream_id=104 class=Rpc body_bytes=197
2026-09-26T01:19:10.930929Z DEBUG netbaiot_transports::business_rpc::v3: business RPC V3 selected frame stream_id=102 frame_type=Open payload_bytes=158
2026-09-26T01:19:10.930936Z DEBUG netbaiot_transports::business_rpc::v3: business RPC V3 writer completed frame stream_id=102 frame_type=Open payload_bytes=158
2026-09-26T01:19:10.930940Z DEBUG netbaiot_transports::business_rpc::v3: business RPC V3 selected frame stream_id=104 frame_type=Open payload_bytes=158
2026-09-26T01:19:10.930944Z DEBUG netbaiot_transports::business_rpc::v3: business RPC V3 writer completed frame stream_id=104 frame_type=Open payload_bytes=158
2026-09-26T01:19:10.930947Z DEBUG netbaiot_transports::business_rpc::v3: business RPC V3 body entered scheduler stream_id=106 class=Rpc body_bytes=197
2026-09-26T01:19:10.930950Z DEBUG netbaiot_transports::business_rpc::v3: business RPC V3 selected frame stream_id=106 frame_type=Open payload_bytes=158
2026-09-26T01:19:10.930954Z DEBUG netbaiot_transports::business_rpc::v3: business RPC V3 writer completed frame stream_id=106 frame_type=Open payload_bytes=158
2026-09-26T01:19:10.930956Z DEBUG netbaiot_transports::business_rpc::v3: business RPC V3 selected frame stream_id=102 frame_type=Data payload_bytes=197
2026-09-26T01:19:10.930961Z DEBUG netbaiot_transports::business_rpc::v3: business RPC V3 writer completed frame stream_id=102 frame_type=Data payload_bytes=197
2026-09-26T01:19:10.930964Z DEBUG netbaiot_transports::business_rpc::v3: business RPC V3 selected frame stream_id=104 frame_type=Data payload_bytes=197
2026-09-26T01:19:10.930969Z DEBUG netbaiot_transports::business_rpc::v3: business RPC V3 writer completed frame stream_id=104 frame_type=Data payload_bytes=197
2026-09-26T01:19:10.930971Z DEBUG netbaiot_transports::business_rpc::v3: business RPC V3 body entered scheduler stream_id=108 class=Rpc body_bytes=197
2026-09-26T01:19:10.930973Z DEBUG netbaiot_transports::business_rpc::v3: business RPC V3 selected frame stream_id=108 frame_type=Open payload_bytes=158
2026-09-26T01:19:10.930981Z DEBUG netbaiot_transports::business_rpc::v3: business RPC V3 writer completed frame stream_id=108 frame_type=Open payload_bytes=158
2026-09-26T01:19:10.930984Z DEBUG netbaiot_transports::business_rpc::v3: business RPC V3 selected frame stream_id=106 frame_type=Data payload_bytes=197
2026-09-26T01:19:10.930987Z DEBUG netbaiot_transports::business_rpc::v3: business RPC V3 writer completed frame stream_id=106 frame_type=Data payload_bytes=197
2026-09-26T01:19:10.930989Z DEBUG netbaiot_transports::business_rpc::v3: business RPC V3 selected frame stream_id=108 frame_type=Data payload_bytes=197
2026-09-26T01:19:10.930997Z DEBUG netbaiot_transports::business_rpc::v3: business RPC V3 writer completed frame stream_id=108 frame_type=Data payload_bytes=197
2026-09-26T01:19:11.093468Z DEBUG netbaiot_transports::business_rpc::v3: business RPC V3 received frame stream_id=0 frame_type=WindowUpdate payload_bytes=4
2026-09-26T01:19:11.093483Z DEBUG netbaiot_transports::business_rpc::v3: business RPC V3 received frame stream_id=0 frame_type=WindowUpdate payload_bytes=4
2026-09-26T01:19:11.093487Z DEBUG netbaiot_transports::business_rpc::v3: business RPC V3 received frame stream_id=0 frame_type=WindowUpdate payload_bytes=4
2026-09-26T01:19:11.093489Z DEBUG netbaiot_transports::business_rpc::v3: business RPC V3 received frame stream_id=0 frame_type=WindowUpdate payload_bytes=4
2026-09-26T01:19:11.093492Z DEBUG netbaiot_transports::business_rpc::v3: business RPC V3 received frame stream_id=108 frame_type=Response payload_bytes=35
2026-09-26T01:19:11.093497Z DEBUG netbaiot_transports::business_rpc::v3: business RPC V3 received frame stream_id=102 frame_type=Response payload_bytes=35
2026-09-26T01:19:11.093500Z DEBUG netbaiot_transports::business_rpc::v3: business RPC V3 received frame stream_id=104 frame_type=Response payload_bytes=35
2026-09-26T01:19:11.093502Z DEBUG netbaiot_transports::business_rpc::v3: business RPC V3 received frame stream_id=106 frame_type=Response payload_bytes=35
2026-09-26T01:19:11.093504Z DEBUG netbaiot_transports::business_rpc::v3: business RPC V3 received frame stream_id=108 frame_type=Data payload_bytes=215
2026-09-26T01:19:11.093527Z DEBUG netbaiot_transports::business_rpc::v3: business RPC V3 received frame stream_id=102 frame_type=Data payload_bytes=215
2026-09-26T01:19:11.093538Z DEBUG netbaiot_transports::business_rpc::v3: business RPC V3 received frame stream_id=104 frame_type=Data payload_bytes=215
2026-09-26T01:19:11.093546Z DEBUG netbaiot_transports::business_rpc::v3: business RPC V3 received frame stream_id=106 frame_type=Data payload_bytes=215
2026-09-26T01:19:11.093539Z DEBUG netbaiot_transports::business_rpc::v3: business RPC V3 selected frame stream_id=0 frame_type=WindowUpdate payload_bytes=4
2026-09-26T01:19:11.093593Z DEBUG netbaiot_transports::business_rpc::v3: business RPC V3 writer completed frame stream_id=0 frame_type=WindowUpdate payload_bytes=4
2026-09-26T01:19:11.093605Z DEBUG netbaiot_transports::business_rpc::v3: business RPC V3 selected frame stream_id=0 frame_type=WindowUpdate payload_bytes=4
2026-09-26T01:19:11.093624Z DEBUG netbaiot_transports::business_rpc::v3: business RPC V3 writer completed frame stream_id=0 frame_type=WindowUpdate payload_bytes=4
2026-09-26T01:19:11.093631Z DEBUG netbaiot_transports::business_rpc::v3: business RPC V3 selected frame stream_id=0 frame_type=WindowUpdate payload_bytes=4
2026-09-26T01:19:11.093635Z DEBUG netbaiot_transports::business_rpc::v3: business RPC V3 writer completed frame stream_id=0 frame_type=WindowUpdate payload_bytes=4
2026-09-26T01:19:11.093638Z DEBUG netbaiot_transports::business_rpc::v3: business RPC V3 selected frame stream_id=0 frame_type=WindowUpdate payload_bytes=4
2026-09-26T01:19:11.093641Z DEBUG netbaiot_transports::business_rpc::v3: business RPC V3 writer completed frame stream_id=0 frame_type=WindowUpdate payload_bytes=4
2026-09-26T01:19:11.094056Z DEBUG netbaiot_transports::business_rpc::v3: business RPC V3 body entered scheduler stream_id=110 class=Rpc body_bytes=197
2026-09-26T01:19:11.094064Z DEBUG netbaiot_transports::business_rpc::v3: business RPC V3 selected frame stream_id=110 frame_type=Open payload_bytes=158
2026-09-26T01:19:11.094074Z DEBUG netbaiot_transports::business_rpc::v3: business RPC V3 writer completed frame stream_id=110 frame_type=Open payload_bytes=158
2026-09-26T01:19:11.094077Z DEBUG netbaiot_transports::business_rpc::v3: business RPC V3 body entered scheduler stream_id=112 class=Rpc body_bytes=197
2026-09-26T01:19:11.094081Z DEBUG netbaiot_transports::business_rpc::v3: business RPC V3 body entered scheduler stream_id=114 class=Rpc body_bytes=197
2026-09-26T01:19:11.094083Z DEBUG netbaiot_transports::business_rpc::v3: business RPC V3 selected frame stream_id=112 frame_type=Open payload_bytes=158
2026-09-26T01:19:11.094088Z DEBUG netbaiot_transports::business_rpc::v3: business RPC V3 writer completed frame stream_id=112 frame_type=Open payload_bytes=158
2026-09-26T01:19:11.094092Z DEBUG netbaiot_transports::business_rpc::v3: business RPC V3 body entered scheduler stream_id=116 class=Rpc body_bytes=197
2026-09-26T01:19:11.094094Z DEBUG netbaiot_transports::business_rpc::v3: business RPC V3 selected frame stream_id=114 frame_type=Open payload_bytes=158
2026-09-26T01:19:11.094097Z DEBUG netbaiot_transports::business_rpc::v3: business RPC V3 writer completed frame stream_id=114 frame_type=Open payload_bytes=158
2026-09-26T01:19:11.094099Z DEBUG netbaiot_transports::business_rpc::v3: business RPC V3 selected frame stream_id=116 frame_type=Open payload_bytes=158
2026-09-26T01:19:11.094102Z DEBUG netbaiot_transports::business_rpc::v3: business RPC V3 writer completed frame stream_id=116 frame_type=Open payload_bytes=158
2026-09-26T01:19:11.094104Z DEBUG netbaiot_transports::business_rpc::v3: business RPC V3 selected frame stream_id=110 frame_type=Data payload_bytes=197
2026-09-26T01:19:11.094128Z DEBUG netbaiot_transports::business_rpc::v3: business RPC V3 writer completed frame stream_id=110 frame_type=Data payload_bytes=197
2026-09-26T01:19:11.094163Z DEBUG netbaiot_transports::business_rpc::v3: business RPC V3 selected frame stream_id=112 frame_type=Data payload_bytes=197
2026-09-26T01:19:11.094176Z DEBUG netbaiot_transports::business_rpc::v3: business RPC V3 writer completed frame stream_id=112 frame_type=Data payload_bytes=197
2026-09-26T01:19:11.094184Z DEBUG netbaiot_transports::business_rpc::v3: business RPC V3 selected frame stream_id=114 frame_type=Data payload_bytes=197
2026-09-26T01:19:11.094194Z DEBUG netbaiot_transports::business_rpc::v3: business RPC V3 writer completed frame stream_id=114 frame_type=Data payload_bytes=197
2026-09-26T01:19:11.094222Z DEBUG netbaiot_transports::business_rpc::v3: business RPC V3 selected frame stream_id=116 frame_type=Data payload_bytes=197
2026-09-26T01:19:11.094242Z DEBUG netbaiot_transports::business_rpc::v3: business RPC V3 writer completed frame stream_id=116 frame_type=Data payload_bytes=197
2026-09-26T01:19:11.166943Z DEBUG netbaiot_transports::business_rpc::v3: business RPC V3 body entered scheduler stream_id=118 class=Event body_bytes=17365
2026-09-26T01:19:11.166975Z DEBUG netbaiot_transports::business_rpc::v3: business RPC V3 selected frame stream_id=118 frame_type=Open payload_bytes=184
2026-09-26T01:19:11.166986Z DEBUG netbaiot_transports::business_rpc::v3: business RPC V3 writer completed frame stream_id=118 frame_type=Open payload_bytes=184
2026-09-26T01:19:11.166990Z DEBUG netbaiot_transports::business_rpc::v3: business RPC V3 selected frame stream_id=118 frame_type=Data payload_bytes=8192
2026-09-26T01:19:11.166995Z DEBUG netbaiot_transports::business_rpc::v3: business RPC V3 writer completed frame stream_id=118 frame_type=Data payload_bytes=8192
2026-09-26T01:19:11.166998Z DEBUG netbaiot_transports::business_rpc::v3: business RPC V3 selected frame stream_id=118 frame_type=Data payload_bytes=8192
2026-09-26T01:19:11.167008Z DEBUG netbaiot_transports::business_rpc::v3: business RPC V3 writer completed frame stream_id=118 frame_type=Data payload_bytes=8192
2026-09-26T01:19:11.167010Z DEBUG netbaiot_transports::business_rpc::v3: business RPC V3 selected frame stream_id=118 frame_type=Data payload_bytes=981
2026-09-26T01:19:11.167014Z DEBUG netbaiot_transports::business_rpc::v3: business RPC V3 writer completed frame stream_id=118 frame_type=Data payload_bytes=981
2026-09-26T01:19:11.222275Z DEBUG netbaiot_transports::business_rpc::v3: business RPC V3 received frame stream_id=0 frame_type=WindowUpdate payload_bytes=4
2026-09-26T01:19:11.222292Z DEBUG netbaiot_transports::business_rpc::v3: business RPC V3 received frame stream_id=0 frame_type=WindowUpdate payload_bytes=4
2026-09-26T01:19:11.282963Z DEBUG netbaiot_transports::business_rpc::v3: business RPC V3 received frame stream_id=0 frame_type=WindowUpdate payload_bytes=4
2026-09-26T01:19:11.282991Z DEBUG netbaiot_transports::business_rpc::v3: business RPC V3 received frame stream_id=0 frame_type=WindowUpdate payload_bytes=4
2026-09-26T01:19:11.282996Z DEBUG netbaiot_transports::business_rpc::v3: business RPC V3 received frame stream_id=110 frame_type=Response payload_bytes=35
2026-09-26T01:19:11.283005Z DEBUG netbaiot_transports::business_rpc::v3: business RPC V3 received frame stream_id=116 frame_type=Response payload_bytes=35
2026-09-26T01:19:11.283009Z DEBUG netbaiot_transports::business_rpc::v3: business RPC V3 received frame stream_id=114 frame_type=Response payload_bytes=35
2026-09-26T01:19:11.283012Z DEBUG netbaiot_transports::business_rpc::v3: business RPC V3 received frame stream_id=112 frame_type=Response payload_bytes=35
2026-09-26T01:19:11.283015Z DEBUG netbaiot_transports::business_rpc::v3: business RPC V3 received frame stream_id=110 frame_type=Data payload_bytes=215
2026-09-26T01:19:11.283032Z DEBUG netbaiot_transports::business_rpc::v3: business RPC V3 received frame stream_id=116 frame_type=Data payload_bytes=215
2026-09-26T01:19:11.283040Z DEBUG netbaiot_transports::business_rpc::v3: business RPC V3 received frame stream_id=114 frame_type=Data payload_bytes=215
2026-09-26T01:19:11.283043Z DEBUG netbaiot_transports::business_rpc::v3: business RPC V3 selected frame stream_id=0 frame_type=WindowUpdate payload_bytes=4
2026-09-26T01:19:11.283065Z DEBUG netbaiot_transports::business_rpc::v3: business RPC V3 writer completed frame stream_id=0 frame_type=WindowUpdate payload_bytes=4
2026-09-26T01:19:11.283070Z DEBUG netbaiot_transports::business_rpc::v3: business RPC V3 selected frame stream_id=0 frame_type=WindowUpdate payload_bytes=4
2026-09-26T01:19:11.283076Z DEBUG netbaiot_transports::business_rpc::v3: business RPC V3 writer completed frame stream_id=0 frame_type=WindowUpdate payload_bytes=4
2026-09-26T01:19:11.283079Z DEBUG netbaiot_transports::business_rpc::v3: business RPC V3 selected frame stream_id=0 frame_type=WindowUpdate payload_bytes=4
2026-09-26T01:19:11.283084Z DEBUG netbaiot_transports::business_rpc::v3: business RPC V3 writer completed frame stream_id=0 frame_type=WindowUpdate payload_bytes=4
2026-09-26T01:19:11.283046Z DEBUG netbaiot_transports::business_rpc::v3: business RPC V3 received frame stream_id=112 frame_type=Data payload_bytes=215
2026-09-26T01:19:11.283109Z DEBUG netbaiot_transports::business_rpc::v3: business RPC V3 selected frame stream_id=0 frame_type=WindowUpdate payload_bytes=4
2026-09-26T01:19:11.283123Z DEBUG netbaiot_transports::business_rpc::v3: business RPC V3 writer completed frame stream_id=0 frame_type=WindowUpdate payload_bytes=4
2026-09-26T01:19:11.283484Z DEBUG netbaiot_transports::business_rpc::v3: business RPC V3 body entered scheduler stream_id=120 class=Rpc body_bytes=197
2026-09-26T01:19:11.283490Z DEBUG netbaiot_transports::business_rpc::v3: business RPC V3 selected frame stream_id=120 frame_type=Open payload_bytes=158
2026-09-26T01:19:11.283498Z DEBUG netbaiot_transports::business_rpc::v3: business RPC V3 writer completed frame stream_id=120 frame_type=Open payload_bytes=158
2026-09-26T01:19:11.283501Z DEBUG netbaiot_transports::business_rpc::v3: business RPC V3 body entered scheduler stream_id=122 class=Rpc body_bytes=197
2026-09-26T01:19:11.283504Z DEBUG netbaiot_transports::business_rpc::v3: business RPC V3 body entered scheduler stream_id=124 class=Rpc body_bytes=197
2026-09-26T01:19:11.283507Z DEBUG netbaiot_transports::business_rpc::v3: business RPC V3 selected frame stream_id=122 frame_type=Open payload_bytes=158
2026-09-26T01:19:11.283511Z DEBUG netbaiot_transports::business_rpc::v3: business RPC V3 writer completed frame stream_id=122 frame_type=Open payload_bytes=158
2026-09-26T01:19:11.283513Z DEBUG netbaiot_transports::business_rpc::v3: business RPC V3 body entered scheduler stream_id=126 class=Rpc body_bytes=197
2026-09-26T01:19:11.283516Z DEBUG netbaiot_transports::business_rpc::v3: business RPC V3 selected frame stream_id=124 frame_type=Open payload_bytes=158
2026-09-26T01:19:11.283519Z DEBUG netbaiot_transports::business_rpc::v3: business RPC V3 writer completed frame stream_id=124 frame_type=Open payload_bytes=158
2026-09-26T01:19:11.283522Z DEBUG netbaiot_transports::business_rpc::v3: business RPC V3 selected frame stream_id=126 frame_type=Open payload_bytes=158
2026-09-26T01:19:11.283525Z DEBUG netbaiot_transports::business_rpc::v3: business RPC V3 writer completed frame stream_id=126 frame_type=Open payload_bytes=158
2026-09-26T01:19:11.283528Z DEBUG netbaiot_transports::business_rpc::v3: business RPC V3 selected frame stream_id=120 frame_type=Data payload_bytes=197
2026-09-26T01:19:11.283536Z DEBUG netbaiot_transports::business_rpc::v3: business RPC V3 writer completed frame stream_id=120 frame_type=Data payload_bytes=197
2026-09-26T01:19:11.283539Z DEBUG netbaiot_transports::business_rpc::v3: business RPC V3 selected frame stream_id=122 frame_type=Data payload_bytes=197
2026-09-26T01:19:11.283543Z DEBUG netbaiot_transports::business_rpc::v3: business RPC V3 writer completed frame stream_id=122 frame_type=Data payload_bytes=197
2026-09-26T01:19:11.283545Z DEBUG netbaiot_transports::business_rpc::v3: business RPC V3 selected frame stream_id=124 frame_type=Data payload_bytes=197
2026-09-26T01:19:11.283549Z DEBUG netbaiot_transports::business_rpc::v3: business RPC V3 writer completed frame stream_id=124 frame_type=Data payload_bytes=197
2026-09-26T01:19:11.283551Z DEBUG netbaiot_transports::business_rpc::v3: business RPC V3 selected frame stream_id=126 frame_type=Data payload_bytes=197
2026-09-26T01:19:11.283554Z DEBUG netbaiot_transports::business_rpc::v3: business RPC V3 writer completed frame stream_id=126 frame_type=Data payload_bytes=197
2026-09-26T01:19:11.749355Z DEBUG netbaiot_transports::business_rpc::v3: business RPC V3 received frame stream_id=0 frame_type=WindowUpdate payload_bytes=4
2026-09-26T01:19:11.749391Z DEBUG netbaiot_transports::business_rpc::v3: business RPC V3 received frame stream_id=118 frame_type=WindowUpdate payload_bytes=4
2026-09-26T01:19:11.851258Z DEBUG netbaiot_transports::business_rpc::v3: business RPC V3 received frame stream_id=0 frame_type=Ping payload_bytes=8
2026-09-26T01:19:11.851284Z DEBUG netbaiot_transports::business_rpc::v3: business RPC V3 selected frame stream_id=0 frame_type=Pong payload_bytes=8
2026-09-26T01:19:11.851292Z DEBUG netbaiot_transports::business_rpc::v3: business RPC V3 writer completed frame stream_id=0 frame_type=Pong payload_bytes=8
2026-09-26T01:19:11.919717Z DEBUG netbaiot_transports::business_rpc::v3: business RPC V3 received frame stream_id=0 frame_type=WindowUpdate payload_bytes=4
2026-09-26T01:19:11.919733Z DEBUG netbaiot_transports::business_rpc::v3: business RPC V3 received frame stream_id=118 frame_type=WindowUpdate payload_bytes=4
2026-09-26T01:19:11.919736Z DEBUG netbaiot_transports::business_rpc::v3: business RPC V3 received frame stream_id=0 frame_type=WindowUpdate payload_bytes=4
2026-09-26T01:19:11.919739Z DEBUG netbaiot_transports::business_rpc::v3: business RPC V3 received frame stream_id=0 frame_type=WindowUpdate payload_bytes=4
2026-09-26T01:19:11.919741Z DEBUG netbaiot_transports::business_rpc::v3: business RPC V3 received frame stream_id=0 frame_type=WindowUpdate payload_bytes=4
2026-09-26T01:19:11.919744Z DEBUG netbaiot_transports::business_rpc::v3: business RPC V3 received frame stream_id=0 frame_type=WindowUpdate payload_bytes=4
2026-09-26T01:19:11.919746Z DEBUG netbaiot_transports::business_rpc::v3: business RPC V3 received frame stream_id=0 frame_type=WindowUpdate payload_bytes=4
2026-09-26T01:19:11.919748Z DEBUG netbaiot_transports::business_rpc::v3: business RPC V3 received frame stream_id=126 frame_type=Response payload_bytes=35
2026-09-26T01:19:11.919753Z DEBUG netbaiot_transports::business_rpc::v3: business RPC V3 received frame stream_id=122 frame_type=Response payload_bytes=35
2026-09-26T01:19:11.919756Z DEBUG netbaiot_transports::business_rpc::v3: business RPC V3 received frame stream_id=120 frame_type=Response payload_bytes=35
2026-09-26T01:19:11.919758Z DEBUG netbaiot_transports::business_rpc::v3: business RPC V3 received frame stream_id=126 frame_type=Data payload_bytes=215
2026-09-26T01:19:11.919776Z DEBUG netbaiot_transports::business_rpc::v3: business RPC V3 received frame stream_id=122 frame_type=Data payload_bytes=215
2026-09-26T01:19:11.919783Z DEBUG netbaiot_transports::business_rpc::v3: business RPC V3 received frame stream_id=120 frame_type=Data payload_bytes=215
2026-09-26T01:19:11.919788Z DEBUG netbaiot_transports::business_rpc::v3: business RPC V3 received frame stream_id=124 frame_type=Response payload_bytes=35
2026-09-26T01:19:11.919787Z DEBUG netbaiot_transports::business_rpc::v3: business RPC V3 selected frame stream_id=0 frame_type=WindowUpdate payload_bytes=4
2026-09-26T01:19:11.919791Z DEBUG netbaiot_transports::business_rpc::v3: business RPC V3 received frame stream_id=124 frame_type=Data payload_bytes=215
2026-09-26T01:19:11.919805Z DEBUG netbaiot_transports::business_rpc::v3: business RPC V3 received frame stream_id=118 frame_type=Response payload_bytes=35
2026-09-26T01:19:11.919807Z DEBUG netbaiot_transports::business_rpc::v3: business RPC V3 received frame stream_id=118 frame_type=Data payload_bytes=118
2026-09-26T01:19:11.919808Z DEBUG netbaiot_transports::business_rpc::v3: business RPC V3 writer completed frame stream_id=0 frame_type=WindowUpdate payload_bytes=4
2026-09-26T01:19:11.919816Z DEBUG netbaiot_transports::business_rpc::v3: business RPC V3 selected frame stream_id=0 frame_type=WindowUpdate payload_bytes=4
2026-09-26T01:19:11.919811Z DEBUG netbaiot_transports::business_rpc::v3: business RPC V3 Event delivery acknowledged stream_id=118 completion_us=752873
2026-09-26T01:19:11.919820Z DEBUG netbaiot_transports::business_rpc::v3: business RPC V3 writer completed frame stream_id=0 frame_type=WindowUpdate payload_bytes=4
2026-09-26T01:19:11.919823Z DEBUG netbaiot_transports::business_rpc::v3: business RPC V3 selected frame stream_id=0 frame_type=WindowUpdate payload_bytes=4
2026-09-26T01:19:11.919827Z DEBUG netbaiot_transports::business_rpc::v3: business RPC V3 writer completed frame stream_id=0 frame_type=WindowUpdate payload_bytes=4
2026-09-26T01:19:11.919829Z DEBUG netbaiot_transports::business_rpc::v3: business RPC V3 selected frame stream_id=0 frame_type=WindowUpdate payload_bytes=4
2026-09-26T01:19:11.919832Z DEBUG netbaiot_transports::business_rpc::v3: business RPC V3 writer completed frame stream_id=0 frame_type=WindowUpdate payload_bytes=4
2026-09-26T01:19:11.919834Z DEBUG netbaiot_transports::business_rpc::v3: business RPC V3 selected frame stream_id=0 frame_type=WindowUpdate payload_bytes=4
2026-09-26T01:19:11.919837Z DEBUG netbaiot_transports::business_rpc::v3: business RPC V3 writer completed frame stream_id=0 frame_type=WindowUpdate payload_bytes=4
2026-09-26T01:19:11.920222Z DEBUG netbaiot_transports::business_rpc::v3: business RPC V3 body entered scheduler stream_id=128 class=Rpc body_bytes=197
2026-09-26T01:19:11.920227Z DEBUG netbaiot_transports::business_rpc::v3: business RPC V3 selected frame stream_id=128 frame_type=Open payload_bytes=158
2026-09-26T01:19:11.920233Z DEBUG netbaiot_transports::business_rpc::v3: business RPC V3 writer completed frame stream_id=128 frame_type=Open payload_bytes=158
2026-09-26T01:19:11.920236Z DEBUG netbaiot_transports::business_rpc::v3: business RPC V3 selected frame stream_id=128 frame_type=Data payload_bytes=197
2026-09-26T01:19:11.920240Z DEBUG netbaiot_transports::business_rpc::v3: business RPC V3 writer completed frame stream_id=128 frame_type=Data payload_bytes=197
2026-09-26T01:19:11.920246Z DEBUG netbaiot_transports::business_rpc::v3: business RPC V3 body entered scheduler stream_id=130 class=Rpc body_bytes=197
2026-09-26T01:19:11.920253Z DEBUG netbaiot_transports::business_rpc::v3: business RPC V3 selected frame stream_id=130 frame_type=Open payload_bytes=158
2026-09-26T01:19:11.920259Z DEBUG netbaiot_transports::business_rpc::v3: business RPC V3 writer completed frame stream_id=130 frame_type=Open payload_bytes=158
2026-09-26T01:19:11.920262Z DEBUG netbaiot_transports::business_rpc::v3: business RPC V3 selected frame stream_id=130 frame_type=Data payload_bytes=197
2026-09-26T01:19:11.920269Z DEBUG netbaiot_transports::business_rpc::v3: business RPC V3 writer completed frame stream_id=130 frame_type=Data payload_bytes=197
2026-09-26T01:19:11.920278Z DEBUG netbaiot_transports::business_rpc::v3: business RPC V3 body entered scheduler stream_id=132 class=Rpc body_bytes=197
2026-09-26T01:19:11.920284Z DEBUG netbaiot_transports::business_rpc::v3: business RPC V3 selected frame stream_id=132 frame_type=Open payload_bytes=158
2026-09-26T01:19:11.920293Z DEBUG netbaiot_transports::business_rpc::v3: business RPC V3 writer completed frame stream_id=132 frame_type=Open payload_bytes=158
2026-09-26T01:19:11.920296Z DEBUG netbaiot_transports::business_rpc::v3: business RPC V3 body entered scheduler stream_id=134 class=Rpc body_bytes=197
2026-09-26T01:19:11.920298Z DEBUG netbaiot_transports::business_rpc::v3: business RPC V3 selected frame stream_id=134 frame_type=Open payload_bytes=158
2026-09-26T01:19:11.920302Z DEBUG netbaiot_transports::business_rpc::v3: business RPC V3 writer completed frame stream_id=134 frame_type=Open payload_bytes=158
2026-09-26T01:19:11.920304Z DEBUG netbaiot_transports::business_rpc::v3: business RPC V3 selected frame stream_id=132 frame_type=Data payload_bytes=197
2026-09-26T01:19:11.920310Z DEBUG netbaiot_transports::business_rpc::v3: business RPC V3 writer completed frame stream_id=132 frame_type=Data payload_bytes=197
2026-09-26T01:19:11.920313Z DEBUG netbaiot_transports::business_rpc::v3: business RPC V3 selected frame stream_id=134 frame_type=Data payload_bytes=197
2026-09-26T01:19:11.920322Z DEBUG netbaiot_transports::business_rpc::v3: business RPC V3 writer completed frame stream_id=134 frame_type=Data payload_bytes=197
2026-09-26T01:19:12.075009Z DEBUG netbaiot_transports::business_rpc::v3: business RPC V3 received frame stream_id=0 frame_type=WindowUpdate payload_bytes=4
2026-09-26T01:19:12.075030Z DEBUG netbaiot_transports::business_rpc::v3: business RPC V3 received frame stream_id=0 frame_type=WindowUpdate payload_bytes=4
2026-09-26T01:19:12.075034Z DEBUG netbaiot_transports::business_rpc::v3: business RPC V3 received frame stream_id=0 frame_type=WindowUpdate payload_bytes=4
2026-09-26T01:19:12.075036Z DEBUG netbaiot_transports::business_rpc::v3: business RPC V3 received frame stream_id=0 frame_type=WindowUpdate payload_bytes=4
2026-09-26T01:19:12.075039Z DEBUG netbaiot_transports::business_rpc::v3: business RPC V3 received frame stream_id=134 frame_type=Response payload_bytes=35
2026-09-26T01:19:12.075044Z DEBUG netbaiot_transports::business_rpc::v3: business RPC V3 received frame stream_id=128 frame_type=Response payload_bytes=35
2026-09-26T01:19:12.075046Z DEBUG netbaiot_transports::business_rpc::v3: business RPC V3 received frame stream_id=130 frame_type=Response payload_bytes=35
2026-09-26T01:19:12.075049Z DEBUG netbaiot_transports::business_rpc::v3: business RPC V3 received frame stream_id=134 frame_type=Data payload_bytes=215
2026-09-26T01:19:12.075070Z DEBUG netbaiot_transports::business_rpc::v3: business RPC V3 received frame stream_id=128 frame_type=Data payload_bytes=215
2026-09-26T01:19:12.075077Z DEBUG netbaiot_transports::business_rpc::v3: business RPC V3 received frame stream_id=130 frame_type=Data payload_bytes=215
2026-09-26T01:19:12.075079Z DEBUG netbaiot_transports::business_rpc::v3: business RPC V3 selected frame stream_id=0 frame_type=WindowUpdate payload_bytes=4
2026-09-26T01:19:12.075095Z DEBUG netbaiot_transports::business_rpc::v3: business RPC V3 writer completed frame stream_id=0 frame_type=WindowUpdate payload_bytes=4
2026-09-26T01:19:12.075100Z DEBUG netbaiot_transports::business_rpc::v3: business RPC V3 selected frame stream_id=0 frame_type=WindowUpdate payload_bytes=4
2026-09-26T01:19:12.075104Z DEBUG netbaiot_transports::business_rpc::v3: business RPC V3 writer completed frame stream_id=0 frame_type=WindowUpdate payload_bytes=4
2026-09-26T01:19:12.075107Z DEBUG netbaiot_transports::business_rpc::v3: business RPC V3 selected frame stream_id=0 frame_type=WindowUpdate payload_bytes=4
2026-09-26T01:19:12.075110Z DEBUG netbaiot_transports::business_rpc::v3: business RPC V3 writer completed frame stream_id=0 frame_type=WindowUpdate payload_bytes=4
2026-09-26T01:19:12.075477Z DEBUG netbaiot_transports::business_rpc::v3: business RPC V3 body entered scheduler stream_id=136 class=Rpc body_bytes=197
2026-09-26T01:19:12.075482Z DEBUG netbaiot_transports::business_rpc::v3: business RPC V3 body entered scheduler stream_id=138 class=Rpc body_bytes=197
2026-09-26T01:19:12.075486Z DEBUG netbaiot_transports::business_rpc::v3: business RPC V3 selected frame stream_id=136 frame_type=Open payload_bytes=158
2026-09-26T01:19:12.075492Z DEBUG netbaiot_transports::business_rpc::v3: business RPC V3 writer completed frame stream_id=136 frame_type=Open payload_bytes=158
2026-09-26T01:19:12.075495Z DEBUG netbaiot_transports::business_rpc::v3: business RPC V3 body entered scheduler stream_id=140 class=Rpc body_bytes=197
2026-09-26T01:19:12.075497Z DEBUG netbaiot_transports::business_rpc::v3: business RPC V3 selected frame stream_id=136 frame_type=Data payload_bytes=197
2026-09-26T01:19:12.075500Z DEBUG netbaiot_transports::business_rpc::v3: business RPC V3 writer completed frame stream_id=136 frame_type=Data payload_bytes=197
2026-09-26T01:19:12.075503Z DEBUG netbaiot_transports::business_rpc::v3: business RPC V3 selected frame stream_id=138 frame_type=Open payload_bytes=158
2026-09-26T01:19:12.075510Z DEBUG netbaiot_transports::business_rpc::v3: business RPC V3 writer completed frame stream_id=138 frame_type=Open payload_bytes=158
2026-09-26T01:19:12.075512Z DEBUG netbaiot_transports::business_rpc::v3: business RPC V3 selected frame stream_id=140 frame_type=Open payload_bytes=158
2026-09-26T01:19:12.075517Z DEBUG netbaiot_transports::business_rpc::v3: business RPC V3 writer completed frame stream_id=140 frame_type=Open payload_bytes=158
2026-09-26T01:19:12.075519Z DEBUG netbaiot_transports::business_rpc::v3: business RPC V3 selected frame stream_id=138 frame_type=Data payload_bytes=197
2026-09-26T01:19:12.075525Z DEBUG netbaiot_transports::business_rpc::v3: business RPC V3 writer completed frame stream_id=138 frame_type=Data payload_bytes=197
2026-09-26T01:19:12.075527Z DEBUG netbaiot_transports::business_rpc::v3: business RPC V3 selected frame stream_id=140 frame_type=Data payload_bytes=197
2026-09-26T01:19:12.075530Z DEBUG netbaiot_transports::business_rpc::v3: business RPC V3 writer completed frame stream_id=140 frame_type=Data payload_bytes=197
2026-09-26T01:19:12.109299Z DEBUG netbaiot_transports::business_rpc::v3: business RPC V3 received frame stream_id=132 frame_type=Response payload_bytes=35
2026-09-26T01:19:12.109328Z DEBUG netbaiot_transports::business_rpc::v3: business RPC V3 received frame stream_id=132 frame_type=Data payload_bytes=215
2026-09-26T01:19:12.109360Z DEBUG netbaiot_transports::business_rpc::v3: business RPC V3 selected frame stream_id=0 frame_type=WindowUpdate payload_bytes=4
2026-09-26T01:19:12.109375Z DEBUG netbaiot_transports::business_rpc::v3: business RPC V3 writer completed frame stream_id=0 frame_type=WindowUpdate payload_bytes=4
2026-09-26T01:19:12.109654Z DEBUG netbaiot_transports::business_rpc::v3: business RPC V3 body entered scheduler stream_id=142 class=Rpc body_bytes=197
2026-09-26T01:19:12.109660Z DEBUG netbaiot_transports::business_rpc::v3: business RPC V3 selected frame stream_id=142 frame_type=Open payload_bytes=158
2026-09-26T01:19:12.109667Z DEBUG netbaiot_transports::business_rpc::v3: business RPC V3 writer completed frame stream_id=142 frame_type=Open payload_bytes=158
2026-09-26T01:19:12.109671Z DEBUG netbaiot_transports::business_rpc::v3: business RPC V3 selected frame stream_id=142 frame_type=Data payload_bytes=197
2026-09-26T01:19:12.109674Z DEBUG netbaiot_transports::business_rpc::v3: business RPC V3 writer completed frame stream_id=142 frame_type=Data payload_bytes=197
2026-09-26T01:19:12.166586Z DEBUG netbaiot_transports::business_rpc::v3: business RPC V3 body entered scheduler stream_id=144 class=Event body_bytes=17365
2026-09-26T01:19:12.166598Z DEBUG netbaiot_transports::business_rpc::v3: business RPC V3 selected frame stream_id=144 frame_type=Open payload_bytes=184
2026-09-26T01:19:12.166608Z DEBUG netbaiot_transports::business_rpc::v3: business RPC V3 writer completed frame stream_id=144 frame_type=Open payload_bytes=184
2026-09-26T01:19:12.166612Z DEBUG netbaiot_transports::business_rpc::v3: business RPC V3 selected frame stream_id=144 frame_type=Data payload_bytes=8192
2026-09-26T01:19:12.166616Z DEBUG netbaiot_transports::business_rpc::v3: business RPC V3 writer completed frame stream_id=144 frame_type=Data payload_bytes=8192
2026-09-26T01:19:12.166619Z DEBUG netbaiot_transports::business_rpc::v3: business RPC V3 selected frame stream_id=144 frame_type=Data payload_bytes=8192
2026-09-26T01:19:12.166626Z DEBUG netbaiot_transports::business_rpc::v3: business RPC V3 writer completed frame stream_id=144 frame_type=Data payload_bytes=8192
2026-09-26T01:19:12.166629Z DEBUG netbaiot_transports::business_rpc::v3: business RPC V3 selected frame stream_id=144 frame_type=Data payload_bytes=981
2026-09-26T01:19:12.166633Z DEBUG netbaiot_transports::business_rpc::v3: business RPC V3 writer completed frame stream_id=144 frame_type=Data payload_bytes=981
2026-09-26T01:19:12.217027Z DEBUG netbaiot_transports::business_rpc::v3: business RPC V3 received frame stream_id=0 frame_type=WindowUpdate payload_bytes=4
2026-09-26T01:19:12.217049Z DEBUG netbaiot_transports::business_rpc::v3: business RPC V3 received frame stream_id=0 frame_type=WindowUpdate payload_bytes=4
2026-09-26T01:19:12.217053Z DEBUG netbaiot_transports::business_rpc::v3: business RPC V3 received frame stream_id=0 frame_type=WindowUpdate payload_bytes=4
2026-09-26T01:19:12.217057Z DEBUG netbaiot_transports::business_rpc::v3: business RPC V3 received frame stream_id=140 frame_type=Response payload_bytes=35
2026-09-26T01:19:12.217063Z DEBUG netbaiot_transports::business_rpc::v3: business RPC V3 received frame stream_id=140 frame_type=Data payload_bytes=215
2026-09-26T01:19:12.217082Z DEBUG netbaiot_transports::business_rpc::v3: business RPC V3 received frame stream_id=136 frame_type=Response payload_bytes=35
2026-09-26T01:19:12.217086Z DEBUG netbaiot_transports::business_rpc::v3: business RPC V3 received frame stream_id=138 frame_type=Response payload_bytes=35
2026-09-26T01:19:12.217089Z DEBUG netbaiot_transports::business_rpc::v3: business RPC V3 received frame stream_id=136 frame_type=Data payload_bytes=215
2026-09-26T01:19:12.217095Z DEBUG netbaiot_transports::business_rpc::v3: business RPC V3 received frame stream_id=138 frame_type=Data payload_bytes=215
2026-09-26T01:19:12.217101Z DEBUG netbaiot_transports::business_rpc::v3: business RPC V3 selected frame stream_id=0 frame_type=WindowUpdate payload_bytes=4
2026-09-26T01:19:12.217175Z DEBUG netbaiot_transports::business_rpc::v3: business RPC V3 writer completed frame stream_id=0 frame_type=WindowUpdate payload_bytes=4
2026-09-26T01:19:12.217200Z DEBUG netbaiot_transports::business_rpc::v3: business RPC V3 selected frame stream_id=0 frame_type=WindowUpdate payload_bytes=4
2026-09-26T01:19:12.217210Z DEBUG netbaiot_transports::business_rpc::v3: business RPC V3 writer completed frame stream_id=0 frame_type=WindowUpdate payload_bytes=4
2026-09-26T01:19:12.217216Z DEBUG netbaiot_transports::business_rpc::v3: business RPC V3 selected frame stream_id=0 frame_type=WindowUpdate payload_bytes=4
2026-09-26T01:19:12.217237Z DEBUG netbaiot_transports::business_rpc::v3: business RPC V3 writer completed frame stream_id=0 frame_type=WindowUpdate payload_bytes=4
2026-09-26T01:19:12.217630Z DEBUG netbaiot_transports::business_rpc::v3: business RPC V3 body entered scheduler stream_id=146 class=Rpc body_bytes=197
2026-09-26T01:19:12.217667Z DEBUG netbaiot_transports::business_rpc::v3: business RPC V3 body entered scheduler stream_id=148 class=Rpc body_bytes=197
2026-09-26T01:19:12.217674Z DEBUG netbaiot_transports::business_rpc::v3: business RPC V3 body entered scheduler stream_id=150 class=Rpc body_bytes=197
2026-09-26T01:19:12.217680Z DEBUG netbaiot_transports::business_rpc::v3: business RPC V3 selected frame stream_id=146 frame_type=Open payload_bytes=158
2026-09-26T01:19:12.217693Z DEBUG netbaiot_transports::business_rpc::v3: business RPC V3 writer completed frame stream_id=146 frame_type=Open payload_bytes=158
2026-09-26T01:19:12.217700Z DEBUG netbaiot_transports::business_rpc::v3: business RPC V3 selected frame stream_id=146 frame_type=Data payload_bytes=197
2026-09-26T01:19:12.217709Z DEBUG netbaiot_transports::business_rpc::v3: business RPC V3 writer completed frame stream_id=146 frame_type=Data payload_bytes=197
2026-09-26T01:19:12.217716Z DEBUG netbaiot_transports::business_rpc::v3: business RPC V3 selected frame stream_id=148 frame_type=Open payload_bytes=158
2026-09-26T01:19:12.217724Z DEBUG netbaiot_transports::business_rpc::v3: business RPC V3 writer completed frame stream_id=148 frame_type=Open payload_bytes=158
2026-09-26T01:19:12.217729Z DEBUG netbaiot_transports::business_rpc::v3: business RPC V3 selected frame stream_id=150 frame_type=Open payload_bytes=158
2026-09-26T01:19:12.217735Z DEBUG netbaiot_transports::business_rpc::v3: business RPC V3 writer completed frame stream_id=150 frame_type=Open payload_bytes=158
2026-09-26T01:19:12.217740Z DEBUG netbaiot_transports::business_rpc::v3: business RPC V3 selected frame stream_id=148 frame_type=Data payload_bytes=197
2026-09-26T01:19:12.217752Z DEBUG netbaiot_transports::business_rpc::v3: business RPC V3 writer completed frame stream_id=148 frame_type=Data payload_bytes=197
2026-09-26T01:19:12.217758Z DEBUG netbaiot_transports::business_rpc::v3: business RPC V3 selected frame stream_id=150 frame_type=Data payload_bytes=197
2026-09-26T01:19:12.217767Z DEBUG netbaiot_transports::business_rpc::v3: business RPC V3 writer completed frame stream_id=150 frame_type=Data payload_bytes=197
2026-09-26T01:19:12.252118Z DEBUG netbaiot_transports::business_rpc::v3: business RPC V3 received frame stream_id=0 frame_type=WindowUpdate payload_bytes=4
2026-09-26T01:19:12.252141Z DEBUG netbaiot_transports::business_rpc::v3: business RPC V3 received frame stream_id=142 frame_type=Response payload_bytes=35
2026-09-26T01:19:12.252149Z DEBUG netbaiot_transports::business_rpc::v3: business RPC V3 received frame stream_id=142 frame_type=Data payload_bytes=215
2026-09-26T01:19:12.252180Z DEBUG netbaiot_transports::business_rpc::v3: business RPC V3 selected frame stream_id=0 frame_type=WindowUpdate payload_bytes=4
2026-09-26T01:19:12.252198Z DEBUG netbaiot_transports::business_rpc::v3: business RPC V3 writer completed frame stream_id=0 frame_type=WindowUpdate payload_bytes=4
2026-09-26T01:19:12.252548Z DEBUG netbaiot_transports::business_rpc::v3: business RPC V3 body entered scheduler stream_id=152 class=Rpc body_bytes=197
2026-09-26T01:19:12.252555Z DEBUG netbaiot_transports::business_rpc::v3: business RPC V3 selected frame stream_id=152 frame_type=Open payload_bytes=158
2026-09-26T01:19:12.252563Z DEBUG netbaiot_transports::business_rpc::v3: business RPC V3 writer completed frame stream_id=152 frame_type=Open payload_bytes=158
2026-09-26T01:19:12.252567Z DEBUG netbaiot_transports::business_rpc::v3: business RPC V3 selected frame stream_id=152 frame_type=Data payload_bytes=197
2026-09-26T01:19:12.252571Z DEBUG netbaiot_transports::business_rpc::v3: business RPC V3 writer completed frame stream_id=152 frame_type=Data payload_bytes=197
2026-09-26T01:19:12.759376Z DEBUG netbaiot_transports::business_rpc::v3: business RPC V3 received frame stream_id=0 frame_type=WindowUpdate payload_bytes=4
2026-09-26T01:19:12.759424Z DEBUG netbaiot_transports::business_rpc::v3: business RPC V3 received frame stream_id=144 frame_type=WindowUpdate payload_bytes=4
2026-09-26T01:19:12.904066Z DEBUG netbaiot_transports::business_rpc::v3: business RPC V3 received frame stream_id=0 frame_type=WindowUpdate payload_bytes=4
2026-09-26T01:19:12.904100Z DEBUG netbaiot_transports::business_rpc::v3: business RPC V3 received frame stream_id=144 frame_type=WindowUpdate payload_bytes=4
2026-09-26T01:19:12.904106Z DEBUG netbaiot_transports::business_rpc::v3: business RPC V3 received frame stream_id=0 frame_type=WindowUpdate payload_bytes=4
2026-09-26T01:19:12.904110Z DEBUG netbaiot_transports::business_rpc::v3: business RPC V3 received frame stream_id=0 frame_type=WindowUpdate payload_bytes=4
2026-09-26T01:19:12.904114Z DEBUG netbaiot_transports::business_rpc::v3: business RPC V3 received frame stream_id=0 frame_type=WindowUpdate payload_bytes=4
2026-09-26T01:19:12.904118Z DEBUG netbaiot_transports::business_rpc::v3: business RPC V3 received frame stream_id=0 frame_type=WindowUpdate payload_bytes=4
2026-09-26T01:19:12.904121Z DEBUG netbaiot_transports::business_rpc::v3: business RPC V3 received frame stream_id=0 frame_type=WindowUpdate payload_bytes=4
2026-09-26T01:19:12.904124Z DEBUG netbaiot_transports::business_rpc::v3: business RPC V3 received frame stream_id=146 frame_type=Response payload_bytes=35
2026-09-26T01:19:12.904132Z DEBUG netbaiot_transports::business_rpc::v3: business RPC V3 received frame stream_id=152 frame_type=Response payload_bytes=35
2026-09-26T01:19:12.904136Z DEBUG netbaiot_transports::business_rpc::v3: business RPC V3 received frame stream_id=148 frame_type=Response payload_bytes=35
2026-09-26T01:19:12.904139Z DEBUG netbaiot_transports::business_rpc::v3: business RPC V3 received frame stream_id=150 frame_type=Response payload_bytes=35
2026-09-26T01:19:12.904143Z DEBUG netbaiot_transports::business_rpc::v3: business RPC V3 received frame stream_id=146 frame_type=Data payload_bytes=215
2026-09-26T01:19:12.904170Z DEBUG netbaiot_transports::business_rpc::v3: business RPC V3 received frame stream_id=152 frame_type=Data payload_bytes=215
2026-09-26T01:19:12.904179Z DEBUG netbaiot_transports::business_rpc::v3: business RPC V3 received frame stream_id=148 frame_type=Data payload_bytes=215
2026-09-26T01:19:12.904186Z DEBUG netbaiot_transports::business_rpc::v3: business RPC V3 received frame stream_id=150 frame_type=Data payload_bytes=215
2026-09-26T01:19:12.904184Z DEBUG netbaiot_transports::business_rpc::v3: business RPC V3 selected frame stream_id=0 frame_type=WindowUpdate payload_bytes=4
2026-09-26T01:19:12.904222Z DEBUG netbaiot_transports::business_rpc::v3: business RPC V3 writer completed frame stream_id=0 frame_type=WindowUpdate payload_bytes=4
2026-09-26T01:19:12.904231Z DEBUG netbaiot_transports::business_rpc::v3: business RPC V3 selected frame stream_id=0 frame_type=WindowUpdate payload_bytes=4
2026-09-26T01:19:12.904238Z DEBUG netbaiot_transports::business_rpc::v3: business RPC V3 writer completed frame stream_id=0 frame_type=WindowUpdate payload_bytes=4
2026-09-26T01:19:12.904242Z DEBUG netbaiot_transports::business_rpc::v3: business RPC V3 selected frame stream_id=0 frame_type=WindowUpdate payload_bytes=4
2026-09-26T01:19:12.904248Z DEBUG netbaiot_transports::business_rpc::v3: business RPC V3 writer completed frame stream_id=0 frame_type=WindowUpdate payload_bytes=4
2026-09-26T01:19:12.904251Z DEBUG netbaiot_transports::business_rpc::v3: business RPC V3 selected frame stream_id=0 frame_type=WindowUpdate payload_bytes=4
2026-09-26T01:19:12.904260Z DEBUG netbaiot_transports::business_rpc::v3: business RPC V3 writer completed frame stream_id=0 frame_type=WindowUpdate payload_bytes=4
2026-09-26T01:19:12.904731Z DEBUG netbaiot_transports::business_rpc::v3: business RPC V3 body entered scheduler stream_id=154 class=Rpc body_bytes=197
2026-09-26T01:19:12.904739Z DEBUG netbaiot_transports::business_rpc::v3: business RPC V3 body entered scheduler stream_id=156 class=Rpc body_bytes=197
2026-09-26T01:19:12.904742Z DEBUG netbaiot_transports::business_rpc::v3: business RPC V3 selected frame stream_id=154 frame_type=Open payload_bytes=158
2026-09-26T01:19:12.904753Z DEBUG netbaiot_transports::business_rpc::v3: business RPC V3 writer completed frame stream_id=154 frame_type=Open payload_bytes=158
2026-09-26T01:19:12.904757Z DEBUG netbaiot_transports::business_rpc::v3: business RPC V3 body entered scheduler stream_id=158 class=Rpc body_bytes=197
2026-09-26T01:19:12.904760Z DEBUG netbaiot_transports::business_rpc::v3: business RPC V3 body entered scheduler stream_id=160 class=Rpc body_bytes=197
2026-09-26T01:19:12.904763Z DEBUG netbaiot_transports::business_rpc::v3: business RPC V3 selected frame stream_id=156 frame_type=Open payload_bytes=158
2026-09-26T01:19:12.904773Z DEBUG netbaiot_transports::business_rpc::v3: business RPC V3 writer completed frame stream_id=156 frame_type=Open payload_bytes=158
2026-09-26T01:19:12.904776Z DEBUG netbaiot_transports::business_rpc::v3: business RPC V3 selected frame stream_id=158 frame_type=Open payload_bytes=158
2026-09-26T01:19:12.904787Z DEBUG netbaiot_transports::business_rpc::v3: business RPC V3 writer completed frame stream_id=158 frame_type=Open payload_bytes=158
2026-09-26T01:19:12.904790Z DEBUG netbaiot_transports::business_rpc::v3: business RPC V3 selected frame stream_id=160 frame_type=Open payload_bytes=158
2026-09-26T01:19:12.904798Z DEBUG netbaiot_transports::business_rpc::v3: business RPC V3 writer completed frame stream_id=160 frame_type=Open payload_bytes=158
2026-09-26T01:19:12.904801Z DEBUG netbaiot_transports::business_rpc::v3: business RPC V3 selected frame stream_id=154 frame_type=Data payload_bytes=197
2026-09-26T01:19:12.904806Z DEBUG netbaiot_transports::business_rpc::v3: business RPC V3 writer completed frame stream_id=154 frame_type=Data payload_bytes=197
2026-09-26T01:19:12.904810Z DEBUG netbaiot_transports::business_rpc::v3: business RPC V3 selected frame stream_id=156 frame_type=Data payload_bytes=197
2026-09-26T01:19:12.904815Z DEBUG netbaiot_transports::business_rpc::v3: business RPC V3 writer completed frame stream_id=156 frame_type=Data payload_bytes=197
2026-09-26T01:19:12.904818Z DEBUG netbaiot_transports::business_rpc::v3: business RPC V3 selected frame stream_id=158 frame_type=Data payload_bytes=197
2026-09-26T01:19:12.904822Z DEBUG netbaiot_transports::business_rpc::v3: business RPC V3 writer completed frame stream_id=158 frame_type=Data payload_bytes=197
2026-09-26T01:19:12.904825Z DEBUG netbaiot_transports::business_rpc::v3: business RPC V3 selected frame stream_id=160 frame_type=Data payload_bytes=197
2026-09-26T01:19:12.904829Z DEBUG netbaiot_transports::business_rpc::v3: business RPC V3 writer completed frame stream_id=160 frame_type=Data payload_bytes=197
2026-09-26T01:19:12.934843Z DEBUG netbaiot_transports::business_rpc::v3: business RPC V3 received frame stream_id=144 frame_type=Response payload_bytes=35
2026-09-26T01:19:12.934858Z DEBUG netbaiot_transports::business_rpc::v3: business RPC V3 received frame stream_id=144 frame_type=Data payload_bytes=118
2026-09-26T01:19:12.934868Z DEBUG netbaiot_transports::business_rpc::v3: business RPC V3 Event delivery acknowledged stream_id=144 completion_us=768285
2026-09-26T01:19:12.934882Z DEBUG netbaiot_transports::business_rpc::v3: business RPC V3 selected frame stream_id=0 frame_type=WindowUpdate payload_bytes=4
2026-09-26T01:19:12.934897Z DEBUG netbaiot_transports::business_rpc::v3: business RPC V3 writer completed frame stream_id=0 frame_type=WindowUpdate payload_bytes=4
2026-09-26T01:19:13.067392Z DEBUG netbaiot_transports::business_rpc::v3: business RPC V3 received frame stream_id=0 frame_type=WindowUpdate payload_bytes=4
2026-09-26T01:19:13.067416Z DEBUG netbaiot_transports::business_rpc::v3: business RPC V3 received frame stream_id=0 frame_type=WindowUpdate payload_bytes=4
2026-09-26T01:19:13.067422Z DEBUG netbaiot_transports::business_rpc::v3: business RPC V3 received frame stream_id=0 frame_type=WindowUpdate payload_bytes=4
2026-09-26T01:19:13.067426Z DEBUG netbaiot_transports::business_rpc::v3: business RPC V3 received frame stream_id=0 frame_type=WindowUpdate payload_bytes=4
2026-09-26T01:19:13.067430Z DEBUG netbaiot_transports::business_rpc::v3: business RPC V3 received frame stream_id=160 frame_type=Response payload_bytes=35
2026-09-26T01:19:13.067437Z DEBUG netbaiot_transports::business_rpc::v3: business RPC V3 received frame stream_id=160 frame_type=Data payload_bytes=215
2026-09-26T01:19:13.067459Z DEBUG netbaiot_transports::business_rpc::v3: business RPC V3 received frame stream_id=158 frame_type=Response payload_bytes=35
2026-09-26T01:19:13.067465Z DEBUG netbaiot_transports::business_rpc::v3: business RPC V3 received frame stream_id=158 frame_type=Data payload_bytes=215
2026-09-26T01:19:13.067473Z DEBUG netbaiot_transports::business_rpc::v3: business RPC V3 received frame stream_id=154 frame_type=Response payload_bytes=35
2026-09-26T01:19:13.067481Z DEBUG netbaiot_transports::business_rpc::v3: business RPC V3 received frame stream_id=154 frame_type=Data payload_bytes=215
2026-09-26T01:19:13.067471Z DEBUG netbaiot_transports::business_rpc::v3: business RPC V3 selected frame stream_id=0 frame_type=WindowUpdate payload_bytes=4
2026-09-26T01:19:13.067528Z DEBUG netbaiot_transports::business_rpc::v3: business RPC V3 writer completed frame stream_id=0 frame_type=WindowUpdate payload_bytes=4
2026-09-26T01:19:13.067536Z DEBUG netbaiot_transports::business_rpc::v3: business RPC V3 selected frame stream_id=0 frame_type=WindowUpdate payload_bytes=4
2026-09-26T01:19:13.067509Z DEBUG netbaiot_transports::business_rpc::v3: business RPC V3 received frame stream_id=156 frame_type=Response payload_bytes=35
2026-09-26T01:19:13.067545Z DEBUG netbaiot_transports::business_rpc::v3: business RPC V3 writer completed frame stream_id=0 frame_type=WindowUpdate payload_bytes=4
2026-09-26T01:19:13.067562Z DEBUG netbaiot_transports::business_rpc::v3: business RPC V3 received frame stream_id=156 frame_type=Data payload_bytes=215
2026-09-26T01:19:13.067578Z DEBUG netbaiot_transports::business_rpc::v3: business RPC V3 selected frame stream_id=0 frame_type=WindowUpdate payload_bytes=4
2026-09-26T01:19:13.067611Z DEBUG netbaiot_transports::business_rpc::v3: business RPC V3 writer completed frame stream_id=0 frame_type=WindowUpdate payload_bytes=4
2026-09-26T01:19:13.067617Z DEBUG netbaiot_transports::business_rpc::v3: business RPC V3 selected frame stream_id=0 frame_type=WindowUpdate payload_bytes=4
2026-09-26T01:19:13.067622Z DEBUG netbaiot_transports::business_rpc::v3: business RPC V3 writer completed frame stream_id=0 frame_type=WindowUpdate payload_bytes=4
2026-09-26T01:19:13.068052Z DEBUG netbaiot_transports::business_rpc::v3: business RPC V3 body entered scheduler stream_id=162 class=Rpc body_bytes=197
2026-09-26T01:19:13.068061Z DEBUG netbaiot_transports::business_rpc::v3: business RPC V3 body entered scheduler stream_id=164 class=Rpc body_bytes=197
2026-09-26T01:19:13.068065Z DEBUG netbaiot_transports::business_rpc::v3: business RPC V3 selected frame stream_id=162 frame_type=Open payload_bytes=158
2026-09-26T01:19:13.068075Z DEBUG netbaiot_transports::business_rpc::v3: business RPC V3 writer completed frame stream_id=162 frame_type=Open payload_bytes=158
2026-09-26T01:19:13.068080Z DEBUG netbaiot_transports::business_rpc::v3: business RPC V3 body entered scheduler stream_id=166 class=Rpc body_bytes=197
2026-09-26T01:19:13.068084Z DEBUG netbaiot_transports::business_rpc::v3: business RPC V3 selected frame stream_id=164 frame_type=Open payload_bytes=158
2026-09-26T01:19:13.068089Z DEBUG netbaiot_transports::business_rpc::v3: business RPC V3 writer completed frame stream_id=164 frame_type=Open payload_bytes=158
2026-09-26T01:19:13.068093Z DEBUG netbaiot_transports::business_rpc::v3: business RPC V3 body entered scheduler stream_id=168 class=Rpc body_bytes=197
2026-09-26T01:19:13.068096Z DEBUG netbaiot_transports::business_rpc::v3: business RPC V3 selected frame stream_id=166 frame_type=Open payload_bytes=158
2026-09-26T01:19:13.068101Z DEBUG netbaiot_transports::business_rpc::v3: business RPC V3 writer completed frame stream_id=166 frame_type=Open payload_bytes=158
2026-09-26T01:19:13.068104Z DEBUG netbaiot_transports::business_rpc::v3: business RPC V3 selected frame stream_id=168 frame_type=Open payload_bytes=158
2026-09-26T01:19:13.068108Z DEBUG netbaiot_transports::business_rpc::v3: business RPC V3 writer completed frame stream_id=168 frame_type=Open payload_bytes=158
2026-09-26T01:19:13.068111Z DEBUG netbaiot_transports::business_rpc::v3: business RPC V3 selected frame stream_id=162 frame_type=Data payload_bytes=197
2026-09-26T01:19:13.068119Z DEBUG netbaiot_transports::business_rpc::v3: business RPC V3 writer completed frame stream_id=162 frame_type=Data payload_bytes=197
2026-09-26T01:19:13.068123Z DEBUG netbaiot_transports::business_rpc::v3: business RPC V3 selected frame stream_id=164 frame_type=Data payload_bytes=197
2026-09-26T01:19:13.068127Z DEBUG netbaiot_transports::business_rpc::v3: business RPC V3 writer completed frame stream_id=164 frame_type=Data payload_bytes=197
2026-09-26T01:19:13.068131Z DEBUG netbaiot_transports::business_rpc::v3: business RPC V3 selected frame stream_id=166 frame_type=Data payload_bytes=197
2026-09-26T01:19:13.068136Z DEBUG netbaiot_transports::business_rpc::v3: business RPC V3 writer completed frame stream_id=166 frame_type=Data payload_bytes=197
2026-09-26T01:19:13.068139Z DEBUG netbaiot_transports::business_rpc::v3: business RPC V3 selected frame stream_id=168 frame_type=Data payload_bytes=197
2026-09-26T01:19:13.068143Z DEBUG netbaiot_transports::business_rpc::v3: business RPC V3 writer completed frame stream_id=168 frame_type=Data payload_bytes=197
2026-09-26T01:19:13.167368Z DEBUG netbaiot_transports::business_rpc::v3: business RPC V3 body entered scheduler stream_id=170 class=Event body_bytes=17365
2026-09-26T01:19:13.167392Z DEBUG netbaiot_transports::business_rpc::v3: business RPC V3 selected frame stream_id=170 frame_type=Open payload_bytes=184
2026-09-26T01:19:13.167402Z DEBUG netbaiot_transports::business_rpc::v3: business RPC V3 writer completed frame stream_id=170 frame_type=Open payload_bytes=184
2026-09-26T01:19:13.167406Z DEBUG netbaiot_transports::business_rpc::v3: business RPC V3 selected frame stream_id=170 frame_type=Data payload_bytes=8192
2026-09-26T01:19:13.167411Z DEBUG netbaiot_transports::business_rpc::v3: business RPC V3 writer completed frame stream_id=170 frame_type=Data payload_bytes=8192
2026-09-26T01:19:13.167414Z DEBUG netbaiot_transports::business_rpc::v3: business RPC V3 selected frame stream_id=170 frame_type=Data payload_bytes=8192
2026-09-26T01:19:13.167420Z DEBUG netbaiot_transports::business_rpc::v3: business RPC V3 writer completed frame stream_id=170 frame_type=Data payload_bytes=8192
2026-09-26T01:19:13.167423Z DEBUG netbaiot_transports::business_rpc::v3: business RPC V3 selected frame stream_id=170 frame_type=Data payload_bytes=981
2026-09-26T01:19:13.167426Z DEBUG netbaiot_transports::business_rpc::v3: business RPC V3 writer completed frame stream_id=170 frame_type=Data payload_bytes=981
2026-09-26T01:19:13.220740Z DEBUG netbaiot_transports::business_rpc::v3: business RPC V3 received frame stream_id=0 frame_type=WindowUpdate payload_bytes=4
2026-09-26T01:19:13.220777Z DEBUG netbaiot_transports::business_rpc::v3: business RPC V3 received frame stream_id=0 frame_type=WindowUpdate payload_bytes=4
2026-09-26T01:19:13.220787Z DEBUG netbaiot_transports::business_rpc::v3: business RPC V3 received frame stream_id=0 frame_type=WindowUpdate payload_bytes=4
2026-09-26T01:19:13.220822Z DEBUG netbaiot_transports::business_rpc::v3: business RPC V3 received frame stream_id=0 frame_type=WindowUpdate payload_bytes=4
2026-09-26T01:19:13.220837Z DEBUG netbaiot_transports::business_rpc::v3: business RPC V3 received frame stream_id=168 frame_type=Response payload_bytes=35
2026-09-26T01:19:13.220845Z DEBUG netbaiot_transports::business_rpc::v3: business RPC V3 received frame stream_id=162 frame_type=Response payload_bytes=35
2026-09-26T01:19:13.220850Z DEBUG netbaiot_transports::business_rpc::v3: business RPC V3 received frame stream_id=164 frame_type=Response payload_bytes=35
2026-09-26T01:19:13.220853Z DEBUG netbaiot_transports::business_rpc::v3: business RPC V3 received frame stream_id=168 frame_type=Data payload_bytes=215
2026-09-26T01:19:13.220874Z DEBUG netbaiot_transports::business_rpc::v3: business RPC V3 received frame stream_id=162 frame_type=Data payload_bytes=215
2026-09-26T01:19:13.220880Z DEBUG netbaiot_transports::business_rpc::v3: business RPC V3 received frame stream_id=164 frame_type=Data payload_bytes=215
2026-09-26T01:19:13.220890Z DEBUG netbaiot_transports::business_rpc::v3: business RPC V3 selected frame stream_id=0 frame_type=WindowUpdate payload_bytes=4
2026-09-26T01:19:13.220920Z DEBUG netbaiot_transports::business_rpc::v3: business RPC V3 writer completed frame stream_id=0 frame_type=WindowUpdate payload_bytes=4
2026-09-26T01:19:13.220928Z DEBUG netbaiot_transports::business_rpc::v3: business RPC V3 selected frame stream_id=0 frame_type=WindowUpdate payload_bytes=4
2026-09-26T01:19:13.220938Z DEBUG netbaiot_transports::business_rpc::v3: business RPC V3 writer completed frame stream_id=0 frame_type=WindowUpdate payload_bytes=4
2026-09-26T01:19:13.220944Z DEBUG netbaiot_transports::business_rpc::v3: business RPC V3 selected frame stream_id=0 frame_type=WindowUpdate payload_bytes=4
2026-09-26T01:19:13.220952Z DEBUG netbaiot_transports::business_rpc::v3: business RPC V3 writer completed frame stream_id=0 frame_type=WindowUpdate payload_bytes=4
2026-09-26T01:19:13.221329Z DEBUG netbaiot_transports::business_rpc::v3: business RPC V3 body entered scheduler stream_id=172 class=Rpc body_bytes=197
2026-09-26T01:19:13.221340Z DEBUG netbaiot_transports::business_rpc::v3: business RPC V3 body entered scheduler stream_id=174 class=Rpc body_bytes=197
2026-09-26T01:19:13.221343Z DEBUG netbaiot_transports::business_rpc::v3: business RPC V3 body entered scheduler stream_id=176 class=Rpc body_bytes=197
2026-09-26T01:19:13.221346Z DEBUG netbaiot_transports::business_rpc::v3: business RPC V3 selected frame stream_id=172 frame_type=Open payload_bytes=158
2026-09-26T01:19:13.221354Z DEBUG netbaiot_transports::business_rpc::v3: business RPC V3 writer completed frame stream_id=172 frame_type=Open payload_bytes=158
2026-09-26T01:19:13.221358Z DEBUG netbaiot_transports::business_rpc::v3: business RPC V3 selected frame stream_id=172 frame_type=Data payload_bytes=197
2026-09-26T01:19:13.221361Z DEBUG netbaiot_transports::business_rpc::v3: business RPC V3 writer completed frame stream_id=172 frame_type=Data payload_bytes=197
2026-09-26T01:19:13.221364Z DEBUG netbaiot_transports::business_rpc::v3: business RPC V3 selected frame stream_id=174 frame_type=Open payload_bytes=158
2026-09-26T01:19:13.221368Z DEBUG netbaiot_transports::business_rpc::v3: business RPC V3 writer completed frame stream_id=174 frame_type=Open payload_bytes=158
2026-09-26T01:19:13.221370Z DEBUG netbaiot_transports::business_rpc::v3: business RPC V3 selected frame stream_id=176 frame_type=Open payload_bytes=158
2026-09-26T01:19:13.221373Z DEBUG netbaiot_transports::business_rpc::v3: business RPC V3 writer completed frame stream_id=176 frame_type=Open payload_bytes=158
2026-09-26T01:19:13.221376Z DEBUG netbaiot_transports::business_rpc::v3: business RPC V3 selected frame stream_id=174 frame_type=Data payload_bytes=197
2026-09-26T01:19:13.221379Z DEBUG netbaiot_transports::business_rpc::v3: business RPC V3 writer completed frame stream_id=174 frame_type=Data payload_bytes=197
2026-09-26T01:19:13.221381Z DEBUG netbaiot_transports::business_rpc::v3: business RPC V3 selected frame stream_id=176 frame_type=Data payload_bytes=197
2026-09-26T01:19:13.221383Z DEBUG netbaiot_transports::business_rpc::v3: business RPC V3 writer completed frame stream_id=176 frame_type=Data payload_bytes=197
2026-09-26T01:19:13.255353Z DEBUG netbaiot_transports::business_rpc::v3: business RPC V3 received frame stream_id=166 frame_type=Response payload_bytes=35
2026-09-26T01:19:13.255375Z DEBUG netbaiot_transports::business_rpc::v3: business RPC V3 received frame stream_id=166 frame_type=Data payload_bytes=215
2026-09-26T01:19:13.255400Z DEBUG netbaiot_transports::business_rpc::v3: business RPC V3 selected frame stream_id=0 frame_type=WindowUpdate payload_bytes=4
2026-09-26T01:19:13.255413Z DEBUG netbaiot_transports::business_rpc::v3: business RPC V3 writer completed frame stream_id=0 frame_type=WindowUpdate payload_bytes=4
2026-09-26T01:19:13.255750Z DEBUG netbaiot_transports::business_rpc::v3: business RPC V3 body entered scheduler stream_id=178 class=Rpc body_bytes=197
2026-09-26T01:19:13.255755Z DEBUG netbaiot_transports::business_rpc::v3: business RPC V3 selected frame stream_id=178 frame_type=Open payload_bytes=158
2026-09-26T01:19:13.255761Z DEBUG netbaiot_transports::business_rpc::v3: business RPC V3 writer completed frame stream_id=178 frame_type=Open payload_bytes=158
2026-09-26T01:19:13.255764Z DEBUG netbaiot_transports::business_rpc::v3: business RPC V3 selected frame stream_id=178 frame_type=Data payload_bytes=197
2026-09-26T01:19:13.255768Z DEBUG netbaiot_transports::business_rpc::v3: business RPC V3 writer completed frame stream_id=178 frame_type=Data payload_bytes=197
2026-09-26T01:19:13.722514Z DEBUG netbaiot_transports::business_rpc::v3: business RPC V3 received frame stream_id=0 frame_type=WindowUpdate payload_bytes=4
2026-09-26T01:19:13.722639Z DEBUG netbaiot_transports::business_rpc::v3: business RPC V3 received frame stream_id=170 frame_type=WindowUpdate payload_bytes=4
2026-09-26T01:19:13.836498Z DEBUG netbaiot_transports::business_rpc::v3: business RPC V3 received frame stream_id=0 frame_type=WindowUpdate payload_bytes=4
2026-09-26T01:19:13.836557Z DEBUG netbaiot_transports::business_rpc::v3: business RPC V3 received frame stream_id=170 frame_type=WindowUpdate payload_bytes=4
2026-09-26T01:19:13.836568Z DEBUG netbaiot_transports::business_rpc::v3: business RPC V3 received frame stream_id=0 frame_type=WindowUpdate payload_bytes=4
2026-09-26T01:19:13.836574Z DEBUG netbaiot_transports::business_rpc::v3: business RPC V3 received frame stream_id=0 frame_type=WindowUpdate payload_bytes=4
2026-09-26T01:19:13.836581Z DEBUG netbaiot_transports::business_rpc::v3: business RPC V3 received frame stream_id=0 frame_type=WindowUpdate payload_bytes=4
2026-09-26T01:19:13.836588Z DEBUG netbaiot_transports::business_rpc::v3: business RPC V3 received frame stream_id=0 frame_type=WindowUpdate payload_bytes=4
2026-09-26T01:19:13.836594Z DEBUG netbaiot_transports::business_rpc::v3: business RPC V3 received frame stream_id=0 frame_type=WindowUpdate payload_bytes=4
2026-09-26T01:19:13.901735Z DEBUG netbaiot_transports::business_rpc::v3: business RPC V3 received frame stream_id=178 frame_type=Response payload_bytes=35
2026-09-26T01:19:13.901759Z DEBUG netbaiot_transports::business_rpc::v3: business RPC V3 received frame stream_id=174 frame_type=Response payload_bytes=35
2026-09-26T01:19:13.901763Z DEBUG netbaiot_transports::business_rpc::v3: business RPC V3 received frame stream_id=172 frame_type=Response payload_bytes=35
2026-09-26T01:19:13.901767Z DEBUG netbaiot_transports::business_rpc::v3: business RPC V3 received frame stream_id=176 frame_type=Response payload_bytes=35
2026-09-26T01:19:13.901770Z DEBUG netbaiot_transports::business_rpc::v3: business RPC V3 received frame stream_id=178 frame_type=Data payload_bytes=215
2026-09-26T01:19:13.901789Z DEBUG netbaiot_transports::business_rpc::v3: business RPC V3 received frame stream_id=174 frame_type=Data payload_bytes=215
2026-09-26T01:19:13.901796Z DEBUG netbaiot_transports::business_rpc::v3: business RPC V3 received frame stream_id=172 frame_type=Data payload_bytes=215
2026-09-26T01:19:13.901799Z DEBUG netbaiot_transports::business_rpc::v3: business RPC V3 selected frame stream_id=0 frame_type=WindowUpdate payload_bytes=4
2026-09-26T01:19:13.901802Z DEBUG netbaiot_transports::business_rpc::v3: business RPC V3 received frame stream_id=176 frame_type=Data payload_bytes=215
2026-09-26T01:19:13.901817Z DEBUG netbaiot_transports::business_rpc::v3: business RPC V3 writer completed frame stream_id=0 frame_type=WindowUpdate payload_bytes=4
2026-09-26T01:19:13.901833Z DEBUG netbaiot_transports::business_rpc::v3: business RPC V3 selected frame stream_id=0 frame_type=WindowUpdate payload_bytes=4
2026-09-26T01:19:13.901835Z DEBUG netbaiot_transports::business_rpc::v3: business RPC V3 received frame stream_id=170 frame_type=Response payload_bytes=35
2026-09-26T01:19:13.901844Z DEBUG netbaiot_transports::business_rpc::v3: business RPC V3 received frame stream_id=170 frame_type=Data payload_bytes=118
2026-09-26T01:19:13.901849Z DEBUG netbaiot_transports::business_rpc::v3: business RPC V3 writer completed frame stream_id=0 frame_type=WindowUpdate payload_bytes=4
2026-09-26T01:19:13.901855Z DEBUG netbaiot_transports::business_rpc::v3: business RPC V3 selected frame stream_id=0 frame_type=WindowUpdate payload_bytes=4
2026-09-26T01:19:13.901850Z DEBUG netbaiot_transports::business_rpc::v3: business RPC V3 Event delivery acknowledged stream_id=170 completion_us=734485
2026-09-26T01:19:13.901861Z DEBUG netbaiot_transports::business_rpc::v3: business RPC V3 writer completed frame stream_id=0 frame_type=WindowUpdate payload_bytes=4
2026-09-26T01:19:13.901909Z DEBUG netbaiot_transports::business_rpc::v3: business RPC V3 selected frame stream_id=0 frame_type=WindowUpdate payload_bytes=4
2026-09-26T01:19:13.901920Z DEBUG netbaiot_transports::business_rpc::v3: business RPC V3 writer completed frame stream_id=0 frame_type=WindowUpdate payload_bytes=4
2026-09-26T01:19:13.901923Z DEBUG netbaiot_transports::business_rpc::v3: business RPC V3 selected frame stream_id=0 frame_type=WindowUpdate payload_bytes=4
2026-09-26T01:19:13.901927Z DEBUG netbaiot_transports::business_rpc::v3: business RPC V3 writer completed frame stream_id=0 frame_type=WindowUpdate payload_bytes=4
2026-09-26T01:19:13.902281Z DEBUG netbaiot_transports::business_rpc::v3: business RPC V3 body entered scheduler stream_id=180 class=Rpc body_bytes=197
2026-09-26T01:19:13.902288Z DEBUG netbaiot_transports::business_rpc::v3: business RPC V3 body entered scheduler stream_id=182 class=Rpc body_bytes=197
2026-09-26T01:19:13.902292Z DEBUG netbaiot_transports::business_rpc::v3: business RPC V3 selected frame stream_id=180 frame_type=Open payload_bytes=158
2026-09-26T01:19:13.902299Z DEBUG netbaiot_transports::business_rpc::v3: business RPC V3 writer completed frame stream_id=180 frame_type=Open payload_bytes=158
2026-09-26T01:19:13.902302Z DEBUG netbaiot_transports::business_rpc::v3: business RPC V3 body entered scheduler stream_id=184 class=Rpc body_bytes=197
2026-09-26T01:19:13.902304Z DEBUG netbaiot_transports::business_rpc::v3: business RPC V3 body entered scheduler stream_id=186 class=Rpc body_bytes=197
2026-09-26T01:19:13.902306Z DEBUG netbaiot_transports::business_rpc::v3: business RPC V3 selected frame stream_id=182 frame_type=Open payload_bytes=158
2026-09-26T01:19:13.902310Z DEBUG netbaiot_transports::business_rpc::v3: business RPC V3 writer completed frame stream_id=182 frame_type=Open payload_bytes=158
2026-09-26T01:19:13.902313Z DEBUG netbaiot_transports::business_rpc::v3: business RPC V3 selected frame stream_id=184 frame_type=Open payload_bytes=158
2026-09-26T01:19:13.902317Z DEBUG netbaiot_transports::business_rpc::v3: business RPC V3 writer completed frame stream_id=184 frame_type=Open payload_bytes=158
2026-09-26T01:19:13.902319Z DEBUG netbaiot_transports::business_rpc::v3: business RPC V3 selected frame stream_id=186 frame_type=Open payload_bytes=158
2026-09-26T01:19:13.902325Z DEBUG netbaiot_transports::business_rpc::v3: business RPC V3 writer completed frame stream_id=186 frame_type=Open payload_bytes=158
2026-09-26T01:19:13.902327Z DEBUG netbaiot_transports::business_rpc::v3: business RPC V3 selected frame stream_id=180 frame_type=Data payload_bytes=197
2026-09-26T01:19:13.902332Z DEBUG netbaiot_transports::business_rpc::v3: business RPC V3 writer completed frame stream_id=180 frame_type=Data payload_bytes=197
2026-09-26T01:19:13.902335Z DEBUG netbaiot_transports::business_rpc::v3: business RPC V3 selected frame stream_id=182 frame_type=Data payload_bytes=197
2026-09-26T01:19:13.902339Z DEBUG netbaiot_transports::business_rpc::v3: business RPC V3 writer completed frame stream_id=182 frame_type=Data payload_bytes=197
2026-09-26T01:19:13.902341Z DEBUG netbaiot_transports::business_rpc::v3: business RPC V3 selected frame stream_id=184 frame_type=Data payload_bytes=197
2026-09-26T01:19:13.902345Z DEBUG netbaiot_transports::business_rpc::v3: business RPC V3 writer completed frame stream_id=184 frame_type=Data payload_bytes=197
2026-09-26T01:19:13.902347Z DEBUG netbaiot_transports::business_rpc::v3: business RPC V3 selected frame stream_id=186 frame_type=Data payload_bytes=197
2026-09-26T01:19:13.902352Z DEBUG netbaiot_transports::business_rpc::v3: business RPC V3 writer completed frame stream_id=186 frame_type=Data payload_bytes=197
2026-09-26T01:19:14.056198Z DEBUG netbaiot_transports::business_rpc::v3: business RPC V3 received frame stream_id=0 frame_type=WindowUpdate payload_bytes=4
2026-09-26T01:19:14.056221Z DEBUG netbaiot_transports::business_rpc::v3: business RPC V3 received frame stream_id=0 frame_type=WindowUpdate payload_bytes=4
2026-09-26T01:19:14.056226Z DEBUG netbaiot_transports::business_rpc::v3: business RPC V3 received frame stream_id=0 frame_type=WindowUpdate payload_bytes=4
2026-09-26T01:19:14.056229Z DEBUG netbaiot_transports::business_rpc::v3: business RPC V3 received frame stream_id=0 frame_type=WindowUpdate payload_bytes=4
2026-09-26T01:19:14.056232Z DEBUG netbaiot_transports::business_rpc::v3: business RPC V3 received frame stream_id=180 frame_type=Response payload_bytes=35
2026-09-26T01:19:14.056238Z DEBUG netbaiot_transports::business_rpc::v3: business RPC V3 received frame stream_id=186 frame_type=Response payload_bytes=35
2026-09-26T01:19:14.056241Z DEBUG netbaiot_transports::business_rpc::v3: business RPC V3 received frame stream_id=182 frame_type=Response payload_bytes=35
2026-09-26T01:19:14.056244Z DEBUG netbaiot_transports::business_rpc::v3: business RPC V3 received frame stream_id=180 frame_type=Data payload_bytes=215
2026-09-26T01:19:14.056261Z DEBUG netbaiot_transports::business_rpc::v3: business RPC V3 received frame stream_id=186 frame_type=Data payload_bytes=215
2026-09-26T01:19:14.056269Z DEBUG netbaiot_transports::business_rpc::v3: business RPC V3 received frame stream_id=182 frame_type=Data payload_bytes=215
2026-09-26T01:19:14.056271Z DEBUG netbaiot_transports::business_rpc::v3: business RPC V3 selected frame stream_id=0 frame_type=WindowUpdate payload_bytes=4
2026-09-26T01:19:14.056286Z DEBUG netbaiot_transports::business_rpc::v3: business RPC V3 writer completed frame stream_id=0 frame_type=WindowUpdate payload_bytes=4
2026-09-26T01:19:14.056290Z DEBUG netbaiot_transports::business_rpc::v3: business RPC V3 selected frame stream_id=0 frame_type=WindowUpdate payload_bytes=4
2026-09-26T01:19:14.056294Z DEBUG netbaiot_transports::business_rpc::v3: business RPC V3 writer completed frame stream_id=0 frame_type=WindowUpdate payload_bytes=4
2026-09-26T01:19:14.056297Z DEBUG netbaiot_transports::business_rpc::v3: business RPC V3 selected frame stream_id=0 frame_type=WindowUpdate payload_bytes=4
2026-09-26T01:19:14.056301Z DEBUG netbaiot_transports::business_rpc::v3: business RPC V3 writer completed frame stream_id=0 frame_type=WindowUpdate payload_bytes=4
2026-09-26T01:19:14.056661Z DEBUG netbaiot_transports::business_rpc::v3: business RPC V3 body entered scheduler stream_id=188 class=Rpc body_bytes=197
2026-09-26T01:19:14.056668Z DEBUG netbaiot_transports::business_rpc::v3: business RPC V3 selected frame stream_id=188 frame_type=Open payload_bytes=158
2026-09-26T01:19:14.056675Z DEBUG netbaiot_transports::business_rpc::v3: business RPC V3 writer completed frame stream_id=188 frame_type=Open payload_bytes=158
2026-09-26T01:19:14.056679Z DEBUG netbaiot_transports::business_rpc::v3: business RPC V3 selected frame stream_id=188 frame_type=Data payload_bytes=197
2026-09-26T01:19:14.056683Z DEBUG netbaiot_transports::business_rpc::v3: business RPC V3 writer completed frame stream_id=188 frame_type=Data payload_bytes=197
2026-09-26T01:19:14.056686Z DEBUG netbaiot_transports::business_rpc::v3: business RPC V3 body entered scheduler stream_id=190 class=Rpc body_bytes=197
2026-09-26T01:19:14.056688Z DEBUG netbaiot_transports::business_rpc::v3: business RPC V3 selected frame stream_id=190 frame_type=Open payload_bytes=158
2026-09-26T01:19:14.056692Z DEBUG netbaiot_transports::business_rpc::v3: business RPC V3 writer completed frame stream_id=190 frame_type=Open payload_bytes=158
2026-09-26T01:19:14.056694Z DEBUG netbaiot_transports::business_rpc::v3: business RPC V3 body entered scheduler stream_id=192 class=Rpc body_bytes=197
2026-09-26T01:19:14.056696Z DEBUG netbaiot_transports::business_rpc::v3: business RPC V3 selected frame stream_id=192 frame_type=Open payload_bytes=158
2026-09-26T01:19:14.056699Z DEBUG netbaiot_transports::business_rpc::v3: business RPC V3 writer completed frame stream_id=192 frame_type=Open payload_bytes=158
2026-09-26T01:19:14.056702Z DEBUG netbaiot_transports::business_rpc::v3: business RPC V3 selected frame stream_id=190 frame_type=Data payload_bytes=197
2026-09-26T01:19:14.056705Z DEBUG netbaiot_transports::business_rpc::v3: business RPC V3 writer completed frame stream_id=190 frame_type=Data payload_bytes=197
2026-09-26T01:19:14.056707Z DEBUG netbaiot_transports::business_rpc::v3: business RPC V3 selected frame stream_id=192 frame_type=Data payload_bytes=197
2026-09-26T01:19:14.056710Z DEBUG netbaiot_transports::business_rpc::v3: business RPC V3 writer completed frame stream_id=192 frame_type=Data payload_bytes=197
2026-09-26T01:19:14.090466Z DEBUG netbaiot_transports::business_rpc::v3: business RPC V3 received frame stream_id=184 frame_type=Response payload_bytes=35
2026-09-26T01:19:14.090488Z DEBUG netbaiot_transports::business_rpc::v3: business RPC V3 received frame stream_id=184 frame_type=Data payload_bytes=215
2026-09-26T01:19:14.090517Z DEBUG netbaiot_transports::business_rpc::v3: business RPC V3 selected frame stream_id=0 frame_type=WindowUpdate payload_bytes=4
2026-09-26T01:19:14.090537Z DEBUG netbaiot_transports::business_rpc::v3: business RPC V3 writer completed frame stream_id=0 frame_type=WindowUpdate payload_bytes=4
2026-09-26T01:19:14.090910Z DEBUG netbaiot_transports::business_rpc::v3: business RPC V3 body entered scheduler stream_id=194 class=Rpc body_bytes=197
2026-09-26T01:19:14.090921Z DEBUG netbaiot_transports::business_rpc::v3: business RPC V3 selected frame stream_id=194 frame_type=Open payload_bytes=158
2026-09-26T01:19:14.090934Z DEBUG netbaiot_transports::business_rpc::v3: business RPC V3 writer completed frame stream_id=194 frame_type=Open payload_bytes=158
2026-09-26T01:19:14.090940Z DEBUG netbaiot_transports::business_rpc::v3: business RPC V3 selected frame stream_id=194 frame_type=Data payload_bytes=197
2026-09-26T01:19:14.090945Z DEBUG netbaiot_transports::business_rpc::v3: business RPC V3 writer completed frame stream_id=194 frame_type=Data payload_bytes=197
2026-09-26T01:19:14.166939Z DEBUG netbaiot_transports::business_rpc::v3: business RPC V3 body entered scheduler stream_id=196 class=Event body_bytes=17365
2026-09-26T01:19:14.166958Z DEBUG netbaiot_transports::business_rpc::v3: business RPC V3 selected frame stream_id=196 frame_type=Open payload_bytes=184
2026-09-26T01:19:14.166967Z DEBUG netbaiot_transports::business_rpc::v3: business RPC V3 writer completed frame stream_id=196 frame_type=Open payload_bytes=184
2026-09-26T01:19:14.166972Z DEBUG netbaiot_transports::business_rpc::v3: business RPC V3 selected frame stream_id=196 frame_type=Data payload_bytes=8192
2026-09-26T01:19:14.166977Z DEBUG netbaiot_transports::business_rpc::v3: business RPC V3 writer completed frame stream_id=196 frame_type=Data payload_bytes=8192
2026-09-26T01:19:14.166979Z DEBUG netbaiot_transports::business_rpc::v3: business RPC V3 selected frame stream_id=196 frame_type=Data payload_bytes=8192
2026-09-26T01:19:14.166988Z DEBUG netbaiot_transports::business_rpc::v3: business RPC V3 writer completed frame stream_id=196 frame_type=Data payload_bytes=8192
2026-09-26T01:19:14.166991Z DEBUG netbaiot_transports::business_rpc::v3: business RPC V3 selected frame stream_id=196 frame_type=Data payload_bytes=981
2026-09-26T01:19:14.166995Z DEBUG netbaiot_transports::business_rpc::v3: business RPC V3 writer completed frame stream_id=196 frame_type=Data payload_bytes=981
2026-09-26T01:19:14.223672Z DEBUG netbaiot_transports::business_rpc::v3: business RPC V3 received frame stream_id=0 frame_type=WindowUpdate payload_bytes=4
2026-09-26T01:19:14.223695Z DEBUG netbaiot_transports::business_rpc::v3: business RPC V3 received frame stream_id=0 frame_type=WindowUpdate payload_bytes=4
2026-09-26T01:19:14.223700Z DEBUG netbaiot_transports::business_rpc::v3: business RPC V3 received frame stream_id=0 frame_type=WindowUpdate payload_bytes=4
2026-09-26T01:19:14.223705Z DEBUG netbaiot_transports::business_rpc::v3: business RPC V3 received frame stream_id=192 frame_type=Response payload_bytes=35
2026-09-26T01:19:14.223711Z DEBUG netbaiot_transports::business_rpc::v3: business RPC V3 received frame stream_id=192 frame_type=Data payload_bytes=215
2026-09-26T01:19:14.223727Z DEBUG netbaiot_transports::business_rpc::v3: business RPC V3 received frame stream_id=188 frame_type=Response payload_bytes=35
2026-09-26T01:19:14.223734Z DEBUG netbaiot_transports::business_rpc::v3: business RPC V3 received frame stream_id=188 frame_type=Data payload_bytes=215
2026-09-26T01:19:14.223734Z DEBUG netbaiot_transports::business_rpc::v3: business RPC V3 selected frame stream_id=0 frame_type=WindowUpdate payload_bytes=4
2026-09-26T01:19:14.223742Z DEBUG netbaiot_transports::business_rpc::v3: business RPC V3 received frame stream_id=190 frame_type=Response payload_bytes=35
2026-09-26T01:19:14.223755Z DEBUG netbaiot_transports::business_rpc::v3: business RPC V3 writer completed frame stream_id=0 frame_type=WindowUpdate payload_bytes=4
2026-09-26T01:19:14.223804Z DEBUG netbaiot_transports::business_rpc::v3: business RPC V3 selected frame stream_id=0 frame_type=WindowUpdate payload_bytes=4
2026-09-26T01:19:14.223794Z DEBUG netbaiot_transports::business_rpc::v3: business RPC V3 received frame stream_id=190 frame_type=Data payload_bytes=215
2026-09-26T01:19:14.223811Z DEBUG netbaiot_transports::business_rpc::v3: business RPC V3 writer completed frame stream_id=0 frame_type=WindowUpdate payload_bytes=4
2026-09-26T01:19:14.223814Z DEBUG netbaiot_transports::business_rpc::v3: business RPC V3 selected frame stream_id=0 frame_type=WindowUpdate payload_bytes=4
2026-09-26T01:19:14.223818Z DEBUG netbaiot_transports::business_rpc::v3: business RPC V3 writer completed frame stream_id=0 frame_type=WindowUpdate payload_bytes=4
2026-09-26T01:19:14.224141Z DEBUG netbaiot_transports::business_rpc::v3: business RPC V3 body entered scheduler stream_id=198 class=Rpc body_bytes=197
2026-09-26T01:19:14.224150Z DEBUG netbaiot_transports::business_rpc::v3: business RPC V3 body entered scheduler stream_id=200 class=Rpc body_bytes=197
2026-09-26T01:19:14.224154Z DEBUG netbaiot_transports::business_rpc::v3: business RPC V3 selected frame stream_id=198 frame_type=Open payload_bytes=158
2026-09-26T01:19:14.224162Z DEBUG netbaiot_transports::business_rpc::v3: business RPC V3 writer completed frame stream_id=198 frame_type=Open payload_bytes=158
2026-09-26T01:19:14.224166Z DEBUG netbaiot_transports::business_rpc::v3: business RPC V3 body entered scheduler stream_id=202 class=Rpc body_bytes=197
2026-09-26T01:19:14.224169Z DEBUG netbaiot_transports::business_rpc::v3: business RPC V3 selected frame stream_id=198 frame_type=Data payload_bytes=197
2026-09-26T01:19:14.224172Z DEBUG netbaiot_transports::business_rpc::v3: business RPC V3 writer completed frame stream_id=198 frame_type=Data payload_bytes=197
2026-09-26T01:19:14.224175Z DEBUG netbaiot_transports::business_rpc::v3: business RPC V3 selected frame stream_id=200 frame_type=Open payload_bytes=158
2026-09-26T01:19:14.224178Z DEBUG netbaiot_transports::business_rpc::v3: business RPC V3 writer completed frame stream_id=200 frame_type=Open payload_bytes=158
2026-09-26T01:19:14.224180Z DEBUG netbaiot_transports::business_rpc::v3: business RPC V3 selected frame stream_id=202 frame_type=Open payload_bytes=158
2026-09-26T01:19:14.224183Z DEBUG netbaiot_transports::business_rpc::v3: business RPC V3 writer completed frame stream_id=202 frame_type=Open payload_bytes=158
2026-09-26T01:19:14.224186Z DEBUG netbaiot_transports::business_rpc::v3: business RPC V3 selected frame stream_id=200 frame_type=Data payload_bytes=197
2026-09-26T01:19:14.224189Z DEBUG netbaiot_transports::business_rpc::v3: business RPC V3 writer completed frame stream_id=200 frame_type=Data payload_bytes=197
2026-09-26T01:19:14.224192Z DEBUG netbaiot_transports::business_rpc::v3: business RPC V3 selected frame stream_id=202 frame_type=Data payload_bytes=197
2026-09-26T01:19:14.224199Z DEBUG netbaiot_transports::business_rpc::v3: business RPC V3 writer completed frame stream_id=202 frame_type=Data payload_bytes=197
2026-09-26T01:19:14.258691Z DEBUG netbaiot_transports::business_rpc::v3: business RPC V3 received frame stream_id=0 frame_type=WindowUpdate payload_bytes=4
2026-09-26T01:19:14.258710Z DEBUG netbaiot_transports::business_rpc::v3: business RPC V3 received frame stream_id=194 frame_type=Response payload_bytes=35
2026-09-26T01:19:14.258717Z DEBUG netbaiot_transports::business_rpc::v3: business RPC V3 received frame stream_id=194 frame_type=Data payload_bytes=215
2026-09-26T01:19:14.258747Z DEBUG netbaiot_transports::business_rpc::v3: business RPC V3 selected frame stream_id=0 frame_type=WindowUpdate payload_bytes=4
2026-09-26T01:19:14.258762Z DEBUG netbaiot_transports::business_rpc::v3: business RPC V3 writer completed frame stream_id=0 frame_type=WindowUpdate payload_bytes=4
2026-09-26T01:19:14.259079Z DEBUG netbaiot_transports::business_rpc::v3: business RPC V3 body entered scheduler stream_id=204 class=Rpc body_bytes=197
2026-09-26T01:19:14.259086Z DEBUG netbaiot_transports::business_rpc::v3: business RPC V3 selected frame stream_id=204 frame_type=Open payload_bytes=158
2026-09-26T01:19:14.259094Z DEBUG netbaiot_transports::business_rpc::v3: business RPC V3 writer completed frame stream_id=204 frame_type=Open payload_bytes=158
2026-09-26T01:19:14.259097Z DEBUG netbaiot_transports::business_rpc::v3: business RPC V3 selected frame stream_id=204 frame_type=Data payload_bytes=197
2026-09-26T01:19:14.259101Z DEBUG netbaiot_transports::business_rpc::v3: business RPC V3 writer completed frame stream_id=204 frame_type=Data payload_bytes=197
2026-09-26T01:19:14.377241Z DEBUG netbaiot_transports::business_rpc::v3: business RPC V3 received frame stream_id=0 frame_type=Ping payload_bytes=8
2026-09-26T01:19:14.377263Z DEBUG netbaiot_transports::business_rpc::v3: business RPC V3 selected frame stream_id=0 frame_type=Pong payload_bytes=8
2026-09-26T01:19:14.377273Z DEBUG netbaiot_transports::business_rpc::v3: business RPC V3 writer completed frame stream_id=0 frame_type=Pong payload_bytes=8
2026-09-26T01:19:14.738136Z DEBUG netbaiot_transports::business_rpc::v3: business RPC V3 received frame stream_id=0 frame_type=WindowUpdate payload_bytes=4
2026-09-26T01:19:14.738234Z DEBUG netbaiot_transports::business_rpc::v3: business RPC V3 received frame stream_id=196 frame_type=WindowUpdate payload_bytes=4
2026-09-26T01:19:14.856887Z DEBUG netbaiot_transports::business_rpc::v3: business RPC V3 received frame stream_id=0 frame_type=WindowUpdate payload_bytes=4
2026-09-26T01:19:14.856977Z DEBUG netbaiot_transports::business_rpc::v3: business RPC V3 received frame stream_id=196 frame_type=WindowUpdate payload_bytes=4
2026-09-26T01:19:14.856997Z DEBUG netbaiot_transports::business_rpc::v3: business RPC V3 received frame stream_id=0 frame_type=WindowUpdate payload_bytes=4
2026-09-26T01:19:14.857008Z DEBUG netbaiot_transports::business_rpc::v3: business RPC V3 received frame stream_id=0 frame_type=WindowUpdate payload_bytes=4
2026-09-26T01:19:14.857018Z DEBUG netbaiot_transports::business_rpc::v3: business RPC V3 received frame stream_id=0 frame_type=WindowUpdate payload_bytes=4
2026-09-26T01:19:14.857026Z DEBUG netbaiot_transports::business_rpc::v3: business RPC V3 received frame stream_id=0 frame_type=WindowUpdate payload_bytes=4
2026-09-26T01:19:14.857035Z DEBUG netbaiot_transports::business_rpc::v3: business RPC V3 received frame stream_id=0 frame_type=WindowUpdate payload_bytes=4
2026-09-26T01:19:14.857042Z DEBUG netbaiot_transports::business_rpc::v3: business RPC V3 received frame stream_id=204 frame_type=Response payload_bytes=35
2026-09-26T01:19:14.857059Z DEBUG netbaiot_transports::business_rpc::v3: business RPC V3 received frame stream_id=198 frame_type=Response payload_bytes=35
2026-09-26T01:19:14.857069Z DEBUG netbaiot_transports::business_rpc::v3: business RPC V3 received frame stream_id=202 frame_type=Response payload_bytes=35
2026-09-26T01:19:14.917861Z DEBUG netbaiot_transports::business_rpc::v3: business RPC V3 received frame stream_id=200 frame_type=Response payload_bytes=35
2026-09-26T01:19:14.917938Z DEBUG netbaiot_transports::business_rpc::v3: business RPC V3 received frame stream_id=204 frame_type=Data payload_bytes=215
2026-09-26T01:19:14.917995Z DEBUG netbaiot_transports::business_rpc::v3: business RPC V3 received frame stream_id=198 frame_type=Data payload_bytes=215
2026-09-26T01:19:14.918017Z DEBUG netbaiot_transports::business_rpc::v3: business RPC V3 selected frame stream_id=0 frame_type=WindowUpdate payload_bytes=4
2026-09-26T01:19:14.918028Z DEBUG netbaiot_transports::business_rpc::v3: business RPC V3 received frame stream_id=202 frame_type=Data payload_bytes=215
2026-09-26T01:19:14.918080Z DEBUG netbaiot_transports::business_rpc::v3: business RPC V3 writer completed frame stream_id=0 frame_type=WindowUpdate payload_bytes=4
2026-09-26T01:19:14.918102Z DEBUG netbaiot_transports::business_rpc::v3: business RPC V3 selected frame stream_id=0 frame_type=WindowUpdate payload_bytes=4
2026-09-26T01:19:14.918110Z DEBUG netbaiot_transports::business_rpc::v3: business RPC V3 received frame stream_id=200 frame_type=Data payload_bytes=215
2026-09-26T01:19:14.918131Z DEBUG netbaiot_transports::business_rpc::v3: business RPC V3 writer completed frame stream_id=0 frame_type=WindowUpdate payload_bytes=4
2026-09-26T01:19:14.918200Z DEBUG netbaiot_transports::business_rpc::v3: business RPC V3 selected frame stream_id=0 frame_type=WindowUpdate payload_bytes=4
2026-09-26T01:19:14.918173Z DEBUG netbaiot_transports::business_rpc::v3: business RPC V3 received frame stream_id=196 frame_type=Response payload_bytes=35
2026-09-26T01:19:14.918279Z DEBUG netbaiot_transports::business_rpc::v3: business RPC V3 received frame stream_id=196 frame_type=Data payload_bytes=118
2026-09-26T01:19:14.918241Z DEBUG netbaiot_transports::business_rpc::v3: business RPC V3 writer completed frame stream_id=0 frame_type=WindowUpdate payload_bytes=4
2026-09-26T01:19:14.918347Z DEBUG netbaiot_transports::business_rpc::v3: business RPC V3 selected frame stream_id=0 frame_type=WindowUpdate payload_bytes=4
2026-09-26T01:19:14.918386Z DEBUG netbaiot_transports::business_rpc::v3: business RPC V3 writer completed frame stream_id=0 frame_type=WindowUpdate payload_bytes=4
2026-09-26T01:19:14.918403Z DEBUG netbaiot_transports::business_rpc::v3: business RPC V3 selected frame stream_id=0 frame_type=WindowUpdate payload_bytes=4
2026-09-26T01:19:14.918426Z DEBUG netbaiot_transports::business_rpc::v3: business RPC V3 writer completed frame stream_id=0 frame_type=WindowUpdate payload_bytes=4
2026-09-26T01:19:14.918316Z DEBUG netbaiot_transports::business_rpc::v3: business RPC V3 Event delivery acknowledged stream_id=196 completion_us=751379
2026-09-26T01:19:14.918971Z DEBUG netbaiot_transports::business_rpc::v3: business RPC V3 body entered scheduler stream_id=206 class=Rpc body_bytes=197
2026-09-26T01:19:14.919000Z DEBUG netbaiot_transports::business_rpc::v3: business RPC V3 selected frame stream_id=206 frame_type=Open payload_bytes=158
2026-09-26T01:19:14.919031Z DEBUG netbaiot_transports::business_rpc::v3: business RPC V3 writer completed frame stream_id=206 frame_type=Open payload_bytes=158
2026-09-26T01:19:14.919048Z DEBUG netbaiot_transports::business_rpc::v3: business RPC V3 body entered scheduler stream_id=208 class=Rpc body_bytes=197
2026-09-26T01:19:14.919062Z DEBUG netbaiot_transports::business_rpc::v3: business RPC V3 body entered scheduler stream_id=210 class=Rpc body_bytes=197
2026-09-26T01:19:14.919074Z DEBUG netbaiot_transports::business_rpc::v3: business RPC V3 selected frame stream_id=208 frame_type=Open payload_bytes=158
2026-09-26T01:19:14.919101Z DEBUG netbaiot_transports::business_rpc::v3: business RPC V3 writer completed frame stream_id=208 frame_type=Open payload_bytes=158
2026-09-26T01:19:14.919117Z DEBUG netbaiot_transports::business_rpc::v3: business RPC V3 selected frame stream_id=210 frame_type=Open payload_bytes=158
2026-09-26T01:19:14.919144Z DEBUG netbaiot_transports::business_rpc::v3: business RPC V3 writer completed frame stream_id=210 frame_type=Open payload_bytes=158
2026-09-26T01:19:14.919160Z DEBUG netbaiot_transports::business_rpc::v3: business RPC V3 selected frame stream_id=206 frame_type=Data payload_bytes=197
2026-09-26T01:19:14.919189Z DEBUG netbaiot_transports::business_rpc::v3: business RPC V3 writer completed frame stream_id=206 frame_type=Data payload_bytes=197
2026-09-26T01:19:14.919205Z DEBUG netbaiot_transports::business_rpc::v3: business RPC V3 body entered scheduler stream_id=212 class=Rpc body_bytes=197
2026-09-26T01:19:14.919218Z DEBUG netbaiot_transports::business_rpc::v3: business RPC V3 selected frame stream_id=212 frame_type=Open payload_bytes=158
2026-09-26T01:19:14.919243Z DEBUG netbaiot_transports::business_rpc::v3: business RPC V3 writer completed frame stream_id=212 frame_type=Open payload_bytes=158
2026-09-26T01:19:14.919258Z DEBUG netbaiot_transports::business_rpc::v3: business RPC V3 selected frame stream_id=208 frame_type=Data payload_bytes=197
2026-09-26T01:19:14.919277Z DEBUG netbaiot_transports::business_rpc::v3: business RPC V3 writer completed frame stream_id=208 frame_type=Data payload_bytes=197
2026-09-26T01:19:14.919291Z DEBUG netbaiot_transports::business_rpc::v3: business RPC V3 selected frame stream_id=210 frame_type=Data payload_bytes=197
2026-09-26T01:19:14.919309Z DEBUG netbaiot_transports::business_rpc::v3: business RPC V3 writer completed frame stream_id=210 frame_type=Data payload_bytes=197
2026-09-26T01:19:14.919323Z DEBUG netbaiot_transports::business_rpc::v3: business RPC V3 selected frame stream_id=212 frame_type=Data payload_bytes=197
2026-09-26T01:19:14.919341Z DEBUG netbaiot_transports::business_rpc::v3: business RPC V3 writer completed frame stream_id=212 frame_type=Data payload_bytes=197
2026-09-26T01:19:15.109148Z DEBUG netbaiot_transports::business_rpc::v3: business RPC V3 received frame stream_id=0 frame_type=WindowUpdate payload_bytes=4
2026-09-26T01:19:15.109171Z DEBUG netbaiot_transports::business_rpc::v3: business RPC V3 received frame stream_id=0 frame_type=WindowUpdate payload_bytes=4
2026-09-26T01:19:15.109175Z DEBUG netbaiot_transports::business_rpc::v3: business RPC V3 received frame stream_id=0 frame_type=WindowUpdate payload_bytes=4
2026-09-26T01:19:15.109178Z DEBUG netbaiot_transports::business_rpc::v3: business RPC V3 received frame stream_id=0 frame_type=WindowUpdate payload_bytes=4
2026-09-26T01:19:15.109181Z DEBUG netbaiot_transports::business_rpc::v3: business RPC V3 received frame stream_id=208 frame_type=Response payload_bytes=35
2026-09-26T01:19:15.109187Z DEBUG netbaiot_transports::business_rpc::v3: business RPC V3 received frame stream_id=206 frame_type=Response payload_bytes=35
2026-09-26T01:19:15.109190Z DEBUG netbaiot_transports::business_rpc::v3: business RPC V3 received frame stream_id=212 frame_type=Response payload_bytes=35
2026-09-26T01:19:15.109193Z DEBUG netbaiot_transports::business_rpc::v3: business RPC V3 received frame stream_id=210 frame_type=Response payload_bytes=35
2026-09-26T01:19:15.109196Z DEBUG netbaiot_transports::business_rpc::v3: business RPC V3 received frame stream_id=208 frame_type=Data payload_bytes=215
2026-09-26T01:19:15.109215Z DEBUG netbaiot_transports::business_rpc::v3: business RPC V3 received frame stream_id=206 frame_type=Data payload_bytes=215
2026-09-26T01:19:15.109224Z DEBUG netbaiot_transports::business_rpc::v3: business RPC V3 received frame stream_id=212 frame_type=Data payload_bytes=215
2026-09-26T01:19:15.109230Z DEBUG netbaiot_transports::business_rpc::v3: business RPC V3 received frame stream_id=210 frame_type=Data payload_bytes=215
2026-09-26T01:19:15.109300Z DEBUG netbaiot_transports::business_rpc::v3: business RPC V3 selected frame stream_id=0 frame_type=WindowUpdate payload_bytes=4
2026-09-26T01:19:15.109343Z DEBUG netbaiot_transports::business_rpc::v3: business RPC V3 writer completed frame stream_id=0 frame_type=WindowUpdate payload_bytes=4
2026-09-26T01:19:15.109363Z DEBUG netbaiot_transports::business_rpc::v3: business RPC V3 selected frame stream_id=0 frame_type=WindowUpdate payload_bytes=4
2026-09-26T01:19:15.109376Z DEBUG netbaiot_transports::business_rpc::v3: business RPC V3 writer completed frame stream_id=0 frame_type=WindowUpdate payload_bytes=4
2026-09-26T01:19:15.109383Z DEBUG netbaiot_transports::business_rpc::v3: business RPC V3 selected frame stream_id=0 frame_type=WindowUpdate payload_bytes=4
2026-09-26T01:19:15.109393Z DEBUG netbaiot_transports::business_rpc::v3: business RPC V3 writer completed frame stream_id=0 frame_type=WindowUpdate payload_bytes=4
2026-09-26T01:19:15.109404Z DEBUG netbaiot_transports::business_rpc::v3: business RPC V3 selected frame stream_id=0 frame_type=WindowUpdate payload_bytes=4
2026-09-26T01:19:15.109413Z DEBUG netbaiot_transports::business_rpc::v3: business RPC V3 writer completed frame stream_id=0 frame_type=WindowUpdate payload_bytes=4
2026-09-26T01:19:15.109682Z DEBUG netbaiot_transports::business_rpc::v3: business RPC V3 body entered scheduler stream_id=214 class=Rpc body_bytes=198
2026-09-26T01:19:15.109692Z DEBUG netbaiot_transports::business_rpc::v3: business RPC V3 body entered scheduler stream_id=216 class=Rpc body_bytes=197
2026-09-26T01:19:15.109695Z DEBUG netbaiot_transports::business_rpc::v3: business RPC V3 selected frame stream_id=214 frame_type=Open payload_bytes=158
2026-09-26T01:19:15.109706Z DEBUG netbaiot_transports::business_rpc::v3: business RPC V3 writer completed frame stream_id=214 frame_type=Open payload_bytes=158
2026-09-26T01:19:15.109710Z DEBUG netbaiot_transports::business_rpc::v3: business RPC V3 body entered scheduler stream_id=218 class=Rpc body_bytes=197
2026-09-26T01:19:15.109713Z DEBUG netbaiot_transports::business_rpc::v3: business RPC V3 body entered scheduler stream_id=220 class=Rpc body_bytes=197
2026-09-26T01:19:15.109715Z DEBUG netbaiot_transports::business_rpc::v3: business RPC V3 selected frame stream_id=216 frame_type=Open payload_bytes=158
2026-09-26T01:19:15.109719Z DEBUG netbaiot_transports::business_rpc::v3: business RPC V3 writer completed frame stream_id=216 frame_type=Open payload_bytes=158
2026-09-26T01:19:15.109722Z DEBUG netbaiot_transports::business_rpc::v3: business RPC V3 selected frame stream_id=218 frame_type=Open payload_bytes=158
2026-09-26T01:19:15.109725Z DEBUG netbaiot_transports::business_rpc::v3: business RPC V3 writer completed frame stream_id=218 frame_type=Open payload_bytes=158
2026-09-26T01:19:15.109727Z DEBUG netbaiot_transports::business_rpc::v3: business RPC V3 selected frame stream_id=220 frame_type=Open payload_bytes=158
2026-09-26T01:19:15.109730Z DEBUG netbaiot_transports::business_rpc::v3: business RPC V3 writer completed frame stream_id=220 frame_type=Open payload_bytes=158
2026-09-26T01:19:15.109733Z DEBUG netbaiot_transports::business_rpc::v3: business RPC V3 selected frame stream_id=214 frame_type=Data payload_bytes=198
2026-09-26T01:19:15.109736Z DEBUG netbaiot_transports::business_rpc::v3: business RPC V3 writer completed frame stream_id=214 frame_type=Data payload_bytes=198
2026-09-26T01:19:15.109739Z DEBUG netbaiot_transports::business_rpc::v3: business RPC V3 selected frame stream_id=216 frame_type=Data payload_bytes=197
2026-09-26T01:19:15.109746Z DEBUG netbaiot_transports::business_rpc::v3: business RPC V3 writer completed frame stream_id=216 frame_type=Data payload_bytes=197
2026-09-26T01:19:15.109748Z DEBUG netbaiot_transports::business_rpc::v3: business RPC V3 selected frame stream_id=218 frame_type=Data payload_bytes=197
2026-09-26T01:19:15.109752Z DEBUG netbaiot_transports::business_rpc::v3: business RPC V3 writer completed frame stream_id=218 frame_type=Data payload_bytes=197
2026-09-26T01:19:15.109754Z DEBUG netbaiot_transports::business_rpc::v3: business RPC V3 selected frame stream_id=220 frame_type=Data payload_bytes=197
2026-09-26T01:19:15.109757Z DEBUG netbaiot_transports::business_rpc::v3: business RPC V3 writer completed frame stream_id=220 frame_type=Data payload_bytes=197
2026-09-26T01:19:15.167459Z DEBUG netbaiot_transports::business_rpc::v3: business RPC V3 body entered scheduler stream_id=222 class=Event body_bytes=17365
2026-09-26T01:19:15.167482Z DEBUG netbaiot_transports::business_rpc::v3: business RPC V3 selected frame stream_id=222 frame_type=Open payload_bytes=184
2026-09-26T01:19:15.167491Z DEBUG netbaiot_transports::business_rpc::v3: business RPC V3 writer completed frame stream_id=222 frame_type=Open payload_bytes=184
2026-09-26T01:19:15.167495Z DEBUG netbaiot_transports::business_rpc::v3: business RPC V3 selected frame stream_id=222 frame_type=Data payload_bytes=8192
2026-09-26T01:19:15.167500Z DEBUG netbaiot_transports::business_rpc::v3: business RPC V3 writer completed frame stream_id=222 frame_type=Data payload_bytes=8192
2026-09-26T01:19:15.167502Z DEBUG netbaiot_transports::business_rpc::v3: business RPC V3 selected frame stream_id=222 frame_type=Data payload_bytes=8192
2026-09-26T01:19:15.167509Z DEBUG netbaiot_transports::business_rpc::v3: business RPC V3 writer completed frame stream_id=222 frame_type=Data payload_bytes=8192
2026-09-26T01:19:15.167512Z DEBUG netbaiot_transports::business_rpc::v3: business RPC V3 selected frame stream_id=222 frame_type=Data payload_bytes=981
2026-09-26T01:19:15.167517Z DEBUG netbaiot_transports::business_rpc::v3: business RPC V3 writer completed frame stream_id=222 frame_type=Data payload_bytes=981
2026-09-26T01:19:15.298447Z DEBUG netbaiot_transports::business_rpc::v3: business RPC V3 received frame stream_id=0 frame_type=WindowUpdate payload_bytes=4
2026-09-26T01:19:15.298466Z DEBUG netbaiot_transports::business_rpc::v3: business RPC V3 received frame stream_id=0 frame_type=WindowUpdate payload_bytes=4
2026-09-26T01:19:15.298470Z DEBUG netbaiot_transports::business_rpc::v3: business RPC V3 received frame stream_id=0 frame_type=WindowUpdate payload_bytes=4
2026-09-26T01:19:15.298473Z DEBUG netbaiot_transports::business_rpc::v3: business RPC V3 received frame stream_id=0 frame_type=WindowUpdate payload_bytes=4
2026-09-26T01:19:15.298475Z DEBUG netbaiot_transports::business_rpc::v3: business RPC V3 received frame stream_id=220 frame_type=Response payload_bytes=35
2026-09-26T01:19:15.298481Z DEBUG netbaiot_transports::business_rpc::v3: business RPC V3 received frame stream_id=214 frame_type=Response payload_bytes=35
2026-09-26T01:19:15.298484Z DEBUG netbaiot_transports::business_rpc::v3: business RPC V3 received frame stream_id=216 frame_type=Response payload_bytes=35
2026-09-26T01:19:15.298486Z DEBUG netbaiot_transports::business_rpc::v3: business RPC V3 received frame stream_id=218 frame_type=Response payload_bytes=35
2026-09-26T01:19:15.298489Z DEBUG netbaiot_transports::business_rpc::v3: business RPC V3 received frame stream_id=220 frame_type=Data payload_bytes=215
2026-09-26T01:19:15.298506Z DEBUG netbaiot_transports::business_rpc::v3: business RPC V3 received frame stream_id=214 frame_type=Data payload_bytes=216
2026-09-26T01:19:15.298512Z DEBUG netbaiot_transports::business_rpc::v3: business RPC V3 received frame stream_id=216 frame_type=Data payload_bytes=215
2026-09-26T01:19:15.298517Z DEBUG netbaiot_transports::business_rpc::v3: business RPC V3 received frame stream_id=218 frame_type=Data payload_bytes=215
2026-09-26T01:19:15.298517Z DEBUG netbaiot_transports::business_rpc::v3: business RPC V3 selected frame stream_id=0 frame_type=WindowUpdate payload_bytes=4
2026-09-26T01:19:15.298534Z DEBUG netbaiot_transports::business_rpc::v3: business RPC V3 writer completed frame stream_id=0 frame_type=WindowUpdate payload_bytes=4
2026-09-26T01:19:15.298539Z DEBUG netbaiot_transports::business_rpc::v3: business RPC V3 selected frame stream_id=0 frame_type=WindowUpdate payload_bytes=4
2026-09-26T01:19:15.298544Z DEBUG netbaiot_transports::business_rpc::v3: business RPC V3 writer completed frame stream_id=0 frame_type=WindowUpdate payload_bytes=4
2026-09-26T01:19:15.298547Z DEBUG netbaiot_transports::business_rpc::v3: business RPC V3 selected frame stream_id=0 frame_type=WindowUpdate payload_bytes=4
2026-09-26T01:19:15.298551Z DEBUG netbaiot_transports::business_rpc::v3: business RPC V3 writer completed frame stream_id=0 frame_type=WindowUpdate payload_bytes=4
2026-09-26T01:19:15.298553Z DEBUG netbaiot_transports::business_rpc::v3: business RPC V3 selected frame stream_id=0 frame_type=WindowUpdate payload_bytes=4
2026-09-26T01:19:15.298557Z DEBUG netbaiot_transports::business_rpc::v3: business RPC V3 writer completed frame stream_id=0 frame_type=WindowUpdate payload_bytes=4
2026-09-26T01:19:15.298953Z DEBUG netbaiot_transports::business_rpc::v3: business RPC V3 body entered scheduler stream_id=224 class=Rpc body_bytes=198
2026-09-26T01:19:15.298959Z DEBUG netbaiot_transports::business_rpc::v3: business RPC V3 body entered scheduler stream_id=226 class=Rpc body_bytes=198
2026-09-26T01:19:15.298962Z DEBUG netbaiot_transports::business_rpc::v3: business RPC V3 selected frame stream_id=224 frame_type=Open payload_bytes=158
2026-09-26T01:19:15.298969Z DEBUG netbaiot_transports::business_rpc::v3: business RPC V3 writer completed frame stream_id=224 frame_type=Open payload_bytes=158
2026-09-26T01:19:15.298972Z DEBUG netbaiot_transports::business_rpc::v3: business RPC V3 body entered scheduler stream_id=228 class=Rpc body_bytes=198
2026-09-26T01:19:15.298974Z DEBUG netbaiot_transports::business_rpc::v3: business RPC V3 selected frame stream_id=226 frame_type=Open payload_bytes=158
2026-09-26T01:19:15.298977Z DEBUG netbaiot_transports::business_rpc::v3: business RPC V3 writer completed frame stream_id=226 frame_type=Open payload_bytes=158
2026-09-26T01:19:15.298980Z DEBUG netbaiot_transports::business_rpc::v3: business RPC V3 selected frame stream_id=228 frame_type=Open payload_bytes=158
2026-09-26T01:19:15.298982Z DEBUG netbaiot_transports::business_rpc::v3: business RPC V3 writer completed frame stream_id=228 frame_type=Open payload_bytes=158
2026-09-26T01:19:15.298985Z DEBUG netbaiot_transports::business_rpc::v3: business RPC V3 selected frame stream_id=224 frame_type=Data payload_bytes=198
2026-09-26T01:19:15.298987Z DEBUG netbaiot_transports::business_rpc::v3: business RPC V3 writer completed frame stream_id=224 frame_type=Data payload_bytes=198
2026-09-26T01:19:15.298990Z DEBUG netbaiot_transports::business_rpc::v3: business RPC V3 selected frame stream_id=226 frame_type=Data payload_bytes=198
2026-09-26T01:19:15.298992Z DEBUG netbaiot_transports::business_rpc::v3: business RPC V3 writer completed frame stream_id=226 frame_type=Data payload_bytes=198
2026-09-26T01:19:15.298994Z DEBUG netbaiot_transports::business_rpc::v3: business RPC V3 selected frame stream_id=228 frame_type=Data payload_bytes=198
2026-09-26T01:19:15.298997Z DEBUG netbaiot_transports::business_rpc::v3: business RPC V3 writer completed frame stream_id=228 frame_type=Data payload_bytes=198
2026-09-26T01:19:15.299016Z DEBUG netbaiot_transports::business_rpc::v3: business RPC V3 body entered scheduler stream_id=230 class=Rpc body_bytes=198
2026-09-26T01:19:15.299024Z DEBUG netbaiot_transports::business_rpc::v3: business RPC V3 selected frame stream_id=230 frame_type=Open payload_bytes=158
2026-09-26T01:19:15.299030Z DEBUG netbaiot_transports::business_rpc::v3: business RPC V3 writer completed frame stream_id=230 frame_type=Open payload_bytes=158
2026-09-26T01:19:15.299033Z DEBUG netbaiot_transports::business_rpc::v3: business RPC V3 selected frame stream_id=230 frame_type=Data payload_bytes=198
2026-09-26T01:19:15.299037Z DEBUG netbaiot_transports::business_rpc::v3: business RPC V3 writer completed frame stream_id=230 frame_type=Data payload_bytes=198
2026-09-26T01:19:15.765179Z DEBUG netbaiot_transports::business_rpc::v3: business RPC V3 received frame stream_id=0 frame_type=WindowUpdate payload_bytes=4
2026-09-26T01:19:15.765225Z DEBUG netbaiot_transports::business_rpc::v3: business RPC V3 received frame stream_id=222 frame_type=WindowUpdate payload_bytes=4
2026-09-26T01:19:15.888279Z DEBUG netbaiot_transports::business_rpc::v3: business RPC V3 received frame stream_id=0 frame_type=WindowUpdate payload_bytes=4
2026-09-26T01:19:15.888320Z DEBUG netbaiot_transports::business_rpc::v3: business RPC V3 received frame stream_id=222 frame_type=WindowUpdate payload_bytes=4
2026-09-26T01:19:15.888327Z DEBUG netbaiot_transports::business_rpc::v3: business RPC V3 received frame stream_id=0 frame_type=WindowUpdate payload_bytes=4
2026-09-26T01:19:15.888333Z DEBUG netbaiot_transports::business_rpc::v3: business RPC V3 received frame stream_id=0 frame_type=WindowUpdate payload_bytes=4
2026-09-26T01:19:15.888338Z DEBUG netbaiot_transports::business_rpc::v3: business RPC V3 received frame stream_id=0 frame_type=WindowUpdate payload_bytes=4
2026-09-26T01:19:15.888343Z DEBUG netbaiot_transports::business_rpc::v3: business RPC V3 received frame stream_id=0 frame_type=WindowUpdate payload_bytes=4
2026-09-26T01:19:15.888349Z DEBUG netbaiot_transports::business_rpc::v3: business RPC V3 received frame stream_id=0 frame_type=WindowUpdate payload_bytes=4
2026-09-26T01:19:15.888354Z DEBUG netbaiot_transports::business_rpc::v3: business RPC V3 received frame stream_id=230 frame_type=Response payload_bytes=35
2026-09-26T01:19:15.888363Z DEBUG netbaiot_transports::business_rpc::v3: business RPC V3 received frame stream_id=230 frame_type=Data payload_bytes=216
2026-09-26T01:19:15.888410Z DEBUG netbaiot_transports::business_rpc::v3: business RPC V3 selected frame stream_id=0 frame_type=WindowUpdate payload_bytes=4
2026-09-26T01:19:15.888443Z DEBUG netbaiot_transports::business_rpc::v3: business RPC V3 writer completed frame stream_id=0 frame_type=WindowUpdate payload_bytes=4
2026-09-26T01:19:15.888982Z DEBUG netbaiot_transports::business_rpc::v3: business RPC V3 body entered scheduler stream_id=232 class=Rpc body_bytes=198
2026-09-26T01:19:15.889014Z DEBUG netbaiot_transports::business_rpc::v3: business RPC V3 selected frame stream_id=232 frame_type=Open payload_bytes=158
2026-09-26T01:19:15.889039Z DEBUG netbaiot_transports::business_rpc::v3: business RPC V3 writer completed frame stream_id=232 frame_type=Open payload_bytes=158
2026-09-26T01:19:15.889050Z DEBUG netbaiot_transports::business_rpc::v3: business RPC V3 selected frame stream_id=232 frame_type=Data payload_bytes=198
2026-09-26T01:19:15.889064Z DEBUG netbaiot_transports::business_rpc::v3: business RPC V3 writer completed frame stream_id=232 frame_type=Data payload_bytes=198
2026-09-26T01:19:15.944715Z DEBUG netbaiot_transports::business_rpc::v3: business RPC V3 received frame stream_id=226 frame_type=Response payload_bytes=35
2026-09-26T01:19:15.944737Z DEBUG netbaiot_transports::business_rpc::v3: business RPC V3 received frame stream_id=228 frame_type=Response payload_bytes=35
2026-09-26T01:19:15.944741Z DEBUG netbaiot_transports::business_rpc::v3: business RPC V3 received frame stream_id=224 frame_type=Response payload_bytes=35
2026-09-26T01:19:15.944744Z DEBUG netbaiot_transports::business_rpc::v3: business RPC V3 received frame stream_id=222 frame_type=Response payload_bytes=35
2026-09-26T01:19:15.944747Z DEBUG netbaiot_transports::business_rpc::v3: business RPC V3 received frame stream_id=226 frame_type=Data payload_bytes=216
2026-09-26T01:19:15.944763Z DEBUG netbaiot_transports::business_rpc::v3: business RPC V3 received frame stream_id=228 frame_type=Data payload_bytes=216
2026-09-26T01:19:15.944769Z DEBUG netbaiot_transports::business_rpc::v3: business RPC V3 received frame stream_id=224 frame_type=Data payload_bytes=216
2026-09-26T01:19:15.944774Z DEBUG netbaiot_transports::business_rpc::v3: business RPC V3 received frame stream_id=222 frame_type=Data payload_bytes=118
2026-09-26T01:19:15.944779Z DEBUG netbaiot_transports::business_rpc::v3: business RPC V3 Event delivery acknowledged stream_id=222 completion_us=777324
2026-09-26T01:19:15.944773Z DEBUG netbaiot_transports::business_rpc::v3: business RPC V3 selected frame stream_id=0 frame_type=WindowUpdate payload_bytes=4
2026-09-26T01:19:15.944813Z DEBUG netbaiot_transports::business_rpc::v3: business RPC V3 writer completed frame stream_id=0 frame_type=WindowUpdate payload_bytes=4
2026-09-26T01:19:15.944816Z DEBUG netbaiot_transports::business_rpc::v3: business RPC V3 selected frame stream_id=0 frame_type=WindowUpdate payload_bytes=4
2026-09-26T01:19:15.944820Z DEBUG netbaiot_transports::business_rpc::v3: business RPC V3 writer completed frame stream_id=0 frame_type=WindowUpdate payload_bytes=4
2026-09-26T01:19:15.944823Z DEBUG netbaiot_transports::business_rpc::v3: business RPC V3 selected frame stream_id=0 frame_type=WindowUpdate payload_bytes=4
2026-09-26T01:19:15.944826Z DEBUG netbaiot_transports::business_rpc::v3: business RPC V3 writer completed frame stream_id=0 frame_type=WindowUpdate payload_bytes=4
2026-09-26T01:19:15.944828Z DEBUG netbaiot_transports::business_rpc::v3: business RPC V3 selected frame stream_id=0 frame_type=WindowUpdate payload_bytes=4
2026-09-26T01:19:15.944832Z DEBUG netbaiot_transports::business_rpc::v3: business RPC V3 writer completed frame stream_id=0 frame_type=WindowUpdate payload_bytes=4
2026-09-26T01:19:15.945148Z DEBUG netbaiot_transports::business_rpc::v3: business RPC V3 body entered scheduler stream_id=234 class=Rpc body_bytes=198
2026-09-26T01:19:15.945153Z DEBUG netbaiot_transports::business_rpc::v3: business RPC V3 selected frame stream_id=234 frame_type=Open payload_bytes=158
2026-09-26T01:19:15.945159Z DEBUG netbaiot_transports::business_rpc::v3: business RPC V3 writer completed frame stream_id=234 frame_type=Open payload_bytes=158
2026-09-26T01:19:15.945161Z DEBUG netbaiot_transports::business_rpc::v3: business RPC V3 body entered scheduler stream_id=236 class=Rpc body_bytes=198
2026-09-26T01:19:15.945163Z DEBUG netbaiot_transports::business_rpc::v3: business RPC V3 body entered scheduler stream_id=238 class=Rpc body_bytes=198
2026-09-26T01:19:15.945165Z DEBUG netbaiot_transports::business_rpc::v3: business RPC V3 selected frame stream_id=236 frame_type=Open payload_bytes=158
2026-09-26T01:19:15.945168Z DEBUG netbaiot_transports::business_rpc::v3: business RPC V3 writer completed frame stream_id=236 frame_type=Open payload_bytes=158
2026-09-26T01:19:15.945170Z DEBUG netbaiot_transports::business_rpc::v3: business RPC V3 selected frame stream_id=238 frame_type=Open payload_bytes=158
2026-09-26T01:19:15.945176Z DEBUG netbaiot_transports::business_rpc::v3: business RPC V3 writer completed frame stream_id=238 frame_type=Open payload_bytes=158
2026-09-26T01:19:15.945178Z DEBUG netbaiot_transports::business_rpc::v3: business RPC V3 selected frame stream_id=234 frame_type=Data payload_bytes=198
2026-09-26T01:19:15.945185Z DEBUG netbaiot_transports::business_rpc::v3: business RPC V3 writer completed frame stream_id=234 frame_type=Data payload_bytes=198
2026-09-26T01:19:15.945187Z DEBUG netbaiot_transports::business_rpc::v3: business RPC V3 selected frame stream_id=236 frame_type=Data payload_bytes=198
2026-09-26T01:19:15.945196Z DEBUG netbaiot_transports::business_rpc::v3: business RPC V3 writer completed frame stream_id=236 frame_type=Data payload_bytes=198
2026-09-26T01:19:15.945198Z DEBUG netbaiot_transports::business_rpc::v3: business RPC V3 selected frame stream_id=238 frame_type=Data payload_bytes=198
2026-09-26T01:19:15.945204Z DEBUG netbaiot_transports::business_rpc::v3: business RPC V3 writer completed frame stream_id=238 frame_type=Data payload_bytes=198
2026-09-26T01:19:15.988394Z DEBUG netbaiot_transports::business_rpc::v3: business RPC V3 received frame stream_id=0 frame_type=WindowUpdate payload_bytes=4
2026-09-26T01:19:15.988418Z DEBUG netbaiot_transports::business_rpc::v3: business RPC V3 received frame stream_id=232 frame_type=Response payload_bytes=35
2026-09-26T01:19:15.988425Z DEBUG netbaiot_transports::business_rpc::v3: business RPC V3 received frame stream_id=232 frame_type=Data payload_bytes=216
2026-09-26T01:19:15.988450Z DEBUG netbaiot_transports::business_rpc::v3: business RPC V3 selected frame stream_id=0 frame_type=WindowUpdate payload_bytes=4
2026-09-26T01:19:15.988461Z DEBUG netbaiot_transports::business_rpc::v3: business RPC V3 writer completed frame stream_id=0 frame_type=WindowUpdate payload_bytes=4
2026-09-26T01:19:15.988818Z DEBUG netbaiot_transports::business_rpc::v3: business RPC V3 body entered scheduler stream_id=240 class=Rpc body_bytes=198
2026-09-26T01:19:15.988825Z DEBUG netbaiot_transports::business_rpc::v3: business RPC V3 selected frame stream_id=240 frame_type=Open payload_bytes=158
2026-09-26T01:19:15.988833Z DEBUG netbaiot_transports::business_rpc::v3: business RPC V3 writer completed frame stream_id=240 frame_type=Open payload_bytes=158
2026-09-26T01:19:15.988836Z DEBUG netbaiot_transports::business_rpc::v3: business RPC V3 selected frame stream_id=240 frame_type=Data payload_bytes=198
2026-09-26T01:19:15.988839Z DEBUG netbaiot_transports::business_rpc::v3: business RPC V3 writer completed frame stream_id=240 frame_type=Data payload_bytes=198
2026-09-26T01:19:16.095488Z DEBUG netbaiot_transports::business_rpc::v3: business RPC V3 received frame stream_id=0 frame_type=WindowUpdate payload_bytes=4
2026-09-26T01:19:16.095513Z DEBUG netbaiot_transports::business_rpc::v3: business RPC V3 received frame stream_id=0 frame_type=WindowUpdate payload_bytes=4
2026-09-26T01:19:16.095516Z DEBUG netbaiot_transports::business_rpc::v3: business RPC V3 received frame stream_id=0 frame_type=WindowUpdate payload_bytes=4
2026-09-26T01:19:16.095519Z DEBUG netbaiot_transports::business_rpc::v3: business RPC V3 received frame stream_id=238 frame_type=Response payload_bytes=35
2026-09-26T01:19:16.095525Z DEBUG netbaiot_transports::business_rpc::v3: business RPC V3 received frame stream_id=238 frame_type=Data payload_bytes=216
2026-09-26T01:19:16.095541Z DEBUG netbaiot_transports::business_rpc::v3: business RPC V3 received frame stream_id=234 frame_type=Response payload_bytes=35
2026-09-26T01:19:16.095544Z DEBUG netbaiot_transports::business_rpc::v3: business RPC V3 received frame stream_id=236 frame_type=Response payload_bytes=35
2026-09-26T01:19:16.095547Z DEBUG netbaiot_transports::business_rpc::v3: business RPC V3 received frame stream_id=234 frame_type=Data payload_bytes=216
2026-09-26T01:19:16.095552Z DEBUG netbaiot_transports::business_rpc::v3: business RPC V3 received frame stream_id=236 frame_type=Data payload_bytes=216
2026-09-26T01:19:16.095551Z DEBUG netbaiot_transports::business_rpc::v3: business RPC V3 selected frame stream_id=0 frame_type=WindowUpdate payload_bytes=4
2026-09-26T01:19:16.095573Z DEBUG netbaiot_transports::business_rpc::v3: business RPC V3 writer completed frame stream_id=0 frame_type=WindowUpdate payload_bytes=4
2026-09-26T01:19:16.095578Z DEBUG netbaiot_transports::business_rpc::v3: business RPC V3 selected frame stream_id=0 frame_type=WindowUpdate payload_bytes=4
2026-09-26T01:19:16.095582Z DEBUG netbaiot_transports::business_rpc::v3: business RPC V3 writer completed frame stream_id=0 frame_type=WindowUpdate payload_bytes=4
2026-09-26T01:19:16.095585Z DEBUG netbaiot_transports::business_rpc::v3: business RPC V3 selected frame stream_id=0 frame_type=WindowUpdate payload_bytes=4
2026-09-26T01:19:16.095589Z DEBUG netbaiot_transports::business_rpc::v3: business RPC V3 writer completed frame stream_id=0 frame_type=WindowUpdate payload_bytes=4
2026-09-26T01:19:16.095935Z DEBUG netbaiot_transports::business_rpc::v3: business RPC V3 body entered scheduler stream_id=242 class=Rpc body_bytes=198
2026-09-26T01:19:16.095940Z DEBUG netbaiot_transports::business_rpc::v3: business RPC V3 selected frame stream_id=242 frame_type=Open payload_bytes=158
2026-09-26T01:19:16.095947Z DEBUG netbaiot_transports::business_rpc::v3: business RPC V3 writer completed frame stream_id=242 frame_type=Open payload_bytes=158
2026-09-26T01:19:16.095950Z DEBUG netbaiot_transports::business_rpc::v3: business RPC V3 selected frame stream_id=242 frame_type=Data payload_bytes=198
2026-09-26T01:19:16.095953Z DEBUG netbaiot_transports::business_rpc::v3: business RPC V3 writer completed frame stream_id=242 frame_type=Data payload_bytes=198
2026-09-26T01:19:16.095990Z DEBUG netbaiot_transports::business_rpc::v3: business RPC V3 body entered scheduler stream_id=244 class=Rpc body_bytes=198
2026-09-26T01:19:16.095998Z DEBUG netbaiot_transports::business_rpc::v3: business RPC V3 body entered scheduler stream_id=246 class=Rpc body_bytes=198
2026-09-26T01:19:16.096001Z DEBUG netbaiot_transports::business_rpc::v3: business RPC V3 selected frame stream_id=244 frame_type=Open payload_bytes=158
2026-09-26T01:19:16.096008Z DEBUG netbaiot_transports::business_rpc::v3: business RPC V3 writer completed frame stream_id=244 frame_type=Open payload_bytes=158
2026-09-26T01:19:16.096011Z DEBUG netbaiot_transports::business_rpc::v3: business RPC V3 selected frame stream_id=246 frame_type=Open payload_bytes=158
2026-09-26T01:19:16.096015Z DEBUG netbaiot_transports::business_rpc::v3: business RPC V3 writer completed frame stream_id=246 frame_type=Open payload_bytes=158
2026-09-26T01:19:16.096017Z DEBUG netbaiot_transports::business_rpc::v3: business RPC V3 selected frame stream_id=244 frame_type=Data payload_bytes=198
2026-09-26T01:19:16.096020Z DEBUG netbaiot_transports::business_rpc::v3: business RPC V3 writer completed frame stream_id=244 frame_type=Data payload_bytes=198
2026-09-26T01:19:16.096023Z DEBUG netbaiot_transports::business_rpc::v3: business RPC V3 selected frame stream_id=246 frame_type=Data payload_bytes=198
2026-09-26T01:19:16.096026Z DEBUG netbaiot_transports::business_rpc::v3: business RPC V3 writer completed frame stream_id=246 frame_type=Data payload_bytes=198
2026-09-26T01:19:16.130370Z DEBUG netbaiot_transports::business_rpc::v3: business RPC V3 received frame stream_id=0 frame_type=WindowUpdate payload_bytes=4
2026-09-26T01:19:16.130383Z DEBUG netbaiot_transports::business_rpc::v3: business RPC V3 received frame stream_id=240 frame_type=Response payload_bytes=35
2026-09-26T01:19:16.130390Z DEBUG netbaiot_transports::business_rpc::v3: business RPC V3 received frame stream_id=240 frame_type=Data payload_bytes=216
2026-09-26T01:19:16.130414Z DEBUG netbaiot_transports::business_rpc::v3: business RPC V3 selected frame stream_id=0 frame_type=WindowUpdate payload_bytes=4
2026-09-26T01:19:16.130426Z DEBUG netbaiot_transports::business_rpc::v3: business RPC V3 writer completed frame stream_id=0 frame_type=WindowUpdate payload_bytes=4
2026-09-26T01:19:16.130756Z DEBUG netbaiot_transports::business_rpc::v3: business RPC V3 body entered scheduler stream_id=248 class=Rpc body_bytes=198
2026-09-26T01:19:16.130762Z DEBUG netbaiot_transports::business_rpc::v3: business RPC V3 selected frame stream_id=248 frame_type=Open payload_bytes=158
2026-09-26T01:19:16.130769Z DEBUG netbaiot_transports::business_rpc::v3: business RPC V3 writer completed frame stream_id=248 frame_type=Open payload_bytes=158
2026-09-26T01:19:16.130772Z DEBUG netbaiot_transports::business_rpc::v3: business RPC V3 selected frame stream_id=248 frame_type=Data payload_bytes=198
2026-09-26T01:19:16.130775Z DEBUG netbaiot_transports::business_rpc::v3: business RPC V3 writer completed frame stream_id=248 frame_type=Data payload_bytes=198
2026-09-26T01:19:16.167151Z DEBUG netbaiot_transports::business_rpc::v3: business RPC V3 body entered scheduler stream_id=250 class=Event body_bytes=17366
2026-09-26T01:19:16.167168Z DEBUG netbaiot_transports::business_rpc::v3: business RPC V3 selected frame stream_id=250 frame_type=Open payload_bytes=184
2026-09-26T01:19:16.167177Z DEBUG netbaiot_transports::business_rpc::v3: business RPC V3 writer completed frame stream_id=250 frame_type=Open payload_bytes=184
2026-09-26T01:19:16.167181Z DEBUG netbaiot_transports::business_rpc::v3: business RPC V3 selected frame stream_id=250 frame_type=Data payload_bytes=8192
2026-09-26T01:19:16.167186Z DEBUG netbaiot_transports::business_rpc::v3: business RPC V3 writer completed frame stream_id=250 frame_type=Data payload_bytes=8192
2026-09-26T01:19:16.167188Z DEBUG netbaiot_transports::business_rpc::v3: business RPC V3 selected frame stream_id=250 frame_type=Data payload_bytes=8192
2026-09-26T01:19:16.167195Z DEBUG netbaiot_transports::business_rpc::v3: business RPC V3 writer completed frame stream_id=250 frame_type=Data payload_bytes=8192
2026-09-26T01:19:16.167198Z DEBUG netbaiot_transports::business_rpc::v3: business RPC V3 selected frame stream_id=250 frame_type=Data payload_bytes=982
2026-09-26T01:19:16.167202Z DEBUG netbaiot_transports::business_rpc::v3: business RPC V3 writer completed frame stream_id=250 frame_type=Data payload_bytes=982
2026-09-26T01:19:16.263796Z DEBUG netbaiot_transports::business_rpc::v3: business RPC V3 received frame stream_id=0 frame_type=WindowUpdate payload_bytes=4
2026-09-26T01:19:16.263820Z DEBUG netbaiot_transports::business_rpc::v3: business RPC V3 received frame stream_id=0 frame_type=WindowUpdate payload_bytes=4
2026-09-26T01:19:16.263825Z DEBUG netbaiot_transports::business_rpc::v3: business RPC V3 received frame stream_id=0 frame_type=WindowUpdate payload_bytes=4
2026-09-26T01:19:16.263828Z DEBUG netbaiot_transports::business_rpc::v3: business RPC V3 received frame stream_id=246 frame_type=Response payload_bytes=35
2026-09-26T01:19:16.263834Z DEBUG netbaiot_transports::business_rpc::v3: business RPC V3 received frame stream_id=246 frame_type=Data payload_bytes=216
2026-09-26T01:19:16.263853Z DEBUG netbaiot_transports::business_rpc::v3: business RPC V3 received frame stream_id=242 frame_type=Response payload_bytes=35
2026-09-26T01:19:16.263857Z DEBUG netbaiot_transports::business_rpc::v3: business RPC V3 received frame stream_id=242 frame_type=Data payload_bytes=216
2026-09-26T01:19:16.263863Z DEBUG netbaiot_transports::business_rpc::v3: business RPC V3 selected frame stream_id=0 frame_type=WindowUpdate payload_bytes=4
2026-09-26T01:19:16.263866Z DEBUG netbaiot_transports::business_rpc::v3: business RPC V3 received frame stream_id=244 frame_type=Response payload_bytes=35
2026-09-26T01:19:16.263878Z DEBUG netbaiot_transports::business_rpc::v3: business RPC V3 received frame stream_id=244 frame_type=Data payload_bytes=216
2026-09-26T01:19:16.263881Z DEBUG netbaiot_transports::business_rpc::v3: business RPC V3 writer completed frame stream_id=0 frame_type=WindowUpdate payload_bytes=4
2026-09-26T01:19:16.263886Z DEBUG netbaiot_transports::business_rpc::v3: business RPC V3 selected frame stream_id=0 frame_type=WindowUpdate payload_bytes=4
2026-09-26T01:19:16.263892Z DEBUG netbaiot_transports::business_rpc::v3: business RPC V3 writer completed frame stream_id=0 frame_type=WindowUpdate payload_bytes=4
2026-09-26T01:19:16.263894Z DEBUG netbaiot_transports::business_rpc::v3: business RPC V3 selected frame stream_id=0 frame_type=WindowUpdate payload_bytes=4
2026-09-26T01:19:16.263898Z DEBUG netbaiot_transports::business_rpc::v3: business RPC V3 writer completed frame stream_id=0 frame_type=WindowUpdate payload_bytes=4
2026-09-26T01:19:16.264224Z DEBUG netbaiot_transports::business_rpc::v3: business RPC V3 body entered scheduler stream_id=252 class=Rpc body_bytes=198
2026-09-26T01:19:16.264229Z DEBUG netbaiot_transports::business_rpc::v3: business RPC V3 body entered scheduler stream_id=254 class=Rpc body_bytes=198
2026-09-26T01:19:16.264232Z DEBUG netbaiot_transports::business_rpc::v3: business RPC V3 selected frame stream_id=252 frame_type=Open payload_bytes=158
2026-09-26T01:19:16.264239Z DEBUG netbaiot_transports::business_rpc::v3: business RPC V3 writer completed frame stream_id=252 frame_type=Open payload_bytes=158
2026-09-26T01:19:16.264242Z DEBUG netbaiot_transports::business_rpc::v3: business RPC V3 selected frame stream_id=252 frame_type=Data payload_bytes=198
2026-09-26T01:19:16.264245Z DEBUG netbaiot_transports::business_rpc::v3: business RPC V3 writer completed frame stream_id=252 frame_type=Data payload_bytes=198
2026-09-26T01:19:16.264248Z DEBUG netbaiot_transports::business_rpc::v3: business RPC V3 body entered scheduler stream_id=256 class=Rpc body_bytes=198
2026-09-26T01:19:16.264250Z DEBUG netbaiot_transports::business_rpc::v3: business RPC V3 selected frame stream_id=254 frame_type=Open payload_bytes=158
2026-09-26T01:19:16.264253Z DEBUG netbaiot_transports::business_rpc::v3: business RPC V3 writer completed frame stream_id=254 frame_type=Open payload_bytes=158
2026-09-26T01:19:16.264255Z DEBUG netbaiot_transports::business_rpc::v3: business RPC V3 selected frame stream_id=256 frame_type=Open payload_bytes=158
2026-09-26T01:19:16.264258Z DEBUG netbaiot_transports::business_rpc::v3: business RPC V3 writer completed frame stream_id=256 frame_type=Open payload_bytes=158
2026-09-26T01:19:16.264260Z DEBUG netbaiot_transports::business_rpc::v3: business RPC V3 selected frame stream_id=254 frame_type=Data payload_bytes=198
2026-09-26T01:19:16.264262Z DEBUG netbaiot_transports::business_rpc::v3: business RPC V3 writer completed frame stream_id=254 frame_type=Data payload_bytes=198
2026-09-26T01:19:16.264264Z DEBUG netbaiot_transports::business_rpc::v3: business RPC V3 selected frame stream_id=256 frame_type=Data payload_bytes=198
2026-09-26T01:19:16.264267Z DEBUG netbaiot_transports::business_rpc::v3: business RPC V3 writer completed frame stream_id=256 frame_type=Data payload_bytes=198
2026-09-26T01:19:16.747215Z DEBUG netbaiot_transports::business_rpc::v3: business RPC V3 received frame stream_id=0 frame_type=WindowUpdate payload_bytes=4
2026-09-26T01:19:16.747233Z DEBUG netbaiot_transports::business_rpc::v3: business RPC V3 received frame stream_id=0 frame_type=WindowUpdate payload_bytes=4
2026-09-26T01:19:16.747236Z DEBUG netbaiot_transports::business_rpc::v3: business RPC V3 received frame stream_id=250 frame_type=WindowUpdate payload_bytes=4
2026-09-26T01:19:16.747239Z DEBUG netbaiot_transports::business_rpc::v3: business RPC V3 received frame stream_id=248 frame_type=Response payload_bytes=35
2026-09-26T01:19:16.747245Z DEBUG netbaiot_transports::business_rpc::v3: business RPC V3 received frame stream_id=248 frame_type=Data payload_bytes=216
2026-09-26T01:19:16.747274Z DEBUG netbaiot_transports::business_rpc::v3: business RPC V3 selected frame stream_id=0 frame_type=WindowUpdate payload_bytes=4
2026-09-26T01:19:16.747294Z DEBUG netbaiot_transports::business_rpc::v3: business RPC V3 writer completed frame stream_id=0 frame_type=WindowUpdate payload_bytes=4
2026-09-26T01:19:16.747682Z DEBUG netbaiot_transports::business_rpc::v3: business RPC V3 body entered scheduler stream_id=258 class=Rpc body_bytes=198
2026-09-26T01:19:16.747687Z DEBUG netbaiot_transports::business_rpc::v3: business RPC V3 selected frame stream_id=258 frame_type=Open payload_bytes=158
2026-09-26T01:19:16.747694Z DEBUG netbaiot_transports::business_rpc::v3: business RPC V3 writer completed frame stream_id=258 frame_type=Open payload_bytes=158
2026-09-26T01:19:16.747698Z DEBUG netbaiot_transports::business_rpc::v3: business RPC V3 selected frame stream_id=258 frame_type=Data payload_bytes=198
2026-09-26T01:19:16.747702Z DEBUG netbaiot_transports::business_rpc::v3: business RPC V3 writer completed frame stream_id=258 frame_type=Data payload_bytes=198
2026-09-26T01:19:16.877765Z DEBUG netbaiot_transports::business_rpc::v3: business RPC V3 received frame stream_id=0 frame_type=WindowUpdate payload_bytes=4
2026-09-26T01:19:16.877790Z DEBUG netbaiot_transports::business_rpc::v3: business RPC V3 received frame stream_id=250 frame_type=WindowUpdate payload_bytes=4
2026-09-26T01:19:16.877794Z DEBUG netbaiot_transports::business_rpc::v3: business RPC V3 received frame stream_id=0 frame_type=WindowUpdate payload_bytes=4
2026-09-26T01:19:16.877797Z DEBUG netbaiot_transports::business_rpc::v3: business RPC V3 received frame stream_id=0 frame_type=WindowUpdate payload_bytes=4
2026-09-26T01:19:16.877800Z DEBUG netbaiot_transports::business_rpc::v3: business RPC V3 received frame stream_id=0 frame_type=WindowUpdate payload_bytes=4
2026-09-26T01:19:16.877802Z DEBUG netbaiot_transports::business_rpc::v3: business RPC V3 received frame stream_id=0 frame_type=WindowUpdate payload_bytes=4
2026-09-26T01:19:16.877804Z DEBUG netbaiot_transports::business_rpc::v3: business RPC V3 received frame stream_id=256 frame_type=Response payload_bytes=35
2026-09-26T01:19:16.877810Z DEBUG netbaiot_transports::business_rpc::v3: business RPC V3 received frame stream_id=256 frame_type=Data payload_bytes=216
2026-09-26T01:19:16.877826Z DEBUG netbaiot_transports::business_rpc::v3: business RPC V3 received frame stream_id=252 frame_type=Response payload_bytes=35
2026-09-26T01:19:16.877830Z DEBUG netbaiot_transports::business_rpc::v3: business RPC V3 received frame stream_id=254 frame_type=Response payload_bytes=35
2026-09-26T01:19:16.877833Z DEBUG netbaiot_transports::business_rpc::v3: business RPC V3 received frame stream_id=252 frame_type=Data payload_bytes=216
2026-09-26T01:19:16.877836Z DEBUG netbaiot_transports::business_rpc::v3: business RPC V3 selected frame stream_id=0 frame_type=WindowUpdate payload_bytes=4
2026-09-26T01:19:16.877840Z DEBUG netbaiot_transports::business_rpc::v3: business RPC V3 received frame stream_id=254 frame_type=Data payload_bytes=216
2026-09-26T01:19:16.877858Z DEBUG netbaiot_transports::business_rpc::v3: business RPC V3 writer completed frame stream_id=0 frame_type=WindowUpdate payload_bytes=4
2026-09-26T01:19:16.877865Z DEBUG netbaiot_transports::business_rpc::v3: business RPC V3 selected frame stream_id=0 frame_type=WindowUpdate payload_bytes=4
2026-09-26T01:19:16.877870Z DEBUG netbaiot_transports::business_rpc::v3: business RPC V3 writer completed frame stream_id=0 frame_type=WindowUpdate payload_bytes=4
2026-09-26T01:19:16.877873Z DEBUG netbaiot_transports::business_rpc::v3: business RPC V3 selected frame stream_id=0 frame_type=WindowUpdate payload_bytes=4
2026-09-26T01:19:16.877876Z DEBUG netbaiot_transports::business_rpc::v3: business RPC V3 writer completed frame stream_id=0 frame_type=WindowUpdate payload_bytes=4
2026-09-26T01:19:16.877859Z DEBUG netbaiot_transports::business_rpc::v3: business RPC V3 received frame stream_id=0 frame_type=Ping payload_bytes=8
2026-09-26T01:19:16.877939Z DEBUG netbaiot_transports::business_rpc::v3: business RPC V3 selected frame stream_id=0 frame_type=Pong payload_bytes=8
2026-09-26T01:19:16.877956Z DEBUG netbaiot_transports::business_rpc::v3: business RPC V3 writer completed frame stream_id=0 frame_type=Pong payload_bytes=8
2026-09-26T01:19:16.878260Z DEBUG netbaiot_transports::business_rpc::v3: business RPC V3 body entered scheduler stream_id=260 class=Rpc body_bytes=198
2026-09-26T01:19:16.878265Z DEBUG netbaiot_transports::business_rpc::v3: business RPC V3 selected frame stream_id=260 frame_type=Open payload_bytes=158
2026-09-26T01:19:16.878271Z DEBUG netbaiot_transports::business_rpc::v3: business RPC V3 writer completed frame stream_id=260 frame_type=Open payload_bytes=158
2026-09-26T01:19:16.878273Z DEBUG netbaiot_transports::business_rpc::v3: business RPC V3 body entered scheduler stream_id=262 class=Rpc body_bytes=198
2026-09-26T01:19:16.878276Z DEBUG netbaiot_transports::business_rpc::v3: business RPC V3 selected frame stream_id=262 frame_type=Open payload_bytes=158
2026-09-26T01:19:16.878279Z DEBUG netbaiot_transports::business_rpc::v3: business RPC V3 writer completed frame stream_id=262 frame_type=Open payload_bytes=158
2026-09-26T01:19:16.878281Z DEBUG netbaiot_transports::business_rpc::v3: business RPC V3 body entered scheduler stream_id=264 class=Rpc body_bytes=198
2026-09-26T01:19:16.878283Z DEBUG netbaiot_transports::business_rpc::v3: business RPC V3 selected frame stream_id=264 frame_type=Open payload_bytes=158
2026-09-26T01:19:16.878287Z DEBUG netbaiot_transports::business_rpc::v3: business RPC V3 writer completed frame stream_id=264 frame_type=Open payload_bytes=158
2026-09-26T01:19:16.878290Z DEBUG netbaiot_transports::business_rpc::v3: business RPC V3 selected frame stream_id=260 frame_type=Data payload_bytes=198
2026-09-26T01:19:16.878294Z DEBUG netbaiot_transports::business_rpc::v3: business RPC V3 writer completed frame stream_id=260 frame_type=Data payload_bytes=198
2026-09-26T01:19:16.878297Z DEBUG netbaiot_transports::business_rpc::v3: business RPC V3 selected frame stream_id=262 frame_type=Data payload_bytes=198
2026-09-26T01:19:16.878302Z DEBUG netbaiot_transports::business_rpc::v3: business RPC V3 writer completed frame stream_id=262 frame_type=Data payload_bytes=198
2026-09-26T01:19:16.878304Z DEBUG netbaiot_transports::business_rpc::v3: business RPC V3 selected frame stream_id=264 frame_type=Data payload_bytes=198
2026-09-26T01:19:16.878308Z DEBUG netbaiot_transports::business_rpc::v3: business RPC V3 writer completed frame stream_id=264 frame_type=Data payload_bytes=198
2026-09-26T01:19:16.918225Z DEBUG netbaiot_transports::business_rpc::v3: business RPC V3 received frame stream_id=250 frame_type=Response payload_bytes=35
2026-09-26T01:19:16.918242Z DEBUG netbaiot_transports::business_rpc::v3: business RPC V3 received frame stream_id=250 frame_type=Data payload_bytes=118
2026-09-26T01:19:16.918249Z DEBUG netbaiot_transports::business_rpc::v3: business RPC V3 Event delivery acknowledged stream_id=250 completion_us=751102
2026-09-26T01:19:16.918257Z DEBUG netbaiot_transports::business_rpc::v3: business RPC V3 received frame stream_id=0 frame_type=WindowUpdate payload_bytes=4
2026-09-26T01:19:16.918260Z DEBUG netbaiot_transports::business_rpc::v3: business RPC V3 received frame stream_id=258 frame_type=Response payload_bytes=35
2026-09-26T01:19:16.918263Z DEBUG netbaiot_transports::business_rpc::v3: business RPC V3 received frame stream_id=258 frame_type=Data payload_bytes=216
2026-09-26T01:19:16.918263Z DEBUG netbaiot_transports::business_rpc::v3: business RPC V3 selected frame stream_id=0 frame_type=WindowUpdate payload_bytes=4
2026-09-26T01:19:16.918283Z DEBUG netbaiot_transports::business_rpc::v3: business RPC V3 writer completed frame stream_id=0 frame_type=WindowUpdate payload_bytes=4
2026-09-26T01:19:16.918288Z DEBUG netbaiot_transports::business_rpc::v3: business RPC V3 selected frame stream_id=0 frame_type=WindowUpdate payload_bytes=4
2026-09-26T01:19:16.918293Z DEBUG netbaiot_transports::business_rpc::v3: business RPC V3 writer completed frame stream_id=0 frame_type=WindowUpdate payload_bytes=4
2026-09-26T01:19:16.918593Z DEBUG netbaiot_transports::business_rpc::v3: business RPC V3 body entered scheduler stream_id=266 class=Rpc body_bytes=198
2026-09-26T01:19:16.918598Z DEBUG netbaiot_transports::business_rpc::v3: business RPC V3 selected frame stream_id=266 frame_type=Open payload_bytes=158
2026-09-26T01:19:16.918605Z DEBUG netbaiot_transports::business_rpc::v3: business RPC V3 writer completed frame stream_id=266 frame_type=Open payload_bytes=158
2026-09-26T01:19:16.918608Z DEBUG netbaiot_transports::business_rpc::v3: business RPC V3 selected frame stream_id=266 frame_type=Data payload_bytes=198
2026-09-26T01:19:16.918612Z DEBUG netbaiot_transports::business_rpc::v3: business RPC V3 writer completed frame stream_id=266 frame_type=Data payload_bytes=198
2026-09-26T01:19:17.020563Z DEBUG netbaiot_transports::business_rpc::v3: business RPC V3 received frame stream_id=0 frame_type=WindowUpdate payload_bytes=4
2026-09-26T01:19:17.020593Z DEBUG netbaiot_transports::business_rpc::v3: business RPC V3 received frame stream_id=0 frame_type=WindowUpdate payload_bytes=4
2026-09-26T01:19:17.020600Z DEBUG netbaiot_transports::business_rpc::v3: business RPC V3 received frame stream_id=0 frame_type=WindowUpdate payload_bytes=4
2026-09-26T01:19:17.020603Z DEBUG netbaiot_transports::business_rpc::v3: business RPC V3 received frame stream_id=264 frame_type=Response payload_bytes=35
2026-09-26T01:19:17.020633Z DEBUG netbaiot_transports::business_rpc::v3: business RPC V3 received frame stream_id=264 frame_type=Data payload_bytes=216
2026-09-26T01:19:17.020687Z DEBUG netbaiot_transports::business_rpc::v3: business RPC V3 received frame stream_id=260 frame_type=Response payload_bytes=35
2026-09-26T01:19:17.020693Z DEBUG netbaiot_transports::business_rpc::v3: business RPC V3 selected frame stream_id=0 frame_type=WindowUpdate payload_bytes=4
2026-09-26T01:19:17.020700Z DEBUG netbaiot_transports::business_rpc::v3: business RPC V3 received frame stream_id=260 frame_type=Data payload_bytes=216
2026-09-26T01:19:17.020714Z DEBUG netbaiot_transports::business_rpc::v3: business RPC V3 writer completed frame stream_id=0 frame_type=WindowUpdate payload_bytes=4
2026-09-26T01:19:17.020724Z DEBUG netbaiot_transports::business_rpc::v3: business RPC V3 selected frame stream_id=0 frame_type=WindowUpdate payload_bytes=4
2026-09-26T01:19:17.020727Z DEBUG netbaiot_transports::business_rpc::v3: business RPC V3 received frame stream_id=262 frame_type=Response payload_bytes=35
2026-09-26T01:19:17.020734Z DEBUG netbaiot_transports::business_rpc::v3: business RPC V3 received frame stream_id=262 frame_type=Data payload_bytes=216
2026-09-26T01:19:17.020729Z DEBUG netbaiot_transports::business_rpc::v3: business RPC V3 writer completed frame stream_id=0 frame_type=WindowUpdate payload_bytes=4
2026-09-26T01:19:17.020756Z DEBUG netbaiot_transports::business_rpc::v3: business RPC V3 selected frame stream_id=0 frame_type=WindowUpdate payload_bytes=4
2026-09-26T01:19:17.020762Z DEBUG netbaiot_transports::business_rpc::v3: business RPC V3 writer completed frame stream_id=0 frame_type=WindowUpdate payload_bytes=4
2026-09-26T01:19:17.021159Z DEBUG netbaiot_transports::business_rpc::v3: business RPC V3 body entered scheduler stream_id=268 class=Rpc body_bytes=198
2026-09-26T01:19:17.021166Z DEBUG netbaiot_transports::business_rpc::v3: business RPC V3 selected frame stream_id=268 frame_type=Open payload_bytes=158
2026-09-26T01:19:17.021174Z DEBUG netbaiot_transports::business_rpc::v3: business RPC V3 writer completed frame stream_id=268 frame_type=Open payload_bytes=158
2026-09-26T01:19:17.021178Z DEBUG netbaiot_transports::business_rpc::v3: business RPC V3 body entered scheduler stream_id=270 class=Rpc body_bytes=198
2026-09-26T01:19:17.021181Z DEBUG netbaiot_transports::business_rpc::v3: business RPC V3 selected frame stream_id=268 frame_type=Data payload_bytes=198
2026-09-26T01:19:17.021185Z DEBUG netbaiot_transports::business_rpc::v3: business RPC V3 writer completed frame stream_id=268 frame_type=Data payload_bytes=198
2026-09-26T01:19:17.021188Z DEBUG netbaiot_transports::business_rpc::v3: business RPC V3 body entered scheduler stream_id=272 class=Rpc body_bytes=198
2026-09-26T01:19:17.021191Z DEBUG netbaiot_transports::business_rpc::v3: business RPC V3 selected frame stream_id=270 frame_type=Open payload_bytes=158
2026-09-26T01:19:17.021195Z DEBUG netbaiot_transports::business_rpc::v3: business RPC V3 writer completed frame stream_id=270 frame_type=Open payload_bytes=158
2026-09-26T01:19:17.021197Z DEBUG netbaiot_transports::business_rpc::v3: business RPC V3 selected frame stream_id=272 frame_type=Open payload_bytes=158
2026-09-26T01:19:17.021201Z DEBUG netbaiot_transports::business_rpc::v3: business RPC V3 writer completed frame stream_id=272 frame_type=Open payload_bytes=158
2026-09-26T01:19:17.021203Z DEBUG netbaiot_transports::business_rpc::v3: business RPC V3 selected frame stream_id=270 frame_type=Data payload_bytes=198
2026-09-26T01:19:17.021212Z DEBUG netbaiot_transports::business_rpc::v3: business RPC V3 writer completed frame stream_id=270 frame_type=Data payload_bytes=198
2026-09-26T01:19:17.021214Z DEBUG netbaiot_transports::business_rpc::v3: business RPC V3 selected frame stream_id=272 frame_type=Data payload_bytes=198
2026-09-26T01:19:17.021217Z DEBUG netbaiot_transports::business_rpc::v3: business RPC V3 writer completed frame stream_id=272 frame_type=Data payload_bytes=198
2026-09-26T01:19:17.055547Z DEBUG netbaiot_transports::business_rpc::v3: business RPC V3 received frame stream_id=0 frame_type=WindowUpdate payload_bytes=4
2026-09-26T01:19:17.055555Z DEBUG netbaiot_transports::business_rpc::v3: business RPC V3 received frame stream_id=266 frame_type=Response payload_bytes=35
2026-09-26T01:19:17.055560Z DEBUG netbaiot_transports::business_rpc::v3: business RPC V3 received frame stream_id=266 frame_type=Data payload_bytes=216
2026-09-26T01:19:17.055580Z DEBUG netbaiot_transports::business_rpc::v3: business RPC V3 selected frame stream_id=0 frame_type=WindowUpdate payload_bytes=4
2026-09-26T01:19:17.055592Z DEBUG netbaiot_transports::business_rpc::v3: business RPC V3 writer completed frame stream_id=0 frame_type=WindowUpdate payload_bytes=4
2026-09-26T01:19:17.055938Z DEBUG netbaiot_transports::business_rpc::v3: business RPC V3 body entered scheduler stream_id=274 class=Rpc body_bytes=198
2026-09-26T01:19:17.055942Z DEBUG netbaiot_transports::business_rpc::v3: business RPC V3 selected frame stream_id=274 frame_type=Open payload_bytes=158
2026-09-26T01:19:17.055950Z DEBUG netbaiot_transports::business_rpc::v3: business RPC V3 writer completed frame stream_id=274 frame_type=Open payload_bytes=158
2026-09-26T01:19:17.055953Z DEBUG netbaiot_transports::business_rpc::v3: business RPC V3 selected frame stream_id=274 frame_type=Data payload_bytes=198
2026-09-26T01:19:17.055957Z DEBUG netbaiot_transports::business_rpc::v3: business RPC V3 writer completed frame stream_id=274 frame_type=Data payload_bytes=198
2026-09-26T01:19:17.168402Z DEBUG netbaiot_transports::business_rpc::v3: business RPC V3 body entered scheduler stream_id=276 class=Event body_bytes=17366
2026-09-26T01:19:17.168440Z DEBUG netbaiot_transports::business_rpc::v3: business RPC V3 selected frame stream_id=276 frame_type=Open payload_bytes=184
2026-09-26T01:19:17.168462Z DEBUG netbaiot_transports::business_rpc::v3: business RPC V3 writer completed frame stream_id=276 frame_type=Open payload_bytes=184
2026-09-26T01:19:17.168475Z DEBUG netbaiot_transports::business_rpc::v3: business RPC V3 selected frame stream_id=276 frame_type=Data payload_bytes=8192
2026-09-26T01:19:17.168486Z DEBUG netbaiot_transports::business_rpc::v3: business RPC V3 writer completed frame stream_id=276 frame_type=Data payload_bytes=8192
2026-09-26T01:19:17.168492Z DEBUG netbaiot_transports::business_rpc::v3: business RPC V3 selected frame stream_id=276 frame_type=Data payload_bytes=8192
2026-09-26T01:19:17.168510Z DEBUG netbaiot_transports::business_rpc::v3: business RPC V3 writer completed frame stream_id=276 frame_type=Data payload_bytes=8192
2026-09-26T01:19:17.168516Z DEBUG netbaiot_transports::business_rpc::v3: business RPC V3 selected frame stream_id=276 frame_type=Data payload_bytes=982
2026-09-26T01:19:17.168525Z DEBUG netbaiot_transports::business_rpc::v3: business RPC V3 writer completed frame stream_id=276 frame_type=Data payload_bytes=982
2026-09-26T01:19:17.189674Z DEBUG netbaiot_transports::business_rpc::v3: business RPC V3 received frame stream_id=0 frame_type=WindowUpdate payload_bytes=4
2026-09-26T01:19:17.189751Z DEBUG netbaiot_transports::business_rpc::v3: business RPC V3 received frame stream_id=0 frame_type=WindowUpdate payload_bytes=4
2026-09-26T01:19:17.189778Z DEBUG netbaiot_transports::business_rpc::v3: business RPC V3 received frame stream_id=0 frame_type=WindowUpdate payload_bytes=4
2026-09-26T01:19:17.189790Z DEBUG netbaiot_transports::business_rpc::v3: business RPC V3 received frame stream_id=272 frame_type=Response payload_bytes=35
2026-09-26T01:19:17.189806Z DEBUG netbaiot_transports::business_rpc::v3: business RPC V3 received frame stream_id=272 frame_type=Data payload_bytes=216
2026-09-26T01:19:17.189857Z DEBUG netbaiot_transports::business_rpc::v3: business RPC V3 received frame stream_id=270 frame_type=Response payload_bytes=35
2026-09-26T01:19:17.189877Z DEBUG netbaiot_transports::business_rpc::v3: business RPC V3 received frame stream_id=268 frame_type=Response payload_bytes=35
2026-09-26T01:19:17.189877Z DEBUG netbaiot_transports::business_rpc::v3: business RPC V3 selected frame stream_id=0 frame_type=WindowUpdate payload_bytes=4
2026-09-26T01:19:17.189894Z DEBUG netbaiot_transports::business_rpc::v3: business RPC V3 received frame stream_id=270 frame_type=Data payload_bytes=216
2026-09-26T01:19:17.189954Z DEBUG netbaiot_transports::business_rpc::v3: business RPC V3 received frame stream_id=268 frame_type=Data payload_bytes=216
2026-09-26T01:19:17.189956Z DEBUG netbaiot_transports::business_rpc::v3: business RPC V3 writer completed frame stream_id=0 frame_type=WindowUpdate payload_bytes=4
2026-09-26T01:19:17.189989Z DEBUG netbaiot_transports::business_rpc::v3: business RPC V3 selected frame stream_id=0 frame_type=WindowUpdate payload_bytes=4
2026-09-26T01:19:17.190009Z DEBUG netbaiot_transports::business_rpc::v3: business RPC V3 writer completed frame stream_id=0 frame_type=WindowUpdate payload_bytes=4
2026-09-26T01:19:17.190020Z DEBUG netbaiot_transports::business_rpc::v3: business RPC V3 selected frame stream_id=0 frame_type=WindowUpdate payload_bytes=4
2026-09-26T01:19:17.190034Z DEBUG netbaiot_transports::business_rpc::v3: business RPC V3 writer completed frame stream_id=0 frame_type=WindowUpdate payload_bytes=4
2026-09-26T01:19:17.190939Z DEBUG netbaiot_transports::business_rpc::v3: business RPC V3 body entered scheduler stream_id=278 class=Rpc body_bytes=198
2026-09-26T01:19:17.191006Z DEBUG netbaiot_transports::business_rpc::v3: business RPC V3 body entered scheduler stream_id=280 class=Rpc body_bytes=198
2026-09-26T01:19:17.191017Z DEBUG netbaiot_transports::business_rpc::v3: business RPC V3 body entered scheduler stream_id=282 class=Rpc body_bytes=198
2026-09-26T01:19:17.191024Z DEBUG netbaiot_transports::business_rpc::v3: business RPC V3 selected frame stream_id=278 frame_type=Open payload_bytes=158
2026-09-26T01:19:17.191041Z DEBUG netbaiot_transports::business_rpc::v3: business RPC V3 writer completed frame stream_id=278 frame_type=Open payload_bytes=158
2026-09-26T01:19:17.191054Z DEBUG netbaiot_transports::business_rpc::v3: business RPC V3 selected frame stream_id=278 frame_type=Data payload_bytes=198
2026-09-26T01:19:17.191065Z DEBUG netbaiot_transports::business_rpc::v3: business RPC V3 writer completed frame stream_id=278 frame_type=Data payload_bytes=198
2026-09-26T01:19:17.191074Z DEBUG netbaiot_transports::business_rpc::v3: business RPC V3 selected frame stream_id=280 frame_type=Open payload_bytes=158
2026-09-26T01:19:17.191083Z DEBUG netbaiot_transports::business_rpc::v3: business RPC V3 writer completed frame stream_id=280 frame_type=Open payload_bytes=158
2026-09-26T01:19:17.191091Z DEBUG netbaiot_transports::business_rpc::v3: business RPC V3 selected frame stream_id=282 frame_type=Open payload_bytes=158
2026-09-26T01:19:17.191102Z DEBUG netbaiot_transports::business_rpc::v3: business RPC V3 writer completed frame stream_id=282 frame_type=Open payload_bytes=158
2026-09-26T01:19:17.191109Z DEBUG netbaiot_transports::business_rpc::v3: business RPC V3 selected frame stream_id=280 frame_type=Data payload_bytes=198
2026-09-26T01:19:17.191122Z DEBUG netbaiot_transports::business_rpc::v3: business RPC V3 writer completed frame stream_id=280 frame_type=Data payload_bytes=198
2026-09-26T01:19:17.191130Z DEBUG netbaiot_transports::business_rpc::v3: business RPC V3 selected frame stream_id=282 frame_type=Data payload_bytes=198
2026-09-26T01:19:17.191140Z DEBUG netbaiot_transports::business_rpc::v3: business RPC V3 writer completed frame stream_id=282 frame_type=Data payload_bytes=198
2026-09-26T01:19:17.224928Z DEBUG netbaiot_transports::business_rpc::v3: business RPC V3 received frame stream_id=0 frame_type=WindowUpdate payload_bytes=4
2026-09-26T01:19:17.224975Z DEBUG netbaiot_transports::business_rpc::v3: business RPC V3 received frame stream_id=274 frame_type=Response payload_bytes=35
2026-09-26T01:19:17.224988Z DEBUG netbaiot_transports::business_rpc::v3: business RPC V3 received frame stream_id=274 frame_type=Data payload_bytes=216
2026-09-26T01:19:17.225042Z DEBUG netbaiot_transports::business_rpc::v3: business RPC V3 selected frame stream_id=0 frame_type=WindowUpdate payload_bytes=4
2026-09-26T01:19:17.225063Z DEBUG netbaiot_transports::business_rpc::v3: business RPC V3 writer completed frame stream_id=0 frame_type=WindowUpdate payload_bytes=4
2026-09-26T01:19:17.225632Z DEBUG netbaiot_transports::business_rpc::v3: business RPC V3 body entered scheduler stream_id=284 class=Rpc body_bytes=198
2026-09-26T01:19:17.225650Z DEBUG netbaiot_transports::business_rpc::v3: business RPC V3 selected frame stream_id=284 frame_type=Open payload_bytes=158
2026-09-26T01:19:17.225664Z DEBUG netbaiot_transports::business_rpc::v3: business RPC V3 writer completed frame stream_id=284 frame_type=Open payload_bytes=158
2026-09-26T01:19:17.225670Z DEBUG netbaiot_transports::business_rpc::v3: business RPC V3 selected frame stream_id=284 frame_type=Data payload_bytes=198
2026-09-26T01:19:17.225676Z DEBUG netbaiot_transports::business_rpc::v3: business RPC V3 writer completed frame stream_id=284 frame_type=Data payload_bytes=198
2026-09-26T01:19:17.724358Z DEBUG netbaiot_transports::business_rpc::v3: business RPC V3 received frame stream_id=0 frame_type=WindowUpdate payload_bytes=4
2026-09-26T01:19:17.724487Z DEBUG netbaiot_transports::business_rpc::v3: business RPC V3 received frame stream_id=276 frame_type=WindowUpdate payload_bytes=4
2026-09-26T01:19:17.851825Z DEBUG netbaiot_transports::business_rpc::v3: business RPC V3 received frame stream_id=0 frame_type=WindowUpdate payload_bytes=4
2026-09-26T01:19:17.851922Z DEBUG netbaiot_transports::business_rpc::v3: business RPC V3 received frame stream_id=276 frame_type=WindowUpdate payload_bytes=4
2026-09-26T01:19:17.851945Z DEBUG netbaiot_transports::business_rpc::v3: business RPC V3 received frame stream_id=0 frame_type=WindowUpdate payload_bytes=4
2026-09-26T01:19:17.851953Z DEBUG netbaiot_transports::business_rpc::v3: business RPC V3 received frame stream_id=0 frame_type=WindowUpdate payload_bytes=4
2026-09-26T01:19:17.851960Z DEBUG netbaiot_transports::business_rpc::v3: business RPC V3 received frame stream_id=0 frame_type=WindowUpdate payload_bytes=4
2026-09-26T01:19:17.851967Z DEBUG netbaiot_transports::business_rpc::v3: business RPC V3 received frame stream_id=0 frame_type=WindowUpdate payload_bytes=4
2026-09-26T01:19:17.851973Z DEBUG netbaiot_transports::business_rpc::v3: business RPC V3 received frame stream_id=0 frame_type=WindowUpdate payload_bytes=4
2026-09-26T01:19:17.851979Z DEBUG netbaiot_transports::business_rpc::v3: business RPC V3 received frame stream_id=284 frame_type=Response payload_bytes=35
2026-09-26T01:19:17.851992Z DEBUG netbaiot_transports::business_rpc::v3: business RPC V3 received frame stream_id=280 frame_type=Response payload_bytes=35
2026-09-26T01:19:17.851999Z DEBUG netbaiot_transports::business_rpc::v3: business RPC V3 received frame stream_id=278 frame_type=Response payload_bytes=35
2026-09-26T01:19:17.852005Z DEBUG netbaiot_transports::business_rpc::v3: business RPC V3 received frame stream_id=282 frame_type=Response payload_bytes=35
2026-09-26T01:19:17.852012Z DEBUG netbaiot_transports::business_rpc::v3: business RPC V3 received frame stream_id=284 frame_type=Data payload_bytes=216
2026-09-26T01:19:17.852083Z DEBUG netbaiot_transports::business_rpc::v3: business RPC V3 selected frame stream_id=0 frame_type=WindowUpdate payload_bytes=4
2026-09-26T01:19:17.852139Z DEBUG netbaiot_transports::business_rpc::v3: business RPC V3 writer completed frame stream_id=0 frame_type=WindowUpdate payload_bytes=4
2026-09-26T01:19:17.852833Z DEBUG netbaiot_transports::business_rpc::v3: business RPC V3 body entered scheduler stream_id=286 class=Rpc body_bytes=198
2026-09-26T01:19:17.852869Z DEBUG netbaiot_transports::business_rpc::v3: business RPC V3 selected frame stream_id=286 frame_type=Open payload_bytes=158
2026-09-26T01:19:17.852888Z DEBUG netbaiot_transports::business_rpc::v3: business RPC V3 writer completed frame stream_id=286 frame_type=Open payload_bytes=158
2026-09-26T01:19:17.852899Z DEBUG netbaiot_transports::business_rpc::v3: business RPC V3 selected frame stream_id=286 frame_type=Data payload_bytes=198
2026-09-26T01:19:17.852912Z DEBUG netbaiot_transports::business_rpc::v3: business RPC V3 writer completed frame stream_id=286 frame_type=Data payload_bytes=198
2026-09-26T01:19:17.904687Z DEBUG netbaiot_transports::business_rpc::v3: business RPC V3 received frame stream_id=280 frame_type=Data payload_bytes=216
2026-09-26T01:19:17.904866Z DEBUG netbaiot_transports::business_rpc::v3: business RPC V3 received frame stream_id=278 frame_type=Data payload_bytes=216
2026-09-26T01:19:17.904888Z DEBUG netbaiot_transports::business_rpc::v3: business RPC V3 selected frame stream_id=0 frame_type=WindowUpdate payload_bytes=4
2026-09-26T01:19:17.904924Z DEBUG netbaiot_transports::business_rpc::v3: business RPC V3 received frame stream_id=282 frame_type=Data payload_bytes=216
2026-09-26T01:19:17.904970Z DEBUG netbaiot_transports::business_rpc::v3: business RPC V3 writer completed frame stream_id=0 frame_type=WindowUpdate payload_bytes=4
2026-09-26T01:19:17.904996Z DEBUG netbaiot_transports::business_rpc::v3: business RPC V3 selected frame stream_id=0 frame_type=WindowUpdate payload_bytes=4
2026-09-26T01:19:17.905009Z DEBUG netbaiot_transports::business_rpc::v3: business RPC V3 received frame stream_id=276 frame_type=Response payload_bytes=35
2026-09-26T01:19:17.905036Z DEBUG netbaiot_transports::business_rpc::v3: business RPC V3 writer completed frame stream_id=0 frame_type=WindowUpdate payload_bytes=4
2026-09-26T01:19:17.905062Z DEBUG netbaiot_transports::business_rpc::v3: business RPC V3 selected frame stream_id=0 frame_type=WindowUpdate payload_bytes=4
2026-09-26T01:19:17.905042Z DEBUG netbaiot_transports::business_rpc::v3: business RPC V3 received frame stream_id=276 frame_type=Data payload_bytes=118
2026-09-26T01:19:17.905098Z DEBUG netbaiot_transports::business_rpc::v3: business RPC V3 writer completed frame stream_id=0 frame_type=WindowUpdate payload_bytes=4
2026-09-26T01:19:17.905173Z DEBUG netbaiot_transports::business_rpc::v3: business RPC V3 selected frame stream_id=0 frame_type=WindowUpdate payload_bytes=4
2026-09-26T01:19:17.905140Z DEBUG netbaiot_transports::business_rpc::v3: business RPC V3 Event delivery acknowledged stream_id=276 completion_us=736748
2026-09-26T01:19:17.905221Z DEBUG netbaiot_transports::business_rpc::v3: business RPC V3 writer completed frame stream_id=0 frame_type=WindowUpdate payload_bytes=4
2026-09-26T01:19:17.906190Z DEBUG netbaiot_transports::business_rpc::v3: business RPC V3 body entered scheduler stream_id=288 class=Rpc body_bytes=198
2026-09-26T01:19:17.906241Z DEBUG netbaiot_transports::business_rpc::v3: business RPC V3 body entered scheduler stream_id=290 class=Rpc body_bytes=198
2026-09-26T01:19:17.906261Z DEBUG netbaiot_transports::business_rpc::v3: business RPC V3 selected frame stream_id=288 frame_type=Open payload_bytes=158
2026-09-26T01:19:17.906295Z DEBUG netbaiot_transports::business_rpc::v3: business RPC V3 writer completed frame stream_id=288 frame_type=Open payload_bytes=158
2026-09-26T01:19:17.906316Z DEBUG netbaiot_transports::business_rpc::v3: business RPC V3 body entered scheduler stream_id=292 class=Rpc body_bytes=198
2026-09-26T01:19:17.906329Z DEBUG netbaiot_transports::business_rpc::v3: business RPC V3 selected frame stream_id=290 frame_type=Open payload_bytes=158
2026-09-26T01:19:17.906359Z DEBUG netbaiot_transports::business_rpc::v3: business RPC V3 writer completed frame stream_id=290 frame_type=Open payload_bytes=158
2026-09-26T01:19:17.906377Z DEBUG netbaiot_transports::business_rpc::v3: business RPC V3 selected frame stream_id=292 frame_type=Open payload_bytes=158
2026-09-26T01:19:17.906404Z DEBUG netbaiot_transports::business_rpc::v3: business RPC V3 writer completed frame stream_id=292 frame_type=Open payload_bytes=158
2026-09-26T01:19:17.906418Z DEBUG netbaiot_transports::business_rpc::v3: business RPC V3 selected frame stream_id=288 frame_type=Data payload_bytes=198
2026-09-26T01:19:17.906436Z DEBUG netbaiot_transports::business_rpc::v3: business RPC V3 writer completed frame stream_id=288 frame_type=Data payload_bytes=198
2026-09-26T01:19:17.906451Z DEBUG netbaiot_transports::business_rpc::v3: business RPC V3 selected frame stream_id=290 frame_type=Data payload_bytes=198
2026-09-26T01:19:17.906470Z DEBUG netbaiot_transports::business_rpc::v3: business RPC V3 writer completed frame stream_id=290 frame_type=Data payload_bytes=198
2026-09-26T01:19:17.906484Z DEBUG netbaiot_transports::business_rpc::v3: business RPC V3 selected frame stream_id=292 frame_type=Data payload_bytes=198
2026-09-26T01:19:17.906508Z DEBUG netbaiot_transports::business_rpc::v3: business RPC V3 writer completed frame stream_id=292 frame_type=Data payload_bytes=198
2026-09-26T01:19:17.982496Z DEBUG netbaiot_transports::business_rpc::v3: business RPC V3 received frame stream_id=0 frame_type=WindowUpdate payload_bytes=4
2026-09-26T01:19:17.982718Z DEBUG netbaiot_transports::business_rpc::v3: business RPC V3 received frame stream_id=286 frame_type=Response payload_bytes=35
2026-09-26T01:19:17.982788Z DEBUG netbaiot_transports::business_rpc::v3: business RPC V3 received frame stream_id=286 frame_type=Data payload_bytes=216
2026-09-26T01:19:17.982895Z DEBUG netbaiot_transports::business_rpc::v3: business RPC V3 selected frame stream_id=0 frame_type=WindowUpdate payload_bytes=4
2026-09-26T01:19:17.982989Z DEBUG netbaiot_transports::business_rpc::v3: business RPC V3 writer completed frame stream_id=0 frame_type=WindowUpdate payload_bytes=4
2026-09-26T01:19:17.983870Z DEBUG netbaiot_transports::business_rpc::v3: business RPC V3 body entered scheduler stream_id=294 class=Rpc body_bytes=198
2026-09-26T01:19:17.983938Z DEBUG netbaiot_transports::business_rpc::v3: business RPC V3 selected frame stream_id=294 frame_type=Open payload_bytes=158
2026-09-26T01:19:17.983998Z DEBUG netbaiot_transports::business_rpc::v3: business RPC V3 writer completed frame stream_id=294 frame_type=Open payload_bytes=158
2026-09-26T01:19:17.984028Z DEBUG netbaiot_transports::business_rpc::v3: business RPC V3 selected frame stream_id=294 frame_type=Data payload_bytes=198
2026-09-26T01:19:17.984063Z DEBUG netbaiot_transports::business_rpc::v3: business RPC V3 writer completed frame stream_id=294 frame_type=Data payload_bytes=198
2026-09-26T01:19:18.063718Z DEBUG netbaiot_transports::business_rpc::v3: business RPC V3 received frame stream_id=0 frame_type=WindowUpdate payload_bytes=4
2026-09-26T01:19:18.063838Z DEBUG netbaiot_transports::business_rpc::v3: business RPC V3 received frame stream_id=0 frame_type=WindowUpdate payload_bytes=4
2026-09-26T01:19:18.063878Z DEBUG netbaiot_transports::business_rpc::v3: business RPC V3 received frame stream_id=0 frame_type=WindowUpdate payload_bytes=4
2026-09-26T01:19:18.063895Z DEBUG netbaiot_transports::business_rpc::v3: business RPC V3 received frame stream_id=292 frame_type=Response payload_bytes=35
2026-09-26T01:19:18.063920Z DEBUG netbaiot_transports::business_rpc::v3: business RPC V3 received frame stream_id=292 frame_type=Data payload_bytes=216
2026-09-26T01:19:18.063990Z DEBUG netbaiot_transports::business_rpc::v3: business RPC V3 received frame stream_id=288 frame_type=Response payload_bytes=35
2026-09-26T01:19:18.064019Z DEBUG netbaiot_transports::business_rpc::v3: business RPC V3 received frame stream_id=290 frame_type=Response payload_bytes=35
2026-09-26T01:19:18.064022Z DEBUG netbaiot_transports::business_rpc::v3: business RPC V3 selected frame stream_id=0 frame_type=WindowUpdate payload_bytes=4
2026-09-26T01:19:18.064039Z DEBUG netbaiot_transports::business_rpc::v3: business RPC V3 received frame stream_id=288 frame_type=Data payload_bytes=216
2026-09-26T01:19:18.064117Z DEBUG netbaiot_transports::business_rpc::v3: business RPC V3 writer completed frame stream_id=0 frame_type=WindowUpdate payload_bytes=4
2026-09-26T01:19:18.064135Z DEBUG netbaiot_transports::business_rpc::v3: business RPC V3 received frame stream_id=290 frame_type=Data payload_bytes=216
2026-09-26T01:19:18.064141Z DEBUG netbaiot_transports::business_rpc::v3: business RPC V3 selected frame stream_id=0 frame_type=WindowUpdate payload_bytes=4
2026-09-26T01:19:18.064216Z DEBUG netbaiot_transports::business_rpc::v3: business RPC V3 writer completed frame stream_id=0 frame_type=WindowUpdate payload_bytes=4
2026-09-26T01:19:18.064242Z DEBUG netbaiot_transports::business_rpc::v3: business RPC V3 selected frame stream_id=0 frame_type=WindowUpdate payload_bytes=4
2026-09-26T01:19:18.064269Z DEBUG netbaiot_transports::business_rpc::v3: business RPC V3 writer completed frame stream_id=0 frame_type=WindowUpdate payload_bytes=4
2026-09-26T01:19:18.065238Z DEBUG netbaiot_transports::business_rpc::v3: business RPC V3 body entered scheduler stream_id=296 class=Rpc body_bytes=198
2026-09-26T01:19:18.065300Z DEBUG netbaiot_transports::business_rpc::v3: business RPC V3 body entered scheduler stream_id=298 class=Rpc body_bytes=198
2026-09-26T01:19:18.065312Z DEBUG netbaiot_transports::business_rpc::v3: business RPC V3 body entered scheduler stream_id=300 class=Rpc body_bytes=198
2026-09-26T01:19:18.065320Z DEBUG netbaiot_transports::business_rpc::v3: business RPC V3 selected frame stream_id=296 frame_type=Open payload_bytes=158
2026-09-26T01:19:18.065340Z DEBUG netbaiot_transports::business_rpc::v3: business RPC V3 writer completed frame stream_id=296 frame_type=Open payload_bytes=158
2026-09-26T01:19:18.065353Z DEBUG netbaiot_transports::business_rpc::v3: business RPC V3 selected frame stream_id=296 frame_type=Data payload_bytes=198
2026-09-26T01:19:18.065364Z DEBUG netbaiot_transports::business_rpc::v3: business RPC V3 writer completed frame stream_id=296 frame_type=Data payload_bytes=198
2026-09-26T01:19:18.065374Z DEBUG netbaiot_transports::business_rpc::v3: business RPC V3 selected frame stream_id=298 frame_type=Open payload_bytes=158
2026-09-26T01:19:18.065385Z DEBUG netbaiot_transports::business_rpc::v3: business RPC V3 writer completed frame stream_id=298 frame_type=Open payload_bytes=158
2026-09-26T01:19:18.065393Z DEBUG netbaiot_transports::business_rpc::v3: business RPC V3 selected frame stream_id=300 frame_type=Open payload_bytes=158
2026-09-26T01:19:18.065407Z DEBUG netbaiot_transports::business_rpc::v3: business RPC V3 writer completed frame stream_id=300 frame_type=Open payload_bytes=158
2026-09-26T01:19:18.065417Z DEBUG netbaiot_transports::business_rpc::v3: business RPC V3 selected frame stream_id=298 frame_type=Data payload_bytes=198
2026-09-26T01:19:18.065430Z DEBUG netbaiot_transports::business_rpc::v3: business RPC V3 writer completed frame stream_id=298 frame_type=Data payload_bytes=198
2026-09-26T01:19:18.065438Z DEBUG netbaiot_transports::business_rpc::v3: business RPC V3 selected frame stream_id=300 frame_type=Data payload_bytes=198
2026-09-26T01:19:18.065449Z DEBUG netbaiot_transports::business_rpc::v3: business RPC V3 writer completed frame stream_id=300 frame_type=Data payload_bytes=198
2026-09-26T01:19:18.098684Z DEBUG netbaiot_transports::business_rpc::v3: business RPC V3 received frame stream_id=0 frame_type=WindowUpdate payload_bytes=4
2026-09-26T01:19:18.098862Z DEBUG netbaiot_transports::business_rpc::v3: business RPC V3 received frame stream_id=294 frame_type=Response payload_bytes=35
2026-09-26T01:19:18.098896Z DEBUG netbaiot_transports::business_rpc::v3: business RPC V3 received frame stream_id=294 frame_type=Data payload_bytes=216
2026-09-26T01:19:18.098976Z DEBUG netbaiot_transports::business_rpc::v3: business RPC V3 selected frame stream_id=0 frame_type=WindowUpdate payload_bytes=4
2026-09-26T01:19:18.099024Z DEBUG netbaiot_transports::business_rpc::v3: business RPC V3 writer completed frame stream_id=0 frame_type=WindowUpdate payload_bytes=4
2026-09-26T01:19:18.099730Z DEBUG netbaiot_transports::business_rpc::v3: business RPC V3 body entered scheduler stream_id=302 class=Rpc body_bytes=198
2026-09-26T01:19:18.099774Z DEBUG netbaiot_transports::business_rpc::v3: business RPC V3 selected frame stream_id=302 frame_type=Open payload_bytes=158
2026-09-26T01:19:18.099799Z DEBUG netbaiot_transports::business_rpc::v3: business RPC V3 writer completed frame stream_id=302 frame_type=Open payload_bytes=158
2026-09-26T01:19:18.099818Z DEBUG netbaiot_transports::business_rpc::v3: business RPC V3 selected frame stream_id=302 frame_type=Data payload_bytes=198
2026-09-26T01:19:18.099834Z DEBUG netbaiot_transports::business_rpc::v3: business RPC V3 writer completed frame stream_id=302 frame_type=Data payload_bytes=198
2026-09-26T01:19:18.167935Z DEBUG netbaiot_transports::business_rpc::v3: business RPC V3 body entered scheduler stream_id=304 class=Event body_bytes=17366
2026-09-26T01:19:18.167993Z DEBUG netbaiot_transports::business_rpc::v3: business RPC V3 selected frame stream_id=304 frame_type=Open payload_bytes=184
2026-09-26T01:19:18.168019Z DEBUG netbaiot_transports::business_rpc::v3: business RPC V3 writer completed frame stream_id=304 frame_type=Open payload_bytes=184
2026-09-26T01:19:18.168033Z DEBUG netbaiot_transports::business_rpc::v3: business RPC V3 selected frame stream_id=304 frame_type=Data payload_bytes=8192
2026-09-26T01:19:18.168049Z DEBUG netbaiot_transports::business_rpc::v3: business RPC V3 writer completed frame stream_id=304 frame_type=Data payload_bytes=8192
2026-09-26T01:19:18.168057Z DEBUG netbaiot_transports::business_rpc::v3: business RPC V3 selected frame stream_id=304 frame_type=Data payload_bytes=8192
2026-09-26T01:19:18.168077Z DEBUG netbaiot_transports::business_rpc::v3: business RPC V3 writer completed frame stream_id=304 frame_type=Data payload_bytes=8192
2026-09-26T01:19:18.168086Z DEBUG netbaiot_transports::business_rpc::v3: business RPC V3 selected frame stream_id=304 frame_type=Data payload_bytes=982
2026-09-26T01:19:18.168099Z DEBUG netbaiot_transports::business_rpc::v3: business RPC V3 writer completed frame stream_id=304 frame_type=Data payload_bytes=982
2026-09-26T01:19:18.236092Z DEBUG netbaiot_transports::business_rpc::v3: business RPC V3 received frame stream_id=0 frame_type=WindowUpdate payload_bytes=4
2026-09-26T01:19:18.236216Z DEBUG netbaiot_transports::business_rpc::v3: business RPC V3 received frame stream_id=0 frame_type=WindowUpdate payload_bytes=4
2026-09-26T01:19:18.236257Z DEBUG netbaiot_transports::business_rpc::v3: business RPC V3 received frame stream_id=0 frame_type=WindowUpdate payload_bytes=4
2026-09-26T01:19:18.236278Z DEBUG netbaiot_transports::business_rpc::v3: business RPC V3 received frame stream_id=300 frame_type=Response payload_bytes=35
2026-09-26T01:19:18.236305Z DEBUG netbaiot_transports::business_rpc::v3: business RPC V3 received frame stream_id=300 frame_type=Data payload_bytes=216
2026-09-26T01:19:18.236464Z DEBUG netbaiot_transports::business_rpc::v3: business RPC V3 received frame stream_id=296 frame_type=Response payload_bytes=35
2026-09-26T01:19:18.236476Z DEBUG netbaiot_transports::business_rpc::v3: business RPC V3 selected frame stream_id=0 frame_type=WindowUpdate payload_bytes=4
2026-09-26T01:19:18.236526Z DEBUG netbaiot_transports::business_rpc::v3: business RPC V3 received frame stream_id=298 frame_type=Response payload_bytes=35
2026-09-26T01:19:18.236606Z DEBUG netbaiot_transports::business_rpc::v3: business RPC V3 writer completed frame stream_id=0 frame_type=WindowUpdate payload_bytes=4
2026-09-26T01:19:18.236613Z DEBUG netbaiot_transports::business_rpc::v3: business RPC V3 received frame stream_id=296 frame_type=Data payload_bytes=216
2026-09-26T01:19:18.236697Z DEBUG netbaiot_transports::business_rpc::v3: business RPC V3 received frame stream_id=298 frame_type=Data payload_bytes=216
2026-09-26T01:19:18.236718Z DEBUG netbaiot_transports::business_rpc::v3: business RPC V3 selected frame stream_id=0 frame_type=WindowUpdate payload_bytes=4
2026-09-26T01:19:18.236776Z DEBUG netbaiot_transports::business_rpc::v3: business RPC V3 writer completed frame stream_id=0 frame_type=WindowUpdate payload_bytes=4
2026-09-26T01:19:18.236800Z DEBUG netbaiot_transports::business_rpc::v3: business RPC V3 selected frame stream_id=0 frame_type=WindowUpdate payload_bytes=4
2026-09-26T01:19:18.236839Z DEBUG netbaiot_transports::business_rpc::v3: business RPC V3 writer completed frame stream_id=0 frame_type=WindowUpdate payload_bytes=4
2026-09-26T01:19:18.237861Z DEBUG netbaiot_transports::business_rpc::v3: business RPC V3 body entered scheduler stream_id=306 class=Rpc body_bytes=198
2026-09-26T01:19:18.237918Z DEBUG netbaiot_transports::business_rpc::v3: business RPC V3 body entered scheduler stream_id=308 class=Rpc body_bytes=198
2026-09-26T01:19:18.237933Z DEBUG netbaiot_transports::business_rpc::v3: business RPC V3 body entered scheduler stream_id=310 class=Rpc body_bytes=198
2026-09-26T01:19:18.237941Z DEBUG netbaiot_transports::business_rpc::v3: business RPC V3 selected frame stream_id=306 frame_type=Open payload_bytes=158
2026-09-26T01:19:18.237961Z DEBUG netbaiot_transports::business_rpc::v3: business RPC V3 writer completed frame stream_id=306 frame_type=Open payload_bytes=158
2026-09-26T01:19:18.237979Z DEBUG netbaiot_transports::business_rpc::v3: business RPC V3 selected frame stream_id=306 frame_type=Data payload_bytes=198
2026-09-26T01:19:18.237991Z DEBUG netbaiot_transports::business_rpc::v3: business RPC V3 writer completed frame stream_id=306 frame_type=Data payload_bytes=198
2026-09-26T01:19:18.238000Z DEBUG netbaiot_transports::business_rpc::v3: business RPC V3 selected frame stream_id=308 frame_type=Open payload_bytes=158
2026-09-26T01:19:18.238012Z DEBUG netbaiot_transports::business_rpc::v3: business RPC V3 writer completed frame stream_id=308 frame_type=Open payload_bytes=158
2026-09-26T01:19:18.238020Z DEBUG netbaiot_transports::business_rpc::v3: business RPC V3 selected frame stream_id=310 frame_type=Open payload_bytes=158
2026-09-26T01:19:18.238032Z DEBUG netbaiot_transports::business_rpc::v3: business RPC V3 writer completed frame stream_id=310 frame_type=Open payload_bytes=158
2026-09-26T01:19:18.238045Z DEBUG netbaiot_transports::business_rpc::v3: business RPC V3 selected frame stream_id=308 frame_type=Data payload_bytes=198
2026-09-26T01:19:18.238062Z DEBUG netbaiot_transports::business_rpc::v3: business RPC V3 writer completed frame stream_id=308 frame_type=Data payload_bytes=198
2026-09-26T01:19:18.238072Z DEBUG netbaiot_transports::business_rpc::v3: business RPC V3 selected frame stream_id=310 frame_type=Data payload_bytes=198
2026-09-26T01:19:18.238083Z DEBUG netbaiot_transports::business_rpc::v3: business RPC V3 writer completed frame stream_id=310 frame_type=Data payload_bytes=198
2026-09-26T01:19:18.271443Z DEBUG netbaiot_transports::business_rpc::v3: business RPC V3 received frame stream_id=0 frame_type=WindowUpdate payload_bytes=4
2026-09-26T01:19:18.271548Z DEBUG netbaiot_transports::business_rpc::v3: business RPC V3 received frame stream_id=302 frame_type=Response payload_bytes=35
2026-09-26T01:19:18.271578Z DEBUG netbaiot_transports::business_rpc::v3: business RPC V3 received frame stream_id=302 frame_type=Data payload_bytes=216
2026-09-26T01:19:18.271642Z DEBUG netbaiot_transports::business_rpc::v3: business RPC V3 selected frame stream_id=0 frame_type=WindowUpdate payload_bytes=4
2026-09-26T01:19:18.271693Z DEBUG netbaiot_transports::business_rpc::v3: business RPC V3 writer completed frame stream_id=0 frame_type=WindowUpdate payload_bytes=4
2026-09-26T01:19:18.272319Z DEBUG netbaiot_transports::business_rpc::v3: business RPC V3 body entered scheduler stream_id=312 class=Rpc body_bytes=198
2026-09-26T01:19:18.272361Z DEBUG netbaiot_transports::business_rpc::v3: business RPC V3 selected frame stream_id=312 frame_type=Open payload_bytes=158
2026-09-26T01:19:18.272394Z DEBUG netbaiot_transports::business_rpc::v3: business RPC V3 writer completed frame stream_id=312 frame_type=Open payload_bytes=158
2026-09-26T01:19:18.272418Z DEBUG netbaiot_transports::business_rpc::v3: business RPC V3 selected frame stream_id=312 frame_type=Data payload_bytes=198
2026-09-26T01:19:18.272432Z DEBUG netbaiot_transports::business_rpc::v3: business RPC V3 writer completed frame stream_id=312 frame_type=Data payload_bytes=198
2026-09-26T01:19:18.750769Z DEBUG netbaiot_transports::business_rpc::v3: business RPC V3 received frame stream_id=0 frame_type=WindowUpdate payload_bytes=4
2026-09-26T01:19:18.750820Z DEBUG netbaiot_transports::business_rpc::v3: business RPC V3 received frame stream_id=304 frame_type=WindowUpdate payload_bytes=4
2026-09-26T01:19:18.865245Z DEBUG netbaiot_transports::business_rpc::v3: business RPC V3 received frame stream_id=0 frame_type=WindowUpdate payload_bytes=4
2026-09-26T01:19:18.865326Z DEBUG netbaiot_transports::business_rpc::v3: business RPC V3 received frame stream_id=304 frame_type=WindowUpdate payload_bytes=4
2026-09-26T01:19:18.865346Z DEBUG netbaiot_transports::business_rpc::v3: business RPC V3 received frame stream_id=0 frame_type=WindowUpdate payload_bytes=4
2026-09-26T01:19:18.865355Z DEBUG netbaiot_transports::business_rpc::v3: business RPC V3 received frame stream_id=0 frame_type=WindowUpdate payload_bytes=4
2026-09-26T01:19:18.865362Z DEBUG netbaiot_transports::business_rpc::v3: business RPC V3 received frame stream_id=0 frame_type=WindowUpdate payload_bytes=4
2026-09-26T01:19:18.865368Z DEBUG netbaiot_transports::business_rpc::v3: business RPC V3 received frame stream_id=0 frame_type=WindowUpdate payload_bytes=4
2026-09-26T01:19:18.865374Z DEBUG netbaiot_transports::business_rpc::v3: business RPC V3 received frame stream_id=0 frame_type=WindowUpdate payload_bytes=4
2026-09-26T01:19:18.930593Z DEBUG netbaiot_transports::business_rpc::v3: business RPC V3 received frame stream_id=312 frame_type=Response payload_bytes=35
2026-09-26T01:19:18.930621Z DEBUG netbaiot_transports::business_rpc::v3: business RPC V3 received frame stream_id=308 frame_type=Response payload_bytes=35
2026-09-26T01:19:18.930626Z DEBUG netbaiot_transports::business_rpc::v3: business RPC V3 received frame stream_id=310 frame_type=Response payload_bytes=35
2026-09-26T01:19:18.930629Z DEBUG netbaiot_transports::business_rpc::v3: business RPC V3 received frame stream_id=306 frame_type=Response payload_bytes=35
2026-09-26T01:19:18.930632Z DEBUG netbaiot_transports::business_rpc::v3: business RPC V3 received frame stream_id=312 frame_type=Data payload_bytes=216
2026-09-26T01:19:18.930650Z DEBUG netbaiot_transports::business_rpc::v3: business RPC V3 received frame stream_id=308 frame_type=Data payload_bytes=216
2026-09-26T01:19:18.930659Z DEBUG netbaiot_transports::business_rpc::v3: business RPC V3 received frame stream_id=310 frame_type=Data payload_bytes=216
2026-09-26T01:19:18.930671Z DEBUG netbaiot_transports::business_rpc::v3: business RPC V3 received frame stream_id=306 frame_type=Data payload_bytes=216
2026-09-26T01:19:18.930658Z DEBUG netbaiot_transports::business_rpc::v3: business RPC V3 selected frame stream_id=0 frame_type=WindowUpdate payload_bytes=4
2026-09-26T01:19:18.930679Z DEBUG netbaiot_transports::business_rpc::v3: business RPC V3 received frame stream_id=304 frame_type=Response payload_bytes=35
2026-09-26T01:19:18.930736Z DEBUG netbaiot_transports::business_rpc::v3: business RPC V3 received frame stream_id=304 frame_type=Data payload_bytes=118
2026-09-26T01:19:18.930717Z DEBUG netbaiot_transports::business_rpc::v3: business RPC V3 writer completed frame stream_id=0 frame_type=WindowUpdate payload_bytes=4
2026-09-26T01:19:18.930746Z DEBUG netbaiot_transports::business_rpc::v3: business RPC V3 Event delivery acknowledged stream_id=304 completion_us=762821
2026-09-26T01:19:18.930774Z DEBUG netbaiot_transports::business_rpc::v3: business RPC V3 selected frame stream_id=0 frame_type=WindowUpdate payload_bytes=4
2026-09-26T01:19:18.930795Z DEBUG netbaiot_transports::business_rpc::v3: business RPC V3 writer completed frame stream_id=0 frame_type=WindowUpdate payload_bytes=4
2026-09-26T01:19:18.930800Z DEBUG netbaiot_transports::business_rpc::v3: business RPC V3 selected frame stream_id=0 frame_type=WindowUpdate payload_bytes=4
2026-09-26T01:19:18.930804Z DEBUG netbaiot_transports::business_rpc::v3: business RPC V3 writer completed frame stream_id=0 frame_type=WindowUpdate payload_bytes=4
2026-09-26T01:19:18.930807Z DEBUG netbaiot_transports::business_rpc::v3: business RPC V3 selected frame stream_id=0 frame_type=WindowUpdate payload_bytes=4
2026-09-26T01:19:18.930816Z DEBUG netbaiot_transports::business_rpc::v3: business RPC V3 writer completed frame stream_id=0 frame_type=WindowUpdate payload_bytes=4
2026-09-26T01:19:18.930819Z DEBUG netbaiot_transports::business_rpc::v3: business RPC V3 selected frame stream_id=0 frame_type=WindowUpdate payload_bytes=4
2026-09-26T01:19:18.930822Z DEBUG netbaiot_transports::business_rpc::v3: business RPC V3 writer completed frame stream_id=0 frame_type=WindowUpdate payload_bytes=4
2026-09-26T01:19:18.931169Z DEBUG netbaiot_transports::business_rpc::v3: business RPC V3 body entered scheduler stream_id=314 class=Rpc body_bytes=198
2026-09-26T01:19:18.931175Z DEBUG netbaiot_transports::business_rpc::v3: business RPC V3 selected frame stream_id=314 frame_type=Open payload_bytes=158
2026-09-26T01:19:18.931182Z DEBUG netbaiot_transports::business_rpc::v3: business RPC V3 writer completed frame stream_id=314 frame_type=Open payload_bytes=158
2026-09-26T01:19:18.931185Z DEBUG netbaiot_transports::business_rpc::v3: business RPC V3 selected frame stream_id=314 frame_type=Data payload_bytes=198
2026-09-26T01:19:18.931189Z DEBUG netbaiot_transports::business_rpc::v3: business RPC V3 writer completed frame stream_id=314 frame_type=Data payload_bytes=198
2026-09-26T01:19:18.931192Z DEBUG netbaiot_transports::business_rpc::v3: business RPC V3 body entered scheduler stream_id=316 class=Rpc body_bytes=198
2026-09-26T01:19:18.931194Z DEBUG netbaiot_transports::business_rpc::v3: business RPC V3 selected frame stream_id=316 frame_type=Open payload_bytes=158
2026-09-26T01:19:18.931197Z DEBUG netbaiot_transports::business_rpc::v3: business RPC V3 writer completed frame stream_id=316 frame_type=Open payload_bytes=158
2026-09-26T01:19:18.931199Z DEBUG netbaiot_transports::business_rpc::v3: business RPC V3 selected frame stream_id=316 frame_type=Data payload_bytes=198
2026-09-26T01:19:18.931204Z DEBUG netbaiot_transports::business_rpc::v3: business RPC V3 writer completed frame stream_id=316 frame_type=Data payload_bytes=198
2026-09-26T01:19:18.931206Z DEBUG netbaiot_transports::business_rpc::v3: business RPC V3 body entered scheduler stream_id=318 class=Rpc body_bytes=198
2026-09-26T01:19:18.931214Z DEBUG netbaiot_transports::business_rpc::v3: business RPC V3 selected frame stream_id=318 frame_type=Open payload_bytes=158
2026-09-26T01:19:18.931221Z DEBUG netbaiot_transports::business_rpc::v3: business RPC V3 writer completed frame stream_id=318 frame_type=Open payload_bytes=158
2026-09-26T01:19:18.931223Z DEBUG netbaiot_transports::business_rpc::v3: business RPC V3 selected frame stream_id=318 frame_type=Data payload_bytes=198
2026-09-26T01:19:18.931226Z DEBUG netbaiot_transports::business_rpc::v3: business RPC V3 writer completed frame stream_id=318 frame_type=Data payload_bytes=198
2026-09-26T01:19:18.931228Z DEBUG netbaiot_transports::business_rpc::v3: business RPC V3 body entered scheduler stream_id=320 class=Rpc body_bytes=198
2026-09-26T01:19:18.931230Z DEBUG netbaiot_transports::business_rpc::v3: business RPC V3 selected frame stream_id=320 frame_type=Open payload_bytes=158
2026-09-26T01:19:18.931236Z DEBUG netbaiot_transports::business_rpc::v3: business RPC V3 writer completed frame stream_id=320 frame_type=Open payload_bytes=158
2026-09-26T01:19:18.931238Z DEBUG netbaiot_transports::business_rpc::v3: business RPC V3 selected frame stream_id=320 frame_type=Data payload_bytes=198
2026-09-26T01:19:18.931244Z DEBUG netbaiot_transports::business_rpc::v3: business RPC V3 writer completed frame stream_id=320 frame_type=Data payload_bytes=198
2026-09-26T01:19:19.094100Z DEBUG netbaiot_transports::business_rpc::v3: business RPC V3 received frame stream_id=0 frame_type=WindowUpdate payload_bytes=4
2026-09-26T01:19:19.094137Z DEBUG netbaiot_transports::business_rpc::v3: business RPC V3 received frame stream_id=0 frame_type=WindowUpdate payload_bytes=4
2026-09-26T01:19:19.094143Z DEBUG netbaiot_transports::business_rpc::v3: business RPC V3 received frame stream_id=0 frame_type=WindowUpdate payload_bytes=4
2026-09-26T01:19:19.094147Z DEBUG netbaiot_transports::business_rpc::v3: business RPC V3 received frame stream_id=0 frame_type=WindowUpdate payload_bytes=4
2026-09-26T01:19:19.094151Z DEBUG netbaiot_transports::business_rpc::v3: business RPC V3 received frame stream_id=320 frame_type=Response payload_bytes=35
2026-09-26T01:19:19.094159Z DEBUG netbaiot_transports::business_rpc::v3: business RPC V3 received frame stream_id=314 frame_type=Response payload_bytes=35
2026-09-26T01:19:19.094163Z DEBUG netbaiot_transports::business_rpc::v3: business RPC V3 received frame stream_id=316 frame_type=Response payload_bytes=35
2026-09-26T01:19:19.094169Z DEBUG netbaiot_transports::business_rpc::v3: business RPC V3 received frame stream_id=320 frame_type=Data payload_bytes=216
2026-09-26T01:19:19.094196Z DEBUG netbaiot_transports::business_rpc::v3: business RPC V3 received frame stream_id=314 frame_type=Data payload_bytes=216
2026-09-26T01:19:19.094205Z DEBUG netbaiot_transports::business_rpc::v3: business RPC V3 received frame stream_id=316 frame_type=Data payload_bytes=216
2026-09-26T01:19:19.094206Z DEBUG netbaiot_transports::business_rpc::v3: business RPC V3 selected frame stream_id=0 frame_type=WindowUpdate payload_bytes=4
2026-09-26T01:19:19.094234Z DEBUG netbaiot_transports::business_rpc::v3: business RPC V3 writer completed frame stream_id=0 frame_type=WindowUpdate payload_bytes=4
2026-09-26T01:19:19.094248Z DEBUG netbaiot_transports::business_rpc::v3: business RPC V3 selected frame stream_id=0 frame_type=WindowUpdate payload_bytes=4
2026-09-26T01:19:19.094256Z DEBUG netbaiot_transports::business_rpc::v3: business RPC V3 writer completed frame stream_id=0 frame_type=WindowUpdate payload_bytes=4
2026-09-26T01:19:19.094260Z DEBUG netbaiot_transports::business_rpc::v3: business RPC V3 selected frame stream_id=0 frame_type=WindowUpdate payload_bytes=4
2026-09-26T01:19:19.094212Z DEBUG netbaiot_transports::business_rpc::v3: business RPC V3 received frame stream_id=318 frame_type=Response payload_bytes=35
2026-09-26T01:19:19.094268Z DEBUG netbaiot_transports::business_rpc::v3: business RPC V3 writer completed frame stream_id=0 frame_type=WindowUpdate payload_bytes=4
2026-09-26T01:19:19.094320Z DEBUG netbaiot_transports::business_rpc::v3: business RPC V3 received frame stream_id=318 frame_type=Data payload_bytes=216
2026-09-26T01:19:19.094364Z DEBUG netbaiot_transports::business_rpc::v3: business RPC V3 selected frame stream_id=0 frame_type=WindowUpdate payload_bytes=4
2026-09-26T01:19:19.094417Z DEBUG netbaiot_transports::business_rpc::v3: business RPC V3 writer completed frame stream_id=0 frame_type=WindowUpdate payload_bytes=4
2026-09-26T01:19:19.094808Z DEBUG netbaiot_transports::business_rpc::v3: business RPC V3 body entered scheduler stream_id=322 class=Rpc body_bytes=198
2026-09-26T01:19:19.094815Z DEBUG netbaiot_transports::business_rpc::v3: business RPC V3 selected frame stream_id=322 frame_type=Open payload_bytes=158
2026-09-26T01:19:19.094824Z DEBUG netbaiot_transports::business_rpc::v3: business RPC V3 writer completed frame stream_id=322 frame_type=Open payload_bytes=158
2026-09-26T01:19:19.094828Z DEBUG netbaiot_transports::business_rpc::v3: business RPC V3 selected frame stream_id=322 frame_type=Data payload_bytes=198
2026-09-26T01:19:19.094833Z DEBUG netbaiot_transports::business_rpc::v3: business RPC V3 writer completed frame stream_id=322 frame_type=Data payload_bytes=198
2026-09-26T01:19:19.094890Z DEBUG netbaiot_transports::business_rpc::v3: business RPC V3 body entered scheduler stream_id=324 class=Rpc body_bytes=198
2026-09-26T01:19:19.094895Z DEBUG netbaiot_transports::business_rpc::v3: business RPC V3 selected frame stream_id=324 frame_type=Open payload_bytes=158
2026-09-26T01:19:19.094900Z DEBUG netbaiot_transports::business_rpc::v3: business RPC V3 writer completed frame stream_id=324 frame_type=Open payload_bytes=158
2026-09-26T01:19:19.094903Z DEBUG netbaiot_transports::business_rpc::v3: business RPC V3 selected frame stream_id=324 frame_type=Data payload_bytes=198
2026-09-26T01:19:19.094915Z DEBUG netbaiot_transports::business_rpc::v3: business RPC V3 writer completed frame stream_id=324 frame_type=Data payload_bytes=198
2026-09-26T01:19:19.094918Z DEBUG netbaiot_transports::business_rpc::v3: business RPC V3 body entered scheduler stream_id=326 class=Rpc body_bytes=198
2026-09-26T01:19:19.094921Z DEBUG netbaiot_transports::business_rpc::v3: business RPC V3 selected frame stream_id=326 frame_type=Open payload_bytes=158
2026-09-26T01:19:19.094925Z DEBUG netbaiot_transports::business_rpc::v3: business RPC V3 writer completed frame stream_id=326 frame_type=Open payload_bytes=158
2026-09-26T01:19:19.094928Z DEBUG netbaiot_transports::business_rpc::v3: business RPC V3 selected frame stream_id=326 frame_type=Data payload_bytes=198
2026-09-26T01:19:19.094932Z DEBUG netbaiot_transports::business_rpc::v3: business RPC V3 writer completed frame stream_id=326 frame_type=Data payload_bytes=198
2026-09-26T01:19:19.094939Z DEBUG netbaiot_transports::business_rpc::v3: business RPC V3 body entered scheduler stream_id=328 class=Rpc body_bytes=198
2026-09-26T01:19:19.094951Z DEBUG netbaiot_transports::business_rpc::v3: business RPC V3 selected frame stream_id=328 frame_type=Open payload_bytes=158
2026-09-26T01:19:19.094959Z DEBUG netbaiot_transports::business_rpc::v3: business RPC V3 writer completed frame stream_id=328 frame_type=Open payload_bytes=158
2026-09-26T01:19:19.094964Z DEBUG netbaiot_transports::business_rpc::v3: business RPC V3 selected frame stream_id=328 frame_type=Data payload_bytes=198
2026-09-26T01:19:19.094970Z DEBUG netbaiot_transports::business_rpc::v3: business RPC V3 writer completed frame stream_id=328 frame_type=Data payload_bytes=198
2026-09-26T01:19:19.167854Z DEBUG netbaiot_transports::business_rpc::v3: business RPC V3 body entered scheduler stream_id=330 class=Event body_bytes=17366
2026-09-26T01:19:19.167951Z DEBUG netbaiot_transports::business_rpc::v3: business RPC V3 selected frame stream_id=330 frame_type=Open payload_bytes=184
2026-09-26T01:19:19.167984Z DEBUG netbaiot_transports::business_rpc::v3: business RPC V3 writer completed frame stream_id=330 frame_type=Open payload_bytes=184
2026-09-26T01:19:19.168002Z DEBUG netbaiot_transports::business_rpc::v3: business RPC V3 selected frame stream_id=330 frame_type=Data payload_bytes=8192
2026-09-26T01:19:19.168019Z DEBUG netbaiot_transports::business_rpc::v3: business RPC V3 writer completed frame stream_id=330 frame_type=Data payload_bytes=8192
2026-09-26T01:19:19.168028Z DEBUG netbaiot_transports::business_rpc::v3: business RPC V3 selected frame stream_id=330 frame_type=Data payload_bytes=8192
2026-09-26T01:19:19.168065Z DEBUG netbaiot_transports::business_rpc::v3: business RPC V3 writer completed frame stream_id=330 frame_type=Data payload_bytes=8192
2026-09-26T01:19:19.168103Z DEBUG netbaiot_transports::business_rpc::v3: business RPC V3 selected frame stream_id=330 frame_type=Data payload_bytes=982
2026-09-26T01:19:19.168144Z DEBUG netbaiot_transports::business_rpc::v3: business RPC V3 writer completed frame stream_id=330 frame_type=Data payload_bytes=982
2026-09-26T01:19:19.229341Z DEBUG netbaiot_transports::business_rpc::v3: business RPC V3 received frame stream_id=0 frame_type=WindowUpdate payload_bytes=4
2026-09-26T01:19:19.229462Z DEBUG netbaiot_transports::business_rpc::v3: business RPC V3 received frame stream_id=0 frame_type=WindowUpdate payload_bytes=4
2026-09-26T01:19:19.229496Z DEBUG netbaiot_transports::business_rpc::v3: business RPC V3 received frame stream_id=0 frame_type=WindowUpdate payload_bytes=4
2026-09-26T01:19:19.229516Z DEBUG netbaiot_transports::business_rpc::v3: business RPC V3 received frame stream_id=0 frame_type=WindowUpdate payload_bytes=4
2026-09-26T01:19:19.229532Z DEBUG netbaiot_transports::business_rpc::v3: business RPC V3 received frame stream_id=328 frame_type=Response payload_bytes=35
2026-09-26T01:19:19.229555Z DEBUG netbaiot_transports::business_rpc::v3: business RPC V3 received frame stream_id=322 frame_type=Response payload_bytes=35
2026-09-26T01:19:19.229572Z DEBUG netbaiot_transports::business_rpc::v3: business RPC V3 received frame stream_id=324 frame_type=Response payload_bytes=35
2026-09-26T01:19:19.284625Z DEBUG netbaiot_transports::business_rpc::v3: business RPC V3 received frame stream_id=326 frame_type=Response payload_bytes=35
2026-09-26T01:19:19.284668Z DEBUG netbaiot_transports::business_rpc::v3: business RPC V3 received frame stream_id=328 frame_type=Data payload_bytes=216
2026-09-26T01:19:19.284707Z DEBUG netbaiot_transports::business_rpc::v3: business RPC V3 received frame stream_id=322 frame_type=Data payload_bytes=216
2026-09-26T01:19:19.284725Z DEBUG netbaiot_transports::business_rpc::v3: business RPC V3 received frame stream_id=324 frame_type=Data payload_bytes=216
2026-09-26T01:19:19.284723Z DEBUG netbaiot_transports::business_rpc::v3: business RPC V3 selected frame stream_id=0 frame_type=WindowUpdate payload_bytes=4
2026-09-26T01:19:19.284748Z DEBUG netbaiot_transports::business_rpc::v3: business RPC V3 received frame stream_id=326 frame_type=Data payload_bytes=216
2026-09-26T01:19:19.284774Z DEBUG netbaiot_transports::business_rpc::v3: business RPC V3 writer completed frame stream_id=0 frame_type=WindowUpdate payload_bytes=4
2026-09-26T01:19:19.284785Z DEBUG netbaiot_transports::business_rpc::v3: business RPC V3 selected frame stream_id=0 frame_type=WindowUpdate payload_bytes=4
2026-09-26T01:19:19.284795Z DEBUG netbaiot_transports::business_rpc::v3: business RPC V3 writer completed frame stream_id=0 frame_type=WindowUpdate payload_bytes=4
2026-09-26T01:19:19.284800Z DEBUG netbaiot_transports::business_rpc::v3: business RPC V3 selected frame stream_id=0 frame_type=WindowUpdate payload_bytes=4
2026-09-26T01:19:19.284809Z DEBUG netbaiot_transports::business_rpc::v3: business RPC V3 writer completed frame stream_id=0 frame_type=WindowUpdate payload_bytes=4
2026-09-26T01:19:19.284815Z DEBUG netbaiot_transports::business_rpc::v3: business RPC V3 selected frame stream_id=0 frame_type=WindowUpdate payload_bytes=4
2026-09-26T01:19:19.284822Z DEBUG netbaiot_transports::business_rpc::v3: business RPC V3 writer completed frame stream_id=0 frame_type=WindowUpdate payload_bytes=4
2026-09-26T01:19:19.285450Z DEBUG netbaiot_transports::business_rpc::v3: business RPC V3 body entered scheduler stream_id=332 class=Rpc body_bytes=198
2026-09-26T01:19:19.285467Z DEBUG netbaiot_transports::business_rpc::v3: business RPC V3 selected frame stream_id=332 frame_type=Open payload_bytes=158
2026-09-26T01:19:19.285483Z DEBUG netbaiot_transports::business_rpc::v3: business RPC V3 writer completed frame stream_id=332 frame_type=Open payload_bytes=158
2026-09-26T01:19:19.285490Z DEBUG netbaiot_transports::business_rpc::v3: business RPC V3 body entered scheduler stream_id=334 class=Rpc body_bytes=198
2026-09-26T01:19:19.285496Z DEBUG netbaiot_transports::business_rpc::v3: business RPC V3 selected frame stream_id=334 frame_type=Open payload_bytes=158
2026-09-26T01:19:19.285504Z DEBUG netbaiot_transports::business_rpc::v3: business RPC V3 writer completed frame stream_id=334 frame_type=Open payload_bytes=158
2026-09-26T01:19:19.285509Z DEBUG netbaiot_transports::business_rpc::v3: business RPC V3 body entered scheduler stream_id=336 class=Rpc body_bytes=198
2026-09-26T01:19:19.285514Z DEBUG netbaiot_transports::business_rpc::v3: business RPC V3 selected frame stream_id=336 frame_type=Open payload_bytes=158
2026-09-26T01:19:19.285521Z DEBUG netbaiot_transports::business_rpc::v3: business RPC V3 writer completed frame stream_id=336 frame_type=Open payload_bytes=158
2026-09-26T01:19:19.285526Z DEBUG netbaiot_transports::business_rpc::v3: business RPC V3 selected frame stream_id=332 frame_type=Data payload_bytes=198
2026-09-26T01:19:19.285533Z DEBUG netbaiot_transports::business_rpc::v3: business RPC V3 writer completed frame stream_id=332 frame_type=Data payload_bytes=198
2026-09-26T01:19:19.285539Z DEBUG netbaiot_transports::business_rpc::v3: business RPC V3 body entered scheduler stream_id=338 class=Rpc body_bytes=198
2026-09-26T01:19:19.285544Z DEBUG netbaiot_transports::business_rpc::v3: business RPC V3 selected frame stream_id=338 frame_type=Open payload_bytes=158
2026-09-26T01:19:19.285558Z DEBUG netbaiot_transports::business_rpc::v3: business RPC V3 writer completed frame stream_id=338 frame_type=Open payload_bytes=158
2026-09-26T01:19:19.285563Z DEBUG netbaiot_transports::business_rpc::v3: business RPC V3 selected frame stream_id=334 frame_type=Data payload_bytes=198
2026-09-26T01:19:19.285570Z DEBUG netbaiot_transports::business_rpc::v3: business RPC V3 writer completed frame stream_id=334 frame_type=Data payload_bytes=198
2026-09-26T01:19:19.285575Z DEBUG netbaiot_transports::business_rpc::v3: business RPC V3 selected frame stream_id=336 frame_type=Data payload_bytes=198
2026-09-26T01:19:19.285583Z DEBUG netbaiot_transports::business_rpc::v3: business RPC V3 writer completed frame stream_id=336 frame_type=Data payload_bytes=198
2026-09-26T01:19:19.285588Z DEBUG netbaiot_transports::business_rpc::v3: business RPC V3 selected frame stream_id=338 frame_type=Data payload_bytes=198
2026-09-26T01:19:19.285594Z DEBUG netbaiot_transports::business_rpc::v3: business RPC V3 writer completed frame stream_id=338 frame_type=Data payload_bytes=198
2026-09-26T01:19:19.378658Z DEBUG netbaiot_transports::business_rpc::v3: business RPC V3 received frame stream_id=0 frame_type=Ping payload_bytes=8
2026-09-26T01:19:19.378826Z DEBUG netbaiot_transports::business_rpc::v3: business RPC V3 selected frame stream_id=0 frame_type=Pong payload_bytes=8
2026-09-26T01:19:19.378921Z DEBUG netbaiot_transports::business_rpc::v3: business RPC V3 writer completed frame stream_id=0 frame_type=Pong payload_bytes=8
2026-09-26T01:19:19.752086Z DEBUG netbaiot_transports::business_rpc::v3: business RPC V3 received frame stream_id=0 frame_type=WindowUpdate payload_bytes=4
2026-09-26T01:19:19.752160Z DEBUG netbaiot_transports::business_rpc::v3: business RPC V3 received frame stream_id=330 frame_type=WindowUpdate payload_bytes=4
2026-09-26T01:19:19.900340Z DEBUG netbaiot_transports::business_rpc::v3: business RPC V3 received frame stream_id=0 frame_type=WindowUpdate payload_bytes=4
2026-09-26T01:19:19.900372Z DEBUG netbaiot_transports::business_rpc::v3: business RPC V3 received frame stream_id=330 frame_type=WindowUpdate payload_bytes=4
2026-09-26T01:19:19.900381Z DEBUG netbaiot_transports::business_rpc::v3: business RPC V3 received frame stream_id=0 frame_type=WindowUpdate payload_bytes=4
2026-09-26T01:19:19.900387Z DEBUG netbaiot_transports::business_rpc::v3: business RPC V3 received frame stream_id=0 frame_type=WindowUpdate payload_bytes=4
2026-09-26T01:19:19.900392Z DEBUG netbaiot_transports::business_rpc::v3: business RPC V3 received frame stream_id=0 frame_type=WindowUpdate payload_bytes=4
2026-09-26T01:19:19.900397Z DEBUG netbaiot_transports::business_rpc::v3: business RPC V3 received frame stream_id=0 frame_type=WindowUpdate payload_bytes=4
2026-09-26T01:19:19.900402Z DEBUG netbaiot_transports::business_rpc::v3: business RPC V3 received frame stream_id=0 frame_type=WindowUpdate payload_bytes=4
2026-09-26T01:19:19.900406Z DEBUG netbaiot_transports::business_rpc::v3: business RPC V3 received frame stream_id=334 frame_type=Response payload_bytes=35
2026-09-26T01:19:19.900415Z DEBUG netbaiot_transports::business_rpc::v3: business RPC V3 received frame stream_id=338 frame_type=Response payload_bytes=35
2026-09-26T01:19:19.900420Z DEBUG netbaiot_transports::business_rpc::v3: business RPC V3 received frame stream_id=332 frame_type=Response payload_bytes=35
2026-09-26T01:19:19.900425Z DEBUG netbaiot_transports::business_rpc::v3: business RPC V3 received frame stream_id=336 frame_type=Response payload_bytes=35
2026-09-26T01:19:19.900430Z DEBUG netbaiot_transports::business_rpc::v3: business RPC V3 received frame stream_id=334 frame_type=Data payload_bytes=216
2026-09-26T01:19:19.900455Z DEBUG netbaiot_transports::business_rpc::v3: business RPC V3 received frame stream_id=338 frame_type=Data payload_bytes=216
2026-09-26T01:19:19.900469Z DEBUG netbaiot_transports::business_rpc::v3: business RPC V3 received frame stream_id=332 frame_type=Data payload_bytes=216
2026-09-26T01:19:19.900470Z DEBUG netbaiot_transports::business_rpc::v3: business RPC V3 selected frame stream_id=0 frame_type=WindowUpdate payload_bytes=4
2026-09-26T01:19:19.900481Z DEBUG netbaiot_transports::business_rpc::v3: business RPC V3 received frame stream_id=336 frame_type=Data payload_bytes=216
2026-09-26T01:19:19.900504Z DEBUG netbaiot_transports::business_rpc::v3: business RPC V3 writer completed frame stream_id=0 frame_type=WindowUpdate payload_bytes=4
2026-09-26T01:19:19.900513Z DEBUG netbaiot_transports::business_rpc::v3: business RPC V3 selected frame stream_id=0 frame_type=WindowUpdate payload_bytes=4
2026-09-26T01:19:19.900521Z DEBUG netbaiot_transports::business_rpc::v3: business RPC V3 writer completed frame stream_id=0 frame_type=WindowUpdate payload_bytes=4
2026-09-26T01:19:19.900526Z DEBUG netbaiot_transports::business_rpc::v3: business RPC V3 selected frame stream_id=0 frame_type=WindowUpdate payload_bytes=4
2026-09-26T01:19:19.900532Z DEBUG netbaiot_transports::business_rpc::v3: business RPC V3 writer completed frame stream_id=0 frame_type=WindowUpdate payload_bytes=4
2026-09-26T01:19:19.900536Z DEBUG netbaiot_transports::business_rpc::v3: business RPC V3 selected frame stream_id=0 frame_type=WindowUpdate payload_bytes=4
2026-09-26T01:19:19.900542Z DEBUG netbaiot_transports::business_rpc::v3: business RPC V3 writer completed frame stream_id=0 frame_type=WindowUpdate payload_bytes=4
2026-09-26T01:19:19.901059Z DEBUG netbaiot_transports::business_rpc::v3: business RPC V3 body entered scheduler stream_id=340 class=Rpc body_bytes=198
2026-09-26T01:19:19.901079Z DEBUG netbaiot_transports::business_rpc::v3: business RPC V3 body entered scheduler stream_id=342 class=Rpc body_bytes=198
2026-09-26T01:19:19.901086Z DEBUG netbaiot_transports::business_rpc::v3: business RPC V3 selected frame stream_id=340 frame_type=Open payload_bytes=158
2026-09-26T01:19:19.901100Z DEBUG netbaiot_transports::business_rpc::v3: business RPC V3 writer completed frame stream_id=340 frame_type=Open payload_bytes=158
2026-09-26T01:19:19.901107Z DEBUG netbaiot_transports::business_rpc::v3: business RPC V3 body entered scheduler stream_id=344 class=Rpc body_bytes=198
2026-09-26T01:19:19.901112Z DEBUG netbaiot_transports::business_rpc::v3: business RPC V3 selected frame stream_id=342 frame_type=Open payload_bytes=158
2026-09-26T01:19:19.901121Z DEBUG netbaiot_transports::business_rpc::v3: business RPC V3 writer completed frame stream_id=342 frame_type=Open payload_bytes=158
2026-09-26T01:19:19.901126Z DEBUG netbaiot_transports::business_rpc::v3: business RPC V3 selected frame stream_id=344 frame_type=Open payload_bytes=158
2026-09-26T01:19:19.901138Z DEBUG netbaiot_transports::business_rpc::v3: business RPC V3 writer completed frame stream_id=344 frame_type=Open payload_bytes=158
2026-09-26T01:19:19.901143Z DEBUG netbaiot_transports::business_rpc::v3: business RPC V3 selected frame stream_id=340 frame_type=Data payload_bytes=198
2026-09-26T01:19:19.901151Z DEBUG netbaiot_transports::business_rpc::v3: business RPC V3 writer completed frame stream_id=340 frame_type=Data payload_bytes=198
2026-09-26T01:19:19.901156Z DEBUG netbaiot_transports::business_rpc::v3: business RPC V3 body entered scheduler stream_id=346 class=Rpc body_bytes=198
2026-09-26T01:19:19.901161Z DEBUG netbaiot_transports::business_rpc::v3: business RPC V3 selected frame stream_id=346 frame_type=Open payload_bytes=158
2026-09-26T01:19:19.901171Z DEBUG netbaiot_transports::business_rpc::v3: business RPC V3 writer completed frame stream_id=346 frame_type=Open payload_bytes=158
2026-09-26T01:19:19.901176Z DEBUG netbaiot_transports::business_rpc::v3: business RPC V3 selected frame stream_id=342 frame_type=Data payload_bytes=198
2026-09-26T01:19:19.901181Z DEBUG netbaiot_transports::business_rpc::v3: business RPC V3 writer completed frame stream_id=342 frame_type=Data payload_bytes=198
2026-09-26T01:19:19.901203Z DEBUG netbaiot_transports::business_rpc::v3: business RPC V3 selected frame stream_id=344 frame_type=Data payload_bytes=198
2026-09-26T01:19:19.901228Z DEBUG netbaiot_transports::business_rpc::v3: business RPC V3 writer completed frame stream_id=344 frame_type=Data payload_bytes=198
2026-09-26T01:19:19.901237Z DEBUG netbaiot_transports::business_rpc::v3: business RPC V3 selected frame stream_id=346 frame_type=Data payload_bytes=198
2026-09-26T01:19:19.901249Z DEBUG netbaiot_transports::business_rpc::v3: business RPC V3 writer completed frame stream_id=346 frame_type=Data payload_bytes=198
2026-09-26T01:19:19.931268Z DEBUG netbaiot_transports::business_rpc::v3: business RPC V3 received frame stream_id=330 frame_type=Response payload_bytes=35
2026-09-26T01:19:19.931290Z DEBUG netbaiot_transports::business_rpc::v3: business RPC V3 received frame stream_id=330 frame_type=Data payload_bytes=118
2026-09-26T01:19:19.931298Z DEBUG netbaiot_transports::business_rpc::v3: business RPC V3 Event delivery acknowledged stream_id=330 completion_us=763457
2026-09-26T01:19:19.931317Z DEBUG netbaiot_transports::business_rpc::v3: business RPC V3 selected frame stream_id=0 frame_type=WindowUpdate payload_bytes=4
2026-09-26T01:19:19.931332Z DEBUG netbaiot_transports::business_rpc::v3: business RPC V3 writer completed frame stream_id=0 frame_type=WindowUpdate payload_bytes=4
2026-09-26T01:19:20.063862Z DEBUG netbaiot_transports::business_rpc::v3: business RPC V3 received frame stream_id=0 frame_type=WindowUpdate payload_bytes=4
2026-09-26T01:19:20.063894Z DEBUG netbaiot_transports::business_rpc::v3: business RPC V3 received frame stream_id=0 frame_type=WindowUpdate payload_bytes=4
2026-09-26T01:19:20.063899Z DEBUG netbaiot_transports::business_rpc::v3: business RPC V3 received frame stream_id=0 frame_type=WindowUpdate payload_bytes=4
2026-09-26T01:19:20.063903Z DEBUG netbaiot_transports::business_rpc::v3: business RPC V3 received frame stream_id=0 frame_type=WindowUpdate payload_bytes=4
2026-09-26T01:19:20.063906Z DEBUG netbaiot_transports::business_rpc::v3: business RPC V3 received frame stream_id=346 frame_type=Response payload_bytes=35
2026-09-26T01:19:20.063912Z DEBUG netbaiot_transports::business_rpc::v3: business RPC V3 received frame stream_id=346 frame_type=Data payload_bytes=216
2026-09-26T01:19:20.063930Z DEBUG netbaiot_transports::business_rpc::v3: business RPC V3 received frame stream_id=340 frame_type=Response payload_bytes=35
2026-09-26T01:19:20.063935Z DEBUG netbaiot_transports::business_rpc::v3: business RPC V3 received frame stream_id=340 frame_type=Data payload_bytes=216
2026-09-26T01:19:20.063939Z DEBUG netbaiot_transports::business_rpc::v3: business RPC V3 selected frame stream_id=0 frame_type=WindowUpdate payload_bytes=4
2026-09-26T01:19:20.063941Z DEBUG netbaiot_transports::business_rpc::v3: business RPC V3 received frame stream_id=342 frame_type=Response payload_bytes=35
2026-09-26T01:19:20.063956Z DEBUG netbaiot_transports::business_rpc::v3: business RPC V3 writer completed frame stream_id=0 frame_type=WindowUpdate payload_bytes=4
2026-09-26T01:19:20.063967Z DEBUG netbaiot_transports::business_rpc::v3: business RPC V3 selected frame stream_id=0 frame_type=WindowUpdate payload_bytes=4
2026-09-26T01:19:20.063962Z DEBUG netbaiot_transports::business_rpc::v3: business RPC V3 received frame stream_id=342 frame_type=Data payload_bytes=216
2026-09-26T01:19:20.063973Z DEBUG netbaiot_transports::business_rpc::v3: business RPC V3 writer completed frame stream_id=0 frame_type=WindowUpdate payload_bytes=4
2026-09-26T01:19:20.063980Z DEBUG netbaiot_transports::business_rpc::v3: business RPC V3 selected frame stream_id=0 frame_type=WindowUpdate payload_bytes=4
2026-09-26T01:19:20.063986Z DEBUG netbaiot_transports::business_rpc::v3: business RPC V3 writer completed frame stream_id=0 frame_type=WindowUpdate payload_bytes=4
2026-09-26T01:19:20.063982Z DEBUG netbaiot_transports::business_rpc::v3: business RPC V3 received frame stream_id=344 frame_type=Response payload_bytes=35
2026-09-26T01:19:20.064012Z DEBUG netbaiot_transports::business_rpc::v3: business RPC V3 received frame stream_id=344 frame_type=Data payload_bytes=216
2026-09-26T01:19:20.064052Z DEBUG netbaiot_transports::business_rpc::v3: business RPC V3 selected frame stream_id=0 frame_type=WindowUpdate payload_bytes=4
2026-09-26T01:19:20.064059Z DEBUG netbaiot_transports::business_rpc::v3: business RPC V3 writer completed frame stream_id=0 frame_type=WindowUpdate payload_bytes=4
2026-09-26T01:19:20.064350Z DEBUG netbaiot_transports::business_rpc::v3: business RPC V3 body entered scheduler stream_id=348 class=Rpc body_bytes=198
2026-09-26T01:19:20.064360Z DEBUG netbaiot_transports::business_rpc::v3: business RPC V3 selected frame stream_id=348 frame_type=Open payload_bytes=158
2026-09-26T01:19:20.064369Z DEBUG netbaiot_transports::business_rpc::v3: business RPC V3 writer completed frame stream_id=348 frame_type=Open payload_bytes=158
2026-09-26T01:19:20.064374Z DEBUG netbaiot_transports::business_rpc::v3: business RPC V3 selected frame stream_id=348 frame_type=Data payload_bytes=198
2026-09-26T01:19:20.064378Z DEBUG netbaiot_transports::business_rpc::v3: business RPC V3 writer completed frame stream_id=348 frame_type=Data payload_bytes=198
2026-09-26T01:19:20.064421Z DEBUG netbaiot_transports::business_rpc::v3: business RPC V3 body entered scheduler stream_id=350 class=Rpc body_bytes=198
2026-09-26T01:19:20.064426Z DEBUG netbaiot_transports::business_rpc::v3: business RPC V3 selected frame stream_id=350 frame_type=Open payload_bytes=158
2026-09-26T01:19:20.064434Z DEBUG netbaiot_transports::business_rpc::v3: business RPC V3 writer completed frame stream_id=350 frame_type=Open payload_bytes=158
2026-09-26T01:19:20.064438Z DEBUG netbaiot_transports::business_rpc::v3: business RPC V3 selected frame stream_id=350 frame_type=Data payload_bytes=198
2026-09-26T01:19:20.064442Z DEBUG netbaiot_transports::business_rpc::v3: business RPC V3 writer completed frame stream_id=350 frame_type=Data payload_bytes=198
2026-09-26T01:19:20.064445Z DEBUG netbaiot_transports::business_rpc::v3: business RPC V3 body entered scheduler stream_id=352 class=Rpc body_bytes=198
2026-09-26T01:19:20.064447Z DEBUG netbaiot_transports::business_rpc::v3: business RPC V3 selected frame stream_id=352 frame_type=Open payload_bytes=158
2026-09-26T01:19:20.064450Z DEBUG netbaiot_transports::business_rpc::v3: business RPC V3 writer completed frame stream_id=352 frame_type=Open payload_bytes=158
2026-09-26T01:19:20.064454Z DEBUG netbaiot_transports::business_rpc::v3: business RPC V3 selected frame stream_id=352 frame_type=Data payload_bytes=198
2026-09-26T01:19:20.064458Z DEBUG netbaiot_transports::business_rpc::v3: business RPC V3 writer completed frame stream_id=352 frame_type=Data payload_bytes=198
2026-09-26T01:19:20.064460Z DEBUG netbaiot_transports::business_rpc::v3: business RPC V3 body entered scheduler stream_id=354 class=Rpc body_bytes=198
2026-09-26T01:19:20.064463Z DEBUG netbaiot_transports::business_rpc::v3: business RPC V3 selected frame stream_id=354 frame_type=Open payload_bytes=158
2026-09-26T01:19:20.064466Z DEBUG netbaiot_transports::business_rpc::v3: business RPC V3 writer completed frame stream_id=354 frame_type=Open payload_bytes=158
2026-09-26T01:19:20.064469Z DEBUG netbaiot_transports::business_rpc::v3: business RPC V3 selected frame stream_id=354 frame_type=Data payload_bytes=198
2026-09-26T01:19:20.064472Z DEBUG netbaiot_transports::business_rpc::v3: business RPC V3 writer completed frame stream_id=354 frame_type=Data payload_bytes=198
2026-09-26T01:19:20.167031Z DEBUG netbaiot_transports::business_rpc::v3: business RPC V3 body entered scheduler stream_id=356 class=Event body_bytes=17366
2026-09-26T01:19:20.167060Z DEBUG netbaiot_transports::business_rpc::v3: business RPC V3 selected frame stream_id=356 frame_type=Open payload_bytes=184
2026-09-26T01:19:20.167077Z DEBUG netbaiot_transports::business_rpc::v3: business RPC V3 writer completed frame stream_id=356 frame_type=Open payload_bytes=184
2026-09-26T01:19:20.167084Z DEBUG netbaiot_transports::business_rpc::v3: business RPC V3 selected frame stream_id=356 frame_type=Data payload_bytes=8192
2026-09-26T01:19:20.167093Z DEBUG netbaiot_transports::business_rpc::v3: business RPC V3 writer completed frame stream_id=356 frame_type=Data payload_bytes=8192
2026-09-26T01:19:20.167098Z DEBUG netbaiot_transports::business_rpc::v3: business RPC V3 selected frame stream_id=356 frame_type=Data payload_bytes=8192
2026-09-26T01:19:20.167111Z DEBUG netbaiot_transports::business_rpc::v3: business RPC V3 writer completed frame stream_id=356 frame_type=Data payload_bytes=8192
2026-09-26T01:19:20.167117Z DEBUG netbaiot_transports::business_rpc::v3: business RPC V3 selected frame stream_id=356 frame_type=Data payload_bytes=982
2026-09-26T01:19:20.167123Z DEBUG netbaiot_transports::business_rpc::v3: business RPC V3 writer completed frame stream_id=356 frame_type=Data payload_bytes=982
2026-09-26T01:19:20.206385Z DEBUG netbaiot_transports::business_rpc::v3: business RPC V3 received frame stream_id=0 frame_type=WindowUpdate payload_bytes=4
2026-09-26T01:19:20.206466Z DEBUG netbaiot_transports::business_rpc::v3: business RPC V3 received frame stream_id=0 frame_type=WindowUpdate payload_bytes=4
2026-09-26T01:19:20.206490Z DEBUG netbaiot_transports::business_rpc::v3: business RPC V3 received frame stream_id=0 frame_type=WindowUpdate payload_bytes=4
2026-09-26T01:19:20.206502Z DEBUG netbaiot_transports::business_rpc::v3: business RPC V3 received frame stream_id=0 frame_type=WindowUpdate payload_bytes=4
2026-09-26T01:19:20.206512Z DEBUG netbaiot_transports::business_rpc::v3: business RPC V3 received frame stream_id=348 frame_type=Response payload_bytes=35
2026-09-26T01:19:20.206528Z DEBUG netbaiot_transports::business_rpc::v3: business RPC V3 received frame stream_id=354 frame_type=Response payload_bytes=35
2026-09-26T01:19:20.206537Z DEBUG netbaiot_transports::business_rpc::v3: business RPC V3 received frame stream_id=350 frame_type=Response payload_bytes=35
2026-09-26T01:19:20.206544Z DEBUG netbaiot_transports::business_rpc::v3: business RPC V3 received frame stream_id=352 frame_type=Response payload_bytes=35
2026-09-26T01:19:20.206551Z DEBUG netbaiot_transports::business_rpc::v3: business RPC V3 received frame stream_id=348 frame_type=Data payload_bytes=216
2026-09-26T01:19:20.206614Z DEBUG netbaiot_transports::business_rpc::v3: business RPC V3 selected frame stream_id=0 frame_type=WindowUpdate payload_bytes=4
2026-09-26T01:19:20.206671Z DEBUG netbaiot_transports::business_rpc::v3: business RPC V3 writer completed frame stream_id=0 frame_type=WindowUpdate payload_bytes=4
2026-09-26T01:19:20.207430Z DEBUG netbaiot_transports::business_rpc::v3: business RPC V3 body entered scheduler stream_id=358 class=Rpc body_bytes=198
2026-09-26T01:19:20.207476Z DEBUG netbaiot_transports::business_rpc::v3: business RPC V3 selected frame stream_id=358 frame_type=Open payload_bytes=158
2026-09-26T01:19:20.207501Z DEBUG netbaiot_transports::business_rpc::v3: business RPC V3 writer completed frame stream_id=358 frame_type=Open payload_bytes=158
2026-09-26T01:19:20.207515Z DEBUG netbaiot_transports::business_rpc::v3: business RPC V3 selected frame stream_id=358 frame_type=Data payload_bytes=198
2026-09-26T01:19:20.207527Z DEBUG netbaiot_transports::business_rpc::v3: business RPC V3 writer completed frame stream_id=358 frame_type=Data payload_bytes=198
2026-09-26T01:19:20.253721Z DEBUG netbaiot_transports::business_rpc::v3: business RPC V3 received frame stream_id=354 frame_type=Data payload_bytes=216
2026-09-26T01:19:20.253843Z DEBUG netbaiot_transports::business_rpc::v3: business RPC V3 received frame stream_id=350 frame_type=Data payload_bytes=216
2026-09-26T01:19:20.253858Z DEBUG netbaiot_transports::business_rpc::v3: business RPC V3 selected frame stream_id=0 frame_type=WindowUpdate payload_bytes=4
2026-09-26T01:19:20.253882Z DEBUG netbaiot_transports::business_rpc::v3: business RPC V3 received frame stream_id=352 frame_type=Data payload_bytes=216
2026-09-26T01:19:20.253944Z DEBUG netbaiot_transports::business_rpc::v3: business RPC V3 writer completed frame stream_id=0 frame_type=WindowUpdate payload_bytes=4
2026-09-26T01:19:20.253974Z DEBUG netbaiot_transports::business_rpc::v3: business RPC V3 selected frame stream_id=0 frame_type=WindowUpdate payload_bytes=4
2026-09-26T01:19:20.254001Z DEBUG netbaiot_transports::business_rpc::v3: business RPC V3 writer completed frame stream_id=0 frame_type=WindowUpdate payload_bytes=4
2026-09-26T01:19:20.254024Z DEBUG netbaiot_transports::business_rpc::v3: business RPC V3 selected frame stream_id=0 frame_type=WindowUpdate payload_bytes=4
2026-09-26T01:19:20.254051Z DEBUG netbaiot_transports::business_rpc::v3: business RPC V3 writer completed frame stream_id=0 frame_type=WindowUpdate payload_bytes=4
2026-09-26T01:19:20.254823Z DEBUG netbaiot_transports::business_rpc::v3: business RPC V3 body entered scheduler stream_id=360 class=Rpc body_bytes=198
2026-09-26T01:19:20.254880Z DEBUG netbaiot_transports::business_rpc::v3: business RPC V3 body entered scheduler stream_id=362 class=Rpc body_bytes=198
2026-09-26T01:19:20.254893Z DEBUG netbaiot_transports::business_rpc::v3: business RPC V3 body entered scheduler stream_id=364 class=Rpc body_bytes=198
2026-09-26T01:19:20.254900Z DEBUG netbaiot_transports::business_rpc::v3: business RPC V3 selected frame stream_id=360 frame_type=Open payload_bytes=158
2026-09-26T01:19:20.254941Z DEBUG netbaiot_transports::business_rpc::v3: business RPC V3 writer completed frame stream_id=360 frame_type=Open payload_bytes=158
2026-09-26T01:19:20.254955Z DEBUG netbaiot_transports::business_rpc::v3: business RPC V3 selected frame stream_id=360 frame_type=Data payload_bytes=198
2026-09-26T01:19:20.254966Z DEBUG netbaiot_transports::business_rpc::v3: business RPC V3 writer completed frame stream_id=360 frame_type=Data payload_bytes=198
2026-09-26T01:19:20.254975Z DEBUG netbaiot_transports::business_rpc::v3: business RPC V3 selected frame stream_id=362 frame_type=Open payload_bytes=158
2026-09-26T01:19:20.254984Z DEBUG netbaiot_transports::business_rpc::v3: business RPC V3 writer completed frame stream_id=362 frame_type=Open payload_bytes=158
2026-09-26T01:19:20.254991Z DEBUG netbaiot_transports::business_rpc::v3: business RPC V3 selected frame stream_id=364 frame_type=Open payload_bytes=158
2026-09-26T01:19:20.254999Z DEBUG netbaiot_transports::business_rpc::v3: business RPC V3 writer completed frame stream_id=364 frame_type=Open payload_bytes=158
2026-09-26T01:19:20.255007Z DEBUG netbaiot_transports::business_rpc::v3: business RPC V3 selected frame stream_id=362 frame_type=Data payload_bytes=198
2026-09-26T01:19:20.255016Z DEBUG netbaiot_transports::business_rpc::v3: business RPC V3 writer completed frame stream_id=362 frame_type=Data payload_bytes=198
2026-09-26T01:19:20.255024Z DEBUG netbaiot_transports::business_rpc::v3: business RPC V3 selected frame stream_id=364 frame_type=Data payload_bytes=198
2026-09-26T01:19:20.255041Z DEBUG netbaiot_transports::business_rpc::v3: business RPC V3 writer completed frame stream_id=364 frame_type=Data payload_bytes=198
2026-09-26T01:19:20.749538Z DEBUG netbaiot_transports::business_rpc::v3: business RPC V3 received frame stream_id=0 frame_type=WindowUpdate payload_bytes=4
2026-09-26T01:19:20.749639Z DEBUG netbaiot_transports::business_rpc::v3: business RPC V3 received frame stream_id=356 frame_type=WindowUpdate payload_bytes=4
2026-09-26T01:19:20.863965Z DEBUG netbaiot_transports::business_rpc::v3: business RPC V3 received frame stream_id=0 frame_type=WindowUpdate payload_bytes=4
2026-09-26T01:19:20.864051Z DEBUG netbaiot_transports::business_rpc::v3: business RPC V3 received frame stream_id=356 frame_type=WindowUpdate payload_bytes=4
2026-09-26T01:19:20.864074Z DEBUG netbaiot_transports::business_rpc::v3: business RPC V3 received frame stream_id=0 frame_type=WindowUpdate payload_bytes=4
2026-09-26T01:19:20.864084Z DEBUG netbaiot_transports::business_rpc::v3: business RPC V3 received frame stream_id=0 frame_type=WindowUpdate payload_bytes=4
2026-09-26T01:19:20.864090Z DEBUG netbaiot_transports::business_rpc::v3: business RPC V3 received frame stream_id=0 frame_type=WindowUpdate payload_bytes=4
2026-09-26T01:19:20.864097Z DEBUG netbaiot_transports::business_rpc::v3: business RPC V3 received frame stream_id=0 frame_type=WindowUpdate payload_bytes=4
2026-09-26T01:19:20.864105Z DEBUG netbaiot_transports::business_rpc::v3: business RPC V3 received frame stream_id=0 frame_type=WindowUpdate payload_bytes=4
2026-09-26T01:19:20.929804Z DEBUG netbaiot_transports::business_rpc::v3: business RPC V3 received frame stream_id=364 frame_type=Response payload_bytes=35
2026-09-26T01:19:20.929906Z DEBUG netbaiot_transports::business_rpc::v3: business RPC V3 received frame stream_id=360 frame_type=Response payload_bytes=35
2026-09-26T01:19:20.929939Z DEBUG netbaiot_transports::business_rpc::v3: business RPC V3 received frame stream_id=358 frame_type=Response payload_bytes=35
2026-09-26T01:19:20.929959Z DEBUG netbaiot_transports::business_rpc::v3: business RPC V3 received frame stream_id=362 frame_type=Response payload_bytes=35
2026-09-26T01:19:20.929975Z DEBUG netbaiot_transports::business_rpc::v3: business RPC V3 received frame stream_id=356 frame_type=Response payload_bytes=35
2026-09-26T01:19:20.929992Z DEBUG netbaiot_transports::business_rpc::v3: business RPC V3 received frame stream_id=364 frame_type=Data payload_bytes=216
2026-09-26T01:19:20.930054Z DEBUG netbaiot_transports::business_rpc::v3: business RPC V3 received frame stream_id=360 frame_type=Data payload_bytes=216
2026-09-26T01:19:20.930081Z DEBUG netbaiot_transports::business_rpc::v3: business RPC V3 selected frame stream_id=0 frame_type=WindowUpdate payload_bytes=4
2026-09-26T01:19:20.930098Z DEBUG netbaiot_transports::business_rpc::v3: business RPC V3 received frame stream_id=358 frame_type=Data payload_bytes=216
2026-09-26T01:19:20.930165Z DEBUG netbaiot_transports::business_rpc::v3: business RPC V3 received frame stream_id=362 frame_type=Data payload_bytes=216
2026-09-26T01:19:20.930170Z DEBUG netbaiot_transports::business_rpc::v3: business RPC V3 writer completed frame stream_id=0 frame_type=WindowUpdate payload_bytes=4
2026-09-26T01:19:20.930237Z DEBUG netbaiot_transports::business_rpc::v3: business RPC V3 selected frame stream_id=0 frame_type=WindowUpdate payload_bytes=4
2026-09-26T01:19:20.930200Z DEBUG netbaiot_transports::business_rpc::v3: business RPC V3 received frame stream_id=356 frame_type=Data payload_bytes=118
2026-09-26T01:19:20.930311Z DEBUG netbaiot_transports::business_rpc::v3: business RPC V3 Event delivery acknowledged stream_id=356 completion_us=763289
2026-09-26T01:19:20.930288Z DEBUG netbaiot_transports::business_rpc::v3: business RPC V3 writer completed frame stream_id=0 frame_type=WindowUpdate payload_bytes=4
2026-09-26T01:19:20.930377Z DEBUG netbaiot_transports::business_rpc::v3: business RPC V3 selected frame stream_id=0 frame_type=WindowUpdate payload_bytes=4
2026-09-26T01:19:20.930419Z DEBUG netbaiot_transports::business_rpc::v3: business RPC V3 writer completed frame stream_id=0 frame_type=WindowUpdate payload_bytes=4
2026-09-26T01:19:20.930439Z DEBUG netbaiot_transports::business_rpc::v3: business RPC V3 selected frame stream_id=0 frame_type=WindowUpdate payload_bytes=4
2026-09-26T01:19:20.930466Z DEBUG netbaiot_transports::business_rpc::v3: business RPC V3 writer completed frame stream_id=0 frame_type=WindowUpdate payload_bytes=4
2026-09-26T01:19:20.930482Z DEBUG netbaiot_transports::business_rpc::v3: business RPC V3 selected frame stream_id=0 frame_type=WindowUpdate payload_bytes=4
2026-09-26T01:19:20.930504Z DEBUG netbaiot_transports::business_rpc::v3: business RPC V3 writer completed frame stream_id=0 frame_type=WindowUpdate payload_bytes=4
2026-09-26T01:19:20.931224Z DEBUG netbaiot_transports::business_rpc::v3: business RPC V3 body entered scheduler stream_id=366 class=Rpc body_bytes=198
2026-09-26T01:19:20.931252Z DEBUG netbaiot_transports::business_rpc::v3: business RPC V3 body entered scheduler stream_id=368 class=Rpc body_bytes=198
2026-09-26T01:19:20.931262Z DEBUG netbaiot_transports::business_rpc::v3: business RPC V3 selected frame stream_id=366 frame_type=Open payload_bytes=158
2026-09-26T01:19:20.931289Z DEBUG netbaiot_transports::business_rpc::v3: business RPC V3 writer completed frame stream_id=366 frame_type=Open payload_bytes=158
2026-09-26T01:19:20.931304Z DEBUG netbaiot_transports::business_rpc::v3: business RPC V3 body entered scheduler stream_id=370 class=Rpc body_bytes=198
2026-09-26T01:19:20.931313Z DEBUG netbaiot_transports::business_rpc::v3: business RPC V3 selected frame stream_id=368 frame_type=Open payload_bytes=158
2026-09-26T01:19:20.931331Z DEBUG netbaiot_transports::business_rpc::v3: business RPC V3 writer completed frame stream_id=368 frame_type=Open payload_bytes=158
2026-09-26T01:19:20.931341Z DEBUG netbaiot_transports::business_rpc::v3: business RPC V3 body entered scheduler stream_id=372 class=Rpc body_bytes=198
2026-09-26T01:19:20.931348Z DEBUG netbaiot_transports::business_rpc::v3: business RPC V3 selected frame stream_id=370 frame_type=Open payload_bytes=158
2026-09-26T01:19:20.931366Z DEBUG netbaiot_transports::business_rpc::v3: business RPC V3 writer completed frame stream_id=370 frame_type=Open payload_bytes=158
2026-09-26T01:19:20.931375Z DEBUG netbaiot_transports::business_rpc::v3: business RPC V3 selected frame stream_id=372 frame_type=Open payload_bytes=158
2026-09-26T01:19:20.931387Z DEBUG netbaiot_transports::business_rpc::v3: business RPC V3 writer completed frame stream_id=372 frame_type=Open payload_bytes=158
2026-09-26T01:19:20.931397Z DEBUG netbaiot_transports::business_rpc::v3: business RPC V3 selected frame stream_id=366 frame_type=Data payload_bytes=198
2026-09-26T01:19:20.931411Z DEBUG netbaiot_transports::business_rpc::v3: business RPC V3 writer completed frame stream_id=366 frame_type=Data payload_bytes=198
2026-09-26T01:19:20.931423Z DEBUG netbaiot_transports::business_rpc::v3: business RPC V3 selected frame stream_id=368 frame_type=Data payload_bytes=198
2026-09-26T01:19:20.931434Z DEBUG netbaiot_transports::business_rpc::v3: business RPC V3 writer completed frame stream_id=368 frame_type=Data payload_bytes=198
2026-09-26T01:19:20.931442Z DEBUG netbaiot_transports::business_rpc::v3: business RPC V3 selected frame stream_id=370 frame_type=Data payload_bytes=198
2026-09-26T01:19:20.931453Z DEBUG netbaiot_transports::business_rpc::v3: business RPC V3 writer completed frame stream_id=370 frame_type=Data payload_bytes=198
2026-09-26T01:19:20.931460Z DEBUG netbaiot_transports::business_rpc::v3: business RPC V3 selected frame stream_id=372 frame_type=Data payload_bytes=198
2026-09-26T01:19:20.931483Z DEBUG netbaiot_transports::business_rpc::v3: business RPC V3 writer completed frame stream_id=372 frame_type=Data payload_bytes=198
2026-09-26T01:19:21.094443Z DEBUG netbaiot_transports::business_rpc::v3: business RPC V3 received frame stream_id=0 frame_type=WindowUpdate payload_bytes=4
2026-09-26T01:19:21.094484Z DEBUG netbaiot_transports::business_rpc::v3: business RPC V3 received frame stream_id=0 frame_type=WindowUpdate payload_bytes=4
2026-09-26T01:19:21.094493Z DEBUG netbaiot_transports::business_rpc::v3: business RPC V3 received frame stream_id=0 frame_type=WindowUpdate payload_bytes=4
2026-09-26T01:19:21.094499Z DEBUG netbaiot_transports::business_rpc::v3: business RPC V3 received frame stream_id=0 frame_type=WindowUpdate payload_bytes=4
2026-09-26T01:19:21.094504Z DEBUG netbaiot_transports::business_rpc::v3: business RPC V3 received frame stream_id=372 frame_type=Response payload_bytes=35
2026-09-26T01:19:21.094515Z DEBUG netbaiot_transports::business_rpc::v3: business RPC V3 received frame stream_id=366 frame_type=Response payload_bytes=35
2026-09-26T01:19:21.094521Z DEBUG netbaiot_transports::business_rpc::v3: business RPC V3 received frame stream_id=368 frame_type=Response payload_bytes=35
2026-09-26T01:19:21.094526Z DEBUG netbaiot_transports::business_rpc::v3: business RPC V3 received frame stream_id=370 frame_type=Response payload_bytes=35
2026-09-26T01:19:21.094531Z DEBUG netbaiot_transports::business_rpc::v3: business RPC V3 received frame stream_id=372 frame_type=Data payload_bytes=216
2026-09-26T01:19:21.094562Z DEBUG netbaiot_transports::business_rpc::v3: business RPC V3 received frame stream_id=366 frame_type=Data payload_bytes=216
2026-09-26T01:19:21.094577Z DEBUG netbaiot_transports::business_rpc::v3: business RPC V3 received frame stream_id=368 frame_type=Data payload_bytes=216
2026-09-26T01:19:21.094577Z DEBUG netbaiot_transports::business_rpc::v3: business RPC V3 selected frame stream_id=0 frame_type=WindowUpdate payload_bytes=4
2026-09-26T01:19:21.094589Z DEBUG netbaiot_transports::business_rpc::v3: business RPC V3 received frame stream_id=370 frame_type=Data payload_bytes=216
2026-09-26T01:19:21.094617Z DEBUG netbaiot_transports::business_rpc::v3: business RPC V3 writer completed frame stream_id=0 frame_type=WindowUpdate payload_bytes=4
2026-09-26T01:19:21.094628Z DEBUG netbaiot_transports::business_rpc::v3: business RPC V3 selected frame stream_id=0 frame_type=WindowUpdate payload_bytes=4
2026-09-26T01:19:21.094637Z DEBUG netbaiot_transports::business_rpc::v3: business RPC V3 writer completed frame stream_id=0 frame_type=WindowUpdate payload_bytes=4
2026-09-26T01:19:21.094642Z DEBUG netbaiot_transports::business_rpc::v3: business RPC V3 selected frame stream_id=0 frame_type=WindowUpdate payload_bytes=4
2026-09-26T01:19:21.094649Z DEBUG netbaiot_transports::business_rpc::v3: business RPC V3 writer completed frame stream_id=0 frame_type=WindowUpdate payload_bytes=4
2026-09-26T01:19:21.094654Z DEBUG netbaiot_transports::business_rpc::v3: business RPC V3 selected frame stream_id=0 frame_type=WindowUpdate payload_bytes=4
2026-09-26T01:19:21.094660Z DEBUG netbaiot_transports::business_rpc::v3: business RPC V3 writer completed frame stream_id=0 frame_type=WindowUpdate payload_bytes=4
2026-09-26T01:19:21.095287Z DEBUG netbaiot_transports::business_rpc::v3: business RPC V3 body entered scheduler stream_id=374 class=Rpc body_bytes=198
2026-09-26T01:19:21.095299Z DEBUG netbaiot_transports::business_rpc::v3: business RPC V3 selected frame stream_id=374 frame_type=Open payload_bytes=158
2026-09-26T01:19:21.095311Z DEBUG netbaiot_transports::business_rpc::v3: business RPC V3 writer completed frame stream_id=374 frame_type=Open payload_bytes=158
2026-09-26T01:19:21.095317Z DEBUG netbaiot_transports::business_rpc::v3: business RPC V3 body entered scheduler stream_id=376 class=Rpc body_bytes=198
2026-09-26T01:19:21.095322Z DEBUG netbaiot_transports::business_rpc::v3: business RPC V3 selected frame stream_id=376 frame_type=Open payload_bytes=158
2026-09-26T01:19:21.095328Z DEBUG netbaiot_transports::business_rpc::v3: business RPC V3 writer completed frame stream_id=376 frame_type=Open payload_bytes=158
2026-09-26T01:19:21.095333Z DEBUG netbaiot_transports::business_rpc::v3: business RPC V3 selected frame stream_id=374 frame_type=Data payload_bytes=198
2026-09-26T01:19:21.095339Z DEBUG netbaiot_transports::business_rpc::v3: business RPC V3 writer completed frame stream_id=374 frame_type=Data payload_bytes=198
2026-09-26T01:19:21.095344Z DEBUG netbaiot_transports::business_rpc::v3: business RPC V3 selected frame stream_id=376 frame_type=Data payload_bytes=198
2026-09-26T01:19:21.095350Z DEBUG netbaiot_transports::business_rpc::v3: business RPC V3 writer completed frame stream_id=376 frame_type=Data payload_bytes=198
2026-09-26T01:19:21.095354Z DEBUG netbaiot_transports::business_rpc::v3: business RPC V3 body entered scheduler stream_id=378 class=Rpc body_bytes=198
2026-09-26T01:19:21.095358Z DEBUG netbaiot_transports::business_rpc::v3: business RPC V3 selected frame stream_id=378 frame_type=Open payload_bytes=158
2026-09-26T01:19:21.095365Z DEBUG netbaiot_transports::business_rpc::v3: business RPC V3 writer completed frame stream_id=378 frame_type=Open payload_bytes=158
2026-09-26T01:19:21.095369Z DEBUG netbaiot_transports::business_rpc::v3: business RPC V3 selected frame stream_id=378 frame_type=Data payload_bytes=198
2026-09-26T01:19:21.095375Z DEBUG netbaiot_transports::business_rpc::v3: business RPC V3 writer completed frame stream_id=378 frame_type=Data payload_bytes=198
2026-09-26T01:19:21.095396Z DEBUG netbaiot_transports::business_rpc::v3: business RPC V3 body entered scheduler stream_id=380 class=Rpc body_bytes=198
2026-09-26T01:19:21.095412Z DEBUG netbaiot_transports::business_rpc::v3: business RPC V3 selected frame stream_id=380 frame_type=Open payload_bytes=158
2026-09-26T01:19:21.095423Z DEBUG netbaiot_transports::business_rpc::v3: business RPC V3 writer completed frame stream_id=380 frame_type=Open payload_bytes=158
2026-09-26T01:19:21.095430Z DEBUG netbaiot_transports::business_rpc::v3: business RPC V3 selected frame stream_id=380 frame_type=Data payload_bytes=198
2026-09-26T01:19:21.095438Z DEBUG netbaiot_transports::business_rpc::v3: business RPC V3 writer completed frame stream_id=380 frame_type=Data payload_bytes=198
2026-09-26T01:19:21.167854Z DEBUG netbaiot_transports::business_rpc::v3: business RPC V3 body entered scheduler stream_id=382 class=Event body_bytes=17366
2026-09-26T01:19:21.167878Z DEBUG netbaiot_transports::business_rpc::v3: business RPC V3 selected frame stream_id=382 frame_type=Open payload_bytes=184
2026-09-26T01:19:21.167897Z DEBUG netbaiot_transports::business_rpc::v3: business RPC V3 writer completed frame stream_id=382 frame_type=Open payload_bytes=184
2026-09-26T01:19:21.167904Z DEBUG netbaiot_transports::business_rpc::v3: business RPC V3 selected frame stream_id=382 frame_type=Data payload_bytes=8192
2026-09-26T01:19:21.167931Z DEBUG netbaiot_transports::business_rpc::v3: business RPC V3 writer completed frame stream_id=382 frame_type=Data payload_bytes=8192
2026-09-26T01:19:21.167940Z DEBUG netbaiot_transports::business_rpc::v3: business RPC V3 selected frame stream_id=382 frame_type=Data payload_bytes=8192
2026-09-26T01:19:21.167951Z DEBUG netbaiot_transports::business_rpc::v3: business RPC V3 writer completed frame stream_id=382 frame_type=Data payload_bytes=8192
2026-09-26T01:19:21.167955Z DEBUG netbaiot_transports::business_rpc::v3: business RPC V3 selected frame stream_id=382 frame_type=Data payload_bytes=982
2026-09-26T01:19:21.167960Z DEBUG netbaiot_transports::business_rpc::v3: business RPC V3 writer completed frame stream_id=382 frame_type=Data payload_bytes=982
2026-09-26T01:19:21.249458Z DEBUG netbaiot_transports::business_rpc::v3: business RPC V3 received frame stream_id=0 frame_type=WindowUpdate payload_bytes=4
2026-09-26T01:19:21.249482Z DEBUG netbaiot_transports::business_rpc::v3: business RPC V3 received frame stream_id=0 frame_type=WindowUpdate payload_bytes=4
2026-09-26T01:19:21.249487Z DEBUG netbaiot_transports::business_rpc::v3: business RPC V3 received frame stream_id=0 frame_type=WindowUpdate payload_bytes=4
2026-09-26T01:19:21.249490Z DEBUG netbaiot_transports::business_rpc::v3: business RPC V3 received frame stream_id=0 frame_type=WindowUpdate payload_bytes=4
2026-09-26T01:19:21.249493Z DEBUG netbaiot_transports::business_rpc::v3: business RPC V3 received frame stream_id=380 frame_type=Response payload_bytes=35
2026-09-26T01:19:21.249499Z DEBUG netbaiot_transports::business_rpc::v3: business RPC V3 received frame stream_id=374 frame_type=Response payload_bytes=35
2026-09-26T01:19:21.249501Z DEBUG netbaiot_transports::business_rpc::v3: business RPC V3 received frame stream_id=380 frame_type=Data payload_bytes=216
2026-09-26T01:19:21.249520Z DEBUG netbaiot_transports::business_rpc::v3: business RPC V3 received frame stream_id=374 frame_type=Data payload_bytes=216
2026-09-26T01:19:21.249527Z DEBUG netbaiot_transports::business_rpc::v3: business RPC V3 received frame stream_id=376 frame_type=Response payload_bytes=35
2026-09-26T01:19:21.249531Z DEBUG netbaiot_transports::business_rpc::v3: business RPC V3 received frame stream_id=376 frame_type=Data payload_bytes=216
2026-09-26T01:19:21.249530Z DEBUG netbaiot_transports::business_rpc::v3: business RPC V3 selected frame stream_id=0 frame_type=WindowUpdate payload_bytes=4
2026-09-26T01:19:21.249564Z DEBUG netbaiot_transports::business_rpc::v3: business RPC V3 writer completed frame stream_id=0 frame_type=WindowUpdate payload_bytes=4
2026-09-26T01:19:21.249570Z DEBUG netbaiot_transports::business_rpc::v3: business RPC V3 selected frame stream_id=0 frame_type=WindowUpdate payload_bytes=4
2026-09-26T01:19:21.249576Z DEBUG netbaiot_transports::business_rpc::v3: business RPC V3 writer completed frame stream_id=0 frame_type=WindowUpdate payload_bytes=4
2026-09-26T01:19:21.249579Z DEBUG netbaiot_transports::business_rpc::v3: business RPC V3 selected frame stream_id=0 frame_type=WindowUpdate payload_bytes=4
2026-09-26T01:19:21.249584Z DEBUG netbaiot_transports::business_rpc::v3: business RPC V3 writer completed frame stream_id=0 frame_type=WindowUpdate payload_bytes=4
2026-09-26T01:19:21.249960Z DEBUG netbaiot_transports::business_rpc::v3: business RPC V3 body entered scheduler stream_id=384 class=Rpc body_bytes=198
2026-09-26T01:19:21.249968Z DEBUG netbaiot_transports::business_rpc::v3: business RPC V3 selected frame stream_id=384 frame_type=Open payload_bytes=158
2026-09-26T01:19:21.249976Z DEBUG netbaiot_transports::business_rpc::v3: business RPC V3 writer completed frame stream_id=384 frame_type=Open payload_bytes=158
2026-09-26T01:19:21.249979Z DEBUG netbaiot_transports::business_rpc::v3: business RPC V3 body entered scheduler stream_id=386 class=Rpc body_bytes=198
2026-09-26T01:19:21.249982Z DEBUG netbaiot_transports::business_rpc::v3: business RPC V3 selected frame stream_id=384 frame_type=Data payload_bytes=198
2026-09-26T01:19:21.249986Z DEBUG netbaiot_transports::business_rpc::v3: business RPC V3 writer completed frame stream_id=384 frame_type=Data payload_bytes=198
2026-09-26T01:19:21.249989Z DEBUG netbaiot_transports::business_rpc::v3: business RPC V3 body entered scheduler stream_id=388 class=Rpc body_bytes=198
2026-09-26T01:19:21.249992Z DEBUG netbaiot_transports::business_rpc::v3: business RPC V3 selected frame stream_id=386 frame_type=Open payload_bytes=158
2026-09-26T01:19:21.249996Z DEBUG netbaiot_transports::business_rpc::v3: business RPC V3 writer completed frame stream_id=386 frame_type=Open payload_bytes=158
2026-09-26T01:19:21.249998Z DEBUG netbaiot_transports::business_rpc::v3: business RPC V3 selected frame stream_id=388 frame_type=Open payload_bytes=158
2026-09-26T01:19:21.250001Z DEBUG netbaiot_transports::business_rpc::v3: business RPC V3 writer completed frame stream_id=388 frame_type=Open payload_bytes=158
2026-09-26T01:19:21.250003Z DEBUG netbaiot_transports::business_rpc::v3: business RPC V3 selected frame stream_id=386 frame_type=Data payload_bytes=198
2026-09-26T01:19:21.250006Z DEBUG netbaiot_transports::business_rpc::v3: business RPC V3 writer completed frame stream_id=386 frame_type=Data payload_bytes=198
2026-09-26T01:19:21.250009Z DEBUG netbaiot_transports::business_rpc::v3: business RPC V3 selected frame stream_id=388 frame_type=Data payload_bytes=198
2026-09-26T01:19:21.250014Z DEBUG netbaiot_transports::business_rpc::v3: business RPC V3 writer completed frame stream_id=388 frame_type=Data payload_bytes=198
2026-09-26T01:19:21.284129Z DEBUG netbaiot_transports::business_rpc::v3: business RPC V3 received frame stream_id=378 frame_type=Response payload_bytes=35
2026-09-26T01:19:21.284149Z DEBUG netbaiot_transports::business_rpc::v3: business RPC V3 received frame stream_id=378 frame_type=Data payload_bytes=216
2026-09-26T01:19:21.284176Z DEBUG netbaiot_transports::business_rpc::v3: business RPC V3 selected frame stream_id=0 frame_type=WindowUpdate payload_bytes=4
2026-09-26T01:19:21.284191Z DEBUG netbaiot_transports::business_rpc::v3: business RPC V3 writer completed frame stream_id=0 frame_type=WindowUpdate payload_bytes=4
2026-09-26T01:19:21.284577Z DEBUG netbaiot_transports::business_rpc::v3: business RPC V3 body entered scheduler stream_id=390 class=Rpc body_bytes=198
2026-09-26T01:19:21.284584Z DEBUG netbaiot_transports::business_rpc::v3: business RPC V3 selected frame stream_id=390 frame_type=Open payload_bytes=158
2026-09-26T01:19:21.284591Z DEBUG netbaiot_transports::business_rpc::v3: business RPC V3 writer completed frame stream_id=390 frame_type=Open payload_bytes=158
2026-09-26T01:19:21.284595Z DEBUG netbaiot_transports::business_rpc::v3: business RPC V3 selected frame stream_id=390 frame_type=Data payload_bytes=198
2026-09-26T01:19:21.284599Z DEBUG netbaiot_transports::business_rpc::v3: business RPC V3 writer completed frame stream_id=390 frame_type=Data payload_bytes=198
2026-09-26T01:19:21.751383Z DEBUG netbaiot_transports::business_rpc::v3: business RPC V3 received frame stream_id=0 frame_type=WindowUpdate payload_bytes=4
2026-09-26T01:19:21.751463Z DEBUG netbaiot_transports::business_rpc::v3: business RPC V3 received frame stream_id=382 frame_type=WindowUpdate payload_bytes=4
2026-09-26T01:19:21.852269Z DEBUG netbaiot_transports::business_rpc::v3: business RPC V3 received frame stream_id=0 frame_type=Ping payload_bytes=8
2026-09-26T01:19:21.852378Z DEBUG netbaiot_transports::business_rpc::v3: business RPC V3 selected frame stream_id=0 frame_type=Pong payload_bytes=8
2026-09-26T01:19:21.852489Z DEBUG netbaiot_transports::business_rpc::v3: business RPC V3 writer completed frame stream_id=0 frame_type=Pong payload_bytes=8
2026-09-26T01:19:21.921331Z DEBUG netbaiot_transports::business_rpc::v3: business RPC V3 received frame stream_id=0 frame_type=WindowUpdate payload_bytes=4
2026-09-26T01:19:21.921451Z DEBUG netbaiot_transports::business_rpc::v3: business RPC V3 received frame stream_id=382 frame_type=WindowUpdate payload_bytes=4
2026-09-26T01:19:21.921485Z DEBUG netbaiot_transports::business_rpc::v3: business RPC V3 received frame stream_id=0 frame_type=WindowUpdate payload_bytes=4
2026-09-26T01:19:21.921502Z DEBUG netbaiot_transports::business_rpc::v3: business RPC V3 received frame stream_id=0 frame_type=WindowUpdate payload_bytes=4
2026-09-26T01:19:21.921518Z DEBUG netbaiot_transports::business_rpc::v3: business RPC V3 received frame stream_id=0 frame_type=WindowUpdate payload_bytes=4
2026-09-26T01:19:21.921531Z DEBUG netbaiot_transports::business_rpc::v3: business RPC V3 received frame stream_id=0 frame_type=WindowUpdate payload_bytes=4
2026-09-26T01:19:21.921545Z DEBUG netbaiot_transports::business_rpc::v3: business RPC V3 received frame stream_id=0 frame_type=WindowUpdate payload_bytes=4
2026-09-26T01:19:21.921559Z DEBUG netbaiot_transports::business_rpc::v3: business RPC V3 received frame stream_id=390 frame_type=Response payload_bytes=35
2026-09-26T01:19:21.921587Z DEBUG netbaiot_transports::business_rpc::v3: business RPC V3 received frame stream_id=386 frame_type=Response payload_bytes=35
2026-09-26T01:19:21.921602Z DEBUG netbaiot_transports::business_rpc::v3: business RPC V3 received frame stream_id=384 frame_type=Response payload_bytes=35
2026-09-26T01:19:21.921631Z DEBUG netbaiot_transports::business_rpc::v3: business RPC V3 received frame stream_id=390 frame_type=Data payload_bytes=216
2026-09-26T01:19:21.921700Z DEBUG netbaiot_transports::business_rpc::v3: business RPC V3 received frame stream_id=386 frame_type=Data payload_bytes=216
2026-09-26T01:19:21.921731Z DEBUG netbaiot_transports::business_rpc::v3: business RPC V3 selected frame stream_id=0 frame_type=WindowUpdate payload_bytes=4
2026-09-26T01:19:21.921736Z DEBUG netbaiot_transports::business_rpc::v3: business RPC V3 received frame stream_id=384 frame_type=Data payload_bytes=216
2026-09-26T01:19:21.921812Z DEBUG netbaiot_transports::business_rpc::v3: business RPC V3 writer completed frame stream_id=0 frame_type=WindowUpdate payload_bytes=4
2026-09-26T01:19:21.921831Z DEBUG netbaiot_transports::business_rpc::v3: business RPC V3 received frame stream_id=388 frame_type=Response payload_bytes=35
2026-09-26T01:19:21.921860Z DEBUG netbaiot_transports::business_rpc::v3: business RPC V3 received frame stream_id=382 frame_type=Response payload_bytes=35
2026-09-26T01:19:21.921878Z DEBUG netbaiot_transports::business_rpc::v3: business RPC V3 received frame stream_id=388 frame_type=Data payload_bytes=216
2026-09-26T01:19:21.921838Z DEBUG netbaiot_transports::business_rpc::v3: business RPC V3 selected frame stream_id=0 frame_type=WindowUpdate payload_bytes=4
2026-09-26T01:19:21.921958Z DEBUG netbaiot_transports::business_rpc::v3: business RPC V3 writer completed frame stream_id=0 frame_type=WindowUpdate payload_bytes=4
2026-09-26T01:19:21.921987Z DEBUG netbaiot_transports::business_rpc::v3: business RPC V3 selected frame stream_id=0 frame_type=WindowUpdate payload_bytes=4
2026-09-26T01:19:21.921911Z DEBUG netbaiot_transports::business_rpc::v3: business RPC V3 received frame stream_id=382 frame_type=Data payload_bytes=118
2026-09-26T01:19:21.922073Z DEBUG netbaiot_transports::business_rpc::v3: business RPC V3 Event delivery acknowledged stream_id=382 completion_us=754222
2026-09-26T01:19:21.922044Z DEBUG netbaiot_transports::business_rpc::v3: business RPC V3 writer completed frame stream_id=0 frame_type=WindowUpdate payload_bytes=4
2026-09-26T01:19:21.922173Z DEBUG netbaiot_transports::business_rpc::v3: business RPC V3 selected frame stream_id=0 frame_type=WindowUpdate payload_bytes=4
2026-09-26T01:19:21.922210Z DEBUG netbaiot_transports::business_rpc::v3: business RPC V3 writer completed frame stream_id=0 frame_type=WindowUpdate payload_bytes=4
2026-09-26T01:19:21.922230Z DEBUG netbaiot_transports::business_rpc::v3: business RPC V3 selected frame stream_id=0 frame_type=WindowUpdate payload_bytes=4
2026-09-26T01:19:21.922252Z DEBUG netbaiot_transports::business_rpc::v3: business RPC V3 writer completed frame stream_id=0 frame_type=WindowUpdate payload_bytes=4
2026-09-26T01:19:21.923117Z DEBUG netbaiot_transports::business_rpc::v3: business RPC V3 body entered scheduler stream_id=392 class=Rpc body_bytes=198
2026-09-26T01:19:21.923174Z DEBUG netbaiot_transports::business_rpc::v3: business RPC V3 body entered scheduler stream_id=394 class=Rpc body_bytes=198
2026-09-26T01:19:21.923196Z DEBUG netbaiot_transports::business_rpc::v3: business RPC V3 selected frame stream_id=392 frame_type=Open payload_bytes=158
2026-09-26T01:19:21.923233Z DEBUG netbaiot_transports::business_rpc::v3: business RPC V3 writer completed frame stream_id=392 frame_type=Open payload_bytes=158
2026-09-26T01:19:21.923253Z DEBUG netbaiot_transports::business_rpc::v3: business RPC V3 body entered scheduler stream_id=396 class=Rpc body_bytes=198
2026-09-26T01:19:21.923266Z DEBUG netbaiot_transports::business_rpc::v3: business RPC V3 selected frame stream_id=394 frame_type=Open payload_bytes=158
2026-09-26T01:19:21.923282Z DEBUG netbaiot_transports::business_rpc::v3: business RPC V3 writer completed frame stream_id=394 frame_type=Open payload_bytes=158
2026-09-26T01:19:21.923291Z DEBUG netbaiot_transports::business_rpc::v3: business RPC V3 selected frame stream_id=396 frame_type=Open payload_bytes=158
2026-09-26T01:19:21.923306Z DEBUG netbaiot_transports::business_rpc::v3: business RPC V3 writer completed frame stream_id=396 frame_type=Open payload_bytes=158
2026-09-26T01:19:21.923338Z DEBUG netbaiot_transports::business_rpc::v3: business RPC V3 body entered scheduler stream_id=398 class=Rpc body_bytes=198
2026-09-26T01:19:21.923347Z DEBUG netbaiot_transports::business_rpc::v3: business RPC V3 selected frame stream_id=392 frame_type=Data payload_bytes=198
2026-09-26T01:19:21.923363Z DEBUG netbaiot_transports::business_rpc::v3: business RPC V3 writer completed frame stream_id=392 frame_type=Data payload_bytes=198
2026-09-26T01:19:21.923372Z DEBUG netbaiot_transports::business_rpc::v3: business RPC V3 selected frame stream_id=398 frame_type=Open payload_bytes=158
2026-09-26T01:19:21.923382Z DEBUG netbaiot_transports::business_rpc::v3: business RPC V3 writer completed frame stream_id=398 frame_type=Open payload_bytes=158
2026-09-26T01:19:21.923390Z DEBUG netbaiot_transports::business_rpc::v3: business RPC V3 selected frame stream_id=394 frame_type=Data payload_bytes=198
2026-09-26T01:19:21.923403Z DEBUG netbaiot_transports::business_rpc::v3: business RPC V3 writer completed frame stream_id=394 frame_type=Data payload_bytes=198
2026-09-26T01:19:21.923410Z DEBUG netbaiot_transports::business_rpc::v3: business RPC V3 selected frame stream_id=396 frame_type=Data payload_bytes=198
2026-09-26T01:19:21.923425Z DEBUG netbaiot_transports::business_rpc::v3: business RPC V3 writer completed frame stream_id=396 frame_type=Data payload_bytes=198
2026-09-26T01:19:21.923433Z DEBUG netbaiot_transports::business_rpc::v3: business RPC V3 selected frame stream_id=398 frame_type=Data payload_bytes=198
2026-09-26T01:19:21.923443Z DEBUG netbaiot_transports::business_rpc::v3: business RPC V3 writer completed frame stream_id=398 frame_type=Data payload_bytes=198
2026-09-26T01:19:22.113732Z DEBUG netbaiot_transports::business_rpc::v3: business RPC V3 received frame stream_id=0 frame_type=WindowUpdate payload_bytes=4
2026-09-26T01:19:22.113773Z DEBUG netbaiot_transports::business_rpc::v3: business RPC V3 received frame stream_id=0 frame_type=WindowUpdate payload_bytes=4
2026-09-26T01:19:22.113780Z DEBUG netbaiot_transports::business_rpc::v3: business RPC V3 received frame stream_id=0 frame_type=WindowUpdate payload_bytes=4
2026-09-26T01:19:22.113785Z DEBUG netbaiot_transports::business_rpc::v3: business RPC V3 received frame stream_id=0 frame_type=WindowUpdate payload_bytes=4
2026-09-26T01:19:22.113790Z DEBUG netbaiot_transports::business_rpc::v3: business RPC V3 received frame stream_id=398 frame_type=Response payload_bytes=35
2026-09-26T01:19:22.113800Z DEBUG netbaiot_transports::business_rpc::v3: business RPC V3 received frame stream_id=392 frame_type=Response payload_bytes=35
2026-09-26T01:19:22.113805Z DEBUG netbaiot_transports::business_rpc::v3: business RPC V3 received frame stream_id=394 frame_type=Response payload_bytes=35
2026-09-26T01:19:22.113810Z DEBUG netbaiot_transports::business_rpc::v3: business RPC V3 received frame stream_id=398 frame_type=Data payload_bytes=216
2026-09-26T01:19:22.113839Z DEBUG netbaiot_transports::business_rpc::v3: business RPC V3 received frame stream_id=392 frame_type=Data payload_bytes=216
2026-09-26T01:19:22.113852Z DEBUG netbaiot_transports::business_rpc::v3: business RPC V3 received frame stream_id=394 frame_type=Data payload_bytes=216
2026-09-26T01:19:22.113855Z DEBUG netbaiot_transports::business_rpc::v3: business RPC V3 selected frame stream_id=0 frame_type=WindowUpdate payload_bytes=4
2026-09-26T01:19:22.113860Z DEBUG netbaiot_transports::business_rpc::v3: business RPC V3 received frame stream_id=396 frame_type=Response payload_bytes=35
2026-09-26T01:19:22.113885Z DEBUG netbaiot_transports::business_rpc::v3: business RPC V3 writer completed frame stream_id=0 frame_type=WindowUpdate payload_bytes=4
2026-09-26T01:19:22.113980Z DEBUG netbaiot_transports::business_rpc::v3: business RPC V3 selected frame stream_id=0 frame_type=WindowUpdate payload_bytes=4
2026-09-26T01:19:22.113999Z DEBUG netbaiot_transports::business_rpc::v3: business RPC V3 writer completed frame stream_id=0 frame_type=WindowUpdate payload_bytes=4
2026-09-26T01:19:22.114007Z DEBUG netbaiot_transports::business_rpc::v3: business RPC V3 selected frame stream_id=0 frame_type=WindowUpdate payload_bytes=4
2026-09-26T01:19:22.113949Z DEBUG netbaiot_transports::business_rpc::v3: business RPC V3 received frame stream_id=396 frame_type=Data payload_bytes=216
2026-09-26T01:19:22.114013Z DEBUG netbaiot_transports::business_rpc::v3: business RPC V3 writer completed frame stream_id=0 frame_type=WindowUpdate payload_bytes=4
2026-09-26T01:19:22.114067Z DEBUG netbaiot_transports::business_rpc::v3: business RPC V3 selected frame stream_id=0 frame_type=WindowUpdate payload_bytes=4
2026-09-26T01:19:22.114098Z DEBUG netbaiot_transports::business_rpc::v3: business RPC V3 writer completed frame stream_id=0 frame_type=WindowUpdate payload_bytes=4
2026-09-26T01:19:22.114550Z DEBUG netbaiot_transports::business_rpc::v3: business RPC V3 body entered scheduler stream_id=400 class=Rpc body_bytes=198
2026-09-26T01:19:22.114569Z DEBUG netbaiot_transports::business_rpc::v3: business RPC V3 selected frame stream_id=400 frame_type=Open payload_bytes=158
2026-09-26T01:19:22.114583Z DEBUG netbaiot_transports::business_rpc::v3: business RPC V3 writer completed frame stream_id=400 frame_type=Open payload_bytes=158
2026-09-26T01:19:22.114590Z DEBUG netbaiot_transports::business_rpc::v3: business RPC V3 body entered scheduler stream_id=402 class=Rpc body_bytes=198
2026-09-26T01:19:22.114595Z DEBUG netbaiot_transports::business_rpc::v3: business RPC V3 selected frame stream_id=402 frame_type=Open payload_bytes=158
2026-09-26T01:19:22.114601Z DEBUG netbaiot_transports::business_rpc::v3: business RPC V3 writer completed frame stream_id=402 frame_type=Open payload_bytes=158
2026-09-26T01:19:22.114605Z DEBUG netbaiot_transports::business_rpc::v3: business RPC V3 body entered scheduler stream_id=404 class=Rpc body_bytes=198
2026-09-26T01:19:22.114609Z DEBUG netbaiot_transports::business_rpc::v3: business RPC V3 selected frame stream_id=404 frame_type=Open payload_bytes=158
2026-09-26T01:19:22.114615Z DEBUG netbaiot_transports::business_rpc::v3: business RPC V3 writer completed frame stream_id=404 frame_type=Open payload_bytes=158
2026-09-26T01:19:22.114620Z DEBUG netbaiot_transports::business_rpc::v3: business RPC V3 selected frame stream_id=400 frame_type=Data payload_bytes=198
2026-09-26T01:19:22.114626Z DEBUG netbaiot_transports::business_rpc::v3: business RPC V3 writer completed frame stream_id=400 frame_type=Data payload_bytes=198
2026-09-26T01:19:22.114630Z DEBUG netbaiot_transports::business_rpc::v3: business RPC V3 body entered scheduler stream_id=406 class=Rpc body_bytes=198
2026-09-26T01:19:22.114634Z DEBUG netbaiot_transports::business_rpc::v3: business RPC V3 selected frame stream_id=406 frame_type=Open payload_bytes=158
2026-09-26T01:19:22.114643Z DEBUG netbaiot_transports::business_rpc::v3: business RPC V3 writer completed frame stream_id=406 frame_type=Open payload_bytes=158
2026-09-26T01:19:22.114647Z DEBUG netbaiot_transports::business_rpc::v3: business RPC V3 selected frame stream_id=402 frame_type=Data payload_bytes=198
2026-09-26T01:19:22.114653Z DEBUG netbaiot_transports::business_rpc::v3: business RPC V3 writer completed frame stream_id=402 frame_type=Data payload_bytes=198
2026-09-26T01:19:22.114656Z DEBUG netbaiot_transports::business_rpc::v3: business RPC V3 selected frame stream_id=404 frame_type=Data payload_bytes=198
2026-09-26T01:19:22.114661Z DEBUG netbaiot_transports::business_rpc::v3: business RPC V3 writer completed frame stream_id=404 frame_type=Data payload_bytes=198
2026-09-26T01:19:22.114664Z DEBUG netbaiot_transports::business_rpc::v3: business RPC V3 selected frame stream_id=406 frame_type=Data payload_bytes=198
2026-09-26T01:19:22.114669Z DEBUG netbaiot_transports::business_rpc::v3: business RPC V3 writer completed frame stream_id=406 frame_type=Data payload_bytes=198
2026-09-26T01:19:22.166378Z DEBUG netbaiot_transports::business_rpc::v3: business RPC V3 body entered scheduler stream_id=408 class=Event body_bytes=17366
2026-09-26T01:19:22.166403Z DEBUG netbaiot_transports::business_rpc::v3: business RPC V3 selected frame stream_id=408 frame_type=Open payload_bytes=184
2026-09-26T01:19:22.166415Z DEBUG netbaiot_transports::business_rpc::v3: business RPC V3 writer completed frame stream_id=408 frame_type=Open payload_bytes=184
2026-09-26T01:19:22.166421Z DEBUG netbaiot_transports::business_rpc::v3: business RPC V3 selected frame stream_id=408 frame_type=Data payload_bytes=8192
2026-09-26T01:19:22.166428Z DEBUG netbaiot_transports::business_rpc::v3: business RPC V3 writer completed frame stream_id=408 frame_type=Data payload_bytes=8192
2026-09-26T01:19:22.166432Z DEBUG netbaiot_transports::business_rpc::v3: business RPC V3 selected frame stream_id=408 frame_type=Data payload_bytes=8192
2026-09-26T01:19:22.166442Z DEBUG netbaiot_transports::business_rpc::v3: business RPC V3 writer completed frame stream_id=408 frame_type=Data payload_bytes=8192
2026-09-26T01:19:22.166446Z DEBUG netbaiot_transports::business_rpc::v3: business RPC V3 selected frame stream_id=408 frame_type=Data payload_bytes=982
2026-09-26T01:19:22.166452Z DEBUG netbaiot_transports::business_rpc::v3: business RPC V3 writer completed frame stream_id=408 frame_type=Data payload_bytes=982
2026-09-26T01:19:22.303686Z DEBUG netbaiot_transports::business_rpc::v3: business RPC V3 received frame stream_id=0 frame_type=WindowUpdate payload_bytes=4
2026-09-26T01:19:22.303710Z DEBUG netbaiot_transports::business_rpc::v3: business RPC V3 received frame stream_id=0 frame_type=WindowUpdate payload_bytes=4
2026-09-26T01:19:22.303714Z DEBUG netbaiot_transports::business_rpc::v3: business RPC V3 received frame stream_id=0 frame_type=WindowUpdate payload_bytes=4
2026-09-26T01:19:22.303718Z DEBUG netbaiot_transports::business_rpc::v3: business RPC V3 received frame stream_id=0 frame_type=WindowUpdate payload_bytes=4
2026-09-26T01:19:22.303720Z DEBUG netbaiot_transports::business_rpc::v3: business RPC V3 received frame stream_id=406 frame_type=Response payload_bytes=35
2026-09-26T01:19:22.303726Z DEBUG netbaiot_transports::business_rpc::v3: business RPC V3 received frame stream_id=400 frame_type=Response payload_bytes=35
2026-09-26T01:19:22.303729Z DEBUG netbaiot_transports::business_rpc::v3: business RPC V3 received frame stream_id=402 frame_type=Response payload_bytes=35
2026-09-26T01:19:22.303732Z DEBUG netbaiot_transports::business_rpc::v3: business RPC V3 received frame stream_id=404 frame_type=Response payload_bytes=35
2026-09-26T01:19:22.303734Z DEBUG netbaiot_transports::business_rpc::v3: business RPC V3 received frame stream_id=406 frame_type=Data payload_bytes=216
2026-09-26T01:19:22.303752Z DEBUG netbaiot_transports::business_rpc::v3: business RPC V3 received frame stream_id=400 frame_type=Data payload_bytes=216
2026-09-26T01:19:22.303759Z DEBUG netbaiot_transports::business_rpc::v3: business RPC V3 received frame stream_id=402 frame_type=Data payload_bytes=216
2026-09-26T01:19:22.303762Z DEBUG netbaiot_transports::business_rpc::v3: business RPC V3 selected frame stream_id=0 frame_type=WindowUpdate payload_bytes=4
2026-09-26T01:19:22.303765Z DEBUG netbaiot_transports::business_rpc::v3: business RPC V3 received frame stream_id=404 frame_type=Data payload_bytes=216
2026-09-26T01:19:22.303784Z DEBUG netbaiot_transports::business_rpc::v3: business RPC V3 writer completed frame stream_id=0 frame_type=WindowUpdate payload_bytes=4
2026-09-26T01:19:22.303789Z DEBUG netbaiot_transports::business_rpc::v3: business RPC V3 selected frame stream_id=0 frame_type=WindowUpdate payload_bytes=4
2026-09-26T01:19:22.303794Z DEBUG netbaiot_transports::business_rpc::v3: business RPC V3 writer completed frame stream_id=0 frame_type=WindowUpdate payload_bytes=4
2026-09-26T01:19:22.303797Z DEBUG netbaiot_transports::business_rpc::v3: business RPC V3 selected frame stream_id=0 frame_type=WindowUpdate payload_bytes=4
2026-09-26T01:19:22.303801Z DEBUG netbaiot_transports::business_rpc::v3: business RPC V3 writer completed frame stream_id=0 frame_type=WindowUpdate payload_bytes=4
2026-09-26T01:19:22.303803Z DEBUG netbaiot_transports::business_rpc::v3: business RPC V3 selected frame stream_id=0 frame_type=WindowUpdate payload_bytes=4
2026-09-26T01:19:22.303808Z DEBUG netbaiot_transports::business_rpc::v3: business RPC V3 writer completed frame stream_id=0 frame_type=WindowUpdate payload_bytes=4
2026-09-26T01:19:22.332331Z DEBUG netbaiot_transports::business_rpc::v3: business RPC V3 received frame stream_id=0 frame_type=GoAway payload_bytes=53
