2026-09-26T01:20:35.082223Z  INFO netbaiot_server: runtime ready device_ingress=127.0.0.1:57151 management_http=127.0.0.1:57152 business_tcp=Some(127.0.0.1:57153)
2026-09-26T01:20:35.500426Z  INFO netbaiot_transports::business_rpc: business RPC socket send buffer send_buffer_bytes=146988
2026-09-26T01:20:35.602282Z DEBUG netbaiot_transports::business_rpc::v3: business RPC V3 received frame stream_id=1 frame_type=Open payload_bytes=43
2026-09-26T01:20:35.602509Z DEBUG netbaiot_transports::business_rpc::v3: business RPC V3 received frame stream_id=3 frame_type=Open payload_bytes=157
2026-09-26T01:20:35.602603Z DEBUG netbaiot_transports::business_rpc::v3: business RPC V3 selected frame stream_id=1 frame_type=Accept payload_bytes=41
2026-09-26T01:20:35.602668Z DEBUG netbaiot_transports::business_rpc::v3: business RPC V3 writer completed frame stream_id=1 frame_type=Accept payload_bytes=41
2026-09-26T01:20:35.602690Z DEBUG netbaiot_transports::business_rpc::v3: business RPC V3 selected frame stream_id=3 frame_type=Accept payload_bytes=45
2026-09-26T01:20:35.602720Z DEBUG netbaiot_transports::business_rpc::v3: business RPC V3 writer completed frame stream_id=3 frame_type=Accept payload_bytes=45
2026-09-26T01:20:35.668590Z DEBUG netbaiot_transports::business_rpc::v3: business RPC V3 received frame stream_id=5 frame_type=Open payload_bytes=147
2026-09-26T01:20:35.668745Z DEBUG netbaiot_transports::business_rpc::v3: business RPC V3 received frame stream_id=5 frame_type=Data payload_bytes=95
2026-09-26T01:20:35.668846Z DEBUG netbaiot_transports::business_rpc::v3: business RPC V3 selected frame stream_id=0 frame_type=WindowUpdate payload_bytes=4
2026-09-26T01:20:35.668934Z DEBUG netbaiot_transports::business_rpc::v3: business RPC V3 writer completed frame stream_id=0 frame_type=WindowUpdate payload_bytes=4
2026-09-26T01:20:35.668962Z DEBUG netbaiot_transports::business_rpc::v3: business RPC V3 body entered scheduler stream_id=5 class=Rpc body_bytes=22
2026-09-26T01:20:35.668994Z DEBUG netbaiot_transports::business_rpc::v3: business RPC V3 selected frame stream_id=5 frame_type=Response payload_bytes=34
2026-09-26T01:20:35.669026Z DEBUG netbaiot_transports::business_rpc::v3: business RPC V3 writer completed frame stream_id=5 frame_type=Response payload_bytes=34
2026-09-26T01:20:35.669044Z DEBUG netbaiot_transports::business_rpc::v3: business RPC V3 selected frame stream_id=5 frame_type=Data payload_bytes=22
2026-09-26T01:20:35.669070Z DEBUG netbaiot_transports::business_rpc::v3: business RPC V3 writer completed frame stream_id=5 frame_type=Data payload_bytes=22
2026-09-26T01:20:35.669127Z DEBUG netbaiot_transports::business_rpc::v3: business RPC V3 selected frame stream_id=0 frame_type=Ping payload_bytes=8
2026-09-26T01:20:35.669157Z DEBUG netbaiot_transports::business_rpc::v3: business RPC V3 writer completed frame stream_id=0 frame_type=Ping payload_bytes=8
2026-09-26T01:20:35.754300Z DEBUG netbaiot_transports::business_rpc::v3: business RPC V3 received frame stream_id=0 frame_type=Pong payload_bytes=8
2026-09-26T01:20:35.754392Z DEBUG netbaiot_transports::business_rpc::v3: business RPC V3 received frame stream_id=0 frame_type=WindowUpdate payload_bytes=4
2026-09-26T01:20:35.852818Z DEBUG netbaiot_transports::business_rpc::v3: business RPC V3 body entered scheduler stream_id=2 class=Rpc body_bytes=200
2026-09-26T01:20:35.852930Z DEBUG netbaiot_transports::business_rpc::v3: business RPC V3 selected frame stream_id=2 frame_type=Open payload_bytes=158
2026-09-26T01:20:35.852970Z DEBUG netbaiot_transports::business_rpc::v3: business RPC V3 writer completed frame stream_id=2 frame_type=Open payload_bytes=158
2026-09-26T01:20:35.852987Z DEBUG netbaiot_transports::business_rpc::v3: business RPC V3 selected frame stream_id=2 frame_type=Data payload_bytes=200
2026-09-26T01:20:35.853006Z DEBUG netbaiot_transports::business_rpc::v3: business RPC V3 writer completed frame stream_id=2 frame_type=Data payload_bytes=200
2026-09-26T01:20:35.946414Z DEBUG netbaiot_transports::business_rpc::v3: business RPC V3 received frame stream_id=0 frame_type=WindowUpdate payload_bytes=4
2026-09-26T01:20:35.981414Z DEBUG netbaiot_transports::business_rpc::v3: business RPC V3 received frame stream_id=2 frame_type=Response payload_bytes=35
2026-09-26T01:20:35.981526Z DEBUG netbaiot_transports::business_rpc::v3: business RPC V3 received frame stream_id=2 frame_type=Data payload_bytes=218
2026-09-26T01:20:35.981656Z DEBUG netbaiot_transports::business_rpc::v3: business RPC V3 selected frame stream_id=0 frame_type=WindowUpdate payload_bytes=4
2026-09-26T01:20:35.981727Z DEBUG netbaiot_transports::business_rpc::v3: business RPC V3 writer completed frame stream_id=0 frame_type=WindowUpdate payload_bytes=4
2026-09-26T01:20:35.982794Z DEBUG netbaiot_transports::business_rpc::v3: business RPC V3 body entered scheduler stream_id=4 class=Rpc body_bytes=196
2026-09-26T01:20:35.982870Z DEBUG netbaiot_transports::business_rpc::v3: business RPC V3 selected frame stream_id=4 frame_type=Open payload_bytes=158
2026-09-26T01:20:35.982918Z DEBUG netbaiot_transports::business_rpc::v3: business RPC V3 writer completed frame stream_id=4 frame_type=Open payload_bytes=158
2026-09-26T01:20:35.982942Z DEBUG netbaiot_transports::business_rpc::v3: business RPC V3 selected frame stream_id=4 frame_type=Data payload_bytes=196
2026-09-26T01:20:35.983002Z DEBUG netbaiot_transports::business_rpc::v3: business RPC V3 writer completed frame stream_id=4 frame_type=Data payload_bytes=196
2026-09-26T01:20:35.983111Z DEBUG netbaiot_transports::business_rpc::v3: business RPC V3 body entered scheduler stream_id=6 class=Rpc body_bytes=196
2026-09-26T01:20:35.983139Z DEBUG netbaiot_transports::business_rpc::v3: business RPC V3 selected frame stream_id=6 frame_type=Open payload_bytes=158
2026-09-26T01:20:35.983178Z DEBUG netbaiot_transports::business_rpc::v3: business RPC V3 writer completed frame stream_id=6 frame_type=Open payload_bytes=158
2026-09-26T01:20:35.983194Z DEBUG netbaiot_transports::business_rpc::v3: business RPC V3 selected frame stream_id=6 frame_type=Data payload_bytes=196
2026-09-26T01:20:35.983207Z DEBUG netbaiot_transports::business_rpc::v3: business RPC V3 writer completed frame stream_id=6 frame_type=Data payload_bytes=196
2026-09-26T01:20:35.983217Z DEBUG netbaiot_transports::business_rpc::v3: business RPC V3 body entered scheduler stream_id=8 class=Rpc body_bytes=196
2026-09-26T01:20:35.983226Z DEBUG netbaiot_transports::business_rpc::v3: business RPC V3 selected frame stream_id=8 frame_type=Open payload_bytes=158
2026-09-26T01:20:35.983238Z DEBUG netbaiot_transports::business_rpc::v3: business RPC V3 writer completed frame stream_id=8 frame_type=Open payload_bytes=158
2026-09-26T01:20:35.983246Z DEBUG netbaiot_transports::business_rpc::v3: business RPC V3 selected frame stream_id=8 frame_type=Data payload_bytes=196
2026-09-26T01:20:35.983257Z DEBUG netbaiot_transports::business_rpc::v3: business RPC V3 writer completed frame stream_id=8 frame_type=Data payload_bytes=196
2026-09-26T01:20:35.983755Z DEBUG netbaiot_transports::business_rpc::v3: business RPC V3 body entered scheduler stream_id=10 class=Event body_bytes=17365
2026-09-26T01:20:35.983843Z DEBUG netbaiot_transports::business_rpc::v3: business RPC V3 selected frame stream_id=10 frame_type=Open payload_bytes=184
2026-09-26T01:20:35.983900Z DEBUG netbaiot_transports::business_rpc::v3: business RPC V3 writer completed frame stream_id=10 frame_type=Open payload_bytes=184
2026-09-26T01:20:35.983928Z DEBUG netbaiot_transports::business_rpc::v3: business RPC V3 selected frame stream_id=10 frame_type=Data payload_bytes=8192
2026-09-26T01:20:35.983961Z DEBUG netbaiot_transports::business_rpc::v3: business RPC V3 writer completed frame stream_id=10 frame_type=Data payload_bytes=8192
2026-09-26T01:20:35.984788Z DEBUG netbaiot_transports::business_rpc::v3: business RPC V3 body entered scheduler stream_id=12 class=Rpc body_bytes=196
2026-09-26T01:20:35.984850Z DEBUG netbaiot_transports::business_rpc::v3: business RPC V3 selected frame stream_id=12 frame_type=Open payload_bytes=158
2026-09-26T01:20:35.984894Z DEBUG netbaiot_transports::business_rpc::v3: business RPC V3 writer completed frame stream_id=12 frame_type=Open payload_bytes=158
2026-09-26T01:20:35.984949Z DEBUG netbaiot_transports::business_rpc::v3: business RPC V3 selected frame stream_id=12 frame_type=Data payload_bytes=196
2026-09-26T01:20:35.984976Z DEBUG netbaiot_transports::business_rpc::v3: business RPC V3 writer completed frame stream_id=12 frame_type=Data payload_bytes=196
2026-09-26T01:20:36.401112Z DEBUG netbaiot_transports::business_rpc::v3: business RPC V3 received frame stream_id=0 frame_type=WindowUpdate payload_bytes=4
2026-09-26T01:20:36.401135Z DEBUG netbaiot_transports::business_rpc::v3: business RPC V3 received frame stream_id=0 frame_type=WindowUpdate payload_bytes=4
2026-09-26T01:20:36.401138Z DEBUG netbaiot_transports::business_rpc::v3: business RPC V3 received frame stream_id=0 frame_type=WindowUpdate payload_bytes=4
2026-09-26T01:20:36.401141Z DEBUG netbaiot_transports::business_rpc::v3: business RPC V3 received frame stream_id=0 frame_type=WindowUpdate payload_bytes=4
2026-09-26T01:20:36.401143Z DEBUG netbaiot_transports::business_rpc::v3: business RPC V3 received frame stream_id=10 frame_type=WindowUpdate payload_bytes=4
2026-09-26T01:20:36.401145Z DEBUG netbaiot_transports::business_rpc::v3: business RPC V3 received frame stream_id=0 frame_type=WindowUpdate payload_bytes=4
2026-09-26T01:20:36.401148Z DEBUG netbaiot_transports::business_rpc::v3: business RPC V3 received frame stream_id=12 frame_type=Response payload_bytes=35
2026-09-26T01:20:36.401153Z DEBUG netbaiot_transports::business_rpc::v3: business RPC V3 received frame stream_id=4 frame_type=Response payload_bytes=35
2026-09-26T01:20:36.401155Z DEBUG netbaiot_transports::business_rpc::v3: business RPC V3 received frame stream_id=6 frame_type=Response payload_bytes=35
2026-09-26T01:20:36.401157Z DEBUG netbaiot_transports::business_rpc::v3: business RPC V3 received frame stream_id=12 frame_type=Data payload_bytes=214
2026-09-26T01:20:36.401173Z DEBUG netbaiot_transports::business_rpc::v3: business RPC V3 received frame stream_id=8 frame_type=Response payload_bytes=35
2026-09-26T01:20:36.401177Z DEBUG netbaiot_transports::business_rpc::v3: business RPC V3 received frame stream_id=4 frame_type=Data payload_bytes=214
2026-09-26T01:20:36.401184Z DEBUG netbaiot_transports::business_rpc::v3: business RPC V3 received frame stream_id=6 frame_type=Data payload_bytes=214
2026-09-26T01:20:36.401184Z DEBUG netbaiot_transports::business_rpc::v3: business RPC V3 selected frame stream_id=0 frame_type=WindowUpdate payload_bytes=4
2026-09-26T01:20:36.401190Z DEBUG netbaiot_transports::business_rpc::v3: business RPC V3 received frame stream_id=8 frame_type=Data payload_bytes=214
2026-09-26T01:20:36.401207Z DEBUG netbaiot_transports::business_rpc::v3: business RPC V3 writer completed frame stream_id=0 frame_type=WindowUpdate payload_bytes=4
2026-09-26T01:20:36.401213Z DEBUG netbaiot_transports::business_rpc::v3: business RPC V3 selected frame stream_id=0 frame_type=WindowUpdate payload_bytes=4
2026-09-26T01:20:36.401217Z DEBUG netbaiot_transports::business_rpc::v3: business RPC V3 writer completed frame stream_id=0 frame_type=WindowUpdate payload_bytes=4
2026-09-26T01:20:36.401220Z DEBUG netbaiot_transports::business_rpc::v3: business RPC V3 selected frame stream_id=0 frame_type=WindowUpdate payload_bytes=4
2026-09-26T01:20:36.401223Z DEBUG netbaiot_transports::business_rpc::v3: business RPC V3 writer completed frame stream_id=0 frame_type=WindowUpdate payload_bytes=4
2026-09-26T01:20:36.401226Z DEBUG netbaiot_transports::business_rpc::v3: business RPC V3 selected frame stream_id=0 frame_type=WindowUpdate payload_bytes=4
2026-09-26T01:20:36.401229Z DEBUG netbaiot_transports::business_rpc::v3: business RPC V3 writer completed frame stream_id=0 frame_type=WindowUpdate payload_bytes=4
2026-09-26T01:20:36.401231Z DEBUG netbaiot_transports::business_rpc::v3: business RPC V3 selected frame stream_id=10 frame_type=Data payload_bytes=8192
2026-09-26T01:20:36.401235Z DEBUG netbaiot_transports::business_rpc::v3: business RPC V3 writer completed frame stream_id=10 frame_type=Data payload_bytes=8192
2026-09-26T01:20:36.401606Z DEBUG netbaiot_transports::business_rpc::v3: business RPC V3 body entered scheduler stream_id=14 class=Rpc body_bytes=196
2026-09-26T01:20:36.401613Z DEBUG netbaiot_transports::business_rpc::v3: business RPC V3 body entered scheduler stream_id=16 class=Rpc body_bytes=196
2026-09-26T01:20:36.401615Z DEBUG netbaiot_transports::business_rpc::v3: business RPC V3 selected frame stream_id=14 frame_type=Open payload_bytes=158
2026-09-26T01:20:36.401622Z DEBUG netbaiot_transports::business_rpc::v3: business RPC V3 writer completed frame stream_id=14 frame_type=Open payload_bytes=158
2026-09-26T01:20:36.401624Z DEBUG netbaiot_transports::business_rpc::v3: business RPC V3 body entered scheduler stream_id=18 class=Rpc body_bytes=196
2026-09-26T01:20:36.401628Z DEBUG netbaiot_transports::business_rpc::v3: business RPC V3 selected frame stream_id=16 frame_type=Open payload_bytes=158
2026-09-26T01:20:36.401631Z DEBUG netbaiot_transports::business_rpc::v3: business RPC V3 writer completed frame stream_id=16 frame_type=Open payload_bytes=158
2026-09-26T01:20:36.401633Z DEBUG netbaiot_transports::business_rpc::v3: business RPC V3 selected frame stream_id=18 frame_type=Open payload_bytes=158
2026-09-26T01:20:36.401639Z DEBUG netbaiot_transports::business_rpc::v3: business RPC V3 writer completed frame stream_id=18 frame_type=Open payload_bytes=158
2026-09-26T01:20:36.401641Z DEBUG netbaiot_transports::business_rpc::v3: business RPC V3 selected frame stream_id=14 frame_type=Data payload_bytes=196
2026-09-26T01:20:36.401646Z DEBUG netbaiot_transports::business_rpc::v3: business RPC V3 writer completed frame stream_id=14 frame_type=Data payload_bytes=196
2026-09-26T01:20:36.401648Z DEBUG netbaiot_transports::business_rpc::v3: business RPC V3 body entered scheduler stream_id=20 class=Rpc body_bytes=196
2026-09-26T01:20:36.401650Z DEBUG netbaiot_transports::business_rpc::v3: business RPC V3 selected frame stream_id=20 frame_type=Open payload_bytes=158
2026-09-26T01:20:36.401653Z DEBUG netbaiot_transports::business_rpc::v3: business RPC V3 writer completed frame stream_id=20 frame_type=Open payload_bytes=158
2026-09-26T01:20:36.401655Z DEBUG netbaiot_transports::business_rpc::v3: business RPC V3 selected frame stream_id=16 frame_type=Data payload_bytes=196
2026-09-26T01:20:36.401661Z DEBUG netbaiot_transports::business_rpc::v3: business RPC V3 writer completed frame stream_id=16 frame_type=Data payload_bytes=196
2026-09-26T01:20:36.401664Z DEBUG netbaiot_transports::business_rpc::v3: business RPC V3 selected frame stream_id=18 frame_type=Data payload_bytes=196
2026-09-26T01:20:36.401672Z DEBUG netbaiot_transports::business_rpc::v3: business RPC V3 writer completed frame stream_id=18 frame_type=Data payload_bytes=196
2026-09-26T01:20:36.401674Z DEBUG netbaiot_transports::business_rpc::v3: business RPC V3 selected frame stream_id=20 frame_type=Data payload_bytes=196
2026-09-26T01:20:36.401679Z DEBUG netbaiot_transports::business_rpc::v3: business RPC V3 writer completed frame stream_id=20 frame_type=Data payload_bytes=196
2026-09-26T01:20:36.815965Z DEBUG netbaiot_transports::business_rpc::v3: business RPC V3 received frame stream_id=0 frame_type=WindowUpdate payload_bytes=4
2026-09-26T01:20:36.816077Z DEBUG netbaiot_transports::business_rpc::v3: business RPC V3 received frame stream_id=10 frame_type=WindowUpdate payload_bytes=4
2026-09-26T01:20:36.816100Z DEBUG netbaiot_transports::business_rpc::v3: business RPC V3 received frame stream_id=0 frame_type=WindowUpdate payload_bytes=4
2026-09-26T01:20:36.816110Z DEBUG netbaiot_transports::business_rpc::v3: business RPC V3 received frame stream_id=0 frame_type=WindowUpdate payload_bytes=4
2026-09-26T01:20:36.816119Z DEBUG netbaiot_transports::business_rpc::v3: business RPC V3 received frame stream_id=0 frame_type=WindowUpdate payload_bytes=4
2026-09-26T01:20:36.816127Z DEBUG netbaiot_transports::business_rpc::v3: business RPC V3 received frame stream_id=0 frame_type=WindowUpdate payload_bytes=4
2026-09-26T01:20:36.816134Z DEBUG netbaiot_transports::business_rpc::v3: business RPC V3 received frame stream_id=20 frame_type=Response payload_bytes=35
2026-09-26T01:20:36.816190Z DEBUG netbaiot_transports::business_rpc::v3: business RPC V3 received frame stream_id=14 frame_type=Response payload_bytes=35
2026-09-26T01:20:36.816203Z DEBUG netbaiot_transports::business_rpc::v3: business RPC V3 received frame stream_id=18 frame_type=Response payload_bytes=35
2026-09-26T01:20:36.816211Z DEBUG netbaiot_transports::business_rpc::v3: business RPC V3 received frame stream_id=20 frame_type=Data payload_bytes=214
2026-09-26T01:20:36.816264Z DEBUG netbaiot_transports::business_rpc::v3: business RPC V3 received frame stream_id=16 frame_type=Response payload_bytes=35
2026-09-26T01:20:36.816278Z DEBUG netbaiot_transports::business_rpc::v3: business RPC V3 received frame stream_id=14 frame_type=Data payload_bytes=214
2026-09-26T01:20:36.816286Z DEBUG netbaiot_transports::business_rpc::v3: business RPC V3 selected frame stream_id=0 frame_type=WindowUpdate payload_bytes=4
2026-09-26T01:20:36.816303Z DEBUG netbaiot_transports::business_rpc::v3: business RPC V3 received frame stream_id=18 frame_type=Data payload_bytes=214
2026-09-26T01:20:36.816358Z DEBUG netbaiot_transports::business_rpc::v3: business RPC V3 writer completed frame stream_id=0 frame_type=WindowUpdate payload_bytes=4
2026-09-26T01:20:36.816377Z DEBUG netbaiot_transports::business_rpc::v3: business RPC V3 selected frame stream_id=0 frame_type=WindowUpdate payload_bytes=4
2026-09-26T01:20:36.816408Z DEBUG netbaiot_transports::business_rpc::v3: business RPC V3 writer completed frame stream_id=0 frame_type=WindowUpdate payload_bytes=4
2026-09-26T01:20:36.816420Z DEBUG netbaiot_transports::business_rpc::v3: business RPC V3 selected frame stream_id=0 frame_type=WindowUpdate payload_bytes=4
2026-09-26T01:20:36.816437Z DEBUG netbaiot_transports::business_rpc::v3: business RPC V3 writer completed frame stream_id=0 frame_type=WindowUpdate payload_bytes=4
2026-09-26T01:20:36.816449Z DEBUG netbaiot_transports::business_rpc::v3: business RPC V3 selected frame stream_id=10 frame_type=Data payload_bytes=981
2026-09-26T01:20:36.816366Z DEBUG netbaiot_transports::business_rpc::v3: business RPC V3 received frame stream_id=16 frame_type=Data payload_bytes=214
2026-09-26T01:20:36.816485Z DEBUG netbaiot_transports::business_rpc::v3: business RPC V3 writer completed frame stream_id=10 frame_type=Data payload_bytes=981
2026-09-26T01:20:36.816528Z DEBUG netbaiot_transports::business_rpc::v3: business RPC V3 selected frame stream_id=0 frame_type=WindowUpdate payload_bytes=4
2026-09-26T01:20:36.816546Z DEBUG netbaiot_transports::business_rpc::v3: business RPC V3 writer completed frame stream_id=0 frame_type=WindowUpdate payload_bytes=4
2026-09-26T01:20:36.817150Z DEBUG netbaiot_transports::business_rpc::v3: business RPC V3 body entered scheduler stream_id=22 class=Rpc body_bytes=196
2026-09-26T01:20:36.817191Z DEBUG netbaiot_transports::business_rpc::v3: business RPC V3 body entered scheduler stream_id=24 class=Rpc body_bytes=196
2026-09-26T01:20:36.817201Z DEBUG netbaiot_transports::business_rpc::v3: business RPC V3 body entered scheduler stream_id=26 class=Rpc body_bytes=197
2026-09-26T01:20:36.817209Z DEBUG netbaiot_transports::business_rpc::v3: business RPC V3 selected frame stream_id=22 frame_type=Open payload_bytes=158
2026-09-26T01:20:36.817226Z DEBUG netbaiot_transports::business_rpc::v3: business RPC V3 writer completed frame stream_id=22 frame_type=Open payload_bytes=158
2026-09-26T01:20:36.817237Z DEBUG netbaiot_transports::business_rpc::v3: business RPC V3 body entered scheduler stream_id=28 class=Rpc body_bytes=197
2026-09-26T01:20:36.817245Z DEBUG netbaiot_transports::business_rpc::v3: business RPC V3 selected frame stream_id=24 frame_type=Open payload_bytes=158
2026-09-26T01:20:36.817258Z DEBUG netbaiot_transports::business_rpc::v3: business RPC V3 writer completed frame stream_id=24 frame_type=Open payload_bytes=158
2026-09-26T01:20:36.817267Z DEBUG netbaiot_transports::business_rpc::v3: business RPC V3 selected frame stream_id=26 frame_type=Open payload_bytes=158
2026-09-26T01:20:36.817295Z DEBUG netbaiot_transports::business_rpc::v3: business RPC V3 writer completed frame stream_id=26 frame_type=Open payload_bytes=158
2026-09-26T01:20:36.817305Z DEBUG netbaiot_transports::business_rpc::v3: business RPC V3 selected frame stream_id=22 frame_type=Data payload_bytes=196
2026-09-26T01:20:36.817319Z DEBUG netbaiot_transports::business_rpc::v3: business RPC V3 writer completed frame stream_id=22 frame_type=Data payload_bytes=196
2026-09-26T01:20:36.817327Z DEBUG netbaiot_transports::business_rpc::v3: business RPC V3 selected frame stream_id=28 frame_type=Open payload_bytes=158
2026-09-26T01:20:36.817337Z DEBUG netbaiot_transports::business_rpc::v3: business RPC V3 writer completed frame stream_id=28 frame_type=Open payload_bytes=158
2026-09-26T01:20:36.817344Z DEBUG netbaiot_transports::business_rpc::v3: business RPC V3 selected frame stream_id=24 frame_type=Data payload_bytes=196
2026-09-26T01:20:36.817353Z DEBUG netbaiot_transports::business_rpc::v3: business RPC V3 writer completed frame stream_id=24 frame_type=Data payload_bytes=196
2026-09-26T01:20:36.817360Z DEBUG netbaiot_transports::business_rpc::v3: business RPC V3 selected frame stream_id=26 frame_type=Data payload_bytes=197
2026-09-26T01:20:36.817369Z DEBUG netbaiot_transports::business_rpc::v3: business RPC V3 writer completed frame stream_id=26 frame_type=Data payload_bytes=197
2026-09-26T01:20:36.817376Z DEBUG netbaiot_transports::business_rpc::v3: business RPC V3 selected frame stream_id=28 frame_type=Data payload_bytes=197
2026-09-26T01:20:36.817385Z DEBUG netbaiot_transports::business_rpc::v3: business RPC V3 writer completed frame stream_id=28 frame_type=Data payload_bytes=197
2026-09-26T01:20:37.013055Z DEBUG netbaiot_transports::business_rpc::v3: business RPC V3 received frame stream_id=0 frame_type=WindowUpdate payload_bytes=4
2026-09-26T01:20:37.013132Z DEBUG netbaiot_transports::business_rpc::v3: business RPC V3 received frame stream_id=0 frame_type=WindowUpdate payload_bytes=4
2026-09-26T01:20:37.013150Z DEBUG netbaiot_transports::business_rpc::v3: business RPC V3 received frame stream_id=0 frame_type=WindowUpdate payload_bytes=4
2026-09-26T01:20:37.013159Z DEBUG netbaiot_transports::business_rpc::v3: business RPC V3 received frame stream_id=0 frame_type=WindowUpdate payload_bytes=4
2026-09-26T01:20:37.013166Z DEBUG netbaiot_transports::business_rpc::v3: business RPC V3 received frame stream_id=0 frame_type=WindowUpdate payload_bytes=4
2026-09-26T01:20:37.013173Z DEBUG netbaiot_transports::business_rpc::v3: business RPC V3 received frame stream_id=28 frame_type=Response payload_bytes=35
2026-09-26T01:20:37.013187Z DEBUG netbaiot_transports::business_rpc::v3: business RPC V3 received frame stream_id=22 frame_type=Response payload_bytes=35
2026-09-26T01:20:37.013195Z DEBUG netbaiot_transports::business_rpc::v3: business RPC V3 received frame stream_id=24 frame_type=Response payload_bytes=35
2026-09-26T01:20:37.013202Z DEBUG netbaiot_transports::business_rpc::v3: business RPC V3 received frame stream_id=26 frame_type=Response payload_bytes=35
2026-09-26T01:20:37.013210Z DEBUG netbaiot_transports::business_rpc::v3: business RPC V3 received frame stream_id=28 frame_type=Data payload_bytes=215
2026-09-26T01:20:37.013252Z DEBUG netbaiot_transports::business_rpc::v3: business RPC V3 received frame stream_id=22 frame_type=Data payload_bytes=214
2026-09-26T01:20:37.013270Z DEBUG netbaiot_transports::business_rpc::v3: business RPC V3 received frame stream_id=24 frame_type=Data payload_bytes=214
2026-09-26T01:20:37.013273Z DEBUG netbaiot_transports::business_rpc::v3: business RPC V3 selected frame stream_id=0 frame_type=WindowUpdate payload_bytes=4
2026-09-26T01:20:37.013305Z DEBUG netbaiot_transports::business_rpc::v3: business RPC V3 received frame stream_id=26 frame_type=Data payload_bytes=215
2026-09-26T01:20:37.013324Z DEBUG netbaiot_transports::business_rpc::v3: business RPC V3 writer completed frame stream_id=0 frame_type=WindowUpdate payload_bytes=4
2026-09-26T01:20:37.013335Z DEBUG netbaiot_transports::business_rpc::v3: business RPC V3 selected frame stream_id=0 frame_type=WindowUpdate payload_bytes=4
2026-09-26T01:20:37.013373Z DEBUG netbaiot_transports::business_rpc::v3: business RPC V3 writer completed frame stream_id=0 frame_type=WindowUpdate payload_bytes=4
2026-09-26T01:20:37.013385Z DEBUG netbaiot_transports::business_rpc::v3: business RPC V3 selected frame stream_id=0 frame_type=WindowUpdate payload_bytes=4
2026-09-26T01:20:37.013395Z DEBUG netbaiot_transports::business_rpc::v3: business RPC V3 writer completed frame stream_id=0 frame_type=WindowUpdate payload_bytes=4
2026-09-26T01:20:37.013401Z DEBUG netbaiot_transports::business_rpc::v3: business RPC V3 selected frame stream_id=0 frame_type=WindowUpdate payload_bytes=4
2026-09-26T01:20:37.013412Z DEBUG netbaiot_transports::business_rpc::v3: business RPC V3 writer completed frame stream_id=0 frame_type=WindowUpdate payload_bytes=4
2026-09-26T01:20:37.014044Z DEBUG netbaiot_transports::business_rpc::v3: business RPC V3 body entered scheduler stream_id=30 class=Rpc body_bytes=197
2026-09-26T01:20:37.014096Z DEBUG netbaiot_transports::business_rpc::v3: business RPC V3 body entered scheduler stream_id=32 class=Rpc body_bytes=197
2026-09-26T01:20:37.014104Z DEBUG netbaiot_transports::business_rpc::v3: business RPC V3 body entered scheduler stream_id=34 class=Rpc body_bytes=197
2026-09-26T01:20:37.014111Z DEBUG netbaiot_transports::business_rpc::v3: business RPC V3 body entered scheduler stream_id=36 class=Rpc body_bytes=197
2026-09-26T01:20:37.014118Z DEBUG netbaiot_transports::business_rpc::v3: business RPC V3 selected frame stream_id=30 frame_type=Open payload_bytes=158
2026-09-26T01:20:37.014133Z DEBUG netbaiot_transports::business_rpc::v3: business RPC V3 writer completed frame stream_id=30 frame_type=Open payload_bytes=158
2026-09-26T01:20:37.014143Z DEBUG netbaiot_transports::business_rpc::v3: business RPC V3 selected frame stream_id=32 frame_type=Open payload_bytes=158
2026-09-26T01:20:37.014153Z DEBUG netbaiot_transports::business_rpc::v3: business RPC V3 writer completed frame stream_id=32 frame_type=Open payload_bytes=158
2026-09-26T01:20:37.014159Z DEBUG netbaiot_transports::business_rpc::v3: business RPC V3 selected frame stream_id=34 frame_type=Open payload_bytes=158
2026-09-26T01:20:37.014167Z DEBUG netbaiot_transports::business_rpc::v3: business RPC V3 writer completed frame stream_id=34 frame_type=Open payload_bytes=158
2026-09-26T01:20:37.014174Z DEBUG netbaiot_transports::business_rpc::v3: business RPC V3 selected frame stream_id=36 frame_type=Open payload_bytes=158
2026-09-26T01:20:37.014182Z DEBUG netbaiot_transports::business_rpc::v3: business RPC V3 writer completed frame stream_id=36 frame_type=Open payload_bytes=158
2026-09-26T01:20:37.014189Z DEBUG netbaiot_transports::business_rpc::v3: business RPC V3 selected frame stream_id=30 frame_type=Data payload_bytes=197
2026-09-26T01:20:37.014198Z DEBUG netbaiot_transports::business_rpc::v3: business RPC V3 writer completed frame stream_id=30 frame_type=Data payload_bytes=197
2026-09-26T01:20:37.014205Z DEBUG netbaiot_transports::business_rpc::v3: business RPC V3 selected frame stream_id=32 frame_type=Data payload_bytes=197
2026-09-26T01:20:37.014214Z DEBUG netbaiot_transports::business_rpc::v3: business RPC V3 writer completed frame stream_id=32 frame_type=Data payload_bytes=197
2026-09-26T01:20:37.014221Z DEBUG netbaiot_transports::business_rpc::v3: business RPC V3 selected frame stream_id=34 frame_type=Data payload_bytes=197
2026-09-26T01:20:37.014229Z DEBUG netbaiot_transports::business_rpc::v3: business RPC V3 writer completed frame stream_id=34 frame_type=Data payload_bytes=197
2026-09-26T01:20:37.014235Z DEBUG netbaiot_transports::business_rpc::v3: business RPC V3 selected frame stream_id=36 frame_type=Data payload_bytes=197
2026-09-26T01:20:37.014243Z DEBUG netbaiot_transports::business_rpc::v3: business RPC V3 writer completed frame stream_id=36 frame_type=Data payload_bytes=197
2026-09-26T01:20:37.044065Z DEBUG netbaiot_transports::business_rpc::v3: business RPC V3 received frame stream_id=10 frame_type=Response payload_bytes=35
2026-09-26T01:20:37.044176Z DEBUG netbaiot_transports::business_rpc::v3: business RPC V3 received frame stream_id=10 frame_type=Data payload_bytes=118
2026-09-26T01:20:37.044224Z DEBUG netbaiot_transports::business_rpc::v3: business RPC V3 Event delivery acknowledged stream_id=10 completion_us=1060484
2026-09-26T01:20:37.044273Z DEBUG netbaiot_transports::business_rpc::v3: business RPC V3 selected frame stream_id=0 frame_type=WindowUpdate payload_bytes=4
2026-09-26T01:20:37.044323Z DEBUG netbaiot_transports::business_rpc::v3: business RPC V3 writer completed frame stream_id=0 frame_type=WindowUpdate payload_bytes=4
2026-09-26T01:20:37.044409Z DEBUG netbaiot_transports::business_rpc::v3: business RPC V3 body entered scheduler stream_id=38 class=Event body_bytes=17365
2026-09-26T01:20:37.044429Z DEBUG netbaiot_transports::business_rpc::v3: business RPC V3 selected frame stream_id=38 frame_type=Open payload_bytes=184
2026-09-26T01:20:37.044453Z DEBUG netbaiot_transports::business_rpc::v3: business RPC V3 writer completed frame stream_id=38 frame_type=Open payload_bytes=184
2026-09-26T01:20:37.044465Z DEBUG netbaiot_transports::business_rpc::v3: business RPC V3 selected frame stream_id=38 frame_type=Data payload_bytes=8192
2026-09-26T01:20:37.044485Z DEBUG netbaiot_transports::business_rpc::v3: business RPC V3 writer completed frame stream_id=38 frame_type=Data payload_bytes=8192
2026-09-26T01:20:37.204801Z DEBUG netbaiot_transports::business_rpc::v3: business RPC V3 received frame stream_id=0 frame_type=WindowUpdate payload_bytes=4
2026-09-26T01:20:37.204911Z DEBUG netbaiot_transports::business_rpc::v3: business RPC V3 received frame stream_id=0 frame_type=WindowUpdate payload_bytes=4
2026-09-26T01:20:37.204937Z DEBUG netbaiot_transports::business_rpc::v3: business RPC V3 received frame stream_id=0 frame_type=WindowUpdate payload_bytes=4
2026-09-26T01:20:37.204953Z DEBUG netbaiot_transports::business_rpc::v3: business RPC V3 received frame stream_id=0 frame_type=WindowUpdate payload_bytes=4
2026-09-26T01:20:37.204967Z DEBUG netbaiot_transports::business_rpc::v3: business RPC V3 received frame stream_id=30 frame_type=Response payload_bytes=35
2026-09-26T01:20:37.204989Z DEBUG netbaiot_transports::business_rpc::v3: business RPC V3 received frame stream_id=32 frame_type=Response payload_bytes=35
2026-09-26T01:20:37.205006Z DEBUG netbaiot_transports::business_rpc::v3: business RPC V3 received frame stream_id=34 frame_type=Response payload_bytes=35
2026-09-26T01:20:37.205023Z DEBUG netbaiot_transports::business_rpc::v3: business RPC V3 received frame stream_id=36 frame_type=Response payload_bytes=35
2026-09-26T01:20:37.205036Z DEBUG netbaiot_transports::business_rpc::v3: business RPC V3 received frame stream_id=30 frame_type=Data payload_bytes=215
2026-09-26T01:20:37.205102Z DEBUG netbaiot_transports::business_rpc::v3: business RPC V3 received frame stream_id=32 frame_type=Data payload_bytes=215
2026-09-26T01:20:37.205131Z DEBUG netbaiot_transports::business_rpc::v3: business RPC V3 selected frame stream_id=0 frame_type=WindowUpdate payload_bytes=4
2026-09-26T01:20:37.205168Z DEBUG netbaiot_transports::business_rpc::v3: business RPC V3 received frame stream_id=34 frame_type=Data payload_bytes=215
2026-09-26T01:20:37.205200Z DEBUG netbaiot_transports::business_rpc::v3: business RPC V3 received frame stream_id=36 frame_type=Data payload_bytes=215
2026-09-26T01:20:37.205204Z DEBUG netbaiot_transports::business_rpc::v3: business RPC V3 writer completed frame stream_id=0 frame_type=WindowUpdate payload_bytes=4
2026-09-26T01:20:37.205240Z DEBUG netbaiot_transports::business_rpc::v3: business RPC V3 selected frame stream_id=0 frame_type=WindowUpdate payload_bytes=4
2026-09-26T01:20:37.205279Z DEBUG netbaiot_transports::business_rpc::v3: business RPC V3 writer completed frame stream_id=0 frame_type=WindowUpdate payload_bytes=4
2026-09-26T01:20:37.205297Z DEBUG netbaiot_transports::business_rpc::v3: business RPC V3 selected frame stream_id=0 frame_type=WindowUpdate payload_bytes=4
2026-09-26T01:20:37.205383Z DEBUG netbaiot_transports::business_rpc::v3: business RPC V3 writer completed frame stream_id=0 frame_type=WindowUpdate payload_bytes=4
2026-09-26T01:20:37.205403Z DEBUG netbaiot_transports::business_rpc::v3: business RPC V3 selected frame stream_id=0 frame_type=WindowUpdate payload_bytes=4
2026-09-26T01:20:37.205424Z DEBUG netbaiot_transports::business_rpc::v3: business RPC V3 writer completed frame stream_id=0 frame_type=WindowUpdate payload_bytes=4
2026-09-26T01:20:37.206500Z DEBUG netbaiot_transports::business_rpc::v3: business RPC V3 body entered scheduler stream_id=40 class=Rpc body_bytes=197
2026-09-26T01:20:37.206572Z DEBUG netbaiot_transports::business_rpc::v3: business RPC V3 body entered scheduler stream_id=42 class=Rpc body_bytes=197
2026-09-26T01:20:37.206590Z DEBUG netbaiot_transports::business_rpc::v3: business RPC V3 body entered scheduler stream_id=44 class=Rpc body_bytes=197
2026-09-26T01:20:37.206619Z DEBUG netbaiot_transports::business_rpc::v3: business RPC V3 body entered scheduler stream_id=46 class=Rpc body_bytes=197
2026-09-26T01:20:37.206635Z DEBUG netbaiot_transports::business_rpc::v3: business RPC V3 selected frame stream_id=40 frame_type=Open payload_bytes=158
2026-09-26T01:20:37.206664Z DEBUG netbaiot_transports::business_rpc::v3: business RPC V3 writer completed frame stream_id=40 frame_type=Open payload_bytes=158
2026-09-26T01:20:37.206680Z DEBUG netbaiot_transports::business_rpc::v3: business RPC V3 selected frame stream_id=42 frame_type=Open payload_bytes=158
2026-09-26T01:20:37.206698Z DEBUG netbaiot_transports::business_rpc::v3: business RPC V3 writer completed frame stream_id=42 frame_type=Open payload_bytes=158
2026-09-26T01:20:37.206711Z DEBUG netbaiot_transports::business_rpc::v3: business RPC V3 selected frame stream_id=44 frame_type=Open payload_bytes=158
2026-09-26T01:20:37.206728Z DEBUG netbaiot_transports::business_rpc::v3: business RPC V3 writer completed frame stream_id=44 frame_type=Open payload_bytes=158
2026-09-26T01:20:37.206740Z DEBUG netbaiot_transports::business_rpc::v3: business RPC V3 selected frame stream_id=46 frame_type=Open payload_bytes=158
2026-09-26T01:20:37.206759Z DEBUG netbaiot_transports::business_rpc::v3: business RPC V3 writer completed frame stream_id=46 frame_type=Open payload_bytes=158
2026-09-26T01:20:37.206772Z DEBUG netbaiot_transports::business_rpc::v3: business RPC V3 selected frame stream_id=40 frame_type=Data payload_bytes=197
2026-09-26T01:20:37.206790Z DEBUG netbaiot_transports::business_rpc::v3: business RPC V3 writer completed frame stream_id=40 frame_type=Data payload_bytes=197
2026-09-26T01:20:37.206892Z DEBUG netbaiot_transports::business_rpc::v3: business RPC V3 selected frame stream_id=42 frame_type=Data payload_bytes=197
2026-09-26T01:20:37.206923Z DEBUG netbaiot_transports::business_rpc::v3: business RPC V3 writer completed frame stream_id=42 frame_type=Data payload_bytes=197
2026-09-26T01:20:37.206940Z DEBUG netbaiot_transports::business_rpc::v3: business RPC V3 selected frame stream_id=44 frame_type=Data payload_bytes=197
2026-09-26T01:20:37.206971Z DEBUG netbaiot_transports::business_rpc::v3: business RPC V3 writer completed frame stream_id=44 frame_type=Data payload_bytes=197
2026-09-26T01:20:37.206986Z DEBUG netbaiot_transports::business_rpc::v3: business RPC V3 selected frame stream_id=46 frame_type=Data payload_bytes=197
2026-09-26T01:20:37.207005Z DEBUG netbaiot_transports::business_rpc::v3: business RPC V3 writer completed frame stream_id=46 frame_type=Data payload_bytes=197
2026-09-26T01:20:37.427573Z DEBUG netbaiot_transports::business_rpc::v3: business RPC V3 received frame stream_id=0 frame_type=WindowUpdate payload_bytes=4
2026-09-26T01:20:37.427689Z DEBUG netbaiot_transports::business_rpc::v3: business RPC V3 received frame stream_id=38 frame_type=WindowUpdate payload_bytes=4
2026-09-26T01:20:37.427720Z DEBUG netbaiot_transports::business_rpc::v3: business RPC V3 selected frame stream_id=38 frame_type=Data payload_bytes=8192
2026-09-26T01:20:37.427766Z DEBUG netbaiot_transports::business_rpc::v3: business RPC V3 writer completed frame stream_id=38 frame_type=Data payload_bytes=8192
2026-09-26T01:20:37.536753Z DEBUG netbaiot_transports::business_rpc::v3: business RPC V3 received frame stream_id=0 frame_type=WindowUpdate payload_bytes=4
2026-09-26T01:20:37.536779Z DEBUG netbaiot_transports::business_rpc::v3: business RPC V3 received frame stream_id=0 frame_type=WindowUpdate payload_bytes=4
2026-09-26T01:20:37.536785Z DEBUG netbaiot_transports::business_rpc::v3: business RPC V3 received frame stream_id=0 frame_type=WindowUpdate payload_bytes=4
2026-09-26T01:20:37.536790Z DEBUG netbaiot_transports::business_rpc::v3: business RPC V3 received frame stream_id=0 frame_type=WindowUpdate payload_bytes=4
2026-09-26T01:20:37.536794Z DEBUG netbaiot_transports::business_rpc::v3: business RPC V3 received frame stream_id=46 frame_type=Response payload_bytes=35
2026-09-26T01:20:37.536802Z DEBUG netbaiot_transports::business_rpc::v3: business RPC V3 received frame stream_id=40 frame_type=Response payload_bytes=35
2026-09-26T01:20:37.536807Z DEBUG netbaiot_transports::business_rpc::v3: business RPC V3 received frame stream_id=44 frame_type=Response payload_bytes=35
2026-09-26T01:20:37.536811Z DEBUG netbaiot_transports::business_rpc::v3: business RPC V3 received frame stream_id=46 frame_type=Data payload_bytes=215
2026-09-26T01:20:37.536831Z DEBUG netbaiot_transports::business_rpc::v3: business RPC V3 received frame stream_id=40 frame_type=Data payload_bytes=215
2026-09-26T01:20:37.536842Z DEBUG netbaiot_transports::business_rpc::v3: business RPC V3 received frame stream_id=44 frame_type=Data payload_bytes=215
2026-09-26T01:20:37.536842Z DEBUG netbaiot_transports::business_rpc::v3: business RPC V3 selected frame stream_id=0 frame_type=WindowUpdate payload_bytes=4
2026-09-26T01:20:37.536877Z DEBUG netbaiot_transports::business_rpc::v3: business RPC V3 writer completed frame stream_id=0 frame_type=WindowUpdate payload_bytes=4
2026-09-26T01:20:37.536884Z DEBUG netbaiot_transports::business_rpc::v3: business RPC V3 selected frame stream_id=0 frame_type=WindowUpdate payload_bytes=4
2026-09-26T01:20:37.536854Z DEBUG netbaiot_transports::business_rpc::v3: business RPC V3 received frame stream_id=42 frame_type=Response payload_bytes=35
2026-09-26T01:20:37.536890Z DEBUG netbaiot_transports::business_rpc::v3: business RPC V3 writer completed frame stream_id=0 frame_type=WindowUpdate payload_bytes=4
2026-09-26T01:20:37.536906Z DEBUG netbaiot_transports::business_rpc::v3: business RPC V3 received frame stream_id=42 frame_type=Data payload_bytes=215
2026-09-26T01:20:37.536921Z DEBUG netbaiot_transports::business_rpc::v3: business RPC V3 selected frame stream_id=0 frame_type=WindowUpdate payload_bytes=4
2026-09-26T01:20:37.536950Z DEBUG netbaiot_transports::business_rpc::v3: business RPC V3 writer completed frame stream_id=0 frame_type=WindowUpdate payload_bytes=4
2026-09-26T01:20:37.536955Z DEBUG netbaiot_transports::business_rpc::v3: business RPC V3 selected frame stream_id=0 frame_type=WindowUpdate payload_bytes=4
2026-09-26T01:20:37.536961Z DEBUG netbaiot_transports::business_rpc::v3: business RPC V3 writer completed frame stream_id=0 frame_type=WindowUpdate payload_bytes=4
2026-09-26T01:20:37.537352Z DEBUG netbaiot_transports::business_rpc::v3: business RPC V3 body entered scheduler stream_id=48 class=Rpc body_bytes=197
2026-09-26T01:20:37.537360Z DEBUG netbaiot_transports::business_rpc::v3: business RPC V3 body entered scheduler stream_id=50 class=Rpc body_bytes=197
2026-09-26T01:20:37.537364Z DEBUG netbaiot_transports::business_rpc::v3: business RPC V3 body entered scheduler stream_id=52 class=Rpc body_bytes=197
2026-09-26T01:20:37.537368Z DEBUG netbaiot_transports::business_rpc::v3: business RPC V3 body entered scheduler stream_id=54 class=Rpc body_bytes=197
2026-09-26T01:20:37.537372Z DEBUG netbaiot_transports::business_rpc::v3: business RPC V3 selected frame stream_id=48 frame_type=Open payload_bytes=158
2026-09-26T01:20:37.537380Z DEBUG netbaiot_transports::business_rpc::v3: business RPC V3 writer completed frame stream_id=48 frame_type=Open payload_bytes=158
2026-09-26T01:20:37.537401Z DEBUG netbaiot_transports::business_rpc::v3: business RPC V3 selected frame stream_id=50 frame_type=Open payload_bytes=158
2026-09-26T01:20:37.537406Z DEBUG netbaiot_transports::business_rpc::v3: business RPC V3 writer completed frame stream_id=50 frame_type=Open payload_bytes=158
2026-09-26T01:20:37.537410Z DEBUG netbaiot_transports::business_rpc::v3: business RPC V3 selected frame stream_id=52 frame_type=Open payload_bytes=158
2026-09-26T01:20:37.537414Z DEBUG netbaiot_transports::business_rpc::v3: business RPC V3 writer completed frame stream_id=52 frame_type=Open payload_bytes=158
2026-09-26T01:20:37.537418Z DEBUG netbaiot_transports::business_rpc::v3: business RPC V3 selected frame stream_id=54 frame_type=Open payload_bytes=158
2026-09-26T01:20:37.537426Z DEBUG netbaiot_transports::business_rpc::v3: business RPC V3 writer completed frame stream_id=54 frame_type=Open payload_bytes=158
2026-09-26T01:20:37.537429Z DEBUG netbaiot_transports::business_rpc::v3: business RPC V3 selected frame stream_id=48 frame_type=Data payload_bytes=197
2026-09-26T01:20:37.537434Z DEBUG netbaiot_transports::business_rpc::v3: business RPC V3 writer completed frame stream_id=48 frame_type=Data payload_bytes=197
2026-09-26T01:20:37.537437Z DEBUG netbaiot_transports::business_rpc::v3: business RPC V3 selected frame stream_id=50 frame_type=Data payload_bytes=197
2026-09-26T01:20:37.537442Z DEBUG netbaiot_transports::business_rpc::v3: business RPC V3 writer completed frame stream_id=50 frame_type=Data payload_bytes=197
2026-09-26T01:20:37.537444Z DEBUG netbaiot_transports::business_rpc::v3: business RPC V3 selected frame stream_id=52 frame_type=Data payload_bytes=197
2026-09-26T01:20:37.537448Z DEBUG netbaiot_transports::business_rpc::v3: business RPC V3 writer completed frame stream_id=52 frame_type=Data payload_bytes=197
2026-09-26T01:20:37.537451Z DEBUG netbaiot_transports::business_rpc::v3: business RPC V3 selected frame stream_id=54 frame_type=Data payload_bytes=197
2026-09-26T01:20:37.537455Z DEBUG netbaiot_transports::business_rpc::v3: business RPC V3 writer completed frame stream_id=54 frame_type=Data payload_bytes=197
2026-09-26T01:20:37.778932Z DEBUG netbaiot_transports::business_rpc::v3: business RPC V3 received frame stream_id=0 frame_type=WindowUpdate payload_bytes=4
2026-09-26T01:20:37.778983Z DEBUG netbaiot_transports::business_rpc::v3: business RPC V3 received frame stream_id=38 frame_type=WindowUpdate payload_bytes=4
2026-09-26T01:20:37.778991Z DEBUG netbaiot_transports::business_rpc::v3: business RPC V3 selected frame stream_id=38 frame_type=Data payload_bytes=981
2026-09-26T01:20:37.779002Z DEBUG netbaiot_transports::business_rpc::v3: business RPC V3 writer completed frame stream_id=38 frame_type=Data payload_bytes=981
2026-09-26T01:20:37.887337Z DEBUG netbaiot_transports::business_rpc::v3: business RPC V3 received frame stream_id=0 frame_type=WindowUpdate payload_bytes=4
2026-09-26T01:20:37.887369Z DEBUG netbaiot_transports::business_rpc::v3: business RPC V3 received frame stream_id=0 frame_type=WindowUpdate payload_bytes=4
2026-09-26T01:20:37.887378Z DEBUG netbaiot_transports::business_rpc::v3: business RPC V3 received frame stream_id=0 frame_type=WindowUpdate payload_bytes=4
2026-09-26T01:20:37.887385Z DEBUG netbaiot_transports::business_rpc::v3: business RPC V3 received frame stream_id=0 frame_type=WindowUpdate payload_bytes=4
2026-09-26T01:20:37.887392Z DEBUG netbaiot_transports::business_rpc::v3: business RPC V3 received frame stream_id=54 frame_type=Response payload_bytes=35
2026-09-26T01:20:37.887402Z DEBUG netbaiot_transports::business_rpc::v3: business RPC V3 received frame stream_id=48 frame_type=Response payload_bytes=35
2026-09-26T01:20:37.887409Z DEBUG netbaiot_transports::business_rpc::v3: business RPC V3 received frame stream_id=50 frame_type=Response payload_bytes=35
2026-09-26T01:20:37.887415Z DEBUG netbaiot_transports::business_rpc::v3: business RPC V3 received frame stream_id=54 frame_type=Data payload_bytes=215
2026-09-26T01:20:37.887448Z DEBUG netbaiot_transports::business_rpc::v3: business RPC V3 received frame stream_id=52 frame_type=Response payload_bytes=35
2026-09-26T01:20:37.887464Z DEBUG netbaiot_transports::business_rpc::v3: business RPC V3 selected frame stream_id=0 frame_type=WindowUpdate payload_bytes=4
2026-09-26T01:20:37.887471Z DEBUG netbaiot_transports::business_rpc::v3: business RPC V3 received frame stream_id=48 frame_type=Data payload_bytes=215
2026-09-26T01:20:37.887509Z DEBUG netbaiot_transports::business_rpc::v3: business RPC V3 writer completed frame stream_id=0 frame_type=WindowUpdate payload_bytes=4
2026-09-26T01:20:37.887524Z DEBUG netbaiot_transports::business_rpc::v3: business RPC V3 selected frame stream_id=0 frame_type=WindowUpdate payload_bytes=4
2026-09-26T01:20:37.887528Z DEBUG netbaiot_transports::business_rpc::v3: business RPC V3 received frame stream_id=50 frame_type=Data payload_bytes=215
2026-09-26T01:20:37.887546Z DEBUG netbaiot_transports::business_rpc::v3: business RPC V3 writer completed frame stream_id=0 frame_type=WindowUpdate payload_bytes=4
2026-09-26T01:20:37.887581Z DEBUG netbaiot_transports::business_rpc::v3: business RPC V3 received frame stream_id=52 frame_type=Data payload_bytes=215
2026-09-26T01:20:37.887585Z DEBUG netbaiot_transports::business_rpc::v3: business RPC V3 selected frame stream_id=0 frame_type=WindowUpdate payload_bytes=4
2026-09-26T01:20:37.887633Z DEBUG netbaiot_transports::business_rpc::v3: business RPC V3 writer completed frame stream_id=0 frame_type=WindowUpdate payload_bytes=4
2026-09-26T01:20:37.887641Z DEBUG netbaiot_transports::business_rpc::v3: business RPC V3 selected frame stream_id=0 frame_type=WindowUpdate payload_bytes=4
2026-09-26T01:20:37.887650Z DEBUG netbaiot_transports::business_rpc::v3: business RPC V3 writer completed frame stream_id=0 frame_type=WindowUpdate payload_bytes=4
2026-09-26T01:20:37.888241Z DEBUG netbaiot_transports::business_rpc::v3: business RPC V3 body entered scheduler stream_id=56 class=Rpc body_bytes=197
2026-09-26T01:20:37.888257Z DEBUG netbaiot_transports::business_rpc::v3: business RPC V3 body entered scheduler stream_id=58 class=Rpc body_bytes=197
2026-09-26T01:20:37.888265Z DEBUG netbaiot_transports::business_rpc::v3: business RPC V3 body entered scheduler stream_id=60 class=Rpc body_bytes=197
2026-09-26T01:20:37.888272Z DEBUG netbaiot_transports::business_rpc::v3: business RPC V3 body entered scheduler stream_id=62 class=Rpc body_bytes=197
2026-09-26T01:20:37.888279Z DEBUG netbaiot_transports::business_rpc::v3: business RPC V3 selected frame stream_id=56 frame_type=Open payload_bytes=158
2026-09-26T01:20:37.888293Z DEBUG netbaiot_transports::business_rpc::v3: business RPC V3 writer completed frame stream_id=56 frame_type=Open payload_bytes=158
2026-09-26T01:20:37.888301Z DEBUG netbaiot_transports::business_rpc::v3: business RPC V3 selected frame stream_id=58 frame_type=Open payload_bytes=158
2026-09-26T01:20:37.888319Z DEBUG netbaiot_transports::business_rpc::v3: business RPC V3 writer completed frame stream_id=58 frame_type=Open payload_bytes=158
2026-09-26T01:20:37.888325Z DEBUG netbaiot_transports::business_rpc::v3: business RPC V3 selected frame stream_id=60 frame_type=Open payload_bytes=158
2026-09-26T01:20:37.888340Z DEBUG netbaiot_transports::business_rpc::v3: business RPC V3 writer completed frame stream_id=60 frame_type=Open payload_bytes=158
2026-09-26T01:20:37.888348Z DEBUG netbaiot_transports::business_rpc::v3: business RPC V3 selected frame stream_id=62 frame_type=Open payload_bytes=158
2026-09-26T01:20:37.888360Z DEBUG netbaiot_transports::business_rpc::v3: business RPC V3 writer completed frame stream_id=62 frame_type=Open payload_bytes=158
2026-09-26T01:20:37.888367Z DEBUG netbaiot_transports::business_rpc::v3: business RPC V3 selected frame stream_id=56 frame_type=Data payload_bytes=197
2026-09-26T01:20:37.888379Z DEBUG netbaiot_transports::business_rpc::v3: business RPC V3 writer completed frame stream_id=56 frame_type=Data payload_bytes=197
2026-09-26T01:20:37.888389Z DEBUG netbaiot_transports::business_rpc::v3: business RPC V3 selected frame stream_id=58 frame_type=Data payload_bytes=197
2026-09-26T01:20:37.888423Z DEBUG netbaiot_transports::business_rpc::v3: business RPC V3 writer completed frame stream_id=58 frame_type=Data payload_bytes=197
2026-09-26T01:20:37.888431Z DEBUG netbaiot_transports::business_rpc::v3: business RPC V3 selected frame stream_id=60 frame_type=Data payload_bytes=197
2026-09-26T01:20:37.888447Z DEBUG netbaiot_transports::business_rpc::v3: business RPC V3 writer completed frame stream_id=60 frame_type=Data payload_bytes=197
2026-09-26T01:20:37.888455Z DEBUG netbaiot_transports::business_rpc::v3: business RPC V3 selected frame stream_id=62 frame_type=Data payload_bytes=197
2026-09-26T01:20:37.888463Z DEBUG netbaiot_transports::business_rpc::v3: business RPC V3 writer completed frame stream_id=62 frame_type=Data payload_bytes=197
2026-09-26T01:20:37.918794Z DEBUG netbaiot_transports::business_rpc::v3: business RPC V3 received frame stream_id=0 frame_type=WindowUpdate payload_bytes=4
2026-09-26T01:20:37.918886Z DEBUG netbaiot_transports::business_rpc::v3: business RPC V3 received frame stream_id=38 frame_type=Response payload_bytes=35
2026-09-26T01:20:37.918910Z DEBUG netbaiot_transports::business_rpc::v3: business RPC V3 received frame stream_id=38 frame_type=Data payload_bytes=118
2026-09-26T01:20:37.918927Z DEBUG netbaiot_transports::business_rpc::v3: business RPC V3 Event delivery acknowledged stream_id=38 completion_us=874527
2026-09-26T01:20:37.918964Z DEBUG netbaiot_transports::business_rpc::v3: business RPC V3 selected frame stream_id=0 frame_type=WindowUpdate payload_bytes=4
2026-09-26T01:20:37.919006Z DEBUG netbaiot_transports::business_rpc::v3: business RPC V3 writer completed frame stream_id=0 frame_type=WindowUpdate payload_bytes=4
2026-09-26T01:20:37.984908Z DEBUG netbaiot_transports::business_rpc::v3: business RPC V3 body entered scheduler stream_id=64 class=Event body_bytes=17365
2026-09-26T01:20:37.985020Z DEBUG netbaiot_transports::business_rpc::v3: business RPC V3 selected frame stream_id=64 frame_type=Open payload_bytes=184
2026-09-26T01:20:37.985067Z DEBUG netbaiot_transports::business_rpc::v3: business RPC V3 writer completed frame stream_id=64 frame_type=Open payload_bytes=184
2026-09-26T01:20:37.985095Z DEBUG netbaiot_transports::business_rpc::v3: business RPC V3 selected frame stream_id=64 frame_type=Data payload_bytes=8192
2026-09-26T01:20:37.985123Z DEBUG netbaiot_transports::business_rpc::v3: business RPC V3 writer completed frame stream_id=64 frame_type=Data payload_bytes=8192
2026-09-26T01:20:38.023508Z DEBUG netbaiot_transports::business_rpc::v3: business RPC V3 received frame stream_id=0 frame_type=WindowUpdate payload_bytes=4
2026-09-26T01:20:38.023575Z DEBUG netbaiot_transports::business_rpc::v3: business RPC V3 received frame stream_id=0 frame_type=WindowUpdate payload_bytes=4
2026-09-26T01:20:38.023584Z DEBUG netbaiot_transports::business_rpc::v3: business RPC V3 received frame stream_id=0 frame_type=WindowUpdate payload_bytes=4
2026-09-26T01:20:38.023592Z DEBUG netbaiot_transports::business_rpc::v3: business RPC V3 received frame stream_id=0 frame_type=WindowUpdate payload_bytes=4
2026-09-26T01:20:38.023598Z DEBUG netbaiot_transports::business_rpc::v3: business RPC V3 received frame stream_id=62 frame_type=Response payload_bytes=35
2026-09-26T01:20:38.023610Z DEBUG netbaiot_transports::business_rpc::v3: business RPC V3 received frame stream_id=56 frame_type=Response payload_bytes=35
2026-09-26T01:20:38.023617Z DEBUG netbaiot_transports::business_rpc::v3: business RPC V3 received frame stream_id=58 frame_type=Response payload_bytes=35
2026-09-26T01:20:38.023624Z DEBUG netbaiot_transports::business_rpc::v3: business RPC V3 received frame stream_id=60 frame_type=Response payload_bytes=35
2026-09-26T01:20:38.076830Z DEBUG netbaiot_transports::business_rpc::v3: business RPC V3 received frame stream_id=62 frame_type=Data payload_bytes=215
2026-09-26T01:20:38.076943Z DEBUG netbaiot_transports::business_rpc::v3: business RPC V3 received frame stream_id=56 frame_type=Data payload_bytes=215
2026-09-26T01:20:38.076963Z DEBUG netbaiot_transports::business_rpc::v3: business RPC V3 selected frame stream_id=0 frame_type=WindowUpdate payload_bytes=4
2026-09-26T01:20:38.077017Z DEBUG netbaiot_transports::business_rpc::v3: business RPC V3 received frame stream_id=58 frame_type=Data payload_bytes=215
2026-09-26T01:20:38.077062Z DEBUG netbaiot_transports::business_rpc::v3: business RPC V3 writer completed frame stream_id=0 frame_type=WindowUpdate payload_bytes=4
2026-09-26T01:20:38.077077Z DEBUG netbaiot_transports::business_rpc::v3: business RPC V3 selected frame stream_id=0 frame_type=WindowUpdate payload_bytes=4
2026-09-26T01:20:38.077076Z DEBUG netbaiot_transports::business_rpc::v3: business RPC V3 received frame stream_id=60 frame_type=Data payload_bytes=215
2026-09-26T01:20:38.077096Z DEBUG netbaiot_transports::business_rpc::v3: business RPC V3 writer completed frame stream_id=0 frame_type=WindowUpdate payload_bytes=4
2026-09-26T01:20:38.077116Z DEBUG netbaiot_transports::business_rpc::v3: business RPC V3 selected frame stream_id=0 frame_type=WindowUpdate payload_bytes=4
2026-09-26T01:20:38.077129Z DEBUG netbaiot_transports::business_rpc::v3: business RPC V3 writer completed frame stream_id=0 frame_type=WindowUpdate payload_bytes=4
2026-09-26T01:20:38.077137Z DEBUG netbaiot_transports::business_rpc::v3: business RPC V3 selected frame stream_id=0 frame_type=WindowUpdate payload_bytes=4
2026-09-26T01:20:38.077148Z DEBUG netbaiot_transports::business_rpc::v3: business RPC V3 writer completed frame stream_id=0 frame_type=WindowUpdate payload_bytes=4
2026-09-26T01:20:38.077721Z DEBUG netbaiot_transports::business_rpc::v3: business RPC V3 body entered scheduler stream_id=66 class=Rpc body_bytes=197
2026-09-26T01:20:38.077769Z DEBUG netbaiot_transports::business_rpc::v3: business RPC V3 body entered scheduler stream_id=68 class=Rpc body_bytes=197
2026-09-26T01:20:38.077779Z DEBUG netbaiot_transports::business_rpc::v3: business RPC V3 body entered scheduler stream_id=70 class=Rpc body_bytes=197
2026-09-26T01:20:38.077787Z DEBUG netbaiot_transports::business_rpc::v3: business RPC V3 body entered scheduler stream_id=72 class=Rpc body_bytes=197
2026-09-26T01:20:38.077795Z DEBUG netbaiot_transports::business_rpc::v3: business RPC V3 selected frame stream_id=66 frame_type=Open payload_bytes=158
2026-09-26T01:20:38.077812Z DEBUG netbaiot_transports::business_rpc::v3: business RPC V3 writer completed frame stream_id=66 frame_type=Open payload_bytes=158
2026-09-26T01:20:38.077821Z DEBUG netbaiot_transports::business_rpc::v3: business RPC V3 selected frame stream_id=68 frame_type=Open payload_bytes=158
2026-09-26T01:20:38.077831Z DEBUG netbaiot_transports::business_rpc::v3: business RPC V3 writer completed frame stream_id=68 frame_type=Open payload_bytes=158
2026-09-26T01:20:38.077837Z DEBUG netbaiot_transports::business_rpc::v3: business RPC V3 selected frame stream_id=70 frame_type=Open payload_bytes=158
2026-09-26T01:20:38.077847Z DEBUG netbaiot_transports::business_rpc::v3: business RPC V3 writer completed frame stream_id=70 frame_type=Open payload_bytes=158
2026-09-26T01:20:38.077854Z DEBUG netbaiot_transports::business_rpc::v3: business RPC V3 selected frame stream_id=72 frame_type=Open payload_bytes=158
2026-09-26T01:20:38.077865Z DEBUG netbaiot_transports::business_rpc::v3: business RPC V3 writer completed frame stream_id=72 frame_type=Open payload_bytes=158
2026-09-26T01:20:38.077873Z DEBUG netbaiot_transports::business_rpc::v3: business RPC V3 selected frame stream_id=66 frame_type=Data payload_bytes=197
2026-09-26T01:20:38.077884Z DEBUG netbaiot_transports::business_rpc::v3: business RPC V3 writer completed frame stream_id=66 frame_type=Data payload_bytes=197
2026-09-26T01:20:38.077891Z DEBUG netbaiot_transports::business_rpc::v3: business RPC V3 selected frame stream_id=68 frame_type=Data payload_bytes=197
2026-09-26T01:20:38.077901Z DEBUG netbaiot_transports::business_rpc::v3: business RPC V3 writer completed frame stream_id=68 frame_type=Data payload_bytes=197
2026-09-26T01:20:38.077908Z DEBUG netbaiot_transports::business_rpc::v3: business RPC V3 selected frame stream_id=70 frame_type=Data payload_bytes=197
2026-09-26T01:20:38.077939Z DEBUG netbaiot_transports::business_rpc::v3: business RPC V3 writer completed frame stream_id=70 frame_type=Data payload_bytes=197
2026-09-26T01:20:38.077947Z DEBUG netbaiot_transports::business_rpc::v3: business RPC V3 selected frame stream_id=72 frame_type=Data payload_bytes=197
2026-09-26T01:20:38.077960Z DEBUG netbaiot_transports::business_rpc::v3: business RPC V3 writer completed frame stream_id=72 frame_type=Data payload_bytes=197
2026-09-26T01:20:38.103982Z DEBUG netbaiot_transports::business_rpc::v3: business RPC V3 received frame stream_id=0 frame_type=Ping payload_bytes=8
2026-09-26T01:20:38.104071Z DEBUG netbaiot_transports::business_rpc::v3: business RPC V3 selected frame stream_id=0 frame_type=Pong payload_bytes=8
2026-09-26T01:20:38.104138Z DEBUG netbaiot_transports::business_rpc::v3: business RPC V3 writer completed frame stream_id=0 frame_type=Pong payload_bytes=8
2026-09-26T01:20:38.326828Z DEBUG netbaiot_transports::business_rpc::v3: business RPC V3 received frame stream_id=0 frame_type=WindowUpdate payload_bytes=4
2026-09-26T01:20:38.326937Z DEBUG netbaiot_transports::business_rpc::v3: business RPC V3 received frame stream_id=64 frame_type=WindowUpdate payload_bytes=4
2026-09-26T01:20:38.326966Z DEBUG netbaiot_transports::business_rpc::v3: business RPC V3 selected frame stream_id=64 frame_type=Data payload_bytes=8192
2026-09-26T01:20:38.327012Z DEBUG netbaiot_transports::business_rpc::v3: business RPC V3 writer completed frame stream_id=64 frame_type=Data payload_bytes=8192
2026-09-26T01:20:38.438447Z DEBUG netbaiot_transports::business_rpc::v3: business RPC V3 received frame stream_id=0 frame_type=WindowUpdate payload_bytes=4
2026-09-26T01:20:38.438566Z DEBUG netbaiot_transports::business_rpc::v3: business RPC V3 received frame stream_id=0 frame_type=WindowUpdate payload_bytes=4
2026-09-26T01:20:38.438589Z DEBUG netbaiot_transports::business_rpc::v3: business RPC V3 received frame stream_id=0 frame_type=WindowUpdate payload_bytes=4
2026-09-26T01:20:38.438605Z DEBUG netbaiot_transports::business_rpc::v3: business RPC V3 received frame stream_id=0 frame_type=WindowUpdate payload_bytes=4
2026-09-26T01:20:38.438619Z DEBUG netbaiot_transports::business_rpc::v3: business RPC V3 received frame stream_id=72 frame_type=Response payload_bytes=35
2026-09-26T01:20:38.438642Z DEBUG netbaiot_transports::business_rpc::v3: business RPC V3 received frame stream_id=66 frame_type=Response payload_bytes=35
2026-09-26T01:20:38.438658Z DEBUG netbaiot_transports::business_rpc::v3: business RPC V3 received frame stream_id=72 frame_type=Data payload_bytes=215
2026-09-26T01:20:38.438722Z DEBUG netbaiot_transports::business_rpc::v3: business RPC V3 received frame stream_id=68 frame_type=Response payload_bytes=35
2026-09-26T01:20:38.438742Z DEBUG netbaiot_transports::business_rpc::v3: business RPC V3 received frame stream_id=70 frame_type=Response payload_bytes=35
2026-09-26T01:20:38.438750Z DEBUG netbaiot_transports::business_rpc::v3: business RPC V3 selected frame stream_id=0 frame_type=WindowUpdate payload_bytes=4
2026-09-26T01:20:38.438756Z DEBUG netbaiot_transports::business_rpc::v3: business RPC V3 received frame stream_id=66 frame_type=Data payload_bytes=215
2026-09-26T01:20:38.438820Z DEBUG netbaiot_transports::business_rpc::v3: business RPC V3 writer completed frame stream_id=0 frame_type=WindowUpdate payload_bytes=4
2026-09-26T01:20:38.438842Z DEBUG netbaiot_transports::business_rpc::v3: business RPC V3 received frame stream_id=68 frame_type=Data payload_bytes=215
2026-09-26T01:20:38.438843Z DEBUG netbaiot_transports::business_rpc::v3: business RPC V3 selected frame stream_id=0 frame_type=WindowUpdate payload_bytes=4
2026-09-26T01:20:38.438894Z DEBUG netbaiot_transports::business_rpc::v3: business RPC V3 received frame stream_id=70 frame_type=Data payload_bytes=215
2026-09-26T01:20:38.438897Z DEBUG netbaiot_transports::business_rpc::v3: business RPC V3 writer completed frame stream_id=0 frame_type=WindowUpdate payload_bytes=4
2026-09-26T01:20:38.438996Z DEBUG netbaiot_transports::business_rpc::v3: business RPC V3 selected frame stream_id=0 frame_type=WindowUpdate payload_bytes=4
2026-09-26T01:20:38.439020Z DEBUG netbaiot_transports::business_rpc::v3: business RPC V3 writer completed frame stream_id=0 frame_type=WindowUpdate payload_bytes=4
2026-09-26T01:20:38.439035Z DEBUG netbaiot_transports::business_rpc::v3: business RPC V3 selected frame stream_id=0 frame_type=WindowUpdate payload_bytes=4
2026-09-26T01:20:38.439053Z DEBUG netbaiot_transports::business_rpc::v3: business RPC V3 writer completed frame stream_id=0 frame_type=WindowUpdate payload_bytes=4
2026-09-26T01:20:38.439872Z DEBUG netbaiot_transports::business_rpc::v3: business RPC V3 body entered scheduler stream_id=74 class=Rpc body_bytes=197
2026-09-26T01:20:38.439920Z DEBUG netbaiot_transports::business_rpc::v3: business RPC V3 body entered scheduler stream_id=76 class=Rpc body_bytes=197
2026-09-26T01:20:38.439930Z DEBUG netbaiot_transports::business_rpc::v3: business RPC V3 body entered scheduler stream_id=78 class=Rpc body_bytes=197
2026-09-26T01:20:38.439939Z DEBUG netbaiot_transports::business_rpc::v3: business RPC V3 body entered scheduler stream_id=80 class=Rpc body_bytes=197
2026-09-26T01:20:38.439948Z DEBUG netbaiot_transports::business_rpc::v3: business RPC V3 selected frame stream_id=74 frame_type=Open payload_bytes=158
2026-09-26T01:20:38.439966Z DEBUG netbaiot_transports::business_rpc::v3: business RPC V3 writer completed frame stream_id=74 frame_type=Open payload_bytes=158
2026-09-26T01:20:38.439977Z DEBUG netbaiot_transports::business_rpc::v3: business RPC V3 selected frame stream_id=76 frame_type=Open payload_bytes=158
2026-09-26T01:20:38.439989Z DEBUG netbaiot_transports::business_rpc::v3: business RPC V3 writer completed frame stream_id=76 frame_type=Open payload_bytes=158
2026-09-26T01:20:38.439997Z DEBUG netbaiot_transports::business_rpc::v3: business RPC V3 selected frame stream_id=78 frame_type=Open payload_bytes=158
2026-09-26T01:20:38.440007Z DEBUG netbaiot_transports::business_rpc::v3: business RPC V3 writer completed frame stream_id=78 frame_type=Open payload_bytes=158
2026-09-26T01:20:38.440015Z DEBUG netbaiot_transports::business_rpc::v3: business RPC V3 selected frame stream_id=80 frame_type=Open payload_bytes=158
2026-09-26T01:20:38.440032Z DEBUG netbaiot_transports::business_rpc::v3: business RPC V3 writer completed frame stream_id=80 frame_type=Open payload_bytes=158
2026-09-26T01:20:38.440042Z DEBUG netbaiot_transports::business_rpc::v3: business RPC V3 selected frame stream_id=74 frame_type=Data payload_bytes=197
2026-09-26T01:20:38.440055Z DEBUG netbaiot_transports::business_rpc::v3: business RPC V3 writer completed frame stream_id=74 frame_type=Data payload_bytes=197
2026-09-26T01:20:38.440063Z DEBUG netbaiot_transports::business_rpc::v3: business RPC V3 selected frame stream_id=76 frame_type=Data payload_bytes=197
2026-09-26T01:20:38.440074Z DEBUG netbaiot_transports::business_rpc::v3: business RPC V3 writer completed frame stream_id=76 frame_type=Data payload_bytes=197
2026-09-26T01:20:38.440084Z DEBUG netbaiot_transports::business_rpc::v3: business RPC V3 selected frame stream_id=78 frame_type=Data payload_bytes=197
2026-09-26T01:20:38.440095Z DEBUG netbaiot_transports::business_rpc::v3: business RPC V3 writer completed frame stream_id=78 frame_type=Data payload_bytes=197
2026-09-26T01:20:38.440102Z DEBUG netbaiot_transports::business_rpc::v3: business RPC V3 selected frame stream_id=80 frame_type=Data payload_bytes=197
2026-09-26T01:20:38.440113Z DEBUG netbaiot_transports::business_rpc::v3: business RPC V3 writer completed frame stream_id=80 frame_type=Data payload_bytes=197
2026-09-26T01:20:38.654160Z DEBUG netbaiot_transports::business_rpc::v3: business RPC V3 received frame stream_id=0 frame_type=WindowUpdate payload_bytes=4
2026-09-26T01:20:38.654192Z DEBUG netbaiot_transports::business_rpc::v3: business RPC V3 received frame stream_id=64 frame_type=WindowUpdate payload_bytes=4
2026-09-26T01:20:38.654205Z DEBUG netbaiot_transports::business_rpc::v3: business RPC V3 selected frame stream_id=64 frame_type=Data payload_bytes=981
2026-09-26T01:20:38.654236Z DEBUG netbaiot_transports::business_rpc::v3: business RPC V3 writer completed frame stream_id=64 frame_type=Data payload_bytes=981
2026-09-26T01:20:38.762579Z DEBUG netbaiot_transports::business_rpc::v3: business RPC V3 received frame stream_id=0 frame_type=WindowUpdate payload_bytes=4
2026-09-26T01:20:38.762604Z DEBUG netbaiot_transports::business_rpc::v3: business RPC V3 received frame stream_id=0 frame_type=WindowUpdate payload_bytes=4
2026-09-26T01:20:38.762608Z DEBUG netbaiot_transports::business_rpc::v3: business RPC V3 received frame stream_id=0 frame_type=WindowUpdate payload_bytes=4
2026-09-26T01:20:38.762613Z DEBUG netbaiot_transports::business_rpc::v3: business RPC V3 received frame stream_id=0 frame_type=WindowUpdate payload_bytes=4
2026-09-26T01:20:38.762616Z DEBUG netbaiot_transports::business_rpc::v3: business RPC V3 received frame stream_id=80 frame_type=Response payload_bytes=35
2026-09-26T01:20:38.762623Z DEBUG netbaiot_transports::business_rpc::v3: business RPC V3 received frame stream_id=76 frame_type=Response payload_bytes=35
2026-09-26T01:20:38.762627Z DEBUG netbaiot_transports::business_rpc::v3: business RPC V3 received frame stream_id=78 frame_type=Response payload_bytes=35
2026-09-26T01:20:38.762630Z DEBUG netbaiot_transports::business_rpc::v3: business RPC V3 received frame stream_id=80 frame_type=Data payload_bytes=215
2026-09-26T01:20:38.762648Z DEBUG netbaiot_transports::business_rpc::v3: business RPC V3 received frame stream_id=76 frame_type=Data payload_bytes=215
2026-09-26T01:20:38.762657Z DEBUG netbaiot_transports::business_rpc::v3: business RPC V3 received frame stream_id=78 frame_type=Data payload_bytes=215
2026-09-26T01:20:38.762659Z DEBUG netbaiot_transports::business_rpc::v3: business RPC V3 selected frame stream_id=0 frame_type=WindowUpdate payload_bytes=4
2026-09-26T01:20:38.762664Z DEBUG netbaiot_transports::business_rpc::v3: business RPC V3 received frame stream_id=74 frame_type=Response payload_bytes=35
2026-09-26T01:20:38.762678Z DEBUG netbaiot_transports::business_rpc::v3: business RPC V3 received frame stream_id=74 frame_type=Data payload_bytes=215
2026-09-26T01:20:38.762682Z DEBUG netbaiot_transports::business_rpc::v3: business RPC V3 writer completed frame stream_id=0 frame_type=WindowUpdate payload_bytes=4
2026-09-26T01:20:38.762688Z DEBUG netbaiot_transports::business_rpc::v3: business RPC V3 selected frame stream_id=0 frame_type=WindowUpdate payload_bytes=4
2026-09-26T01:20:38.762693Z DEBUG netbaiot_transports::business_rpc::v3: business RPC V3 writer completed frame stream_id=0 frame_type=WindowUpdate payload_bytes=4
2026-09-26T01:20:38.762696Z DEBUG netbaiot_transports::business_rpc::v3: business RPC V3 selected frame stream_id=0 frame_type=WindowUpdate payload_bytes=4
2026-09-26T01:20:38.762701Z DEBUG netbaiot_transports::business_rpc::v3: business RPC V3 writer completed frame stream_id=0 frame_type=WindowUpdate payload_bytes=4
2026-09-26T01:20:38.762703Z DEBUG netbaiot_transports::business_rpc::v3: business RPC V3 selected frame stream_id=0 frame_type=WindowUpdate payload_bytes=4
2026-09-26T01:20:38.762707Z DEBUG netbaiot_transports::business_rpc::v3: business RPC V3 writer completed frame stream_id=0 frame_type=WindowUpdate payload_bytes=4
2026-09-26T01:20:38.763057Z DEBUG netbaiot_transports::business_rpc::v3: business RPC V3 body entered scheduler stream_id=82 class=Rpc body_bytes=197
2026-09-26T01:20:38.763063Z DEBUG netbaiot_transports::business_rpc::v3: business RPC V3 body entered scheduler stream_id=84 class=Rpc body_bytes=197
2026-09-26T01:20:38.763066Z DEBUG netbaiot_transports::business_rpc::v3: business RPC V3 body entered scheduler stream_id=86 class=Rpc body_bytes=197
2026-09-26T01:20:38.763068Z DEBUG netbaiot_transports::business_rpc::v3: business RPC V3 selected frame stream_id=82 frame_type=Open payload_bytes=158
2026-09-26T01:20:38.763077Z DEBUG netbaiot_transports::business_rpc::v3: business RPC V3 writer completed frame stream_id=82 frame_type=Open payload_bytes=158
2026-09-26T01:20:38.763093Z DEBUG netbaiot_transports::business_rpc::v3: business RPC V3 body entered scheduler stream_id=88 class=Rpc body_bytes=197
2026-09-26T01:20:38.763097Z DEBUG netbaiot_transports::business_rpc::v3: business RPC V3 selected frame stream_id=84 frame_type=Open payload_bytes=158
2026-09-26T01:20:38.763102Z DEBUG netbaiot_transports::business_rpc::v3: business RPC V3 writer completed frame stream_id=84 frame_type=Open payload_bytes=158
2026-09-26T01:20:38.763105Z DEBUG netbaiot_transports::business_rpc::v3: business RPC V3 selected frame stream_id=86 frame_type=Open payload_bytes=158
2026-09-26T01:20:38.763112Z DEBUG netbaiot_transports::business_rpc::v3: business RPC V3 writer completed frame stream_id=86 frame_type=Open payload_bytes=158
2026-09-26T01:20:38.763115Z DEBUG netbaiot_transports::business_rpc::v3: business RPC V3 selected frame stream_id=88 frame_type=Open payload_bytes=158
2026-09-26T01:20:38.763119Z DEBUG netbaiot_transports::business_rpc::v3: business RPC V3 writer completed frame stream_id=88 frame_type=Open payload_bytes=158
2026-09-26T01:20:38.763123Z DEBUG netbaiot_transports::business_rpc::v3: business RPC V3 selected frame stream_id=82 frame_type=Data payload_bytes=197
2026-09-26T01:20:38.763127Z DEBUG netbaiot_transports::business_rpc::v3: business RPC V3 writer completed frame stream_id=82 frame_type=Data payload_bytes=197
2026-09-26T01:20:38.763130Z DEBUG netbaiot_transports::business_rpc::v3: business RPC V3 selected frame stream_id=84 frame_type=Data payload_bytes=197
2026-09-26T01:20:38.763134Z DEBUG netbaiot_transports::business_rpc::v3: business RPC V3 writer completed frame stream_id=84 frame_type=Data payload_bytes=197
2026-09-26T01:20:38.763137Z DEBUG netbaiot_transports::business_rpc::v3: business RPC V3 selected frame stream_id=86 frame_type=Data payload_bytes=197
2026-09-26T01:20:38.763140Z DEBUG netbaiot_transports::business_rpc::v3: business RPC V3 writer completed frame stream_id=86 frame_type=Data payload_bytes=197
2026-09-26T01:20:38.763143Z DEBUG netbaiot_transports::business_rpc::v3: business RPC V3 selected frame stream_id=88 frame_type=Data payload_bytes=197
2026-09-26T01:20:38.763152Z DEBUG netbaiot_transports::business_rpc::v3: business RPC V3 writer completed frame stream_id=88 frame_type=Data payload_bytes=197
2026-09-26T01:20:38.794157Z DEBUG netbaiot_transports::business_rpc::v3: business RPC V3 received frame stream_id=0 frame_type=WindowUpdate payload_bytes=4
2026-09-26T01:20:38.794174Z DEBUG netbaiot_transports::business_rpc::v3: business RPC V3 received frame stream_id=64 frame_type=Response payload_bytes=35
2026-09-26T01:20:38.794182Z DEBUG netbaiot_transports::business_rpc::v3: business RPC V3 received frame stream_id=64 frame_type=Data payload_bytes=118
2026-09-26T01:20:38.794190Z DEBUG netbaiot_transports::business_rpc::v3: business RPC V3 Event delivery acknowledged stream_id=64 completion_us=809302
2026-09-26T01:20:38.794213Z DEBUG netbaiot_transports::business_rpc::v3: business RPC V3 selected frame stream_id=0 frame_type=WindowUpdate payload_bytes=4
2026-09-26T01:20:38.794230Z DEBUG netbaiot_transports::business_rpc::v3: business RPC V3 writer completed frame stream_id=0 frame_type=WindowUpdate payload_bytes=4
2026-09-26T01:20:38.925549Z DEBUG netbaiot_transports::business_rpc::v3: business RPC V3 received frame stream_id=0 frame_type=WindowUpdate payload_bytes=4
2026-09-26T01:20:38.925568Z DEBUG netbaiot_transports::business_rpc::v3: business RPC V3 received frame stream_id=0 frame_type=WindowUpdate payload_bytes=4
2026-09-26T01:20:38.925576Z DEBUG netbaiot_transports::business_rpc::v3: business RPC V3 received frame stream_id=0 frame_type=WindowUpdate payload_bytes=4
2026-09-26T01:20:38.925582Z DEBUG netbaiot_transports::business_rpc::v3: business RPC V3 received frame stream_id=0 frame_type=WindowUpdate payload_bytes=4
2026-09-26T01:20:38.925588Z DEBUG netbaiot_transports::business_rpc::v3: business RPC V3 received frame stream_id=88 frame_type=Response payload_bytes=35
2026-09-26T01:20:38.925598Z DEBUG netbaiot_transports::business_rpc::v3: business RPC V3 received frame stream_id=82 frame_type=Response payload_bytes=35
2026-09-26T01:20:38.925605Z DEBUG netbaiot_transports::business_rpc::v3: business RPC V3 received frame stream_id=84 frame_type=Response payload_bytes=35
2026-09-26T01:20:38.925611Z DEBUG netbaiot_transports::business_rpc::v3: business RPC V3 received frame stream_id=86 frame_type=Response payload_bytes=35
2026-09-26T01:20:38.925616Z DEBUG netbaiot_transports::business_rpc::v3: business RPC V3 received frame stream_id=88 frame_type=Data payload_bytes=215
2026-09-26T01:20:38.925648Z DEBUG netbaiot_transports::business_rpc::v3: business RPC V3 received frame stream_id=82 frame_type=Data payload_bytes=215
2026-09-26T01:20:38.925662Z DEBUG netbaiot_transports::business_rpc::v3: business RPC V3 received frame stream_id=84 frame_type=Data payload_bytes=215
2026-09-26T01:20:38.925665Z DEBUG netbaiot_transports::business_rpc::v3: business RPC V3 selected frame stream_id=0 frame_type=WindowUpdate payload_bytes=4
2026-09-26T01:20:38.925675Z DEBUG netbaiot_transports::business_rpc::v3: business RPC V3 received frame stream_id=86 frame_type=Data payload_bytes=215
2026-09-26T01:20:38.925698Z DEBUG netbaiot_transports::business_rpc::v3: business RPC V3 writer completed frame stream_id=0 frame_type=WindowUpdate payload_bytes=4
2026-09-26T01:20:38.925708Z DEBUG netbaiot_transports::business_rpc::v3: business RPC V3 selected frame stream_id=0 frame_type=WindowUpdate payload_bytes=4
2026-09-26T01:20:38.925718Z DEBUG netbaiot_transports::business_rpc::v3: business RPC V3 writer completed frame stream_id=0 frame_type=WindowUpdate payload_bytes=4
2026-09-26T01:20:38.925724Z DEBUG netbaiot_transports::business_rpc::v3: business RPC V3 selected frame stream_id=0 frame_type=WindowUpdate payload_bytes=4
2026-09-26T01:20:38.925732Z DEBUG netbaiot_transports::business_rpc::v3: business RPC V3 writer completed frame stream_id=0 frame_type=WindowUpdate payload_bytes=4
2026-09-26T01:20:38.925737Z DEBUG netbaiot_transports::business_rpc::v3: business RPC V3 selected frame stream_id=0 frame_type=WindowUpdate payload_bytes=4
2026-09-26T01:20:38.925744Z DEBUG netbaiot_transports::business_rpc::v3: business RPC V3 writer completed frame stream_id=0 frame_type=WindowUpdate payload_bytes=4
2026-09-26T01:20:38.926360Z DEBUG netbaiot_transports::business_rpc::v3: business RPC V3 body entered scheduler stream_id=90 class=Rpc body_bytes=197
2026-09-26T01:20:38.926373Z DEBUG netbaiot_transports::business_rpc::v3: business RPC V3 body entered scheduler stream_id=92 class=Rpc body_bytes=197
2026-09-26T01:20:38.926380Z DEBUG netbaiot_transports::business_rpc::v3: business RPC V3 selected frame stream_id=90 frame_type=Open payload_bytes=158
2026-09-26T01:20:38.926394Z DEBUG netbaiot_transports::business_rpc::v3: business RPC V3 writer completed frame stream_id=90 frame_type=Open payload_bytes=158
2026-09-26T01:20:38.926402Z DEBUG netbaiot_transports::business_rpc::v3: business RPC V3 body entered scheduler stream_id=94 class=Rpc body_bytes=197
2026-09-26T01:20:38.926408Z DEBUG netbaiot_transports::business_rpc::v3: business RPC V3 body entered scheduler stream_id=96 class=Rpc body_bytes=197
2026-09-26T01:20:38.926413Z DEBUG netbaiot_transports::business_rpc::v3: business RPC V3 selected frame stream_id=92 frame_type=Open payload_bytes=158
2026-09-26T01:20:38.926420Z DEBUG netbaiot_transports::business_rpc::v3: business RPC V3 writer completed frame stream_id=92 frame_type=Open payload_bytes=158
2026-09-26T01:20:38.926425Z DEBUG netbaiot_transports::business_rpc::v3: business RPC V3 selected frame stream_id=94 frame_type=Open payload_bytes=158
2026-09-26T01:20:38.926432Z DEBUG netbaiot_transports::business_rpc::v3: business RPC V3 writer completed frame stream_id=94 frame_type=Open payload_bytes=158
2026-09-26T01:20:38.926437Z DEBUG netbaiot_transports::business_rpc::v3: business RPC V3 selected frame stream_id=96 frame_type=Open payload_bytes=158
2026-09-26T01:20:38.926453Z DEBUG netbaiot_transports::business_rpc::v3: business RPC V3 writer completed frame stream_id=96 frame_type=Open payload_bytes=158
2026-09-26T01:20:38.926460Z DEBUG netbaiot_transports::business_rpc::v3: business RPC V3 selected frame stream_id=90 frame_type=Data payload_bytes=197
2026-09-26T01:20:38.926467Z DEBUG netbaiot_transports::business_rpc::v3: business RPC V3 writer completed frame stream_id=90 frame_type=Data payload_bytes=197
2026-09-26T01:20:38.926473Z DEBUG netbaiot_transports::business_rpc::v3: business RPC V3 selected frame stream_id=92 frame_type=Data payload_bytes=197
2026-09-26T01:20:38.926480Z DEBUG netbaiot_transports::business_rpc::v3: business RPC V3 writer completed frame stream_id=92 frame_type=Data payload_bytes=197
2026-09-26T01:20:38.926485Z DEBUG netbaiot_transports::business_rpc::v3: business RPC V3 selected frame stream_id=94 frame_type=Data payload_bytes=197
2026-09-26T01:20:38.926492Z DEBUG netbaiot_transports::business_rpc::v3: business RPC V3 writer completed frame stream_id=94 frame_type=Data payload_bytes=197
2026-09-26T01:20:38.926497Z DEBUG netbaiot_transports::business_rpc::v3: business RPC V3 selected frame stream_id=96 frame_type=Data payload_bytes=197
2026-09-26T01:20:38.926510Z DEBUG netbaiot_transports::business_rpc::v3: business RPC V3 writer completed frame stream_id=96 frame_type=Data payload_bytes=197
2026-09-26T01:20:38.984191Z DEBUG netbaiot_transports::business_rpc::v3: business RPC V3 body entered scheduler stream_id=98 class=Event body_bytes=17365
2026-09-26T01:20:38.984263Z DEBUG netbaiot_transports::business_rpc::v3: business RPC V3 selected frame stream_id=98 frame_type=Open payload_bytes=184
2026-09-26T01:20:38.984292Z DEBUG netbaiot_transports::business_rpc::v3: business RPC V3 writer completed frame stream_id=98 frame_type=Open payload_bytes=184
2026-09-26T01:20:38.984305Z DEBUG netbaiot_transports::business_rpc::v3: business RPC V3 selected frame stream_id=98 frame_type=Data payload_bytes=8192
2026-09-26T01:20:38.984321Z DEBUG netbaiot_transports::business_rpc::v3: business RPC V3 writer completed frame stream_id=98 frame_type=Data payload_bytes=8192
2026-09-26T01:20:39.058447Z DEBUG netbaiot_transports::business_rpc::v3: business RPC V3 received frame stream_id=0 frame_type=WindowUpdate payload_bytes=4
2026-09-26T01:20:39.058548Z DEBUG netbaiot_transports::business_rpc::v3: business RPC V3 received frame stream_id=0 frame_type=WindowUpdate payload_bytes=4
2026-09-26T01:20:39.058572Z DEBUG netbaiot_transports::business_rpc::v3: business RPC V3 received frame stream_id=0 frame_type=WindowUpdate payload_bytes=4
2026-09-26T01:20:39.058583Z DEBUG netbaiot_transports::business_rpc::v3: business RPC V3 received frame stream_id=0 frame_type=WindowUpdate payload_bytes=4
2026-09-26T01:20:39.058591Z DEBUG netbaiot_transports::business_rpc::v3: business RPC V3 received frame stream_id=96 frame_type=Response payload_bytes=35
2026-09-26T01:20:39.116255Z DEBUG netbaiot_transports::business_rpc::v3: business RPC V3 received frame stream_id=92 frame_type=Response payload_bytes=35
2026-09-26T01:20:39.116383Z DEBUG netbaiot_transports::business_rpc::v3: business RPC V3 received frame stream_id=90 frame_type=Response payload_bytes=35
2026-09-26T01:20:39.116427Z DEBUG netbaiot_transports::business_rpc::v3: business RPC V3 received frame stream_id=94 frame_type=Response payload_bytes=35
2026-09-26T01:20:39.116447Z DEBUG netbaiot_transports::business_rpc::v3: business RPC V3 received frame stream_id=96 frame_type=Data payload_bytes=215
2026-09-26T01:20:39.116519Z DEBUG netbaiot_transports::business_rpc::v3: business RPC V3 received frame stream_id=92 frame_type=Data payload_bytes=215
2026-09-26T01:20:39.116551Z DEBUG netbaiot_transports::business_rpc::v3: business RPC V3 selected frame stream_id=0 frame_type=WindowUpdate payload_bytes=4
2026-09-26T01:20:39.116560Z DEBUG netbaiot_transports::business_rpc::v3: business RPC V3 received frame stream_id=90 frame_type=Data payload_bytes=215
2026-09-26T01:20:39.116653Z DEBUG netbaiot_transports::business_rpc::v3: business RPC V3 received frame stream_id=94 frame_type=Data payload_bytes=215
2026-09-26T01:20:39.116674Z DEBUG netbaiot_transports::business_rpc::v3: business RPC V3 writer completed frame stream_id=0 frame_type=WindowUpdate payload_bytes=4
2026-09-26T01:20:39.116861Z DEBUG netbaiot_transports::business_rpc::v3: business RPC V3 selected frame stream_id=0 frame_type=WindowUpdate payload_bytes=4
2026-09-26T01:20:39.116905Z DEBUG netbaiot_transports::business_rpc::v3: business RPC V3 writer completed frame stream_id=0 frame_type=WindowUpdate payload_bytes=4
2026-09-26T01:20:39.116926Z DEBUG netbaiot_transports::business_rpc::v3: business RPC V3 selected frame stream_id=0 frame_type=WindowUpdate payload_bytes=4
2026-09-26T01:20:39.116949Z DEBUG netbaiot_transports::business_rpc::v3: business RPC V3 writer completed frame stream_id=0 frame_type=WindowUpdate payload_bytes=4
2026-09-26T01:20:39.116964Z DEBUG netbaiot_transports::business_rpc::v3: business RPC V3 selected frame stream_id=0 frame_type=WindowUpdate payload_bytes=4
2026-09-26T01:20:39.116985Z DEBUG netbaiot_transports::business_rpc::v3: business RPC V3 writer completed frame stream_id=0 frame_type=WindowUpdate payload_bytes=4
2026-09-26T01:20:39.118054Z DEBUG netbaiot_transports::business_rpc::v3: business RPC V3 body entered scheduler stream_id=100 class=Rpc body_bytes=197
2026-09-26T01:20:39.118115Z DEBUG netbaiot_transports::business_rpc::v3: business RPC V3 body entered scheduler stream_id=102 class=Rpc body_bytes=197
2026-09-26T01:20:39.118133Z DEBUG netbaiot_transports::business_rpc::v3: business RPC V3 body entered scheduler stream_id=104 class=Rpc body_bytes=197
2026-09-26T01:20:39.118145Z DEBUG netbaiot_transports::business_rpc::v3: business RPC V3 body entered scheduler stream_id=106 class=Rpc body_bytes=197
2026-09-26T01:20:39.118159Z DEBUG netbaiot_transports::business_rpc::v3: business RPC V3 selected frame stream_id=100 frame_type=Open payload_bytes=158
2026-09-26T01:20:39.118200Z DEBUG netbaiot_transports::business_rpc::v3: business RPC V3 writer completed frame stream_id=100 frame_type=Open payload_bytes=158
2026-09-26T01:20:39.118222Z DEBUG netbaiot_transports::business_rpc::v3: business RPC V3 selected frame stream_id=102 frame_type=Open payload_bytes=158
2026-09-26T01:20:39.118242Z DEBUG netbaiot_transports::business_rpc::v3: business RPC V3 writer completed frame stream_id=102 frame_type=Open payload_bytes=158
2026-09-26T01:20:39.118258Z DEBUG netbaiot_transports::business_rpc::v3: business RPC V3 selected frame stream_id=104 frame_type=Open payload_bytes=158
2026-09-26T01:20:39.118274Z DEBUG netbaiot_transports::business_rpc::v3: business RPC V3 writer completed frame stream_id=104 frame_type=Open payload_bytes=158
2026-09-26T01:20:39.118287Z DEBUG netbaiot_transports::business_rpc::v3: business RPC V3 selected frame stream_id=106 frame_type=Open payload_bytes=158
2026-09-26T01:20:39.118305Z DEBUG netbaiot_transports::business_rpc::v3: business RPC V3 writer completed frame stream_id=106 frame_type=Open payload_bytes=158
2026-09-26T01:20:39.118319Z DEBUG netbaiot_transports::business_rpc::v3: business RPC V3 selected frame stream_id=100 frame_type=Data payload_bytes=197
2026-09-26T01:20:39.118337Z DEBUG netbaiot_transports::business_rpc::v3: business RPC V3 writer completed frame stream_id=100 frame_type=Data payload_bytes=197
2026-09-26T01:20:39.118351Z DEBUG netbaiot_transports::business_rpc::v3: business RPC V3 selected frame stream_id=102 frame_type=Data payload_bytes=197
2026-09-26T01:20:39.118377Z DEBUG netbaiot_transports::business_rpc::v3: business RPC V3 writer completed frame stream_id=102 frame_type=Data payload_bytes=197
2026-09-26T01:20:39.118391Z DEBUG netbaiot_transports::business_rpc::v3: business RPC V3 selected frame stream_id=104 frame_type=Data payload_bytes=197
2026-09-26T01:20:39.118409Z DEBUG netbaiot_transports::business_rpc::v3: business RPC V3 writer completed frame stream_id=104 frame_type=Data payload_bytes=197
2026-09-26T01:20:39.118421Z DEBUG netbaiot_transports::business_rpc::v3: business RPC V3 selected frame stream_id=106 frame_type=Data payload_bytes=197
2026-09-26T01:20:39.118439Z DEBUG netbaiot_transports::business_rpc::v3: business RPC V3 writer completed frame stream_id=106 frame_type=Data payload_bytes=197
2026-09-26T01:20:39.339408Z DEBUG netbaiot_transports::business_rpc::v3: business RPC V3 received frame stream_id=0 frame_type=WindowUpdate payload_bytes=4
2026-09-26T01:20:39.339528Z DEBUG netbaiot_transports::business_rpc::v3: business RPC V3 received frame stream_id=98 frame_type=WindowUpdate payload_bytes=4
2026-09-26T01:20:39.339558Z DEBUG netbaiot_transports::business_rpc::v3: business RPC V3 selected frame stream_id=98 frame_type=Data payload_bytes=8192
2026-09-26T01:20:39.339597Z DEBUG netbaiot_transports::business_rpc::v3: business RPC V3 writer completed frame stream_id=98 frame_type=Data payload_bytes=8192
2026-09-26T01:20:39.449437Z DEBUG netbaiot_transports::business_rpc::v3: business RPC V3 received frame stream_id=0 frame_type=WindowUpdate payload_bytes=4
2026-09-26T01:20:39.449527Z DEBUG netbaiot_transports::business_rpc::v3: business RPC V3 received frame stream_id=0 frame_type=WindowUpdate payload_bytes=4
2026-09-26T01:20:39.449556Z DEBUG netbaiot_transports::business_rpc::v3: business RPC V3 received frame stream_id=0 frame_type=WindowUpdate payload_bytes=4
2026-09-26T01:20:39.449571Z DEBUG netbaiot_transports::business_rpc::v3: business RPC V3 received frame stream_id=0 frame_type=WindowUpdate payload_bytes=4
2026-09-26T01:20:39.449581Z DEBUG netbaiot_transports::business_rpc::v3: business RPC V3 received frame stream_id=106 frame_type=Response payload_bytes=35
2026-09-26T01:20:39.449599Z DEBUG netbaiot_transports::business_rpc::v3: business RPC V3 received frame stream_id=100 frame_type=Response payload_bytes=35
2026-09-26T01:20:39.449610Z DEBUG netbaiot_transports::business_rpc::v3: business RPC V3 received frame stream_id=102 frame_type=Response payload_bytes=35
2026-09-26T01:20:39.449620Z DEBUG netbaiot_transports::business_rpc::v3: business RPC V3 received frame stream_id=106 frame_type=Data payload_bytes=215
2026-09-26T01:20:39.449679Z DEBUG netbaiot_transports::business_rpc::v3: business RPC V3 received frame stream_id=104 frame_type=Response payload_bytes=35
2026-09-26T01:20:39.449699Z DEBUG netbaiot_transports::business_rpc::v3: business RPC V3 received frame stream_id=100 frame_type=Data payload_bytes=215
2026-09-26T01:20:39.449708Z DEBUG netbaiot_transports::business_rpc::v3: business RPC V3 selected frame stream_id=0 frame_type=WindowUpdate payload_bytes=4
2026-09-26T01:20:39.449728Z DEBUG netbaiot_transports::business_rpc::v3: business RPC V3 received frame stream_id=102 frame_type=Data payload_bytes=215
2026-09-26T01:20:39.449788Z DEBUG netbaiot_transports::business_rpc::v3: business RPC V3 received frame stream_id=104 frame_type=Data payload_bytes=215
2026-09-26T01:20:39.449799Z DEBUG netbaiot_transports::business_rpc::v3: business RPC V3 writer completed frame stream_id=0 frame_type=WindowUpdate payload_bytes=4
2026-09-26T01:20:39.449819Z DEBUG netbaiot_transports::business_rpc::v3: business RPC V3 selected frame stream_id=0 frame_type=WindowUpdate payload_bytes=4
2026-09-26T01:20:39.449839Z DEBUG netbaiot_transports::business_rpc::v3: business RPC V3 writer completed frame stream_id=0 frame_type=WindowUpdate payload_bytes=4
2026-09-26T01:20:39.449849Z DEBUG netbaiot_transports::business_rpc::v3: business RPC V3 selected frame stream_id=0 frame_type=WindowUpdate payload_bytes=4
2026-09-26T01:20:39.449863Z DEBUG netbaiot_transports::business_rpc::v3: business RPC V3 writer completed frame stream_id=0 frame_type=WindowUpdate payload_bytes=4
2026-09-26T01:20:39.449949Z DEBUG netbaiot_transports::business_rpc::v3: business RPC V3 selected frame stream_id=0 frame_type=WindowUpdate payload_bytes=4
2026-09-26T01:20:39.449974Z DEBUG netbaiot_transports::business_rpc::v3: business RPC V3 writer completed frame stream_id=0 frame_type=WindowUpdate payload_bytes=4
2026-09-26T01:20:39.451184Z DEBUG netbaiot_transports::business_rpc::v3: business RPC V3 body entered scheduler stream_id=108 class=Rpc body_bytes=197
2026-09-26T01:20:39.451274Z DEBUG netbaiot_transports::business_rpc::v3: business RPC V3 body entered scheduler stream_id=110 class=Rpc body_bytes=197
2026-09-26T01:20:39.451291Z DEBUG netbaiot_transports::business_rpc::v3: business RPC V3 body entered scheduler stream_id=112 class=Rpc body_bytes=197
2026-09-26T01:20:39.451302Z DEBUG netbaiot_transports::business_rpc::v3: business RPC V3 selected frame stream_id=108 frame_type=Open payload_bytes=158
2026-09-26T01:20:39.451333Z DEBUG netbaiot_transports::business_rpc::v3: business RPC V3 writer completed frame stream_id=108 frame_type=Open payload_bytes=158
2026-09-26T01:20:39.451346Z DEBUG netbaiot_transports::business_rpc::v3: business RPC V3 selected frame stream_id=110 frame_type=Open payload_bytes=158
2026-09-26T01:20:39.451358Z DEBUG netbaiot_transports::business_rpc::v3: business RPC V3 writer completed frame stream_id=110 frame_type=Open payload_bytes=158
2026-09-26T01:20:39.451366Z DEBUG netbaiot_transports::business_rpc::v3: business RPC V3 selected frame stream_id=112 frame_type=Open payload_bytes=158
2026-09-26T01:20:39.451376Z DEBUG netbaiot_transports::business_rpc::v3: business RPC V3 writer completed frame stream_id=112 frame_type=Open payload_bytes=158
2026-09-26T01:20:39.451387Z DEBUG netbaiot_transports::business_rpc::v3: business RPC V3 selected frame stream_id=108 frame_type=Data payload_bytes=197
2026-09-26T01:20:39.451397Z DEBUG netbaiot_transports::business_rpc::v3: business RPC V3 writer completed frame stream_id=108 frame_type=Data payload_bytes=197
2026-09-26T01:20:39.451405Z DEBUG netbaiot_transports::business_rpc::v3: business RPC V3 selected frame stream_id=110 frame_type=Data payload_bytes=197
2026-09-26T01:20:39.451414Z DEBUG netbaiot_transports::business_rpc::v3: business RPC V3 writer completed frame stream_id=110 frame_type=Data payload_bytes=197
2026-09-26T01:20:39.451422Z DEBUG netbaiot_transports::business_rpc::v3: business RPC V3 selected frame stream_id=112 frame_type=Data payload_bytes=197
2026-09-26T01:20:39.451431Z DEBUG netbaiot_transports::business_rpc::v3: business RPC V3 writer completed frame stream_id=112 frame_type=Data payload_bytes=197
2026-09-26T01:20:39.451943Z DEBUG netbaiot_transports::business_rpc::v3: business RPC V3 body entered scheduler stream_id=114 class=Rpc body_bytes=197
2026-09-26T01:20:39.451979Z DEBUG netbaiot_transports::business_rpc::v3: business RPC V3 selected frame stream_id=114 frame_type=Open payload_bytes=158
2026-09-26T01:20:39.452000Z DEBUG netbaiot_transports::business_rpc::v3: business RPC V3 writer completed frame stream_id=114 frame_type=Open payload_bytes=158
2026-09-26T01:20:39.452011Z DEBUG netbaiot_transports::business_rpc::v3: business RPC V3 selected frame stream_id=114 frame_type=Data payload_bytes=197
2026-09-26T01:20:39.452022Z DEBUG netbaiot_transports::business_rpc::v3: business RPC V3 writer completed frame stream_id=114 frame_type=Data payload_bytes=197
2026-09-26T01:20:39.690924Z DEBUG netbaiot_transports::business_rpc::v3: business RPC V3 received frame stream_id=0 frame_type=WindowUpdate payload_bytes=4
2026-09-26T01:20:39.690949Z DEBUG netbaiot_transports::business_rpc::v3: business RPC V3 received frame stream_id=98 frame_type=WindowUpdate payload_bytes=4
2026-09-26T01:20:39.690958Z DEBUG netbaiot_transports::business_rpc::v3: business RPC V3 selected frame stream_id=98 frame_type=Data payload_bytes=981
2026-09-26T01:20:39.690969Z DEBUG netbaiot_transports::business_rpc::v3: business RPC V3 writer completed frame stream_id=98 frame_type=Data payload_bytes=981
2026-09-26T01:20:39.799301Z DEBUG netbaiot_transports::business_rpc::v3: business RPC V3 received frame stream_id=0 frame_type=WindowUpdate payload_bytes=4
2026-09-26T01:20:39.799336Z DEBUG netbaiot_transports::business_rpc::v3: business RPC V3 received frame stream_id=0 frame_type=WindowUpdate payload_bytes=4
2026-09-26T01:20:39.799343Z DEBUG netbaiot_transports::business_rpc::v3: business RPC V3 received frame stream_id=0 frame_type=WindowUpdate payload_bytes=4
2026-09-26T01:20:39.799347Z DEBUG netbaiot_transports::business_rpc::v3: business RPC V3 received frame stream_id=0 frame_type=WindowUpdate payload_bytes=4
2026-09-26T01:20:39.799352Z DEBUG netbaiot_transports::business_rpc::v3: business RPC V3 received frame stream_id=114 frame_type=Response payload_bytes=35
2026-09-26T01:20:39.799362Z DEBUG netbaiot_transports::business_rpc::v3: business RPC V3 received frame stream_id=108 frame_type=Response payload_bytes=35
2026-09-26T01:20:39.799367Z DEBUG netbaiot_transports::business_rpc::v3: business RPC V3 received frame stream_id=110 frame_type=Response payload_bytes=35
2026-09-26T01:20:39.799371Z DEBUG netbaiot_transports::business_rpc::v3: business RPC V3 received frame stream_id=114 frame_type=Data payload_bytes=215
2026-09-26T01:20:39.799397Z DEBUG netbaiot_transports::business_rpc::v3: business RPC V3 received frame stream_id=112 frame_type=Response payload_bytes=35
2026-09-26T01:20:39.799404Z DEBUG netbaiot_transports::business_rpc::v3: business RPC V3 received frame stream_id=108 frame_type=Data payload_bytes=215
2026-09-26T01:20:39.799410Z DEBUG netbaiot_transports::business_rpc::v3: business RPC V3 selected frame stream_id=0 frame_type=WindowUpdate payload_bytes=4
2026-09-26T01:20:39.799434Z DEBUG netbaiot_transports::business_rpc::v3: business RPC V3 writer completed frame stream_id=0 frame_type=WindowUpdate payload_bytes=4
2026-09-26T01:20:39.799441Z DEBUG netbaiot_transports::business_rpc::v3: business RPC V3 selected frame stream_id=0 frame_type=WindowUpdate payload_bytes=4
2026-09-26T01:20:39.799417Z DEBUG netbaiot_transports::business_rpc::v3: business RPC V3 received frame stream_id=110 frame_type=Data payload_bytes=215
2026-09-26T01:20:39.799448Z DEBUG netbaiot_transports::business_rpc::v3: business RPC V3 writer completed frame stream_id=0 frame_type=WindowUpdate payload_bytes=4
2026-09-26T01:20:39.799474Z DEBUG netbaiot_transports::business_rpc::v3: business RPC V3 selected frame stream_id=0 frame_type=WindowUpdate payload_bytes=4
2026-09-26T01:20:39.799483Z DEBUG netbaiot_transports::business_rpc::v3: business RPC V3 writer completed frame stream_id=0 frame_type=WindowUpdate payload_bytes=4
2026-09-26T01:20:39.799465Z DEBUG netbaiot_transports::business_rpc::v3: business RPC V3 received frame stream_id=112 frame_type=Data payload_bytes=215
2026-09-26T01:20:39.799552Z DEBUG netbaiot_transports::business_rpc::v3: business RPC V3 selected frame stream_id=0 frame_type=WindowUpdate payload_bytes=4
2026-09-26T01:20:39.799565Z DEBUG netbaiot_transports::business_rpc::v3: business RPC V3 writer completed frame stream_id=0 frame_type=WindowUpdate payload_bytes=4
2026-09-26T01:20:39.800022Z DEBUG netbaiot_transports::business_rpc::v3: business RPC V3 body entered scheduler stream_id=116 class=Rpc body_bytes=197
2026-09-26T01:20:39.800029Z DEBUG netbaiot_transports::business_rpc::v3: business RPC V3 body entered scheduler stream_id=118 class=Rpc body_bytes=197
2026-09-26T01:20:39.800034Z DEBUG netbaiot_transports::business_rpc::v3: business RPC V3 selected frame stream_id=116 frame_type=Open payload_bytes=158
2026-09-26T01:20:39.800043Z DEBUG netbaiot_transports::business_rpc::v3: business RPC V3 writer completed frame stream_id=116 frame_type=Open payload_bytes=158
2026-09-26T01:20:39.800048Z DEBUG netbaiot_transports::business_rpc::v3: business RPC V3 body entered scheduler stream_id=120 class=Rpc body_bytes=197
2026-09-26T01:20:39.800053Z DEBUG netbaiot_transports::business_rpc::v3: business RPC V3 body entered scheduler stream_id=122 class=Rpc body_bytes=197
2026-09-26T01:20:39.800057Z DEBUG netbaiot_transports::business_rpc::v3: business RPC V3 selected frame stream_id=118 frame_type=Open payload_bytes=158
2026-09-26T01:20:39.800065Z DEBUG netbaiot_transports::business_rpc::v3: business RPC V3 writer completed frame stream_id=118 frame_type=Open payload_bytes=158
2026-09-26T01:20:39.800070Z DEBUG netbaiot_transports::business_rpc::v3: business RPC V3 selected frame stream_id=120 frame_type=Open payload_bytes=158
2026-09-26T01:20:39.800083Z DEBUG netbaiot_transports::business_rpc::v3: business RPC V3 writer completed frame stream_id=120 frame_type=Open payload_bytes=158
2026-09-26T01:20:39.800092Z DEBUG netbaiot_transports::business_rpc::v3: business RPC V3 selected frame stream_id=122 frame_type=Open payload_bytes=158
2026-09-26T01:20:39.800104Z DEBUG netbaiot_transports::business_rpc::v3: business RPC V3 writer completed frame stream_id=122 frame_type=Open payload_bytes=158
2026-09-26T01:20:39.800108Z DEBUG netbaiot_transports::business_rpc::v3: business RPC V3 selected frame stream_id=116 frame_type=Data payload_bytes=197
2026-09-26T01:20:39.800122Z DEBUG netbaiot_transports::business_rpc::v3: business RPC V3 writer completed frame stream_id=116 frame_type=Data payload_bytes=197
2026-09-26T01:20:39.800128Z DEBUG netbaiot_transports::business_rpc::v3: business RPC V3 selected frame stream_id=118 frame_type=Data payload_bytes=197
2026-09-26T01:20:39.800133Z DEBUG netbaiot_transports::business_rpc::v3: business RPC V3 writer completed frame stream_id=118 frame_type=Data payload_bytes=197
2026-09-26T01:20:39.800138Z DEBUG netbaiot_transports::business_rpc::v3: business RPC V3 selected frame stream_id=120 frame_type=Data payload_bytes=197
2026-09-26T01:20:39.800144Z DEBUG netbaiot_transports::business_rpc::v3: business RPC V3 writer completed frame stream_id=120 frame_type=Data payload_bytes=197
2026-09-26T01:20:39.800148Z DEBUG netbaiot_transports::business_rpc::v3: business RPC V3 selected frame stream_id=122 frame_type=Data payload_bytes=197
2026-09-26T01:20:39.800156Z DEBUG netbaiot_transports::business_rpc::v3: business RPC V3 writer completed frame stream_id=122 frame_type=Data payload_bytes=197
2026-09-26T01:20:39.830812Z DEBUG netbaiot_transports::business_rpc::v3: business RPC V3 received frame stream_id=0 frame_type=WindowUpdate payload_bytes=4
2026-09-26T01:20:39.830830Z DEBUG netbaiot_transports::business_rpc::v3: business RPC V3 received frame stream_id=98 frame_type=Response payload_bytes=35
2026-09-26T01:20:39.830836Z DEBUG netbaiot_transports::business_rpc::v3: business RPC V3 received frame stream_id=98 frame_type=Data payload_bytes=118
2026-09-26T01:20:39.830843Z DEBUG netbaiot_transports::business_rpc::v3: business RPC V3 Event delivery acknowledged stream_id=98 completion_us=846663
2026-09-26T01:20:39.830863Z DEBUG netbaiot_transports::business_rpc::v3: business RPC V3 selected frame stream_id=0 frame_type=WindowUpdate payload_bytes=4
2026-09-26T01:20:39.830872Z DEBUG netbaiot_transports::business_rpc::v3: business RPC V3 writer completed frame stream_id=0 frame_type=WindowUpdate payload_bytes=4
2026-09-26T01:20:39.962344Z DEBUG netbaiot_transports::business_rpc::v3: business RPC V3 received frame stream_id=0 frame_type=WindowUpdate payload_bytes=4
2026-09-26T01:20:39.962383Z DEBUG netbaiot_transports::business_rpc::v3: business RPC V3 received frame stream_id=0 frame_type=WindowUpdate payload_bytes=4
2026-09-26T01:20:39.962388Z DEBUG netbaiot_transports::business_rpc::v3: business RPC V3 received frame stream_id=0 frame_type=WindowUpdate payload_bytes=4
2026-09-26T01:20:39.962391Z DEBUG netbaiot_transports::business_rpc::v3: business RPC V3 received frame stream_id=0 frame_type=WindowUpdate payload_bytes=4
2026-09-26T01:20:39.962394Z DEBUG netbaiot_transports::business_rpc::v3: business RPC V3 received frame stream_id=122 frame_type=Response payload_bytes=35
2026-09-26T01:20:39.962400Z DEBUG netbaiot_transports::business_rpc::v3: business RPC V3 received frame stream_id=116 frame_type=Response payload_bytes=35
2026-09-26T01:20:39.962403Z DEBUG netbaiot_transports::business_rpc::v3: business RPC V3 received frame stream_id=118 frame_type=Response payload_bytes=35
2026-09-26T01:20:39.962405Z DEBUG netbaiot_transports::business_rpc::v3: business RPC V3 received frame stream_id=120 frame_type=Response payload_bytes=35
2026-09-26T01:20:39.962408Z DEBUG netbaiot_transports::business_rpc::v3: business RPC V3 received frame stream_id=122 frame_type=Data payload_bytes=215
2026-09-26T01:20:39.962426Z DEBUG netbaiot_transports::business_rpc::v3: business RPC V3 received frame stream_id=116 frame_type=Data payload_bytes=215
2026-09-26T01:20:39.962434Z DEBUG netbaiot_transports::business_rpc::v3: business RPC V3 received frame stream_id=118 frame_type=Data payload_bytes=215
2026-09-26T01:20:39.962437Z DEBUG netbaiot_transports::business_rpc::v3: business RPC V3 selected frame stream_id=0 frame_type=WindowUpdate payload_bytes=4
2026-09-26T01:20:39.962440Z DEBUG netbaiot_transports::business_rpc::v3: business RPC V3 received frame stream_id=120 frame_type=Data payload_bytes=215
2026-09-26T01:20:39.962460Z DEBUG netbaiot_transports::business_rpc::v3: business RPC V3 writer completed frame stream_id=0 frame_type=WindowUpdate payload_bytes=4
2026-09-26T01:20:39.962467Z DEBUG netbaiot_transports::business_rpc::v3: business RPC V3 selected frame stream_id=0 frame_type=WindowUpdate payload_bytes=4
2026-09-26T01:20:39.962472Z DEBUG netbaiot_transports::business_rpc::v3: business RPC V3 writer completed frame stream_id=0 frame_type=WindowUpdate payload_bytes=4
2026-09-26T01:20:39.962475Z DEBUG netbaiot_transports::business_rpc::v3: business RPC V3 selected frame stream_id=0 frame_type=WindowUpdate payload_bytes=4
2026-09-26T01:20:39.962479Z DEBUG netbaiot_transports::business_rpc::v3: business RPC V3 writer completed frame stream_id=0 frame_type=WindowUpdate payload_bytes=4
2026-09-26T01:20:39.962483Z DEBUG netbaiot_transports::business_rpc::v3: business RPC V3 selected frame stream_id=0 frame_type=WindowUpdate payload_bytes=4
2026-09-26T01:20:39.962487Z DEBUG netbaiot_transports::business_rpc::v3: business RPC V3 writer completed frame stream_id=0 frame_type=WindowUpdate payload_bytes=4
2026-09-26T01:20:39.962878Z DEBUG netbaiot_transports::business_rpc::v3: business RPC V3 body entered scheduler stream_id=124 class=Rpc body_bytes=197
2026-09-26T01:20:39.962889Z DEBUG netbaiot_transports::business_rpc::v3: business RPC V3 body entered scheduler stream_id=126 class=Rpc body_bytes=197
2026-09-26T01:20:39.962893Z DEBUG netbaiot_transports::business_rpc::v3: business RPC V3 body entered scheduler stream_id=128 class=Rpc body_bytes=197
2026-09-26T01:20:39.962897Z DEBUG netbaiot_transports::business_rpc::v3: business RPC V3 body entered scheduler stream_id=130 class=Rpc body_bytes=197
2026-09-26T01:20:39.962900Z DEBUG netbaiot_transports::business_rpc::v3: business RPC V3 selected frame stream_id=124 frame_type=Open payload_bytes=158
2026-09-26T01:20:39.962907Z DEBUG netbaiot_transports::business_rpc::v3: business RPC V3 writer completed frame stream_id=124 frame_type=Open payload_bytes=158
2026-09-26T01:20:39.962910Z DEBUG netbaiot_transports::business_rpc::v3: business RPC V3 selected frame stream_id=126 frame_type=Open payload_bytes=158
2026-09-26T01:20:39.962914Z DEBUG netbaiot_transports::business_rpc::v3: business RPC V3 writer completed frame stream_id=126 frame_type=Open payload_bytes=158
2026-09-26T01:20:39.962916Z DEBUG netbaiot_transports::business_rpc::v3: business RPC V3 selected frame stream_id=128 frame_type=Open payload_bytes=158
2026-09-26T01:20:39.962919Z DEBUG netbaiot_transports::business_rpc::v3: business RPC V3 writer completed frame stream_id=128 frame_type=Open payload_bytes=158
2026-09-26T01:20:39.962923Z DEBUG netbaiot_transports::business_rpc::v3: business RPC V3 selected frame stream_id=130 frame_type=Open payload_bytes=158
2026-09-26T01:20:39.962927Z DEBUG netbaiot_transports::business_rpc::v3: business RPC V3 writer completed frame stream_id=130 frame_type=Open payload_bytes=158
2026-09-26T01:20:39.962930Z DEBUG netbaiot_transports::business_rpc::v3: business RPC V3 selected frame stream_id=124 frame_type=Data payload_bytes=197
2026-09-26T01:20:39.962933Z DEBUG netbaiot_transports::business_rpc::v3: business RPC V3 writer completed frame stream_id=124 frame_type=Data payload_bytes=197
2026-09-26T01:20:39.962937Z DEBUG netbaiot_transports::business_rpc::v3: business RPC V3 selected frame stream_id=126 frame_type=Data payload_bytes=197
2026-09-26T01:20:39.962940Z DEBUG netbaiot_transports::business_rpc::v3: business RPC V3 writer completed frame stream_id=126 frame_type=Data payload_bytes=197
2026-09-26T01:20:39.962943Z DEBUG netbaiot_transports::business_rpc::v3: business RPC V3 selected frame stream_id=128 frame_type=Data payload_bytes=197
2026-09-26T01:20:39.962953Z DEBUG netbaiot_transports::business_rpc::v3: business RPC V3 writer completed frame stream_id=128 frame_type=Data payload_bytes=197
2026-09-26T01:20:39.962955Z DEBUG netbaiot_transports::business_rpc::v3: business RPC V3 selected frame stream_id=130 frame_type=Data payload_bytes=197
2026-09-26T01:20:39.962960Z DEBUG netbaiot_transports::business_rpc::v3: business RPC V3 writer completed frame stream_id=130 frame_type=Data payload_bytes=197
2026-09-26T01:20:39.983602Z DEBUG netbaiot_transports::business_rpc::v3: business RPC V3 body entered scheduler stream_id=132 class=Event body_bytes=17365
2026-09-26T01:20:39.983616Z DEBUG netbaiot_transports::business_rpc::v3: business RPC V3 selected frame stream_id=132 frame_type=Open payload_bytes=184
2026-09-26T01:20:39.983625Z DEBUG netbaiot_transports::business_rpc::v3: business RPC V3 writer completed frame stream_id=132 frame_type=Open payload_bytes=184
2026-09-26T01:20:39.983629Z DEBUG netbaiot_transports::business_rpc::v3: business RPC V3 selected frame stream_id=132 frame_type=Data payload_bytes=8192
2026-09-26T01:20:39.983634Z DEBUG netbaiot_transports::business_rpc::v3: business RPC V3 writer completed frame stream_id=132 frame_type=Data payload_bytes=8192
2026-09-26T01:20:40.351626Z DEBUG netbaiot_transports::business_rpc::v3: business RPC V3 received frame stream_id=0 frame_type=WindowUpdate payload_bytes=4
2026-09-26T01:20:40.351754Z DEBUG netbaiot_transports::business_rpc::v3: business RPC V3 received frame stream_id=0 frame_type=WindowUpdate payload_bytes=4
2026-09-26T01:20:40.351786Z DEBUG netbaiot_transports::business_rpc::v3: business RPC V3 received frame stream_id=0 frame_type=WindowUpdate payload_bytes=4
2026-09-26T01:20:40.351804Z DEBUG netbaiot_transports::business_rpc::v3: business RPC V3 received frame stream_id=0 frame_type=WindowUpdate payload_bytes=4
2026-09-26T01:20:40.351819Z DEBUG netbaiot_transports::business_rpc::v3: business RPC V3 received frame stream_id=0 frame_type=WindowUpdate payload_bytes=4
2026-09-26T01:20:40.351832Z DEBUG netbaiot_transports::business_rpc::v3: business RPC V3 received frame stream_id=132 frame_type=WindowUpdate payload_bytes=4
2026-09-26T01:20:40.351846Z DEBUG netbaiot_transports::business_rpc::v3: business RPC V3 received frame stream_id=130 frame_type=Response payload_bytes=35
2026-09-26T01:20:40.351867Z DEBUG netbaiot_transports::business_rpc::v3: business RPC V3 received frame stream_id=124 frame_type=Response payload_bytes=35
2026-09-26T01:20:40.351897Z DEBUG netbaiot_transports::business_rpc::v3: business RPC V3 selected frame stream_id=132 frame_type=Data payload_bytes=8192
2026-09-26T01:20:40.351968Z DEBUG netbaiot_transports::business_rpc::v3: business RPC V3 writer completed frame stream_id=132 frame_type=Data payload_bytes=8192
2026-09-26T01:20:40.408764Z DEBUG netbaiot_transports::business_rpc::v3: business RPC V3 received frame stream_id=126 frame_type=Response payload_bytes=35
2026-09-26T01:20:40.408898Z DEBUG netbaiot_transports::business_rpc::v3: business RPC V3 received frame stream_id=130 frame_type=Data payload_bytes=215
2026-09-26T01:20:40.408985Z DEBUG netbaiot_transports::business_rpc::v3: business RPC V3 received frame stream_id=128 frame_type=Response payload_bytes=35
2026-09-26T01:20:40.409015Z DEBUG netbaiot_transports::business_rpc::v3: business RPC V3 selected frame stream_id=0 frame_type=WindowUpdate payload_bytes=4
2026-09-26T01:20:40.409021Z DEBUG netbaiot_transports::business_rpc::v3: business RPC V3 received frame stream_id=124 frame_type=Data payload_bytes=215
2026-09-26T01:20:40.409104Z DEBUG netbaiot_transports::business_rpc::v3: business RPC V3 writer completed frame stream_id=0 frame_type=WindowUpdate payload_bytes=4
2026-09-26T01:20:40.409130Z DEBUG netbaiot_transports::business_rpc::v3: business RPC V3 selected frame stream_id=0 frame_type=WindowUpdate payload_bytes=4
2026-09-26T01:20:40.409144Z DEBUG netbaiot_transports::business_rpc::v3: business RPC V3 received frame stream_id=126 frame_type=Data payload_bytes=215
2026-09-26T01:20:40.409168Z DEBUG netbaiot_transports::business_rpc::v3: business RPC V3 writer completed frame stream_id=0 frame_type=WindowUpdate payload_bytes=4
2026-09-26T01:20:40.409188Z DEBUG netbaiot_transports::business_rpc::v3: business RPC V3 selected frame stream_id=0 frame_type=WindowUpdate payload_bytes=4
2026-09-26T01:20:40.409189Z DEBUG netbaiot_transports::business_rpc::v3: business RPC V3 received frame stream_id=128 frame_type=Data payload_bytes=215
2026-09-26T01:20:40.409265Z DEBUG netbaiot_transports::business_rpc::v3: business RPC V3 writer completed frame stream_id=0 frame_type=WindowUpdate payload_bytes=4
2026-09-26T01:20:40.409287Z DEBUG netbaiot_transports::business_rpc::v3: business RPC V3 selected frame stream_id=0 frame_type=WindowUpdate payload_bytes=4
2026-09-26T01:20:40.409316Z DEBUG netbaiot_transports::business_rpc::v3: business RPC V3 writer completed frame stream_id=0 frame_type=WindowUpdate payload_bytes=4
2026-09-26T01:20:40.410619Z DEBUG netbaiot_transports::business_rpc::v3: business RPC V3 body entered scheduler stream_id=134 class=Rpc body_bytes=197
2026-09-26T01:20:40.410764Z DEBUG netbaiot_transports::business_rpc::v3: business RPC V3 selected frame stream_id=134 frame_type=Open payload_bytes=158
2026-09-26T01:20:40.410830Z DEBUG netbaiot_transports::business_rpc::v3: business RPC V3 writer completed frame stream_id=134 frame_type=Open payload_bytes=158
2026-09-26T01:20:40.410861Z DEBUG netbaiot_transports::business_rpc::v3: business RPC V3 selected frame stream_id=134 frame_type=Data payload_bytes=197
2026-09-26T01:20:40.410882Z DEBUG netbaiot_transports::business_rpc::v3: business RPC V3 writer completed frame stream_id=134 frame_type=Data payload_bytes=197
2026-09-26T01:20:40.411052Z DEBUG netbaiot_transports::business_rpc::v3: business RPC V3 body entered scheduler stream_id=136 class=Rpc body_bytes=197
2026-09-26T01:20:40.411078Z DEBUG netbaiot_transports::business_rpc::v3: business RPC V3 body entered scheduler stream_id=138 class=Rpc body_bytes=197
2026-09-26T01:20:40.411088Z DEBUG netbaiot_transports::business_rpc::v3: business RPC V3 body entered scheduler stream_id=140 class=Rpc body_bytes=197
2026-09-26T01:20:40.411096Z DEBUG netbaiot_transports::business_rpc::v3: business RPC V3 selected frame stream_id=136 frame_type=Open payload_bytes=158
2026-09-26T01:20:40.411119Z DEBUG netbaiot_transports::business_rpc::v3: business RPC V3 writer completed frame stream_id=136 frame_type=Open payload_bytes=158
2026-09-26T01:20:40.411130Z DEBUG netbaiot_transports::business_rpc::v3: business RPC V3 selected frame stream_id=138 frame_type=Open payload_bytes=158
2026-09-26T01:20:40.411144Z DEBUG netbaiot_transports::business_rpc::v3: business RPC V3 writer completed frame stream_id=138 frame_type=Open payload_bytes=158
2026-09-26T01:20:40.411153Z DEBUG netbaiot_transports::business_rpc::v3: business RPC V3 selected frame stream_id=140 frame_type=Open payload_bytes=158
2026-09-26T01:20:40.411163Z DEBUG netbaiot_transports::business_rpc::v3: business RPC V3 writer completed frame stream_id=140 frame_type=Open payload_bytes=158
2026-09-26T01:20:40.411172Z DEBUG netbaiot_transports::business_rpc::v3: business RPC V3 selected frame stream_id=136 frame_type=Data payload_bytes=197
2026-09-26T01:20:40.411188Z DEBUG netbaiot_transports::business_rpc::v3: business RPC V3 writer completed frame stream_id=136 frame_type=Data payload_bytes=197
2026-09-26T01:20:40.411198Z DEBUG netbaiot_transports::business_rpc::v3: business RPC V3 selected frame stream_id=138 frame_type=Data payload_bytes=197
2026-09-26T01:20:40.411209Z DEBUG netbaiot_transports::business_rpc::v3: business RPC V3 writer completed frame stream_id=138 frame_type=Data payload_bytes=197
2026-09-26T01:20:40.411219Z DEBUG netbaiot_transports::business_rpc::v3: business RPC V3 selected frame stream_id=140 frame_type=Data payload_bytes=197
2026-09-26T01:20:40.411232Z DEBUG netbaiot_transports::business_rpc::v3: business RPC V3 writer completed frame stream_id=140 frame_type=Data payload_bytes=197
2026-09-26T01:20:40.597969Z DEBUG netbaiot_transports::business_rpc::v3: business RPC V3 received frame stream_id=0 frame_type=Ping payload_bytes=8
2026-09-26T01:20:40.598082Z DEBUG netbaiot_transports::business_rpc::v3: business RPC V3 selected frame stream_id=0 frame_type=Pong payload_bytes=8
2026-09-26T01:20:40.598133Z DEBUG netbaiot_transports::business_rpc::v3: business RPC V3 writer completed frame stream_id=0 frame_type=Pong payload_bytes=8
2026-09-26T01:20:40.658448Z DEBUG netbaiot_transports::business_rpc::v3: business RPC V3 received frame stream_id=0 frame_type=WindowUpdate payload_bytes=4
2026-09-26T01:20:40.658570Z DEBUG netbaiot_transports::business_rpc::v3: business RPC V3 received frame stream_id=132 frame_type=WindowUpdate payload_bytes=4
2026-09-26T01:20:40.658615Z DEBUG netbaiot_transports::business_rpc::v3: business RPC V3 selected frame stream_id=132 frame_type=Data payload_bytes=981
2026-09-26T01:20:40.658670Z DEBUG netbaiot_transports::business_rpc::v3: business RPC V3 writer completed frame stream_id=132 frame_type=Data payload_bytes=981
2026-09-26T01:20:40.734696Z DEBUG netbaiot_transports::business_rpc::v3: business RPC V3 received frame stream_id=0 frame_type=WindowUpdate payload_bytes=4
2026-09-26T01:20:40.734762Z DEBUG netbaiot_transports::business_rpc::v3: business RPC V3 received frame stream_id=0 frame_type=WindowUpdate payload_bytes=4
2026-09-26T01:20:40.734768Z DEBUG netbaiot_transports::business_rpc::v3: business RPC V3 received frame stream_id=0 frame_type=WindowUpdate payload_bytes=4
2026-09-26T01:20:40.794524Z DEBUG netbaiot_transports::business_rpc::v3: business RPC V3 received frame stream_id=0 frame_type=WindowUpdate payload_bytes=4
2026-09-26T01:20:40.794558Z DEBUG netbaiot_transports::business_rpc::v3: business RPC V3 received frame stream_id=140 frame_type=Response payload_bytes=35
2026-09-26T01:20:40.794568Z DEBUG netbaiot_transports::business_rpc::v3: business RPC V3 received frame stream_id=136 frame_type=Response payload_bytes=35
2026-09-26T01:20:40.794572Z DEBUG netbaiot_transports::business_rpc::v3: business RPC V3 received frame stream_id=140 frame_type=Data payload_bytes=215
2026-09-26T01:20:40.794596Z DEBUG netbaiot_transports::business_rpc::v3: business RPC V3 received frame stream_id=138 frame_type=Response payload_bytes=35
2026-09-26T01:20:40.794601Z DEBUG netbaiot_transports::business_rpc::v3: business RPC V3 received frame stream_id=134 frame_type=Response payload_bytes=35
2026-09-26T01:20:40.794605Z DEBUG netbaiot_transports::business_rpc::v3: business RPC V3 received frame stream_id=136 frame_type=Data payload_bytes=215
2026-09-26T01:20:40.794608Z DEBUG netbaiot_transports::business_rpc::v3: business RPC V3 selected frame stream_id=0 frame_type=WindowUpdate payload_bytes=4
2026-09-26T01:20:40.794614Z DEBUG netbaiot_transports::business_rpc::v3: business RPC V3 received frame stream_id=138 frame_type=Data payload_bytes=215
2026-09-26T01:20:40.794630Z DEBUG netbaiot_transports::business_rpc::v3: business RPC V3 writer completed frame stream_id=0 frame_type=WindowUpdate payload_bytes=4
2026-09-26T01:20:40.794637Z DEBUG netbaiot_transports::business_rpc::v3: business RPC V3 selected frame stream_id=0 frame_type=WindowUpdate payload_bytes=4
2026-09-26T01:20:40.794648Z DEBUG netbaiot_transports::business_rpc::v3: business RPC V3 writer completed frame stream_id=0 frame_type=WindowUpdate payload_bytes=4
2026-09-26T01:20:40.794652Z DEBUG netbaiot_transports::business_rpc::v3: business RPC V3 selected frame stream_id=0 frame_type=WindowUpdate payload_bytes=4
2026-09-26T01:20:40.794657Z DEBUG netbaiot_transports::business_rpc::v3: business RPC V3 writer completed frame stream_id=0 frame_type=WindowUpdate payload_bytes=4
2026-09-26T01:20:40.794637Z DEBUG netbaiot_transports::business_rpc::v3: business RPC V3 received frame stream_id=134 frame_type=Data payload_bytes=215
2026-09-26T01:20:40.794768Z DEBUG netbaiot_transports::business_rpc::v3: business RPC V3 selected frame stream_id=0 frame_type=WindowUpdate payload_bytes=4
2026-09-26T01:20:40.794809Z DEBUG netbaiot_transports::business_rpc::v3: business RPC V3 writer completed frame stream_id=0 frame_type=WindowUpdate payload_bytes=4
2026-09-26T01:20:40.795222Z DEBUG netbaiot_transports::business_rpc::v3: business RPC V3 body entered scheduler stream_id=142 class=Rpc body_bytes=197
2026-09-26T01:20:40.795237Z DEBUG netbaiot_transports::business_rpc::v3: business RPC V3 body entered scheduler stream_id=144 class=Rpc body_bytes=197
2026-09-26T01:20:40.795242Z DEBUG netbaiot_transports::business_rpc::v3: business RPC V3 selected frame stream_id=142 frame_type=Open payload_bytes=158
2026-09-26T01:20:40.795253Z DEBUG netbaiot_transports::business_rpc::v3: business RPC V3 writer completed frame stream_id=142 frame_type=Open payload_bytes=158
2026-09-26T01:20:40.795259Z DEBUG netbaiot_transports::business_rpc::v3: business RPC V3 body entered scheduler stream_id=146 class=Rpc body_bytes=197
2026-09-26T01:20:40.795263Z DEBUG netbaiot_transports::business_rpc::v3: business RPC V3 body entered scheduler stream_id=148 class=Rpc body_bytes=197
2026-09-26T01:20:40.795266Z DEBUG netbaiot_transports::business_rpc::v3: business RPC V3 selected frame stream_id=144 frame_type=Open payload_bytes=158
2026-09-26T01:20:40.795272Z DEBUG netbaiot_transports::business_rpc::v3: business RPC V3 writer completed frame stream_id=144 frame_type=Open payload_bytes=158
2026-09-26T01:20:40.795275Z DEBUG netbaiot_transports::business_rpc::v3: business RPC V3 selected frame stream_id=146 frame_type=Open payload_bytes=158
2026-09-26T01:20:40.795280Z DEBUG netbaiot_transports::business_rpc::v3: business RPC V3 writer completed frame stream_id=146 frame_type=Open payload_bytes=158
2026-09-26T01:20:40.795283Z DEBUG netbaiot_transports::business_rpc::v3: business RPC V3 selected frame stream_id=148 frame_type=Open payload_bytes=158
2026-09-26T01:20:40.795288Z DEBUG netbaiot_transports::business_rpc::v3: business RPC V3 writer completed frame stream_id=148 frame_type=Open payload_bytes=158
2026-09-26T01:20:40.795292Z DEBUG netbaiot_transports::business_rpc::v3: business RPC V3 selected frame stream_id=142 frame_type=Data payload_bytes=197
2026-09-26T01:20:40.795300Z DEBUG netbaiot_transports::business_rpc::v3: business RPC V3 writer completed frame stream_id=142 frame_type=Data payload_bytes=197
2026-09-26T01:20:40.795304Z DEBUG netbaiot_transports::business_rpc::v3: business RPC V3 selected frame stream_id=144 frame_type=Data payload_bytes=197
2026-09-26T01:20:40.795309Z DEBUG netbaiot_transports::business_rpc::v3: business RPC V3 writer completed frame stream_id=144 frame_type=Data payload_bytes=197
2026-09-26T01:20:40.795313Z DEBUG netbaiot_transports::business_rpc::v3: business RPC V3 selected frame stream_id=146 frame_type=Data payload_bytes=197
2026-09-26T01:20:40.795317Z DEBUG netbaiot_transports::business_rpc::v3: business RPC V3 writer completed frame stream_id=146 frame_type=Data payload_bytes=197
2026-09-26T01:20:40.795321Z DEBUG netbaiot_transports::business_rpc::v3: business RPC V3 selected frame stream_id=148 frame_type=Data payload_bytes=197
2026-09-26T01:20:40.795325Z DEBUG netbaiot_transports::business_rpc::v3: business RPC V3 writer completed frame stream_id=148 frame_type=Data payload_bytes=197
2026-09-26T01:20:40.826043Z DEBUG netbaiot_transports::business_rpc::v3: business RPC V3 received frame stream_id=0 frame_type=WindowUpdate payload_bytes=4
2026-09-26T01:20:40.826062Z DEBUG netbaiot_transports::business_rpc::v3: business RPC V3 received frame stream_id=132 frame_type=Response payload_bytes=35
2026-09-26T01:20:40.826071Z DEBUG netbaiot_transports::business_rpc::v3: business RPC V3 received frame stream_id=132 frame_type=Data payload_bytes=118
2026-09-26T01:20:40.826081Z DEBUG netbaiot_transports::business_rpc::v3: business RPC V3 Event delivery acknowledged stream_id=132 completion_us=842482
2026-09-26T01:20:40.826104Z DEBUG netbaiot_transports::business_rpc::v3: business RPC V3 selected frame stream_id=0 frame_type=WindowUpdate payload_bytes=4
2026-09-26T01:20:40.826128Z DEBUG netbaiot_transports::business_rpc::v3: business RPC V3 writer completed frame stream_id=0 frame_type=WindowUpdate payload_bytes=4
2026-09-26T01:20:40.983589Z DEBUG netbaiot_transports::business_rpc::v3: business RPC V3 body entered scheduler stream_id=150 class=Event body_bytes=17365
2026-09-26T01:20:40.983616Z DEBUG netbaiot_transports::business_rpc::v3: business RPC V3 selected frame stream_id=150 frame_type=Open payload_bytes=184
2026-09-26T01:20:40.983626Z DEBUG netbaiot_transports::business_rpc::v3: business RPC V3 writer completed frame stream_id=150 frame_type=Open payload_bytes=184
2026-09-26T01:20:40.983630Z DEBUG netbaiot_transports::business_rpc::v3: business RPC V3 selected frame stream_id=150 frame_type=Data payload_bytes=8192
2026-09-26T01:20:40.983635Z DEBUG netbaiot_transports::business_rpc::v3: business RPC V3 writer completed frame stream_id=150 frame_type=Data payload_bytes=8192
2026-09-26T01:20:40.983756Z DEBUG netbaiot_transports::business_rpc::v3: business RPC V3 received frame stream_id=0 frame_type=WindowUpdate payload_bytes=4
2026-09-26T01:20:40.983767Z DEBUG netbaiot_transports::business_rpc::v3: business RPC V3 received frame stream_id=0 frame_type=WindowUpdate payload_bytes=4
2026-09-26T01:20:40.983771Z DEBUG netbaiot_transports::business_rpc::v3: business RPC V3 received frame stream_id=0 frame_type=WindowUpdate payload_bytes=4
2026-09-26T01:20:40.983774Z DEBUG netbaiot_transports::business_rpc::v3: business RPC V3 received frame stream_id=0 frame_type=WindowUpdate payload_bytes=4
2026-09-26T01:20:40.983776Z DEBUG netbaiot_transports::business_rpc::v3: business RPC V3 received frame stream_id=148 frame_type=Response payload_bytes=35
2026-09-26T01:20:40.983781Z DEBUG netbaiot_transports::business_rpc::v3: business RPC V3 received frame stream_id=142 frame_type=Response payload_bytes=35
2026-09-26T01:20:40.983783Z DEBUG netbaiot_transports::business_rpc::v3: business RPC V3 received frame stream_id=144 frame_type=Response payload_bytes=35
2026-09-26T01:20:40.983786Z DEBUG netbaiot_transports::business_rpc::v3: business RPC V3 received frame stream_id=148 frame_type=Data payload_bytes=215
2026-09-26T01:20:40.983799Z DEBUG netbaiot_transports::business_rpc::v3: business RPC V3 received frame stream_id=142 frame_type=Data payload_bytes=215
2026-09-26T01:20:40.983807Z DEBUG netbaiot_transports::business_rpc::v3: business RPC V3 received frame stream_id=144 frame_type=Data payload_bytes=215
2026-09-26T01:20:40.983808Z DEBUG netbaiot_transports::business_rpc::v3: business RPC V3 selected frame stream_id=0 frame_type=WindowUpdate payload_bytes=4
2026-09-26T01:20:40.983813Z DEBUG netbaiot_transports::business_rpc::v3: business RPC V3 received frame stream_id=146 frame_type=Response payload_bytes=35
2026-09-26T01:20:40.983829Z DEBUG netbaiot_transports::business_rpc::v3: business RPC V3 received frame stream_id=146 frame_type=Data payload_bytes=215
2026-09-26T01:20:40.983832Z DEBUG netbaiot_transports::business_rpc::v3: business RPC V3 writer completed frame stream_id=0 frame_type=WindowUpdate payload_bytes=4
2026-09-26T01:20:40.983837Z DEBUG netbaiot_transports::business_rpc::v3: business RPC V3 selected frame stream_id=0 frame_type=WindowUpdate payload_bytes=4
2026-09-26T01:20:40.983842Z DEBUG netbaiot_transports::business_rpc::v3: business RPC V3 writer completed frame stream_id=0 frame_type=WindowUpdate payload_bytes=4
2026-09-26T01:20:40.983844Z DEBUG netbaiot_transports::business_rpc::v3: business RPC V3 selected frame stream_id=0 frame_type=WindowUpdate payload_bytes=4
2026-09-26T01:20:40.983847Z DEBUG netbaiot_transports::business_rpc::v3: business RPC V3 writer completed frame stream_id=0 frame_type=WindowUpdate payload_bytes=4
2026-09-26T01:20:40.983850Z DEBUG netbaiot_transports::business_rpc::v3: business RPC V3 selected frame stream_id=0 frame_type=WindowUpdate payload_bytes=4
2026-09-26T01:20:40.983853Z DEBUG netbaiot_transports::business_rpc::v3: business RPC V3 writer completed frame stream_id=0 frame_type=WindowUpdate payload_bytes=4
2026-09-26T01:20:40.984221Z DEBUG netbaiot_transports::business_rpc::v3: business RPC V3 body entered scheduler stream_id=152 class=Rpc body_bytes=197
2026-09-26T01:20:40.984228Z DEBUG netbaiot_transports::business_rpc::v3: business RPC V3 body entered scheduler stream_id=154 class=Rpc body_bytes=197
2026-09-26T01:20:40.984231Z DEBUG netbaiot_transports::business_rpc::v3: business RPC V3 selected frame stream_id=152 frame_type=Open payload_bytes=158
2026-09-26T01:20:40.984239Z DEBUG netbaiot_transports::business_rpc::v3: business RPC V3 writer completed frame stream_id=152 frame_type=Open payload_bytes=158
2026-09-26T01:20:40.984242Z DEBUG netbaiot_transports::business_rpc::v3: business RPC V3 body entered scheduler stream_id=156 class=Rpc body_bytes=197
2026-09-26T01:20:40.984244Z DEBUG netbaiot_transports::business_rpc::v3: business RPC V3 selected frame stream_id=154 frame_type=Open payload_bytes=158
2026-09-26T01:20:40.984248Z DEBUG netbaiot_transports::business_rpc::v3: business RPC V3 writer completed frame stream_id=154 frame_type=Open payload_bytes=158
2026-09-26T01:20:40.984251Z DEBUG netbaiot_transports::business_rpc::v3: business RPC V3 selected frame stream_id=156 frame_type=Open payload_bytes=158
2026-09-26T01:20:40.984254Z DEBUG netbaiot_transports::business_rpc::v3: business RPC V3 writer completed frame stream_id=156 frame_type=Open payload_bytes=158
2026-09-26T01:20:40.984256Z DEBUG netbaiot_transports::business_rpc::v3: business RPC V3 body entered scheduler stream_id=158 class=Rpc body_bytes=197
2026-09-26T01:20:40.984258Z DEBUG netbaiot_transports::business_rpc::v3: business RPC V3 selected frame stream_id=158 frame_type=Open payload_bytes=158
2026-09-26T01:20:40.984261Z DEBUG netbaiot_transports::business_rpc::v3: business RPC V3 writer completed frame stream_id=158 frame_type=Open payload_bytes=158
2026-09-26T01:20:40.984263Z DEBUG netbaiot_transports::business_rpc::v3: business RPC V3 selected frame stream_id=152 frame_type=Data payload_bytes=197
2026-09-26T01:20:40.984265Z DEBUG netbaiot_transports::business_rpc::v3: business RPC V3 writer completed frame stream_id=152 frame_type=Data payload_bytes=197
2026-09-26T01:20:40.984267Z DEBUG netbaiot_transports::business_rpc::v3: business RPC V3 selected frame stream_id=154 frame_type=Data payload_bytes=197
2026-09-26T01:20:40.984275Z DEBUG netbaiot_transports::business_rpc::v3: business RPC V3 writer completed frame stream_id=154 frame_type=Data payload_bytes=197
2026-09-26T01:20:40.984278Z DEBUG netbaiot_transports::business_rpc::v3: business RPC V3 selected frame stream_id=156 frame_type=Data payload_bytes=197
2026-09-26T01:20:40.984281Z DEBUG netbaiot_transports::business_rpc::v3: business RPC V3 writer completed frame stream_id=156 frame_type=Data payload_bytes=197
2026-09-26T01:20:40.984284Z DEBUG netbaiot_transports::business_rpc::v3: business RPC V3 selected frame stream_id=158 frame_type=Data payload_bytes=197
2026-09-26T01:20:40.984287Z DEBUG netbaiot_transports::business_rpc::v3: business RPC V3 writer completed frame stream_id=158 frame_type=Data payload_bytes=197
2026-09-26T01:20:41.373560Z DEBUG netbaiot_transports::business_rpc::v3: business RPC V3 received frame stream_id=0 frame_type=WindowUpdate payload_bytes=4
2026-09-26T01:20:41.373671Z DEBUG netbaiot_transports::business_rpc::v3: business RPC V3 received frame stream_id=150 frame_type=WindowUpdate payload_bytes=4
2026-09-26T01:20:41.373697Z DEBUG netbaiot_transports::business_rpc::v3: business RPC V3 received frame stream_id=0 frame_type=WindowUpdate payload_bytes=4
2026-09-26T01:20:41.373710Z DEBUG netbaiot_transports::business_rpc::v3: business RPC V3 received frame stream_id=0 frame_type=WindowUpdate payload_bytes=4
2026-09-26T01:20:41.373721Z DEBUG netbaiot_transports::business_rpc::v3: business RPC V3 received frame stream_id=0 frame_type=WindowUpdate payload_bytes=4
2026-09-26T01:20:41.373730Z DEBUG netbaiot_transports::business_rpc::v3: business RPC V3 received frame stream_id=0 frame_type=WindowUpdate payload_bytes=4
2026-09-26T01:20:41.373743Z DEBUG netbaiot_transports::business_rpc::v3: business RPC V3 received frame stream_id=158 frame_type=Response payload_bytes=35
2026-09-26T01:20:41.373761Z DEBUG netbaiot_transports::business_rpc::v3: business RPC V3 received frame stream_id=152 frame_type=Response payload_bytes=35
2026-09-26T01:20:41.373798Z DEBUG netbaiot_transports::business_rpc::v3: business RPC V3 selected frame stream_id=150 frame_type=Data payload_bytes=8192
2026-09-26T01:20:41.373842Z DEBUG netbaiot_transports::business_rpc::v3: business RPC V3 writer completed frame stream_id=150 frame_type=Data payload_bytes=8192
2026-09-26T01:20:41.430661Z DEBUG netbaiot_transports::business_rpc::v3: business RPC V3 received frame stream_id=154 frame_type=Response payload_bytes=35
2026-09-26T01:20:41.430789Z DEBUG netbaiot_transports::business_rpc::v3: business RPC V3 received frame stream_id=158 frame_type=Data payload_bytes=215
2026-09-26T01:20:41.430876Z DEBUG netbaiot_transports::business_rpc::v3: business RPC V3 received frame stream_id=156 frame_type=Response payload_bytes=35
2026-09-26T01:20:41.430906Z DEBUG netbaiot_transports::business_rpc::v3: business RPC V3 received frame stream_id=152 frame_type=Data payload_bytes=215
2026-09-26T01:20:41.430903Z DEBUG netbaiot_transports::business_rpc::v3: business RPC V3 selected frame stream_id=0 frame_type=WindowUpdate payload_bytes=4
2026-09-26T01:20:41.430952Z DEBUG netbaiot_transports::business_rpc::v3: business RPC V3 received frame stream_id=154 frame_type=Data payload_bytes=215
2026-09-26T01:20:41.431005Z DEBUG netbaiot_transports::business_rpc::v3: business RPC V3 writer completed frame stream_id=0 frame_type=WindowUpdate payload_bytes=4
2026-09-26T01:20:41.431023Z DEBUG netbaiot_transports::business_rpc::v3: business RPC V3 received frame stream_id=156 frame_type=Data payload_bytes=215
2026-09-26T01:20:41.431029Z DEBUG netbaiot_transports::business_rpc::v3: business RPC V3 selected frame stream_id=0 frame_type=WindowUpdate payload_bytes=4
2026-09-26T01:20:41.431137Z DEBUG netbaiot_transports::business_rpc::v3: business RPC V3 writer completed frame stream_id=0 frame_type=WindowUpdate payload_bytes=4
2026-09-26T01:20:41.431169Z DEBUG netbaiot_transports::business_rpc::v3: business RPC V3 selected frame stream_id=0 frame_type=WindowUpdate payload_bytes=4
2026-09-26T01:20:41.431201Z DEBUG netbaiot_transports::business_rpc::v3: business RPC V3 writer completed frame stream_id=0 frame_type=WindowUpdate payload_bytes=4
2026-09-26T01:20:41.431219Z DEBUG netbaiot_transports::business_rpc::v3: business RPC V3 selected frame stream_id=0 frame_type=WindowUpdate payload_bytes=4
2026-09-26T01:20:41.431249Z DEBUG netbaiot_transports::business_rpc::v3: business RPC V3 writer completed frame stream_id=0 frame_type=WindowUpdate payload_bytes=4
2026-09-26T01:20:41.432317Z DEBUG netbaiot_transports::business_rpc::v3: business RPC V3 body entered scheduler stream_id=160 class=Rpc body_bytes=197
2026-09-26T01:20:41.432386Z DEBUG netbaiot_transports::business_rpc::v3: business RPC V3 body entered scheduler stream_id=162 class=Rpc body_bytes=197
2026-09-26T01:20:41.432405Z DEBUG netbaiot_transports::business_rpc::v3: business RPC V3 body entered scheduler stream_id=164 class=Rpc body_bytes=197
2026-09-26T01:20:41.432419Z DEBUG netbaiot_transports::business_rpc::v3: business RPC V3 body entered scheduler stream_id=166 class=Rpc body_bytes=197
2026-09-26T01:20:41.432434Z DEBUG netbaiot_transports::business_rpc::v3: business RPC V3 selected frame stream_id=160 frame_type=Open payload_bytes=158
2026-09-26T01:20:41.432465Z DEBUG netbaiot_transports::business_rpc::v3: business RPC V3 writer completed frame stream_id=160 frame_type=Open payload_bytes=158
2026-09-26T01:20:41.432485Z DEBUG netbaiot_transports::business_rpc::v3: business RPC V3 selected frame stream_id=162 frame_type=Open payload_bytes=158
2026-09-26T01:20:41.432510Z DEBUG netbaiot_transports::business_rpc::v3: business RPC V3 writer completed frame stream_id=162 frame_type=Open payload_bytes=158
2026-09-26T01:20:41.432524Z DEBUG netbaiot_transports::business_rpc::v3: business RPC V3 selected frame stream_id=164 frame_type=Open payload_bytes=158
2026-09-26T01:20:41.432550Z DEBUG netbaiot_transports::business_rpc::v3: business RPC V3 writer completed frame stream_id=164 frame_type=Open payload_bytes=158
2026-09-26T01:20:41.432603Z DEBUG netbaiot_transports::business_rpc::v3: business RPC V3 selected frame stream_id=166 frame_type=Open payload_bytes=158
2026-09-26T01:20:41.432630Z DEBUG netbaiot_transports::business_rpc::v3: business RPC V3 writer completed frame stream_id=166 frame_type=Open payload_bytes=158
2026-09-26T01:20:41.432647Z DEBUG netbaiot_transports::business_rpc::v3: business RPC V3 selected frame stream_id=160 frame_type=Data payload_bytes=197
2026-09-26T01:20:41.432670Z DEBUG netbaiot_transports::business_rpc::v3: business RPC V3 writer completed frame stream_id=160 frame_type=Data payload_bytes=197
2026-09-26T01:20:41.432684Z DEBUG netbaiot_transports::business_rpc::v3: business RPC V3 selected frame stream_id=162 frame_type=Data payload_bytes=197
2026-09-26T01:20:41.432711Z DEBUG netbaiot_transports::business_rpc::v3: business RPC V3 writer completed frame stream_id=162 frame_type=Data payload_bytes=197
2026-09-26T01:20:41.432725Z DEBUG netbaiot_transports::business_rpc::v3: business RPC V3 selected frame stream_id=164 frame_type=Data payload_bytes=197
2026-09-26T01:20:41.432743Z DEBUG netbaiot_transports::business_rpc::v3: business RPC V3 writer completed frame stream_id=164 frame_type=Data payload_bytes=197
2026-09-26T01:20:41.432756Z DEBUG netbaiot_transports::business_rpc::v3: business RPC V3 selected frame stream_id=166 frame_type=Data payload_bytes=197
2026-09-26T01:20:41.432783Z DEBUG netbaiot_transports::business_rpc::v3: business RPC V3 writer completed frame stream_id=166 frame_type=Data payload_bytes=197
2026-09-26T01:20:41.679729Z DEBUG netbaiot_transports::business_rpc::v3: business RPC V3 received frame stream_id=0 frame_type=WindowUpdate payload_bytes=4
2026-09-26T01:20:41.679845Z DEBUG netbaiot_transports::business_rpc::v3: business RPC V3 received frame stream_id=150 frame_type=WindowUpdate payload_bytes=4
2026-09-26T01:20:41.679883Z DEBUG netbaiot_transports::business_rpc::v3: business RPC V3 selected frame stream_id=150 frame_type=Data payload_bytes=981
2026-09-26T01:20:41.679932Z DEBUG netbaiot_transports::business_rpc::v3: business RPC V3 writer completed frame stream_id=150 frame_type=Data payload_bytes=981
2026-09-26T01:20:41.789028Z DEBUG netbaiot_transports::business_rpc::v3: business RPC V3 received frame stream_id=0 frame_type=WindowUpdate payload_bytes=4
2026-09-26T01:20:41.789054Z DEBUG netbaiot_transports::business_rpc::v3: business RPC V3 received frame stream_id=0 frame_type=WindowUpdate payload_bytes=4
2026-09-26T01:20:41.789060Z DEBUG netbaiot_transports::business_rpc::v3: business RPC V3 received frame stream_id=0 frame_type=WindowUpdate payload_bytes=4
2026-09-26T01:20:41.789065Z DEBUG netbaiot_transports::business_rpc::v3: business RPC V3 received frame stream_id=0 frame_type=WindowUpdate payload_bytes=4
2026-09-26T01:20:41.789069Z DEBUG netbaiot_transports::business_rpc::v3: business RPC V3 received frame stream_id=166 frame_type=Response payload_bytes=35
2026-09-26T01:20:41.789077Z DEBUG netbaiot_transports::business_rpc::v3: business RPC V3 received frame stream_id=160 frame_type=Response payload_bytes=35
2026-09-26T01:20:41.789082Z DEBUG netbaiot_transports::business_rpc::v3: business RPC V3 received frame stream_id=162 frame_type=Response payload_bytes=35
2026-09-26T01:20:41.789086Z DEBUG netbaiot_transports::business_rpc::v3: business RPC V3 received frame stream_id=166 frame_type=Data payload_bytes=215
2026-09-26T01:20:41.789107Z DEBUG netbaiot_transports::business_rpc::v3: business RPC V3 received frame stream_id=164 frame_type=Response payload_bytes=35
2026-09-26T01:20:41.789113Z DEBUG netbaiot_transports::business_rpc::v3: business RPC V3 received frame stream_id=160 frame_type=Data payload_bytes=215
2026-09-26T01:20:41.789118Z DEBUG netbaiot_transports::business_rpc::v3: business RPC V3 selected frame stream_id=0 frame_type=WindowUpdate payload_bytes=4
2026-09-26T01:20:41.789122Z DEBUG netbaiot_transports::business_rpc::v3: business RPC V3 received frame stream_id=162 frame_type=Data payload_bytes=215
2026-09-26T01:20:41.789141Z DEBUG netbaiot_transports::business_rpc::v3: business RPC V3 writer completed frame stream_id=0 frame_type=WindowUpdate payload_bytes=4
2026-09-26T01:20:41.789163Z DEBUG netbaiot_transports::business_rpc::v3: business RPC V3 selected frame stream_id=0 frame_type=WindowUpdate payload_bytes=4
2026-09-26T01:20:41.789156Z DEBUG netbaiot_transports::business_rpc::v3: business RPC V3 received frame stream_id=164 frame_type=Data payload_bytes=215
2026-09-26T01:20:41.789179Z DEBUG netbaiot_transports::business_rpc::v3: business RPC V3 writer completed frame stream_id=0 frame_type=WindowUpdate payload_bytes=4
2026-09-26T01:20:41.789237Z DEBUG netbaiot_transports::business_rpc::v3: business RPC V3 selected frame stream_id=0 frame_type=WindowUpdate payload_bytes=4
2026-09-26T01:20:41.789249Z DEBUG netbaiot_transports::business_rpc::v3: business RPC V3 writer completed frame stream_id=0 frame_type=WindowUpdate payload_bytes=4
2026-09-26T01:20:41.789253Z DEBUG netbaiot_transports::business_rpc::v3: business RPC V3 selected frame stream_id=0 frame_type=WindowUpdate payload_bytes=4
2026-09-26T01:20:41.789261Z DEBUG netbaiot_transports::business_rpc::v3: business RPC V3 writer completed frame stream_id=0 frame_type=WindowUpdate payload_bytes=4
2026-09-26T01:20:41.789543Z DEBUG netbaiot_transports::business_rpc::v3: business RPC V3 body entered scheduler stream_id=168 class=Rpc body_bytes=197
2026-09-26T01:20:41.789550Z DEBUG netbaiot_transports::business_rpc::v3: business RPC V3 selected frame stream_id=168 frame_type=Open payload_bytes=158
2026-09-26T01:20:41.789558Z DEBUG netbaiot_transports::business_rpc::v3: business RPC V3 writer completed frame stream_id=168 frame_type=Open payload_bytes=158
2026-09-26T01:20:41.789561Z DEBUG netbaiot_transports::business_rpc::v3: business RPC V3 body entered scheduler stream_id=170 class=Rpc body_bytes=197
2026-09-26T01:20:41.789564Z DEBUG netbaiot_transports::business_rpc::v3: business RPC V3 selected frame stream_id=170 frame_type=Open payload_bytes=158
2026-09-26T01:20:41.789571Z DEBUG netbaiot_transports::business_rpc::v3: business RPC V3 writer completed frame stream_id=170 frame_type=Open payload_bytes=158
2026-09-26T01:20:41.789574Z DEBUG netbaiot_transports::business_rpc::v3: business RPC V3 selected frame stream_id=168 frame_type=Data payload_bytes=197
2026-09-26T01:20:41.789578Z DEBUG netbaiot_transports::business_rpc::v3: business RPC V3 writer completed frame stream_id=168 frame_type=Data payload_bytes=197
2026-09-26T01:20:41.789581Z DEBUG netbaiot_transports::business_rpc::v3: business RPC V3 selected frame stream_id=170 frame_type=Data payload_bytes=197
2026-09-26T01:20:41.789586Z DEBUG netbaiot_transports::business_rpc::v3: business RPC V3 writer completed frame stream_id=170 frame_type=Data payload_bytes=197
2026-09-26T01:20:41.789590Z DEBUG netbaiot_transports::business_rpc::v3: business RPC V3 body entered scheduler stream_id=172 class=Rpc body_bytes=197
2026-09-26T01:20:41.789592Z DEBUG netbaiot_transports::business_rpc::v3: business RPC V3 selected frame stream_id=172 frame_type=Open payload_bytes=158
2026-09-26T01:20:41.789602Z DEBUG netbaiot_transports::business_rpc::v3: business RPC V3 writer completed frame stream_id=172 frame_type=Open payload_bytes=158
2026-09-26T01:20:41.789605Z DEBUG netbaiot_transports::business_rpc::v3: business RPC V3 selected frame stream_id=172 frame_type=Data payload_bytes=197
2026-09-26T01:20:41.789609Z DEBUG netbaiot_transports::business_rpc::v3: business RPC V3 writer completed frame stream_id=172 frame_type=Data payload_bytes=197
2026-09-26T01:20:41.789625Z DEBUG netbaiot_transports::business_rpc::v3: business RPC V3 body entered scheduler stream_id=174 class=Rpc body_bytes=197
2026-09-26T01:20:41.789632Z DEBUG netbaiot_transports::business_rpc::v3: business RPC V3 selected frame stream_id=174 frame_type=Open payload_bytes=158
2026-09-26T01:20:41.789641Z DEBUG netbaiot_transports::business_rpc::v3: business RPC V3 writer completed frame stream_id=174 frame_type=Open payload_bytes=158
2026-09-26T01:20:41.789646Z DEBUG netbaiot_transports::business_rpc::v3: business RPC V3 selected frame stream_id=174 frame_type=Data payload_bytes=197
2026-09-26T01:20:41.789652Z DEBUG netbaiot_transports::business_rpc::v3: business RPC V3 writer completed frame stream_id=174 frame_type=Data payload_bytes=197
2026-09-26T01:20:41.820586Z DEBUG netbaiot_transports::business_rpc::v3: business RPC V3 received frame stream_id=0 frame_type=WindowUpdate payload_bytes=4
2026-09-26T01:20:41.820606Z DEBUG netbaiot_transports::business_rpc::v3: business RPC V3 received frame stream_id=150 frame_type=Response payload_bytes=35
2026-09-26T01:20:41.820616Z DEBUG netbaiot_transports::business_rpc::v3: business RPC V3 received frame stream_id=150 frame_type=Data payload_bytes=118
2026-09-26T01:20:41.820625Z DEBUG netbaiot_transports::business_rpc::v3: business RPC V3 Event delivery acknowledged stream_id=150 completion_us=837040
2026-09-26T01:20:41.820651Z DEBUG netbaiot_transports::business_rpc::v3: business RPC V3 selected frame stream_id=0 frame_type=WindowUpdate payload_bytes=4
2026-09-26T01:20:41.820665Z DEBUG netbaiot_transports::business_rpc::v3: business RPC V3 writer completed frame stream_id=0 frame_type=WindowUpdate payload_bytes=4
2026-09-26T01:20:41.978142Z DEBUG netbaiot_transports::business_rpc::v3: business RPC V3 received frame stream_id=0 frame_type=WindowUpdate payload_bytes=4
2026-09-26T01:20:41.978164Z DEBUG netbaiot_transports::business_rpc::v3: business RPC V3 received frame stream_id=0 frame_type=WindowUpdate payload_bytes=4
2026-09-26T01:20:41.978168Z DEBUG netbaiot_transports::business_rpc::v3: business RPC V3 received frame stream_id=0 frame_type=WindowUpdate payload_bytes=4
2026-09-26T01:20:41.978171Z DEBUG netbaiot_transports::business_rpc::v3: business RPC V3 received frame stream_id=0 frame_type=WindowUpdate payload_bytes=4
2026-09-26T01:20:41.978174Z DEBUG netbaiot_transports::business_rpc::v3: business RPC V3 received frame stream_id=174 frame_type=Response payload_bytes=35
2026-09-26T01:20:41.978179Z DEBUG netbaiot_transports::business_rpc::v3: business RPC V3 received frame stream_id=168 frame_type=Response payload_bytes=35
2026-09-26T01:20:41.978182Z DEBUG netbaiot_transports::business_rpc::v3: business RPC V3 received frame stream_id=170 frame_type=Response payload_bytes=35
2026-09-26T01:20:41.978184Z DEBUG netbaiot_transports::business_rpc::v3: business RPC V3 received frame stream_id=172 frame_type=Response payload_bytes=35
2026-09-26T01:20:41.978187Z DEBUG netbaiot_transports::business_rpc::v3: business RPC V3 received frame stream_id=174 frame_type=Data payload_bytes=215
2026-09-26T01:20:41.978204Z DEBUG netbaiot_transports::business_rpc::v3: business RPC V3 received frame stream_id=168 frame_type=Data payload_bytes=215
2026-09-26T01:20:41.978212Z DEBUG netbaiot_transports::business_rpc::v3: business RPC V3 received frame stream_id=170 frame_type=Data payload_bytes=215
2026-09-26T01:20:41.978214Z DEBUG netbaiot_transports::business_rpc::v3: business RPC V3 selected frame stream_id=0 frame_type=WindowUpdate payload_bytes=4
2026-09-26T01:20:41.978217Z DEBUG netbaiot_transports::business_rpc::v3: business RPC V3 received frame stream_id=172 frame_type=Data payload_bytes=215
2026-09-26T01:20:41.978235Z DEBUG netbaiot_transports::business_rpc::v3: business RPC V3 writer completed frame stream_id=0 frame_type=WindowUpdate payload_bytes=4
2026-09-26T01:20:41.978240Z DEBUG netbaiot_transports::business_rpc::v3: business RPC V3 selected frame stream_id=0 frame_type=WindowUpdate payload_bytes=4
2026-09-26T01:20:41.978245Z DEBUG netbaiot_transports::business_rpc::v3: business RPC V3 writer completed frame stream_id=0 frame_type=WindowUpdate payload_bytes=4
2026-09-26T01:20:41.978248Z DEBUG netbaiot_transports::business_rpc::v3: business RPC V3 selected frame stream_id=0 frame_type=WindowUpdate payload_bytes=4
2026-09-26T01:20:41.978251Z DEBUG netbaiot_transports::business_rpc::v3: business RPC V3 writer completed frame stream_id=0 frame_type=WindowUpdate payload_bytes=4
2026-09-26T01:20:41.978253Z DEBUG netbaiot_transports::business_rpc::v3: business RPC V3 selected frame stream_id=0 frame_type=WindowUpdate payload_bytes=4
2026-09-26T01:20:41.978258Z DEBUG netbaiot_transports::business_rpc::v3: business RPC V3 writer completed frame stream_id=0 frame_type=WindowUpdate payload_bytes=4
2026-09-26T01:20:41.978656Z DEBUG netbaiot_transports::business_rpc::v3: business RPC V3 body entered scheduler stream_id=176 class=Rpc body_bytes=197
2026-09-26T01:20:41.978661Z DEBUG netbaiot_transports::business_rpc::v3: business RPC V3 body entered scheduler stream_id=178 class=Rpc body_bytes=197
2026-09-26T01:20:41.978663Z DEBUG netbaiot_transports::business_rpc::v3: business RPC V3 selected frame stream_id=176 frame_type=Open payload_bytes=158
2026-09-26T01:20:41.978669Z DEBUG netbaiot_transports::business_rpc::v3: business RPC V3 writer completed frame stream_id=176 frame_type=Open payload_bytes=158
2026-09-26T01:20:41.978672Z DEBUG netbaiot_transports::business_rpc::v3: business RPC V3 body entered scheduler stream_id=180 class=Rpc body_bytes=197
2026-09-26T01:20:41.978674Z DEBUG netbaiot_transports::business_rpc::v3: business RPC V3 body entered scheduler stream_id=182 class=Rpc body_bytes=197
2026-09-26T01:20:41.978676Z DEBUG netbaiot_transports::business_rpc::v3: business RPC V3 selected frame stream_id=178 frame_type=Open payload_bytes=158
2026-09-26T01:20:41.978679Z DEBUG netbaiot_transports::business_rpc::v3: business RPC V3 writer completed frame stream_id=178 frame_type=Open payload_bytes=158
2026-09-26T01:20:41.978681Z DEBUG netbaiot_transports::business_rpc::v3: business RPC V3 selected frame stream_id=180 frame_type=Open payload_bytes=158
2026-09-26T01:20:41.978684Z DEBUG netbaiot_transports::business_rpc::v3: business RPC V3 writer completed frame stream_id=180 frame_type=Open payload_bytes=158
2026-09-26T01:20:41.978686Z DEBUG netbaiot_transports::business_rpc::v3: business RPC V3 selected frame stream_id=182 frame_type=Open payload_bytes=158
2026-09-26T01:20:41.978689Z DEBUG netbaiot_transports::business_rpc::v3: business RPC V3 writer completed frame stream_id=182 frame_type=Open payload_bytes=158
2026-09-26T01:20:41.978691Z DEBUG netbaiot_transports::business_rpc::v3: business RPC V3 selected frame stream_id=176 frame_type=Data payload_bytes=197
2026-09-26T01:20:41.978696Z DEBUG netbaiot_transports::business_rpc::v3: business RPC V3 writer completed frame stream_id=176 frame_type=Data payload_bytes=197
2026-09-26T01:20:41.978698Z DEBUG netbaiot_transports::business_rpc::v3: business RPC V3 selected frame stream_id=178 frame_type=Data payload_bytes=197
2026-09-26T01:20:41.978702Z DEBUG netbaiot_transports::business_rpc::v3: business RPC V3 writer completed frame stream_id=178 frame_type=Data payload_bytes=197
2026-09-26T01:20:41.978704Z DEBUG netbaiot_transports::business_rpc::v3: business RPC V3 selected frame stream_id=180 frame_type=Data payload_bytes=197
2026-09-26T01:20:41.978707Z DEBUG netbaiot_transports::business_rpc::v3: business RPC V3 writer completed frame stream_id=180 frame_type=Data payload_bytes=197
2026-09-26T01:20:41.978709Z DEBUG netbaiot_transports::business_rpc::v3: business RPC V3 selected frame stream_id=182 frame_type=Data payload_bytes=197
2026-09-26T01:20:41.978713Z DEBUG netbaiot_transports::business_rpc::v3: business RPC V3 writer completed frame stream_id=182 frame_type=Data payload_bytes=197
2026-09-26T01:20:41.983402Z DEBUG netbaiot_transports::business_rpc::v3: business RPC V3 body entered scheduler stream_id=184 class=Event body_bytes=17365
2026-09-26T01:20:41.983417Z DEBUG netbaiot_transports::business_rpc::v3: business RPC V3 selected frame stream_id=184 frame_type=Open payload_bytes=184
2026-09-26T01:20:41.983426Z DEBUG netbaiot_transports::business_rpc::v3: business RPC V3 writer completed frame stream_id=184 frame_type=Open payload_bytes=184
2026-09-26T01:20:41.983430Z DEBUG netbaiot_transports::business_rpc::v3: business RPC V3 selected frame stream_id=184 frame_type=Data payload_bytes=8192
2026-09-26T01:20:41.983434Z DEBUG netbaiot_transports::business_rpc::v3: business RPC V3 writer completed frame stream_id=184 frame_type=Data payload_bytes=8192
2026-09-26T01:20:42.376171Z DEBUG netbaiot_transports::business_rpc::v3: business RPC V3 received frame stream_id=0 frame_type=WindowUpdate payload_bytes=4
2026-09-26T01:20:42.376290Z DEBUG netbaiot_transports::business_rpc::v3: business RPC V3 received frame stream_id=0 frame_type=WindowUpdate payload_bytes=4
2026-09-26T01:20:42.376322Z DEBUG netbaiot_transports::business_rpc::v3: business RPC V3 received frame stream_id=0 frame_type=WindowUpdate payload_bytes=4
2026-09-26T01:20:42.376339Z DEBUG netbaiot_transports::business_rpc::v3: business RPC V3 received frame stream_id=0 frame_type=WindowUpdate payload_bytes=4
2026-09-26T01:20:42.376353Z DEBUG netbaiot_transports::business_rpc::v3: business RPC V3 received frame stream_id=0 frame_type=WindowUpdate payload_bytes=4
2026-09-26T01:20:42.376366Z DEBUG netbaiot_transports::business_rpc::v3: business RPC V3 received frame stream_id=184 frame_type=WindowUpdate payload_bytes=4
2026-09-26T01:20:42.376379Z DEBUG netbaiot_transports::business_rpc::v3: business RPC V3 received frame stream_id=182 frame_type=Response payload_bytes=35
2026-09-26T01:20:42.376401Z DEBUG netbaiot_transports::business_rpc::v3: business RPC V3 received frame stream_id=176 frame_type=Response payload_bytes=35
2026-09-26T01:20:42.376417Z DEBUG netbaiot_transports::business_rpc::v3: business RPC V3 received frame stream_id=178 frame_type=Response payload_bytes=35
2026-09-26T01:20:42.376431Z DEBUG netbaiot_transports::business_rpc::v3: business RPC V3 received frame stream_id=182 frame_type=Data payload_bytes=215
2026-09-26T01:20:42.376533Z DEBUG netbaiot_transports::business_rpc::v3: business RPC V3 selected frame stream_id=0 frame_type=WindowUpdate payload_bytes=4
2026-09-26T01:20:42.376616Z DEBUG netbaiot_transports::business_rpc::v3: business RPC V3 writer completed frame stream_id=0 frame_type=WindowUpdate payload_bytes=4
2026-09-26T01:20:42.376645Z DEBUG netbaiot_transports::business_rpc::v3: business RPC V3 selected frame stream_id=184 frame_type=Data payload_bytes=8192
2026-09-26T01:20:42.376684Z DEBUG netbaiot_transports::business_rpc::v3: business RPC V3 writer completed frame stream_id=184 frame_type=Data payload_bytes=8192
2026-09-26T01:20:42.377597Z DEBUG netbaiot_transports::business_rpc::v3: business RPC V3 body entered scheduler stream_id=186 class=Rpc body_bytes=197
2026-09-26T01:20:42.377648Z DEBUG netbaiot_transports::business_rpc::v3: business RPC V3 selected frame stream_id=186 frame_type=Open payload_bytes=158
2026-09-26T01:20:42.377690Z DEBUG netbaiot_transports::business_rpc::v3: business RPC V3 writer completed frame stream_id=186 frame_type=Open payload_bytes=158
2026-09-26T01:20:42.377712Z DEBUG netbaiot_transports::business_rpc::v3: business RPC V3 selected frame stream_id=186 frame_type=Data payload_bytes=197
2026-09-26T01:20:42.377741Z DEBUG netbaiot_transports::business_rpc::v3: business RPC V3 writer completed frame stream_id=186 frame_type=Data payload_bytes=197
2026-09-26T01:20:42.424840Z DEBUG netbaiot_transports::business_rpc::v3: business RPC V3 received frame stream_id=180 frame_type=Response payload_bytes=35
2026-09-26T01:20:42.424942Z DEBUG netbaiot_transports::business_rpc::v3: business RPC V3 received frame stream_id=176 frame_type=Data payload_bytes=215
2026-09-26T01:20:42.425025Z DEBUG netbaiot_transports::business_rpc::v3: business RPC V3 received frame stream_id=178 frame_type=Data payload_bytes=215
2026-09-26T01:20:42.425055Z DEBUG netbaiot_transports::business_rpc::v3: business RPC V3 selected frame stream_id=0 frame_type=WindowUpdate payload_bytes=4
2026-09-26T01:20:42.425067Z DEBUG netbaiot_transports::business_rpc::v3: business RPC V3 received frame stream_id=180 frame_type=Data payload_bytes=215
2026-09-26T01:20:42.425131Z DEBUG netbaiot_transports::business_rpc::v3: business RPC V3 writer completed frame stream_id=0 frame_type=WindowUpdate payload_bytes=4
2026-09-26T01:20:42.425155Z DEBUG netbaiot_transports::business_rpc::v3: business RPC V3 selected frame stream_id=0 frame_type=WindowUpdate payload_bytes=4
2026-09-26T01:20:42.425192Z DEBUG netbaiot_transports::business_rpc::v3: business RPC V3 writer completed frame stream_id=0 frame_type=WindowUpdate payload_bytes=4
2026-09-26T01:20:42.425214Z DEBUG netbaiot_transports::business_rpc::v3: business RPC V3 selected frame stream_id=0 frame_type=WindowUpdate payload_bytes=4
2026-09-26T01:20:42.425239Z DEBUG netbaiot_transports::business_rpc::v3: business RPC V3 writer completed frame stream_id=0 frame_type=WindowUpdate payload_bytes=4
2026-09-26T01:20:42.426013Z DEBUG netbaiot_transports::business_rpc::v3: business RPC V3 body entered scheduler stream_id=188 class=Rpc body_bytes=197
2026-09-26T01:20:42.426060Z DEBUG netbaiot_transports::business_rpc::v3: business RPC V3 body entered scheduler stream_id=190 class=Rpc body_bytes=197
2026-09-26T01:20:42.426069Z DEBUG netbaiot_transports::business_rpc::v3: business RPC V3 body entered scheduler stream_id=192 class=Rpc body_bytes=197
2026-09-26T01:20:42.426077Z DEBUG netbaiot_transports::business_rpc::v3: business RPC V3 selected frame stream_id=188 frame_type=Open payload_bytes=158
2026-09-26T01:20:42.426095Z DEBUG netbaiot_transports::business_rpc::v3: business RPC V3 writer completed frame stream_id=188 frame_type=Open payload_bytes=158
2026-09-26T01:20:42.426107Z DEBUG netbaiot_transports::business_rpc::v3: business RPC V3 selected frame stream_id=188 frame_type=Data payload_bytes=197
2026-09-26T01:20:42.426122Z DEBUG netbaiot_transports::business_rpc::v3: business RPC V3 writer completed frame stream_id=188 frame_type=Data payload_bytes=197
2026-09-26T01:20:42.426132Z DEBUG netbaiot_transports::business_rpc::v3: business RPC V3 selected frame stream_id=190 frame_type=Open payload_bytes=158
2026-09-26T01:20:42.426142Z DEBUG netbaiot_transports::business_rpc::v3: business RPC V3 writer completed frame stream_id=190 frame_type=Open payload_bytes=158
2026-09-26T01:20:42.426149Z DEBUG netbaiot_transports::business_rpc::v3: business RPC V3 selected frame stream_id=192 frame_type=Open payload_bytes=158
2026-09-26T01:20:42.426162Z DEBUG netbaiot_transports::business_rpc::v3: business RPC V3 writer completed frame stream_id=192 frame_type=Open payload_bytes=158
2026-09-26T01:20:42.426170Z DEBUG netbaiot_transports::business_rpc::v3: business RPC V3 selected frame stream_id=190 frame_type=Data payload_bytes=197
2026-09-26T01:20:42.426182Z DEBUG netbaiot_transports::business_rpc::v3: business RPC V3 writer completed frame stream_id=190 frame_type=Data payload_bytes=197
2026-09-26T01:20:42.426191Z DEBUG netbaiot_transports::business_rpc::v3: business RPC V3 selected frame stream_id=192 frame_type=Data payload_bytes=197
2026-09-26T01:20:42.426202Z DEBUG netbaiot_transports::business_rpc::v3: business RPC V3 writer completed frame stream_id=192 frame_type=Data payload_bytes=197
2026-09-26T01:20:42.683754Z DEBUG netbaiot_transports::business_rpc::v3: business RPC V3 received frame stream_id=0 frame_type=WindowUpdate payload_bytes=4
2026-09-26T01:20:42.683881Z DEBUG netbaiot_transports::business_rpc::v3: business RPC V3 received frame stream_id=184 frame_type=WindowUpdate payload_bytes=4
2026-09-26T01:20:42.683927Z DEBUG netbaiot_transports::business_rpc::v3: business RPC V3 selected frame stream_id=184 frame_type=Data payload_bytes=981
2026-09-26T01:20:42.683978Z DEBUG netbaiot_transports::business_rpc::v3: business RPC V3 writer completed frame stream_id=184 frame_type=Data payload_bytes=981
2026-09-26T01:20:42.792739Z DEBUG netbaiot_transports::business_rpc::v3: business RPC V3 received frame stream_id=0 frame_type=WindowUpdate payload_bytes=4
2026-09-26T01:20:42.792792Z DEBUG netbaiot_transports::business_rpc::v3: business RPC V3 received frame stream_id=0 frame_type=WindowUpdate payload_bytes=4
2026-09-26T01:20:42.792802Z DEBUG netbaiot_transports::business_rpc::v3: business RPC V3 received frame stream_id=0 frame_type=WindowUpdate payload_bytes=4
2026-09-26T01:20:42.792807Z DEBUG netbaiot_transports::business_rpc::v3: business RPC V3 received frame stream_id=0 frame_type=WindowUpdate payload_bytes=4
2026-09-26T01:20:42.792812Z DEBUG netbaiot_transports::business_rpc::v3: business RPC V3 received frame stream_id=192 frame_type=Response payload_bytes=35
2026-09-26T01:20:42.792825Z DEBUG netbaiot_transports::business_rpc::v3: business RPC V3 received frame stream_id=188 frame_type=Response payload_bytes=35
2026-09-26T01:20:42.792831Z DEBUG netbaiot_transports::business_rpc::v3: business RPC V3 received frame stream_id=190 frame_type=Response payload_bytes=35
2026-09-26T01:20:42.792837Z DEBUG netbaiot_transports::business_rpc::v3: business RPC V3 received frame stream_id=192 frame_type=Data payload_bytes=215
2026-09-26T01:20:42.792876Z DEBUG netbaiot_transports::business_rpc::v3: business RPC V3 received frame stream_id=186 frame_type=Response payload_bytes=35
2026-09-26T01:20:42.792884Z DEBUG netbaiot_transports::business_rpc::v3: business RPC V3 received frame stream_id=188 frame_type=Data payload_bytes=215
2026-09-26T01:20:42.792897Z DEBUG netbaiot_transports::business_rpc::v3: business RPC V3 received frame stream_id=190 frame_type=Data payload_bytes=215
2026-09-26T01:20:42.792907Z DEBUG netbaiot_transports::business_rpc::v3: business RPC V3 received frame stream_id=186 frame_type=Data payload_bytes=215
2026-09-26T01:20:42.793000Z DEBUG netbaiot_transports::business_rpc::v3: business RPC V3 selected frame stream_id=0 frame_type=WindowUpdate payload_bytes=4
2026-09-26T01:20:42.793048Z DEBUG netbaiot_transports::business_rpc::v3: business RPC V3 writer completed frame stream_id=0 frame_type=WindowUpdate payload_bytes=4
2026-09-26T01:20:42.793058Z DEBUG netbaiot_transports::business_rpc::v3: business RPC V3 selected frame stream_id=0 frame_type=WindowUpdate payload_bytes=4
2026-09-26T01:20:42.793071Z DEBUG netbaiot_transports::business_rpc::v3: business RPC V3 writer completed frame stream_id=0 frame_type=WindowUpdate payload_bytes=4
2026-09-26T01:20:42.793076Z DEBUG netbaiot_transports::business_rpc::v3: business RPC V3 selected frame stream_id=0 frame_type=WindowUpdate payload_bytes=4
2026-09-26T01:20:42.793084Z DEBUG netbaiot_transports::business_rpc::v3: business RPC V3 writer completed frame stream_id=0 frame_type=WindowUpdate payload_bytes=4
2026-09-26T01:20:42.793090Z DEBUG netbaiot_transports::business_rpc::v3: business RPC V3 selected frame stream_id=0 frame_type=WindowUpdate payload_bytes=4
2026-09-26T01:20:42.793099Z DEBUG netbaiot_transports::business_rpc::v3: business RPC V3 writer completed frame stream_id=0 frame_type=WindowUpdate payload_bytes=4
2026-09-26T01:20:42.793745Z DEBUG netbaiot_transports::business_rpc::v3: business RPC V3 body entered scheduler stream_id=194 class=Rpc body_bytes=197
2026-09-26T01:20:42.793778Z DEBUG netbaiot_transports::business_rpc::v3: business RPC V3 body entered scheduler stream_id=196 class=Rpc body_bytes=197
2026-09-26T01:20:42.793786Z DEBUG netbaiot_transports::business_rpc::v3: business RPC V3 body entered scheduler stream_id=198 class=Rpc body_bytes=197
2026-09-26T01:20:42.793797Z DEBUG netbaiot_transports::business_rpc::v3: business RPC V3 selected frame stream_id=194 frame_type=Open payload_bytes=158
2026-09-26T01:20:42.793826Z DEBUG netbaiot_transports::business_rpc::v3: business RPC V3 writer completed frame stream_id=194 frame_type=Open payload_bytes=158
2026-09-26T01:20:42.793835Z DEBUG netbaiot_transports::business_rpc::v3: business RPC V3 selected frame stream_id=196 frame_type=Open payload_bytes=158
2026-09-26T01:20:42.793853Z DEBUG netbaiot_transports::business_rpc::v3: business RPC V3 writer completed frame stream_id=196 frame_type=Open payload_bytes=158
2026-09-26T01:20:42.793859Z DEBUG netbaiot_transports::business_rpc::v3: business RPC V3 selected frame stream_id=198 frame_type=Open payload_bytes=158
2026-09-26T01:20:42.793871Z DEBUG netbaiot_transports::business_rpc::v3: business RPC V3 writer completed frame stream_id=198 frame_type=Open payload_bytes=158
2026-09-26T01:20:42.793878Z DEBUG netbaiot_transports::business_rpc::v3: business RPC V3 selected frame stream_id=194 frame_type=Data payload_bytes=197
2026-09-26T01:20:42.793885Z DEBUG netbaiot_transports::business_rpc::v3: business RPC V3 writer completed frame stream_id=194 frame_type=Data payload_bytes=197
2026-09-26T01:20:42.793903Z DEBUG netbaiot_transports::business_rpc::v3: business RPC V3 selected frame stream_id=196 frame_type=Data payload_bytes=197
2026-09-26T01:20:42.793915Z DEBUG netbaiot_transports::business_rpc::v3: business RPC V3 writer completed frame stream_id=196 frame_type=Data payload_bytes=197
2026-09-26T01:20:42.793921Z DEBUG netbaiot_transports::business_rpc::v3: business RPC V3 selected frame stream_id=198 frame_type=Data payload_bytes=197
2026-09-26T01:20:42.793931Z DEBUG netbaiot_transports::business_rpc::v3: business RPC V3 writer completed frame stream_id=198 frame_type=Data payload_bytes=197
2026-09-26T01:20:42.794046Z DEBUG netbaiot_transports::business_rpc::v3: business RPC V3 body entered scheduler stream_id=200 class=Rpc body_bytes=197
2026-09-26T01:20:42.794068Z DEBUG netbaiot_transports::business_rpc::v3: business RPC V3 selected frame stream_id=200 frame_type=Open payload_bytes=158
2026-09-26T01:20:42.794089Z DEBUG netbaiot_transports::business_rpc::v3: business RPC V3 writer completed frame stream_id=200 frame_type=Open payload_bytes=158
2026-09-26T01:20:42.794097Z DEBUG netbaiot_transports::business_rpc::v3: business RPC V3 selected frame stream_id=200 frame_type=Data payload_bytes=197
2026-09-26T01:20:42.794107Z DEBUG netbaiot_transports::business_rpc::v3: business RPC V3 writer completed frame stream_id=200 frame_type=Data payload_bytes=197
2026-09-26T01:20:42.824142Z DEBUG netbaiot_transports::business_rpc::v3: business RPC V3 received frame stream_id=0 frame_type=WindowUpdate payload_bytes=4
2026-09-26T01:20:42.824163Z DEBUG netbaiot_transports::business_rpc::v3: business RPC V3 received frame stream_id=184 frame_type=Response payload_bytes=35
2026-09-26T01:20:42.824173Z DEBUG netbaiot_transports::business_rpc::v3: business RPC V3 received frame stream_id=184 frame_type=Data payload_bytes=118
2026-09-26T01:20:42.824182Z DEBUG netbaiot_transports::business_rpc::v3: business RPC V3 Event delivery acknowledged stream_id=184 completion_us=840782
2026-09-26T01:20:42.824207Z DEBUG netbaiot_transports::business_rpc::v3: business RPC V3 selected frame stream_id=0 frame_type=WindowUpdate payload_bytes=4
2026-09-26T01:20:42.824237Z DEBUG netbaiot_transports::business_rpc::v3: business RPC V3 writer completed frame stream_id=0 frame_type=WindowUpdate payload_bytes=4
2026-09-26T01:20:42.982496Z DEBUG netbaiot_transports::business_rpc::v3: business RPC V3 received frame stream_id=0 frame_type=WindowUpdate payload_bytes=4
2026-09-26T01:20:42.982539Z DEBUG netbaiot_transports::business_rpc::v3: business RPC V3 received frame stream_id=0 frame_type=WindowUpdate payload_bytes=4
2026-09-26T01:20:42.982551Z DEBUG netbaiot_transports::business_rpc::v3: business RPC V3 received frame stream_id=0 frame_type=WindowUpdate payload_bytes=4
2026-09-26T01:20:42.982558Z DEBUG netbaiot_transports::business_rpc::v3: business RPC V3 received frame stream_id=0 frame_type=WindowUpdate payload_bytes=4
2026-09-26T01:20:42.982564Z DEBUG netbaiot_transports::business_rpc::v3: business RPC V3 received frame stream_id=200 frame_type=Response payload_bytes=35
2026-09-26T01:20:42.982587Z DEBUG netbaiot_transports::business_rpc::v3: business RPC V3 received frame stream_id=194 frame_type=Response payload_bytes=35
2026-09-26T01:20:42.982604Z DEBUG netbaiot_transports::business_rpc::v3: business RPC V3 received frame stream_id=196 frame_type=Response payload_bytes=35
2026-09-26T01:20:42.982609Z DEBUG netbaiot_transports::business_rpc::v3: business RPC V3 received frame stream_id=198 frame_type=Response payload_bytes=35
2026-09-26T01:20:42.982612Z DEBUG netbaiot_transports::business_rpc::v3: business RPC V3 received frame stream_id=200 frame_type=Data payload_bytes=215
2026-09-26T01:20:42.982634Z DEBUG netbaiot_transports::business_rpc::v3: business RPC V3 received frame stream_id=194 frame_type=Data payload_bytes=215
2026-09-26T01:20:42.982642Z DEBUG netbaiot_transports::business_rpc::v3: business RPC V3 received frame stream_id=196 frame_type=Data payload_bytes=215
2026-09-26T01:20:42.982648Z DEBUG netbaiot_transports::business_rpc::v3: business RPC V3 received frame stream_id=198 frame_type=Data payload_bytes=215
2026-09-26T01:20:42.982646Z DEBUG netbaiot_transports::business_rpc::v3: business RPC V3 selected frame stream_id=0 frame_type=WindowUpdate payload_bytes=4
2026-09-26T01:20:42.982687Z DEBUG netbaiot_transports::business_rpc::v3: business RPC V3 writer completed frame stream_id=0 frame_type=WindowUpdate payload_bytes=4
2026-09-26T01:20:42.982711Z DEBUG netbaiot_transports::business_rpc::v3: business RPC V3 selected frame stream_id=0 frame_type=WindowUpdate payload_bytes=4
2026-09-26T01:20:42.982722Z DEBUG netbaiot_transports::business_rpc::v3: business RPC V3 writer completed frame stream_id=0 frame_type=WindowUpdate payload_bytes=4
2026-09-26T01:20:42.982726Z DEBUG netbaiot_transports::business_rpc::v3: business RPC V3 selected frame stream_id=0 frame_type=WindowUpdate payload_bytes=4
2026-09-26T01:20:42.982731Z DEBUG netbaiot_transports::business_rpc::v3: business RPC V3 writer completed frame stream_id=0 frame_type=WindowUpdate payload_bytes=4
2026-09-26T01:20:42.982734Z DEBUG netbaiot_transports::business_rpc::v3: business RPC V3 selected frame stream_id=0 frame_type=WindowUpdate payload_bytes=4
2026-09-26T01:20:42.982738Z DEBUG netbaiot_transports::business_rpc::v3: business RPC V3 writer completed frame stream_id=0 frame_type=WindowUpdate payload_bytes=4
2026-09-26T01:20:42.983071Z DEBUG netbaiot_transports::business_rpc::v3: business RPC V3 selected frame stream_id=202 frame_type=Open payload_bytes=184
2026-09-26T01:20:42.983087Z DEBUG netbaiot_transports::business_rpc::v3: business RPC V3 writer completed frame stream_id=202 frame_type=Open payload_bytes=184
2026-09-26T01:20:42.983093Z DEBUG netbaiot_transports::business_rpc::v3: business RPC V3 body entered scheduler stream_id=202 class=Event body_bytes=17365
2026-09-26T01:20:42.983097Z DEBUG netbaiot_transports::business_rpc::v3: business RPC V3 selected frame stream_id=202 frame_type=Data payload_bytes=8192
2026-09-26T01:20:42.983103Z DEBUG netbaiot_transports::business_rpc::v3: business RPC V3 writer completed frame stream_id=202 frame_type=Data payload_bytes=8192
2026-09-26T01:20:42.983183Z DEBUG netbaiot_transports::business_rpc::v3: business RPC V3 body entered scheduler stream_id=204 class=Rpc body_bytes=197
2026-09-26T01:20:42.983188Z DEBUG netbaiot_transports::business_rpc::v3: business RPC V3 selected frame stream_id=204 frame_type=Open payload_bytes=158
2026-09-26T01:20:42.983193Z DEBUG netbaiot_transports::business_rpc::v3: business RPC V3 writer completed frame stream_id=204 frame_type=Open payload_bytes=158
2026-09-26T01:20:42.983196Z DEBUG netbaiot_transports::business_rpc::v3: business RPC V3 selected frame stream_id=204 frame_type=Data payload_bytes=197
2026-09-26T01:20:42.983200Z DEBUG netbaiot_transports::business_rpc::v3: business RPC V3 writer completed frame stream_id=204 frame_type=Data payload_bytes=197
2026-09-26T01:20:42.983246Z DEBUG netbaiot_transports::business_rpc::v3: business RPC V3 body entered scheduler stream_id=206 class=Rpc body_bytes=197
2026-09-26T01:20:42.983250Z DEBUG netbaiot_transports::business_rpc::v3: business RPC V3 selected frame stream_id=206 frame_type=Open payload_bytes=158
2026-09-26T01:20:42.983258Z DEBUG netbaiot_transports::business_rpc::v3: business RPC V3 writer completed frame stream_id=206 frame_type=Open payload_bytes=158
2026-09-26T01:20:42.983261Z DEBUG netbaiot_transports::business_rpc::v3: business RPC V3 selected frame stream_id=206 frame_type=Data payload_bytes=197
2026-09-26T01:20:42.983266Z DEBUG netbaiot_transports::business_rpc::v3: business RPC V3 writer completed frame stream_id=206 frame_type=Data payload_bytes=197
2026-09-26T01:20:42.983269Z DEBUG netbaiot_transports::business_rpc::v3: business RPC V3 body entered scheduler stream_id=208 class=Rpc body_bytes=197
2026-09-26T01:20:42.983272Z DEBUG netbaiot_transports::business_rpc::v3: business RPC V3 selected frame stream_id=208 frame_type=Open payload_bytes=158
2026-09-26T01:20:42.983276Z DEBUG netbaiot_transports::business_rpc::v3: business RPC V3 writer completed frame stream_id=208 frame_type=Open payload_bytes=158
2026-09-26T01:20:42.983278Z DEBUG netbaiot_transports::business_rpc::v3: business RPC V3 body entered scheduler stream_id=210 class=Rpc body_bytes=197
2026-09-26T01:20:42.983280Z DEBUG netbaiot_transports::business_rpc::v3: business RPC V3 selected frame stream_id=210 frame_type=Open payload_bytes=158
2026-09-26T01:20:42.983284Z DEBUG netbaiot_transports::business_rpc::v3: business RPC V3 writer completed frame stream_id=210 frame_type=Open payload_bytes=158
2026-09-26T01:20:42.983286Z DEBUG netbaiot_transports::business_rpc::v3: business RPC V3 selected frame stream_id=208 frame_type=Data payload_bytes=197
2026-09-26T01:20:42.983294Z DEBUG netbaiot_transports::business_rpc::v3: business RPC V3 writer completed frame stream_id=208 frame_type=Data payload_bytes=197
2026-09-26T01:20:42.983297Z DEBUG netbaiot_transports::business_rpc::v3: business RPC V3 selected frame stream_id=210 frame_type=Data payload_bytes=197
2026-09-26T01:20:42.983300Z DEBUG netbaiot_transports::business_rpc::v3: business RPC V3 writer completed frame stream_id=210 frame_type=Data payload_bytes=197
2026-09-26T01:20:43.123719Z DEBUG netbaiot_transports::business_rpc::v3: business RPC V3 received frame stream_id=0 frame_type=Ping payload_bytes=8
2026-09-26T01:20:43.123755Z DEBUG netbaiot_transports::business_rpc::v3: business RPC V3 selected frame stream_id=0 frame_type=Pong payload_bytes=8
2026-09-26T01:20:43.123767Z DEBUG netbaiot_transports::business_rpc::v3: business RPC V3 writer completed frame stream_id=0 frame_type=Pong payload_bytes=8
2026-09-26T01:20:43.404042Z DEBUG netbaiot_transports::business_rpc::v3: business RPC V3 received frame stream_id=0 frame_type=WindowUpdate payload_bytes=4
2026-09-26T01:20:43.404162Z DEBUG netbaiot_transports::business_rpc::v3: business RPC V3 received frame stream_id=202 frame_type=WindowUpdate payload_bytes=4
2026-09-26T01:20:43.404191Z DEBUG netbaiot_transports::business_rpc::v3: business RPC V3 received frame stream_id=0 frame_type=WindowUpdate payload_bytes=4
2026-09-26T01:20:43.404210Z DEBUG netbaiot_transports::business_rpc::v3: business RPC V3 received frame stream_id=0 frame_type=WindowUpdate payload_bytes=4
2026-09-26T01:20:43.404226Z DEBUG netbaiot_transports::business_rpc::v3: business RPC V3 received frame stream_id=0 frame_type=WindowUpdate payload_bytes=4
2026-09-26T01:20:43.404240Z DEBUG netbaiot_transports::business_rpc::v3: business RPC V3 received frame stream_id=0 frame_type=WindowUpdate payload_bytes=4
2026-09-26T01:20:43.404253Z DEBUG netbaiot_transports::business_rpc::v3: business RPC V3 received frame stream_id=210 frame_type=Response payload_bytes=35
2026-09-26T01:20:43.404277Z DEBUG netbaiot_transports::business_rpc::v3: business RPC V3 received frame stream_id=206 frame_type=Response payload_bytes=35
2026-09-26T01:20:43.404293Z DEBUG netbaiot_transports::business_rpc::v3: business RPC V3 received frame stream_id=210 frame_type=Data payload_bytes=215
2026-09-26T01:20:43.404359Z DEBUG netbaiot_transports::business_rpc::v3: business RPC V3 received frame stream_id=204 frame_type=Response payload_bytes=35
2026-09-26T01:20:43.404380Z DEBUG netbaiot_transports::business_rpc::v3: business RPC V3 received frame stream_id=208 frame_type=Response payload_bytes=35
2026-09-26T01:20:43.404389Z DEBUG netbaiot_transports::business_rpc::v3: business RPC V3 selected frame stream_id=0 frame_type=WindowUpdate payload_bytes=4
2026-09-26T01:20:43.404395Z DEBUG netbaiot_transports::business_rpc::v3: business RPC V3 received frame stream_id=206 frame_type=Data payload_bytes=215
2026-09-26T01:20:43.404469Z DEBUG netbaiot_transports::business_rpc::v3: business RPC V3 writer completed frame stream_id=0 frame_type=WindowUpdate payload_bytes=4
2026-09-26T01:20:43.404488Z DEBUG netbaiot_transports::business_rpc::v3: business RPC V3 received frame stream_id=204 frame_type=Data payload_bytes=215
2026-09-26T01:20:43.404494Z DEBUG netbaiot_transports::business_rpc::v3: business RPC V3 selected frame stream_id=0 frame_type=WindowUpdate payload_bytes=4
2026-09-26T01:20:43.404546Z DEBUG netbaiot_transports::business_rpc::v3: business RPC V3 received frame stream_id=208 frame_type=Data payload_bytes=215
2026-09-26T01:20:43.404591Z DEBUG netbaiot_transports::business_rpc::v3: business RPC V3 writer completed frame stream_id=0 frame_type=WindowUpdate payload_bytes=4
2026-09-26T01:20:43.404649Z DEBUG netbaiot_transports::business_rpc::v3: business RPC V3 selected frame stream_id=0 frame_type=WindowUpdate payload_bytes=4
2026-09-26T01:20:43.404693Z DEBUG netbaiot_transports::business_rpc::v3: business RPC V3 writer completed frame stream_id=0 frame_type=WindowUpdate payload_bytes=4
2026-09-26T01:20:43.404717Z DEBUG netbaiot_transports::business_rpc::v3: business RPC V3 selected frame stream_id=202 frame_type=Data payload_bytes=8192
2026-09-26T01:20:43.404756Z DEBUG netbaiot_transports::business_rpc::v3: business RPC V3 writer completed frame stream_id=202 frame_type=Data payload_bytes=8192
2026-09-26T01:20:43.404777Z DEBUG netbaiot_transports::business_rpc::v3: business RPC V3 selected frame stream_id=0 frame_type=WindowUpdate payload_bytes=4
2026-09-26T01:20:43.404803Z DEBUG netbaiot_transports::business_rpc::v3: business RPC V3 writer completed frame stream_id=0 frame_type=WindowUpdate payload_bytes=4
2026-09-26T01:20:43.405880Z DEBUG netbaiot_transports::business_rpc::v3: business RPC V3 body entered scheduler stream_id=212 class=Rpc body_bytes=197
2026-09-26T01:20:43.405935Z DEBUG netbaiot_transports::business_rpc::v3: business RPC V3 body entered scheduler stream_id=214 class=Rpc body_bytes=197
2026-09-26T01:20:43.405957Z DEBUG netbaiot_transports::business_rpc::v3: business RPC V3 body entered scheduler stream_id=216 class=Rpc body_bytes=197
2026-09-26T01:20:43.405967Z DEBUG netbaiot_transports::business_rpc::v3: business RPC V3 body entered scheduler stream_id=218 class=Rpc body_bytes=197
2026-09-26T01:20:43.405979Z DEBUG netbaiot_transports::business_rpc::v3: business RPC V3 selected frame stream_id=212 frame_type=Open payload_bytes=158
2026-09-26T01:20:43.406007Z DEBUG netbaiot_transports::business_rpc::v3: business RPC V3 writer completed frame stream_id=212 frame_type=Open payload_bytes=158
2026-09-26T01:20:43.406031Z DEBUG netbaiot_transports::business_rpc::v3: business RPC V3 selected frame stream_id=214 frame_type=Open payload_bytes=158
2026-09-26T01:20:43.406049Z DEBUG netbaiot_transports::business_rpc::v3: business RPC V3 writer completed frame stream_id=214 frame_type=Open payload_bytes=158
2026-09-26T01:20:43.406061Z DEBUG netbaiot_transports::business_rpc::v3: business RPC V3 selected frame stream_id=216 frame_type=Open payload_bytes=158
2026-09-26T01:20:43.406078Z DEBUG netbaiot_transports::business_rpc::v3: business RPC V3 writer completed frame stream_id=216 frame_type=Open payload_bytes=158
2026-09-26T01:20:43.406089Z DEBUG netbaiot_transports::business_rpc::v3: business RPC V3 selected frame stream_id=212 frame_type=Data payload_bytes=197
2026-09-26T01:20:43.406107Z DEBUG netbaiot_transports::business_rpc::v3: business RPC V3 writer completed frame stream_id=212 frame_type=Data payload_bytes=197
2026-09-26T01:20:43.406118Z DEBUG netbaiot_transports::business_rpc::v3: business RPC V3 selected frame stream_id=218 frame_type=Open payload_bytes=158
2026-09-26T01:20:43.406132Z DEBUG netbaiot_transports::business_rpc::v3: business RPC V3 writer completed frame stream_id=218 frame_type=Open payload_bytes=158
2026-09-26T01:20:43.406140Z DEBUG netbaiot_transports::business_rpc::v3: business RPC V3 selected frame stream_id=214 frame_type=Data payload_bytes=197
2026-09-26T01:20:43.406156Z DEBUG netbaiot_transports::business_rpc::v3: business RPC V3 writer completed frame stream_id=214 frame_type=Data payload_bytes=197
2026-09-26T01:20:43.406165Z DEBUG netbaiot_transports::business_rpc::v3: business RPC V3 selected frame stream_id=216 frame_type=Data payload_bytes=197
2026-09-26T01:20:43.406178Z DEBUG netbaiot_transports::business_rpc::v3: business RPC V3 writer completed frame stream_id=216 frame_type=Data payload_bytes=197
2026-09-26T01:20:43.406194Z DEBUG netbaiot_transports::business_rpc::v3: business RPC V3 selected frame stream_id=218 frame_type=Data payload_bytes=197
2026-09-26T01:20:43.406206Z DEBUG netbaiot_transports::business_rpc::v3: business RPC V3 writer completed frame stream_id=218 frame_type=Data payload_bytes=197
2026-09-26T01:20:43.806678Z DEBUG netbaiot_transports::business_rpc::v3: business RPC V3 received frame stream_id=0 frame_type=WindowUpdate payload_bytes=4
2026-09-26T01:20:43.806781Z DEBUG netbaiot_transports::business_rpc::v3: business RPC V3 received frame stream_id=202 frame_type=WindowUpdate payload_bytes=4
2026-09-26T01:20:43.806800Z DEBUG netbaiot_transports::business_rpc::v3: business RPC V3 received frame stream_id=0 frame_type=WindowUpdate payload_bytes=4
2026-09-26T01:20:43.806809Z DEBUG netbaiot_transports::business_rpc::v3: business RPC V3 received frame stream_id=0 frame_type=WindowUpdate payload_bytes=4
2026-09-26T01:20:43.806816Z DEBUG netbaiot_transports::business_rpc::v3: business RPC V3 received frame stream_id=0 frame_type=WindowUpdate payload_bytes=4
2026-09-26T01:20:43.806822Z DEBUG netbaiot_transports::business_rpc::v3: business RPC V3 received frame stream_id=0 frame_type=WindowUpdate payload_bytes=4
2026-09-26T01:20:43.806829Z DEBUG netbaiot_transports::business_rpc::v3: business RPC V3 received frame stream_id=218 frame_type=Response payload_bytes=35
2026-09-26T01:20:43.806844Z DEBUG netbaiot_transports::business_rpc::v3: business RPC V3 received frame stream_id=212 frame_type=Response payload_bytes=35
2026-09-26T01:20:43.806852Z DEBUG netbaiot_transports::business_rpc::v3: business RPC V3 received frame stream_id=216 frame_type=Response payload_bytes=35
2026-09-26T01:20:43.806859Z DEBUG netbaiot_transports::business_rpc::v3: business RPC V3 received frame stream_id=218 frame_type=Data payload_bytes=215
2026-09-26T01:20:43.806906Z DEBUG netbaiot_transports::business_rpc::v3: business RPC V3 received frame stream_id=214 frame_type=Response payload_bytes=35
2026-09-26T01:20:43.806916Z DEBUG netbaiot_transports::business_rpc::v3: business RPC V3 received frame stream_id=212 frame_type=Data payload_bytes=215
2026-09-26T01:20:43.806928Z DEBUG netbaiot_transports::business_rpc::v3: business RPC V3 selected frame stream_id=0 frame_type=WindowUpdate payload_bytes=4
2026-09-26T01:20:43.806977Z DEBUG netbaiot_transports::business_rpc::v3: business RPC V3 writer completed frame stream_id=0 frame_type=WindowUpdate payload_bytes=4
2026-09-26T01:20:43.806992Z DEBUG netbaiot_transports::business_rpc::v3: business RPC V3 selected frame stream_id=0 frame_type=WindowUpdate payload_bytes=4
2026-09-26T01:20:43.807014Z DEBUG netbaiot_transports::business_rpc::v3: business RPC V3 writer completed frame stream_id=0 frame_type=WindowUpdate payload_bytes=4
2026-09-26T01:20:43.807027Z DEBUG netbaiot_transports::business_rpc::v3: business RPC V3 selected frame stream_id=202 frame_type=Data payload_bytes=981
2026-09-26T01:20:43.807042Z DEBUG netbaiot_transports::business_rpc::v3: business RPC V3 writer completed frame stream_id=202 frame_type=Data payload_bytes=981
2026-09-26T01:20:43.807708Z DEBUG netbaiot_transports::business_rpc::v3: business RPC V3 body entered scheduler stream_id=220 class=Rpc body_bytes=198
2026-09-26T01:20:43.807729Z DEBUG netbaiot_transports::business_rpc::v3: business RPC V3 body entered scheduler stream_id=222 class=Rpc body_bytes=198
2026-09-26T01:20:43.807737Z DEBUG netbaiot_transports::business_rpc::v3: business RPC V3 selected frame stream_id=220 frame_type=Open payload_bytes=158
2026-09-26T01:20:43.807755Z DEBUG netbaiot_transports::business_rpc::v3: business RPC V3 writer completed frame stream_id=220 frame_type=Open payload_bytes=158
2026-09-26T01:20:43.807763Z DEBUG netbaiot_transports::business_rpc::v3: business RPC V3 selected frame stream_id=222 frame_type=Open payload_bytes=158
2026-09-26T01:20:43.807776Z DEBUG netbaiot_transports::business_rpc::v3: business RPC V3 writer completed frame stream_id=222 frame_type=Open payload_bytes=158
2026-09-26T01:20:43.807784Z DEBUG netbaiot_transports::business_rpc::v3: business RPC V3 selected frame stream_id=220 frame_type=Data payload_bytes=198
2026-09-26T01:20:43.807799Z DEBUG netbaiot_transports::business_rpc::v3: business RPC V3 writer completed frame stream_id=220 frame_type=Data payload_bytes=198
2026-09-26T01:20:43.807807Z DEBUG netbaiot_transports::business_rpc::v3: business RPC V3 selected frame stream_id=222 frame_type=Data payload_bytes=198
2026-09-26T01:20:43.807822Z DEBUG netbaiot_transports::business_rpc::v3: business RPC V3 writer completed frame stream_id=222 frame_type=Data payload_bytes=198
2026-09-26T01:20:43.846106Z DEBUG netbaiot_transports::business_rpc::v3: business RPC V3 received frame stream_id=216 frame_type=Data payload_bytes=215
2026-09-26T01:20:43.846346Z DEBUG netbaiot_transports::business_rpc::v3: business RPC V3 received frame stream_id=214 frame_type=Data payload_bytes=215
2026-09-26T01:20:43.846363Z DEBUG netbaiot_transports::business_rpc::v3: business RPC V3 selected frame stream_id=0 frame_type=WindowUpdate payload_bytes=4
2026-09-26T01:20:43.846467Z DEBUG netbaiot_transports::business_rpc::v3: business RPC V3 writer completed frame stream_id=0 frame_type=WindowUpdate payload_bytes=4
2026-09-26T01:20:43.846488Z DEBUG netbaiot_transports::business_rpc::v3: business RPC V3 selected frame stream_id=0 frame_type=WindowUpdate payload_bytes=4
2026-09-26T01:20:43.846529Z DEBUG netbaiot_transports::business_rpc::v3: business RPC V3 writer completed frame stream_id=0 frame_type=WindowUpdate payload_bytes=4
2026-09-26T01:20:43.847311Z DEBUG netbaiot_transports::business_rpc::v3: business RPC V3 body entered scheduler stream_id=224 class=Rpc body_bytes=198
2026-09-26T01:20:43.847369Z DEBUG netbaiot_transports::business_rpc::v3: business RPC V3 body entered scheduler stream_id=226 class=Rpc body_bytes=198
2026-09-26T01:20:43.847384Z DEBUG netbaiot_transports::business_rpc::v3: business RPC V3 selected frame stream_id=224 frame_type=Open payload_bytes=158
2026-09-26T01:20:43.847411Z DEBUG netbaiot_transports::business_rpc::v3: business RPC V3 writer completed frame stream_id=224 frame_type=Open payload_bytes=158
2026-09-26T01:20:43.847427Z DEBUG netbaiot_transports::business_rpc::v3: business RPC V3 selected frame stream_id=226 frame_type=Open payload_bytes=158
2026-09-26T01:20:43.847438Z DEBUG netbaiot_transports::business_rpc::v3: business RPC V3 writer completed frame stream_id=226 frame_type=Open payload_bytes=158
2026-09-26T01:20:43.847448Z DEBUG netbaiot_transports::business_rpc::v3: business RPC V3 selected frame stream_id=224 frame_type=Data payload_bytes=198
2026-09-26T01:20:43.847458Z DEBUG netbaiot_transports::business_rpc::v3: business RPC V3 writer completed frame stream_id=224 frame_type=Data payload_bytes=198
2026-09-26T01:20:43.847468Z DEBUG netbaiot_transports::business_rpc::v3: business RPC V3 selected frame stream_id=226 frame_type=Data payload_bytes=198
2026-09-26T01:20:43.847478Z DEBUG netbaiot_transports::business_rpc::v3: business RPC V3 writer completed frame stream_id=226 frame_type=Data payload_bytes=198
2026-09-26T01:20:43.960832Z DEBUG netbaiot_transports::business_rpc::v3: business RPC V3 received frame stream_id=0 frame_type=WindowUpdate payload_bytes=4
2026-09-26T01:20:43.960873Z DEBUG netbaiot_transports::business_rpc::v3: business RPC V3 received frame stream_id=0 frame_type=WindowUpdate payload_bytes=4
2026-09-26T01:20:43.960883Z DEBUG netbaiot_transports::business_rpc::v3: business RPC V3 received frame stream_id=0 frame_type=WindowUpdate payload_bytes=4
2026-09-26T01:20:43.960891Z DEBUG netbaiot_transports::business_rpc::v3: business RPC V3 received frame stream_id=222 frame_type=Response payload_bytes=35
2026-09-26T01:20:43.960901Z DEBUG netbaiot_transports::business_rpc::v3: business RPC V3 received frame stream_id=222 frame_type=Data payload_bytes=216
2026-09-26T01:20:43.960929Z DEBUG netbaiot_transports::business_rpc::v3: business RPC V3 received frame stream_id=220 frame_type=Response payload_bytes=35
2026-09-26T01:20:43.960939Z DEBUG netbaiot_transports::business_rpc::v3: business RPC V3 received frame stream_id=220 frame_type=Data payload_bytes=216
2026-09-26T01:20:43.960942Z DEBUG netbaiot_transports::business_rpc::v3: business RPC V3 selected frame stream_id=0 frame_type=WindowUpdate payload_bytes=4
2026-09-26T01:20:43.960972Z DEBUG netbaiot_transports::business_rpc::v3: business RPC V3 writer completed frame stream_id=0 frame_type=WindowUpdate payload_bytes=4
2026-09-26T01:20:43.960983Z DEBUG netbaiot_transports::business_rpc::v3: business RPC V3 selected frame stream_id=0 frame_type=WindowUpdate payload_bytes=4
2026-09-26T01:20:43.960992Z DEBUG netbaiot_transports::business_rpc::v3: business RPC V3 writer completed frame stream_id=0 frame_type=WindowUpdate payload_bytes=4
2026-09-26T01:20:43.961457Z DEBUG netbaiot_transports::business_rpc::v3: business RPC V3 body entered scheduler stream_id=228 class=Rpc body_bytes=198
2026-09-26T01:20:43.961488Z DEBUG netbaiot_transports::business_rpc::v3: business RPC V3 body entered scheduler stream_id=230 class=Rpc body_bytes=198
2026-09-26T01:20:43.961496Z DEBUG netbaiot_transports::business_rpc::v3: business RPC V3 selected frame stream_id=228 frame_type=Open payload_bytes=158
2026-09-26T01:20:43.961511Z DEBUG netbaiot_transports::business_rpc::v3: business RPC V3 writer completed frame stream_id=228 frame_type=Open payload_bytes=158
2026-09-26T01:20:43.961519Z DEBUG netbaiot_transports::business_rpc::v3: business RPC V3 selected frame stream_id=230 frame_type=Open payload_bytes=158
2026-09-26T01:20:43.961529Z DEBUG netbaiot_transports::business_rpc::v3: business RPC V3 writer completed frame stream_id=230 frame_type=Open payload_bytes=158
2026-09-26T01:20:43.961537Z DEBUG netbaiot_transports::business_rpc::v3: business RPC V3 selected frame stream_id=228 frame_type=Data payload_bytes=198
2026-09-26T01:20:43.961545Z DEBUG netbaiot_transports::business_rpc::v3: business RPC V3 writer completed frame stream_id=228 frame_type=Data payload_bytes=198
2026-09-26T01:20:43.961552Z DEBUG netbaiot_transports::business_rpc::v3: business RPC V3 selected frame stream_id=230 frame_type=Data payload_bytes=198
2026-09-26T01:20:43.961563Z DEBUG netbaiot_transports::business_rpc::v3: business RPC V3 writer completed frame stream_id=230 frame_type=Data payload_bytes=198
2026-09-26T01:20:43.992471Z DEBUG netbaiot_transports::business_rpc::v3: business RPC V3 received frame stream_id=202 frame_type=Response payload_bytes=35
2026-09-26T01:20:43.992516Z DEBUG netbaiot_transports::business_rpc::v3: business RPC V3 received frame stream_id=202 frame_type=Data payload_bytes=118
2026-09-26T01:20:43.992541Z DEBUG netbaiot_transports::business_rpc::v3: business RPC V3 Event delivery acknowledged stream_id=202 completion_us=1009466
2026-09-26T01:20:43.992572Z DEBUG netbaiot_transports::business_rpc::v3: business RPC V3 selected frame stream_id=0 frame_type=WindowUpdate payload_bytes=4
2026-09-26T01:20:43.992607Z DEBUG netbaiot_transports::business_rpc::v3: business RPC V3 writer completed frame stream_id=0 frame_type=WindowUpdate payload_bytes=4
2026-09-26T01:20:43.992648Z DEBUG netbaiot_transports::business_rpc::v3: business RPC V3 body entered scheduler stream_id=232 class=Event body_bytes=17365
2026-09-26T01:20:43.992668Z DEBUG netbaiot_transports::business_rpc::v3: business RPC V3 selected frame stream_id=232 frame_type=Open payload_bytes=184
2026-09-26T01:20:43.992685Z DEBUG netbaiot_transports::business_rpc::v3: business RPC V3 writer completed frame stream_id=232 frame_type=Open payload_bytes=184
2026-09-26T01:20:43.992693Z DEBUG netbaiot_transports::business_rpc::v3: business RPC V3 selected frame stream_id=232 frame_type=Data payload_bytes=8192
2026-09-26T01:20:43.992704Z DEBUG netbaiot_transports::business_rpc::v3: business RPC V3 writer completed frame stream_id=232 frame_type=Data payload_bytes=8192
2026-09-26T01:20:44.035777Z DEBUG netbaiot_transports::business_rpc::v3: business RPC V3 received frame stream_id=0 frame_type=WindowUpdate payload_bytes=4
2026-09-26T01:20:44.035804Z DEBUG netbaiot_transports::business_rpc::v3: business RPC V3 received frame stream_id=0 frame_type=WindowUpdate payload_bytes=4
2026-09-26T01:20:44.035810Z DEBUG netbaiot_transports::business_rpc::v3: business RPC V3 received frame stream_id=226 frame_type=Response payload_bytes=35
2026-09-26T01:20:44.035818Z DEBUG netbaiot_transports::business_rpc::v3: business RPC V3 received frame stream_id=226 frame_type=Data payload_bytes=216
2026-09-26T01:20:44.035842Z DEBUG netbaiot_transports::business_rpc::v3: business RPC V3 received frame stream_id=224 frame_type=Response payload_bytes=35
2026-09-26T01:20:44.035847Z DEBUG netbaiot_transports::business_rpc::v3: business RPC V3 received frame stream_id=224 frame_type=Data payload_bytes=216
2026-09-26T01:20:44.035851Z DEBUG netbaiot_transports::business_rpc::v3: business RPC V3 selected frame stream_id=0 frame_type=WindowUpdate payload_bytes=4
2026-09-26T01:20:44.035948Z DEBUG netbaiot_transports::business_rpc::v3: business RPC V3 writer completed frame stream_id=0 frame_type=WindowUpdate payload_bytes=4
2026-09-26T01:20:44.035989Z DEBUG netbaiot_transports::business_rpc::v3: business RPC V3 selected frame stream_id=0 frame_type=WindowUpdate payload_bytes=4
2026-09-26T01:20:44.035997Z DEBUG netbaiot_transports::business_rpc::v3: business RPC V3 writer completed frame stream_id=0 frame_type=WindowUpdate payload_bytes=4
2026-09-26T01:20:44.036331Z DEBUG netbaiot_transports::business_rpc::v3: business RPC V3 body entered scheduler stream_id=234 class=Rpc body_bytes=198
2026-09-26T01:20:44.036340Z DEBUG netbaiot_transports::business_rpc::v3: business RPC V3 body entered scheduler stream_id=236 class=Rpc body_bytes=198
2026-09-26T01:20:44.036344Z DEBUG netbaiot_transports::business_rpc::v3: business RPC V3 selected frame stream_id=234 frame_type=Open payload_bytes=158
2026-09-26T01:20:44.036352Z DEBUG netbaiot_transports::business_rpc::v3: business RPC V3 writer completed frame stream_id=234 frame_type=Open payload_bytes=158
2026-09-26T01:20:44.036355Z DEBUG netbaiot_transports::business_rpc::v3: business RPC V3 selected frame stream_id=236 frame_type=Open payload_bytes=158
2026-09-26T01:20:44.036360Z DEBUG netbaiot_transports::business_rpc::v3: business RPC V3 writer completed frame stream_id=236 frame_type=Open payload_bytes=158
2026-09-26T01:20:44.036363Z DEBUG netbaiot_transports::business_rpc::v3: business RPC V3 selected frame stream_id=234 frame_type=Data payload_bytes=198
2026-09-26T01:20:44.036367Z DEBUG netbaiot_transports::business_rpc::v3: business RPC V3 writer completed frame stream_id=234 frame_type=Data payload_bytes=198
2026-09-26T01:20:44.036371Z DEBUG netbaiot_transports::business_rpc::v3: business RPC V3 selected frame stream_id=236 frame_type=Data payload_bytes=198
2026-09-26T01:20:44.036375Z DEBUG netbaiot_transports::business_rpc::v3: business RPC V3 writer completed frame stream_id=236 frame_type=Data payload_bytes=198
2026-09-26T01:20:44.079797Z DEBUG netbaiot_transports::business_rpc::v3: business RPC V3 received frame stream_id=0 frame_type=WindowUpdate payload_bytes=4
2026-09-26T01:20:44.079817Z DEBUG netbaiot_transports::business_rpc::v3: business RPC V3 received frame stream_id=0 frame_type=WindowUpdate payload_bytes=4
2026-09-26T01:20:44.079822Z DEBUG netbaiot_transports::business_rpc::v3: business RPC V3 received frame stream_id=230 frame_type=Response payload_bytes=35
2026-09-26T01:20:44.079828Z DEBUG netbaiot_transports::business_rpc::v3: business RPC V3 received frame stream_id=230 frame_type=Data payload_bytes=216
2026-09-26T01:20:44.079846Z DEBUG netbaiot_transports::business_rpc::v3: business RPC V3 received frame stream_id=228 frame_type=Response payload_bytes=35
2026-09-26T01:20:44.079851Z DEBUG netbaiot_transports::business_rpc::v3: business RPC V3 received frame stream_id=228 frame_type=Data payload_bytes=216
2026-09-26T01:20:44.079857Z DEBUG netbaiot_transports::business_rpc::v3: business RPC V3 selected frame stream_id=0 frame_type=WindowUpdate payload_bytes=4
2026-09-26T01:20:44.079872Z DEBUG netbaiot_transports::business_rpc::v3: business RPC V3 writer completed frame stream_id=0 frame_type=WindowUpdate payload_bytes=4
2026-09-26T01:20:44.079878Z DEBUG netbaiot_transports::business_rpc::v3: business RPC V3 selected frame stream_id=0 frame_type=WindowUpdate payload_bytes=4
2026-09-26T01:20:44.079882Z DEBUG netbaiot_transports::business_rpc::v3: business RPC V3 writer completed frame stream_id=0 frame_type=WindowUpdate payload_bytes=4
2026-09-26T01:20:44.080203Z DEBUG netbaiot_transports::business_rpc::v3: business RPC V3 body entered scheduler stream_id=238 class=Rpc body_bytes=198
2026-09-26T01:20:44.080210Z DEBUG netbaiot_transports::business_rpc::v3: business RPC V3 selected frame stream_id=238 frame_type=Open payload_bytes=158
2026-09-26T01:20:44.080218Z DEBUG netbaiot_transports::business_rpc::v3: business RPC V3 writer completed frame stream_id=238 frame_type=Open payload_bytes=158
2026-09-26T01:20:44.080221Z DEBUG netbaiot_transports::business_rpc::v3: business RPC V3 body entered scheduler stream_id=240 class=Rpc body_bytes=198
2026-09-26T01:20:44.080223Z DEBUG netbaiot_transports::business_rpc::v3: business RPC V3 selected frame stream_id=240 frame_type=Open payload_bytes=158
2026-09-26T01:20:44.080227Z DEBUG netbaiot_transports::business_rpc::v3: business RPC V3 writer completed frame stream_id=240 frame_type=Open payload_bytes=158
2026-09-26T01:20:44.080230Z DEBUG netbaiot_transports::business_rpc::v3: business RPC V3 selected frame stream_id=238 frame_type=Data payload_bytes=198
2026-09-26T01:20:44.080234Z DEBUG netbaiot_transports::business_rpc::v3: business RPC V3 writer completed frame stream_id=238 frame_type=Data payload_bytes=198
2026-09-26T01:20:44.080237Z DEBUG netbaiot_transports::business_rpc::v3: business RPC V3 selected frame stream_id=240 frame_type=Data payload_bytes=198
2026-09-26T01:20:44.080240Z DEBUG netbaiot_transports::business_rpc::v3: business RPC V3 writer completed frame stream_id=240 frame_type=Data payload_bytes=198
2026-09-26T01:20:44.328009Z DEBUG netbaiot_transports::business_rpc::v3: business RPC V3 received frame stream_id=0 frame_type=WindowUpdate payload_bytes=4
2026-09-26T01:20:44.328104Z DEBUG netbaiot_transports::business_rpc::v3: business RPC V3 received frame stream_id=232 frame_type=WindowUpdate payload_bytes=4
2026-09-26T01:20:44.328137Z DEBUG netbaiot_transports::business_rpc::v3: business RPC V3 selected frame stream_id=232 frame_type=Data payload_bytes=8192
2026-09-26T01:20:44.328178Z DEBUG netbaiot_transports::business_rpc::v3: business RPC V3 writer completed frame stream_id=232 frame_type=Data payload_bytes=8192
2026-09-26T01:20:44.437402Z DEBUG netbaiot_transports::business_rpc::v3: business RPC V3 received frame stream_id=0 frame_type=WindowUpdate payload_bytes=4
2026-09-26T01:20:44.437421Z DEBUG netbaiot_transports::business_rpc::v3: business RPC V3 received frame stream_id=0 frame_type=WindowUpdate payload_bytes=4
2026-09-26T01:20:44.437425Z DEBUG netbaiot_transports::business_rpc::v3: business RPC V3 received frame stream_id=0 frame_type=WindowUpdate payload_bytes=4
2026-09-26T01:20:44.437428Z DEBUG netbaiot_transports::business_rpc::v3: business RPC V3 received frame stream_id=0 frame_type=WindowUpdate payload_bytes=4
2026-09-26T01:20:44.437431Z DEBUG netbaiot_transports::business_rpc::v3: business RPC V3 received frame stream_id=240 frame_type=Response payload_bytes=35
2026-09-26T01:20:44.437437Z DEBUG netbaiot_transports::business_rpc::v3: business RPC V3 received frame stream_id=236 frame_type=Response payload_bytes=35
2026-09-26T01:20:44.437441Z DEBUG netbaiot_transports::business_rpc::v3: business RPC V3 received frame stream_id=238 frame_type=Response payload_bytes=35
2026-09-26T01:20:44.437444Z DEBUG netbaiot_transports::business_rpc::v3: business RPC V3 received frame stream_id=240 frame_type=Data payload_bytes=216
2026-09-26T01:20:44.437460Z DEBUG netbaiot_transports::business_rpc::v3: business RPC V3 received frame stream_id=234 frame_type=Response payload_bytes=35
2026-09-26T01:20:44.437464Z DEBUG netbaiot_transports::business_rpc::v3: business RPC V3 received frame stream_id=236 frame_type=Data payload_bytes=216
2026-09-26T01:20:44.437470Z DEBUG netbaiot_transports::business_rpc::v3: business RPC V3 received frame stream_id=238 frame_type=Data payload_bytes=216
2026-09-26T01:20:44.437470Z DEBUG netbaiot_transports::business_rpc::v3: business RPC V3 selected frame stream_id=0 frame_type=WindowUpdate payload_bytes=4
2026-09-26T01:20:44.437493Z DEBUG netbaiot_transports::business_rpc::v3: business RPC V3 received frame stream_id=234 frame_type=Data payload_bytes=216
2026-09-26T01:20:44.437506Z DEBUG netbaiot_transports::business_rpc::v3: business RPC V3 writer completed frame stream_id=0 frame_type=WindowUpdate payload_bytes=4
2026-09-26T01:20:44.437555Z DEBUG netbaiot_transports::business_rpc::v3: business RPC V3 selected frame stream_id=0 frame_type=WindowUpdate payload_bytes=4
2026-09-26T01:20:44.437583Z DEBUG netbaiot_transports::business_rpc::v3: business RPC V3 writer completed frame stream_id=0 frame_type=WindowUpdate payload_bytes=4
2026-09-26T01:20:44.437589Z DEBUG netbaiot_transports::business_rpc::v3: business RPC V3 selected frame stream_id=0 frame_type=WindowUpdate payload_bytes=4
2026-09-26T01:20:44.437593Z DEBUG netbaiot_transports::business_rpc::v3: business RPC V3 writer completed frame stream_id=0 frame_type=WindowUpdate payload_bytes=4
2026-09-26T01:20:44.437595Z DEBUG netbaiot_transports::business_rpc::v3: business RPC V3 selected frame stream_id=0 frame_type=WindowUpdate payload_bytes=4
2026-09-26T01:20:44.437599Z DEBUG netbaiot_transports::business_rpc::v3: business RPC V3 writer completed frame stream_id=0 frame_type=WindowUpdate payload_bytes=4
2026-09-26T01:20:44.437865Z DEBUG netbaiot_transports::business_rpc::v3: business RPC V3 body entered scheduler stream_id=242 class=Rpc body_bytes=198
2026-09-26T01:20:44.437872Z DEBUG netbaiot_transports::business_rpc::v3: business RPC V3 body entered scheduler stream_id=244 class=Rpc body_bytes=198
2026-09-26T01:20:44.437876Z DEBUG netbaiot_transports::business_rpc::v3: business RPC V3 selected frame stream_id=242 frame_type=Open payload_bytes=158
2026-09-26T01:20:44.437883Z DEBUG netbaiot_transports::business_rpc::v3: business RPC V3 writer completed frame stream_id=242 frame_type=Open payload_bytes=158
2026-09-26T01:20:44.437887Z DEBUG netbaiot_transports::business_rpc::v3: business RPC V3 body entered scheduler stream_id=246 class=Rpc body_bytes=198
2026-09-26T01:20:44.437889Z DEBUG netbaiot_transports::business_rpc::v3: business RPC V3 selected frame stream_id=244 frame_type=Open payload_bytes=158
2026-09-26T01:20:44.437894Z DEBUG netbaiot_transports::business_rpc::v3: business RPC V3 writer completed frame stream_id=244 frame_type=Open payload_bytes=158
2026-09-26T01:20:44.437896Z DEBUG netbaiot_transports::business_rpc::v3: business RPC V3 body entered scheduler stream_id=248 class=Rpc body_bytes=198
2026-09-26T01:20:44.437899Z DEBUG netbaiot_transports::business_rpc::v3: business RPC V3 selected frame stream_id=246 frame_type=Open payload_bytes=158
2026-09-26T01:20:44.437903Z DEBUG netbaiot_transports::business_rpc::v3: business RPC V3 writer completed frame stream_id=246 frame_type=Open payload_bytes=158
2026-09-26T01:20:44.437905Z DEBUG netbaiot_transports::business_rpc::v3: business RPC V3 selected frame stream_id=248 frame_type=Open payload_bytes=158
2026-09-26T01:20:44.437910Z DEBUG netbaiot_transports::business_rpc::v3: business RPC V3 writer completed frame stream_id=248 frame_type=Open payload_bytes=158
2026-09-26T01:20:44.437913Z DEBUG netbaiot_transports::business_rpc::v3: business RPC V3 selected frame stream_id=242 frame_type=Data payload_bytes=198
2026-09-26T01:20:44.437919Z DEBUG netbaiot_transports::business_rpc::v3: business RPC V3 writer completed frame stream_id=242 frame_type=Data payload_bytes=198
2026-09-26T01:20:44.437923Z DEBUG netbaiot_transports::business_rpc::v3: business RPC V3 selected frame stream_id=244 frame_type=Data payload_bytes=198
2026-09-26T01:20:44.437927Z DEBUG netbaiot_transports::business_rpc::v3: business RPC V3 writer completed frame stream_id=244 frame_type=Data payload_bytes=198
2026-09-26T01:20:44.437930Z DEBUG netbaiot_transports::business_rpc::v3: business RPC V3 selected frame stream_id=246 frame_type=Data payload_bytes=198
2026-09-26T01:20:44.437935Z DEBUG netbaiot_transports::business_rpc::v3: business RPC V3 writer completed frame stream_id=246 frame_type=Data payload_bytes=198
2026-09-26T01:20:44.437937Z DEBUG netbaiot_transports::business_rpc::v3: business RPC V3 selected frame stream_id=248 frame_type=Data payload_bytes=198
2026-09-26T01:20:44.437944Z DEBUG netbaiot_transports::business_rpc::v3: business RPC V3 writer completed frame stream_id=248 frame_type=Data payload_bytes=198
2026-09-26T01:20:44.679823Z DEBUG netbaiot_transports::business_rpc::v3: business RPC V3 received frame stream_id=0 frame_type=WindowUpdate payload_bytes=4
2026-09-26T01:20:44.679843Z DEBUG netbaiot_transports::business_rpc::v3: business RPC V3 received frame stream_id=232 frame_type=WindowUpdate payload_bytes=4
2026-09-26T01:20:44.679849Z DEBUG netbaiot_transports::business_rpc::v3: business RPC V3 selected frame stream_id=232 frame_type=Data payload_bytes=981
2026-09-26T01:20:44.679858Z DEBUG netbaiot_transports::business_rpc::v3: business RPC V3 writer completed frame stream_id=232 frame_type=Data payload_bytes=981
2026-09-26T01:20:44.788355Z DEBUG netbaiot_transports::business_rpc::v3: business RPC V3 received frame stream_id=0 frame_type=WindowUpdate payload_bytes=4
2026-09-26T01:20:44.788380Z DEBUG netbaiot_transports::business_rpc::v3: business RPC V3 received frame stream_id=0 frame_type=WindowUpdate payload_bytes=4
2026-09-26T01:20:44.788385Z DEBUG netbaiot_transports::business_rpc::v3: business RPC V3 received frame stream_id=0 frame_type=WindowUpdate payload_bytes=4
2026-09-26T01:20:44.788389Z DEBUG netbaiot_transports::business_rpc::v3: business RPC V3 received frame stream_id=0 frame_type=WindowUpdate payload_bytes=4
2026-09-26T01:20:44.788392Z DEBUG netbaiot_transports::business_rpc::v3: business RPC V3 received frame stream_id=248 frame_type=Response payload_bytes=35
2026-09-26T01:20:44.788398Z DEBUG netbaiot_transports::business_rpc::v3: business RPC V3 received frame stream_id=242 frame_type=Response payload_bytes=35
2026-09-26T01:20:44.788402Z DEBUG netbaiot_transports::business_rpc::v3: business RPC V3 received frame stream_id=244 frame_type=Response payload_bytes=35
2026-09-26T01:20:44.788404Z DEBUG netbaiot_transports::business_rpc::v3: business RPC V3 received frame stream_id=248 frame_type=Data payload_bytes=216
2026-09-26T01:20:44.788420Z DEBUG netbaiot_transports::business_rpc::v3: business RPC V3 received frame stream_id=246 frame_type=Response payload_bytes=35
2026-09-26T01:20:44.788425Z DEBUG netbaiot_transports::business_rpc::v3: business RPC V3 received frame stream_id=242 frame_type=Data payload_bytes=216
2026-09-26T01:20:44.788429Z DEBUG netbaiot_transports::business_rpc::v3: business RPC V3 selected frame stream_id=0 frame_type=WindowUpdate payload_bytes=4
2026-09-26T01:20:44.788432Z DEBUG netbaiot_transports::business_rpc::v3: business RPC V3 received frame stream_id=244 frame_type=Data payload_bytes=216
2026-09-26T01:20:44.788446Z DEBUG netbaiot_transports::business_rpc::v3: business RPC V3 writer completed frame stream_id=0 frame_type=WindowUpdate payload_bytes=4
2026-09-26T01:20:44.788451Z DEBUG netbaiot_transports::business_rpc::v3: business RPC V3 selected frame stream_id=0 frame_type=WindowUpdate payload_bytes=4
2026-09-26T01:20:44.788453Z DEBUG netbaiot_transports::business_rpc::v3: business RPC V3 received frame stream_id=246 frame_type=Data payload_bytes=216
2026-09-26T01:20:44.788459Z DEBUG netbaiot_transports::business_rpc::v3: business RPC V3 writer completed frame stream_id=0 frame_type=WindowUpdate payload_bytes=4
2026-09-26T01:20:44.788470Z DEBUG netbaiot_transports::business_rpc::v3: business RPC V3 selected frame stream_id=0 frame_type=WindowUpdate payload_bytes=4
2026-09-26T01:20:44.788475Z DEBUG netbaiot_transports::business_rpc::v3: business RPC V3 writer completed frame stream_id=0 frame_type=WindowUpdate payload_bytes=4
2026-09-26T01:20:44.788478Z DEBUG netbaiot_transports::business_rpc::v3: business RPC V3 selected frame stream_id=0 frame_type=WindowUpdate payload_bytes=4
2026-09-26T01:20:44.788482Z DEBUG netbaiot_transports::business_rpc::v3: business RPC V3 writer completed frame stream_id=0 frame_type=WindowUpdate payload_bytes=4
2026-09-26T01:20:44.788844Z DEBUG netbaiot_transports::business_rpc::v3: business RPC V3 body entered scheduler stream_id=250 class=Rpc body_bytes=198
2026-09-26T01:20:44.788853Z DEBUG netbaiot_transports::business_rpc::v3: business RPC V3 body entered scheduler stream_id=252 class=Rpc body_bytes=198
2026-09-26T01:20:44.788857Z DEBUG netbaiot_transports::business_rpc::v3: business RPC V3 selected frame stream_id=250 frame_type=Open payload_bytes=158
2026-09-26T01:20:44.788864Z DEBUG netbaiot_transports::business_rpc::v3: business RPC V3 writer completed frame stream_id=250 frame_type=Open payload_bytes=158
2026-09-26T01:20:44.788867Z DEBUG netbaiot_transports::business_rpc::v3: business RPC V3 selected frame stream_id=252 frame_type=Open payload_bytes=158
2026-09-26T01:20:44.788871Z DEBUG netbaiot_transports::business_rpc::v3: business RPC V3 writer completed frame stream_id=252 frame_type=Open payload_bytes=158
2026-09-26T01:20:44.788874Z DEBUG netbaiot_transports::business_rpc::v3: business RPC V3 selected frame stream_id=250 frame_type=Data payload_bytes=198
2026-09-26T01:20:44.788878Z DEBUG netbaiot_transports::business_rpc::v3: business RPC V3 writer completed frame stream_id=250 frame_type=Data payload_bytes=198
2026-09-26T01:20:44.788882Z DEBUG netbaiot_transports::business_rpc::v3: business RPC V3 selected frame stream_id=252 frame_type=Data payload_bytes=198
2026-09-26T01:20:44.788887Z DEBUG netbaiot_transports::business_rpc::v3: business RPC V3 writer completed frame stream_id=252 frame_type=Data payload_bytes=198
2026-09-26T01:20:44.788896Z DEBUG netbaiot_transports::business_rpc::v3: business RPC V3 body entered scheduler stream_id=254 class=Rpc body_bytes=198
2026-09-26T01:20:44.788901Z DEBUG netbaiot_transports::business_rpc::v3: business RPC V3 selected frame stream_id=254 frame_type=Open payload_bytes=158
2026-09-26T01:20:44.788906Z DEBUG netbaiot_transports::business_rpc::v3: business RPC V3 writer completed frame stream_id=254 frame_type=Open payload_bytes=158
2026-09-26T01:20:44.788909Z DEBUG netbaiot_transports::business_rpc::v3: business RPC V3 body entered scheduler stream_id=256 class=Rpc body_bytes=198
2026-09-26T01:20:44.788911Z DEBUG netbaiot_transports::business_rpc::v3: business RPC V3 selected frame stream_id=256 frame_type=Open payload_bytes=158
2026-09-26T01:20:44.788915Z DEBUG netbaiot_transports::business_rpc::v3: business RPC V3 writer completed frame stream_id=256 frame_type=Open payload_bytes=158
2026-09-26T01:20:44.788917Z DEBUG netbaiot_transports::business_rpc::v3: business RPC V3 selected frame stream_id=254 frame_type=Data payload_bytes=198
2026-09-26T01:20:44.788921Z DEBUG netbaiot_transports::business_rpc::v3: business RPC V3 writer completed frame stream_id=254 frame_type=Data payload_bytes=198
2026-09-26T01:20:44.788924Z DEBUG netbaiot_transports::business_rpc::v3: business RPC V3 selected frame stream_id=256 frame_type=Data payload_bytes=198
2026-09-26T01:20:44.788930Z DEBUG netbaiot_transports::business_rpc::v3: business RPC V3 writer completed frame stream_id=256 frame_type=Data payload_bytes=198
2026-09-26T01:20:44.819771Z DEBUG netbaiot_transports::business_rpc::v3: business RPC V3 received frame stream_id=0 frame_type=WindowUpdate payload_bytes=4
2026-09-26T01:20:44.819784Z DEBUG netbaiot_transports::business_rpc::v3: business RPC V3 received frame stream_id=232 frame_type=Response payload_bytes=35
2026-09-26T01:20:44.819791Z DEBUG netbaiot_transports::business_rpc::v3: business RPC V3 received frame stream_id=232 frame_type=Data payload_bytes=118
2026-09-26T01:20:44.819797Z DEBUG netbaiot_transports::business_rpc::v3: business RPC V3 Event delivery acknowledged stream_id=232 completion_us=827160
2026-09-26T01:20:44.819812Z DEBUG netbaiot_transports::business_rpc::v3: business RPC V3 selected frame stream_id=0 frame_type=WindowUpdate payload_bytes=4
2026-09-26T01:20:44.819823Z DEBUG netbaiot_transports::business_rpc::v3: business RPC V3 writer completed frame stream_id=0 frame_type=WindowUpdate payload_bytes=4
2026-09-26T01:20:44.951547Z DEBUG netbaiot_transports::business_rpc::v3: business RPC V3 received frame stream_id=0 frame_type=WindowUpdate payload_bytes=4
2026-09-26T01:20:44.951567Z DEBUG netbaiot_transports::business_rpc::v3: business RPC V3 received frame stream_id=0 frame_type=WindowUpdate payload_bytes=4
2026-09-26T01:20:44.951572Z DEBUG netbaiot_transports::business_rpc::v3: business RPC V3 received frame stream_id=0 frame_type=WindowUpdate payload_bytes=4
2026-09-26T01:20:44.951575Z DEBUG netbaiot_transports::business_rpc::v3: business RPC V3 received frame stream_id=0 frame_type=WindowUpdate payload_bytes=4
2026-09-26T01:20:44.951577Z DEBUG netbaiot_transports::business_rpc::v3: business RPC V3 received frame stream_id=256 frame_type=Response payload_bytes=35
2026-09-26T01:20:44.951583Z DEBUG netbaiot_transports::business_rpc::v3: business RPC V3 received frame stream_id=250 frame_type=Response payload_bytes=35
2026-09-26T01:20:44.951585Z DEBUG netbaiot_transports::business_rpc::v3: business RPC V3 received frame stream_id=252 frame_type=Response payload_bytes=35
2026-09-26T01:20:44.951588Z DEBUG netbaiot_transports::business_rpc::v3: business RPC V3 received frame stream_id=254 frame_type=Response payload_bytes=35
2026-09-26T01:20:44.951590Z DEBUG netbaiot_transports::business_rpc::v3: business RPC V3 received frame stream_id=256 frame_type=Data payload_bytes=216
2026-09-26T01:20:44.951606Z DEBUG netbaiot_transports::business_rpc::v3: business RPC V3 received frame stream_id=250 frame_type=Data payload_bytes=216
2026-09-26T01:20:44.951613Z DEBUG netbaiot_transports::business_rpc::v3: business RPC V3 received frame stream_id=252 frame_type=Data payload_bytes=216
2026-09-26T01:20:44.951616Z DEBUG netbaiot_transports::business_rpc::v3: business RPC V3 selected frame stream_id=0 frame_type=WindowUpdate payload_bytes=4
2026-09-26T01:20:44.951618Z DEBUG netbaiot_transports::business_rpc::v3: business RPC V3 received frame stream_id=254 frame_type=Data payload_bytes=216
2026-09-26T01:20:44.951631Z DEBUG netbaiot_transports::business_rpc::v3: business RPC V3 writer completed frame stream_id=0 frame_type=WindowUpdate payload_bytes=4
2026-09-26T01:20:44.951636Z DEBUG netbaiot_transports::business_rpc::v3: business RPC V3 selected frame stream_id=0 frame_type=WindowUpdate payload_bytes=4
2026-09-26T01:20:44.951641Z DEBUG netbaiot_transports::business_rpc::v3: business RPC V3 writer completed frame stream_id=0 frame_type=WindowUpdate payload_bytes=4
2026-09-26T01:20:44.951643Z DEBUG netbaiot_transports::business_rpc::v3: business RPC V3 selected frame stream_id=0 frame_type=WindowUpdate payload_bytes=4
2026-09-26T01:20:44.951647Z DEBUG netbaiot_transports::business_rpc::v3: business RPC V3 writer completed frame stream_id=0 frame_type=WindowUpdate payload_bytes=4
2026-09-26T01:20:44.951649Z DEBUG netbaiot_transports::business_rpc::v3: business RPC V3 selected frame stream_id=0 frame_type=WindowUpdate payload_bytes=4
2026-09-26T01:20:44.951652Z DEBUG netbaiot_transports::business_rpc::v3: business RPC V3 writer completed frame stream_id=0 frame_type=WindowUpdate payload_bytes=4
2026-09-26T01:20:44.952059Z DEBUG netbaiot_transports::business_rpc::v3: business RPC V3 body entered scheduler stream_id=258 class=Rpc body_bytes=198
2026-09-26T01:20:44.952065Z DEBUG netbaiot_transports::business_rpc::v3: business RPC V3 selected frame stream_id=258 frame_type=Open payload_bytes=158
2026-09-26T01:20:44.952072Z DEBUG netbaiot_transports::business_rpc::v3: business RPC V3 writer completed frame stream_id=258 frame_type=Open payload_bytes=158
2026-09-26T01:20:44.952075Z DEBUG netbaiot_transports::business_rpc::v3: business RPC V3 body entered scheduler stream_id=260 class=Rpc body_bytes=198
2026-09-26T01:20:44.952077Z DEBUG netbaiot_transports::business_rpc::v3: business RPC V3 selected frame stream_id=260 frame_type=Open payload_bytes=158
2026-09-26T01:20:44.952080Z DEBUG netbaiot_transports::business_rpc::v3: business RPC V3 writer completed frame stream_id=260 frame_type=Open payload_bytes=158
2026-09-26T01:20:44.952083Z DEBUG netbaiot_transports::business_rpc::v3: business RPC V3 selected frame stream_id=258 frame_type=Data payload_bytes=198
2026-09-26T01:20:44.952086Z DEBUG netbaiot_transports::business_rpc::v3: business RPC V3 writer completed frame stream_id=258 frame_type=Data payload_bytes=198
2026-09-26T01:20:44.952089Z DEBUG netbaiot_transports::business_rpc::v3: business RPC V3 body entered scheduler stream_id=262 class=Rpc body_bytes=198
2026-09-26T01:20:44.952091Z DEBUG netbaiot_transports::business_rpc::v3: business RPC V3 selected frame stream_id=262 frame_type=Open payload_bytes=158
2026-09-26T01:20:44.952094Z DEBUG netbaiot_transports::business_rpc::v3: business RPC V3 writer completed frame stream_id=262 frame_type=Open payload_bytes=158
2026-09-26T01:20:44.952096Z DEBUG netbaiot_transports::business_rpc::v3: business RPC V3 selected frame stream_id=260 frame_type=Data payload_bytes=198
2026-09-26T01:20:44.952098Z DEBUG netbaiot_transports::business_rpc::v3: business RPC V3 writer completed frame stream_id=260 frame_type=Data payload_bytes=198
2026-09-26T01:20:44.952105Z DEBUG netbaiot_transports::business_rpc::v3: business RPC V3 body entered scheduler stream_id=264 class=Rpc body_bytes=198
2026-09-26T01:20:44.952107Z DEBUG netbaiot_transports::business_rpc::v3: business RPC V3 selected frame stream_id=264 frame_type=Open payload_bytes=158
2026-09-26T01:20:44.952111Z DEBUG netbaiot_transports::business_rpc::v3: business RPC V3 writer completed frame stream_id=264 frame_type=Open payload_bytes=158
2026-09-26T01:20:44.952113Z DEBUG netbaiot_transports::business_rpc::v3: business RPC V3 selected frame stream_id=262 frame_type=Data payload_bytes=198
2026-09-26T01:20:44.952116Z DEBUG netbaiot_transports::business_rpc::v3: business RPC V3 writer completed frame stream_id=262 frame_type=Data payload_bytes=198
2026-09-26T01:20:44.952119Z DEBUG netbaiot_transports::business_rpc::v3: business RPC V3 selected frame stream_id=264 frame_type=Data payload_bytes=198
2026-09-26T01:20:44.952122Z DEBUG netbaiot_transports::business_rpc::v3: business RPC V3 writer completed frame stream_id=264 frame_type=Data payload_bytes=198
2026-09-26T01:20:44.983184Z DEBUG netbaiot_transports::business_rpc::v3: business RPC V3 body entered scheduler stream_id=266 class=Event body_bytes=17366
2026-09-26T01:20:44.983192Z DEBUG netbaiot_transports::business_rpc::v3: business RPC V3 selected frame stream_id=266 frame_type=Open payload_bytes=184
2026-09-26T01:20:44.983200Z DEBUG netbaiot_transports::business_rpc::v3: business RPC V3 writer completed frame stream_id=266 frame_type=Open payload_bytes=184
2026-09-26T01:20:44.983204Z DEBUG netbaiot_transports::business_rpc::v3: business RPC V3 selected frame stream_id=266 frame_type=Data payload_bytes=8192
2026-09-26T01:20:44.983209Z DEBUG netbaiot_transports::business_rpc::v3: business RPC V3 writer completed frame stream_id=266 frame_type=Data payload_bytes=8192
2026-09-26T01:20:45.114626Z DEBUG netbaiot_transports::business_rpc::v3: business RPC V3 received frame stream_id=0 frame_type=WindowUpdate payload_bytes=4
2026-09-26T01:20:45.114648Z DEBUG netbaiot_transports::business_rpc::v3: business RPC V3 received frame stream_id=0 frame_type=WindowUpdate payload_bytes=4
2026-09-26T01:20:45.114652Z DEBUG netbaiot_transports::business_rpc::v3: business RPC V3 received frame stream_id=0 frame_type=WindowUpdate payload_bytes=4
2026-09-26T01:20:45.114656Z DEBUG netbaiot_transports::business_rpc::v3: business RPC V3 received frame stream_id=0 frame_type=WindowUpdate payload_bytes=4
2026-09-26T01:20:45.114659Z DEBUG netbaiot_transports::business_rpc::v3: business RPC V3 received frame stream_id=264 frame_type=Response payload_bytes=35
2026-09-26T01:20:45.114666Z DEBUG netbaiot_transports::business_rpc::v3: business RPC V3 received frame stream_id=260 frame_type=Response payload_bytes=35
2026-09-26T01:20:45.114669Z DEBUG netbaiot_transports::business_rpc::v3: business RPC V3 received frame stream_id=262 frame_type=Response payload_bytes=35
2026-09-26T01:20:45.114673Z DEBUG netbaiot_transports::business_rpc::v3: business RPC V3 received frame stream_id=264 frame_type=Data payload_bytes=216
2026-09-26T01:20:45.114690Z DEBUG netbaiot_transports::business_rpc::v3: business RPC V3 received frame stream_id=260 frame_type=Data payload_bytes=216
2026-09-26T01:20:45.114698Z DEBUG netbaiot_transports::business_rpc::v3: business RPC V3 received frame stream_id=262 frame_type=Data payload_bytes=216
2026-09-26T01:20:45.114697Z DEBUG netbaiot_transports::business_rpc::v3: business RPC V3 selected frame stream_id=0 frame_type=WindowUpdate payload_bytes=4
2026-09-26T01:20:45.114704Z DEBUG netbaiot_transports::business_rpc::v3: business RPC V3 received frame stream_id=258 frame_type=Response payload_bytes=35
2026-09-26T01:20:45.114751Z DEBUG netbaiot_transports::business_rpc::v3: business RPC V3 received frame stream_id=258 frame_type=Data payload_bytes=216
2026-09-26T01:20:45.114719Z DEBUG netbaiot_transports::business_rpc::v3: business RPC V3 writer completed frame stream_id=0 frame_type=WindowUpdate payload_bytes=4
2026-09-26T01:20:45.114809Z DEBUG netbaiot_transports::business_rpc::v3: business RPC V3 selected frame stream_id=0 frame_type=WindowUpdate payload_bytes=4
2026-09-26T01:20:45.114829Z DEBUG netbaiot_transports::business_rpc::v3: business RPC V3 writer completed frame stream_id=0 frame_type=WindowUpdate payload_bytes=4
2026-09-26T01:20:45.114861Z DEBUG netbaiot_transports::business_rpc::v3: business RPC V3 selected frame stream_id=0 frame_type=WindowUpdate payload_bytes=4
2026-09-26T01:20:45.114870Z DEBUG netbaiot_transports::business_rpc::v3: business RPC V3 writer completed frame stream_id=0 frame_type=WindowUpdate payload_bytes=4
2026-09-26T01:20:45.114874Z DEBUG netbaiot_transports::business_rpc::v3: business RPC V3 selected frame stream_id=0 frame_type=WindowUpdate payload_bytes=4
2026-09-26T01:20:45.114878Z DEBUG netbaiot_transports::business_rpc::v3: business RPC V3 writer completed frame stream_id=0 frame_type=WindowUpdate payload_bytes=4
2026-09-26T01:20:45.115227Z DEBUG netbaiot_transports::business_rpc::v3: business RPC V3 body entered scheduler stream_id=268 class=Rpc body_bytes=198
2026-09-26T01:20:45.115234Z DEBUG netbaiot_transports::business_rpc::v3: business RPC V3 selected frame stream_id=268 frame_type=Open payload_bytes=158
2026-09-26T01:20:45.115241Z DEBUG netbaiot_transports::business_rpc::v3: business RPC V3 writer completed frame stream_id=268 frame_type=Open payload_bytes=158
2026-09-26T01:20:45.115244Z DEBUG netbaiot_transports::business_rpc::v3: business RPC V3 body entered scheduler stream_id=270 class=Rpc body_bytes=198
2026-09-26T01:20:45.115247Z DEBUG netbaiot_transports::business_rpc::v3: business RPC V3 selected frame stream_id=270 frame_type=Open payload_bytes=158
2026-09-26T01:20:45.115250Z DEBUG netbaiot_transports::business_rpc::v3: business RPC V3 writer completed frame stream_id=270 frame_type=Open payload_bytes=158
2026-09-26T01:20:45.115253Z DEBUG netbaiot_transports::business_rpc::v3: business RPC V3 selected frame stream_id=268 frame_type=Data payload_bytes=198
2026-09-26T01:20:45.115257Z DEBUG netbaiot_transports::business_rpc::v3: business RPC V3 writer completed frame stream_id=268 frame_type=Data payload_bytes=198
2026-09-26T01:20:45.115260Z DEBUG netbaiot_transports::business_rpc::v3: business RPC V3 selected frame stream_id=270 frame_type=Data payload_bytes=198
2026-09-26T01:20:45.115263Z DEBUG netbaiot_transports::business_rpc::v3: business RPC V3 writer completed frame stream_id=270 frame_type=Data payload_bytes=198
2026-09-26T01:20:45.115266Z DEBUG netbaiot_transports::business_rpc::v3: business RPC V3 body entered scheduler stream_id=272 class=Rpc body_bytes=198
2026-09-26T01:20:45.115268Z DEBUG netbaiot_transports::business_rpc::v3: business RPC V3 selected frame stream_id=272 frame_type=Open payload_bytes=158
2026-09-26T01:20:45.115272Z DEBUG netbaiot_transports::business_rpc::v3: business RPC V3 writer completed frame stream_id=272 frame_type=Open payload_bytes=158
2026-09-26T01:20:45.115274Z DEBUG netbaiot_transports::business_rpc::v3: business RPC V3 selected frame stream_id=272 frame_type=Data payload_bytes=198
2026-09-26T01:20:45.115277Z DEBUG netbaiot_transports::business_rpc::v3: business RPC V3 writer completed frame stream_id=272 frame_type=Data payload_bytes=198
2026-09-26T01:20:45.115279Z DEBUG netbaiot_transports::business_rpc::v3: business RPC V3 body entered scheduler stream_id=274 class=Rpc body_bytes=198
2026-09-26T01:20:45.115281Z DEBUG netbaiot_transports::business_rpc::v3: business RPC V3 selected frame stream_id=274 frame_type=Open payload_bytes=158
2026-09-26T01:20:45.115285Z DEBUG netbaiot_transports::business_rpc::v3: business RPC V3 writer completed frame stream_id=274 frame_type=Open payload_bytes=158
2026-09-26T01:20:45.115287Z DEBUG netbaiot_transports::business_rpc::v3: business RPC V3 selected frame stream_id=274 frame_type=Data payload_bytes=198
2026-09-26T01:20:45.115289Z DEBUG netbaiot_transports::business_rpc::v3: business RPC V3 writer completed frame stream_id=274 frame_type=Data payload_bytes=198
2026-09-26T01:20:45.362899Z DEBUG netbaiot_transports::business_rpc::v3: business RPC V3 received frame stream_id=0 frame_type=WindowUpdate payload_bytes=4
2026-09-26T01:20:45.362996Z DEBUG netbaiot_transports::business_rpc::v3: business RPC V3 received frame stream_id=266 frame_type=WindowUpdate payload_bytes=4
2026-09-26T01:20:45.363026Z DEBUG netbaiot_transports::business_rpc::v3: business RPC V3 selected frame stream_id=266 frame_type=Data payload_bytes=8192
2026-09-26T01:20:45.363057Z DEBUG netbaiot_transports::business_rpc::v3: business RPC V3 writer completed frame stream_id=266 frame_type=Data payload_bytes=8192
2026-09-26T01:20:45.474546Z DEBUG netbaiot_transports::business_rpc::v3: business RPC V3 received frame stream_id=0 frame_type=WindowUpdate payload_bytes=4
2026-09-26T01:20:45.474635Z DEBUG netbaiot_transports::business_rpc::v3: business RPC V3 received frame stream_id=0 frame_type=WindowUpdate payload_bytes=4
2026-09-26T01:20:45.474661Z DEBUG netbaiot_transports::business_rpc::v3: business RPC V3 received frame stream_id=0 frame_type=WindowUpdate payload_bytes=4
2026-09-26T01:20:45.474672Z DEBUG netbaiot_transports::business_rpc::v3: business RPC V3 received frame stream_id=0 frame_type=WindowUpdate payload_bytes=4
2026-09-26T01:20:45.474682Z DEBUG netbaiot_transports::business_rpc::v3: business RPC V3 received frame stream_id=274 frame_type=Response payload_bytes=35
2026-09-26T01:20:45.474701Z DEBUG netbaiot_transports::business_rpc::v3: business RPC V3 received frame stream_id=268 frame_type=Response payload_bytes=35
2026-09-26T01:20:45.474714Z DEBUG netbaiot_transports::business_rpc::v3: business RPC V3 received frame stream_id=270 frame_type=Response payload_bytes=35
2026-09-26T01:20:45.474722Z DEBUG netbaiot_transports::business_rpc::v3: business RPC V3 received frame stream_id=274 frame_type=Data payload_bytes=216
2026-09-26T01:20:45.474781Z DEBUG netbaiot_transports::business_rpc::v3: business RPC V3 received frame stream_id=272 frame_type=Response payload_bytes=35
2026-09-26T01:20:45.474799Z DEBUG netbaiot_transports::business_rpc::v3: business RPC V3 received frame stream_id=268 frame_type=Data payload_bytes=216
2026-09-26T01:20:45.474816Z DEBUG netbaiot_transports::business_rpc::v3: business RPC V3 received frame stream_id=270 frame_type=Data payload_bytes=216
2026-09-26T01:20:45.474832Z DEBUG netbaiot_transports::business_rpc::v3: business RPC V3 received frame stream_id=272 frame_type=Data payload_bytes=216
2026-09-26T01:20:45.474998Z DEBUG netbaiot_transports::business_rpc::v3: business RPC V3 selected frame stream_id=0 frame_type=WindowUpdate payload_bytes=4
2026-09-26T01:20:45.475081Z DEBUG netbaiot_transports::business_rpc::v3: business RPC V3 writer completed frame stream_id=0 frame_type=WindowUpdate payload_bytes=4
2026-09-26T01:20:45.475107Z DEBUG netbaiot_transports::business_rpc::v3: business RPC V3 selected frame stream_id=0 frame_type=WindowUpdate payload_bytes=4
2026-09-26T01:20:45.475124Z DEBUG netbaiot_transports::business_rpc::v3: business RPC V3 writer completed frame stream_id=0 frame_type=WindowUpdate payload_bytes=4
2026-09-26T01:20:45.475141Z DEBUG netbaiot_transports::business_rpc::v3: business RPC V3 selected frame stream_id=0 frame_type=WindowUpdate payload_bytes=4
2026-09-26T01:20:45.475159Z DEBUG netbaiot_transports::business_rpc::v3: business RPC V3 writer completed frame stream_id=0 frame_type=WindowUpdate payload_bytes=4
2026-09-26T01:20:45.475168Z DEBUG netbaiot_transports::business_rpc::v3: business RPC V3 selected frame stream_id=0 frame_type=WindowUpdate payload_bytes=4
2026-09-26T01:20:45.475799Z DEBUG netbaiot_transports::business_rpc::v3: business RPC V3 writer completed frame stream_id=0 frame_type=WindowUpdate payload_bytes=4
2026-09-26T01:20:45.478451Z DEBUG netbaiot_transports::business_rpc::v3: business RPC V3 body entered scheduler stream_id=276 class=Rpc body_bytes=198
2026-09-26T01:20:45.478520Z DEBUG netbaiot_transports::business_rpc::v3: business RPC V3 selected frame stream_id=276 frame_type=Open payload_bytes=158
2026-09-26T01:20:45.478559Z DEBUG netbaiot_transports::business_rpc::v3: business RPC V3 writer completed frame stream_id=276 frame_type=Open payload_bytes=158
2026-09-26T01:20:45.478576Z DEBUG netbaiot_transports::business_rpc::v3: business RPC V3 selected frame stream_id=276 frame_type=Data payload_bytes=198
2026-09-26T01:20:45.478595Z DEBUG netbaiot_transports::business_rpc::v3: business RPC V3 writer completed frame stream_id=276 frame_type=Data payload_bytes=198
2026-09-26T01:20:45.478671Z DEBUG netbaiot_transports::business_rpc::v3: business RPC V3 body entered scheduler stream_id=278 class=Rpc body_bytes=198
2026-09-26T01:20:45.478686Z DEBUG netbaiot_transports::business_rpc::v3: business RPC V3 selected frame stream_id=278 frame_type=Open payload_bytes=158
2026-09-26T01:20:45.478705Z DEBUG netbaiot_transports::business_rpc::v3: business RPC V3 writer completed frame stream_id=278 frame_type=Open payload_bytes=158
2026-09-26T01:20:45.478714Z DEBUG netbaiot_transports::business_rpc::v3: business RPC V3 selected frame stream_id=278 frame_type=Data payload_bytes=198
2026-09-26T01:20:45.478728Z DEBUG netbaiot_transports::business_rpc::v3: business RPC V3 writer completed frame stream_id=278 frame_type=Data payload_bytes=198
2026-09-26T01:20:45.478786Z DEBUG netbaiot_transports::business_rpc::v3: business RPC V3 body entered scheduler stream_id=280 class=Rpc body_bytes=198
2026-09-26T01:20:45.478799Z DEBUG netbaiot_transports::business_rpc::v3: business RPC V3 selected frame stream_id=280 frame_type=Open payload_bytes=158
2026-09-26T01:20:45.478834Z DEBUG netbaiot_transports::business_rpc::v3: business RPC V3 writer completed frame stream_id=280 frame_type=Open payload_bytes=158
2026-09-26T01:20:45.478848Z DEBUG netbaiot_transports::business_rpc::v3: business RPC V3 selected frame stream_id=280 frame_type=Data payload_bytes=198
2026-09-26T01:20:45.478860Z DEBUG netbaiot_transports::business_rpc::v3: business RPC V3 writer completed frame stream_id=280 frame_type=Data payload_bytes=198
2026-09-26T01:20:45.478994Z DEBUG netbaiot_transports::business_rpc::v3: business RPC V3 body entered scheduler stream_id=282 class=Rpc body_bytes=198
2026-09-26T01:20:45.479017Z DEBUG netbaiot_transports::business_rpc::v3: business RPC V3 selected frame stream_id=282 frame_type=Open payload_bytes=158
2026-09-26T01:20:45.479038Z DEBUG netbaiot_transports::business_rpc::v3: business RPC V3 writer completed frame stream_id=282 frame_type=Open payload_bytes=158
2026-09-26T01:20:45.479046Z DEBUG netbaiot_transports::business_rpc::v3: business RPC V3 selected frame stream_id=282 frame_type=Data payload_bytes=198
2026-09-26T01:20:45.479059Z DEBUG netbaiot_transports::business_rpc::v3: business RPC V3 writer completed frame stream_id=282 frame_type=Data payload_bytes=198
2026-09-26T01:20:45.597090Z DEBUG netbaiot_transports::business_rpc::v3: business RPC V3 received frame stream_id=0 frame_type=Ping payload_bytes=8
2026-09-26T01:20:45.597290Z DEBUG netbaiot_transports::business_rpc::v3: business RPC V3 selected frame stream_id=0 frame_type=Pong payload_bytes=8
2026-09-26T01:20:45.597334Z DEBUG netbaiot_transports::business_rpc::v3: business RPC V3 writer completed frame stream_id=0 frame_type=Pong payload_bytes=8
2026-09-26T01:20:45.717279Z DEBUG netbaiot_transports::business_rpc::v3: business RPC V3 received frame stream_id=0 frame_type=WindowUpdate payload_bytes=4
2026-09-26T01:20:45.717370Z DEBUG netbaiot_transports::business_rpc::v3: business RPC V3 received frame stream_id=266 frame_type=WindowUpdate payload_bytes=4
2026-09-26T01:20:45.717409Z DEBUG netbaiot_transports::business_rpc::v3: business RPC V3 selected frame stream_id=266 frame_type=Data payload_bytes=982
2026-09-26T01:20:45.717458Z DEBUG netbaiot_transports::business_rpc::v3: business RPC V3 writer completed frame stream_id=266 frame_type=Data payload_bytes=982
2026-09-26T01:20:45.853226Z DEBUG netbaiot_transports::business_rpc::v3: business RPC V3 received frame stream_id=0 frame_type=WindowUpdate payload_bytes=4
2026-09-26T01:20:45.853320Z DEBUG netbaiot_transports::business_rpc::v3: business RPC V3 received frame stream_id=0 frame_type=WindowUpdate payload_bytes=4
2026-09-26T01:20:45.853339Z DEBUG netbaiot_transports::business_rpc::v3: business RPC V3 received frame stream_id=0 frame_type=WindowUpdate payload_bytes=4
2026-09-26T01:20:45.853349Z DEBUG netbaiot_transports::business_rpc::v3: business RPC V3 received frame stream_id=0 frame_type=WindowUpdate payload_bytes=4
2026-09-26T01:20:45.853357Z DEBUG netbaiot_transports::business_rpc::v3: business RPC V3 received frame stream_id=282 frame_type=Response payload_bytes=35
2026-09-26T01:20:45.853375Z DEBUG netbaiot_transports::business_rpc::v3: business RPC V3 received frame stream_id=278 frame_type=Response payload_bytes=35
2026-09-26T01:20:45.853388Z DEBUG netbaiot_transports::business_rpc::v3: business RPC V3 received frame stream_id=282 frame_type=Data payload_bytes=216
2026-09-26T01:20:45.853441Z DEBUG netbaiot_transports::business_rpc::v3: business RPC V3 received frame stream_id=276 frame_type=Response payload_bytes=35
2026-09-26T01:20:45.853455Z DEBUG netbaiot_transports::business_rpc::v3: business RPC V3 received frame stream_id=280 frame_type=Response payload_bytes=35
2026-09-26T01:20:45.853462Z DEBUG netbaiot_transports::business_rpc::v3: business RPC V3 selected frame stream_id=0 frame_type=WindowUpdate payload_bytes=4
2026-09-26T01:20:45.853466Z DEBUG netbaiot_transports::business_rpc::v3: business RPC V3 received frame stream_id=278 frame_type=Data payload_bytes=216
2026-09-26T01:20:45.853516Z DEBUG netbaiot_transports::business_rpc::v3: business RPC V3 writer completed frame stream_id=0 frame_type=WindowUpdate payload_bytes=4
2026-09-26T01:20:45.853531Z DEBUG netbaiot_transports::business_rpc::v3: business RPC V3 selected frame stream_id=0 frame_type=WindowUpdate payload_bytes=4
2026-09-26T01:20:45.853536Z DEBUG netbaiot_transports::business_rpc::v3: business RPC V3 received frame stream_id=276 frame_type=Data payload_bytes=216
2026-09-26T01:20:45.853546Z DEBUG netbaiot_transports::business_rpc::v3: business RPC V3 writer completed frame stream_id=0 frame_type=WindowUpdate payload_bytes=4
2026-09-26T01:20:45.853568Z DEBUG netbaiot_transports::business_rpc::v3: business RPC V3 selected frame stream_id=0 frame_type=WindowUpdate payload_bytes=4
2026-09-26T01:20:45.853570Z DEBUG netbaiot_transports::business_rpc::v3: business RPC V3 received frame stream_id=280 frame_type=Data payload_bytes=216
2026-09-26T01:20:45.853585Z DEBUG netbaiot_transports::business_rpc::v3: business RPC V3 writer completed frame stream_id=0 frame_type=WindowUpdate payload_bytes=4
2026-09-26T01:20:45.853628Z DEBUG netbaiot_transports::business_rpc::v3: business RPC V3 selected frame stream_id=0 frame_type=WindowUpdate payload_bytes=4
2026-09-26T01:20:45.853645Z DEBUG netbaiot_transports::business_rpc::v3: business RPC V3 writer completed frame stream_id=0 frame_type=WindowUpdate payload_bytes=4
2026-09-26T01:20:45.854469Z DEBUG netbaiot_transports::business_rpc::v3: business RPC V3 body entered scheduler stream_id=284 class=Rpc body_bytes=198
2026-09-26T01:20:45.854519Z DEBUG netbaiot_transports::business_rpc::v3: business RPC V3 body entered scheduler stream_id=286 class=Rpc body_bytes=198
2026-09-26T01:20:45.854531Z DEBUG netbaiot_transports::business_rpc::v3: business RPC V3 body entered scheduler stream_id=288 class=Rpc body_bytes=198
2026-09-26T01:20:45.854540Z DEBUG netbaiot_transports::business_rpc::v3: business RPC V3 selected frame stream_id=284 frame_type=Open payload_bytes=158
2026-09-26T01:20:45.854561Z DEBUG netbaiot_transports::business_rpc::v3: business RPC V3 writer completed frame stream_id=284 frame_type=Open payload_bytes=158
2026-09-26T01:20:45.854573Z DEBUG netbaiot_transports::business_rpc::v3: business RPC V3 body entered scheduler stream_id=290 class=Rpc body_bytes=198
2026-09-26T01:20:45.854581Z DEBUG netbaiot_transports::business_rpc::v3: business RPC V3 selected frame stream_id=286 frame_type=Open payload_bytes=158
2026-09-26T01:20:45.854592Z DEBUG netbaiot_transports::business_rpc::v3: business RPC V3 writer completed frame stream_id=286 frame_type=Open payload_bytes=158
2026-09-26T01:20:45.854601Z DEBUG netbaiot_transports::business_rpc::v3: business RPC V3 selected frame stream_id=288 frame_type=Open payload_bytes=158
2026-09-26T01:20:45.854612Z DEBUG netbaiot_transports::business_rpc::v3: business RPC V3 writer completed frame stream_id=288 frame_type=Open payload_bytes=158
2026-09-26T01:20:45.854619Z DEBUG netbaiot_transports::business_rpc::v3: business RPC V3 selected frame stream_id=290 frame_type=Open payload_bytes=158
2026-09-26T01:20:45.854637Z DEBUG netbaiot_transports::business_rpc::v3: business RPC V3 writer completed frame stream_id=290 frame_type=Open payload_bytes=158
2026-09-26T01:20:45.854647Z DEBUG netbaiot_transports::business_rpc::v3: business RPC V3 selected frame stream_id=284 frame_type=Data payload_bytes=198
2026-09-26T01:20:45.854658Z DEBUG netbaiot_transports::business_rpc::v3: business RPC V3 writer completed frame stream_id=284 frame_type=Data payload_bytes=198
2026-09-26T01:20:45.854668Z DEBUG netbaiot_transports::business_rpc::v3: business RPC V3 selected frame stream_id=286 frame_type=Data payload_bytes=198
2026-09-26T01:20:45.854681Z DEBUG netbaiot_transports::business_rpc::v3: business RPC V3 writer completed frame stream_id=286 frame_type=Data payload_bytes=198
2026-09-26T01:20:45.854689Z DEBUG netbaiot_transports::business_rpc::v3: business RPC V3 selected frame stream_id=288 frame_type=Data payload_bytes=198
2026-09-26T01:20:45.854700Z DEBUG netbaiot_transports::business_rpc::v3: business RPC V3 writer completed frame stream_id=288 frame_type=Data payload_bytes=198
2026-09-26T01:20:45.854708Z DEBUG netbaiot_transports::business_rpc::v3: business RPC V3 selected frame stream_id=290 frame_type=Data payload_bytes=198
2026-09-26T01:20:45.854721Z DEBUG netbaiot_transports::business_rpc::v3: business RPC V3 writer completed frame stream_id=290 frame_type=Data payload_bytes=198
2026-09-26T01:20:45.884764Z DEBUG netbaiot_transports::business_rpc::v3: business RPC V3 received frame stream_id=0 frame_type=WindowUpdate payload_bytes=4
2026-09-26T01:20:45.884853Z DEBUG netbaiot_transports::business_rpc::v3: business RPC V3 received frame stream_id=266 frame_type=Response payload_bytes=35
2026-09-26T01:20:45.884878Z DEBUG netbaiot_transports::business_rpc::v3: business RPC V3 received frame stream_id=266 frame_type=Data payload_bytes=118
2026-09-26T01:20:45.884899Z DEBUG netbaiot_transports::business_rpc::v3: business RPC V3 Event delivery acknowledged stream_id=266 completion_us=901717
2026-09-26T01:20:45.884944Z DEBUG netbaiot_transports::business_rpc::v3: business RPC V3 selected frame stream_id=0 frame_type=WindowUpdate payload_bytes=4
2026-09-26T01:20:45.884992Z DEBUG netbaiot_transports::business_rpc::v3: business RPC V3 writer completed frame stream_id=0 frame_type=WindowUpdate payload_bytes=4
2026-09-26T01:20:45.983616Z DEBUG netbaiot_transports::business_rpc::v3: business RPC V3 body entered scheduler stream_id=292 class=Event body_bytes=17366
2026-09-26T01:20:45.983643Z DEBUG netbaiot_transports::business_rpc::v3: business RPC V3 selected frame stream_id=292 frame_type=Open payload_bytes=184
2026-09-26T01:20:45.983654Z DEBUG netbaiot_transports::business_rpc::v3: business RPC V3 writer completed frame stream_id=292 frame_type=Open payload_bytes=184
2026-09-26T01:20:45.983660Z DEBUG netbaiot_transports::business_rpc::v3: business RPC V3 selected frame stream_id=292 frame_type=Data payload_bytes=8192
2026-09-26T01:20:45.983666Z DEBUG netbaiot_transports::business_rpc::v3: business RPC V3 writer completed frame stream_id=292 frame_type=Data payload_bytes=8192
2026-09-26T01:20:46.044831Z DEBUG netbaiot_transports::business_rpc::v3: business RPC V3 received frame stream_id=0 frame_type=WindowUpdate payload_bytes=4
2026-09-26T01:20:46.044861Z DEBUG netbaiot_transports::business_rpc::v3: business RPC V3 received frame stream_id=0 frame_type=WindowUpdate payload_bytes=4
2026-09-26T01:20:46.044868Z DEBUG netbaiot_transports::business_rpc::v3: business RPC V3 received frame stream_id=0 frame_type=WindowUpdate payload_bytes=4
2026-09-26T01:20:46.044874Z DEBUG netbaiot_transports::business_rpc::v3: business RPC V3 received frame stream_id=0 frame_type=WindowUpdate payload_bytes=4
2026-09-26T01:20:46.044878Z DEBUG netbaiot_transports::business_rpc::v3: business RPC V3 received frame stream_id=290 frame_type=Response payload_bytes=35
2026-09-26T01:20:46.044888Z DEBUG netbaiot_transports::business_rpc::v3: business RPC V3 received frame stream_id=284 frame_type=Response payload_bytes=35
2026-09-26T01:20:46.044893Z DEBUG netbaiot_transports::business_rpc::v3: business RPC V3 received frame stream_id=286 frame_type=Response payload_bytes=35
2026-09-26T01:20:46.044898Z DEBUG netbaiot_transports::business_rpc::v3: business RPC V3 received frame stream_id=288 frame_type=Response payload_bytes=35
2026-09-26T01:20:46.044902Z DEBUG netbaiot_transports::business_rpc::v3: business RPC V3 received frame stream_id=290 frame_type=Data payload_bytes=216
2026-09-26T01:20:46.044928Z DEBUG netbaiot_transports::business_rpc::v3: business RPC V3 received frame stream_id=284 frame_type=Data payload_bytes=216
2026-09-26T01:20:46.044940Z DEBUG netbaiot_transports::business_rpc::v3: business RPC V3 received frame stream_id=286 frame_type=Data payload_bytes=216
2026-09-26T01:20:46.044940Z DEBUG netbaiot_transports::business_rpc::v3: business RPC V3 selected frame stream_id=0 frame_type=WindowUpdate payload_bytes=4
2026-09-26T01:20:46.044971Z DEBUG netbaiot_transports::business_rpc::v3: business RPC V3 writer completed frame stream_id=0 frame_type=WindowUpdate payload_bytes=4
2026-09-26T01:20:46.044978Z DEBUG netbaiot_transports::business_rpc::v3: business RPC V3 selected frame stream_id=0 frame_type=WindowUpdate payload_bytes=4
2026-09-26T01:20:46.044985Z DEBUG netbaiot_transports::business_rpc::v3: business RPC V3 writer completed frame stream_id=0 frame_type=WindowUpdate payload_bytes=4
2026-09-26T01:20:46.044990Z DEBUG netbaiot_transports::business_rpc::v3: business RPC V3 selected frame stream_id=0 frame_type=WindowUpdate payload_bytes=4
2026-09-26T01:20:46.044950Z DEBUG netbaiot_transports::business_rpc::v3: business RPC V3 received frame stream_id=288 frame_type=Data payload_bytes=216
2026-09-26T01:20:46.044998Z DEBUG netbaiot_transports::business_rpc::v3: business RPC V3 writer completed frame stream_id=0 frame_type=WindowUpdate payload_bytes=4
2026-09-26T01:20:46.045027Z DEBUG netbaiot_transports::business_rpc::v3: business RPC V3 selected frame stream_id=0 frame_type=WindowUpdate payload_bytes=4
2026-09-26T01:20:46.045039Z DEBUG netbaiot_transports::business_rpc::v3: business RPC V3 writer completed frame stream_id=0 frame_type=WindowUpdate payload_bytes=4
2026-09-26T01:20:46.045543Z DEBUG netbaiot_transports::business_rpc::v3: business RPC V3 body entered scheduler stream_id=294 class=Rpc body_bytes=198
2026-09-26T01:20:46.045553Z DEBUG netbaiot_transports::business_rpc::v3: business RPC V3 selected frame stream_id=294 frame_type=Open payload_bytes=158
2026-09-26T01:20:46.045564Z DEBUG netbaiot_transports::business_rpc::v3: business RPC V3 writer completed frame stream_id=294 frame_type=Open payload_bytes=158
2026-09-26T01:20:46.045572Z DEBUG netbaiot_transports::business_rpc::v3: business RPC V3 body entered scheduler stream_id=296 class=Rpc body_bytes=198
2026-09-26T01:20:46.045576Z DEBUG netbaiot_transports::business_rpc::v3: business RPC V3 selected frame stream_id=296 frame_type=Open payload_bytes=158
2026-09-26T01:20:46.045582Z DEBUG netbaiot_transports::business_rpc::v3: business RPC V3 writer completed frame stream_id=296 frame_type=Open payload_bytes=158
2026-09-26T01:20:46.045586Z DEBUG netbaiot_transports::business_rpc::v3: business RPC V3 selected frame stream_id=294 frame_type=Data payload_bytes=198
2026-09-26T01:20:46.045592Z DEBUG netbaiot_transports::business_rpc::v3: business RPC V3 writer completed frame stream_id=294 frame_type=Data payload_bytes=198
2026-09-26T01:20:46.045596Z DEBUG netbaiot_transports::business_rpc::v3: business RPC V3 body entered scheduler stream_id=298 class=Rpc body_bytes=198
2026-09-26T01:20:46.045600Z DEBUG netbaiot_transports::business_rpc::v3: business RPC V3 selected frame stream_id=298 frame_type=Open payload_bytes=158
2026-09-26T01:20:46.045611Z DEBUG netbaiot_transports::business_rpc::v3: business RPC V3 writer completed frame stream_id=298 frame_type=Open payload_bytes=158
2026-09-26T01:20:46.045615Z DEBUG netbaiot_transports::business_rpc::v3: business RPC V3 body entered scheduler stream_id=300 class=Rpc body_bytes=198
2026-09-26T01:20:46.045618Z DEBUG netbaiot_transports::business_rpc::v3: business RPC V3 selected frame stream_id=300 frame_type=Open payload_bytes=158
2026-09-26T01:20:46.045623Z DEBUG netbaiot_transports::business_rpc::v3: business RPC V3 writer completed frame stream_id=300 frame_type=Open payload_bytes=158
2026-09-26T01:20:46.045627Z DEBUG netbaiot_transports::business_rpc::v3: business RPC V3 selected frame stream_id=296 frame_type=Data payload_bytes=198
2026-09-26T01:20:46.045632Z DEBUG netbaiot_transports::business_rpc::v3: business RPC V3 writer completed frame stream_id=296 frame_type=Data payload_bytes=198
2026-09-26T01:20:46.045635Z DEBUG netbaiot_transports::business_rpc::v3: business RPC V3 selected frame stream_id=298 frame_type=Data payload_bytes=198
2026-09-26T01:20:46.045640Z DEBUG netbaiot_transports::business_rpc::v3: business RPC V3 writer completed frame stream_id=298 frame_type=Data payload_bytes=198
2026-09-26T01:20:46.045644Z DEBUG netbaiot_transports::business_rpc::v3: business RPC V3 selected frame stream_id=300 frame_type=Data payload_bytes=198
2026-09-26T01:20:46.045651Z DEBUG netbaiot_transports::business_rpc::v3: business RPC V3 writer completed frame stream_id=300 frame_type=Data payload_bytes=198
2026-09-26T01:20:46.320283Z DEBUG netbaiot_transports::business_rpc::v3: business RPC V3 received frame stream_id=0 frame_type=WindowUpdate payload_bytes=4
2026-09-26T01:20:46.320311Z DEBUG netbaiot_transports::business_rpc::v3: business RPC V3 received frame stream_id=292 frame_type=WindowUpdate payload_bytes=4
2026-09-26T01:20:46.320323Z DEBUG netbaiot_transports::business_rpc::v3: business RPC V3 selected frame stream_id=292 frame_type=Data payload_bytes=8192
2026-09-26T01:20:46.320341Z DEBUG netbaiot_transports::business_rpc::v3: business RPC V3 writer completed frame stream_id=292 frame_type=Data payload_bytes=8192
2026-09-26T01:20:46.429962Z DEBUG netbaiot_transports::business_rpc::v3: business RPC V3 received frame stream_id=0 frame_type=WindowUpdate payload_bytes=4
2026-09-26T01:20:46.430035Z DEBUG netbaiot_transports::business_rpc::v3: business RPC V3 received frame stream_id=0 frame_type=WindowUpdate payload_bytes=4
2026-09-26T01:20:46.430056Z DEBUG netbaiot_transports::business_rpc::v3: business RPC V3 received frame stream_id=0 frame_type=WindowUpdate payload_bytes=4
2026-09-26T01:20:46.430067Z DEBUG netbaiot_transports::business_rpc::v3: business RPC V3 received frame stream_id=0 frame_type=WindowUpdate payload_bytes=4
2026-09-26T01:20:46.430077Z DEBUG netbaiot_transports::business_rpc::v3: business RPC V3 received frame stream_id=300 frame_type=Response payload_bytes=35
2026-09-26T01:20:46.430093Z DEBUG netbaiot_transports::business_rpc::v3: business RPC V3 received frame stream_id=294 frame_type=Response payload_bytes=35
2026-09-26T01:20:46.430104Z DEBUG netbaiot_transports::business_rpc::v3: business RPC V3 received frame stream_id=296 frame_type=Response payload_bytes=35
2026-09-26T01:20:46.430113Z DEBUG netbaiot_transports::business_rpc::v3: business RPC V3 received frame stream_id=300 frame_type=Data payload_bytes=216
2026-09-26T01:20:46.430174Z DEBUG netbaiot_transports::business_rpc::v3: business RPC V3 received frame stream_id=294 frame_type=Data payload_bytes=216
2026-09-26T01:20:46.430198Z DEBUG netbaiot_transports::business_rpc::v3: business RPC V3 selected frame stream_id=0 frame_type=WindowUpdate payload_bytes=4
2026-09-26T01:20:46.430251Z DEBUG netbaiot_transports::business_rpc::v3: business RPC V3 received frame stream_id=296 frame_type=Data payload_bytes=216
2026-09-26T01:20:46.430282Z DEBUG netbaiot_transports::business_rpc::v3: business RPC V3 received frame stream_id=298 frame_type=Response payload_bytes=35
2026-09-26T01:20:46.430296Z DEBUG netbaiot_transports::business_rpc::v3: business RPC V3 received frame stream_id=298 frame_type=Data payload_bytes=216
2026-09-26T01:20:46.430296Z DEBUG netbaiot_transports::business_rpc::v3: business RPC V3 writer completed frame stream_id=0 frame_type=WindowUpdate payload_bytes=4
2026-09-26T01:20:46.430329Z DEBUG netbaiot_transports::business_rpc::v3: business RPC V3 selected frame stream_id=0 frame_type=WindowUpdate payload_bytes=4
2026-09-26T01:20:46.430353Z DEBUG netbaiot_transports::business_rpc::v3: business RPC V3 writer completed frame stream_id=0 frame_type=WindowUpdate payload_bytes=4
2026-09-26T01:20:46.430365Z DEBUG netbaiot_transports::business_rpc::v3: business RPC V3 selected frame stream_id=0 frame_type=WindowUpdate payload_bytes=4
2026-09-26T01:20:46.430380Z DEBUG netbaiot_transports::business_rpc::v3: business RPC V3 writer completed frame stream_id=0 frame_type=WindowUpdate payload_bytes=4
2026-09-26T01:20:46.430388Z DEBUG netbaiot_transports::business_rpc::v3: business RPC V3 selected frame stream_id=0 frame_type=WindowUpdate payload_bytes=4
2026-09-26T01:20:46.430404Z DEBUG netbaiot_transports::business_rpc::v3: business RPC V3 writer completed frame stream_id=0 frame_type=WindowUpdate payload_bytes=4
2026-09-26T01:20:46.431254Z DEBUG netbaiot_transports::business_rpc::v3: business RPC V3 body entered scheduler stream_id=302 class=Rpc body_bytes=198
2026-09-26T01:20:46.431307Z DEBUG netbaiot_transports::business_rpc::v3: business RPC V3 body entered scheduler stream_id=304 class=Rpc body_bytes=198
2026-09-26T01:20:46.431322Z DEBUG netbaiot_transports::business_rpc::v3: business RPC V3 body entered scheduler stream_id=306 class=Rpc body_bytes=198
2026-09-26T01:20:46.431333Z DEBUG netbaiot_transports::business_rpc::v3: business RPC V3 selected frame stream_id=302 frame_type=Open payload_bytes=158
2026-09-26T01:20:46.431362Z DEBUG netbaiot_transports::business_rpc::v3: business RPC V3 writer completed frame stream_id=302 frame_type=Open payload_bytes=158
2026-09-26T01:20:46.431380Z DEBUG netbaiot_transports::business_rpc::v3: business RPC V3 body entered scheduler stream_id=308 class=Rpc body_bytes=198
2026-09-26T01:20:46.431388Z DEBUG netbaiot_transports::business_rpc::v3: business RPC V3 selected frame stream_id=304 frame_type=Open payload_bytes=158
2026-09-26T01:20:46.431407Z DEBUG netbaiot_transports::business_rpc::v3: business RPC V3 writer completed frame stream_id=304 frame_type=Open payload_bytes=158
2026-09-26T01:20:46.431418Z DEBUG netbaiot_transports::business_rpc::v3: business RPC V3 selected frame stream_id=306 frame_type=Open payload_bytes=158
2026-09-26T01:20:46.431436Z DEBUG netbaiot_transports::business_rpc::v3: business RPC V3 writer completed frame stream_id=306 frame_type=Open payload_bytes=158
2026-09-26T01:20:46.431446Z DEBUG netbaiot_transports::business_rpc::v3: business RPC V3 selected frame stream_id=308 frame_type=Open payload_bytes=158
2026-09-26T01:20:46.431490Z DEBUG netbaiot_transports::business_rpc::v3: business RPC V3 writer completed frame stream_id=308 frame_type=Open payload_bytes=158
2026-09-26T01:20:46.431506Z DEBUG netbaiot_transports::business_rpc::v3: business RPC V3 selected frame stream_id=302 frame_type=Data payload_bytes=198
2026-09-26T01:20:46.431538Z DEBUG netbaiot_transports::business_rpc::v3: business RPC V3 writer completed frame stream_id=302 frame_type=Data payload_bytes=198
2026-09-26T01:20:46.431551Z DEBUG netbaiot_transports::business_rpc::v3: business RPC V3 selected frame stream_id=304 frame_type=Data payload_bytes=198
2026-09-26T01:20:46.431563Z DEBUG netbaiot_transports::business_rpc::v3: business RPC V3 writer completed frame stream_id=304 frame_type=Data payload_bytes=198
2026-09-26T01:20:46.431572Z DEBUG netbaiot_transports::business_rpc::v3: business RPC V3 selected frame stream_id=306 frame_type=Data payload_bytes=198
2026-09-26T01:20:46.431603Z DEBUG netbaiot_transports::business_rpc::v3: business RPC V3 writer completed frame stream_id=306 frame_type=Data payload_bytes=198
2026-09-26T01:20:46.431619Z DEBUG netbaiot_transports::business_rpc::v3: business RPC V3 selected frame stream_id=308 frame_type=Data payload_bytes=198
2026-09-26T01:20:46.431633Z DEBUG netbaiot_transports::business_rpc::v3: business RPC V3 writer completed frame stream_id=308 frame_type=Data payload_bytes=198
2026-09-26T01:20:46.673480Z DEBUG netbaiot_transports::business_rpc::v3: business RPC V3 received frame stream_id=0 frame_type=WindowUpdate payload_bytes=4
2026-09-26T01:20:46.673604Z DEBUG netbaiot_transports::business_rpc::v3: business RPC V3 received frame stream_id=292 frame_type=WindowUpdate payload_bytes=4
2026-09-26T01:20:46.673642Z DEBUG netbaiot_transports::business_rpc::v3: business RPC V3 selected frame stream_id=292 frame_type=Data payload_bytes=982
2026-09-26T01:20:46.673694Z DEBUG netbaiot_transports::business_rpc::v3: business RPC V3 writer completed frame stream_id=292 frame_type=Data payload_bytes=982
2026-09-26T01:20:46.782885Z DEBUG netbaiot_transports::business_rpc::v3: business RPC V3 received frame stream_id=0 frame_type=WindowUpdate payload_bytes=4
2026-09-26T01:20:46.782929Z DEBUG netbaiot_transports::business_rpc::v3: business RPC V3 received frame stream_id=0 frame_type=WindowUpdate payload_bytes=4
2026-09-26T01:20:46.782940Z DEBUG netbaiot_transports::business_rpc::v3: business RPC V3 received frame stream_id=0 frame_type=WindowUpdate payload_bytes=4
2026-09-26T01:20:46.782949Z DEBUG netbaiot_transports::business_rpc::v3: business RPC V3 received frame stream_id=0 frame_type=WindowUpdate payload_bytes=4
2026-09-26T01:20:46.782956Z DEBUG netbaiot_transports::business_rpc::v3: business RPC V3 received frame stream_id=308 frame_type=Response payload_bytes=35
2026-09-26T01:20:46.782969Z DEBUG netbaiot_transports::business_rpc::v3: business RPC V3 received frame stream_id=302 frame_type=Response payload_bytes=35
2026-09-26T01:20:46.782977Z DEBUG netbaiot_transports::business_rpc::v3: business RPC V3 received frame stream_id=306 frame_type=Response payload_bytes=35
2026-09-26T01:20:46.782984Z DEBUG netbaiot_transports::business_rpc::v3: business RPC V3 received frame stream_id=308 frame_type=Data payload_bytes=216
2026-09-26T01:20:46.783021Z DEBUG netbaiot_transports::business_rpc::v3: business RPC V3 received frame stream_id=304 frame_type=Response payload_bytes=35
2026-09-26T01:20:46.783031Z DEBUG netbaiot_transports::business_rpc::v3: business RPC V3 received frame stream_id=302 frame_type=Data payload_bytes=216
2026-09-26T01:20:46.783038Z DEBUG netbaiot_transports::business_rpc::v3: business RPC V3 selected frame stream_id=0 frame_type=WindowUpdate payload_bytes=4
2026-09-26T01:20:46.783049Z DEBUG netbaiot_transports::business_rpc::v3: business RPC V3 received frame stream_id=306 frame_type=Data payload_bytes=216
2026-09-26T01:20:46.783079Z DEBUG netbaiot_transports::business_rpc::v3: business RPC V3 writer completed frame stream_id=0 frame_type=WindowUpdate payload_bytes=4
2026-09-26T01:20:46.783102Z DEBUG netbaiot_transports::business_rpc::v3: business RPC V3 received frame stream_id=304 frame_type=Data payload_bytes=216
2026-09-26T01:20:46.783106Z DEBUG netbaiot_transports::business_rpc::v3: business RPC V3 selected frame stream_id=0 frame_type=WindowUpdate payload_bytes=4
2026-09-26T01:20:46.783195Z DEBUG netbaiot_transports::business_rpc::v3: business RPC V3 writer completed frame stream_id=0 frame_type=WindowUpdate payload_bytes=4
2026-09-26T01:20:46.783218Z DEBUG netbaiot_transports::business_rpc::v3: business RPC V3 selected frame stream_id=0 frame_type=WindowUpdate payload_bytes=4
2026-09-26T01:20:46.783234Z DEBUG netbaiot_transports::business_rpc::v3: business RPC V3 writer completed frame stream_id=0 frame_type=WindowUpdate payload_bytes=4
2026-09-26T01:20:46.783242Z DEBUG netbaiot_transports::business_rpc::v3: business RPC V3 selected frame stream_id=0 frame_type=WindowUpdate payload_bytes=4
2026-09-26T01:20:46.783251Z DEBUG netbaiot_transports::business_rpc::v3: business RPC V3 writer completed frame stream_id=0 frame_type=WindowUpdate payload_bytes=4
2026-09-26T01:20:46.783734Z DEBUG netbaiot_transports::business_rpc::v3: business RPC V3 body entered scheduler stream_id=310 class=Rpc body_bytes=198
2026-09-26T01:20:46.783749Z DEBUG netbaiot_transports::business_rpc::v3: business RPC V3 selected frame stream_id=310 frame_type=Open payload_bytes=158
2026-09-26T01:20:46.783763Z DEBUG netbaiot_transports::business_rpc::v3: business RPC V3 writer completed frame stream_id=310 frame_type=Open payload_bytes=158
2026-09-26T01:20:46.783770Z DEBUG netbaiot_transports::business_rpc::v3: business RPC V3 body entered scheduler stream_id=312 class=Rpc body_bytes=198
2026-09-26T01:20:46.783776Z DEBUG netbaiot_transports::business_rpc::v3: business RPC V3 selected frame stream_id=312 frame_type=Open payload_bytes=158
2026-09-26T01:20:46.783787Z DEBUG netbaiot_transports::business_rpc::v3: business RPC V3 writer completed frame stream_id=312 frame_type=Open payload_bytes=158
2026-09-26T01:20:46.783793Z DEBUG netbaiot_transports::business_rpc::v3: business RPC V3 body entered scheduler stream_id=314 class=Rpc body_bytes=198
2026-09-26T01:20:46.783798Z DEBUG netbaiot_transports::business_rpc::v3: business RPC V3 selected frame stream_id=314 frame_type=Open payload_bytes=158
2026-09-26T01:20:46.783809Z DEBUG netbaiot_transports::business_rpc::v3: business RPC V3 writer completed frame stream_id=314 frame_type=Open payload_bytes=158
2026-09-26T01:20:46.783816Z DEBUG netbaiot_transports::business_rpc::v3: business RPC V3 selected frame stream_id=310 frame_type=Data payload_bytes=198
2026-09-26T01:20:46.783824Z DEBUG netbaiot_transports::business_rpc::v3: business RPC V3 writer completed frame stream_id=310 frame_type=Data payload_bytes=198
2026-09-26T01:20:46.783831Z DEBUG netbaiot_transports::business_rpc::v3: business RPC V3 body entered scheduler stream_id=316 class=Rpc body_bytes=198
2026-09-26T01:20:46.783836Z DEBUG netbaiot_transports::business_rpc::v3: business RPC V3 selected frame stream_id=316 frame_type=Open payload_bytes=158
2026-09-26T01:20:46.783848Z DEBUG netbaiot_transports::business_rpc::v3: business RPC V3 writer completed frame stream_id=316 frame_type=Open payload_bytes=158
2026-09-26T01:20:46.783854Z DEBUG netbaiot_transports::business_rpc::v3: business RPC V3 selected frame stream_id=312 frame_type=Data payload_bytes=198
2026-09-26T01:20:46.783865Z DEBUG netbaiot_transports::business_rpc::v3: business RPC V3 writer completed frame stream_id=312 frame_type=Data payload_bytes=198
2026-09-26T01:20:46.783871Z DEBUG netbaiot_transports::business_rpc::v3: business RPC V3 selected frame stream_id=314 frame_type=Data payload_bytes=198
2026-09-26T01:20:46.783880Z DEBUG netbaiot_transports::business_rpc::v3: business RPC V3 writer completed frame stream_id=314 frame_type=Data payload_bytes=198
2026-09-26T01:20:46.783886Z DEBUG netbaiot_transports::business_rpc::v3: business RPC V3 selected frame stream_id=316 frame_type=Data payload_bytes=198
2026-09-26T01:20:46.783898Z DEBUG netbaiot_transports::business_rpc::v3: business RPC V3 writer completed frame stream_id=316 frame_type=Data payload_bytes=198
2026-09-26T01:20:46.814380Z DEBUG netbaiot_transports::business_rpc::v3: business RPC V3 received frame stream_id=0 frame_type=WindowUpdate payload_bytes=4
2026-09-26T01:20:46.814429Z DEBUG netbaiot_transports::business_rpc::v3: business RPC V3 received frame stream_id=292 frame_type=Response payload_bytes=35
2026-09-26T01:20:46.814446Z DEBUG netbaiot_transports::business_rpc::v3: business RPC V3 received frame stream_id=292 frame_type=Data payload_bytes=118
2026-09-26T01:20:46.814463Z DEBUG netbaiot_transports::business_rpc::v3: business RPC V3 Event delivery acknowledged stream_id=292 completion_us=830851
2026-09-26T01:20:46.814494Z DEBUG netbaiot_transports::business_rpc::v3: business RPC V3 selected frame stream_id=0 frame_type=WindowUpdate payload_bytes=4
2026-09-26T01:20:46.814530Z DEBUG netbaiot_transports::business_rpc::v3: business RPC V3 writer completed frame stream_id=0 frame_type=WindowUpdate payload_bytes=4
2026-09-26T01:20:46.975388Z DEBUG netbaiot_transports::business_rpc::v3: business RPC V3 received frame stream_id=0 frame_type=WindowUpdate payload_bytes=4
2026-09-26T01:20:46.975501Z DEBUG netbaiot_transports::business_rpc::v3: business RPC V3 received frame stream_id=0 frame_type=WindowUpdate payload_bytes=4
2026-09-26T01:20:46.975534Z DEBUG netbaiot_transports::business_rpc::v3: business RPC V3 received frame stream_id=0 frame_type=WindowUpdate payload_bytes=4
2026-09-26T01:20:46.975552Z DEBUG netbaiot_transports::business_rpc::v3: business RPC V3 received frame stream_id=0 frame_type=WindowUpdate payload_bytes=4
2026-09-26T01:20:46.975567Z DEBUG netbaiot_transports::business_rpc::v3: business RPC V3 received frame stream_id=316 frame_type=Response payload_bytes=35
2026-09-26T01:20:46.975592Z DEBUG netbaiot_transports::business_rpc::v3: business RPC V3 received frame stream_id=310 frame_type=Response payload_bytes=35
2026-09-26T01:20:46.975610Z DEBUG netbaiot_transports::business_rpc::v3: business RPC V3 received frame stream_id=312 frame_type=Response payload_bytes=35
2026-09-26T01:20:46.975626Z DEBUG netbaiot_transports::business_rpc::v3: business RPC V3 received frame stream_id=314 frame_type=Response payload_bytes=35
2026-09-26T01:20:46.975640Z DEBUG netbaiot_transports::business_rpc::v3: business RPC V3 received frame stream_id=316 frame_type=Data payload_bytes=216
2026-09-26T01:20:46.975710Z DEBUG netbaiot_transports::business_rpc::v3: business RPC V3 received frame stream_id=310 frame_type=Data payload_bytes=216
2026-09-26T01:20:46.975743Z DEBUG netbaiot_transports::business_rpc::v3: business RPC V3 selected frame stream_id=0 frame_type=WindowUpdate payload_bytes=4
2026-09-26T01:20:46.975749Z DEBUG netbaiot_transports::business_rpc::v3: business RPC V3 received frame stream_id=312 frame_type=Data payload_bytes=216
2026-09-26T01:20:46.975840Z DEBUG netbaiot_transports::business_rpc::v3: business RPC V3 writer completed frame stream_id=0 frame_type=WindowUpdate payload_bytes=4
2026-09-26T01:20:46.975865Z DEBUG netbaiot_transports::business_rpc::v3: business RPC V3 selected frame stream_id=0 frame_type=WindowUpdate payload_bytes=4
2026-09-26T01:20:46.975889Z DEBUG netbaiot_transports::business_rpc::v3: business RPC V3 writer completed frame stream_id=0 frame_type=WindowUpdate payload_bytes=4
2026-09-26T01:20:46.975915Z DEBUG netbaiot_transports::business_rpc::v3: business RPC V3 selected frame stream_id=0 frame_type=WindowUpdate payload_bytes=4
2026-09-26T01:20:46.975937Z DEBUG netbaiot_transports::business_rpc::v3: business RPC V3 writer completed frame stream_id=0 frame_type=WindowUpdate payload_bytes=4
2026-09-26T01:20:46.975892Z DEBUG netbaiot_transports::business_rpc::v3: business RPC V3 received frame stream_id=314 frame_type=Data payload_bytes=216
2026-09-26T01:20:46.976197Z DEBUG netbaiot_transports::business_rpc::v3: business RPC V3 selected frame stream_id=0 frame_type=WindowUpdate payload_bytes=4
2026-09-26T01:20:46.976265Z DEBUG netbaiot_transports::business_rpc::v3: business RPC V3 writer completed frame stream_id=0 frame_type=WindowUpdate payload_bytes=4
2026-09-26T01:20:46.977311Z DEBUG netbaiot_transports::business_rpc::v3: business RPC V3 body entered scheduler stream_id=318 class=Rpc body_bytes=198
2026-09-26T01:20:46.977384Z DEBUG netbaiot_transports::business_rpc::v3: business RPC V3 body entered scheduler stream_id=320 class=Rpc body_bytes=198
2026-09-26T01:20:46.977403Z DEBUG netbaiot_transports::business_rpc::v3: business RPC V3 body entered scheduler stream_id=322 class=Rpc body_bytes=198
2026-09-26T01:20:46.977415Z DEBUG netbaiot_transports::business_rpc::v3: business RPC V3 body entered scheduler stream_id=324 class=Rpc body_bytes=198
2026-09-26T01:20:46.977424Z DEBUG netbaiot_transports::business_rpc::v3: business RPC V3 selected frame stream_id=318 frame_type=Open payload_bytes=158
2026-09-26T01:20:46.977457Z DEBUG netbaiot_transports::business_rpc::v3: business RPC V3 writer completed frame stream_id=318 frame_type=Open payload_bytes=158
2026-09-26T01:20:46.977477Z DEBUG netbaiot_transports::business_rpc::v3: business RPC V3 selected frame stream_id=320 frame_type=Open payload_bytes=158
2026-09-26T01:20:46.977490Z DEBUG netbaiot_transports::business_rpc::v3: business RPC V3 writer completed frame stream_id=320 frame_type=Open payload_bytes=158
2026-09-26T01:20:46.977499Z DEBUG netbaiot_transports::business_rpc::v3: business RPC V3 selected frame stream_id=322 frame_type=Open payload_bytes=158
2026-09-26T01:20:46.977510Z DEBUG netbaiot_transports::business_rpc::v3: business RPC V3 writer completed frame stream_id=322 frame_type=Open payload_bytes=158
2026-09-26T01:20:46.977518Z DEBUG netbaiot_transports::business_rpc::v3: business RPC V3 selected frame stream_id=324 frame_type=Open payload_bytes=158
2026-09-26T01:20:46.977544Z DEBUG netbaiot_transports::business_rpc::v3: business RPC V3 writer completed frame stream_id=324 frame_type=Open payload_bytes=158
2026-09-26T01:20:46.977556Z DEBUG netbaiot_transports::business_rpc::v3: business RPC V3 selected frame stream_id=318 frame_type=Data payload_bytes=198
2026-09-26T01:20:46.977566Z DEBUG netbaiot_transports::business_rpc::v3: business RPC V3 writer completed frame stream_id=318 frame_type=Data payload_bytes=198
2026-09-26T01:20:46.977576Z DEBUG netbaiot_transports::business_rpc::v3: business RPC V3 selected frame stream_id=320 frame_type=Data payload_bytes=198
2026-09-26T01:20:46.977596Z DEBUG netbaiot_transports::business_rpc::v3: business RPC V3 writer completed frame stream_id=320 frame_type=Data payload_bytes=198
2026-09-26T01:20:46.977605Z DEBUG netbaiot_transports::business_rpc::v3: business RPC V3 selected frame stream_id=322 frame_type=Data payload_bytes=198
2026-09-26T01:20:46.977616Z DEBUG netbaiot_transports::business_rpc::v3: business RPC V3 writer completed frame stream_id=322 frame_type=Data payload_bytes=198
2026-09-26T01:20:46.977624Z DEBUG netbaiot_transports::business_rpc::v3: business RPC V3 selected frame stream_id=324 frame_type=Data payload_bytes=198
2026-09-26T01:20:46.977639Z DEBUG netbaiot_transports::business_rpc::v3: business RPC V3 writer completed frame stream_id=324 frame_type=Data payload_bytes=198
2026-09-26T01:20:46.984734Z DEBUG netbaiot_transports::business_rpc::v3: business RPC V3 body entered scheduler stream_id=326 class=Event body_bytes=17366
2026-09-26T01:20:46.984815Z DEBUG netbaiot_transports::business_rpc::v3: business RPC V3 selected frame stream_id=326 frame_type=Open payload_bytes=184
2026-09-26T01:20:46.984847Z DEBUG netbaiot_transports::business_rpc::v3: business RPC V3 writer completed frame stream_id=326 frame_type=Open payload_bytes=184
2026-09-26T01:20:46.984865Z DEBUG netbaiot_transports::business_rpc::v3: business RPC V3 selected frame stream_id=326 frame_type=Data payload_bytes=8192
2026-09-26T01:20:46.984884Z DEBUG netbaiot_transports::business_rpc::v3: business RPC V3 writer completed frame stream_id=326 frame_type=Data payload_bytes=8192
2026-09-26T01:20:47.397516Z DEBUG netbaiot_transports::business_rpc::v3: business RPC V3 received frame stream_id=0 frame_type=WindowUpdate payload_bytes=4
2026-09-26T01:20:47.397567Z DEBUG netbaiot_transports::business_rpc::v3: business RPC V3 received frame stream_id=0 frame_type=WindowUpdate payload_bytes=4
2026-09-26T01:20:47.397576Z DEBUG netbaiot_transports::business_rpc::v3: business RPC V3 received frame stream_id=0 frame_type=WindowUpdate payload_bytes=4
2026-09-26T01:20:47.397582Z DEBUG netbaiot_transports::business_rpc::v3: business RPC V3 received frame stream_id=0 frame_type=WindowUpdate payload_bytes=4
2026-09-26T01:20:47.397587Z DEBUG netbaiot_transports::business_rpc::v3: business RPC V3 received frame stream_id=0 frame_type=WindowUpdate payload_bytes=4
2026-09-26T01:20:47.397592Z DEBUG netbaiot_transports::business_rpc::v3: business RPC V3 received frame stream_id=326 frame_type=WindowUpdate payload_bytes=4
2026-09-26T01:20:47.397597Z DEBUG netbaiot_transports::business_rpc::v3: business RPC V3 received frame stream_id=318 frame_type=Response payload_bytes=35
2026-09-26T01:20:47.397607Z DEBUG netbaiot_transports::business_rpc::v3: business RPC V3 received frame stream_id=324 frame_type=Response payload_bytes=35
2026-09-26T01:20:47.397612Z DEBUG netbaiot_transports::business_rpc::v3: business RPC V3 received frame stream_id=320 frame_type=Response payload_bytes=35
2026-09-26T01:20:47.397617Z DEBUG netbaiot_transports::business_rpc::v3: business RPC V3 received frame stream_id=318 frame_type=Data payload_bytes=216
2026-09-26T01:20:47.397648Z DEBUG netbaiot_transports::business_rpc::v3: business RPC V3 received frame stream_id=322 frame_type=Response payload_bytes=35
2026-09-26T01:20:47.397655Z DEBUG netbaiot_transports::business_rpc::v3: business RPC V3 received frame stream_id=324 frame_type=Data payload_bytes=216
2026-09-26T01:20:47.397667Z DEBUG netbaiot_transports::business_rpc::v3: business RPC V3 received frame stream_id=320 frame_type=Data payload_bytes=216
2026-09-26T01:20:47.397666Z DEBUG netbaiot_transports::business_rpc::v3: business RPC V3 selected frame stream_id=0 frame_type=WindowUpdate payload_bytes=4
2026-09-26T01:20:47.397678Z DEBUG netbaiot_transports::business_rpc::v3: business RPC V3 received frame stream_id=322 frame_type=Data payload_bytes=216
2026-09-26T01:20:47.397708Z DEBUG netbaiot_transports::business_rpc::v3: business RPC V3 writer completed frame stream_id=0 frame_type=WindowUpdate payload_bytes=4
2026-09-26T01:20:47.397719Z DEBUG netbaiot_transports::business_rpc::v3: business RPC V3 selected frame stream_id=0 frame_type=WindowUpdate payload_bytes=4
2026-09-26T01:20:47.397729Z DEBUG netbaiot_transports::business_rpc::v3: business RPC V3 writer completed frame stream_id=0 frame_type=WindowUpdate payload_bytes=4
2026-09-26T01:20:47.397735Z DEBUG netbaiot_transports::business_rpc::v3: business RPC V3 selected frame stream_id=0 frame_type=WindowUpdate payload_bytes=4
2026-09-26T01:20:47.397742Z DEBUG netbaiot_transports::business_rpc::v3: business RPC V3 writer completed frame stream_id=0 frame_type=WindowUpdate payload_bytes=4
2026-09-26T01:20:47.397747Z DEBUG netbaiot_transports::business_rpc::v3: business RPC V3 selected frame stream_id=0 frame_type=WindowUpdate payload_bytes=4
2026-09-26T01:20:47.397753Z DEBUG netbaiot_transports::business_rpc::v3: business RPC V3 writer completed frame stream_id=0 frame_type=WindowUpdate payload_bytes=4
2026-09-26T01:20:47.397759Z DEBUG netbaiot_transports::business_rpc::v3: business RPC V3 selected frame stream_id=326 frame_type=Data payload_bytes=8192
2026-09-26T01:20:47.397773Z DEBUG netbaiot_transports::business_rpc::v3: business RPC V3 writer completed frame stream_id=326 frame_type=Data payload_bytes=8192
2026-09-26T01:20:47.398345Z DEBUG netbaiot_transports::business_rpc::v3: business RPC V3 body entered scheduler stream_id=328 class=Rpc body_bytes=198
2026-09-26T01:20:47.398362Z DEBUG netbaiot_transports::business_rpc::v3: business RPC V3 selected frame stream_id=328 frame_type=Open payload_bytes=158
2026-09-26T01:20:47.398377Z DEBUG netbaiot_transports::business_rpc::v3: business RPC V3 writer completed frame stream_id=328 frame_type=Open payload_bytes=158
2026-09-26T01:20:47.398384Z DEBUG netbaiot_transports::business_rpc::v3: business RPC V3 body entered scheduler stream_id=330 class=Rpc body_bytes=198
2026-09-26T01:20:47.398389Z DEBUG netbaiot_transports::business_rpc::v3: business RPC V3 selected frame stream_id=330 frame_type=Open payload_bytes=158
2026-09-26T01:20:47.398397Z DEBUG netbaiot_transports::business_rpc::v3: business RPC V3 writer completed frame stream_id=330 frame_type=Open payload_bytes=158
2026-09-26T01:20:47.398403Z DEBUG netbaiot_transports::business_rpc::v3: business RPC V3 selected frame stream_id=328 frame_type=Data payload_bytes=198
2026-09-26T01:20:47.398415Z DEBUG netbaiot_transports::business_rpc::v3: business RPC V3 writer completed frame stream_id=328 frame_type=Data payload_bytes=198
2026-09-26T01:20:47.398421Z DEBUG netbaiot_transports::business_rpc::v3: business RPC V3 body entered scheduler stream_id=332 class=Rpc body_bytes=198
2026-09-26T01:20:47.398425Z DEBUG netbaiot_transports::business_rpc::v3: business RPC V3 selected frame stream_id=332 frame_type=Open payload_bytes=158
2026-09-26T01:20:47.398434Z DEBUG netbaiot_transports::business_rpc::v3: business RPC V3 writer completed frame stream_id=332 frame_type=Open payload_bytes=158
2026-09-26T01:20:47.398438Z DEBUG netbaiot_transports::business_rpc::v3: business RPC V3 body entered scheduler stream_id=334 class=Rpc body_bytes=198
2026-09-26T01:20:47.398443Z DEBUG netbaiot_transports::business_rpc::v3: business RPC V3 selected frame stream_id=334 frame_type=Open payload_bytes=158
2026-09-26T01:20:47.398453Z DEBUG netbaiot_transports::business_rpc::v3: business RPC V3 writer completed frame stream_id=334 frame_type=Open payload_bytes=158
2026-09-26T01:20:47.398458Z DEBUG netbaiot_transports::business_rpc::v3: business RPC V3 selected frame stream_id=330 frame_type=Data payload_bytes=198
2026-09-26T01:20:47.398464Z DEBUG netbaiot_transports::business_rpc::v3: business RPC V3 writer completed frame stream_id=330 frame_type=Data payload_bytes=198
2026-09-26T01:20:47.398469Z DEBUG netbaiot_transports::business_rpc::v3: business RPC V3 selected frame stream_id=332 frame_type=Data payload_bytes=198
2026-09-26T01:20:47.398475Z DEBUG netbaiot_transports::business_rpc::v3: business RPC V3 writer completed frame stream_id=332 frame_type=Data payload_bytes=198
2026-09-26T01:20:47.398479Z DEBUG netbaiot_transports::business_rpc::v3: business RPC V3 selected frame stream_id=334 frame_type=Data payload_bytes=198
2026-09-26T01:20:47.398495Z DEBUG netbaiot_transports::business_rpc::v3: business RPC V3 writer completed frame stream_id=334 frame_type=Data payload_bytes=198
2026-09-26T01:20:47.777958Z DEBUG netbaiot_transports::business_rpc::v3: business RPC V3 received frame stream_id=0 frame_type=WindowUpdate payload_bytes=4
2026-09-26T01:20:47.778057Z DEBUG netbaiot_transports::business_rpc::v3: business RPC V3 received frame stream_id=326 frame_type=WindowUpdate payload_bytes=4
2026-09-26T01:20:47.778081Z DEBUG netbaiot_transports::business_rpc::v3: business RPC V3 received frame stream_id=0 frame_type=WindowUpdate payload_bytes=4
2026-09-26T01:20:47.778100Z DEBUG netbaiot_transports::business_rpc::v3: business RPC V3 selected frame stream_id=326 frame_type=Data payload_bytes=982
2026-09-26T01:20:47.778134Z DEBUG netbaiot_transports::business_rpc::v3: business RPC V3 writer completed frame stream_id=326 frame_type=Data payload_bytes=982
2026-09-26T01:20:47.838397Z DEBUG netbaiot_transports::business_rpc::v3: business RPC V3 received frame stream_id=0 frame_type=WindowUpdate payload_bytes=4
2026-09-26T01:20:47.838513Z DEBUG netbaiot_transports::business_rpc::v3: business RPC V3 received frame stream_id=0 frame_type=WindowUpdate payload_bytes=4
2026-09-26T01:20:47.838534Z DEBUG netbaiot_transports::business_rpc::v3: business RPC V3 received frame stream_id=0 frame_type=WindowUpdate payload_bytes=4
2026-09-26T01:20:47.838544Z DEBUG netbaiot_transports::business_rpc::v3: business RPC V3 received frame stream_id=334 frame_type=Response payload_bytes=35
2026-09-26T01:20:47.838564Z DEBUG netbaiot_transports::business_rpc::v3: business RPC V3 received frame stream_id=330 frame_type=Response payload_bytes=35
2026-09-26T01:20:47.838584Z DEBUG netbaiot_transports::business_rpc::v3: business RPC V3 received frame stream_id=328 frame_type=Response payload_bytes=35
2026-09-26T01:20:47.838594Z DEBUG netbaiot_transports::business_rpc::v3: business RPC V3 received frame stream_id=334 frame_type=Data payload_bytes=216
2026-09-26T01:20:47.838642Z DEBUG netbaiot_transports::business_rpc::v3: business RPC V3 received frame stream_id=332 frame_type=Response payload_bytes=35
2026-09-26T01:20:47.838658Z DEBUG netbaiot_transports::business_rpc::v3: business RPC V3 received frame stream_id=330 frame_type=Data payload_bytes=216
2026-09-26T01:20:47.838664Z DEBUG netbaiot_transports::business_rpc::v3: business RPC V3 selected frame stream_id=0 frame_type=WindowUpdate payload_bytes=4
2026-09-26T01:20:47.838682Z DEBUG netbaiot_transports::business_rpc::v3: business RPC V3 received frame stream_id=328 frame_type=Data payload_bytes=216
2026-09-26T01:20:47.838715Z DEBUG netbaiot_transports::business_rpc::v3: business RPC V3 writer completed frame stream_id=0 frame_type=WindowUpdate payload_bytes=4
2026-09-26T01:20:47.838733Z DEBUG netbaiot_transports::business_rpc::v3: business RPC V3 selected frame stream_id=0 frame_type=WindowUpdate payload_bytes=4
2026-09-26T01:20:47.838719Z DEBUG netbaiot_transports::business_rpc::v3: business RPC V3 received frame stream_id=332 frame_type=Data payload_bytes=216
2026-09-26T01:20:47.838759Z DEBUG netbaiot_transports::business_rpc::v3: business RPC V3 writer completed frame stream_id=0 frame_type=WindowUpdate payload_bytes=4
2026-09-26T01:20:47.838790Z DEBUG netbaiot_transports::business_rpc::v3: business RPC V3 selected frame stream_id=0 frame_type=WindowUpdate payload_bytes=4
2026-09-26T01:20:47.838808Z DEBUG netbaiot_transports::business_rpc::v3: business RPC V3 writer completed frame stream_id=0 frame_type=WindowUpdate payload_bytes=4
2026-09-26T01:20:47.838818Z DEBUG netbaiot_transports::business_rpc::v3: business RPC V3 selected frame stream_id=0 frame_type=WindowUpdate payload_bytes=4
2026-09-26T01:20:47.838834Z DEBUG netbaiot_transports::business_rpc::v3: business RPC V3 writer completed frame stream_id=0 frame_type=WindowUpdate payload_bytes=4
2026-09-26T01:20:47.839620Z DEBUG netbaiot_transports::business_rpc::v3: business RPC V3 body entered scheduler stream_id=336 class=Rpc body_bytes=198
2026-09-26T01:20:47.839653Z DEBUG netbaiot_transports::business_rpc::v3: business RPC V3 body entered scheduler stream_id=338 class=Rpc body_bytes=198
2026-09-26T01:20:47.839664Z DEBUG netbaiot_transports::business_rpc::v3: business RPC V3 selected frame stream_id=336 frame_type=Open payload_bytes=158
2026-09-26T01:20:47.839683Z DEBUG netbaiot_transports::business_rpc::v3: business RPC V3 writer completed frame stream_id=336 frame_type=Open payload_bytes=158
2026-09-26T01:20:47.839694Z DEBUG netbaiot_transports::business_rpc::v3: business RPC V3 body entered scheduler stream_id=340 class=Rpc body_bytes=198
2026-09-26T01:20:47.839703Z DEBUG netbaiot_transports::business_rpc::v3: business RPC V3 selected frame stream_id=338 frame_type=Open payload_bytes=158
2026-09-26T01:20:47.839721Z DEBUG netbaiot_transports::business_rpc::v3: business RPC V3 writer completed frame stream_id=338 frame_type=Open payload_bytes=158
2026-09-26T01:20:47.839730Z DEBUG netbaiot_transports::business_rpc::v3: business RPC V3 selected frame stream_id=340 frame_type=Open payload_bytes=158
2026-09-26T01:20:47.839743Z DEBUG netbaiot_transports::business_rpc::v3: business RPC V3 writer completed frame stream_id=340 frame_type=Open payload_bytes=158
2026-09-26T01:20:47.839751Z DEBUG netbaiot_transports::business_rpc::v3: business RPC V3 body entered scheduler stream_id=342 class=Rpc body_bytes=198
2026-09-26T01:20:47.839760Z DEBUG netbaiot_transports::business_rpc::v3: business RPC V3 selected frame stream_id=342 frame_type=Open payload_bytes=158
2026-09-26T01:20:47.839774Z DEBUG netbaiot_transports::business_rpc::v3: business RPC V3 writer completed frame stream_id=342 frame_type=Open payload_bytes=158
2026-09-26T01:20:47.839783Z DEBUG netbaiot_transports::business_rpc::v3: business RPC V3 selected frame stream_id=336 frame_type=Data payload_bytes=198
2026-09-26T01:20:47.839796Z DEBUG netbaiot_transports::business_rpc::v3: business RPC V3 writer completed frame stream_id=336 frame_type=Data payload_bytes=198
2026-09-26T01:20:47.839806Z DEBUG netbaiot_transports::business_rpc::v3: business RPC V3 selected frame stream_id=338 frame_type=Data payload_bytes=198
2026-09-26T01:20:47.839819Z DEBUG netbaiot_transports::business_rpc::v3: business RPC V3 writer completed frame stream_id=338 frame_type=Data payload_bytes=198
2026-09-26T01:20:47.839826Z DEBUG netbaiot_transports::business_rpc::v3: business RPC V3 selected frame stream_id=340 frame_type=Data payload_bytes=198
2026-09-26T01:20:47.839838Z DEBUG netbaiot_transports::business_rpc::v3: business RPC V3 writer completed frame stream_id=340 frame_type=Data payload_bytes=198
2026-09-26T01:20:47.839847Z DEBUG netbaiot_transports::business_rpc::v3: business RPC V3 selected frame stream_id=342 frame_type=Data payload_bytes=198
2026-09-26T01:20:47.839859Z DEBUG netbaiot_transports::business_rpc::v3: business RPC V3 writer completed frame stream_id=342 frame_type=Data payload_bytes=198
2026-09-26T01:20:47.869852Z DEBUG netbaiot_transports::business_rpc::v3: business RPC V3 received frame stream_id=0 frame_type=WindowUpdate payload_bytes=4
2026-09-26T01:20:47.869946Z DEBUG netbaiot_transports::business_rpc::v3: business RPC V3 received frame stream_id=326 frame_type=Response payload_bytes=35
2026-09-26T01:20:47.869979Z DEBUG netbaiot_transports::business_rpc::v3: business RPC V3 received frame stream_id=326 frame_type=Data payload_bytes=118
2026-09-26T01:20:47.870009Z DEBUG netbaiot_transports::business_rpc::v3: business RPC V3 Event delivery acknowledged stream_id=326 completion_us=885289
2026-09-26T01:20:47.870063Z DEBUG netbaiot_transports::business_rpc::v3: business RPC V3 selected frame stream_id=0 frame_type=WindowUpdate payload_bytes=4
2026-09-26T01:20:47.870122Z DEBUG netbaiot_transports::business_rpc::v3: business RPC V3 writer completed frame stream_id=0 frame_type=WindowUpdate payload_bytes=4
2026-09-26T01:20:47.983635Z DEBUG netbaiot_transports::business_rpc::v3: business RPC V3 body entered scheduler stream_id=344 class=Event body_bytes=17366
2026-09-26T01:20:47.983761Z DEBUG netbaiot_transports::business_rpc::v3: business RPC V3 selected frame stream_id=344 frame_type=Open payload_bytes=184
2026-09-26T01:20:47.983858Z DEBUG netbaiot_transports::business_rpc::v3: business RPC V3 writer completed frame stream_id=344 frame_type=Open payload_bytes=184
2026-09-26T01:20:47.983925Z DEBUG netbaiot_transports::business_rpc::v3: business RPC V3 selected frame stream_id=344 frame_type=Data payload_bytes=8192
2026-09-26T01:20:47.983965Z DEBUG netbaiot_transports::business_rpc::v3: business RPC V3 writer completed frame stream_id=344 frame_type=Data payload_bytes=8192
2026-09-26T01:20:48.030478Z DEBUG netbaiot_transports::business_rpc::v3: business RPC V3 received frame stream_id=0 frame_type=WindowUpdate payload_bytes=4
2026-09-26T01:20:48.030535Z DEBUG netbaiot_transports::business_rpc::v3: business RPC V3 received frame stream_id=0 frame_type=WindowUpdate payload_bytes=4
2026-09-26T01:20:48.030545Z DEBUG netbaiot_transports::business_rpc::v3: business RPC V3 received frame stream_id=0 frame_type=WindowUpdate payload_bytes=4
2026-09-26T01:20:48.030552Z DEBUG netbaiot_transports::business_rpc::v3: business RPC V3 received frame stream_id=0 frame_type=WindowUpdate payload_bytes=4
2026-09-26T01:20:48.030559Z DEBUG netbaiot_transports::business_rpc::v3: business RPC V3 received frame stream_id=342 frame_type=Response payload_bytes=35
2026-09-26T01:20:48.030572Z DEBUG netbaiot_transports::business_rpc::v3: business RPC V3 received frame stream_id=336 frame_type=Response payload_bytes=35
2026-09-26T01:20:48.030580Z DEBUG netbaiot_transports::business_rpc::v3: business RPC V3 received frame stream_id=338 frame_type=Response payload_bytes=35
2026-09-26T01:20:48.030586Z DEBUG netbaiot_transports::business_rpc::v3: business RPC V3 received frame stream_id=340 frame_type=Response payload_bytes=35
2026-09-26T01:20:48.030592Z DEBUG netbaiot_transports::business_rpc::v3: business RPC V3 received frame stream_id=342 frame_type=Data payload_bytes=216
2026-09-26T01:20:48.030633Z DEBUG netbaiot_transports::business_rpc::v3: business RPC V3 received frame stream_id=336 frame_type=Data payload_bytes=216
2026-09-26T01:20:48.030649Z DEBUG netbaiot_transports::business_rpc::v3: business RPC V3 received frame stream_id=338 frame_type=Data payload_bytes=216
2026-09-26T01:20:48.030650Z DEBUG netbaiot_transports::business_rpc::v3: business RPC V3 selected frame stream_id=0 frame_type=WindowUpdate payload_bytes=4
2026-09-26T01:20:48.030662Z DEBUG netbaiot_transports::business_rpc::v3: business RPC V3 received frame stream_id=340 frame_type=Data payload_bytes=216
2026-09-26T01:20:48.030688Z DEBUG netbaiot_transports::business_rpc::v3: business RPC V3 writer completed frame stream_id=0 frame_type=WindowUpdate payload_bytes=4
2026-09-26T01:20:48.030698Z DEBUG netbaiot_transports::business_rpc::v3: business RPC V3 selected frame stream_id=0 frame_type=WindowUpdate payload_bytes=4
2026-09-26T01:20:48.030708Z DEBUG netbaiot_transports::business_rpc::v3: business RPC V3 writer completed frame stream_id=0 frame_type=WindowUpdate payload_bytes=4
2026-09-26T01:20:48.030714Z DEBUG netbaiot_transports::business_rpc::v3: business RPC V3 selected frame stream_id=0 frame_type=WindowUpdate payload_bytes=4
2026-09-26T01:20:48.030722Z DEBUG netbaiot_transports::business_rpc::v3: business RPC V3 writer completed frame stream_id=0 frame_type=WindowUpdate payload_bytes=4
2026-09-26T01:20:48.030727Z DEBUG netbaiot_transports::business_rpc::v3: business RPC V3 selected frame stream_id=0 frame_type=WindowUpdate payload_bytes=4
2026-09-26T01:20:48.030735Z DEBUG netbaiot_transports::business_rpc::v3: business RPC V3 writer completed frame stream_id=0 frame_type=WindowUpdate payload_bytes=4
2026-09-26T01:20:48.031416Z DEBUG netbaiot_transports::business_rpc::v3: business RPC V3 body entered scheduler stream_id=346 class=Rpc body_bytes=198
2026-09-26T01:20:48.031428Z DEBUG netbaiot_transports::business_rpc::v3: business RPC V3 selected frame stream_id=346 frame_type=Open payload_bytes=158
2026-09-26T01:20:48.031444Z DEBUG netbaiot_transports::business_rpc::v3: business RPC V3 writer completed frame stream_id=346 frame_type=Open payload_bytes=158
2026-09-26T01:20:48.031450Z DEBUG netbaiot_transports::business_rpc::v3: business RPC V3 body entered scheduler stream_id=348 class=Rpc body_bytes=198
2026-09-26T01:20:48.031456Z DEBUG netbaiot_transports::business_rpc::v3: business RPC V3 selected frame stream_id=348 frame_type=Open payload_bytes=158
2026-09-26T01:20:48.031463Z DEBUG netbaiot_transports::business_rpc::v3: business RPC V3 writer completed frame stream_id=348 frame_type=Open payload_bytes=158
2026-09-26T01:20:48.031469Z DEBUG netbaiot_transports::business_rpc::v3: business RPC V3 selected frame stream_id=346 frame_type=Data payload_bytes=198
2026-09-26T01:20:48.031476Z DEBUG netbaiot_transports::business_rpc::v3: business RPC V3 writer completed frame stream_id=346 frame_type=Data payload_bytes=198
2026-09-26T01:20:48.031481Z DEBUG netbaiot_transports::business_rpc::v3: business RPC V3 body entered scheduler stream_id=350 class=Rpc body_bytes=198
2026-09-26T01:20:48.031486Z DEBUG netbaiot_transports::business_rpc::v3: business RPC V3 selected frame stream_id=350 frame_type=Open payload_bytes=158
2026-09-26T01:20:48.031493Z DEBUG netbaiot_transports::business_rpc::v3: business RPC V3 writer completed frame stream_id=350 frame_type=Open payload_bytes=158
2026-09-26T01:20:48.031498Z DEBUG netbaiot_transports::business_rpc::v3: business RPC V3 selected frame stream_id=348 frame_type=Data payload_bytes=198
2026-09-26T01:20:48.031508Z DEBUG netbaiot_transports::business_rpc::v3: business RPC V3 writer completed frame stream_id=348 frame_type=Data payload_bytes=198
2026-09-26T01:20:48.031513Z DEBUG netbaiot_transports::business_rpc::v3: business RPC V3 selected frame stream_id=350 frame_type=Data payload_bytes=198
2026-09-26T01:20:48.031520Z DEBUG netbaiot_transports::business_rpc::v3: business RPC V3 writer completed frame stream_id=350 frame_type=Data payload_bytes=198
2026-09-26T01:20:48.031534Z DEBUG netbaiot_transports::business_rpc::v3: business RPC V3 body entered scheduler stream_id=352 class=Rpc body_bytes=198
2026-09-26T01:20:48.031557Z DEBUG netbaiot_transports::business_rpc::v3: business RPC V3 selected frame stream_id=352 frame_type=Open payload_bytes=158
2026-09-26T01:20:48.031571Z DEBUG netbaiot_transports::business_rpc::v3: business RPC V3 writer completed frame stream_id=352 frame_type=Open payload_bytes=158
2026-09-26T01:20:48.031579Z DEBUG netbaiot_transports::business_rpc::v3: business RPC V3 selected frame stream_id=352 frame_type=Data payload_bytes=198
2026-09-26T01:20:48.031588Z DEBUG netbaiot_transports::business_rpc::v3: business RPC V3 writer completed frame stream_id=352 frame_type=Data payload_bytes=198
2026-09-26T01:20:48.123730Z DEBUG netbaiot_transports::business_rpc::v3: business RPC V3 received frame stream_id=0 frame_type=Ping payload_bytes=8
2026-09-26T01:20:48.123771Z DEBUG netbaiot_transports::business_rpc::v3: business RPC V3 selected frame stream_id=0 frame_type=Pong payload_bytes=8
2026-09-26T01:20:48.123788Z DEBUG netbaiot_transports::business_rpc::v3: business RPC V3 writer completed frame stream_id=0 frame_type=Pong payload_bytes=8
2026-09-26T01:20:48.347786Z DEBUG netbaiot_transports::business_rpc::v3: business RPC V3 received frame stream_id=0 frame_type=WindowUpdate payload_bytes=4
2026-09-26T01:20:48.347812Z DEBUG netbaiot_transports::business_rpc::v3: business RPC V3 received frame stream_id=344 frame_type=WindowUpdate payload_bytes=4
2026-09-26T01:20:48.347820Z DEBUG netbaiot_transports::business_rpc::v3: business RPC V3 selected frame stream_id=344 frame_type=Data payload_bytes=8192
2026-09-26T01:20:48.347831Z DEBUG netbaiot_transports::business_rpc::v3: business RPC V3 writer completed frame stream_id=344 frame_type=Data payload_bytes=8192
2026-09-26T01:20:48.457796Z DEBUG netbaiot_transports::business_rpc::v3: business RPC V3 received frame stream_id=0 frame_type=WindowUpdate payload_bytes=4
2026-09-26T01:20:48.457885Z DEBUG netbaiot_transports::business_rpc::v3: business RPC V3 received frame stream_id=0 frame_type=WindowUpdate payload_bytes=4
2026-09-26T01:20:48.457898Z DEBUG netbaiot_transports::business_rpc::v3: business RPC V3 received frame stream_id=0 frame_type=WindowUpdate payload_bytes=4
2026-09-26T01:20:48.457904Z DEBUG netbaiot_transports::business_rpc::v3: business RPC V3 received frame stream_id=0 frame_type=WindowUpdate payload_bytes=4
2026-09-26T01:20:48.457910Z DEBUG netbaiot_transports::business_rpc::v3: business RPC V3 received frame stream_id=352 frame_type=Response payload_bytes=35
2026-09-26T01:20:48.457923Z DEBUG netbaiot_transports::business_rpc::v3: business RPC V3 received frame stream_id=346 frame_type=Response payload_bytes=35
2026-09-26T01:20:48.457930Z DEBUG netbaiot_transports::business_rpc::v3: business RPC V3 received frame stream_id=352 frame_type=Data payload_bytes=216
2026-09-26T01:20:48.457971Z DEBUG netbaiot_transports::business_rpc::v3: business RPC V3 received frame stream_id=348 frame_type=Response payload_bytes=35
2026-09-26T01:20:48.457983Z DEBUG netbaiot_transports::business_rpc::v3: business RPC V3 received frame stream_id=346 frame_type=Data payload_bytes=216
2026-09-26T01:20:48.457992Z DEBUG netbaiot_transports::business_rpc::v3: business RPC V3 selected frame stream_id=0 frame_type=WindowUpdate payload_bytes=4
2026-09-26T01:20:48.457996Z DEBUG netbaiot_transports::business_rpc::v3: business RPC V3 received frame stream_id=348 frame_type=Data payload_bytes=216
2026-09-26T01:20:48.458035Z DEBUG netbaiot_transports::business_rpc::v3: business RPC V3 writer completed frame stream_id=0 frame_type=WindowUpdate payload_bytes=4
2026-09-26T01:20:48.458045Z DEBUG netbaiot_transports::business_rpc::v3: business RPC V3 selected frame stream_id=0 frame_type=WindowUpdate payload_bytes=4
2026-09-26T01:20:48.458043Z DEBUG netbaiot_transports::business_rpc::v3: business RPC V3 received frame stream_id=350 frame_type=Response payload_bytes=35
2026-09-26T01:20:48.458079Z DEBUG netbaiot_transports::business_rpc::v3: business RPC V3 received frame stream_id=350 frame_type=Data payload_bytes=216
2026-09-26T01:20:48.458067Z DEBUG netbaiot_transports::business_rpc::v3: business RPC V3 writer completed frame stream_id=0 frame_type=WindowUpdate payload_bytes=4
2026-09-26T01:20:48.458119Z DEBUG netbaiot_transports::business_rpc::v3: business RPC V3 selected frame stream_id=0 frame_type=WindowUpdate payload_bytes=4
2026-09-26T01:20:48.458133Z DEBUG netbaiot_transports::business_rpc::v3: business RPC V3 writer completed frame stream_id=0 frame_type=WindowUpdate payload_bytes=4
2026-09-26T01:20:48.458141Z DEBUG netbaiot_transports::business_rpc::v3: business RPC V3 selected frame stream_id=0 frame_type=WindowUpdate payload_bytes=4
2026-09-26T01:20:48.458153Z DEBUG netbaiot_transports::business_rpc::v3: business RPC V3 writer completed frame stream_id=0 frame_type=WindowUpdate payload_bytes=4
2026-09-26T01:20:48.458817Z DEBUG netbaiot_transports::business_rpc::v3: business RPC V3 body entered scheduler stream_id=354 class=Rpc body_bytes=198
2026-09-26T01:20:48.458879Z DEBUG netbaiot_transports::business_rpc::v3: business RPC V3 body entered scheduler stream_id=356 class=Rpc body_bytes=198
2026-09-26T01:20:48.458892Z DEBUG netbaiot_transports::business_rpc::v3: business RPC V3 body entered scheduler stream_id=358 class=Rpc body_bytes=198
2026-09-26T01:20:48.458898Z DEBUG netbaiot_transports::business_rpc::v3: business RPC V3 body entered scheduler stream_id=360 class=Rpc body_bytes=198
2026-09-26T01:20:48.458906Z DEBUG netbaiot_transports::business_rpc::v3: business RPC V3 selected frame stream_id=354 frame_type=Open payload_bytes=158
2026-09-26T01:20:48.458924Z DEBUG netbaiot_transports::business_rpc::v3: business RPC V3 writer completed frame stream_id=354 frame_type=Open payload_bytes=158
2026-09-26T01:20:48.458938Z DEBUG netbaiot_transports::business_rpc::v3: business RPC V3 selected frame stream_id=356 frame_type=Open payload_bytes=158
2026-09-26T01:20:48.458946Z DEBUG netbaiot_transports::business_rpc::v3: business RPC V3 writer completed frame stream_id=356 frame_type=Open payload_bytes=158
2026-09-26T01:20:48.458952Z DEBUG netbaiot_transports::business_rpc::v3: business RPC V3 selected frame stream_id=358 frame_type=Open payload_bytes=158
2026-09-26T01:20:48.458959Z DEBUG netbaiot_transports::business_rpc::v3: business RPC V3 writer completed frame stream_id=358 frame_type=Open payload_bytes=158
2026-09-26T01:20:48.458965Z DEBUG netbaiot_transports::business_rpc::v3: business RPC V3 selected frame stream_id=360 frame_type=Open payload_bytes=158
2026-09-26T01:20:48.458972Z DEBUG netbaiot_transports::business_rpc::v3: business RPC V3 writer completed frame stream_id=360 frame_type=Open payload_bytes=158
2026-09-26T01:20:48.458978Z DEBUG netbaiot_transports::business_rpc::v3: business RPC V3 selected frame stream_id=354 frame_type=Data payload_bytes=198
2026-09-26T01:20:48.458986Z DEBUG netbaiot_transports::business_rpc::v3: business RPC V3 writer completed frame stream_id=354 frame_type=Data payload_bytes=198
2026-09-26T01:20:48.458992Z DEBUG netbaiot_transports::business_rpc::v3: business RPC V3 selected frame stream_id=356 frame_type=Data payload_bytes=198
2026-09-26T01:20:48.459013Z DEBUG netbaiot_transports::business_rpc::v3: business RPC V3 writer completed frame stream_id=356 frame_type=Data payload_bytes=198
2026-09-26T01:20:48.459028Z DEBUG netbaiot_transports::business_rpc::v3: business RPC V3 selected frame stream_id=358 frame_type=Data payload_bytes=198
2026-09-26T01:20:48.459038Z DEBUG netbaiot_transports::business_rpc::v3: business RPC V3 writer completed frame stream_id=358 frame_type=Data payload_bytes=198
2026-09-26T01:20:48.459044Z DEBUG netbaiot_transports::business_rpc::v3: business RPC V3 selected frame stream_id=360 frame_type=Data payload_bytes=198
2026-09-26T01:20:48.459053Z DEBUG netbaiot_transports::business_rpc::v3: business RPC V3 writer completed frame stream_id=360 frame_type=Data payload_bytes=198
2026-09-26T01:20:48.674699Z DEBUG netbaiot_transports::business_rpc::v3: business RPC V3 received frame stream_id=0 frame_type=WindowUpdate payload_bytes=4
2026-09-26T01:20:48.701404Z DEBUG netbaiot_transports::business_rpc::v3: business RPC V3 received frame stream_id=344 frame_type=WindowUpdate payload_bytes=4
2026-09-26T01:20:48.701529Z DEBUG netbaiot_transports::business_rpc::v3: business RPC V3 selected frame stream_id=344 frame_type=Data payload_bytes=982
2026-09-26T01:20:48.701592Z DEBUG netbaiot_transports::business_rpc::v3: business RPC V3 writer completed frame stream_id=344 frame_type=Data payload_bytes=982
2026-09-26T01:20:48.784244Z DEBUG netbaiot_transports::business_rpc::v3: business RPC V3 received frame stream_id=0 frame_type=WindowUpdate payload_bytes=4
2026-09-26T01:20:48.784304Z DEBUG netbaiot_transports::business_rpc::v3: business RPC V3 received frame stream_id=0 frame_type=WindowUpdate payload_bytes=4
2026-09-26T01:20:48.784317Z DEBUG netbaiot_transports::business_rpc::v3: business RPC V3 received frame stream_id=0 frame_type=WindowUpdate payload_bytes=4
2026-09-26T01:20:48.784324Z DEBUG netbaiot_transports::business_rpc::v3: business RPC V3 received frame stream_id=0 frame_type=WindowUpdate payload_bytes=4
2026-09-26T01:20:48.784331Z DEBUG netbaiot_transports::business_rpc::v3: business RPC V3 received frame stream_id=360 frame_type=Response payload_bytes=35
2026-09-26T01:20:48.784344Z DEBUG netbaiot_transports::business_rpc::v3: business RPC V3 received frame stream_id=354 frame_type=Response payload_bytes=35
2026-09-26T01:20:48.784352Z DEBUG netbaiot_transports::business_rpc::v3: business RPC V3 received frame stream_id=356 frame_type=Response payload_bytes=35
2026-09-26T01:20:48.784360Z DEBUG netbaiot_transports::business_rpc::v3: business RPC V3 received frame stream_id=360 frame_type=Data payload_bytes=216
2026-09-26T01:20:48.784400Z DEBUG netbaiot_transports::business_rpc::v3: business RPC V3 received frame stream_id=354 frame_type=Data payload_bytes=216
2026-09-26T01:20:48.784418Z DEBUG netbaiot_transports::business_rpc::v3: business RPC V3 selected frame stream_id=0 frame_type=WindowUpdate payload_bytes=4
2026-09-26T01:20:48.784435Z DEBUG netbaiot_transports::business_rpc::v3: business RPC V3 received frame stream_id=356 frame_type=Data payload_bytes=216
2026-09-26T01:20:48.784466Z DEBUG netbaiot_transports::business_rpc::v3: business RPC V3 received frame stream_id=358 frame_type=Response payload_bytes=35
2026-09-26T01:20:48.784476Z DEBUG netbaiot_transports::business_rpc::v3: business RPC V3 received frame stream_id=358 frame_type=Data payload_bytes=216
2026-09-26T01:20:48.784486Z DEBUG netbaiot_transports::business_rpc::v3: business RPC V3 writer completed frame stream_id=0 frame_type=WindowUpdate payload_bytes=4
2026-09-26T01:20:48.784499Z DEBUG netbaiot_transports::business_rpc::v3: business RPC V3 selected frame stream_id=0 frame_type=WindowUpdate payload_bytes=4
2026-09-26T01:20:48.784512Z DEBUG netbaiot_transports::business_rpc::v3: business RPC V3 writer completed frame stream_id=0 frame_type=WindowUpdate payload_bytes=4
2026-09-26T01:20:48.784519Z DEBUG netbaiot_transports::business_rpc::v3: business RPC V3 selected frame stream_id=0 frame_type=WindowUpdate payload_bytes=4
2026-09-26T01:20:48.784529Z DEBUG netbaiot_transports::business_rpc::v3: business RPC V3 writer completed frame stream_id=0 frame_type=WindowUpdate payload_bytes=4
2026-09-26T01:20:48.784535Z DEBUG netbaiot_transports::business_rpc::v3: business RPC V3 selected frame stream_id=0 frame_type=WindowUpdate payload_bytes=4
2026-09-26T01:20:48.784544Z DEBUG netbaiot_transports::business_rpc::v3: business RPC V3 writer completed frame stream_id=0 frame_type=WindowUpdate payload_bytes=4
2026-09-26T01:20:48.785309Z DEBUG netbaiot_transports::business_rpc::v3: business RPC V3 body entered scheduler stream_id=362 class=Rpc body_bytes=198
2026-09-26T01:20:48.785366Z DEBUG netbaiot_transports::business_rpc::v3: business RPC V3 body entered scheduler stream_id=364 class=Rpc body_bytes=198
2026-09-26T01:20:48.785383Z DEBUG netbaiot_transports::business_rpc::v3: business RPC V3 selected frame stream_id=362 frame_type=Open payload_bytes=158
2026-09-26T01:20:48.785402Z DEBUG netbaiot_transports::business_rpc::v3: business RPC V3 writer completed frame stream_id=362 frame_type=Open payload_bytes=158
2026-09-26T01:20:48.785413Z DEBUG netbaiot_transports::business_rpc::v3: business RPC V3 selected frame stream_id=364 frame_type=Open payload_bytes=158
2026-09-26T01:20:48.785422Z DEBUG netbaiot_transports::business_rpc::v3: business RPC V3 writer completed frame stream_id=364 frame_type=Open payload_bytes=158
2026-09-26T01:20:48.785428Z DEBUG netbaiot_transports::business_rpc::v3: business RPC V3 selected frame stream_id=362 frame_type=Data payload_bytes=198
2026-09-26T01:20:48.785437Z DEBUG netbaiot_transports::business_rpc::v3: business RPC V3 writer completed frame stream_id=362 frame_type=Data payload_bytes=198
2026-09-26T01:20:48.785472Z DEBUG netbaiot_transports::business_rpc::v3: business RPC V3 body entered scheduler stream_id=366 class=Rpc body_bytes=198
2026-09-26T01:20:48.785480Z DEBUG netbaiot_transports::business_rpc::v3: business RPC V3 selected frame stream_id=366 frame_type=Open payload_bytes=158
2026-09-26T01:20:48.785497Z DEBUG netbaiot_transports::business_rpc::v3: business RPC V3 writer completed frame stream_id=366 frame_type=Open payload_bytes=158
2026-09-26T01:20:48.785505Z DEBUG netbaiot_transports::business_rpc::v3: business RPC V3 selected frame stream_id=364 frame_type=Data payload_bytes=198
2026-09-26T01:20:48.785515Z DEBUG netbaiot_transports::business_rpc::v3: business RPC V3 writer completed frame stream_id=364 frame_type=Data payload_bytes=198
2026-09-26T01:20:48.785521Z DEBUG netbaiot_transports::business_rpc::v3: business RPC V3 selected frame stream_id=366 frame_type=Data payload_bytes=198
2026-09-26T01:20:48.785532Z DEBUG netbaiot_transports::business_rpc::v3: business RPC V3 writer completed frame stream_id=366 frame_type=Data payload_bytes=198
2026-09-26T01:20:48.785679Z DEBUG netbaiot_transports::business_rpc::v3: business RPC V3 body entered scheduler stream_id=368 class=Rpc body_bytes=198
2026-09-26T01:20:48.785695Z DEBUG netbaiot_transports::business_rpc::v3: business RPC V3 selected frame stream_id=368 frame_type=Open payload_bytes=158
2026-09-26T01:20:48.785714Z DEBUG netbaiot_transports::business_rpc::v3: business RPC V3 writer completed frame stream_id=368 frame_type=Open payload_bytes=158
2026-09-26T01:20:48.785723Z DEBUG netbaiot_transports::business_rpc::v3: business RPC V3 selected frame stream_id=368 frame_type=Data payload_bytes=198
2026-09-26T01:20:48.785733Z DEBUG netbaiot_transports::business_rpc::v3: business RPC V3 writer completed frame stream_id=368 frame_type=Data payload_bytes=198
2026-09-26T01:20:48.815374Z DEBUG netbaiot_transports::business_rpc::v3: business RPC V3 received frame stream_id=0 frame_type=WindowUpdate payload_bytes=4
2026-09-26T01:20:48.815439Z DEBUG netbaiot_transports::business_rpc::v3: business RPC V3 received frame stream_id=344 frame_type=Response payload_bytes=35
2026-09-26T01:20:48.815460Z DEBUG netbaiot_transports::business_rpc::v3: business RPC V3 received frame stream_id=344 frame_type=Data payload_bytes=118
2026-09-26T01:20:48.815480Z DEBUG netbaiot_transports::business_rpc::v3: business RPC V3 Event delivery acknowledged stream_id=344 completion_us=831875
2026-09-26T01:20:48.815524Z DEBUG netbaiot_transports::business_rpc::v3: business RPC V3 selected frame stream_id=0 frame_type=WindowUpdate payload_bytes=4
2026-09-26T01:20:48.815565Z DEBUG netbaiot_transports::business_rpc::v3: business RPC V3 writer completed frame stream_id=0 frame_type=WindowUpdate payload_bytes=4
2026-09-26T01:20:48.976466Z DEBUG netbaiot_transports::business_rpc::v3: business RPC V3 received frame stream_id=0 frame_type=WindowUpdate payload_bytes=4
2026-09-26T01:20:48.976584Z DEBUG netbaiot_transports::business_rpc::v3: business RPC V3 received frame stream_id=0 frame_type=WindowUpdate payload_bytes=4
2026-09-26T01:20:48.976611Z DEBUG netbaiot_transports::business_rpc::v3: business RPC V3 received frame stream_id=0 frame_type=WindowUpdate payload_bytes=4
2026-09-26T01:20:48.976629Z DEBUG netbaiot_transports::business_rpc::v3: business RPC V3 received frame stream_id=0 frame_type=WindowUpdate payload_bytes=4
2026-09-26T01:20:48.976643Z DEBUG netbaiot_transports::business_rpc::v3: business RPC V3 received frame stream_id=368 frame_type=Response payload_bytes=35
2026-09-26T01:20:48.976666Z DEBUG netbaiot_transports::business_rpc::v3: business RPC V3 received frame stream_id=362 frame_type=Response payload_bytes=35
2026-09-26T01:20:48.976683Z DEBUG netbaiot_transports::business_rpc::v3: business RPC V3 received frame stream_id=366 frame_type=Response payload_bytes=35
2026-09-26T01:20:48.976698Z DEBUG netbaiot_transports::business_rpc::v3: business RPC V3 received frame stream_id=364 frame_type=Response payload_bytes=35
2026-09-26T01:20:48.976714Z DEBUG netbaiot_transports::business_rpc::v3: business RPC V3 received frame stream_id=368 frame_type=Data payload_bytes=216
2026-09-26T01:20:48.976782Z DEBUG netbaiot_transports::business_rpc::v3: business RPC V3 received frame stream_id=362 frame_type=Data payload_bytes=216
2026-09-26T01:20:48.976809Z DEBUG netbaiot_transports::business_rpc::v3: business RPC V3 selected frame stream_id=0 frame_type=WindowUpdate payload_bytes=4
2026-09-26T01:20:48.976818Z DEBUG netbaiot_transports::business_rpc::v3: business RPC V3 received frame stream_id=366 frame_type=Data payload_bytes=216
2026-09-26T01:20:48.976888Z DEBUG netbaiot_transports::business_rpc::v3: business RPC V3 writer completed frame stream_id=0 frame_type=WindowUpdate payload_bytes=4
2026-09-26T01:20:48.976915Z DEBUG netbaiot_transports::business_rpc::v3: business RPC V3 selected frame stream_id=0 frame_type=WindowUpdate payload_bytes=4
2026-09-26T01:20:48.976900Z DEBUG netbaiot_transports::business_rpc::v3: business RPC V3 received frame stream_id=364 frame_type=Data payload_bytes=216
2026-09-26T01:20:48.976965Z DEBUG netbaiot_transports::business_rpc::v3: business RPC V3 writer completed frame stream_id=0 frame_type=WindowUpdate payload_bytes=4
2026-09-26T01:20:48.977035Z DEBUG netbaiot_transports::business_rpc::v3: business RPC V3 selected frame stream_id=0 frame_type=WindowUpdate payload_bytes=4
2026-09-26T01:20:48.977065Z DEBUG netbaiot_transports::business_rpc::v3: business RPC V3 writer completed frame stream_id=0 frame_type=WindowUpdate payload_bytes=4
2026-09-26T01:20:48.977083Z DEBUG netbaiot_transports::business_rpc::v3: business RPC V3 selected frame stream_id=0 frame_type=WindowUpdate payload_bytes=4
2026-09-26T01:20:48.977106Z DEBUG netbaiot_transports::business_rpc::v3: business RPC V3 writer completed frame stream_id=0 frame_type=WindowUpdate payload_bytes=4
2026-09-26T01:20:48.978154Z DEBUG netbaiot_transports::business_rpc::v3: business RPC V3 body entered scheduler stream_id=370 class=Rpc body_bytes=198
2026-09-26T01:20:48.978232Z DEBUG netbaiot_transports::business_rpc::v3: business RPC V3 body entered scheduler stream_id=372 class=Rpc body_bytes=198
2026-09-26T01:20:48.978253Z DEBUG netbaiot_transports::business_rpc::v3: business RPC V3 selected frame stream_id=370 frame_type=Open payload_bytes=158
2026-09-26T01:20:48.978287Z DEBUG netbaiot_transports::business_rpc::v3: business RPC V3 writer completed frame stream_id=370 frame_type=Open payload_bytes=158
2026-09-26T01:20:48.978309Z DEBUG netbaiot_transports::business_rpc::v3: business RPC V3 body entered scheduler stream_id=374 class=Rpc body_bytes=198
2026-09-26T01:20:48.978322Z DEBUG netbaiot_transports::business_rpc::v3: business RPC V3 selected frame stream_id=372 frame_type=Open payload_bytes=158
2026-09-26T01:20:48.978342Z DEBUG netbaiot_transports::business_rpc::v3: business RPC V3 writer completed frame stream_id=372 frame_type=Open payload_bytes=158
2026-09-26T01:20:48.978357Z DEBUG netbaiot_transports::business_rpc::v3: business RPC V3 body entered scheduler stream_id=376 class=Rpc body_bytes=198
2026-09-26T01:20:48.978377Z DEBUG netbaiot_transports::business_rpc::v3: business RPC V3 selected frame stream_id=374 frame_type=Open payload_bytes=158
2026-09-26T01:20:48.978397Z DEBUG netbaiot_transports::business_rpc::v3: business RPC V3 writer completed frame stream_id=374 frame_type=Open payload_bytes=158
2026-09-26T01:20:48.978411Z DEBUG netbaiot_transports::business_rpc::v3: business RPC V3 selected frame stream_id=376 frame_type=Open payload_bytes=158
2026-09-26T01:20:48.978430Z DEBUG netbaiot_transports::business_rpc::v3: business RPC V3 writer completed frame stream_id=376 frame_type=Open payload_bytes=158
2026-09-26T01:20:48.978445Z DEBUG netbaiot_transports::business_rpc::v3: business RPC V3 selected frame stream_id=370 frame_type=Data payload_bytes=198
2026-09-26T01:20:48.978463Z DEBUG netbaiot_transports::business_rpc::v3: business RPC V3 writer completed frame stream_id=370 frame_type=Data payload_bytes=198
2026-09-26T01:20:48.978478Z DEBUG netbaiot_transports::business_rpc::v3: business RPC V3 selected frame stream_id=372 frame_type=Data payload_bytes=198
2026-09-26T01:20:48.978497Z DEBUG netbaiot_transports::business_rpc::v3: business RPC V3 writer completed frame stream_id=372 frame_type=Data payload_bytes=198
2026-09-26T01:20:48.978511Z DEBUG netbaiot_transports::business_rpc::v3: business RPC V3 selected frame stream_id=374 frame_type=Data payload_bytes=198
2026-09-26T01:20:48.978531Z DEBUG netbaiot_transports::business_rpc::v3: business RPC V3 writer completed frame stream_id=374 frame_type=Data payload_bytes=198
2026-09-26T01:20:48.978544Z DEBUG netbaiot_transports::business_rpc::v3: business RPC V3 selected frame stream_id=376 frame_type=Data payload_bytes=198
2026-09-26T01:20:48.978562Z DEBUG netbaiot_transports::business_rpc::v3: business RPC V3 writer completed frame stream_id=376 frame_type=Data payload_bytes=198
2026-09-26T01:20:48.984966Z DEBUG netbaiot_transports::business_rpc::v3: business RPC V3 body entered scheduler stream_id=378 class=Event body_bytes=17366
2026-09-26T01:20:48.985067Z DEBUG netbaiot_transports::business_rpc::v3: business RPC V3 selected frame stream_id=378 frame_type=Open payload_bytes=184
2026-09-26T01:20:48.985113Z DEBUG netbaiot_transports::business_rpc::v3: business RPC V3 writer completed frame stream_id=378 frame_type=Open payload_bytes=184
2026-09-26T01:20:48.985135Z DEBUG netbaiot_transports::business_rpc::v3: business RPC V3 selected frame stream_id=378 frame_type=Data payload_bytes=8192
2026-09-26T01:20:48.985162Z DEBUG netbaiot_transports::business_rpc::v3: business RPC V3 writer completed frame stream_id=378 frame_type=Data payload_bytes=8192
2026-09-26T01:20:49.398888Z DEBUG netbaiot_transports::business_rpc::v3: business RPC V3 received frame stream_id=0 frame_type=WindowUpdate payload_bytes=4
2026-09-26T01:20:49.398923Z DEBUG netbaiot_transports::business_rpc::v3: business RPC V3 received frame stream_id=0 frame_type=WindowUpdate payload_bytes=4
2026-09-26T01:20:49.398930Z DEBUG netbaiot_transports::business_rpc::v3: business RPC V3 received frame stream_id=0 frame_type=WindowUpdate payload_bytes=4
2026-09-26T01:20:49.398935Z DEBUG netbaiot_transports::business_rpc::v3: business RPC V3 received frame stream_id=0 frame_type=WindowUpdate payload_bytes=4
2026-09-26T01:20:49.398939Z DEBUG netbaiot_transports::business_rpc::v3: business RPC V3 received frame stream_id=0 frame_type=WindowUpdate payload_bytes=4
2026-09-26T01:20:49.398943Z DEBUG netbaiot_transports::business_rpc::v3: business RPC V3 received frame stream_id=378 frame_type=WindowUpdate payload_bytes=4
2026-09-26T01:20:49.398947Z DEBUG netbaiot_transports::business_rpc::v3: business RPC V3 received frame stream_id=370 frame_type=Response payload_bytes=35
2026-09-26T01:20:49.398955Z DEBUG netbaiot_transports::business_rpc::v3: business RPC V3 received frame stream_id=376 frame_type=Response payload_bytes=35
2026-09-26T01:20:49.398959Z DEBUG netbaiot_transports::business_rpc::v3: business RPC V3 received frame stream_id=372 frame_type=Response payload_bytes=35
2026-09-26T01:20:49.398963Z DEBUG netbaiot_transports::business_rpc::v3: business RPC V3 received frame stream_id=370 frame_type=Data payload_bytes=216
2026-09-26T01:20:49.398985Z DEBUG netbaiot_transports::business_rpc::v3: business RPC V3 received frame stream_id=374 frame_type=Response payload_bytes=35
2026-09-26T01:20:49.398991Z DEBUG netbaiot_transports::business_rpc::v3: business RPC V3 received frame stream_id=376 frame_type=Data payload_bytes=216
2026-09-26T01:20:49.399000Z DEBUG netbaiot_transports::business_rpc::v3: business RPC V3 received frame stream_id=372 frame_type=Data payload_bytes=216
2026-09-26T01:20:49.398998Z DEBUG netbaiot_transports::business_rpc::v3: business RPC V3 selected frame stream_id=0 frame_type=WindowUpdate payload_bytes=4
2026-09-26T01:20:49.399030Z DEBUG netbaiot_transports::business_rpc::v3: business RPC V3 writer completed frame stream_id=0 frame_type=WindowUpdate payload_bytes=4
2026-09-26T01:20:49.399038Z DEBUG netbaiot_transports::business_rpc::v3: business RPC V3 selected frame stream_id=0 frame_type=WindowUpdate payload_bytes=4
2026-09-26T01:20:49.399045Z DEBUG netbaiot_transports::business_rpc::v3: business RPC V3 writer completed frame stream_id=0 frame_type=WindowUpdate payload_bytes=4
2026-09-26T01:20:49.399049Z DEBUG netbaiot_transports::business_rpc::v3: business RPC V3 selected frame stream_id=0 frame_type=WindowUpdate payload_bytes=4
2026-09-26T01:20:49.399008Z DEBUG netbaiot_transports::business_rpc::v3: business RPC V3 received frame stream_id=374 frame_type=Data payload_bytes=216
2026-09-26T01:20:49.399057Z DEBUG netbaiot_transports::business_rpc::v3: business RPC V3 writer completed frame stream_id=0 frame_type=WindowUpdate payload_bytes=4
2026-09-26T01:20:49.399126Z DEBUG netbaiot_transports::business_rpc::v3: business RPC V3 selected frame stream_id=0 frame_type=WindowUpdate payload_bytes=4
2026-09-26T01:20:49.399154Z DEBUG netbaiot_transports::business_rpc::v3: business RPC V3 writer completed frame stream_id=0 frame_type=WindowUpdate payload_bytes=4
2026-09-26T01:20:49.399161Z DEBUG netbaiot_transports::business_rpc::v3: business RPC V3 selected frame stream_id=378 frame_type=Data payload_bytes=8192
2026-09-26T01:20:49.399170Z DEBUG netbaiot_transports::business_rpc::v3: business RPC V3 writer completed frame stream_id=378 frame_type=Data payload_bytes=8192
2026-09-26T01:20:49.399518Z DEBUG netbaiot_transports::business_rpc::v3: business RPC V3 body entered scheduler stream_id=380 class=Rpc body_bytes=198
2026-09-26T01:20:49.399526Z DEBUG netbaiot_transports::business_rpc::v3: business RPC V3 selected frame stream_id=380 frame_type=Open payload_bytes=158
2026-09-26T01:20:49.399536Z DEBUG netbaiot_transports::business_rpc::v3: business RPC V3 writer completed frame stream_id=380 frame_type=Open payload_bytes=158
2026-09-26T01:20:49.399541Z DEBUG netbaiot_transports::business_rpc::v3: business RPC V3 body entered scheduler stream_id=382 class=Rpc body_bytes=198
2026-09-26T01:20:49.399544Z DEBUG netbaiot_transports::business_rpc::v3: business RPC V3 selected frame stream_id=382 frame_type=Open payload_bytes=158
2026-09-26T01:20:49.399555Z DEBUG netbaiot_transports::business_rpc::v3: business RPC V3 writer completed frame stream_id=382 frame_type=Open payload_bytes=158
2026-09-26T01:20:49.399559Z DEBUG netbaiot_transports::business_rpc::v3: business RPC V3 selected frame stream_id=380 frame_type=Data payload_bytes=198
2026-09-26T01:20:49.399568Z DEBUG netbaiot_transports::business_rpc::v3: business RPC V3 writer completed frame stream_id=380 frame_type=Data payload_bytes=198
2026-09-26T01:20:49.399573Z DEBUG netbaiot_transports::business_rpc::v3: business RPC V3 body entered scheduler stream_id=384 class=Rpc body_bytes=198
2026-09-26T01:20:49.399576Z DEBUG netbaiot_transports::business_rpc::v3: business RPC V3 selected frame stream_id=384 frame_type=Open payload_bytes=158
2026-09-26T01:20:49.399581Z DEBUG netbaiot_transports::business_rpc::v3: business RPC V3 writer completed frame stream_id=384 frame_type=Open payload_bytes=158
2026-09-26T01:20:49.399584Z DEBUG netbaiot_transports::business_rpc::v3: business RPC V3 selected frame stream_id=382 frame_type=Data payload_bytes=198
2026-09-26T01:20:49.399595Z DEBUG netbaiot_transports::business_rpc::v3: business RPC V3 writer completed frame stream_id=382 frame_type=Data payload_bytes=198
2026-09-26T01:20:49.399599Z DEBUG netbaiot_transports::business_rpc::v3: business RPC V3 selected frame stream_id=384 frame_type=Data payload_bytes=198
2026-09-26T01:20:49.399604Z DEBUG netbaiot_transports::business_rpc::v3: business RPC V3 writer completed frame stream_id=384 frame_type=Data payload_bytes=198
2026-09-26T01:20:49.399608Z DEBUG netbaiot_transports::business_rpc::v3: business RPC V3 body entered scheduler stream_id=386 class=Rpc body_bytes=198
2026-09-26T01:20:49.399611Z DEBUG netbaiot_transports::business_rpc::v3: business RPC V3 selected frame stream_id=386 frame_type=Open payload_bytes=158
2026-09-26T01:20:49.399616Z DEBUG netbaiot_transports::business_rpc::v3: business RPC V3 writer completed frame stream_id=386 frame_type=Open payload_bytes=158
2026-09-26T01:20:49.399619Z DEBUG netbaiot_transports::business_rpc::v3: business RPC V3 selected frame stream_id=386 frame_type=Data payload_bytes=198
2026-09-26T01:20:49.399629Z DEBUG netbaiot_transports::business_rpc::v3: business RPC V3 writer completed frame stream_id=386 frame_type=Data payload_bytes=198
2026-09-26T01:20:49.782505Z DEBUG netbaiot_transports::business_rpc::v3: business RPC V3 received frame stream_id=0 frame_type=WindowUpdate payload_bytes=4
2026-09-26T01:20:49.782588Z DEBUG netbaiot_transports::business_rpc::v3: business RPC V3 received frame stream_id=378 frame_type=WindowUpdate payload_bytes=4
2026-09-26T01:20:49.782596Z DEBUG netbaiot_transports::business_rpc::v3: business RPC V3 received frame stream_id=0 frame_type=WindowUpdate payload_bytes=4
2026-09-26T01:20:49.782602Z DEBUG netbaiot_transports::business_rpc::v3: business RPC V3 received frame stream_id=0 frame_type=WindowUpdate payload_bytes=4
2026-09-26T01:20:49.782608Z DEBUG netbaiot_transports::business_rpc::v3: business RPC V3 received frame stream_id=0 frame_type=WindowUpdate payload_bytes=4
2026-09-26T01:20:49.782613Z DEBUG netbaiot_transports::business_rpc::v3: business RPC V3 received frame stream_id=0 frame_type=WindowUpdate payload_bytes=4
2026-09-26T01:20:49.782618Z DEBUG netbaiot_transports::business_rpc::v3: business RPC V3 received frame stream_id=386 frame_type=Response payload_bytes=35
2026-09-26T01:20:49.782640Z DEBUG netbaiot_transports::business_rpc::v3: business RPC V3 selected frame stream_id=378 frame_type=Data payload_bytes=982
2026-09-26T01:20:49.782664Z DEBUG netbaiot_transports::business_rpc::v3: business RPC V3 writer completed frame stream_id=378 frame_type=Data payload_bytes=982
2026-09-26T01:20:49.839968Z DEBUG netbaiot_transports::business_rpc::v3: business RPC V3 received frame stream_id=380 frame_type=Response payload_bytes=35
2026-09-26T01:20:49.840029Z DEBUG netbaiot_transports::business_rpc::v3: business RPC V3 received frame stream_id=384 frame_type=Response payload_bytes=35
2026-09-26T01:20:49.840043Z DEBUG netbaiot_transports::business_rpc::v3: business RPC V3 received frame stream_id=386 frame_type=Data payload_bytes=216
2026-09-26T01:20:49.840095Z DEBUG netbaiot_transports::business_rpc::v3: business RPC V3 received frame stream_id=382 frame_type=Response payload_bytes=35
2026-09-26T01:20:49.840110Z DEBUG netbaiot_transports::business_rpc::v3: business RPC V3 received frame stream_id=380 frame_type=Data payload_bytes=216
2026-09-26T01:20:49.840115Z DEBUG netbaiot_transports::business_rpc::v3: business RPC V3 selected frame stream_id=0 frame_type=WindowUpdate payload_bytes=4
2026-09-26T01:20:49.840131Z DEBUG netbaiot_transports::business_rpc::v3: business RPC V3 received frame stream_id=384 frame_type=Data payload_bytes=216
2026-09-26T01:20:49.840159Z DEBUG netbaiot_transports::business_rpc::v3: business RPC V3 writer completed frame stream_id=0 frame_type=WindowUpdate payload_bytes=4
2026-09-26T01:20:49.840160Z DEBUG netbaiot_transports::business_rpc::v3: business RPC V3 received frame stream_id=382 frame_type=Data payload_bytes=216
2026-09-26T01:20:49.840175Z DEBUG netbaiot_transports::business_rpc::v3: business RPC V3 selected frame stream_id=0 frame_type=WindowUpdate payload_bytes=4
2026-09-26T01:20:49.840209Z DEBUG netbaiot_transports::business_rpc::v3: business RPC V3 writer completed frame stream_id=0 frame_type=WindowUpdate payload_bytes=4
2026-09-26T01:20:49.840217Z DEBUG netbaiot_transports::business_rpc::v3: business RPC V3 selected frame stream_id=0 frame_type=WindowUpdate payload_bytes=4
2026-09-26T01:20:49.840229Z DEBUG netbaiot_transports::business_rpc::v3: business RPC V3 writer completed frame stream_id=0 frame_type=WindowUpdate payload_bytes=4
2026-09-26T01:20:49.840235Z DEBUG netbaiot_transports::business_rpc::v3: business RPC V3 selected frame stream_id=0 frame_type=WindowUpdate payload_bytes=4
2026-09-26T01:20:49.840247Z DEBUG netbaiot_transports::business_rpc::v3: business RPC V3 writer completed frame stream_id=0 frame_type=WindowUpdate payload_bytes=4
2026-09-26T01:20:49.840886Z DEBUG netbaiot_transports::business_rpc::v3: business RPC V3 body entered scheduler stream_id=388 class=Rpc body_bytes=198
2026-09-26T01:20:49.840916Z DEBUG netbaiot_transports::business_rpc::v3: business RPC V3 body entered scheduler stream_id=390 class=Rpc body_bytes=198
2026-09-26T01:20:49.840925Z DEBUG netbaiot_transports::business_rpc::v3: business RPC V3 body entered scheduler stream_id=392 class=Rpc body_bytes=198
2026-09-26T01:20:49.840934Z DEBUG netbaiot_transports::business_rpc::v3: business RPC V3 selected frame stream_id=388 frame_type=Open payload_bytes=158
2026-09-26T01:20:49.840950Z DEBUG netbaiot_transports::business_rpc::v3: business RPC V3 writer completed frame stream_id=388 frame_type=Open payload_bytes=158
2026-09-26T01:20:49.840958Z DEBUG netbaiot_transports::business_rpc::v3: business RPC V3 body entered scheduler stream_id=394 class=Rpc body_bytes=198
2026-09-26T01:20:49.840964Z DEBUG netbaiot_transports::business_rpc::v3: business RPC V3 selected frame stream_id=390 frame_type=Open payload_bytes=158
2026-09-26T01:20:49.840976Z DEBUG netbaiot_transports::business_rpc::v3: business RPC V3 writer completed frame stream_id=390 frame_type=Open payload_bytes=158
2026-09-26T01:20:49.840982Z DEBUG netbaiot_transports::business_rpc::v3: business RPC V3 selected frame stream_id=392 frame_type=Open payload_bytes=158
2026-09-26T01:20:49.840993Z DEBUG netbaiot_transports::business_rpc::v3: business RPC V3 writer completed frame stream_id=392 frame_type=Open payload_bytes=158
2026-09-26T01:20:49.841000Z DEBUG netbaiot_transports::business_rpc::v3: business RPC V3 selected frame stream_id=394 frame_type=Open payload_bytes=158
2026-09-26T01:20:49.841009Z DEBUG netbaiot_transports::business_rpc::v3: business RPC V3 writer completed frame stream_id=394 frame_type=Open payload_bytes=158
2026-09-26T01:20:49.841015Z DEBUG netbaiot_transports::business_rpc::v3: business RPC V3 selected frame stream_id=388 frame_type=Data payload_bytes=198
2026-09-26T01:20:49.841027Z DEBUG netbaiot_transports::business_rpc::v3: business RPC V3 writer completed frame stream_id=388 frame_type=Data payload_bytes=198
2026-09-26T01:20:49.841035Z DEBUG netbaiot_transports::business_rpc::v3: business RPC V3 selected frame stream_id=390 frame_type=Data payload_bytes=198
2026-09-26T01:20:49.841046Z DEBUG netbaiot_transports::business_rpc::v3: business RPC V3 writer completed frame stream_id=390 frame_type=Data payload_bytes=198
2026-09-26T01:20:49.841052Z DEBUG netbaiot_transports::business_rpc::v3: business RPC V3 selected frame stream_id=392 frame_type=Data payload_bytes=198
2026-09-26T01:20:49.841063Z DEBUG netbaiot_transports::business_rpc::v3: business RPC V3 writer completed frame stream_id=392 frame_type=Data payload_bytes=198
2026-09-26T01:20:49.841069Z DEBUG netbaiot_transports::business_rpc::v3: business RPC V3 selected frame stream_id=394 frame_type=Data payload_bytes=198
2026-09-26T01:20:49.841080Z DEBUG netbaiot_transports::business_rpc::v3: business RPC V3 writer completed frame stream_id=394 frame_type=Data payload_bytes=198
2026-09-26T01:20:49.867195Z DEBUG netbaiot_transports::business_rpc::v3: business RPC V3 received frame stream_id=0 frame_type=WindowUpdate payload_bytes=4
2026-09-26T01:20:49.899334Z DEBUG netbaiot_transports::business_rpc::v3: business RPC V3 received frame stream_id=378 frame_type=Response payload_bytes=35
2026-09-26T01:20:49.899453Z DEBUG netbaiot_transports::business_rpc::v3: business RPC V3 received frame stream_id=378 frame_type=Data payload_bytes=118
2026-09-26T01:20:49.899495Z DEBUG netbaiot_transports::business_rpc::v3: business RPC V3 Event delivery acknowledged stream_id=378 completion_us=914546
2026-09-26T01:20:49.899551Z DEBUG netbaiot_transports::business_rpc::v3: business RPC V3 selected frame stream_id=0 frame_type=WindowUpdate payload_bytes=4
2026-09-26T01:20:49.899694Z DEBUG netbaiot_transports::business_rpc::v3: business RPC V3 writer completed frame stream_id=0 frame_type=WindowUpdate payload_bytes=4
2026-09-26T01:20:49.973601Z DEBUG netbaiot_transports::business_rpc::v3: business RPC V3 received frame stream_id=0 frame_type=WindowUpdate payload_bytes=4
2026-09-26T01:20:49.973712Z DEBUG netbaiot_transports::business_rpc::v3: business RPC V3 received frame stream_id=0 frame_type=WindowUpdate payload_bytes=4
2026-09-26T01:20:49.973736Z DEBUG netbaiot_transports::business_rpc::v3: business RPC V3 received frame stream_id=0 frame_type=WindowUpdate payload_bytes=4
2026-09-26T01:20:49.973749Z DEBUG netbaiot_transports::business_rpc::v3: business RPC V3 received frame stream_id=0 frame_type=WindowUpdate payload_bytes=4
2026-09-26T01:20:49.973760Z DEBUG netbaiot_transports::business_rpc::v3: business RPC V3 received frame stream_id=394 frame_type=Response payload_bytes=35
2026-09-26T01:20:49.973783Z DEBUG netbaiot_transports::business_rpc::v3: business RPC V3 received frame stream_id=388 frame_type=Response payload_bytes=35
2026-09-26T01:20:49.985045Z DEBUG netbaiot_transports::business_rpc::v3: business RPC V3 body entered scheduler stream_id=396 class=Event body_bytes=17366
2026-09-26T01:20:49.985139Z DEBUG netbaiot_transports::business_rpc::v3: business RPC V3 selected frame stream_id=396 frame_type=Open payload_bytes=184
2026-09-26T01:20:49.985172Z DEBUG netbaiot_transports::business_rpc::v3: business RPC V3 writer completed frame stream_id=396 frame_type=Open payload_bytes=184
2026-09-26T01:20:49.985190Z DEBUG netbaiot_transports::business_rpc::v3: business RPC V3 selected frame stream_id=396 frame_type=Data payload_bytes=8192
2026-09-26T01:20:49.985211Z DEBUG netbaiot_transports::business_rpc::v3: business RPC V3 writer completed frame stream_id=396 frame_type=Data payload_bytes=8192
2026-09-26T01:20:50.030388Z DEBUG netbaiot_transports::business_rpc::v3: business RPC V3 received frame stream_id=390 frame_type=Response payload_bytes=35
2026-09-26T01:20:50.030490Z DEBUG netbaiot_transports::business_rpc::v3: business RPC V3 received frame stream_id=392 frame_type=Response payload_bytes=35
2026-09-26T01:20:50.030511Z DEBUG netbaiot_transports::business_rpc::v3: business RPC V3 received frame stream_id=394 frame_type=Data payload_bytes=216
2026-09-26T01:20:50.030558Z DEBUG netbaiot_transports::business_rpc::v3: business RPC V3 received frame stream_id=388 frame_type=Data payload_bytes=216
2026-09-26T01:20:50.030579Z DEBUG netbaiot_transports::business_rpc::v3: business RPC V3 received frame stream_id=390 frame_type=Data payload_bytes=216
2026-09-26T01:20:50.030576Z DEBUG netbaiot_transports::business_rpc::v3: business RPC V3 selected frame stream_id=0 frame_type=WindowUpdate payload_bytes=4
2026-09-26T01:20:50.030601Z DEBUG netbaiot_transports::business_rpc::v3: business RPC V3 received frame stream_id=392 frame_type=Data payload_bytes=216
2026-09-26T01:20:50.030642Z DEBUG netbaiot_transports::business_rpc::v3: business RPC V3 writer completed frame stream_id=0 frame_type=WindowUpdate payload_bytes=4
2026-09-26T01:20:50.030654Z DEBUG netbaiot_transports::business_rpc::v3: business RPC V3 selected frame stream_id=0 frame_type=WindowUpdate payload_bytes=4
2026-09-26T01:20:50.030667Z DEBUG netbaiot_transports::business_rpc::v3: business RPC V3 writer completed frame stream_id=0 frame_type=WindowUpdate payload_bytes=4
2026-09-26T01:20:50.030703Z DEBUG netbaiot_transports::business_rpc::v3: business RPC V3 selected frame stream_id=0 frame_type=WindowUpdate payload_bytes=4
2026-09-26T01:20:50.030716Z DEBUG netbaiot_transports::business_rpc::v3: business RPC V3 writer completed frame stream_id=0 frame_type=WindowUpdate payload_bytes=4
2026-09-26T01:20:50.030723Z DEBUG netbaiot_transports::business_rpc::v3: business RPC V3 selected frame stream_id=0 frame_type=WindowUpdate payload_bytes=4
2026-09-26T01:20:50.030733Z DEBUG netbaiot_transports::business_rpc::v3: business RPC V3 writer completed frame stream_id=0 frame_type=WindowUpdate payload_bytes=4
2026-09-26T01:20:50.031340Z DEBUG netbaiot_transports::business_rpc::v3: business RPC V3 body entered scheduler stream_id=398 class=Rpc body_bytes=198
2026-09-26T01:20:50.031399Z DEBUG netbaiot_transports::business_rpc::v3: business RPC V3 body entered scheduler stream_id=400 class=Rpc body_bytes=198
2026-09-26T01:20:50.031411Z DEBUG netbaiot_transports::business_rpc::v3: business RPC V3 body entered scheduler stream_id=402 class=Rpc body_bytes=198
2026-09-26T01:20:50.031417Z DEBUG netbaiot_transports::business_rpc::v3: business RPC V3 body entered scheduler stream_id=404 class=Rpc body_bytes=198
2026-09-26T01:20:50.031425Z DEBUG netbaiot_transports::business_rpc::v3: business RPC V3 selected frame stream_id=398 frame_type=Open payload_bytes=158
2026-09-26T01:20:50.031444Z DEBUG netbaiot_transports::business_rpc::v3: business RPC V3 writer completed frame stream_id=398 frame_type=Open payload_bytes=158
2026-09-26T01:20:50.031454Z DEBUG netbaiot_transports::business_rpc::v3: business RPC V3 selected frame stream_id=400 frame_type=Open payload_bytes=158
2026-09-26T01:20:50.031464Z DEBUG netbaiot_transports::business_rpc::v3: business RPC V3 writer completed frame stream_id=400 frame_type=Open payload_bytes=158
2026-09-26T01:20:50.031471Z DEBUG netbaiot_transports::business_rpc::v3: business RPC V3 selected frame stream_id=402 frame_type=Open payload_bytes=158
2026-09-26T01:20:50.031479Z DEBUG netbaiot_transports::business_rpc::v3: business RPC V3 writer completed frame stream_id=402 frame_type=Open payload_bytes=158
2026-09-26T01:20:50.031483Z DEBUG netbaiot_transports::business_rpc::v3: business RPC V3 selected frame stream_id=404 frame_type=Open payload_bytes=158
2026-09-26T01:20:50.031491Z DEBUG netbaiot_transports::business_rpc::v3: business RPC V3 writer completed frame stream_id=404 frame_type=Open payload_bytes=158
2026-09-26T01:20:50.031496Z DEBUG netbaiot_transports::business_rpc::v3: business RPC V3 selected frame stream_id=398 frame_type=Data payload_bytes=198
2026-09-26T01:20:50.031511Z DEBUG netbaiot_transports::business_rpc::v3: business RPC V3 writer completed frame stream_id=398 frame_type=Data payload_bytes=198
2026-09-26T01:20:50.031519Z DEBUG netbaiot_transports::business_rpc::v3: business RPC V3 selected frame stream_id=400 frame_type=Data payload_bytes=198
2026-09-26T01:20:50.031527Z DEBUG netbaiot_transports::business_rpc::v3: business RPC V3 writer completed frame stream_id=400 frame_type=Data payload_bytes=198
2026-09-26T01:20:50.031534Z DEBUG netbaiot_transports::business_rpc::v3: business RPC V3 selected frame stream_id=402 frame_type=Data payload_bytes=198
2026-09-26T01:20:50.031543Z DEBUG netbaiot_transports::business_rpc::v3: business RPC V3 writer completed frame stream_id=402 frame_type=Data payload_bytes=198
2026-09-26T01:20:50.031548Z DEBUG netbaiot_transports::business_rpc::v3: business RPC V3 selected frame stream_id=404 frame_type=Data payload_bytes=198
2026-09-26T01:20:50.031555Z DEBUG netbaiot_transports::business_rpc::v3: business RPC V3 writer completed frame stream_id=404 frame_type=Data payload_bytes=198
2026-09-26T01:20:50.323788Z DEBUG netbaiot_transports::business_rpc::v3: business RPC V3 received frame stream_id=0 frame_type=WindowUpdate payload_bytes=4
2026-09-26T01:20:50.323896Z DEBUG netbaiot_transports::business_rpc::v3: business RPC V3 received frame stream_id=396 frame_type=WindowUpdate payload_bytes=4
2026-09-26T01:20:50.323930Z DEBUG netbaiot_transports::business_rpc::v3: business RPC V3 selected frame stream_id=396 frame_type=Data payload_bytes=8192
2026-09-26T01:20:50.323976Z DEBUG netbaiot_transports::business_rpc::v3: business RPC V3 writer completed frame stream_id=396 frame_type=Data payload_bytes=8192
2026-09-26T01:20:50.433169Z DEBUG netbaiot_transports::business_rpc::v3: business RPC V3 received frame stream_id=0 frame_type=WindowUpdate payload_bytes=4
2026-09-26T01:20:50.433229Z DEBUG netbaiot_transports::business_rpc::v3: business RPC V3 received frame stream_id=0 frame_type=WindowUpdate payload_bytes=4
2026-09-26T01:20:50.433246Z DEBUG netbaiot_transports::business_rpc::v3: business RPC V3 received frame stream_id=0 frame_type=WindowUpdate payload_bytes=4
2026-09-26T01:20:50.433256Z DEBUG netbaiot_transports::business_rpc::v3: business RPC V3 received frame stream_id=0 frame_type=WindowUpdate payload_bytes=4
2026-09-26T01:20:50.433264Z DEBUG netbaiot_transports::business_rpc::v3: business RPC V3 received frame stream_id=404 frame_type=Response payload_bytes=35
2026-09-26T01:20:50.433278Z DEBUG netbaiot_transports::business_rpc::v3: business RPC V3 received frame stream_id=398 frame_type=Response payload_bytes=35
2026-09-26T01:20:50.433288Z DEBUG netbaiot_transports::business_rpc::v3: business RPC V3 received frame stream_id=400 frame_type=Response payload_bytes=35
2026-09-26T01:20:50.433296Z DEBUG netbaiot_transports::business_rpc::v3: business RPC V3 received frame stream_id=404 frame_type=Data payload_bytes=216
2026-09-26T01:20:50.433336Z DEBUG netbaiot_transports::business_rpc::v3: business RPC V3 received frame stream_id=402 frame_type=Response payload_bytes=35
2026-09-26T01:20:50.433359Z DEBUG netbaiot_transports::business_rpc::v3: business RPC V3 received frame stream_id=398 frame_type=Data payload_bytes=216
2026-09-26T01:20:50.433365Z DEBUG netbaiot_transports::business_rpc::v3: business RPC V3 selected frame stream_id=0 frame_type=WindowUpdate payload_bytes=4
2026-09-26T01:20:50.433384Z DEBUG netbaiot_transports::business_rpc::v3: business RPC V3 received frame stream_id=400 frame_type=Data payload_bytes=216
2026-09-26T01:20:50.433411Z DEBUG netbaiot_transports::business_rpc::v3: business RPC V3 received frame stream_id=402 frame_type=Data payload_bytes=216
2026-09-26T01:20:50.433435Z DEBUG netbaiot_transports::business_rpc::v3: business RPC V3 writer completed frame stream_id=0 frame_type=WindowUpdate payload_bytes=4
2026-09-26T01:20:50.433448Z DEBUG netbaiot_transports::business_rpc::v3: business RPC V3 selected frame stream_id=0 frame_type=WindowUpdate payload_bytes=4
2026-09-26T01:20:50.433473Z DEBUG netbaiot_transports::business_rpc::v3: business RPC V3 writer completed frame stream_id=0 frame_type=WindowUpdate payload_bytes=4
2026-09-26T01:20:50.433483Z DEBUG netbaiot_transports::business_rpc::v3: business RPC V3 selected frame stream_id=0 frame_type=WindowUpdate payload_bytes=4
2026-09-26T01:20:50.433503Z DEBUG netbaiot_transports::business_rpc::v3: business RPC V3 writer completed frame stream_id=0 frame_type=WindowUpdate payload_bytes=4
2026-09-26T01:20:50.433516Z DEBUG netbaiot_transports::business_rpc::v3: business RPC V3 selected frame stream_id=0 frame_type=WindowUpdate payload_bytes=4
2026-09-26T01:20:50.433530Z DEBUG netbaiot_transports::business_rpc::v3: business RPC V3 writer completed frame stream_id=0 frame_type=WindowUpdate payload_bytes=4
2026-09-26T01:20:50.434271Z DEBUG netbaiot_transports::business_rpc::v3: business RPC V3 body entered scheduler stream_id=406 class=Rpc body_bytes=198
2026-09-26T01:20:50.434338Z DEBUG netbaiot_transports::business_rpc::v3: business RPC V3 body entered scheduler stream_id=408 class=Rpc body_bytes=198
2026-09-26T01:20:50.434362Z DEBUG netbaiot_transports::business_rpc::v3: business RPC V3 selected frame stream_id=406 frame_type=Open payload_bytes=158
2026-09-26T01:20:50.434382Z DEBUG netbaiot_transports::business_rpc::v3: business RPC V3 writer completed frame stream_id=406 frame_type=Open payload_bytes=158
2026-09-26T01:20:50.434392Z DEBUG netbaiot_transports::business_rpc::v3: business RPC V3 selected frame stream_id=408 frame_type=Open payload_bytes=158
2026-09-26T01:20:50.434410Z DEBUG netbaiot_transports::business_rpc::v3: business RPC V3 writer completed frame stream_id=408 frame_type=Open payload_bytes=158
2026-09-26T01:20:50.434420Z DEBUG netbaiot_transports::business_rpc::v3: business RPC V3 selected frame stream_id=406 frame_type=Data payload_bytes=198
2026-09-26T01:20:50.434435Z DEBUG netbaiot_transports::business_rpc::v3: business RPC V3 writer completed frame stream_id=406 frame_type=Data payload_bytes=198
2026-09-26T01:20:50.434445Z DEBUG netbaiot_transports::business_rpc::v3: business RPC V3 selected frame stream_id=408 frame_type=Data payload_bytes=198
2026-09-26T01:20:50.434459Z DEBUG netbaiot_transports::business_rpc::v3: business RPC V3 writer completed frame stream_id=408 frame_type=Data payload_bytes=198
2026-09-26T01:20:50.434500Z DEBUG netbaiot_transports::business_rpc::v3: business RPC V3 body entered scheduler stream_id=410 class=Rpc body_bytes=198
2026-09-26T01:20:50.434521Z DEBUG netbaiot_transports::business_rpc::v3: business RPC V3 selected frame stream_id=410 frame_type=Open payload_bytes=158
2026-09-26T01:20:50.434536Z DEBUG netbaiot_transports::business_rpc::v3: business RPC V3 writer completed frame stream_id=410 frame_type=Open payload_bytes=158
2026-09-26T01:20:50.434545Z DEBUG netbaiot_transports::business_rpc::v3: business RPC V3 selected frame stream_id=410 frame_type=Data payload_bytes=198
2026-09-26T01:20:50.434558Z DEBUG netbaiot_transports::business_rpc::v3: business RPC V3 writer completed frame stream_id=410 frame_type=Data payload_bytes=198
2026-09-26T01:20:50.435046Z DEBUG netbaiot_transports::business_rpc::v3: business RPC V3 body entered scheduler stream_id=412 class=Rpc body_bytes=198
2026-09-26T01:20:50.435084Z DEBUG netbaiot_transports::business_rpc::v3: business RPC V3 selected frame stream_id=412 frame_type=Open payload_bytes=158
2026-09-26T01:20:50.435108Z DEBUG netbaiot_transports::business_rpc::v3: business RPC V3 writer completed frame stream_id=412 frame_type=Open payload_bytes=158
2026-09-26T01:20:50.435119Z DEBUG netbaiot_transports::business_rpc::v3: business RPC V3 selected frame stream_id=412 frame_type=Data payload_bytes=198
2026-09-26T01:20:50.435132Z DEBUG netbaiot_transports::business_rpc::v3: business RPC V3 writer completed frame stream_id=412 frame_type=Data payload_bytes=198
2026-09-26T01:20:50.598306Z DEBUG netbaiot_transports::business_rpc::v3: business RPC V3 received frame stream_id=0 frame_type=Ping payload_bytes=8
2026-09-26T01:20:50.598353Z DEBUG netbaiot_transports::business_rpc::v3: business RPC V3 selected frame stream_id=0 frame_type=Pong payload_bytes=8
2026-09-26T01:20:50.598371Z DEBUG netbaiot_transports::business_rpc::v3: business RPC V3 writer completed frame stream_id=0 frame_type=Pong payload_bytes=8
2026-09-26T01:20:50.675924Z DEBUG netbaiot_transports::business_rpc::v3: business RPC V3 received frame stream_id=0 frame_type=WindowUpdate payload_bytes=4
2026-09-26T01:20:50.675948Z DEBUG netbaiot_transports::business_rpc::v3: business RPC V3 received frame stream_id=396 frame_type=WindowUpdate payload_bytes=4
2026-09-26T01:20:50.675956Z DEBUG netbaiot_transports::business_rpc::v3: business RPC V3 selected frame stream_id=396 frame_type=Data payload_bytes=982
2026-09-26T01:20:50.675966Z DEBUG netbaiot_transports::business_rpc::v3: business RPC V3 writer completed frame stream_id=396 frame_type=Data payload_bytes=982
2026-09-26T01:20:50.812136Z DEBUG netbaiot_transports::business_rpc::v3: business RPC V3 received frame stream_id=0 frame_type=WindowUpdate payload_bytes=4
2026-09-26T01:20:50.812165Z DEBUG netbaiot_transports::business_rpc::v3: business RPC V3 received frame stream_id=0 frame_type=WindowUpdate payload_bytes=4
2026-09-26T01:20:50.812171Z DEBUG netbaiot_transports::business_rpc::v3: business RPC V3 received frame stream_id=0 frame_type=WindowUpdate payload_bytes=4
2026-09-26T01:20:50.812176Z DEBUG netbaiot_transports::business_rpc::v3: business RPC V3 received frame stream_id=0 frame_type=WindowUpdate payload_bytes=4
2026-09-26T01:20:50.812181Z DEBUG netbaiot_transports::business_rpc::v3: business RPC V3 received frame stream_id=412 frame_type=Response payload_bytes=35
2026-09-26T01:20:50.812188Z DEBUG netbaiot_transports::business_rpc::v3: business RPC V3 received frame stream_id=406 frame_type=Response payload_bytes=35
2026-09-26T01:20:50.812192Z DEBUG netbaiot_transports::business_rpc::v3: business RPC V3 received frame stream_id=412 frame_type=Data payload_bytes=216
2026-09-26T01:20:50.812216Z DEBUG netbaiot_transports::business_rpc::v3: business RPC V3 received frame stream_id=408 frame_type=Response payload_bytes=35
2026-09-26T01:20:50.812221Z DEBUG netbaiot_transports::business_rpc::v3: business RPC V3 received frame stream_id=410 frame_type=Response payload_bytes=35
2026-09-26T01:20:50.812224Z DEBUG netbaiot_transports::business_rpc::v3: business RPC V3 received frame stream_id=406 frame_type=Data payload_bytes=216
2026-09-26T01:20:50.812227Z DEBUG netbaiot_transports::business_rpc::v3: business RPC V3 selected frame stream_id=0 frame_type=WindowUpdate payload_bytes=4
2026-09-26T01:20:50.812234Z DEBUG netbaiot_transports::business_rpc::v3: business RPC V3 received frame stream_id=408 frame_type=Data payload_bytes=216
2026-09-26T01:20:50.812249Z DEBUG netbaiot_transports::business_rpc::v3: business RPC V3 writer completed frame stream_id=0 frame_type=WindowUpdate payload_bytes=4
2026-09-26T01:20:50.812267Z DEBUG netbaiot_transports::business_rpc::v3: business RPC V3 selected frame stream_id=0 frame_type=WindowUpdate payload_bytes=4
2026-09-26T01:20:50.812271Z DEBUG netbaiot_transports::business_rpc::v3: business RPC V3 received frame stream_id=410 frame_type=Data payload_bytes=216
2026-09-26T01:20:50.812274Z DEBUG netbaiot_transports::business_rpc::v3: business RPC V3 writer completed frame stream_id=0 frame_type=WindowUpdate payload_bytes=4
2026-09-26T01:20:50.812286Z DEBUG netbaiot_transports::business_rpc::v3: business RPC V3 selected frame stream_id=0 frame_type=WindowUpdate payload_bytes=4
2026-09-26T01:20:50.812291Z DEBUG netbaiot_transports::business_rpc::v3: business RPC V3 writer completed frame stream_id=0 frame_type=WindowUpdate payload_bytes=4
2026-09-26T01:20:50.812294Z DEBUG netbaiot_transports::business_rpc::v3: business RPC V3 selected frame stream_id=0 frame_type=WindowUpdate payload_bytes=4
2026-09-26T01:20:50.812298Z DEBUG netbaiot_transports::business_rpc::v3: business RPC V3 writer completed frame stream_id=0 frame_type=WindowUpdate payload_bytes=4
2026-09-26T01:20:50.812719Z DEBUG netbaiot_transports::business_rpc::v3: business RPC V3 body entered scheduler stream_id=414 class=Rpc body_bytes=198
2026-09-26T01:20:50.812728Z DEBUG netbaiot_transports::business_rpc::v3: business RPC V3 selected frame stream_id=414 frame_type=Open payload_bytes=158
2026-09-26T01:20:50.812737Z DEBUG netbaiot_transports::business_rpc::v3: business RPC V3 writer completed frame stream_id=414 frame_type=Open payload_bytes=158
2026-09-26T01:20:50.812741Z DEBUG netbaiot_transports::business_rpc::v3: business RPC V3 body entered scheduler stream_id=416 class=Rpc body_bytes=198
2026-09-26T01:20:50.812744Z DEBUG netbaiot_transports::business_rpc::v3: business RPC V3 selected frame stream_id=416 frame_type=Open payload_bytes=158
2026-09-26T01:20:50.812748Z DEBUG netbaiot_transports::business_rpc::v3: business RPC V3 writer completed frame stream_id=416 frame_type=Open payload_bytes=158
2026-09-26T01:20:50.812751Z DEBUG netbaiot_transports::business_rpc::v3: business RPC V3 selected frame stream_id=414 frame_type=Data payload_bytes=198
2026-09-26T01:20:50.812755Z DEBUG netbaiot_transports::business_rpc::v3: business RPC V3 writer completed frame stream_id=414 frame_type=Data payload_bytes=198
2026-09-26T01:20:50.812759Z DEBUG netbaiot_transports::business_rpc::v3: business RPC V3 selected frame stream_id=416 frame_type=Data payload_bytes=198
2026-09-26T01:20:50.812762Z DEBUG netbaiot_transports::business_rpc::v3: business RPC V3 writer completed frame stream_id=416 frame_type=Data payload_bytes=198
2026-09-26T01:20:50.812766Z DEBUG netbaiot_transports::business_rpc::v3: business RPC V3 body entered scheduler stream_id=418 class=Rpc body_bytes=198
2026-09-26T01:20:50.812768Z DEBUG netbaiot_transports::business_rpc::v3: business RPC V3 selected frame stream_id=418 frame_type=Open payload_bytes=158
2026-09-26T01:20:50.812777Z DEBUG netbaiot_transports::business_rpc::v3: business RPC V3 writer completed frame stream_id=418 frame_type=Open payload_bytes=158
2026-09-26T01:20:50.812780Z DEBUG netbaiot_transports::business_rpc::v3: business RPC V3 body entered scheduler stream_id=420 class=Rpc body_bytes=198
2026-09-26T01:20:50.812782Z DEBUG netbaiot_transports::business_rpc::v3: business RPC V3 selected frame stream_id=420 frame_type=Open payload_bytes=158
2026-09-26T01:20:50.812786Z DEBUG netbaiot_transports::business_rpc::v3: business RPC V3 writer completed frame stream_id=420 frame_type=Open payload_bytes=158
2026-09-26T01:20:50.812789Z DEBUG netbaiot_transports::business_rpc::v3: business RPC V3 selected frame stream_id=418 frame_type=Data payload_bytes=198
2026-09-26T01:20:50.812792Z DEBUG netbaiot_transports::business_rpc::v3: business RPC V3 writer completed frame stream_id=418 frame_type=Data payload_bytes=198
2026-09-26T01:20:50.812795Z DEBUG netbaiot_transports::business_rpc::v3: business RPC V3 selected frame stream_id=420 frame_type=Data payload_bytes=198
2026-09-26T01:20:50.812799Z DEBUG netbaiot_transports::business_rpc::v3: business RPC V3 writer completed frame stream_id=420 frame_type=Data payload_bytes=198
2026-09-26T01:20:50.843594Z DEBUG netbaiot_transports::business_rpc::v3: business RPC V3 received frame stream_id=0 frame_type=WindowUpdate payload_bytes=4
2026-09-26T01:20:50.843608Z DEBUG netbaiot_transports::business_rpc::v3: business RPC V3 received frame stream_id=396 frame_type=Response payload_bytes=35
2026-09-26T01:20:50.843616Z DEBUG netbaiot_transports::business_rpc::v3: business RPC V3 received frame stream_id=396 frame_type=Data payload_bytes=118
2026-09-26T01:20:50.843624Z DEBUG netbaiot_transports::business_rpc::v3: business RPC V3 Event delivery acknowledged stream_id=396 completion_us=858589
2026-09-26T01:20:50.843641Z DEBUG netbaiot_transports::business_rpc::v3: business RPC V3 selected frame stream_id=0 frame_type=WindowUpdate payload_bytes=4
2026-09-26T01:20:50.843659Z DEBUG netbaiot_transports::business_rpc::v3: business RPC V3 writer completed frame stream_id=0 frame_type=WindowUpdate payload_bytes=4
2026-09-26T01:20:50.984748Z DEBUG netbaiot_transports::business_rpc::v3: business RPC V3 body entered scheduler stream_id=422 class=Event body_bytes=17366
2026-09-26T01:20:50.984820Z DEBUG netbaiot_transports::business_rpc::v3: business RPC V3 selected frame stream_id=422 frame_type=Open payload_bytes=184
2026-09-26T01:20:50.984859Z DEBUG netbaiot_transports::business_rpc::v3: business RPC V3 writer completed frame stream_id=422 frame_type=Open payload_bytes=184
2026-09-26T01:20:50.984881Z DEBUG netbaiot_transports::business_rpc::v3: business RPC V3 selected frame stream_id=422 frame_type=Data payload_bytes=8192
2026-09-26T01:20:50.984900Z DEBUG netbaiot_transports::business_rpc::v3: business RPC V3 writer completed frame stream_id=422 frame_type=Data payload_bytes=8192
2026-09-26T01:20:51.002944Z DEBUG netbaiot_transports::business_rpc::v3: business RPC V3 received frame stream_id=0 frame_type=WindowUpdate payload_bytes=4
2026-09-26T01:20:51.003000Z DEBUG netbaiot_transports::business_rpc::v3: business RPC V3 received frame stream_id=0 frame_type=WindowUpdate payload_bytes=4
2026-09-26T01:20:51.003014Z DEBUG netbaiot_transports::business_rpc::v3: business RPC V3 received frame stream_id=0 frame_type=WindowUpdate payload_bytes=4
2026-09-26T01:20:51.003025Z DEBUG netbaiot_transports::business_rpc::v3: business RPC V3 received frame stream_id=0 frame_type=WindowUpdate payload_bytes=4
2026-09-26T01:20:51.003034Z DEBUG netbaiot_transports::business_rpc::v3: business RPC V3 received frame stream_id=420 frame_type=Response payload_bytes=35
2026-09-26T01:20:51.003047Z DEBUG netbaiot_transports::business_rpc::v3: business RPC V3 received frame stream_id=414 frame_type=Response payload_bytes=35
2026-09-26T01:20:51.003063Z DEBUG netbaiot_transports::business_rpc::v3: business RPC V3 received frame stream_id=416 frame_type=Response payload_bytes=35
2026-09-26T01:20:51.003071Z DEBUG netbaiot_transports::business_rpc::v3: business RPC V3 received frame stream_id=418 frame_type=Response payload_bytes=35
2026-09-26T01:20:51.003080Z DEBUG netbaiot_transports::business_rpc::v3: business RPC V3 received frame stream_id=420 frame_type=Data payload_bytes=216
2026-09-26T01:20:51.003118Z DEBUG netbaiot_transports::business_rpc::v3: business RPC V3 received frame stream_id=414 frame_type=Data payload_bytes=216
2026-09-26T01:20:51.003141Z DEBUG netbaiot_transports::business_rpc::v3: business RPC V3 received frame stream_id=416 frame_type=Data payload_bytes=216
2026-09-26T01:20:51.003139Z DEBUG netbaiot_transports::business_rpc::v3: business RPC V3 selected frame stream_id=0 frame_type=WindowUpdate payload_bytes=4
2026-09-26T01:20:51.003171Z DEBUG netbaiot_transports::business_rpc::v3: business RPC V3 received frame stream_id=418 frame_type=Data payload_bytes=216
2026-09-26T01:20:51.003223Z DEBUG netbaiot_transports::business_rpc::v3: business RPC V3 writer completed frame stream_id=0 frame_type=WindowUpdate payload_bytes=4
2026-09-26T01:20:51.003240Z DEBUG netbaiot_transports::business_rpc::v3: business RPC V3 selected frame stream_id=0 frame_type=WindowUpdate payload_bytes=4
2026-09-26T01:20:51.003260Z DEBUG netbaiot_transports::business_rpc::v3: business RPC V3 writer completed frame stream_id=0 frame_type=WindowUpdate payload_bytes=4
2026-09-26T01:20:51.003271Z DEBUG netbaiot_transports::business_rpc::v3: business RPC V3 selected frame stream_id=0 frame_type=WindowUpdate payload_bytes=4
2026-09-26T01:20:51.003286Z DEBUG netbaiot_transports::business_rpc::v3: business RPC V3 writer completed frame stream_id=0 frame_type=WindowUpdate payload_bytes=4
2026-09-26T01:20:51.003295Z DEBUG netbaiot_transports::business_rpc::v3: business RPC V3 selected frame stream_id=0 frame_type=WindowUpdate payload_bytes=4
2026-09-26T01:20:51.003307Z DEBUG netbaiot_transports::business_rpc::v3: business RPC V3 writer completed frame stream_id=0 frame_type=WindowUpdate payload_bytes=4
2026-09-26T01:20:51.032399Z DEBUG netbaiot_transports::business_rpc::v3: business RPC V3 received frame stream_id=0 frame_type=GoAway payload_bytes=53
