2026-09-26T01:40:22.780755Z  INFO netbaiot_server: runtime ready device_ingress=127.0.0.1:60070 management_http=127.0.0.1:60071 business_tcp=Some(127.0.0.1:60072)
2026-09-26T01:40:23.192431Z  INFO netbaiot_transports::business_rpc: business RPC socket send buffer send_buffer_bytes=146988
2026-09-26T01:40:23.275108Z DEBUG netbaiot_transports::business_rpc::v3: business RPC V3 received frame stream_id=1 frame_type=Open payload_bytes=43
2026-09-26T01:40:23.275280Z DEBUG netbaiot_transports::business_rpc::v3: business RPC V3 received frame stream_id=3 frame_type=Open payload_bytes=157
2026-09-26T01:40:23.275338Z DEBUG netbaiot_transports::business_rpc::v3: business RPC V3 selected frame stream_id=1 frame_type=Accept payload_bytes=41
2026-09-26T01:40:23.275377Z DEBUG netbaiot_transports::business_rpc::v3: business RPC V3 writer completed frame stream_id=1 frame_type=Accept payload_bytes=41
2026-09-26T01:40:23.275388Z DEBUG netbaiot_transports::business_rpc::v3: business RPC V3 selected frame stream_id=3 frame_type=Accept payload_bytes=45
2026-09-26T01:40:23.275403Z DEBUG netbaiot_transports::business_rpc::v3: business RPC V3 writer completed frame stream_id=3 frame_type=Accept payload_bytes=45
2026-09-26T01:40:23.329538Z DEBUG netbaiot_transports::business_rpc::v3: business RPC V3 received frame stream_id=5 frame_type=Open payload_bytes=147
2026-09-26T01:40:23.329707Z DEBUG netbaiot_transports::business_rpc::v3: business RPC V3 received frame stream_id=5 frame_type=Data payload_bytes=95
2026-09-26T01:40:23.329777Z DEBUG netbaiot_transports::business_rpc::v3: business RPC V3 selected frame stream_id=0 frame_type=WindowUpdate payload_bytes=4
2026-09-26T01:40:23.329829Z DEBUG netbaiot_transports::business_rpc::v3: business RPC V3 writer completed frame stream_id=0 frame_type=WindowUpdate payload_bytes=4
2026-09-26T01:40:23.329847Z DEBUG netbaiot_transports::business_rpc::v3: business RPC V3 body entered scheduler stream_id=5 class=Rpc body_bytes=22
2026-09-26T01:40:23.329872Z DEBUG netbaiot_transports::business_rpc::v3: business RPC V3 selected frame stream_id=5 frame_type=Response payload_bytes=34
2026-09-26T01:40:23.329894Z DEBUG netbaiot_transports::business_rpc::v3: business RPC V3 writer completed frame stream_id=5 frame_type=Response payload_bytes=34
2026-09-26T01:40:23.329907Z DEBUG netbaiot_transports::business_rpc::v3: business RPC V3 selected frame stream_id=5 frame_type=Data payload_bytes=22
2026-09-26T01:40:23.329925Z DEBUG netbaiot_transports::business_rpc::v3: business RPC V3 writer completed frame stream_id=5 frame_type=Data payload_bytes=22
2026-09-26T01:40:23.329967Z DEBUG netbaiot_transports::business_rpc::v3: business RPC V3 selected frame stream_id=0 frame_type=Ping payload_bytes=8
2026-09-26T01:40:23.329986Z DEBUG netbaiot_transports::business_rpc::v3: business RPC V3 writer completed frame stream_id=0 frame_type=Ping payload_bytes=8
2026-09-26T01:40:23.410738Z DEBUG netbaiot_transports::business_rpc::v3: business RPC V3 received frame stream_id=0 frame_type=Pong payload_bytes=8
2026-09-26T01:40:23.410875Z DEBUG netbaiot_transports::business_rpc::v3: business RPC V3 received frame stream_id=0 frame_type=WindowUpdate payload_bytes=4
2026-09-26T01:40:23.459408Z DEBUG netbaiot_transports::business_rpc::v3: business RPC V3 body entered scheduler stream_id=2 class=Rpc body_bytes=200
2026-09-26T01:40:23.459512Z DEBUG netbaiot_transports::business_rpc::v3: business RPC V3 selected frame stream_id=2 frame_type=Open payload_bytes=158
2026-09-26T01:40:23.459579Z DEBUG netbaiot_transports::business_rpc::v3: business RPC V3 writer completed frame stream_id=2 frame_type=Open payload_bytes=158
2026-09-26T01:40:23.459606Z DEBUG netbaiot_transports::business_rpc::v3: business RPC V3 selected frame stream_id=2 frame_type=Data payload_bytes=200
2026-09-26T01:40:23.459632Z DEBUG netbaiot_transports::business_rpc::v3: business RPC V3 writer completed frame stream_id=2 frame_type=Data payload_bytes=200
2026-09-26T01:40:23.515142Z DEBUG netbaiot_transports::business_rpc::v3: business RPC V3 received frame stream_id=0 frame_type=WindowUpdate payload_bytes=4
2026-09-26T01:40:23.542816Z DEBUG netbaiot_transports::business_rpc::v3: business RPC V3 received frame stream_id=2 frame_type=Response payload_bytes=35
2026-09-26T01:40:23.542982Z DEBUG netbaiot_transports::business_rpc::v3: business RPC V3 received frame stream_id=2 frame_type=Data payload_bytes=218
2026-09-26T01:40:23.543134Z DEBUG netbaiot_transports::business_rpc::v3: business RPC V3 selected frame stream_id=0 frame_type=WindowUpdate payload_bytes=4
2026-09-26T01:40:23.543219Z DEBUG netbaiot_transports::business_rpc::v3: business RPC V3 writer completed frame stream_id=0 frame_type=WindowUpdate payload_bytes=4
2026-09-26T01:40:23.544709Z DEBUG netbaiot_transports::business_rpc::v3: business RPC V3 body entered scheduler stream_id=4 class=Rpc body_bytes=196
2026-09-26T01:40:23.544783Z DEBUG netbaiot_transports::business_rpc::v3: business RPC V3 body entered scheduler stream_id=6 class=Rpc body_bytes=197
2026-09-26T01:40:23.544804Z DEBUG netbaiot_transports::business_rpc::v3: business RPC V3 body entered scheduler stream_id=8 class=Rpc body_bytes=196
2026-09-26T01:40:23.544818Z DEBUG netbaiot_transports::business_rpc::v3: business RPC V3 body entered scheduler stream_id=10 class=Rpc body_bytes=197
2026-09-26T01:40:23.544835Z DEBUG netbaiot_transports::business_rpc::v3: business RPC V3 selected frame stream_id=4 frame_type=Open payload_bytes=158
2026-09-26T01:40:23.544869Z DEBUG netbaiot_transports::business_rpc::v3: business RPC V3 writer completed frame stream_id=4 frame_type=Open payload_bytes=158
2026-09-26T01:40:23.544890Z DEBUG netbaiot_transports::business_rpc::v3: business RPC V3 body entered scheduler stream_id=12 class=Rpc body_bytes=196
2026-09-26T01:40:23.544907Z DEBUG netbaiot_transports::business_rpc::v3: business RPC V3 body entered scheduler stream_id=14 class=Rpc body_bytes=196
2026-09-26T01:40:23.544922Z DEBUG netbaiot_transports::business_rpc::v3: business RPC V3 body entered scheduler stream_id=16 class=Rpc body_bytes=196
2026-09-26T01:40:23.544934Z DEBUG netbaiot_transports::business_rpc::v3: business RPC V3 selected frame stream_id=6 frame_type=Open payload_bytes=158
2026-09-26T01:40:23.544954Z DEBUG netbaiot_transports::business_rpc::v3: business RPC V3 writer completed frame stream_id=6 frame_type=Open payload_bytes=158
2026-09-26T01:40:23.544968Z DEBUG netbaiot_transports::business_rpc::v3: business RPC V3 body entered scheduler stream_id=18 class=Rpc body_bytes=197
2026-09-26T01:40:23.544985Z DEBUG netbaiot_transports::business_rpc::v3: business RPC V3 selected frame stream_id=8 frame_type=Open payload_bytes=158
2026-09-26T01:40:23.545005Z DEBUG netbaiot_transports::business_rpc::v3: business RPC V3 writer completed frame stream_id=8 frame_type=Open payload_bytes=158
2026-09-26T01:40:23.545021Z DEBUG netbaiot_transports::business_rpc::v3: business RPC V3 body entered scheduler stream_id=20 class=Rpc body_bytes=197
2026-09-26T01:40:23.545034Z DEBUG netbaiot_transports::business_rpc::v3: business RPC V3 body entered scheduler stream_id=22 class=Rpc body_bytes=196
2026-09-26T01:40:23.545047Z DEBUG netbaiot_transports::business_rpc::v3: business RPC V3 selected frame stream_id=4 frame_type=Data payload_bytes=196
2026-09-26T01:40:23.545067Z DEBUG netbaiot_transports::business_rpc::v3: business RPC V3 writer completed frame stream_id=4 frame_type=Data payload_bytes=196
2026-09-26T01:40:23.545083Z DEBUG netbaiot_transports::business_rpc::v3: business RPC V3 body entered scheduler stream_id=24 class=Rpc body_bytes=196
2026-09-26T01:40:23.545097Z DEBUG netbaiot_transports::business_rpc::v3: business RPC V3 body entered scheduler stream_id=26 class=Rpc body_bytes=197
2026-09-26T01:40:23.545109Z DEBUG netbaiot_transports::business_rpc::v3: business RPC V3 body entered scheduler stream_id=28 class=Rpc body_bytes=197
2026-09-26T01:40:23.545120Z DEBUG netbaiot_transports::business_rpc::v3: business RPC V3 body entered scheduler stream_id=30 class=Rpc body_bytes=196
2026-09-26T01:40:23.545134Z DEBUG netbaiot_transports::business_rpc::v3: business RPC V3 selected frame stream_id=10 frame_type=Open payload_bytes=158
2026-09-26T01:40:23.545202Z DEBUG netbaiot_transports::business_rpc::v3: business RPC V3 writer completed frame stream_id=10 frame_type=Open payload_bytes=158
2026-09-26T01:40:23.545216Z DEBUG netbaiot_transports::business_rpc::v3: business RPC V3 body entered scheduler stream_id=32 class=Rpc body_bytes=196
2026-09-26T01:40:23.545228Z DEBUG netbaiot_transports::business_rpc::v3: business RPC V3 body entered scheduler stream_id=34 class=Rpc body_bytes=196
2026-09-26T01:40:23.545244Z DEBUG netbaiot_transports::business_rpc::v3: business RPC V3 selected frame stream_id=12 frame_type=Open payload_bytes=158
2026-09-26T01:40:23.545270Z DEBUG netbaiot_transports::business_rpc::v3: business RPC V3 writer completed frame stream_id=12 frame_type=Open payload_bytes=158
2026-09-26T01:40:23.545278Z DEBUG netbaiot_transports::business_rpc::v3: business RPC V3 selected frame stream_id=14 frame_type=Open payload_bytes=158
2026-09-26T01:40:23.545289Z DEBUG netbaiot_transports::business_rpc::v3: business RPC V3 writer completed frame stream_id=14 frame_type=Open payload_bytes=158
2026-09-26T01:40:23.545296Z DEBUG netbaiot_transports::business_rpc::v3: business RPC V3 selected frame stream_id=16 frame_type=Open payload_bytes=158
2026-09-26T01:40:23.545313Z DEBUG netbaiot_transports::business_rpc::v3: business RPC V3 writer completed frame stream_id=16 frame_type=Open payload_bytes=158
2026-09-26T01:40:23.545321Z DEBUG netbaiot_transports::business_rpc::v3: business RPC V3 selected frame stream_id=6 frame_type=Data payload_bytes=197
2026-09-26T01:40:23.545331Z DEBUG netbaiot_transports::business_rpc::v3: business RPC V3 writer completed frame stream_id=6 frame_type=Data payload_bytes=197
2026-09-26T01:40:23.545340Z DEBUG netbaiot_transports::business_rpc::v3: business RPC V3 selected frame stream_id=18 frame_type=Open payload_bytes=158
2026-09-26T01:40:23.545353Z DEBUG netbaiot_transports::business_rpc::v3: business RPC V3 writer completed frame stream_id=18 frame_type=Open payload_bytes=158
2026-09-26T01:40:23.545360Z DEBUG netbaiot_transports::business_rpc::v3: business RPC V3 selected frame stream_id=20 frame_type=Open payload_bytes=158
2026-09-26T01:40:23.545371Z DEBUG netbaiot_transports::business_rpc::v3: business RPC V3 writer completed frame stream_id=20 frame_type=Open payload_bytes=158
2026-09-26T01:40:23.545378Z DEBUG netbaiot_transports::business_rpc::v3: business RPC V3 selected frame stream_id=22 frame_type=Open payload_bytes=158
2026-09-26T01:40:23.545393Z DEBUG netbaiot_transports::business_rpc::v3: business RPC V3 writer completed frame stream_id=22 frame_type=Open payload_bytes=158
2026-09-26T01:40:23.545400Z DEBUG netbaiot_transports::business_rpc::v3: business RPC V3 selected frame stream_id=24 frame_type=Open payload_bytes=158
2026-09-26T01:40:23.545410Z DEBUG netbaiot_transports::business_rpc::v3: business RPC V3 writer completed frame stream_id=24 frame_type=Open payload_bytes=158
2026-09-26T01:40:23.545418Z DEBUG netbaiot_transports::business_rpc::v3: business RPC V3 selected frame stream_id=8 frame_type=Data payload_bytes=196
2026-09-26T01:40:23.545431Z DEBUG netbaiot_transports::business_rpc::v3: business RPC V3 writer completed frame stream_id=8 frame_type=Data payload_bytes=196
2026-09-26T01:40:23.545438Z DEBUG netbaiot_transports::business_rpc::v3: business RPC V3 selected frame stream_id=26 frame_type=Open payload_bytes=158
2026-09-26T01:40:23.545450Z DEBUG netbaiot_transports::business_rpc::v3: business RPC V3 writer completed frame stream_id=26 frame_type=Open payload_bytes=158
2026-09-26T01:40:23.545457Z DEBUG netbaiot_transports::business_rpc::v3: business RPC V3 selected frame stream_id=28 frame_type=Open payload_bytes=158
2026-09-26T01:40:23.545469Z DEBUG netbaiot_transports::business_rpc::v3: business RPC V3 writer completed frame stream_id=28 frame_type=Open payload_bytes=158
2026-09-26T01:40:23.545476Z DEBUG netbaiot_transports::business_rpc::v3: business RPC V3 selected frame stream_id=30 frame_type=Open payload_bytes=158
2026-09-26T01:40:23.545486Z DEBUG netbaiot_transports::business_rpc::v3: business RPC V3 writer completed frame stream_id=30 frame_type=Open payload_bytes=158
2026-09-26T01:40:23.545508Z DEBUG netbaiot_transports::business_rpc::v3: business RPC V3 selected frame stream_id=32 frame_type=Open payload_bytes=158
2026-09-26T01:40:23.545520Z DEBUG netbaiot_transports::business_rpc::v3: business RPC V3 writer completed frame stream_id=32 frame_type=Open payload_bytes=158
2026-09-26T01:40:23.545527Z DEBUG netbaiot_transports::business_rpc::v3: business RPC V3 selected frame stream_id=10 frame_type=Data payload_bytes=197
2026-09-26T01:40:23.545538Z DEBUG netbaiot_transports::business_rpc::v3: business RPC V3 writer completed frame stream_id=10 frame_type=Data payload_bytes=197
2026-09-26T01:40:23.545546Z DEBUG netbaiot_transports::business_rpc::v3: business RPC V3 selected frame stream_id=34 frame_type=Open payload_bytes=158
2026-09-26T01:40:23.545556Z DEBUG netbaiot_transports::business_rpc::v3: business RPC V3 writer completed frame stream_id=34 frame_type=Open payload_bytes=158
2026-09-26T01:40:23.545564Z DEBUG netbaiot_transports::business_rpc::v3: business RPC V3 body entered scheduler stream_id=36 class=Event body_bytes=17365
2026-09-26T01:40:23.545571Z DEBUG netbaiot_transports::business_rpc::v3: business RPC V3 selected frame stream_id=36 frame_type=Open payload_bytes=184
2026-09-26T01:40:23.545582Z DEBUG netbaiot_transports::business_rpc::v3: business RPC V3 writer completed frame stream_id=36 frame_type=Open payload_bytes=184
2026-09-26T01:40:23.545591Z DEBUG netbaiot_transports::business_rpc::v3: business RPC V3 selected frame stream_id=12 frame_type=Data payload_bytes=196
2026-09-26T01:40:23.545607Z DEBUG netbaiot_transports::business_rpc::v3: business RPC V3 writer completed frame stream_id=12 frame_type=Data payload_bytes=196
2026-09-26T01:40:23.545616Z DEBUG netbaiot_transports::business_rpc::v3: business RPC V3 selected frame stream_id=14 frame_type=Data payload_bytes=196
2026-09-26T01:40:23.545628Z DEBUG netbaiot_transports::business_rpc::v3: business RPC V3 writer completed frame stream_id=14 frame_type=Data payload_bytes=196
2026-09-26T01:40:23.545637Z DEBUG netbaiot_transports::business_rpc::v3: business RPC V3 selected frame stream_id=36 frame_type=Data payload_bytes=8192
2026-09-26T01:40:23.545652Z DEBUG netbaiot_transports::business_rpc::v3: business RPC V3 writer completed frame stream_id=36 frame_type=Data payload_bytes=8192
2026-09-26T01:40:23.545660Z DEBUG netbaiot_transports::business_rpc::v3: business RPC V3 selected frame stream_id=16 frame_type=Data payload_bytes=196
2026-09-26T01:40:23.545670Z DEBUG netbaiot_transports::business_rpc::v3: business RPC V3 writer completed frame stream_id=16 frame_type=Data payload_bytes=196
2026-09-26T01:40:23.545680Z DEBUG netbaiot_transports::business_rpc::v3: business RPC V3 selected frame stream_id=18 frame_type=Data payload_bytes=197
2026-09-26T01:40:23.545691Z DEBUG netbaiot_transports::business_rpc::v3: business RPC V3 writer completed frame stream_id=18 frame_type=Data payload_bytes=197
2026-09-26T01:40:23.545699Z DEBUG netbaiot_transports::business_rpc::v3: business RPC V3 selected frame stream_id=20 frame_type=Data payload_bytes=197
2026-09-26T01:40:23.545710Z DEBUG netbaiot_transports::business_rpc::v3: business RPC V3 writer completed frame stream_id=20 frame_type=Data payload_bytes=197
2026-09-26T01:40:23.545719Z DEBUG netbaiot_transports::business_rpc::v3: business RPC V3 selected frame stream_id=22 frame_type=Data payload_bytes=196
2026-09-26T01:40:23.545729Z DEBUG netbaiot_transports::business_rpc::v3: business RPC V3 writer completed frame stream_id=22 frame_type=Data payload_bytes=196
2026-09-26T01:40:23.545736Z DEBUG netbaiot_transports::business_rpc::v3: business RPC V3 selected frame stream_id=36 frame_type=Data payload_bytes=8192
2026-09-26T01:40:23.545748Z DEBUG netbaiot_transports::business_rpc::v3: business RPC V3 writer completed frame stream_id=36 frame_type=Data payload_bytes=8192
2026-09-26T01:40:23.545756Z DEBUG netbaiot_transports::business_rpc::v3: business RPC V3 selected frame stream_id=24 frame_type=Data payload_bytes=196
2026-09-26T01:40:23.545789Z DEBUG netbaiot_transports::business_rpc::v3: business RPC V3 writer completed frame stream_id=24 frame_type=Data payload_bytes=196
2026-09-26T01:40:23.545799Z DEBUG netbaiot_transports::business_rpc::v3: business RPC V3 selected frame stream_id=26 frame_type=Data payload_bytes=197
2026-09-26T01:40:23.545814Z DEBUG netbaiot_transports::business_rpc::v3: business RPC V3 writer completed frame stream_id=26 frame_type=Data payload_bytes=197
2026-09-26T01:40:23.545823Z DEBUG netbaiot_transports::business_rpc::v3: business RPC V3 selected frame stream_id=28 frame_type=Data payload_bytes=197
2026-09-26T01:40:23.545834Z DEBUG netbaiot_transports::business_rpc::v3: business RPC V3 writer completed frame stream_id=28 frame_type=Data payload_bytes=197
2026-09-26T01:40:23.545843Z DEBUG netbaiot_transports::business_rpc::v3: business RPC V3 selected frame stream_id=30 frame_type=Data payload_bytes=196
2026-09-26T01:40:23.545855Z DEBUG netbaiot_transports::business_rpc::v3: business RPC V3 writer completed frame stream_id=30 frame_type=Data payload_bytes=196
2026-09-26T01:40:23.545862Z DEBUG netbaiot_transports::business_rpc::v3: business RPC V3 selected frame stream_id=36 frame_type=Data payload_bytes=981
2026-09-26T01:40:23.545876Z DEBUG netbaiot_transports::business_rpc::v3: business RPC V3 writer completed frame stream_id=36 frame_type=Data payload_bytes=981
2026-09-26T01:40:23.545885Z DEBUG netbaiot_transports::business_rpc::v3: business RPC V3 selected frame stream_id=32 frame_type=Data payload_bytes=196
2026-09-26T01:40:23.545896Z DEBUG netbaiot_transports::business_rpc::v3: business RPC V3 writer completed frame stream_id=32 frame_type=Data payload_bytes=196
2026-09-26T01:40:23.545904Z DEBUG netbaiot_transports::business_rpc::v3: business RPC V3 selected frame stream_id=34 frame_type=Data payload_bytes=196
2026-09-26T01:40:23.545915Z DEBUG netbaiot_transports::business_rpc::v3: business RPC V3 writer completed frame stream_id=34 frame_type=Data payload_bytes=196
2026-09-26T01:40:23.688059Z DEBUG netbaiot_transports::business_rpc::v3: business RPC V3 received frame stream_id=0 frame_type=WindowUpdate payload_bytes=4
2026-09-26T01:40:23.688168Z DEBUG netbaiot_transports::business_rpc::v3: business RPC V3 received frame stream_id=0 frame_type=WindowUpdate payload_bytes=4
2026-09-26T01:40:23.688210Z DEBUG netbaiot_transports::business_rpc::v3: business RPC V3 received frame stream_id=0 frame_type=WindowUpdate payload_bytes=4
2026-09-26T01:40:23.688225Z DEBUG netbaiot_transports::business_rpc::v3: business RPC V3 received frame stream_id=0 frame_type=WindowUpdate payload_bytes=4
2026-09-26T01:40:23.688235Z DEBUG netbaiot_transports::business_rpc::v3: business RPC V3 received frame stream_id=0 frame_type=WindowUpdate payload_bytes=4
2026-09-26T01:40:23.688244Z DEBUG netbaiot_transports::business_rpc::v3: business RPC V3 received frame stream_id=4 frame_type=Response payload_bytes=35
2026-09-26T01:40:23.724975Z DEBUG netbaiot_transports::business_rpc::v3: business RPC V3 received frame stream_id=6 frame_type=Response payload_bytes=35
2026-09-26T01:40:23.725038Z DEBUG netbaiot_transports::business_rpc::v3: business RPC V3 received frame stream_id=8 frame_type=Response payload_bytes=35
2026-09-26T01:40:23.725053Z DEBUG netbaiot_transports::business_rpc::v3: business RPC V3 received frame stream_id=10 frame_type=Response payload_bytes=35
2026-09-26T01:40:23.725063Z DEBUG netbaiot_transports::business_rpc::v3: business RPC V3 received frame stream_id=4 frame_type=Data payload_bytes=214
2026-09-26T01:40:23.725099Z DEBUG netbaiot_transports::business_rpc::v3: business RPC V3 received frame stream_id=0 frame_type=WindowUpdate payload_bytes=4
2026-09-26T01:40:23.725111Z DEBUG netbaiot_transports::business_rpc::v3: business RPC V3 received frame stream_id=0 frame_type=WindowUpdate payload_bytes=4
2026-09-26T01:40:23.725119Z DEBUG netbaiot_transports::business_rpc::v3: business RPC V3 received frame stream_id=36 frame_type=WindowUpdate payload_bytes=4
2026-09-26T01:40:23.725132Z DEBUG netbaiot_transports::business_rpc::v3: business RPC V3 received frame stream_id=12 frame_type=Response payload_bytes=35
2026-09-26T01:40:23.725167Z DEBUG netbaiot_transports::business_rpc::v3: business RPC V3 received frame stream_id=6 frame_type=Data payload_bytes=215
2026-09-26T01:40:23.725115Z DEBUG netbaiot_transports::business_rpc::v3: business RPC V3 selected frame stream_id=0 frame_type=WindowUpdate payload_bytes=4
2026-09-26T01:40:23.725190Z DEBUG netbaiot_transports::business_rpc::v3: business RPC V3 received frame stream_id=0 frame_type=WindowUpdate payload_bytes=4
2026-09-26T01:40:23.725202Z DEBUG netbaiot_transports::business_rpc::v3: business RPC V3 received frame stream_id=0 frame_type=WindowUpdate payload_bytes=4
2026-09-26T01:40:23.725210Z DEBUG netbaiot_transports::business_rpc::v3: business RPC V3 received frame stream_id=0 frame_type=WindowUpdate payload_bytes=4
2026-09-26T01:40:23.725217Z DEBUG netbaiot_transports::business_rpc::v3: business RPC V3 received frame stream_id=0 frame_type=WindowUpdate payload_bytes=4
2026-09-26T01:40:23.725222Z DEBUG netbaiot_transports::business_rpc::v3: business RPC V3 writer completed frame stream_id=0 frame_type=WindowUpdate payload_bytes=4
2026-09-26T01:40:23.725236Z DEBUG netbaiot_transports::business_rpc::v3: business RPC V3 selected frame stream_id=0 frame_type=WindowUpdate payload_bytes=4
2026-09-26T01:40:23.725251Z DEBUG netbaiot_transports::business_rpc::v3: business RPC V3 writer completed frame stream_id=0 frame_type=WindowUpdate payload_bytes=4
2026-09-26T01:40:23.725225Z DEBUG netbaiot_transports::business_rpc::v3: business RPC V3 received frame stream_id=8 frame_type=Data payload_bytes=214
2026-09-26T01:40:23.725323Z DEBUG netbaiot_transports::business_rpc::v3: business RPC V3 received frame stream_id=16 frame_type=Response payload_bytes=35
2026-09-26T01:40:23.725329Z DEBUG netbaiot_transports::business_rpc::v3: business RPC V3 selected frame stream_id=0 frame_type=WindowUpdate payload_bytes=4
2026-09-26T01:40:23.725358Z DEBUG netbaiot_transports::business_rpc::v3: business RPC V3 received frame stream_id=22 frame_type=Response payload_bytes=35
2026-09-26T01:40:23.725399Z DEBUG netbaiot_transports::business_rpc::v3: business RPC V3 received frame stream_id=14 frame_type=Response payload_bytes=35
2026-09-26T01:40:23.725411Z DEBUG netbaiot_transports::business_rpc::v3: business RPC V3 received frame stream_id=20 frame_type=Response payload_bytes=35
2026-09-26T01:40:23.725419Z DEBUG netbaiot_transports::business_rpc::v3: business RPC V3 received frame stream_id=10 frame_type=Data payload_bytes=215
2026-09-26T01:40:23.725387Z DEBUG netbaiot_transports::business_rpc::v3: business RPC V3 writer completed frame stream_id=0 frame_type=WindowUpdate payload_bytes=4
2026-09-26T01:40:23.725441Z DEBUG netbaiot_transports::business_rpc::v3: business RPC V3 received frame stream_id=18 frame_type=Response payload_bytes=35
2026-09-26T01:40:23.725455Z DEBUG netbaiot_transports::business_rpc::v3: business RPC V3 selected frame stream_id=0 frame_type=WindowUpdate payload_bytes=4
2026-09-26T01:40:23.725473Z DEBUG netbaiot_transports::business_rpc::v3: business RPC V3 received frame stream_id=12 frame_type=Data payload_bytes=214
2026-09-26T01:40:23.725487Z DEBUG netbaiot_transports::business_rpc::v3: business RPC V3 writer completed frame stream_id=0 frame_type=WindowUpdate payload_bytes=4
2026-09-26T01:40:23.725518Z DEBUG netbaiot_transports::business_rpc::v3: business RPC V3 selected frame stream_id=0 frame_type=WindowUpdate payload_bytes=4
2026-09-26T01:40:23.725528Z DEBUG netbaiot_transports::business_rpc::v3: business RPC V3 writer completed frame stream_id=0 frame_type=WindowUpdate payload_bytes=4
2026-09-26T01:40:23.725512Z DEBUG netbaiot_transports::business_rpc::v3: business RPC V3 received frame stream_id=16 frame_type=Data payload_bytes=214
2026-09-26T01:40:23.725560Z DEBUG netbaiot_transports::business_rpc::v3: business RPC V3 received frame stream_id=22 frame_type=Data payload_bytes=214
2026-09-26T01:40:23.725575Z DEBUG netbaiot_transports::business_rpc::v3: business RPC V3 received frame stream_id=14 frame_type=Data payload_bytes=214
2026-09-26T01:40:23.725620Z DEBUG netbaiot_transports::business_rpc::v3: business RPC V3 received frame stream_id=20 frame_type=Data payload_bytes=215
2026-09-26T01:40:23.725639Z DEBUG netbaiot_transports::business_rpc::v3: business RPC V3 received frame stream_id=18 frame_type=Data payload_bytes=215
2026-09-26T01:40:23.725571Z DEBUG netbaiot_transports::business_rpc::v3: business RPC V3 selected frame stream_id=0 frame_type=WindowUpdate payload_bytes=4
2026-09-26T01:40:23.725693Z DEBUG netbaiot_transports::business_rpc::v3: business RPC V3 writer completed frame stream_id=0 frame_type=WindowUpdate payload_bytes=4
2026-09-26T01:40:23.725700Z DEBUG netbaiot_transports::business_rpc::v3: business RPC V3 selected frame stream_id=0 frame_type=WindowUpdate payload_bytes=4
2026-09-26T01:40:23.725708Z DEBUG netbaiot_transports::business_rpc::v3: business RPC V3 writer completed frame stream_id=0 frame_type=WindowUpdate payload_bytes=4
2026-09-26T01:40:23.725714Z DEBUG netbaiot_transports::business_rpc::v3: business RPC V3 selected frame stream_id=0 frame_type=WindowUpdate payload_bytes=4
2026-09-26T01:40:23.725722Z DEBUG netbaiot_transports::business_rpc::v3: business RPC V3 writer completed frame stream_id=0 frame_type=WindowUpdate payload_bytes=4
2026-09-26T01:40:23.725727Z DEBUG netbaiot_transports::business_rpc::v3: business RPC V3 selected frame stream_id=0 frame_type=WindowUpdate payload_bytes=4
2026-09-26T01:40:23.725736Z DEBUG netbaiot_transports::business_rpc::v3: business RPC V3 writer completed frame stream_id=0 frame_type=WindowUpdate payload_bytes=4
2026-09-26T01:40:23.725743Z DEBUG netbaiot_transports::business_rpc::v3: business RPC V3 selected frame stream_id=0 frame_type=WindowUpdate payload_bytes=4
2026-09-26T01:40:23.725753Z DEBUG netbaiot_transports::business_rpc::v3: business RPC V3 writer completed frame stream_id=0 frame_type=WindowUpdate payload_bytes=4
2026-09-26T01:40:23.726018Z DEBUG netbaiot_transports::business_rpc::v3: business RPC V3 body entered scheduler stream_id=38 class=Rpc body_bytes=197
2026-09-26T01:40:23.726065Z DEBUG netbaiot_transports::business_rpc::v3: business RPC V3 body entered scheduler stream_id=40 class=Rpc body_bytes=197
2026-09-26T01:40:23.726077Z DEBUG netbaiot_transports::business_rpc::v3: business RPC V3 selected frame stream_id=38 frame_type=Open payload_bytes=158
2026-09-26T01:40:23.726093Z DEBUG netbaiot_transports::business_rpc::v3: business RPC V3 writer completed frame stream_id=38 frame_type=Open payload_bytes=158
2026-09-26T01:40:23.726104Z DEBUG netbaiot_transports::business_rpc::v3: business RPC V3 body entered scheduler stream_id=42 class=Rpc body_bytes=197
2026-09-26T01:40:23.726112Z DEBUG netbaiot_transports::business_rpc::v3: business RPC V3 body entered scheduler stream_id=44 class=Rpc body_bytes=197
2026-09-26T01:40:23.726118Z DEBUG netbaiot_transports::business_rpc::v3: business RPC V3 selected frame stream_id=40 frame_type=Open payload_bytes=158
2026-09-26T01:40:23.726128Z DEBUG netbaiot_transports::business_rpc::v3: business RPC V3 writer completed frame stream_id=40 frame_type=Open payload_bytes=158
2026-09-26T01:40:23.726134Z DEBUG netbaiot_transports::business_rpc::v3: business RPC V3 selected frame stream_id=42 frame_type=Open payload_bytes=158
2026-09-26T01:40:23.726142Z DEBUG netbaiot_transports::business_rpc::v3: business RPC V3 writer completed frame stream_id=42 frame_type=Open payload_bytes=158
2026-09-26T01:40:23.726147Z DEBUG netbaiot_transports::business_rpc::v3: business RPC V3 selected frame stream_id=44 frame_type=Open payload_bytes=158
2026-09-26T01:40:23.726154Z DEBUG netbaiot_transports::business_rpc::v3: business RPC V3 writer completed frame stream_id=44 frame_type=Open payload_bytes=158
2026-09-26T01:40:23.726163Z DEBUG netbaiot_transports::business_rpc::v3: business RPC V3 selected frame stream_id=38 frame_type=Data payload_bytes=197
2026-09-26T01:40:23.726172Z DEBUG netbaiot_transports::business_rpc::v3: business RPC V3 writer completed frame stream_id=38 frame_type=Data payload_bytes=197
2026-09-26T01:40:23.726203Z DEBUG netbaiot_transports::business_rpc::v3: business RPC V3 selected frame stream_id=40 frame_type=Data payload_bytes=197
2026-09-26T01:40:23.726213Z DEBUG netbaiot_transports::business_rpc::v3: business RPC V3 writer completed frame stream_id=40 frame_type=Data payload_bytes=197
2026-09-26T01:40:23.726219Z DEBUG netbaiot_transports::business_rpc::v3: business RPC V3 body entered scheduler stream_id=46 class=Rpc body_bytes=197
2026-09-26T01:40:23.726224Z DEBUG netbaiot_transports::business_rpc::v3: business RPC V3 selected frame stream_id=46 frame_type=Open payload_bytes=158
2026-09-26T01:40:23.726237Z DEBUG netbaiot_transports::business_rpc::v3: business RPC V3 writer completed frame stream_id=46 frame_type=Open payload_bytes=158
2026-09-26T01:40:23.726245Z DEBUG netbaiot_transports::business_rpc::v3: business RPC V3 body entered scheduler stream_id=48 class=Rpc body_bytes=197
2026-09-26T01:40:23.726249Z DEBUG netbaiot_transports::business_rpc::v3: business RPC V3 selected frame stream_id=48 frame_type=Open payload_bytes=158
2026-09-26T01:40:23.726258Z DEBUG netbaiot_transports::business_rpc::v3: business RPC V3 writer completed frame stream_id=48 frame_type=Open payload_bytes=158
2026-09-26T01:40:23.726264Z DEBUG netbaiot_transports::business_rpc::v3: business RPC V3 selected frame stream_id=42 frame_type=Data payload_bytes=197
2026-09-26T01:40:23.726272Z DEBUG netbaiot_transports::business_rpc::v3: business RPC V3 writer completed frame stream_id=42 frame_type=Data payload_bytes=197
2026-09-26T01:40:23.726277Z DEBUG netbaiot_transports::business_rpc::v3: business RPC V3 selected frame stream_id=44 frame_type=Data payload_bytes=197
2026-09-26T01:40:23.726286Z DEBUG netbaiot_transports::business_rpc::v3: business RPC V3 writer completed frame stream_id=44 frame_type=Data payload_bytes=197
2026-09-26T01:40:23.726293Z DEBUG netbaiot_transports::business_rpc::v3: business RPC V3 selected frame stream_id=46 frame_type=Data payload_bytes=197
2026-09-26T01:40:23.726301Z DEBUG netbaiot_transports::business_rpc::v3: business RPC V3 writer completed frame stream_id=46 frame_type=Data payload_bytes=197
2026-09-26T01:40:23.726307Z DEBUG netbaiot_transports::business_rpc::v3: business RPC V3 selected frame stream_id=48 frame_type=Data payload_bytes=197
2026-09-26T01:40:23.726314Z DEBUG netbaiot_transports::business_rpc::v3: business RPC V3 writer completed frame stream_id=48 frame_type=Data payload_bytes=197
2026-09-26T01:40:23.726457Z DEBUG netbaiot_transports::business_rpc::v3: business RPC V3 body entered scheduler stream_id=50 class=Rpc body_bytes=197
2026-09-26T01:40:23.726482Z DEBUG netbaiot_transports::business_rpc::v3: business RPC V3 body entered scheduler stream_id=52 class=Rpc body_bytes=197
2026-09-26T01:40:23.726491Z DEBUG netbaiot_transports::business_rpc::v3: business RPC V3 selected frame stream_id=50 frame_type=Open payload_bytes=158
2026-09-26T01:40:23.726506Z DEBUG netbaiot_transports::business_rpc::v3: business RPC V3 writer completed frame stream_id=50 frame_type=Open payload_bytes=158
2026-09-26T01:40:23.726515Z DEBUG netbaiot_transports::business_rpc::v3: business RPC V3 selected frame stream_id=52 frame_type=Open payload_bytes=158
2026-09-26T01:40:23.726524Z DEBUG netbaiot_transports::business_rpc::v3: business RPC V3 writer completed frame stream_id=52 frame_type=Open payload_bytes=158
2026-09-26T01:40:23.726531Z DEBUG netbaiot_transports::business_rpc::v3: business RPC V3 selected frame stream_id=50 frame_type=Data payload_bytes=197
2026-09-26T01:40:23.726539Z DEBUG netbaiot_transports::business_rpc::v3: business RPC V3 writer completed frame stream_id=50 frame_type=Data payload_bytes=197
2026-09-26T01:40:23.726547Z DEBUG netbaiot_transports::business_rpc::v3: business RPC V3 selected frame stream_id=52 frame_type=Data payload_bytes=197
2026-09-26T01:40:23.726557Z DEBUG netbaiot_transports::business_rpc::v3: business RPC V3 writer completed frame stream_id=52 frame_type=Data payload_bytes=197
2026-09-26T01:40:23.726597Z DEBUG netbaiot_transports::business_rpc::v3: business RPC V3 body entered scheduler stream_id=54 class=Rpc body_bytes=197
2026-09-26T01:40:23.726653Z DEBUG netbaiot_transports::business_rpc::v3: business RPC V3 body entered scheduler stream_id=56 class=Rpc body_bytes=197
2026-09-26T01:40:23.726674Z DEBUG netbaiot_transports::business_rpc::v3: business RPC V3 selected frame stream_id=54 frame_type=Open payload_bytes=158
2026-09-26T01:40:23.726706Z DEBUG netbaiot_transports::business_rpc::v3: business RPC V3 writer completed frame stream_id=54 frame_type=Open payload_bytes=158
2026-09-26T01:40:23.726717Z DEBUG netbaiot_transports::business_rpc::v3: business RPC V3 selected frame stream_id=56 frame_type=Open payload_bytes=158
2026-09-26T01:40:23.726726Z DEBUG netbaiot_transports::business_rpc::v3: business RPC V3 writer completed frame stream_id=56 frame_type=Open payload_bytes=158
2026-09-26T01:40:23.726734Z DEBUG netbaiot_transports::business_rpc::v3: business RPC V3 selected frame stream_id=54 frame_type=Data payload_bytes=197
2026-09-26T01:40:23.726742Z DEBUG netbaiot_transports::business_rpc::v3: business RPC V3 writer completed frame stream_id=54 frame_type=Data payload_bytes=197
2026-09-26T01:40:23.726748Z DEBUG netbaiot_transports::business_rpc::v3: business RPC V3 selected frame stream_id=56 frame_type=Data payload_bytes=197
2026-09-26T01:40:23.726757Z DEBUG netbaiot_transports::business_rpc::v3: business RPC V3 writer completed frame stream_id=56 frame_type=Data payload_bytes=197
2026-09-26T01:40:23.758387Z DEBUG netbaiot_transports::business_rpc::v3: business RPC V3 received frame stream_id=0 frame_type=WindowUpdate payload_bytes=4
2026-09-26T01:40:23.758448Z DEBUG netbaiot_transports::business_rpc::v3: business RPC V3 received frame stream_id=36 frame_type=WindowUpdate payload_bytes=4
2026-09-26T01:40:23.758461Z DEBUG netbaiot_transports::business_rpc::v3: business RPC V3 received frame stream_id=0 frame_type=WindowUpdate payload_bytes=4
2026-09-26T01:40:23.758468Z DEBUG netbaiot_transports::business_rpc::v3: business RPC V3 received frame stream_id=0 frame_type=WindowUpdate payload_bytes=4
2026-09-26T01:40:23.758475Z DEBUG netbaiot_transports::business_rpc::v3: business RPC V3 received frame stream_id=0 frame_type=WindowUpdate payload_bytes=4
2026-09-26T01:40:23.758483Z DEBUG netbaiot_transports::business_rpc::v3: business RPC V3 received frame stream_id=0 frame_type=WindowUpdate payload_bytes=4
2026-09-26T01:40:23.758490Z DEBUG netbaiot_transports::business_rpc::v3: business RPC V3 received frame stream_id=0 frame_type=WindowUpdate payload_bytes=4
2026-09-26T01:40:23.758497Z DEBUG netbaiot_transports::business_rpc::v3: business RPC V3 received frame stream_id=24 frame_type=Response payload_bytes=35
2026-09-26T01:40:23.758509Z DEBUG netbaiot_transports::business_rpc::v3: business RPC V3 received frame stream_id=28 frame_type=Response payload_bytes=35
2026-09-26T01:40:23.758517Z DEBUG netbaiot_transports::business_rpc::v3: business RPC V3 received frame stream_id=24 frame_type=Data payload_bytes=214
2026-09-26T01:40:23.758555Z DEBUG netbaiot_transports::business_rpc::v3: business RPC V3 received frame stream_id=26 frame_type=Response payload_bytes=35
2026-09-26T01:40:23.758565Z DEBUG netbaiot_transports::business_rpc::v3: business RPC V3 received frame stream_id=0 frame_type=WindowUpdate payload_bytes=4
2026-09-26T01:40:23.758569Z DEBUG netbaiot_transports::business_rpc::v3: business RPC V3 selected frame stream_id=0 frame_type=WindowUpdate payload_bytes=4
2026-09-26T01:40:23.758572Z DEBUG netbaiot_transports::business_rpc::v3: business RPC V3 received frame stream_id=0 frame_type=WindowUpdate payload_bytes=4
2026-09-26T01:40:23.758606Z DEBUG netbaiot_transports::business_rpc::v3: business RPC V3 received frame stream_id=34 frame_type=Response payload_bytes=35
2026-09-26T01:40:23.758625Z DEBUG netbaiot_transports::business_rpc::v3: business RPC V3 received frame stream_id=28 frame_type=Data payload_bytes=215
2026-09-26T01:40:23.758608Z DEBUG netbaiot_transports::business_rpc::v3: business RPC V3 writer completed frame stream_id=0 frame_type=WindowUpdate payload_bytes=4
2026-09-26T01:40:23.758682Z DEBUG netbaiot_transports::business_rpc::v3: business RPC V3 selected frame stream_id=0 frame_type=WindowUpdate payload_bytes=4
2026-09-26T01:40:23.758653Z DEBUG netbaiot_transports::business_rpc::v3: business RPC V3 received frame stream_id=30 frame_type=Response payload_bytes=35
2026-09-26T01:40:23.758699Z DEBUG netbaiot_transports::business_rpc::v3: business RPC V3 writer completed frame stream_id=0 frame_type=WindowUpdate payload_bytes=4
2026-09-26T01:40:23.758714Z DEBUG netbaiot_transports::business_rpc::v3: business RPC V3 received frame stream_id=32 frame_type=Response payload_bytes=35
2026-09-26T01:40:23.758746Z DEBUG netbaiot_transports::business_rpc::v3: business RPC V3 received frame stream_id=26 frame_type=Data payload_bytes=215
2026-09-26T01:40:23.758767Z DEBUG netbaiot_transports::business_rpc::v3: business RPC V3 received frame stream_id=34 frame_type=Data payload_bytes=214
2026-09-26T01:40:23.758776Z DEBUG netbaiot_transports::business_rpc::v3: business RPC V3 selected frame stream_id=0 frame_type=WindowUpdate payload_bytes=4
2026-09-26T01:40:23.758787Z DEBUG netbaiot_transports::business_rpc::v3: business RPC V3 received frame stream_id=30 frame_type=Data payload_bytes=214
2026-09-26T01:40:23.758791Z DEBUG netbaiot_transports::business_rpc::v3: business RPC V3 writer completed frame stream_id=0 frame_type=WindowUpdate payload_bytes=4
2026-09-26T01:40:23.758815Z DEBUG netbaiot_transports::business_rpc::v3: business RPC V3 selected frame stream_id=0 frame_type=WindowUpdate payload_bytes=4
2026-09-26T01:40:23.758833Z DEBUG netbaiot_transports::business_rpc::v3: business RPC V3 writer completed frame stream_id=0 frame_type=WindowUpdate payload_bytes=4
2026-09-26T01:40:23.758847Z DEBUG netbaiot_transports::business_rpc::v3: business RPC V3 selected frame stream_id=0 frame_type=WindowUpdate payload_bytes=4
2026-09-26T01:40:23.758857Z DEBUG netbaiot_transports::business_rpc::v3: business RPC V3 writer completed frame stream_id=0 frame_type=WindowUpdate payload_bytes=4
2026-09-26T01:40:23.758806Z DEBUG netbaiot_transports::business_rpc::v3: business RPC V3 received frame stream_id=32 frame_type=Data payload_bytes=214
2026-09-26T01:40:23.758887Z DEBUG netbaiot_transports::business_rpc::v3: business RPC V3 received frame stream_id=36 frame_type=Response payload_bytes=35
2026-09-26T01:40:23.758896Z DEBUG netbaiot_transports::business_rpc::v3: business RPC V3 received frame stream_id=36 frame_type=Data payload_bytes=118
2026-09-26T01:40:23.758918Z DEBUG netbaiot_transports::business_rpc::v3: business RPC V3 Event delivery acknowledged stream_id=36 completion_us=213353
2026-09-26T01:40:23.758919Z DEBUG netbaiot_transports::business_rpc::v3: business RPC V3 selected frame stream_id=0 frame_type=WindowUpdate payload_bytes=4
2026-09-26T01:40:23.758947Z DEBUG netbaiot_transports::business_rpc::v3: business RPC V3 writer completed frame stream_id=0 frame_type=WindowUpdate payload_bytes=4
2026-09-26T01:40:23.758955Z DEBUG netbaiot_transports::business_rpc::v3: business RPC V3 selected frame stream_id=0 frame_type=WindowUpdate payload_bytes=4
2026-09-26T01:40:23.758963Z DEBUG netbaiot_transports::business_rpc::v3: business RPC V3 writer completed frame stream_id=0 frame_type=WindowUpdate payload_bytes=4
2026-09-26T01:40:23.859545Z DEBUG netbaiot_transports::business_rpc::v3: business RPC V3 received frame stream_id=0 frame_type=WindowUpdate payload_bytes=4
2026-09-26T01:40:23.859743Z DEBUG netbaiot_transports::business_rpc::v3: business RPC V3 received frame stream_id=0 frame_type=WindowUpdate payload_bytes=4
2026-09-26T01:40:23.859775Z DEBUG netbaiot_transports::business_rpc::v3: business RPC V3 received frame stream_id=0 frame_type=WindowUpdate payload_bytes=4
2026-09-26T01:40:23.859787Z DEBUG netbaiot_transports::business_rpc::v3: business RPC V3 received frame stream_id=0 frame_type=WindowUpdate payload_bytes=4
2026-09-26T01:40:23.859796Z DEBUG netbaiot_transports::business_rpc::v3: business RPC V3 received frame stream_id=0 frame_type=WindowUpdate payload_bytes=4
2026-09-26T01:40:23.859834Z DEBUG netbaiot_transports::business_rpc::v3: business RPC V3 received frame stream_id=0 frame_type=WindowUpdate payload_bytes=4
2026-09-26T01:40:23.859844Z DEBUG netbaiot_transports::business_rpc::v3: business RPC V3 received frame stream_id=0 frame_type=WindowUpdate payload_bytes=4
2026-09-26T01:40:23.859851Z DEBUG netbaiot_transports::business_rpc::v3: business RPC V3 received frame stream_id=0 frame_type=WindowUpdate payload_bytes=4
2026-09-26T01:40:23.859859Z DEBUG netbaiot_transports::business_rpc::v3: business RPC V3 received frame stream_id=0 frame_type=WindowUpdate payload_bytes=4
2026-09-26T01:40:23.859867Z DEBUG netbaiot_transports::business_rpc::v3: business RPC V3 received frame stream_id=0 frame_type=WindowUpdate payload_bytes=4
2026-09-26T01:40:23.859874Z DEBUG netbaiot_transports::business_rpc::v3: business RPC V3 received frame stream_id=56 frame_type=Response payload_bytes=35
2026-09-26T01:40:23.859891Z DEBUG netbaiot_transports::business_rpc::v3: business RPC V3 received frame stream_id=44 frame_type=Response payload_bytes=35
2026-09-26T01:40:23.859903Z DEBUG netbaiot_transports::business_rpc::v3: business RPC V3 received frame stream_id=40 frame_type=Response payload_bytes=35
2026-09-26T01:40:23.859911Z DEBUG netbaiot_transports::business_rpc::v3: business RPC V3 received frame stream_id=46 frame_type=Response payload_bytes=35
2026-09-26T01:40:23.859920Z DEBUG netbaiot_transports::business_rpc::v3: business RPC V3 received frame stream_id=56 frame_type=Data payload_bytes=215
2026-09-26T01:40:23.859976Z DEBUG netbaiot_transports::business_rpc::v3: business RPC V3 received frame stream_id=48 frame_type=Response payload_bytes=35
2026-09-26T01:40:23.859989Z DEBUG netbaiot_transports::business_rpc::v3: business RPC V3 received frame stream_id=50 frame_type=Response payload_bytes=35
2026-09-26T01:40:23.859998Z DEBUG netbaiot_transports::business_rpc::v3: business RPC V3 received frame stream_id=42 frame_type=Response payload_bytes=35
2026-09-26T01:40:23.859996Z DEBUG netbaiot_transports::business_rpc::v3: business RPC V3 selected frame stream_id=0 frame_type=WindowUpdate payload_bytes=4
2026-09-26T01:40:23.860012Z DEBUG netbaiot_transports::business_rpc::v3: business RPC V3 received frame stream_id=52 frame_type=Response payload_bytes=35
2026-09-26T01:40:23.860056Z DEBUG netbaiot_transports::business_rpc::v3: business RPC V3 writer completed frame stream_id=0 frame_type=WindowUpdate payload_bytes=4
2026-09-26T01:40:23.860062Z DEBUG netbaiot_transports::business_rpc::v3: business RPC V3 received frame stream_id=44 frame_type=Data payload_bytes=215
2026-09-26T01:40:23.860107Z DEBUG netbaiot_transports::business_rpc::v3: business RPC V3 received frame stream_id=38 frame_type=Response payload_bytes=35
2026-09-26T01:40:23.860122Z DEBUG netbaiot_transports::business_rpc::v3: business RPC V3 received frame stream_id=54 frame_type=Response payload_bytes=35
2026-09-26T01:40:23.860139Z DEBUG netbaiot_transports::business_rpc::v3: business RPC V3 received frame stream_id=40 frame_type=Data payload_bytes=215
2026-09-26T01:40:23.860124Z DEBUG netbaiot_transports::business_rpc::v3: business RPC V3 selected frame stream_id=0 frame_type=WindowUpdate payload_bytes=4
2026-09-26T01:40:23.860177Z DEBUG netbaiot_transports::business_rpc::v3: business RPC V3 received frame stream_id=46 frame_type=Data payload_bytes=215
2026-09-26T01:40:23.860188Z DEBUG netbaiot_transports::business_rpc::v3: business RPC V3 writer completed frame stream_id=0 frame_type=WindowUpdate payload_bytes=4
2026-09-26T01:40:23.860197Z DEBUG netbaiot_transports::business_rpc::v3: business RPC V3 received frame stream_id=48 frame_type=Data payload_bytes=215
2026-09-26T01:40:23.860218Z DEBUG netbaiot_transports::business_rpc::v3: business RPC V3 selected frame stream_id=0 frame_type=WindowUpdate payload_bytes=4
2026-09-26T01:40:23.860248Z DEBUG netbaiot_transports::business_rpc::v3: business RPC V3 writer completed frame stream_id=0 frame_type=WindowUpdate payload_bytes=4
2026-09-26T01:40:23.860260Z DEBUG netbaiot_transports::business_rpc::v3: business RPC V3 selected frame stream_id=0 frame_type=WindowUpdate payload_bytes=4
2026-09-26T01:40:23.860296Z DEBUG netbaiot_transports::business_rpc::v3: business RPC V3 writer completed frame stream_id=0 frame_type=WindowUpdate payload_bytes=4
2026-09-26T01:40:23.860307Z DEBUG netbaiot_transports::business_rpc::v3: business RPC V3 selected frame stream_id=0 frame_type=WindowUpdate payload_bytes=4
2026-09-26T01:40:23.860323Z DEBUG netbaiot_transports::business_rpc::v3: business RPC V3 writer completed frame stream_id=0 frame_type=WindowUpdate payload_bytes=4
2026-09-26T01:40:23.860228Z DEBUG netbaiot_transports::business_rpc::v3: business RPC V3 received frame stream_id=50 frame_type=Data payload_bytes=215
2026-09-26T01:40:23.860410Z DEBUG netbaiot_transports::business_rpc::v3: business RPC V3 received frame stream_id=42 frame_type=Data payload_bytes=215
2026-09-26T01:40:23.860428Z DEBUG netbaiot_transports::business_rpc::v3: business RPC V3 selected frame stream_id=0 frame_type=WindowUpdate payload_bytes=4
2026-09-26T01:40:23.860456Z DEBUG netbaiot_transports::business_rpc::v3: business RPC V3 writer completed frame stream_id=0 frame_type=WindowUpdate payload_bytes=4
2026-09-26T01:40:23.860470Z DEBUG netbaiot_transports::business_rpc::v3: business RPC V3 selected frame stream_id=0 frame_type=WindowUpdate payload_bytes=4
2026-09-26T01:40:23.860486Z DEBUG netbaiot_transports::business_rpc::v3: business RPC V3 writer completed frame stream_id=0 frame_type=WindowUpdate payload_bytes=4
2026-09-26T01:40:23.860434Z DEBUG netbaiot_transports::business_rpc::v3: business RPC V3 received frame stream_id=52 frame_type=Data payload_bytes=215
2026-09-26T01:40:23.860537Z DEBUG netbaiot_transports::business_rpc::v3: business RPC V3 received frame stream_id=38 frame_type=Data payload_bytes=215
2026-09-26T01:40:23.860548Z DEBUG netbaiot_transports::business_rpc::v3: business RPC V3 selected frame stream_id=0 frame_type=WindowUpdate payload_bytes=4
2026-09-26T01:40:23.860570Z DEBUG netbaiot_transports::business_rpc::v3: business RPC V3 writer completed frame stream_id=0 frame_type=WindowUpdate payload_bytes=4
2026-09-26T01:40:23.860580Z DEBUG netbaiot_transports::business_rpc::v3: business RPC V3 selected frame stream_id=0 frame_type=WindowUpdate payload_bytes=4
2026-09-26T01:40:23.860557Z DEBUG netbaiot_transports::business_rpc::v3: business RPC V3 received frame stream_id=54 frame_type=Data payload_bytes=215
2026-09-26T01:40:23.860592Z DEBUG netbaiot_transports::business_rpc::v3: business RPC V3 writer completed frame stream_id=0 frame_type=WindowUpdate payload_bytes=4
2026-09-26T01:40:23.860827Z DEBUG netbaiot_transports::business_rpc::v3: business RPC V3 selected frame stream_id=0 frame_type=WindowUpdate payload_bytes=4
2026-09-26T01:40:23.860847Z DEBUG netbaiot_transports::business_rpc::v3: business RPC V3 writer completed frame stream_id=0 frame_type=WindowUpdate payload_bytes=4
2026-09-26T01:40:24.045745Z DEBUG netbaiot_transports::business_rpc::v3: business RPC V3 body entered scheduler stream_id=58 class=Event body_bytes=17365
2026-09-26T01:40:24.045831Z DEBUG netbaiot_transports::business_rpc::v3: business RPC V3 selected frame stream_id=58 frame_type=Open payload_bytes=184
2026-09-26T01:40:24.045861Z DEBUG netbaiot_transports::business_rpc::v3: business RPC V3 writer completed frame stream_id=58 frame_type=Open payload_bytes=184
2026-09-26T01:40:24.045874Z DEBUG netbaiot_transports::business_rpc::v3: business RPC V3 selected frame stream_id=58 frame_type=Data payload_bytes=8192
2026-09-26T01:40:24.045890Z DEBUG netbaiot_transports::business_rpc::v3: business RPC V3 writer completed frame stream_id=58 frame_type=Data payload_bytes=8192
2026-09-26T01:40:24.045897Z DEBUG netbaiot_transports::business_rpc::v3: business RPC V3 selected frame stream_id=58 frame_type=Data payload_bytes=8192
2026-09-26T01:40:24.045918Z DEBUG netbaiot_transports::business_rpc::v3: business RPC V3 writer completed frame stream_id=58 frame_type=Data payload_bytes=8192
2026-09-26T01:40:24.045926Z DEBUG netbaiot_transports::business_rpc::v3: business RPC V3 selected frame stream_id=58 frame_type=Data payload_bytes=981
2026-09-26T01:40:24.045964Z DEBUG netbaiot_transports::business_rpc::v3: business RPC V3 writer completed frame stream_id=58 frame_type=Data payload_bytes=981
2026-09-26T01:40:24.188943Z DEBUG netbaiot_transports::business_rpc::v3: business RPC V3 received frame stream_id=0 frame_type=WindowUpdate payload_bytes=4
2026-09-26T01:40:24.189008Z DEBUG netbaiot_transports::business_rpc::v3: business RPC V3 received frame stream_id=58 frame_type=WindowUpdate payload_bytes=4
2026-09-26T01:40:24.200112Z DEBUG netbaiot_transports::business_rpc::v3: business RPC V3 body entered scheduler stream_id=60 class=Rpc body_bytes=197
2026-09-26T01:40:24.200150Z DEBUG netbaiot_transports::business_rpc::v3: business RPC V3 selected frame stream_id=60 frame_type=Open payload_bytes=158
2026-09-26T01:40:24.200174Z DEBUG netbaiot_transports::business_rpc::v3: business RPC V3 writer completed frame stream_id=60 frame_type=Open payload_bytes=158
2026-09-26T01:40:24.200185Z DEBUG netbaiot_transports::business_rpc::v3: business RPC V3 selected frame stream_id=60 frame_type=Data payload_bytes=197
2026-09-26T01:40:24.200195Z DEBUG netbaiot_transports::business_rpc::v3: business RPC V3 writer completed frame stream_id=60 frame_type=Data payload_bytes=197
2026-09-26T01:40:24.213116Z DEBUG netbaiot_transports::business_rpc::v3: business RPC V3 body entered scheduler stream_id=62 class=Rpc body_bytes=197
2026-09-26T01:40:24.213161Z DEBUG netbaiot_transports::business_rpc::v3: business RPC V3 selected frame stream_id=62 frame_type=Open payload_bytes=158
2026-09-26T01:40:24.213183Z DEBUG netbaiot_transports::business_rpc::v3: business RPC V3 writer completed frame stream_id=62 frame_type=Open payload_bytes=158
2026-09-26T01:40:24.213191Z DEBUG netbaiot_transports::business_rpc::v3: business RPC V3 selected frame stream_id=62 frame_type=Data payload_bytes=197
2026-09-26T01:40:24.213199Z DEBUG netbaiot_transports::business_rpc::v3: business RPC V3 writer completed frame stream_id=62 frame_type=Data payload_bytes=197
2026-09-26T01:40:24.215328Z DEBUG netbaiot_transports::business_rpc::v3: business RPC V3 received frame stream_id=0 frame_type=WindowUpdate payload_bytes=4
2026-09-26T01:40:24.215344Z DEBUG netbaiot_transports::business_rpc::v3: business RPC V3 received frame stream_id=58 frame_type=WindowUpdate payload_bytes=4
2026-09-26T01:40:24.215350Z DEBUG netbaiot_transports::business_rpc::v3: business RPC V3 received frame stream_id=0 frame_type=WindowUpdate payload_bytes=4
2026-09-26T01:40:24.215355Z DEBUG netbaiot_transports::business_rpc::v3: business RPC V3 received frame stream_id=58 frame_type=Response payload_bytes=35
2026-09-26T01:40:24.215367Z DEBUG netbaiot_transports::business_rpc::v3: business RPC V3 received frame stream_id=58 frame_type=Data payload_bytes=118
2026-09-26T01:40:24.215380Z DEBUG netbaiot_transports::business_rpc::v3: business RPC V3 Event delivery acknowledged stream_id=58 completion_us=169655
2026-09-26T01:40:24.215407Z DEBUG netbaiot_transports::business_rpc::v3: business RPC V3 selected frame stream_id=0 frame_type=WindowUpdate payload_bytes=4
2026-09-26T01:40:24.215437Z DEBUG netbaiot_transports::business_rpc::v3: business RPC V3 writer completed frame stream_id=0 frame_type=WindowUpdate payload_bytes=4
2026-09-26T01:40:24.225512Z DEBUG netbaiot_transports::business_rpc::v3: business RPC V3 body entered scheduler stream_id=64 class=Rpc body_bytes=197
2026-09-26T01:40:24.225526Z DEBUG netbaiot_transports::business_rpc::v3: business RPC V3 selected frame stream_id=64 frame_type=Open payload_bytes=158
2026-09-26T01:40:24.225551Z DEBUG netbaiot_transports::business_rpc::v3: business RPC V3 writer completed frame stream_id=64 frame_type=Open payload_bytes=158
2026-09-26T01:40:24.225559Z DEBUG netbaiot_transports::business_rpc::v3: business RPC V3 selected frame stream_id=64 frame_type=Data payload_bytes=197
2026-09-26T01:40:24.225568Z DEBUG netbaiot_transports::business_rpc::v3: business RPC V3 writer completed frame stream_id=64 frame_type=Data payload_bytes=197
2026-09-26T01:40:24.227066Z DEBUG netbaiot_transports::business_rpc::v3: business RPC V3 body entered scheduler stream_id=66 class=Rpc body_bytes=197
2026-09-26T01:40:24.227074Z DEBUG netbaiot_transports::business_rpc::v3: business RPC V3 selected frame stream_id=66 frame_type=Open payload_bytes=158
2026-09-26T01:40:24.227088Z DEBUG netbaiot_transports::business_rpc::v3: business RPC V3 writer completed frame stream_id=66 frame_type=Open payload_bytes=158
2026-09-26T01:40:24.227094Z DEBUG netbaiot_transports::business_rpc::v3: business RPC V3 selected frame stream_id=66 frame_type=Data payload_bytes=197
2026-09-26T01:40:24.227101Z DEBUG netbaiot_transports::business_rpc::v3: business RPC V3 writer completed frame stream_id=66 frame_type=Data payload_bytes=197
2026-09-26T01:40:24.245384Z DEBUG netbaiot_transports::business_rpc::v3: business RPC V3 body entered scheduler stream_id=68 class=Rpc body_bytes=197
2026-09-26T01:40:24.245397Z DEBUG netbaiot_transports::business_rpc::v3: business RPC V3 selected frame stream_id=68 frame_type=Open payload_bytes=158
2026-09-26T01:40:24.245411Z DEBUG netbaiot_transports::business_rpc::v3: business RPC V3 writer completed frame stream_id=68 frame_type=Open payload_bytes=158
2026-09-26T01:40:24.245418Z DEBUG netbaiot_transports::business_rpc::v3: business RPC V3 selected frame stream_id=68 frame_type=Data payload_bytes=197
2026-09-26T01:40:24.245426Z DEBUG netbaiot_transports::business_rpc::v3: business RPC V3 writer completed frame stream_id=68 frame_type=Data payload_bytes=197
2026-09-26T01:40:24.273254Z DEBUG netbaiot_transports::business_rpc::v3: business RPC V3 body entered scheduler stream_id=70 class=Rpc body_bytes=197
2026-09-26T01:40:24.273346Z DEBUG netbaiot_transports::business_rpc::v3: business RPC V3 selected frame stream_id=70 frame_type=Open payload_bytes=158
2026-09-26T01:40:24.273385Z DEBUG netbaiot_transports::business_rpc::v3: business RPC V3 writer completed frame stream_id=70 frame_type=Open payload_bytes=158
2026-09-26T01:40:24.273405Z DEBUG netbaiot_transports::business_rpc::v3: business RPC V3 selected frame stream_id=70 frame_type=Data payload_bytes=197
2026-09-26T01:40:24.273416Z DEBUG netbaiot_transports::business_rpc::v3: business RPC V3 writer completed frame stream_id=70 frame_type=Data payload_bytes=197
2026-09-26T01:40:24.313495Z DEBUG netbaiot_transports::business_rpc::v3: business RPC V3 received frame stream_id=0 frame_type=WindowUpdate payload_bytes=4
2026-09-26T01:40:24.313629Z DEBUG netbaiot_transports::business_rpc::v3: business RPC V3 received frame stream_id=0 frame_type=WindowUpdate payload_bytes=4
2026-09-26T01:40:24.313668Z DEBUG netbaiot_transports::business_rpc::v3: business RPC V3 received frame stream_id=0 frame_type=WindowUpdate payload_bytes=4
2026-09-26T01:40:24.313680Z DEBUG netbaiot_transports::business_rpc::v3: business RPC V3 received frame stream_id=64 frame_type=Response payload_bytes=35
2026-09-26T01:40:24.313740Z DEBUG netbaiot_transports::business_rpc::v3: business RPC V3 received frame stream_id=64 frame_type=Data payload_bytes=215
2026-09-26T01:40:24.313851Z DEBUG netbaiot_transports::business_rpc::v3: business RPC V3 received frame stream_id=60 frame_type=Response payload_bytes=35
2026-09-26T01:40:24.313876Z DEBUG netbaiot_transports::business_rpc::v3: business RPC V3 selected frame stream_id=0 frame_type=WindowUpdate payload_bytes=4
2026-09-26T01:40:24.313883Z DEBUG netbaiot_transports::business_rpc::v3: business RPC V3 received frame stream_id=62 frame_type=Response payload_bytes=35
2026-09-26T01:40:24.313909Z DEBUG netbaiot_transports::business_rpc::v3: business RPC V3 received frame stream_id=60 frame_type=Data payload_bytes=215
2026-09-26T01:40:24.313913Z DEBUG netbaiot_transports::business_rpc::v3: business RPC V3 writer completed frame stream_id=0 frame_type=WindowUpdate payload_bytes=4
2026-09-26T01:40:24.313934Z DEBUG netbaiot_transports::business_rpc::v3: business RPC V3 selected frame stream_id=0 frame_type=WindowUpdate payload_bytes=4
2026-09-26T01:40:24.313947Z DEBUG netbaiot_transports::business_rpc::v3: business RPC V3 received frame stream_id=62 frame_type=Data payload_bytes=215
2026-09-26T01:40:24.313948Z DEBUG netbaiot_transports::business_rpc::v3: business RPC V3 writer completed frame stream_id=0 frame_type=WindowUpdate payload_bytes=4
2026-09-26T01:40:24.314081Z DEBUG netbaiot_transports::business_rpc::v3: business RPC V3 selected frame stream_id=0 frame_type=WindowUpdate payload_bytes=4
2026-09-26T01:40:24.314093Z DEBUG netbaiot_transports::business_rpc::v3: business RPC V3 writer completed frame stream_id=0 frame_type=WindowUpdate payload_bytes=4
2026-09-26T01:40:24.314759Z DEBUG netbaiot_transports::business_rpc::v3: business RPC V3 body entered scheduler stream_id=72 class=Rpc body_bytes=197
2026-09-26T01:40:24.314822Z DEBUG netbaiot_transports::business_rpc::v3: business RPC V3 body entered scheduler stream_id=74 class=Rpc body_bytes=197
2026-09-26T01:40:24.314840Z DEBUG netbaiot_transports::business_rpc::v3: business RPC V3 body entered scheduler stream_id=76 class=Rpc body_bytes=197
2026-09-26T01:40:24.314849Z DEBUG netbaiot_transports::business_rpc::v3: business RPC V3 selected frame stream_id=72 frame_type=Open payload_bytes=158
2026-09-26T01:40:24.314865Z DEBUG netbaiot_transports::business_rpc::v3: business RPC V3 writer completed frame stream_id=72 frame_type=Open payload_bytes=158
2026-09-26T01:40:24.314877Z DEBUG netbaiot_transports::business_rpc::v3: business RPC V3 selected frame stream_id=72 frame_type=Data payload_bytes=197
2026-09-26T01:40:24.314889Z DEBUG netbaiot_transports::business_rpc::v3: business RPC V3 writer completed frame stream_id=72 frame_type=Data payload_bytes=197
2026-09-26T01:40:24.314898Z DEBUG netbaiot_transports::business_rpc::v3: business RPC V3 selected frame stream_id=74 frame_type=Open payload_bytes=158
2026-09-26T01:40:24.314914Z DEBUG netbaiot_transports::business_rpc::v3: business RPC V3 writer completed frame stream_id=74 frame_type=Open payload_bytes=158
2026-09-26T01:40:24.314921Z DEBUG netbaiot_transports::business_rpc::v3: business RPC V3 selected frame stream_id=76 frame_type=Open payload_bytes=158
2026-09-26T01:40:24.314931Z DEBUG netbaiot_transports::business_rpc::v3: business RPC V3 writer completed frame stream_id=76 frame_type=Open payload_bytes=158
2026-09-26T01:40:24.314938Z DEBUG netbaiot_transports::business_rpc::v3: business RPC V3 selected frame stream_id=74 frame_type=Data payload_bytes=197
2026-09-26T01:40:24.314959Z DEBUG netbaiot_transports::business_rpc::v3: business RPC V3 writer completed frame stream_id=74 frame_type=Data payload_bytes=197
2026-09-26T01:40:24.314969Z DEBUG netbaiot_transports::business_rpc::v3: business RPC V3 selected frame stream_id=76 frame_type=Data payload_bytes=197
2026-09-26T01:40:24.314983Z DEBUG netbaiot_transports::business_rpc::v3: business RPC V3 writer completed frame stream_id=76 frame_type=Data payload_bytes=197
2026-09-26T01:40:24.326060Z DEBUG netbaiot_transports::business_rpc::v3: business RPC V3 body entered scheduler stream_id=78 class=Rpc body_bytes=197
2026-09-26T01:40:24.326079Z DEBUG netbaiot_transports::business_rpc::v3: business RPC V3 selected frame stream_id=78 frame_type=Open payload_bytes=158
2026-09-26T01:40:24.326096Z DEBUG netbaiot_transports::business_rpc::v3: business RPC V3 writer completed frame stream_id=78 frame_type=Open payload_bytes=158
2026-09-26T01:40:24.326103Z DEBUG netbaiot_transports::business_rpc::v3: business RPC V3 selected frame stream_id=78 frame_type=Data payload_bytes=197
2026-09-26T01:40:24.326112Z DEBUG netbaiot_transports::business_rpc::v3: business RPC V3 writer completed frame stream_id=78 frame_type=Data payload_bytes=197
2026-09-26T01:40:24.338275Z DEBUG netbaiot_transports::business_rpc::v3: business RPC V3 body entered scheduler stream_id=80 class=Rpc body_bytes=197
2026-09-26T01:40:24.338327Z DEBUG netbaiot_transports::business_rpc::v3: business RPC V3 selected frame stream_id=80 frame_type=Open payload_bytes=158
2026-09-26T01:40:24.338343Z DEBUG netbaiot_transports::business_rpc::v3: business RPC V3 writer completed frame stream_id=80 frame_type=Open payload_bytes=158
2026-09-26T01:40:24.338373Z DEBUG netbaiot_transports::business_rpc::v3: business RPC V3 selected frame stream_id=80 frame_type=Data payload_bytes=197
2026-09-26T01:40:24.338381Z DEBUG netbaiot_transports::business_rpc::v3: business RPC V3 writer completed frame stream_id=80 frame_type=Data payload_bytes=197
2026-09-26T01:40:24.341145Z DEBUG netbaiot_transports::business_rpc::v3: business RPC V3 received frame stream_id=0 frame_type=WindowUpdate payload_bytes=4
2026-09-26T01:40:24.341159Z DEBUG netbaiot_transports::business_rpc::v3: business RPC V3 received frame stream_id=0 frame_type=WindowUpdate payload_bytes=4
2026-09-26T01:40:24.341166Z DEBUG netbaiot_transports::business_rpc::v3: business RPC V3 received frame stream_id=68 frame_type=Response payload_bytes=35
2026-09-26T01:40:24.341177Z DEBUG netbaiot_transports::business_rpc::v3: business RPC V3 received frame stream_id=68 frame_type=Data payload_bytes=215
2026-09-26T01:40:24.341211Z DEBUG netbaiot_transports::business_rpc::v3: business RPC V3 received frame stream_id=66 frame_type=Response payload_bytes=35
2026-09-26T01:40:24.341217Z DEBUG netbaiot_transports::business_rpc::v3: business RPC V3 received frame stream_id=66 frame_type=Data payload_bytes=215
2026-09-26T01:40:24.341221Z DEBUG netbaiot_transports::business_rpc::v3: business RPC V3 selected frame stream_id=0 frame_type=WindowUpdate payload_bytes=4
2026-09-26T01:40:24.341251Z DEBUG netbaiot_transports::business_rpc::v3: business RPC V3 writer completed frame stream_id=0 frame_type=WindowUpdate payload_bytes=4
2026-09-26T01:40:24.341260Z DEBUG netbaiot_transports::business_rpc::v3: business RPC V3 selected frame stream_id=0 frame_type=WindowUpdate payload_bytes=4
2026-09-26T01:40:24.341268Z DEBUG netbaiot_transports::business_rpc::v3: business RPC V3 writer completed frame stream_id=0 frame_type=WindowUpdate payload_bytes=4
2026-09-26T01:40:24.341794Z DEBUG netbaiot_transports::business_rpc::v3: business RPC V3 body entered scheduler stream_id=82 class=Rpc body_bytes=197
2026-09-26T01:40:24.341803Z DEBUG netbaiot_transports::business_rpc::v3: business RPC V3 body entered scheduler stream_id=84 class=Rpc body_bytes=197
2026-09-26T01:40:24.341807Z DEBUG netbaiot_transports::business_rpc::v3: business RPC V3 selected frame stream_id=82 frame_type=Open payload_bytes=158
2026-09-26T01:40:24.341818Z DEBUG netbaiot_transports::business_rpc::v3: business RPC V3 writer completed frame stream_id=82 frame_type=Open payload_bytes=158
2026-09-26T01:40:24.341823Z DEBUG netbaiot_transports::business_rpc::v3: business RPC V3 selected frame stream_id=84 frame_type=Open payload_bytes=158
2026-09-26T01:40:24.341829Z DEBUG netbaiot_transports::business_rpc::v3: business RPC V3 writer completed frame stream_id=84 frame_type=Open payload_bytes=158
2026-09-26T01:40:24.341833Z DEBUG netbaiot_transports::business_rpc::v3: business RPC V3 selected frame stream_id=82 frame_type=Data payload_bytes=197
2026-09-26T01:40:24.341839Z DEBUG netbaiot_transports::business_rpc::v3: business RPC V3 writer completed frame stream_id=82 frame_type=Data payload_bytes=197
2026-09-26T01:40:24.341843Z DEBUG netbaiot_transports::business_rpc::v3: business RPC V3 selected frame stream_id=84 frame_type=Data payload_bytes=197
2026-09-26T01:40:24.341848Z DEBUG netbaiot_transports::business_rpc::v3: business RPC V3 writer completed frame stream_id=84 frame_type=Data payload_bytes=197
2026-09-26T01:40:24.343078Z DEBUG netbaiot_transports::business_rpc::v3: business RPC V3 body entered scheduler stream_id=86 class=Rpc body_bytes=197
2026-09-26T01:40:24.343091Z DEBUG netbaiot_transports::business_rpc::v3: business RPC V3 selected frame stream_id=86 frame_type=Open payload_bytes=158
2026-09-26T01:40:24.343106Z DEBUG netbaiot_transports::business_rpc::v3: business RPC V3 writer completed frame stream_id=86 frame_type=Open payload_bytes=158
2026-09-26T01:40:24.343113Z DEBUG netbaiot_transports::business_rpc::v3: business RPC V3 selected frame stream_id=86 frame_type=Data payload_bytes=197
2026-09-26T01:40:24.343120Z DEBUG netbaiot_transports::business_rpc::v3: business RPC V3 writer completed frame stream_id=86 frame_type=Data payload_bytes=197
2026-09-26T01:40:24.368590Z DEBUG netbaiot_transports::business_rpc::v3: business RPC V3 received frame stream_id=0 frame_type=WindowUpdate payload_bytes=4
2026-09-26T01:40:24.368648Z DEBUG netbaiot_transports::business_rpc::v3: business RPC V3 received frame stream_id=70 frame_type=Response payload_bytes=35
2026-09-26T01:40:24.368663Z DEBUG netbaiot_transports::business_rpc::v3: business RPC V3 received frame stream_id=70 frame_type=Data payload_bytes=215
2026-09-26T01:40:24.368722Z DEBUG netbaiot_transports::business_rpc::v3: business RPC V3 selected frame stream_id=0 frame_type=WindowUpdate payload_bytes=4
2026-09-26T01:40:24.368746Z DEBUG netbaiot_transports::business_rpc::v3: business RPC V3 writer completed frame stream_id=0 frame_type=WindowUpdate payload_bytes=4
2026-09-26T01:40:24.369321Z DEBUG netbaiot_transports::business_rpc::v3: business RPC V3 body entered scheduler stream_id=88 class=Rpc body_bytes=197
2026-09-26T01:40:24.369333Z DEBUG netbaiot_transports::business_rpc::v3: business RPC V3 selected frame stream_id=88 frame_type=Open payload_bytes=158
2026-09-26T01:40:24.369345Z DEBUG netbaiot_transports::business_rpc::v3: business RPC V3 writer completed frame stream_id=88 frame_type=Open payload_bytes=158
2026-09-26T01:40:24.369351Z DEBUG netbaiot_transports::business_rpc::v3: business RPC V3 selected frame stream_id=88 frame_type=Data payload_bytes=197
2026-09-26T01:40:24.369358Z DEBUG netbaiot_transports::business_rpc::v3: business RPC V3 writer completed frame stream_id=88 frame_type=Data payload_bytes=197
2026-09-26T01:40:24.402323Z DEBUG netbaiot_transports::business_rpc::v3: business RPC V3 body entered scheduler stream_id=90 class=Rpc body_bytes=197
2026-09-26T01:40:24.402344Z DEBUG netbaiot_transports::business_rpc::v3: business RPC V3 selected frame stream_id=90 frame_type=Open payload_bytes=158
2026-09-26T01:40:24.402358Z DEBUG netbaiot_transports::business_rpc::v3: business RPC V3 writer completed frame stream_id=90 frame_type=Open payload_bytes=158
2026-09-26T01:40:24.402365Z DEBUG netbaiot_transports::business_rpc::v3: business RPC V3 selected frame stream_id=90 frame_type=Data payload_bytes=197
2026-09-26T01:40:24.402372Z DEBUG netbaiot_transports::business_rpc::v3: business RPC V3 writer completed frame stream_id=90 frame_type=Data payload_bytes=197
2026-09-26T01:40:24.412770Z DEBUG netbaiot_transports::business_rpc::v3: business RPC V3 body entered scheduler stream_id=92 class=Rpc body_bytes=197
2026-09-26T01:40:24.412780Z DEBUG netbaiot_transports::business_rpc::v3: business RPC V3 selected frame stream_id=92 frame_type=Open payload_bytes=158
2026-09-26T01:40:24.412796Z DEBUG netbaiot_transports::business_rpc::v3: business RPC V3 writer completed frame stream_id=92 frame_type=Open payload_bytes=158
2026-09-26T01:40:24.412803Z DEBUG netbaiot_transports::business_rpc::v3: business RPC V3 selected frame stream_id=92 frame_type=Data payload_bytes=197
2026-09-26T01:40:24.412811Z DEBUG netbaiot_transports::business_rpc::v3: business RPC V3 writer completed frame stream_id=92 frame_type=Data payload_bytes=197
2026-09-26T01:40:24.432124Z DEBUG netbaiot_transports::business_rpc::v3: business RPC V3 received frame stream_id=0 frame_type=WindowUpdate payload_bytes=4
2026-09-26T01:40:24.432212Z DEBUG netbaiot_transports::business_rpc::v3: business RPC V3 received frame stream_id=0 frame_type=WindowUpdate payload_bytes=4
2026-09-26T01:40:24.432239Z DEBUG netbaiot_transports::business_rpc::v3: business RPC V3 received frame stream_id=0 frame_type=WindowUpdate payload_bytes=4
2026-09-26T01:40:24.432249Z DEBUG netbaiot_transports::business_rpc::v3: business RPC V3 received frame stream_id=0 frame_type=WindowUpdate payload_bytes=4
2026-09-26T01:40:24.432258Z DEBUG netbaiot_transports::business_rpc::v3: business RPC V3 received frame stream_id=0 frame_type=WindowUpdate payload_bytes=4
2026-09-26T01:40:24.432265Z DEBUG netbaiot_transports::business_rpc::v3: business RPC V3 received frame stream_id=76 frame_type=Response payload_bytes=35
2026-09-26T01:40:24.432347Z DEBUG netbaiot_transports::business_rpc::v3: business RPC V3 received frame stream_id=80 frame_type=Response payload_bytes=35
2026-09-26T01:40:24.432366Z DEBUG netbaiot_transports::business_rpc::v3: business RPC V3 received frame stream_id=74 frame_type=Response payload_bytes=35
2026-09-26T01:40:24.432374Z DEBUG netbaiot_transports::business_rpc::v3: business RPC V3 received frame stream_id=78 frame_type=Response payload_bytes=35
2026-09-26T01:40:24.432384Z DEBUG netbaiot_transports::business_rpc::v3: business RPC V3 received frame stream_id=76 frame_type=Data payload_bytes=215
2026-09-26T01:40:24.432486Z DEBUG netbaiot_transports::business_rpc::v3: business RPC V3 received frame stream_id=72 frame_type=Response payload_bytes=35
2026-09-26T01:40:24.432519Z DEBUG netbaiot_transports::business_rpc::v3: business RPC V3 received frame stream_id=80 frame_type=Data payload_bytes=215
2026-09-26T01:40:24.432503Z DEBUG netbaiot_transports::business_rpc::v3: business RPC V3 selected frame stream_id=0 frame_type=WindowUpdate payload_bytes=4
2026-09-26T01:40:24.432557Z DEBUG netbaiot_transports::business_rpc::v3: business RPC V3 received frame stream_id=74 frame_type=Data payload_bytes=215
2026-09-26T01:40:24.432573Z DEBUG netbaiot_transports::business_rpc::v3: business RPC V3 received frame stream_id=78 frame_type=Data payload_bytes=215
2026-09-26T01:40:24.432573Z DEBUG netbaiot_transports::business_rpc::v3: business RPC V3 writer completed frame stream_id=0 frame_type=WindowUpdate payload_bytes=4
2026-09-26T01:40:24.432610Z DEBUG netbaiot_transports::business_rpc::v3: business RPC V3 selected frame stream_id=0 frame_type=WindowUpdate payload_bytes=4
2026-09-26T01:40:24.432591Z DEBUG netbaiot_transports::business_rpc::v3: business RPC V3 received frame stream_id=72 frame_type=Data payload_bytes=215
2026-09-26T01:40:24.432633Z DEBUG netbaiot_transports::business_rpc::v3: business RPC V3 writer completed frame stream_id=0 frame_type=WindowUpdate payload_bytes=4
2026-09-26T01:40:24.432649Z DEBUG netbaiot_transports::business_rpc::v3: business RPC V3 selected frame stream_id=0 frame_type=WindowUpdate payload_bytes=4
2026-09-26T01:40:24.432661Z DEBUG netbaiot_transports::business_rpc::v3: business RPC V3 writer completed frame stream_id=0 frame_type=WindowUpdate payload_bytes=4
2026-09-26T01:40:24.432686Z DEBUG netbaiot_transports::business_rpc::v3: business RPC V3 selected frame stream_id=0 frame_type=WindowUpdate payload_bytes=4
2026-09-26T01:40:24.432699Z DEBUG netbaiot_transports::business_rpc::v3: business RPC V3 writer completed frame stream_id=0 frame_type=WindowUpdate payload_bytes=4
2026-09-26T01:40:24.432709Z DEBUG netbaiot_transports::business_rpc::v3: business RPC V3 selected frame stream_id=0 frame_type=WindowUpdate payload_bytes=4
2026-09-26T01:40:24.432720Z DEBUG netbaiot_transports::business_rpc::v3: business RPC V3 writer completed frame stream_id=0 frame_type=WindowUpdate payload_bytes=4
2026-09-26T01:40:24.433335Z DEBUG netbaiot_transports::business_rpc::v3: business RPC V3 body entered scheduler stream_id=94 class=Rpc body_bytes=197
2026-09-26T01:40:24.433369Z DEBUG netbaiot_transports::business_rpc::v3: business RPC V3 body entered scheduler stream_id=96 class=Rpc body_bytes=197
2026-09-26T01:40:24.433377Z DEBUG netbaiot_transports::business_rpc::v3: business RPC V3 body entered scheduler stream_id=98 class=Rpc body_bytes=197
2026-09-26T01:40:24.433383Z DEBUG netbaiot_transports::business_rpc::v3: business RPC V3 body entered scheduler stream_id=100 class=Rpc body_bytes=197
2026-09-26T01:40:24.433389Z DEBUG netbaiot_transports::business_rpc::v3: business RPC V3 body entered scheduler stream_id=102 class=Rpc body_bytes=197
2026-09-26T01:40:24.433395Z DEBUG netbaiot_transports::business_rpc::v3: business RPC V3 selected frame stream_id=94 frame_type=Open payload_bytes=158
2026-09-26T01:40:24.433409Z DEBUG netbaiot_transports::business_rpc::v3: business RPC V3 writer completed frame stream_id=94 frame_type=Open payload_bytes=158
2026-09-26T01:40:24.433417Z DEBUG netbaiot_transports::business_rpc::v3: business RPC V3 selected frame stream_id=96 frame_type=Open payload_bytes=158
2026-09-26T01:40:24.433425Z DEBUG netbaiot_transports::business_rpc::v3: business RPC V3 writer completed frame stream_id=96 frame_type=Open payload_bytes=158
2026-09-26T01:40:24.433431Z DEBUG netbaiot_transports::business_rpc::v3: business RPC V3 selected frame stream_id=98 frame_type=Open payload_bytes=158
2026-09-26T01:40:24.433438Z DEBUG netbaiot_transports::business_rpc::v3: business RPC V3 writer completed frame stream_id=98 frame_type=Open payload_bytes=158
2026-09-26T01:40:24.433445Z DEBUG netbaiot_transports::business_rpc::v3: business RPC V3 selected frame stream_id=100 frame_type=Open payload_bytes=158
2026-09-26T01:40:24.433454Z DEBUG netbaiot_transports::business_rpc::v3: business RPC V3 writer completed frame stream_id=100 frame_type=Open payload_bytes=158
2026-09-26T01:40:24.433461Z DEBUG netbaiot_transports::business_rpc::v3: business RPC V3 selected frame stream_id=94 frame_type=Data payload_bytes=197
2026-09-26T01:40:24.433477Z DEBUG netbaiot_transports::business_rpc::v3: business RPC V3 writer completed frame stream_id=94 frame_type=Data payload_bytes=197
2026-09-26T01:40:24.433493Z DEBUG netbaiot_transports::business_rpc::v3: business RPC V3 selected frame stream_id=102 frame_type=Open payload_bytes=158
2026-09-26T01:40:24.433511Z DEBUG netbaiot_transports::business_rpc::v3: business RPC V3 writer completed frame stream_id=102 frame_type=Open payload_bytes=158
2026-09-26T01:40:24.433530Z DEBUG netbaiot_transports::business_rpc::v3: business RPC V3 selected frame stream_id=96 frame_type=Data payload_bytes=197
2026-09-26T01:40:24.433539Z DEBUG netbaiot_transports::business_rpc::v3: business RPC V3 writer completed frame stream_id=96 frame_type=Data payload_bytes=197
2026-09-26T01:40:24.433547Z DEBUG netbaiot_transports::business_rpc::v3: business RPC V3 selected frame stream_id=98 frame_type=Data payload_bytes=197
2026-09-26T01:40:24.433558Z DEBUG netbaiot_transports::business_rpc::v3: business RPC V3 writer completed frame stream_id=98 frame_type=Data payload_bytes=197
2026-09-26T01:40:24.433564Z DEBUG netbaiot_transports::business_rpc::v3: business RPC V3 selected frame stream_id=100 frame_type=Data payload_bytes=197
2026-09-26T01:40:24.433573Z DEBUG netbaiot_transports::business_rpc::v3: business RPC V3 writer completed frame stream_id=100 frame_type=Data payload_bytes=197
2026-09-26T01:40:24.433580Z DEBUG netbaiot_transports::business_rpc::v3: business RPC V3 selected frame stream_id=102 frame_type=Data payload_bytes=197
2026-09-26T01:40:24.433590Z DEBUG netbaiot_transports::business_rpc::v3: business RPC V3 writer completed frame stream_id=102 frame_type=Data payload_bytes=197
2026-09-26T01:40:24.461991Z DEBUG netbaiot_transports::business_rpc::v3: business RPC V3 received frame stream_id=0 frame_type=WindowUpdate payload_bytes=4
2026-09-26T01:40:24.462006Z DEBUG netbaiot_transports::business_rpc::v3: business RPC V3 received frame stream_id=0 frame_type=WindowUpdate payload_bytes=4
2026-09-26T01:40:24.462012Z DEBUG netbaiot_transports::business_rpc::v3: business RPC V3 received frame stream_id=0 frame_type=WindowUpdate payload_bytes=4
2026-09-26T01:40:24.462016Z DEBUG netbaiot_transports::business_rpc::v3: business RPC V3 received frame stream_id=0 frame_type=WindowUpdate payload_bytes=4
2026-09-26T01:40:24.462021Z DEBUG netbaiot_transports::business_rpc::v3: business RPC V3 received frame stream_id=82 frame_type=Response payload_bytes=35
2026-09-26T01:40:24.462029Z DEBUG netbaiot_transports::business_rpc::v3: business RPC V3 received frame stream_id=84 frame_type=Response payload_bytes=35
2026-09-26T01:40:24.462034Z DEBUG netbaiot_transports::business_rpc::v3: business RPC V3 received frame stream_id=88 frame_type=Response payload_bytes=35
2026-09-26T01:40:24.462038Z DEBUG netbaiot_transports::business_rpc::v3: business RPC V3 received frame stream_id=86 frame_type=Response payload_bytes=35
2026-09-26T01:40:24.462043Z DEBUG netbaiot_transports::business_rpc::v3: business RPC V3 received frame stream_id=82 frame_type=Data payload_bytes=215
2026-09-26T01:40:24.462069Z DEBUG netbaiot_transports::business_rpc::v3: business RPC V3 received frame stream_id=84 frame_type=Data payload_bytes=215
2026-09-26T01:40:24.462080Z DEBUG netbaiot_transports::business_rpc::v3: business RPC V3 received frame stream_id=88 frame_type=Data payload_bytes=215
2026-09-26T01:40:24.462080Z DEBUG netbaiot_transports::business_rpc::v3: business RPC V3 selected frame stream_id=0 frame_type=WindowUpdate payload_bytes=4
2026-09-26T01:40:24.462094Z DEBUG netbaiot_transports::business_rpc::v3: business RPC V3 received frame stream_id=86 frame_type=Data payload_bytes=215
2026-09-26T01:40:24.462111Z DEBUG netbaiot_transports::business_rpc::v3: business RPC V3 writer completed frame stream_id=0 frame_type=WindowUpdate payload_bytes=4
2026-09-26T01:40:24.462120Z DEBUG netbaiot_transports::business_rpc::v3: business RPC V3 selected frame stream_id=0 frame_type=WindowUpdate payload_bytes=4
2026-09-26T01:40:24.462127Z DEBUG netbaiot_transports::business_rpc::v3: business RPC V3 writer completed frame stream_id=0 frame_type=WindowUpdate payload_bytes=4
2026-09-26T01:40:24.462134Z DEBUG netbaiot_transports::business_rpc::v3: business RPC V3 selected frame stream_id=0 frame_type=WindowUpdate payload_bytes=4
2026-09-26T01:40:24.462141Z DEBUG netbaiot_transports::business_rpc::v3: business RPC V3 writer completed frame stream_id=0 frame_type=WindowUpdate payload_bytes=4
2026-09-26T01:40:24.462145Z DEBUG netbaiot_transports::business_rpc::v3: business RPC V3 selected frame stream_id=0 frame_type=WindowUpdate payload_bytes=4
2026-09-26T01:40:24.462151Z DEBUG netbaiot_transports::business_rpc::v3: business RPC V3 writer completed frame stream_id=0 frame_type=WindowUpdate payload_bytes=4
2026-09-26T01:40:24.462493Z DEBUG netbaiot_transports::business_rpc::v3: business RPC V3 body entered scheduler stream_id=104 class=Rpc body_bytes=197
2026-09-26T01:40:24.462511Z DEBUG netbaiot_transports::business_rpc::v3: business RPC V3 selected frame stream_id=104 frame_type=Open payload_bytes=158
2026-09-26T01:40:24.462524Z DEBUG netbaiot_transports::business_rpc::v3: business RPC V3 writer completed frame stream_id=104 frame_type=Open payload_bytes=158
2026-09-26T01:40:24.462532Z DEBUG netbaiot_transports::business_rpc::v3: business RPC V3 selected frame stream_id=104 frame_type=Data payload_bytes=197
2026-09-26T01:40:24.462540Z DEBUG netbaiot_transports::business_rpc::v3: business RPC V3 writer completed frame stream_id=104 frame_type=Data payload_bytes=197
2026-09-26T01:40:24.462582Z DEBUG netbaiot_transports::business_rpc::v3: business RPC V3 body entered scheduler stream_id=106 class=Rpc body_bytes=197
2026-09-26T01:40:24.462591Z DEBUG netbaiot_transports::business_rpc::v3: business RPC V3 selected frame stream_id=106 frame_type=Open payload_bytes=158
2026-09-26T01:40:24.462600Z DEBUG netbaiot_transports::business_rpc::v3: business RPC V3 writer completed frame stream_id=106 frame_type=Open payload_bytes=158
2026-09-26T01:40:24.462605Z DEBUG netbaiot_transports::business_rpc::v3: business RPC V3 selected frame stream_id=106 frame_type=Data payload_bytes=197
2026-09-26T01:40:24.462612Z DEBUG netbaiot_transports::business_rpc::v3: business RPC V3 writer completed frame stream_id=106 frame_type=Data payload_bytes=197
2026-09-26T01:40:24.462646Z DEBUG netbaiot_transports::business_rpc::v3: business RPC V3 body entered scheduler stream_id=108 class=Rpc body_bytes=197
2026-09-26T01:40:24.462655Z DEBUG netbaiot_transports::business_rpc::v3: business RPC V3 body entered scheduler stream_id=110 class=Rpc body_bytes=197
2026-09-26T01:40:24.462661Z DEBUG netbaiot_transports::business_rpc::v3: business RPC V3 body entered scheduler stream_id=112 class=Rpc body_bytes=197
2026-09-26T01:40:24.462665Z DEBUG netbaiot_transports::business_rpc::v3: business RPC V3 selected frame stream_id=108 frame_type=Open payload_bytes=158
2026-09-26T01:40:24.462675Z DEBUG netbaiot_transports::business_rpc::v3: business RPC V3 writer completed frame stream_id=108 frame_type=Open payload_bytes=158
2026-09-26T01:40:24.462683Z DEBUG netbaiot_transports::business_rpc::v3: business RPC V3 selected frame stream_id=110 frame_type=Open payload_bytes=158
2026-09-26T01:40:24.462690Z DEBUG netbaiot_transports::business_rpc::v3: business RPC V3 writer completed frame stream_id=110 frame_type=Open payload_bytes=158
2026-09-26T01:40:24.462695Z DEBUG netbaiot_transports::business_rpc::v3: business RPC V3 selected frame stream_id=112 frame_type=Open payload_bytes=158
2026-09-26T01:40:24.462748Z DEBUG netbaiot_transports::business_rpc::v3: business RPC V3 writer completed frame stream_id=112 frame_type=Open payload_bytes=158
2026-09-26T01:40:24.462759Z DEBUG netbaiot_transports::business_rpc::v3: business RPC V3 selected frame stream_id=108 frame_type=Data payload_bytes=197
2026-09-26T01:40:24.462765Z DEBUG netbaiot_transports::business_rpc::v3: business RPC V3 writer completed frame stream_id=108 frame_type=Data payload_bytes=197
2026-09-26T01:40:24.462770Z DEBUG netbaiot_transports::business_rpc::v3: business RPC V3 selected frame stream_id=110 frame_type=Data payload_bytes=197
2026-09-26T01:40:24.462776Z DEBUG netbaiot_transports::business_rpc::v3: business RPC V3 writer completed frame stream_id=110 frame_type=Data payload_bytes=197
2026-09-26T01:40:24.462781Z DEBUG netbaiot_transports::business_rpc::v3: business RPC V3 selected frame stream_id=112 frame_type=Data payload_bytes=197
2026-09-26T01:40:24.462791Z DEBUG netbaiot_transports::business_rpc::v3: business RPC V3 writer completed frame stream_id=112 frame_type=Data payload_bytes=197
2026-09-26T01:40:24.490469Z DEBUG netbaiot_transports::business_rpc::v3: business RPC V3 received frame stream_id=0 frame_type=WindowUpdate payload_bytes=4
2026-09-26T01:40:24.490526Z DEBUG netbaiot_transports::business_rpc::v3: business RPC V3 received frame stream_id=90 frame_type=Response payload_bytes=35
2026-09-26T01:40:24.490541Z DEBUG netbaiot_transports::business_rpc::v3: business RPC V3 received frame stream_id=90 frame_type=Data payload_bytes=215
2026-09-26T01:40:24.490572Z DEBUG netbaiot_transports::business_rpc::v3: business RPC V3 received frame stream_id=0 frame_type=WindowUpdate payload_bytes=4
2026-09-26T01:40:24.490583Z DEBUG netbaiot_transports::business_rpc::v3: business RPC V3 received frame stream_id=92 frame_type=Response payload_bytes=35
2026-09-26T01:40:24.490586Z DEBUG netbaiot_transports::business_rpc::v3: business RPC V3 selected frame stream_id=0 frame_type=WindowUpdate payload_bytes=4
2026-09-26T01:40:24.490593Z DEBUG netbaiot_transports::business_rpc::v3: business RPC V3 received frame stream_id=92 frame_type=Data payload_bytes=215
2026-09-26T01:40:24.490622Z DEBUG netbaiot_transports::business_rpc::v3: business RPC V3 writer completed frame stream_id=0 frame_type=WindowUpdate payload_bytes=4
2026-09-26T01:40:24.490632Z DEBUG netbaiot_transports::business_rpc::v3: business RPC V3 selected frame stream_id=0 frame_type=WindowUpdate payload_bytes=4
2026-09-26T01:40:24.490642Z DEBUG netbaiot_transports::business_rpc::v3: business RPC V3 writer completed frame stream_id=0 frame_type=WindowUpdate payload_bytes=4
2026-09-26T01:40:24.491161Z DEBUG netbaiot_transports::business_rpc::v3: business RPC V3 body entered scheduler stream_id=114 class=Rpc body_bytes=197
2026-09-26T01:40:24.491205Z DEBUG netbaiot_transports::business_rpc::v3: business RPC V3 body entered scheduler stream_id=116 class=Rpc body_bytes=197
2026-09-26T01:40:24.491215Z DEBUG netbaiot_transports::business_rpc::v3: business RPC V3 selected frame stream_id=114 frame_type=Open payload_bytes=158
2026-09-26T01:40:24.491231Z DEBUG netbaiot_transports::business_rpc::v3: business RPC V3 writer completed frame stream_id=114 frame_type=Open payload_bytes=158
2026-09-26T01:40:24.491240Z DEBUG netbaiot_transports::business_rpc::v3: business RPC V3 selected frame stream_id=116 frame_type=Open payload_bytes=158
2026-09-26T01:40:24.491248Z DEBUG netbaiot_transports::business_rpc::v3: business RPC V3 writer completed frame stream_id=116 frame_type=Open payload_bytes=158
2026-09-26T01:40:24.491258Z DEBUG netbaiot_transports::business_rpc::v3: business RPC V3 selected frame stream_id=114 frame_type=Data payload_bytes=197
2026-09-26T01:40:24.491270Z DEBUG netbaiot_transports::business_rpc::v3: business RPC V3 writer completed frame stream_id=114 frame_type=Data payload_bytes=197
2026-09-26T01:40:24.491279Z DEBUG netbaiot_transports::business_rpc::v3: business RPC V3 selected frame stream_id=116 frame_type=Data payload_bytes=197
2026-09-26T01:40:24.491293Z DEBUG netbaiot_transports::business_rpc::v3: business RPC V3 writer completed frame stream_id=116 frame_type=Data payload_bytes=197
2026-09-26T01:40:24.535036Z DEBUG netbaiot_transports::business_rpc::v3: business RPC V3 body entered scheduler stream_id=118 class=Rpc body_bytes=197
2026-09-26T01:40:24.535134Z DEBUG netbaiot_transports::business_rpc::v3: business RPC V3 selected frame stream_id=118 frame_type=Open payload_bytes=158
2026-09-26T01:40:24.535174Z DEBUG netbaiot_transports::business_rpc::v3: business RPC V3 writer completed frame stream_id=118 frame_type=Open payload_bytes=158
2026-09-26T01:40:24.535195Z DEBUG netbaiot_transports::business_rpc::v3: business RPC V3 selected frame stream_id=118 frame_type=Data payload_bytes=197
2026-09-26T01:40:24.535212Z DEBUG netbaiot_transports::business_rpc::v3: business RPC V3 writer completed frame stream_id=118 frame_type=Data payload_bytes=197
2026-09-26T01:40:24.546161Z DEBUG netbaiot_transports::business_rpc::v3: business RPC V3 body entered scheduler stream_id=120 class=Event body_bytes=17365
2026-09-26T01:40:24.546281Z DEBUG netbaiot_transports::business_rpc::v3: business RPC V3 selected frame stream_id=120 frame_type=Open payload_bytes=184
2026-09-26T01:40:24.546338Z DEBUG netbaiot_transports::business_rpc::v3: business RPC V3 writer completed frame stream_id=120 frame_type=Open payload_bytes=184
2026-09-26T01:40:24.546368Z DEBUG netbaiot_transports::business_rpc::v3: business RPC V3 selected frame stream_id=120 frame_type=Data payload_bytes=8192
2026-09-26T01:40:24.546394Z DEBUG netbaiot_transports::business_rpc::v3: business RPC V3 writer completed frame stream_id=120 frame_type=Data payload_bytes=8192
2026-09-26T01:40:24.546410Z DEBUG netbaiot_transports::business_rpc::v3: business RPC V3 selected frame stream_id=120 frame_type=Data payload_bytes=8192
2026-09-26T01:40:24.546445Z DEBUG netbaiot_transports::business_rpc::v3: business RPC V3 writer completed frame stream_id=120 frame_type=Data payload_bytes=8192
2026-09-26T01:40:24.546460Z DEBUG netbaiot_transports::business_rpc::v3: business RPC V3 selected frame stream_id=120 frame_type=Data payload_bytes=981
2026-09-26T01:40:24.546479Z DEBUG netbaiot_transports::business_rpc::v3: business RPC V3 writer completed frame stream_id=120 frame_type=Data payload_bytes=981
2026-09-26T01:40:24.552547Z DEBUG netbaiot_transports::business_rpc::v3: business RPC V3 received frame stream_id=0 frame_type=WindowUpdate payload_bytes=4
2026-09-26T01:40:24.552635Z DEBUG netbaiot_transports::business_rpc::v3: business RPC V3 received frame stream_id=0 frame_type=WindowUpdate payload_bytes=4
2026-09-26T01:40:24.552652Z DEBUG netbaiot_transports::business_rpc::v3: business RPC V3 received frame stream_id=0 frame_type=WindowUpdate payload_bytes=4
2026-09-26T01:40:24.552661Z DEBUG netbaiot_transports::business_rpc::v3: business RPC V3 received frame stream_id=0 frame_type=WindowUpdate payload_bytes=4
2026-09-26T01:40:24.552669Z DEBUG netbaiot_transports::business_rpc::v3: business RPC V3 received frame stream_id=0 frame_type=WindowUpdate payload_bytes=4
2026-09-26T01:40:24.552676Z DEBUG netbaiot_transports::business_rpc::v3: business RPC V3 received frame stream_id=102 frame_type=Response payload_bytes=35
2026-09-26T01:40:24.552688Z DEBUG netbaiot_transports::business_rpc::v3: business RPC V3 received frame stream_id=96 frame_type=Response payload_bytes=35
2026-09-26T01:40:24.552695Z DEBUG netbaiot_transports::business_rpc::v3: business RPC V3 received frame stream_id=98 frame_type=Response payload_bytes=35
2026-09-26T01:40:24.552703Z DEBUG netbaiot_transports::business_rpc::v3: business RPC V3 received frame stream_id=102 frame_type=Data payload_bytes=215
2026-09-26T01:40:24.552739Z DEBUG netbaiot_transports::business_rpc::v3: business RPC V3 received frame stream_id=96 frame_type=Data payload_bytes=215
2026-09-26T01:40:24.552754Z DEBUG netbaiot_transports::business_rpc::v3: business RPC V3 selected frame stream_id=0 frame_type=WindowUpdate payload_bytes=4
2026-09-26T01:40:24.552761Z DEBUG netbaiot_transports::business_rpc::v3: business RPC V3 received frame stream_id=98 frame_type=Data payload_bytes=215
2026-09-26T01:40:24.552801Z DEBUG netbaiot_transports::business_rpc::v3: business RPC V3 received frame stream_id=100 frame_type=Response payload_bytes=35
2026-09-26T01:40:24.552815Z DEBUG netbaiot_transports::business_rpc::v3: business RPC V3 received frame stream_id=94 frame_type=Response payload_bytes=35
2026-09-26T01:40:24.552827Z DEBUG netbaiot_transports::business_rpc::v3: business RPC V3 received frame stream_id=100 frame_type=Data payload_bytes=215
2026-09-26T01:40:24.552845Z DEBUG netbaiot_transports::business_rpc::v3: business RPC V3 received frame stream_id=94 frame_type=Data payload_bytes=215
2026-09-26T01:40:24.552801Z DEBUG netbaiot_transports::business_rpc::v3: business RPC V3 writer completed frame stream_id=0 frame_type=WindowUpdate payload_bytes=4
2026-09-26T01:40:24.552893Z DEBUG netbaiot_transports::business_rpc::v3: business RPC V3 selected frame stream_id=0 frame_type=WindowUpdate payload_bytes=4
2026-09-26T01:40:24.552930Z DEBUG netbaiot_transports::business_rpc::v3: business RPC V3 writer completed frame stream_id=0 frame_type=WindowUpdate payload_bytes=4
2026-09-26T01:40:24.552947Z DEBUG netbaiot_transports::business_rpc::v3: business RPC V3 selected frame stream_id=0 frame_type=WindowUpdate payload_bytes=4
2026-09-26T01:40:24.552959Z DEBUG netbaiot_transports::business_rpc::v3: business RPC V3 writer completed frame stream_id=0 frame_type=WindowUpdate payload_bytes=4
2026-09-26T01:40:24.552967Z DEBUG netbaiot_transports::business_rpc::v3: business RPC V3 selected frame stream_id=0 frame_type=WindowUpdate payload_bytes=4
2026-09-26T01:40:24.552977Z DEBUG netbaiot_transports::business_rpc::v3: business RPC V3 writer completed frame stream_id=0 frame_type=WindowUpdate payload_bytes=4
2026-09-26T01:40:24.552984Z DEBUG netbaiot_transports::business_rpc::v3: business RPC V3 selected frame stream_id=0 frame_type=WindowUpdate payload_bytes=4
2026-09-26T01:40:24.552996Z DEBUG netbaiot_transports::business_rpc::v3: business RPC V3 writer completed frame stream_id=0 frame_type=WindowUpdate payload_bytes=4
2026-09-26T01:40:24.586683Z DEBUG netbaiot_transports::business_rpc::v3: business RPC V3 received frame stream_id=0 frame_type=WindowUpdate payload_bytes=4
2026-09-26T01:40:24.586772Z DEBUG netbaiot_transports::business_rpc::v3: business RPC V3 received frame stream_id=0 frame_type=WindowUpdate payload_bytes=4
2026-09-26T01:40:24.586791Z DEBUG netbaiot_transports::business_rpc::v3: business RPC V3 received frame stream_id=0 frame_type=WindowUpdate payload_bytes=4
2026-09-26T01:40:24.586802Z DEBUG netbaiot_transports::business_rpc::v3: business RPC V3 received frame stream_id=0 frame_type=WindowUpdate payload_bytes=4
2026-09-26T01:40:24.586811Z DEBUG netbaiot_transports::business_rpc::v3: business RPC V3 received frame stream_id=0 frame_type=WindowUpdate payload_bytes=4
2026-09-26T01:40:24.586820Z DEBUG netbaiot_transports::business_rpc::v3: business RPC V3 received frame stream_id=0 frame_type=WindowUpdate payload_bytes=4
2026-09-26T01:40:24.586829Z DEBUG netbaiot_transports::business_rpc::v3: business RPC V3 received frame stream_id=0 frame_type=WindowUpdate payload_bytes=4
2026-09-26T01:40:24.586836Z DEBUG netbaiot_transports::business_rpc::v3: business RPC V3 received frame stream_id=108 frame_type=Response payload_bytes=35
2026-09-26T01:40:24.586853Z DEBUG netbaiot_transports::business_rpc::v3: business RPC V3 received frame stream_id=116 frame_type=Response payload_bytes=35
2026-09-26T01:40:24.586863Z DEBUG netbaiot_transports::business_rpc::v3: business RPC V3 received frame stream_id=108 frame_type=Data payload_bytes=215
2026-09-26T01:40:24.586915Z DEBUG netbaiot_transports::business_rpc::v3: business RPC V3 received frame stream_id=112 frame_type=Response payload_bytes=35
2026-09-26T01:40:24.586930Z DEBUG netbaiot_transports::business_rpc::v3: business RPC V3 received frame stream_id=114 frame_type=Response payload_bytes=35
2026-09-26T01:40:24.586939Z DEBUG netbaiot_transports::business_rpc::v3: business RPC V3 received frame stream_id=106 frame_type=Response payload_bytes=35
2026-09-26T01:40:24.586938Z DEBUG netbaiot_transports::business_rpc::v3: business RPC V3 selected frame stream_id=0 frame_type=WindowUpdate payload_bytes=4
2026-09-26T01:40:24.586950Z DEBUG netbaiot_transports::business_rpc::v3: business RPC V3 received frame stream_id=116 frame_type=Data payload_bytes=215
2026-09-26T01:40:24.586996Z DEBUG netbaiot_transports::business_rpc::v3: business RPC V3 writer completed frame stream_id=0 frame_type=WindowUpdate payload_bytes=4
2026-09-26T01:40:24.587016Z DEBUG netbaiot_transports::business_rpc::v3: business RPC V3 selected frame stream_id=0 frame_type=WindowUpdate payload_bytes=4
2026-09-26T01:40:24.587003Z DEBUG netbaiot_transports::business_rpc::v3: business RPC V3 received frame stream_id=110 frame_type=Response payload_bytes=35
2026-09-26T01:40:24.587056Z DEBUG netbaiot_transports::business_rpc::v3: business RPC V3 received frame stream_id=112 frame_type=Data payload_bytes=215
2026-09-26T01:40:24.587088Z DEBUG netbaiot_transports::business_rpc::v3: business RPC V3 received frame stream_id=114 frame_type=Data payload_bytes=215
2026-09-26T01:40:24.587035Z DEBUG netbaiot_transports::business_rpc::v3: business RPC V3 writer completed frame stream_id=0 frame_type=WindowUpdate payload_bytes=4
2026-09-26T01:40:24.587127Z DEBUG netbaiot_transports::business_rpc::v3: business RPC V3 selected frame stream_id=0 frame_type=WindowUpdate payload_bytes=4
2026-09-26T01:40:24.587153Z DEBUG netbaiot_transports::business_rpc::v3: business RPC V3 writer completed frame stream_id=0 frame_type=WindowUpdate payload_bytes=4
2026-09-26T01:40:24.587167Z DEBUG netbaiot_transports::business_rpc::v3: business RPC V3 selected frame stream_id=0 frame_type=WindowUpdate payload_bytes=4
2026-09-26T01:40:24.587108Z DEBUG netbaiot_transports::business_rpc::v3: business RPC V3 received frame stream_id=106 frame_type=Data payload_bytes=215
2026-09-26T01:40:24.587208Z DEBUG netbaiot_transports::business_rpc::v3: business RPC V3 received frame stream_id=110 frame_type=Data payload_bytes=215
2026-09-26T01:40:24.587182Z DEBUG netbaiot_transports::business_rpc::v3: business RPC V3 writer completed frame stream_id=0 frame_type=WindowUpdate payload_bytes=4
2026-09-26T01:40:24.587242Z DEBUG netbaiot_transports::business_rpc::v3: business RPC V3 selected frame stream_id=0 frame_type=WindowUpdate payload_bytes=4
2026-09-26T01:40:24.587262Z DEBUG netbaiot_transports::business_rpc::v3: business RPC V3 writer completed frame stream_id=0 frame_type=WindowUpdate payload_bytes=4
2026-09-26T01:40:24.587279Z DEBUG netbaiot_transports::business_rpc::v3: business RPC V3 selected frame stream_id=0 frame_type=WindowUpdate payload_bytes=4
2026-09-26T01:40:24.587228Z DEBUG netbaiot_transports::business_rpc::v3: business RPC V3 received frame stream_id=104 frame_type=Response payload_bytes=35
2026-09-26T01:40:24.587294Z DEBUG netbaiot_transports::business_rpc::v3: business RPC V3 writer completed frame stream_id=0 frame_type=WindowUpdate payload_bytes=4
2026-09-26T01:40:24.587317Z DEBUG netbaiot_transports::business_rpc::v3: business RPC V3 received frame stream_id=104 frame_type=Data payload_bytes=215
2026-09-26T01:40:24.587362Z DEBUG netbaiot_transports::business_rpc::v3: business RPC V3 selected frame stream_id=0 frame_type=WindowUpdate payload_bytes=4
2026-09-26T01:40:24.587384Z DEBUG netbaiot_transports::business_rpc::v3: business RPC V3 writer completed frame stream_id=0 frame_type=WindowUpdate payload_bytes=4
2026-09-26T01:40:24.706065Z DEBUG netbaiot_transports::business_rpc::v3: business RPC V3 received frame stream_id=0 frame_type=WindowUpdate payload_bytes=4
2026-09-26T01:40:24.706139Z DEBUG netbaiot_transports::business_rpc::v3: business RPC V3 received frame stream_id=0 frame_type=WindowUpdate payload_bytes=4
2026-09-26T01:40:24.706157Z DEBUG netbaiot_transports::business_rpc::v3: business RPC V3 received frame stream_id=120 frame_type=WindowUpdate payload_bytes=4
2026-09-26T01:40:24.706166Z DEBUG netbaiot_transports::business_rpc::v3: business RPC V3 received frame stream_id=118 frame_type=Response payload_bytes=35
2026-09-26T01:40:24.706178Z DEBUG netbaiot_transports::business_rpc::v3: business RPC V3 received frame stream_id=118 frame_type=Data payload_bytes=215
2026-09-26T01:40:24.706231Z DEBUG netbaiot_transports::business_rpc::v3: business RPC V3 selected frame stream_id=0 frame_type=WindowUpdate payload_bytes=4
2026-09-26T01:40:24.706302Z DEBUG netbaiot_transports::business_rpc::v3: business RPC V3 writer completed frame stream_id=0 frame_type=WindowUpdate payload_bytes=4
2026-09-26T01:40:24.732936Z DEBUG netbaiot_transports::business_rpc::v3: business RPC V3 received frame stream_id=0 frame_type=WindowUpdate payload_bytes=4
2026-09-26T01:40:24.732968Z DEBUG netbaiot_transports::business_rpc::v3: business RPC V3 received frame stream_id=120 frame_type=WindowUpdate payload_bytes=4
2026-09-26T01:40:24.732976Z DEBUG netbaiot_transports::business_rpc::v3: business RPC V3 received frame stream_id=0 frame_type=WindowUpdate payload_bytes=4
2026-09-26T01:40:24.732988Z DEBUG netbaiot_transports::business_rpc::v3: business RPC V3 received frame stream_id=120 frame_type=Response payload_bytes=35
2026-09-26T01:40:24.733003Z DEBUG netbaiot_transports::business_rpc::v3: business RPC V3 received frame stream_id=120 frame_type=Data payload_bytes=118
2026-09-26T01:40:24.733021Z DEBUG netbaiot_transports::business_rpc::v3: business RPC V3 Event delivery acknowledged stream_id=120 completion_us=186884
2026-09-26T01:40:24.733055Z DEBUG netbaiot_transports::business_rpc::v3: business RPC V3 selected frame stream_id=0 frame_type=WindowUpdate payload_bytes=4
2026-09-26T01:40:24.733086Z DEBUG netbaiot_transports::business_rpc::v3: business RPC V3 writer completed frame stream_id=0 frame_type=WindowUpdate payload_bytes=4
2026-09-26T01:40:25.046389Z DEBUG netbaiot_transports::business_rpc::v3: business RPC V3 body entered scheduler stream_id=122 class=Event body_bytes=17365
2026-09-26T01:40:25.046492Z DEBUG netbaiot_transports::business_rpc::v3: business RPC V3 selected frame stream_id=122 frame_type=Open payload_bytes=184
2026-09-26T01:40:25.046563Z DEBUG netbaiot_transports::business_rpc::v3: business RPC V3 writer completed frame stream_id=122 frame_type=Open payload_bytes=184
2026-09-26T01:40:25.046594Z DEBUG netbaiot_transports::business_rpc::v3: business RPC V3 selected frame stream_id=122 frame_type=Data payload_bytes=8192
2026-09-26T01:40:25.046626Z DEBUG netbaiot_transports::business_rpc::v3: business RPC V3 writer completed frame stream_id=122 frame_type=Data payload_bytes=8192
2026-09-26T01:40:25.046637Z DEBUG netbaiot_transports::business_rpc::v3: business RPC V3 selected frame stream_id=122 frame_type=Data payload_bytes=8192
2026-09-26T01:40:25.046675Z DEBUG netbaiot_transports::business_rpc::v3: business RPC V3 writer completed frame stream_id=122 frame_type=Data payload_bytes=8192
2026-09-26T01:40:25.046687Z DEBUG netbaiot_transports::business_rpc::v3: business RPC V3 selected frame stream_id=122 frame_type=Data payload_bytes=981
2026-09-26T01:40:25.046698Z DEBUG netbaiot_transports::business_rpc::v3: business RPC V3 writer completed frame stream_id=122 frame_type=Data payload_bytes=981
2026-09-26T01:40:25.163745Z DEBUG netbaiot_transports::business_rpc::v3: business RPC V3 received frame stream_id=0 frame_type=WindowUpdate payload_bytes=4
2026-09-26T01:40:25.163853Z DEBUG netbaiot_transports::business_rpc::v3: business RPC V3 received frame stream_id=122 frame_type=WindowUpdate payload_bytes=4
2026-09-26T01:40:25.194584Z DEBUG netbaiot_transports::business_rpc::v3: business RPC V3 received frame stream_id=0 frame_type=WindowUpdate payload_bytes=4
2026-09-26T01:40:25.194659Z DEBUG netbaiot_transports::business_rpc::v3: business RPC V3 received frame stream_id=122 frame_type=WindowUpdate payload_bytes=4
2026-09-26T01:40:25.194675Z DEBUG netbaiot_transports::business_rpc::v3: business RPC V3 received frame stream_id=0 frame_type=WindowUpdate payload_bytes=4
2026-09-26T01:40:25.221757Z DEBUG netbaiot_transports::business_rpc::v3: business RPC V3 received frame stream_id=122 frame_type=Response payload_bytes=35
2026-09-26T01:40:25.221795Z DEBUG netbaiot_transports::business_rpc::v3: business RPC V3 received frame stream_id=122 frame_type=Data payload_bytes=118
2026-09-26T01:40:25.221809Z DEBUG netbaiot_transports::business_rpc::v3: business RPC V3 Event delivery acknowledged stream_id=122 completion_us=175438
2026-09-26T01:40:25.221837Z DEBUG netbaiot_transports::business_rpc::v3: business RPC V3 selected frame stream_id=0 frame_type=WindowUpdate payload_bytes=4
2026-09-26T01:40:25.221860Z DEBUG netbaiot_transports::business_rpc::v3: business RPC V3 writer completed frame stream_id=0 frame_type=WindowUpdate payload_bytes=4
2026-09-26T01:40:25.242072Z DEBUG netbaiot_transports::business_rpc::v3: business RPC V3 body entered scheduler stream_id=124 class=Rpc body_bytes=197
2026-09-26T01:40:25.242095Z DEBUG netbaiot_transports::business_rpc::v3: business RPC V3 selected frame stream_id=124 frame_type=Open payload_bytes=158
2026-09-26T01:40:25.242116Z DEBUG netbaiot_transports::business_rpc::v3: business RPC V3 writer completed frame stream_id=124 frame_type=Open payload_bytes=158
2026-09-26T01:40:25.242125Z DEBUG netbaiot_transports::business_rpc::v3: business RPC V3 selected frame stream_id=124 frame_type=Data payload_bytes=197
2026-09-26T01:40:25.242135Z DEBUG netbaiot_transports::business_rpc::v3: business RPC V3 writer completed frame stream_id=124 frame_type=Data payload_bytes=197
2026-09-26T01:40:25.303899Z DEBUG netbaiot_transports::business_rpc::v3: business RPC V3 received frame stream_id=0 frame_type=WindowUpdate payload_bytes=4
2026-09-26T01:40:25.304003Z DEBUG netbaiot_transports::business_rpc::v3: business RPC V3 received frame stream_id=124 frame_type=Response payload_bytes=35
2026-09-26T01:40:25.304033Z DEBUG netbaiot_transports::business_rpc::v3: business RPC V3 received frame stream_id=124 frame_type=Data payload_bytes=215
2026-09-26T01:40:25.304100Z DEBUG netbaiot_transports::business_rpc::v3: business RPC V3 selected frame stream_id=0 frame_type=WindowUpdate payload_bytes=4
2026-09-26T01:40:25.304163Z DEBUG netbaiot_transports::business_rpc::v3: business RPC V3 writer completed frame stream_id=0 frame_type=WindowUpdate payload_bytes=4
2026-09-26T01:40:25.304869Z DEBUG netbaiot_transports::business_rpc::v3: business RPC V3 body entered scheduler stream_id=126 class=Rpc body_bytes=197
2026-09-26T01:40:25.304925Z DEBUG netbaiot_transports::business_rpc::v3: business RPC V3 selected frame stream_id=126 frame_type=Open payload_bytes=158
2026-09-26T01:40:25.304946Z DEBUG netbaiot_transports::business_rpc::v3: business RPC V3 writer completed frame stream_id=126 frame_type=Open payload_bytes=158
2026-09-26T01:40:25.304959Z DEBUG netbaiot_transports::business_rpc::v3: business RPC V3 selected frame stream_id=126 frame_type=Data payload_bytes=197
2026-09-26T01:40:25.304970Z DEBUG netbaiot_transports::business_rpc::v3: business RPC V3 writer completed frame stream_id=126 frame_type=Data payload_bytes=197
2026-09-26T01:40:25.387381Z DEBUG netbaiot_transports::business_rpc::v3: business RPC V3 received frame stream_id=0 frame_type=WindowUpdate payload_bytes=4
2026-09-26T01:40:25.387462Z DEBUG netbaiot_transports::business_rpc::v3: business RPC V3 received frame stream_id=126 frame_type=Response payload_bytes=35
2026-09-26T01:40:25.387486Z DEBUG netbaiot_transports::business_rpc::v3: business RPC V3 received frame stream_id=126 frame_type=Data payload_bytes=215
2026-09-26T01:40:25.387563Z DEBUG netbaiot_transports::business_rpc::v3: business RPC V3 selected frame stream_id=0 frame_type=WindowUpdate payload_bytes=4
2026-09-26T01:40:25.387623Z DEBUG netbaiot_transports::business_rpc::v3: business RPC V3 writer completed frame stream_id=0 frame_type=WindowUpdate payload_bytes=4
2026-09-26T01:40:25.388351Z DEBUG netbaiot_transports::business_rpc::v3: business RPC V3 body entered scheduler stream_id=128 class=Rpc body_bytes=197
2026-09-26T01:40:25.388404Z DEBUG netbaiot_transports::business_rpc::v3: business RPC V3 selected frame stream_id=128 frame_type=Open payload_bytes=158
2026-09-26T01:40:25.388445Z DEBUG netbaiot_transports::business_rpc::v3: business RPC V3 writer completed frame stream_id=128 frame_type=Open payload_bytes=158
2026-09-26T01:40:25.388461Z DEBUG netbaiot_transports::business_rpc::v3: business RPC V3 selected frame stream_id=128 frame_type=Data payload_bytes=197
2026-09-26T01:40:25.388472Z DEBUG netbaiot_transports::business_rpc::v3: business RPC V3 writer completed frame stream_id=128 frame_type=Data payload_bytes=197
2026-09-26T01:40:25.417370Z DEBUG netbaiot_transports::business_rpc::v3: business RPC V3 body entered scheduler stream_id=130 class=Rpc body_bytes=197
2026-09-26T01:40:25.417453Z DEBUG netbaiot_transports::business_rpc::v3: business RPC V3 selected frame stream_id=130 frame_type=Open payload_bytes=158
2026-09-26T01:40:25.417494Z DEBUG netbaiot_transports::business_rpc::v3: business RPC V3 writer completed frame stream_id=130 frame_type=Open payload_bytes=158
2026-09-26T01:40:25.417517Z DEBUG netbaiot_transports::business_rpc::v3: business RPC V3 selected frame stream_id=130 frame_type=Data payload_bytes=197
2026-09-26T01:40:25.417534Z DEBUG netbaiot_transports::business_rpc::v3: business RPC V3 writer completed frame stream_id=130 frame_type=Data payload_bytes=197
2026-09-26T01:40:25.470968Z DEBUG netbaiot_transports::business_rpc::v3: business RPC V3 received frame stream_id=0 frame_type=WindowUpdate payload_bytes=4
2026-09-26T01:40:25.471078Z DEBUG netbaiot_transports::business_rpc::v3: business RPC V3 received frame stream_id=128 frame_type=Response payload_bytes=35
2026-09-26T01:40:25.480783Z DEBUG netbaiot_transports::business_rpc::v3: business RPC V3 body entered scheduler stream_id=132 class=Rpc body_bytes=197
2026-09-26T01:40:25.480866Z DEBUG netbaiot_transports::business_rpc::v3: business RPC V3 selected frame stream_id=132 frame_type=Open payload_bytes=158
2026-09-26T01:40:25.480893Z DEBUG netbaiot_transports::business_rpc::v3: business RPC V3 writer completed frame stream_id=132 frame_type=Open payload_bytes=158
2026-09-26T01:40:25.480905Z DEBUG netbaiot_transports::business_rpc::v3: business RPC V3 selected frame stream_id=132 frame_type=Data payload_bytes=197
2026-09-26T01:40:25.480916Z DEBUG netbaiot_transports::business_rpc::v3: business RPC V3 writer completed frame stream_id=132 frame_type=Data payload_bytes=197
2026-09-26T01:40:25.498376Z DEBUG netbaiot_transports::business_rpc::v3: business RPC V3 received frame stream_id=128 frame_type=Data payload_bytes=215
2026-09-26T01:40:25.498547Z DEBUG netbaiot_transports::business_rpc::v3: business RPC V3 selected frame stream_id=0 frame_type=WindowUpdate payload_bytes=4
2026-09-26T01:40:25.498623Z DEBUG netbaiot_transports::business_rpc::v3: business RPC V3 writer completed frame stream_id=0 frame_type=WindowUpdate payload_bytes=4
2026-09-26T01:40:25.499293Z DEBUG netbaiot_transports::business_rpc::v3: business RPC V3 body entered scheduler stream_id=134 class=Rpc body_bytes=197
2026-09-26T01:40:25.499324Z DEBUG netbaiot_transports::business_rpc::v3: business RPC V3 selected frame stream_id=134 frame_type=Open payload_bytes=158
2026-09-26T01:40:25.499339Z DEBUG netbaiot_transports::business_rpc::v3: business RPC V3 writer completed frame stream_id=134 frame_type=Open payload_bytes=158
2026-09-26T01:40:25.499348Z DEBUG netbaiot_transports::business_rpc::v3: business RPC V3 selected frame stream_id=134 frame_type=Data payload_bytes=197
2026-09-26T01:40:25.499358Z DEBUG netbaiot_transports::business_rpc::v3: business RPC V3 writer completed frame stream_id=134 frame_type=Data payload_bytes=197
2026-09-26T01:40:25.515403Z DEBUG netbaiot_transports::business_rpc::v3: business RPC V3 body entered scheduler stream_id=136 class=Rpc body_bytes=197
2026-09-26T01:40:25.515485Z DEBUG netbaiot_transports::business_rpc::v3: business RPC V3 selected frame stream_id=136 frame_type=Open payload_bytes=158
2026-09-26T01:40:25.515515Z DEBUG netbaiot_transports::business_rpc::v3: business RPC V3 writer completed frame stream_id=136 frame_type=Open payload_bytes=158
2026-09-26T01:40:25.515530Z DEBUG netbaiot_transports::business_rpc::v3: business RPC V3 selected frame stream_id=136 frame_type=Data payload_bytes=197
2026-09-26T01:40:25.515543Z DEBUG netbaiot_transports::business_rpc::v3: business RPC V3 writer completed frame stream_id=136 frame_type=Data payload_bytes=197
2026-09-26T01:40:25.525926Z DEBUG netbaiot_transports::business_rpc::v3: business RPC V3 received frame stream_id=0 frame_type=WindowUpdate payload_bytes=4
2026-09-26T01:40:25.526010Z DEBUG netbaiot_transports::business_rpc::v3: business RPC V3 received frame stream_id=130 frame_type=Response payload_bytes=35
2026-09-26T01:40:25.526033Z DEBUG netbaiot_transports::business_rpc::v3: business RPC V3 received frame stream_id=130 frame_type=Data payload_bytes=215
2026-09-26T01:40:25.526101Z DEBUG netbaiot_transports::business_rpc::v3: business RPC V3 selected frame stream_id=0 frame_type=WindowUpdate payload_bytes=4
2026-09-26T01:40:25.526155Z DEBUG netbaiot_transports::business_rpc::v3: business RPC V3 writer completed frame stream_id=0 frame_type=WindowUpdate payload_bytes=4
2026-09-26T01:40:25.526691Z DEBUG netbaiot_transports::business_rpc::v3: business RPC V3 body entered scheduler stream_id=138 class=Rpc body_bytes=197
2026-09-26T01:40:25.526753Z DEBUG netbaiot_transports::business_rpc::v3: business RPC V3 selected frame stream_id=138 frame_type=Open payload_bytes=158
2026-09-26T01:40:25.526778Z DEBUG netbaiot_transports::business_rpc::v3: business RPC V3 writer completed frame stream_id=138 frame_type=Open payload_bytes=158
2026-09-26T01:40:25.526795Z DEBUG netbaiot_transports::business_rpc::v3: business RPC V3 selected frame stream_id=138 frame_type=Data payload_bytes=197
2026-09-26T01:40:25.526809Z DEBUG netbaiot_transports::business_rpc::v3: business RPC V3 writer completed frame stream_id=138 frame_type=Data payload_bytes=197
2026-09-26T01:40:25.526898Z DEBUG netbaiot_transports::business_rpc::v3: business RPC V3 body entered scheduler stream_id=140 class=Rpc body_bytes=197
2026-09-26T01:40:25.526909Z DEBUG netbaiot_transports::business_rpc::v3: business RPC V3 selected frame stream_id=140 frame_type=Open payload_bytes=158
2026-09-26T01:40:25.526923Z DEBUG netbaiot_transports::business_rpc::v3: business RPC V3 writer completed frame stream_id=140 frame_type=Open payload_bytes=158
2026-09-26T01:40:25.526931Z DEBUG netbaiot_transports::business_rpc::v3: business RPC V3 selected frame stream_id=140 frame_type=Data payload_bytes=197
2026-09-26T01:40:25.526943Z DEBUG netbaiot_transports::business_rpc::v3: business RPC V3 writer completed frame stream_id=140 frame_type=Data payload_bytes=197
2026-09-26T01:40:25.545734Z DEBUG netbaiot_transports::business_rpc::v3: business RPC V3 body entered scheduler stream_id=142 class=Event body_bytes=17365
2026-09-26T01:40:25.545834Z DEBUG netbaiot_transports::business_rpc::v3: business RPC V3 selected frame stream_id=142 frame_type=Open payload_bytes=184
2026-09-26T01:40:25.545921Z DEBUG netbaiot_transports::business_rpc::v3: business RPC V3 writer completed frame stream_id=142 frame_type=Open payload_bytes=184
2026-09-26T01:40:25.545962Z DEBUG netbaiot_transports::business_rpc::v3: business RPC V3 selected frame stream_id=142 frame_type=Data payload_bytes=8192
2026-09-26T01:40:25.545998Z DEBUG netbaiot_transports::business_rpc::v3: business RPC V3 writer completed frame stream_id=142 frame_type=Data payload_bytes=8192
2026-09-26T01:40:25.546011Z DEBUG netbaiot_transports::business_rpc::v3: business RPC V3 selected frame stream_id=142 frame_type=Data payload_bytes=8192
2026-09-26T01:40:25.546045Z DEBUG netbaiot_transports::business_rpc::v3: business RPC V3 writer completed frame stream_id=142 frame_type=Data payload_bytes=8192
2026-09-26T01:40:25.546069Z DEBUG netbaiot_transports::business_rpc::v3: business RPC V3 selected frame stream_id=142 frame_type=Data payload_bytes=981
2026-09-26T01:40:25.546086Z DEBUG netbaiot_transports::business_rpc::v3: business RPC V3 writer completed frame stream_id=142 frame_type=Data payload_bytes=981
2026-09-26T01:40:25.592345Z DEBUG netbaiot_transports::business_rpc::v3: business RPC V3 received frame stream_id=0 frame_type=WindowUpdate payload_bytes=4
2026-09-26T01:40:25.592460Z DEBUG netbaiot_transports::business_rpc::v3: business RPC V3 received frame stream_id=0 frame_type=WindowUpdate payload_bytes=4
2026-09-26T01:40:25.592488Z DEBUG netbaiot_transports::business_rpc::v3: business RPC V3 received frame stream_id=134 frame_type=Response payload_bytes=35
2026-09-26T01:40:25.592508Z DEBUG netbaiot_transports::business_rpc::v3: business RPC V3 received frame stream_id=134 frame_type=Data payload_bytes=215
2026-09-26T01:40:25.592571Z DEBUG netbaiot_transports::business_rpc::v3: business RPC V3 received frame stream_id=132 frame_type=Response payload_bytes=35
2026-09-26T01:40:25.592591Z DEBUG netbaiot_transports::business_rpc::v3: business RPC V3 received frame stream_id=132 frame_type=Data payload_bytes=215
2026-09-26T01:40:25.592617Z DEBUG netbaiot_transports::business_rpc::v3: business RPC V3 selected frame stream_id=0 frame_type=WindowUpdate payload_bytes=4
2026-09-26T01:40:25.592679Z DEBUG netbaiot_transports::business_rpc::v3: business RPC V3 writer completed frame stream_id=0 frame_type=WindowUpdate payload_bytes=4
2026-09-26T01:40:25.592697Z DEBUG netbaiot_transports::business_rpc::v3: business RPC V3 selected frame stream_id=0 frame_type=WindowUpdate payload_bytes=4
2026-09-26T01:40:25.592715Z DEBUG netbaiot_transports::business_rpc::v3: business RPC V3 writer completed frame stream_id=0 frame_type=WindowUpdate payload_bytes=4
2026-09-26T01:40:25.593647Z DEBUG netbaiot_transports::business_rpc::v3: business RPC V3 body entered scheduler stream_id=144 class=Rpc body_bytes=197
2026-09-26T01:40:25.593717Z DEBUG netbaiot_transports::business_rpc::v3: business RPC V3 body entered scheduler stream_id=146 class=Rpc body_bytes=197
2026-09-26T01:40:25.593732Z DEBUG netbaiot_transports::business_rpc::v3: business RPC V3 selected frame stream_id=144 frame_type=Open payload_bytes=158
2026-09-26T01:40:25.593773Z DEBUG netbaiot_transports::business_rpc::v3: business RPC V3 writer completed frame stream_id=144 frame_type=Open payload_bytes=158
2026-09-26T01:40:25.593788Z DEBUG netbaiot_transports::business_rpc::v3: business RPC V3 selected frame stream_id=146 frame_type=Open payload_bytes=158
2026-09-26T01:40:25.593804Z DEBUG netbaiot_transports::business_rpc::v3: business RPC V3 writer completed frame stream_id=146 frame_type=Open payload_bytes=158
2026-09-26T01:40:25.593816Z DEBUG netbaiot_transports::business_rpc::v3: business RPC V3 selected frame stream_id=144 frame_type=Data payload_bytes=197
2026-09-26T01:40:25.593835Z DEBUG netbaiot_transports::business_rpc::v3: business RPC V3 writer completed frame stream_id=144 frame_type=Data payload_bytes=197
2026-09-26T01:40:25.593850Z DEBUG netbaiot_transports::business_rpc::v3: business RPC V3 selected frame stream_id=146 frame_type=Data payload_bytes=197
2026-09-26T01:40:25.593896Z DEBUG netbaiot_transports::business_rpc::v3: business RPC V3 writer completed frame stream_id=146 frame_type=Data payload_bytes=197
2026-09-26T01:40:25.615123Z DEBUG netbaiot_transports::business_rpc::v3: business RPC V3 body entered scheduler stream_id=148 class=Rpc body_bytes=197
2026-09-26T01:40:25.615204Z DEBUG netbaiot_transports::business_rpc::v3: business RPC V3 selected frame stream_id=148 frame_type=Open payload_bytes=158
2026-09-26T01:40:25.615237Z DEBUG netbaiot_transports::business_rpc::v3: business RPC V3 writer completed frame stream_id=148 frame_type=Open payload_bytes=158
2026-09-26T01:40:25.615252Z DEBUG netbaiot_transports::business_rpc::v3: business RPC V3 selected frame stream_id=148 frame_type=Data payload_bytes=197
2026-09-26T01:40:25.615265Z DEBUG netbaiot_transports::business_rpc::v3: business RPC V3 writer completed frame stream_id=148 frame_type=Data payload_bytes=197
2026-09-26T01:40:25.621950Z DEBUG netbaiot_transports::business_rpc::v3: business RPC V3 received frame stream_id=0 frame_type=WindowUpdate payload_bytes=4
2026-09-26T01:40:25.622056Z DEBUG netbaiot_transports::business_rpc::v3: business RPC V3 received frame stream_id=0 frame_type=WindowUpdate payload_bytes=4
2026-09-26T01:40:25.622084Z DEBUG netbaiot_transports::business_rpc::v3: business RPC V3 received frame stream_id=0 frame_type=WindowUpdate payload_bytes=4
2026-09-26T01:40:25.622101Z DEBUG netbaiot_transports::business_rpc::v3: business RPC V3 received frame stream_id=140 frame_type=Response payload_bytes=35
2026-09-26T01:40:25.622128Z DEBUG netbaiot_transports::business_rpc::v3: business RPC V3 received frame stream_id=140 frame_type=Data payload_bytes=215
2026-09-26T01:40:25.622193Z DEBUG netbaiot_transports::business_rpc::v3: business RPC V3 received frame stream_id=136 frame_type=Response payload_bytes=35
2026-09-26T01:40:25.622217Z DEBUG netbaiot_transports::business_rpc::v3: business RPC V3 received frame stream_id=138 frame_type=Response payload_bytes=35
2026-09-26T01:40:25.622222Z DEBUG netbaiot_transports::business_rpc::v3: business RPC V3 selected frame stream_id=0 frame_type=WindowUpdate payload_bytes=4
2026-09-26T01:40:25.622232Z DEBUG netbaiot_transports::business_rpc::v3: business RPC V3 received frame stream_id=136 frame_type=Data payload_bytes=215
2026-09-26T01:40:25.622297Z DEBUG netbaiot_transports::business_rpc::v3: business RPC V3 writer completed frame stream_id=0 frame_type=WindowUpdate payload_bytes=4
2026-09-26T01:40:25.622325Z DEBUG netbaiot_transports::business_rpc::v3: business RPC V3 selected frame stream_id=0 frame_type=WindowUpdate payload_bytes=4
2026-09-26T01:40:25.622345Z DEBUG netbaiot_transports::business_rpc::v3: business RPC V3 received frame stream_id=138 frame_type=Data payload_bytes=215
2026-09-26T01:40:25.622349Z DEBUG netbaiot_transports::business_rpc::v3: business RPC V3 writer completed frame stream_id=0 frame_type=WindowUpdate payload_bytes=4
2026-09-26T01:40:25.622393Z DEBUG netbaiot_transports::business_rpc::v3: business RPC V3 selected frame stream_id=0 frame_type=WindowUpdate payload_bytes=4
2026-09-26T01:40:25.622424Z DEBUG netbaiot_transports::business_rpc::v3: business RPC V3 writer completed frame stream_id=0 frame_type=WindowUpdate payload_bytes=4
2026-09-26T01:40:25.623570Z DEBUG netbaiot_transports::business_rpc::v3: business RPC V3 body entered scheduler stream_id=150 class=Rpc body_bytes=197
2026-09-26T01:40:25.623646Z DEBUG netbaiot_transports::business_rpc::v3: business RPC V3 body entered scheduler stream_id=152 class=Rpc body_bytes=197
2026-09-26T01:40:25.623667Z DEBUG netbaiot_transports::business_rpc::v3: business RPC V3 body entered scheduler stream_id=154 class=Rpc body_bytes=197
2026-09-26T01:40:25.623681Z DEBUG netbaiot_transports::business_rpc::v3: business RPC V3 selected frame stream_id=150 frame_type=Open payload_bytes=158
2026-09-26T01:40:25.623712Z DEBUG netbaiot_transports::business_rpc::v3: business RPC V3 writer completed frame stream_id=150 frame_type=Open payload_bytes=158
2026-09-26T01:40:25.623733Z DEBUG netbaiot_transports::business_rpc::v3: business RPC V3 selected frame stream_id=150 frame_type=Data payload_bytes=197
2026-09-26T01:40:25.623752Z DEBUG netbaiot_transports::business_rpc::v3: business RPC V3 writer completed frame stream_id=150 frame_type=Data payload_bytes=197
2026-09-26T01:40:25.623767Z DEBUG netbaiot_transports::business_rpc::v3: business RPC V3 selected frame stream_id=152 frame_type=Open payload_bytes=158
2026-09-26T01:40:25.623785Z DEBUG netbaiot_transports::business_rpc::v3: business RPC V3 writer completed frame stream_id=152 frame_type=Open payload_bytes=158
2026-09-26T01:40:25.623797Z DEBUG netbaiot_transports::business_rpc::v3: business RPC V3 selected frame stream_id=154 frame_type=Open payload_bytes=158
2026-09-26T01:40:25.623824Z DEBUG netbaiot_transports::business_rpc::v3: business RPC V3 writer completed frame stream_id=154 frame_type=Open payload_bytes=158
2026-09-26T01:40:25.623838Z DEBUG netbaiot_transports::business_rpc::v3: business RPC V3 selected frame stream_id=152 frame_type=Data payload_bytes=197
2026-09-26T01:40:25.623858Z DEBUG netbaiot_transports::business_rpc::v3: business RPC V3 writer completed frame stream_id=152 frame_type=Data payload_bytes=197
2026-09-26T01:40:25.623869Z DEBUG netbaiot_transports::business_rpc::v3: business RPC V3 selected frame stream_id=154 frame_type=Data payload_bytes=197
2026-09-26T01:40:25.623882Z DEBUG netbaiot_transports::business_rpc::v3: business RPC V3 writer completed frame stream_id=154 frame_type=Data payload_bytes=197
2026-09-26T01:40:25.684016Z DEBUG netbaiot_transports::business_rpc::v3: business RPC V3 body entered scheduler stream_id=156 class=Rpc body_bytes=197
2026-09-26T01:40:25.684095Z DEBUG netbaiot_transports::business_rpc::v3: business RPC V3 selected frame stream_id=156 frame_type=Open payload_bytes=158
2026-09-26T01:40:25.684133Z DEBUG netbaiot_transports::business_rpc::v3: business RPC V3 writer completed frame stream_id=156 frame_type=Open payload_bytes=158
2026-09-26T01:40:25.684152Z DEBUG netbaiot_transports::business_rpc::v3: business RPC V3 selected frame stream_id=156 frame_type=Data payload_bytes=197
2026-09-26T01:40:25.684166Z DEBUG netbaiot_transports::business_rpc::v3: business RPC V3 writer completed frame stream_id=156 frame_type=Data payload_bytes=197
2026-09-26T01:40:25.684282Z DEBUG netbaiot_transports::business_rpc::v3: business RPC V3 body entered scheduler stream_id=158 class=Rpc body_bytes=197
2026-09-26T01:40:25.684302Z DEBUG netbaiot_transports::business_rpc::v3: business RPC V3 selected frame stream_id=158 frame_type=Open payload_bytes=158
2026-09-26T01:40:25.684314Z DEBUG netbaiot_transports::business_rpc::v3: business RPC V3 writer completed frame stream_id=158 frame_type=Open payload_bytes=158
2026-09-26T01:40:25.684322Z DEBUG netbaiot_transports::business_rpc::v3: business RPC V3 selected frame stream_id=158 frame_type=Data payload_bytes=197
2026-09-26T01:40:25.684333Z DEBUG netbaiot_transports::business_rpc::v3: business RPC V3 writer completed frame stream_id=158 frame_type=Data payload_bytes=197
2026-09-26T01:40:25.710987Z DEBUG netbaiot_transports::business_rpc::v3: business RPC V3 received frame stream_id=0 frame_type=WindowUpdate payload_bytes=4
2026-09-26T01:40:25.711016Z DEBUG netbaiot_transports::business_rpc::v3: business RPC V3 received frame stream_id=142 frame_type=WindowUpdate payload_bytes=4
2026-09-26T01:40:25.715763Z DEBUG netbaiot_transports::business_rpc::v3: business RPC V3 body entered scheduler stream_id=160 class=Rpc body_bytes=197
2026-09-26T01:40:25.715780Z DEBUG netbaiot_transports::business_rpc::v3: business RPC V3 selected frame stream_id=160 frame_type=Open payload_bytes=158
2026-09-26T01:40:25.715814Z DEBUG netbaiot_transports::business_rpc::v3: business RPC V3 writer completed frame stream_id=160 frame_type=Open payload_bytes=158
2026-09-26T01:40:25.715831Z DEBUG netbaiot_transports::business_rpc::v3: business RPC V3 selected frame stream_id=160 frame_type=Data payload_bytes=197
2026-09-26T01:40:25.715841Z DEBUG netbaiot_transports::business_rpc::v3: business RPC V3 writer completed frame stream_id=160 frame_type=Data payload_bytes=197
2026-09-26T01:40:25.744778Z DEBUG netbaiot_transports::business_rpc::v3: business RPC V3 received frame stream_id=0 frame_type=WindowUpdate payload_bytes=4
2026-09-26T01:40:25.744821Z DEBUG netbaiot_transports::business_rpc::v3: business RPC V3 received frame stream_id=142 frame_type=WindowUpdate payload_bytes=4
2026-09-26T01:40:25.744829Z DEBUG netbaiot_transports::business_rpc::v3: business RPC V3 received frame stream_id=0 frame_type=WindowUpdate payload_bytes=4
2026-09-26T01:40:25.744836Z DEBUG netbaiot_transports::business_rpc::v3: business RPC V3 received frame stream_id=0 frame_type=WindowUpdate payload_bytes=4
2026-09-26T01:40:25.744842Z DEBUG netbaiot_transports::business_rpc::v3: business RPC V3 received frame stream_id=0 frame_type=WindowUpdate payload_bytes=4
2026-09-26T01:40:25.744847Z DEBUG netbaiot_transports::business_rpc::v3: business RPC V3 received frame stream_id=0 frame_type=WindowUpdate payload_bytes=4
2026-09-26T01:40:25.744852Z DEBUG netbaiot_transports::business_rpc::v3: business RPC V3 received frame stream_id=0 frame_type=WindowUpdate payload_bytes=4
2026-09-26T01:40:25.744857Z DEBUG netbaiot_transports::business_rpc::v3: business RPC V3 received frame stream_id=0 frame_type=WindowUpdate payload_bytes=4
2026-09-26T01:40:25.744861Z DEBUG netbaiot_transports::business_rpc::v3: business RPC V3 received frame stream_id=0 frame_type=WindowUpdate payload_bytes=4
2026-09-26T01:40:25.744866Z DEBUG netbaiot_transports::business_rpc::v3: business RPC V3 received frame stream_id=154 frame_type=Response payload_bytes=35
2026-09-26T01:40:25.744877Z DEBUG netbaiot_transports::business_rpc::v3: business RPC V3 received frame stream_id=144 frame_type=Response payload_bytes=35
2026-09-26T01:40:25.744882Z DEBUG netbaiot_transports::business_rpc::v3: business RPC V3 received frame stream_id=148 frame_type=Response payload_bytes=35
2026-09-26T01:40:25.744888Z DEBUG netbaiot_transports::business_rpc::v3: business RPC V3 received frame stream_id=154 frame_type=Data payload_bytes=215
2026-09-26T01:40:25.744923Z DEBUG netbaiot_transports::business_rpc::v3: business RPC V3 received frame stream_id=146 frame_type=Response payload_bytes=35
2026-09-26T01:40:25.744931Z DEBUG netbaiot_transports::business_rpc::v3: business RPC V3 received frame stream_id=152 frame_type=Response payload_bytes=35
2026-09-26T01:40:25.744937Z DEBUG netbaiot_transports::business_rpc::v3: business RPC V3 received frame stream_id=150 frame_type=Response payload_bytes=35
2026-09-26T01:40:25.744942Z DEBUG netbaiot_transports::business_rpc::v3: business RPC V3 received frame stream_id=144 frame_type=Data payload_bytes=215
2026-09-26T01:40:25.744940Z DEBUG netbaiot_transports::business_rpc::v3: business RPC V3 selected frame stream_id=0 frame_type=WindowUpdate payload_bytes=4
2026-09-26T01:40:25.744963Z DEBUG netbaiot_transports::business_rpc::v3: business RPC V3 received frame stream_id=148 frame_type=Data payload_bytes=215
2026-09-26T01:40:25.744980Z DEBUG netbaiot_transports::business_rpc::v3: business RPC V3 received frame stream_id=146 frame_type=Data payload_bytes=215
2026-09-26T01:40:25.744980Z DEBUG netbaiot_transports::business_rpc::v3: business RPC V3 writer completed frame stream_id=0 frame_type=WindowUpdate payload_bytes=4
2026-09-26T01:40:25.745004Z DEBUG netbaiot_transports::business_rpc::v3: business RPC V3 selected frame stream_id=0 frame_type=WindowUpdate payload_bytes=4
2026-09-26T01:40:25.744996Z DEBUG netbaiot_transports::business_rpc::v3: business RPC V3 received frame stream_id=152 frame_type=Data payload_bytes=215
2026-09-26T01:40:25.745019Z DEBUG netbaiot_transports::business_rpc::v3: business RPC V3 writer completed frame stream_id=0 frame_type=WindowUpdate payload_bytes=4
2026-09-26T01:40:25.745039Z DEBUG netbaiot_transports::business_rpc::v3: business RPC V3 selected frame stream_id=0 frame_type=WindowUpdate payload_bytes=4
2026-09-26T01:40:25.745049Z DEBUG netbaiot_transports::business_rpc::v3: business RPC V3 writer completed frame stream_id=0 frame_type=WindowUpdate payload_bytes=4
2026-09-26T01:40:25.745054Z DEBUG netbaiot_transports::business_rpc::v3: business RPC V3 selected frame stream_id=0 frame_type=WindowUpdate payload_bytes=4
2026-09-26T01:40:25.745062Z DEBUG netbaiot_transports::business_rpc::v3: business RPC V3 writer completed frame stream_id=0 frame_type=WindowUpdate payload_bytes=4
2026-09-26T01:40:25.745068Z DEBUG netbaiot_transports::business_rpc::v3: business RPC V3 selected frame stream_id=0 frame_type=WindowUpdate payload_bytes=4
2026-09-26T01:40:25.745081Z DEBUG netbaiot_transports::business_rpc::v3: business RPC V3 writer completed frame stream_id=0 frame_type=WindowUpdate payload_bytes=4
2026-09-26T01:40:25.745081Z DEBUG netbaiot_transports::business_rpc::v3: business RPC V3 received frame stream_id=150 frame_type=Data payload_bytes=215
2026-09-26T01:40:25.745127Z DEBUG netbaiot_transports::business_rpc::v3: business RPC V3 received frame stream_id=142 frame_type=Response payload_bytes=35
2026-09-26T01:40:25.745136Z DEBUG netbaiot_transports::business_rpc::v3: business RPC V3 selected frame stream_id=0 frame_type=WindowUpdate payload_bytes=4
2026-09-26T01:40:25.745141Z DEBUG netbaiot_transports::business_rpc::v3: business RPC V3 received frame stream_id=142 frame_type=Data payload_bytes=118
2026-09-26T01:40:25.745170Z DEBUG netbaiot_transports::business_rpc::v3: business RPC V3 writer completed frame stream_id=0 frame_type=WindowUpdate payload_bytes=4
2026-09-26T01:40:25.745247Z DEBUG netbaiot_transports::business_rpc::v3: business RPC V3 selected frame stream_id=0 frame_type=WindowUpdate payload_bytes=4
2026-09-26T01:40:25.745251Z DEBUG netbaiot_transports::business_rpc::v3: business RPC V3 Event delivery acknowledged stream_id=142 completion_us=199535
2026-09-26T01:40:25.745260Z DEBUG netbaiot_transports::business_rpc::v3: business RPC V3 writer completed frame stream_id=0 frame_type=WindowUpdate payload_bytes=4
2026-09-26T01:40:25.745804Z DEBUG netbaiot_transports::business_rpc::v3: business RPC V3 body entered scheduler stream_id=162 class=Rpc body_bytes=197
2026-09-26T01:40:25.745814Z DEBUG netbaiot_transports::business_rpc::v3: business RPC V3 body entered scheduler stream_id=164 class=Rpc body_bytes=197
2026-09-26T01:40:25.745819Z DEBUG netbaiot_transports::business_rpc::v3: business RPC V3 selected frame stream_id=162 frame_type=Open payload_bytes=158
2026-09-26T01:40:25.745833Z DEBUG netbaiot_transports::business_rpc::v3: business RPC V3 writer completed frame stream_id=162 frame_type=Open payload_bytes=158
2026-09-26T01:40:25.745839Z DEBUG netbaiot_transports::business_rpc::v3: business RPC V3 selected frame stream_id=164 frame_type=Open payload_bytes=158
2026-09-26T01:40:25.745845Z DEBUG netbaiot_transports::business_rpc::v3: business RPC V3 writer completed frame stream_id=164 frame_type=Open payload_bytes=158
2026-09-26T01:40:25.745850Z DEBUG netbaiot_transports::business_rpc::v3: business RPC V3 selected frame stream_id=162 frame_type=Data payload_bytes=197
2026-09-26T01:40:25.745857Z DEBUG netbaiot_transports::business_rpc::v3: business RPC V3 writer completed frame stream_id=162 frame_type=Data payload_bytes=197
2026-09-26T01:40:25.745863Z DEBUG netbaiot_transports::business_rpc::v3: business RPC V3 body entered scheduler stream_id=166 class=Rpc body_bytes=197
2026-09-26T01:40:25.745867Z DEBUG netbaiot_transports::business_rpc::v3: business RPC V3 selected frame stream_id=166 frame_type=Open payload_bytes=158
2026-09-26T01:40:25.745872Z DEBUG netbaiot_transports::business_rpc::v3: business RPC V3 writer completed frame stream_id=166 frame_type=Open payload_bytes=158
2026-09-26T01:40:25.745877Z DEBUG netbaiot_transports::business_rpc::v3: business RPC V3 selected frame stream_id=164 frame_type=Data payload_bytes=197
2026-09-26T01:40:25.745890Z DEBUG netbaiot_transports::business_rpc::v3: business RPC V3 writer completed frame stream_id=164 frame_type=Data payload_bytes=197
2026-09-26T01:40:25.745895Z DEBUG netbaiot_transports::business_rpc::v3: business RPC V3 body entered scheduler stream_id=168 class=Rpc body_bytes=197
2026-09-26T01:40:25.745898Z DEBUG netbaiot_transports::business_rpc::v3: business RPC V3 body entered scheduler stream_id=170 class=Rpc body_bytes=197
2026-09-26T01:40:25.745902Z DEBUG netbaiot_transports::business_rpc::v3: business RPC V3 selected frame stream_id=168 frame_type=Open payload_bytes=158
2026-09-26T01:40:25.745908Z DEBUG netbaiot_transports::business_rpc::v3: business RPC V3 writer completed frame stream_id=168 frame_type=Open payload_bytes=158
2026-09-26T01:40:25.745913Z DEBUG netbaiot_transports::business_rpc::v3: business RPC V3 body entered scheduler stream_id=172 class=Rpc body_bytes=197
2026-09-26T01:40:25.745917Z DEBUG netbaiot_transports::business_rpc::v3: business RPC V3 selected frame stream_id=170 frame_type=Open payload_bytes=158
2026-09-26T01:40:25.745923Z DEBUG netbaiot_transports::business_rpc::v3: business RPC V3 writer completed frame stream_id=170 frame_type=Open payload_bytes=158
2026-09-26T01:40:25.745948Z DEBUG netbaiot_transports::business_rpc::v3: business RPC V3 selected frame stream_id=172 frame_type=Open payload_bytes=158
2026-09-26T01:40:25.745955Z DEBUG netbaiot_transports::business_rpc::v3: business RPC V3 writer completed frame stream_id=172 frame_type=Open payload_bytes=158
2026-09-26T01:40:25.745959Z DEBUG netbaiot_transports::business_rpc::v3: business RPC V3 selected frame stream_id=166 frame_type=Data payload_bytes=197
2026-09-26T01:40:25.745965Z DEBUG netbaiot_transports::business_rpc::v3: business RPC V3 writer completed frame stream_id=166 frame_type=Data payload_bytes=197
2026-09-26T01:40:25.745969Z DEBUG netbaiot_transports::business_rpc::v3: business RPC V3 selected frame stream_id=168 frame_type=Data payload_bytes=197
2026-09-26T01:40:25.745975Z DEBUG netbaiot_transports::business_rpc::v3: business RPC V3 writer completed frame stream_id=168 frame_type=Data payload_bytes=197
2026-09-26T01:40:25.745979Z DEBUG netbaiot_transports::business_rpc::v3: business RPC V3 selected frame stream_id=170 frame_type=Data payload_bytes=197
2026-09-26T01:40:25.745993Z DEBUG netbaiot_transports::business_rpc::v3: business RPC V3 writer completed frame stream_id=170 frame_type=Data payload_bytes=197
2026-09-26T01:40:25.745998Z DEBUG netbaiot_transports::business_rpc::v3: business RPC V3 selected frame stream_id=172 frame_type=Data payload_bytes=197
2026-09-26T01:40:25.746003Z DEBUG netbaiot_transports::business_rpc::v3: business RPC V3 writer completed frame stream_id=172 frame_type=Data payload_bytes=197
2026-09-26T01:40:25.747111Z DEBUG netbaiot_transports::business_rpc::v3: business RPC V3 body entered scheduler stream_id=174 class=Rpc body_bytes=197
2026-09-26T01:40:25.747117Z DEBUG netbaiot_transports::business_rpc::v3: business RPC V3 selected frame stream_id=174 frame_type=Open payload_bytes=158
2026-09-26T01:40:25.747128Z DEBUG netbaiot_transports::business_rpc::v3: business RPC V3 writer completed frame stream_id=174 frame_type=Open payload_bytes=158
2026-09-26T01:40:25.747132Z DEBUG netbaiot_transports::business_rpc::v3: business RPC V3 selected frame stream_id=174 frame_type=Data payload_bytes=197
2026-09-26T01:40:25.747138Z DEBUG netbaiot_transports::business_rpc::v3: business RPC V3 writer completed frame stream_id=174 frame_type=Data payload_bytes=197
2026-09-26T01:40:25.773334Z DEBUG netbaiot_transports::business_rpc::v3: business RPC V3 received frame stream_id=0 frame_type=WindowUpdate payload_bytes=4
2026-09-26T01:40:25.773426Z DEBUG netbaiot_transports::business_rpc::v3: business RPC V3 received frame stream_id=0 frame_type=WindowUpdate payload_bytes=4
2026-09-26T01:40:25.773440Z DEBUG netbaiot_transports::business_rpc::v3: business RPC V3 received frame stream_id=158 frame_type=Response payload_bytes=35
2026-09-26T01:40:25.773452Z DEBUG netbaiot_transports::business_rpc::v3: business RPC V3 received frame stream_id=158 frame_type=Data payload_bytes=215
2026-09-26T01:40:25.773496Z DEBUG netbaiot_transports::business_rpc::v3: business RPC V3 received frame stream_id=156 frame_type=Response payload_bytes=35
2026-09-26T01:40:25.773506Z DEBUG netbaiot_transports::business_rpc::v3: business RPC V3 received frame stream_id=156 frame_type=Data payload_bytes=215
2026-09-26T01:40:25.773511Z DEBUG netbaiot_transports::business_rpc::v3: business RPC V3 selected frame stream_id=0 frame_type=WindowUpdate payload_bytes=4
2026-09-26T01:40:25.773548Z DEBUG netbaiot_transports::business_rpc::v3: business RPC V3 writer completed frame stream_id=0 frame_type=WindowUpdate payload_bytes=4
2026-09-26T01:40:25.773559Z DEBUG netbaiot_transports::business_rpc::v3: business RPC V3 selected frame stream_id=0 frame_type=WindowUpdate payload_bytes=4
2026-09-26T01:40:25.773571Z DEBUG netbaiot_transports::business_rpc::v3: business RPC V3 writer completed frame stream_id=0 frame_type=WindowUpdate payload_bytes=4
2026-09-26T01:40:25.774196Z DEBUG netbaiot_transports::business_rpc::v3: business RPC V3 body entered scheduler stream_id=176 class=Rpc body_bytes=197
2026-09-26T01:40:25.774224Z DEBUG netbaiot_transports::business_rpc::v3: business RPC V3 body entered scheduler stream_id=178 class=Rpc body_bytes=197
2026-09-26T01:40:25.774231Z DEBUG netbaiot_transports::business_rpc::v3: business RPC V3 selected frame stream_id=176 frame_type=Open payload_bytes=158
2026-09-26T01:40:25.774246Z DEBUG netbaiot_transports::business_rpc::v3: business RPC V3 writer completed frame stream_id=176 frame_type=Open payload_bytes=158
2026-09-26T01:40:25.774253Z DEBUG netbaiot_transports::business_rpc::v3: business RPC V3 selected frame stream_id=178 frame_type=Open payload_bytes=158
2026-09-26T01:40:25.774262Z DEBUG netbaiot_transports::business_rpc::v3: business RPC V3 writer completed frame stream_id=178 frame_type=Open payload_bytes=158
2026-09-26T01:40:25.774269Z DEBUG netbaiot_transports::business_rpc::v3: business RPC V3 selected frame stream_id=176 frame_type=Data payload_bytes=197
2026-09-26T01:40:25.774277Z DEBUG netbaiot_transports::business_rpc::v3: business RPC V3 writer completed frame stream_id=176 frame_type=Data payload_bytes=197
2026-09-26T01:40:25.774283Z DEBUG netbaiot_transports::business_rpc::v3: business RPC V3 selected frame stream_id=178 frame_type=Data payload_bytes=197
2026-09-26T01:40:25.774292Z DEBUG netbaiot_transports::business_rpc::v3: business RPC V3 writer completed frame stream_id=178 frame_type=Data payload_bytes=197
2026-09-26T01:40:25.798314Z DEBUG netbaiot_transports::business_rpc::v3: business RPC V3 body entered scheduler stream_id=180 class=Rpc body_bytes=197
2026-09-26T01:40:25.798426Z DEBUG netbaiot_transports::business_rpc::v3: business RPC V3 selected frame stream_id=180 frame_type=Open payload_bytes=158
2026-09-26T01:40:25.798517Z DEBUG netbaiot_transports::business_rpc::v3: business RPC V3 writer completed frame stream_id=180 frame_type=Open payload_bytes=158
2026-09-26T01:40:25.798532Z DEBUG netbaiot_transports::business_rpc::v3: business RPC V3 selected frame stream_id=180 frame_type=Data payload_bytes=197
2026-09-26T01:40:25.798543Z DEBUG netbaiot_transports::business_rpc::v3: business RPC V3 writer completed frame stream_id=180 frame_type=Data payload_bytes=197
2026-09-26T01:40:25.799930Z DEBUG netbaiot_transports::business_rpc::v3: business RPC V3 received frame stream_id=0 frame_type=Ping payload_bytes=8
2026-09-26T01:40:25.799984Z DEBUG netbaiot_transports::business_rpc::v3: business RPC V3 received frame stream_id=0 frame_type=WindowUpdate payload_bytes=4
2026-09-26T01:40:25.800002Z DEBUG netbaiot_transports::business_rpc::v3: business RPC V3 received frame stream_id=160 frame_type=Response payload_bytes=35
2026-09-26T01:40:25.800016Z DEBUG netbaiot_transports::business_rpc::v3: business RPC V3 received frame stream_id=160 frame_type=Data payload_bytes=215
2026-09-26T01:40:25.800073Z DEBUG netbaiot_transports::business_rpc::v3: business RPC V3 selected frame stream_id=0 frame_type=Pong payload_bytes=8
2026-09-26T01:40:25.800116Z DEBUG netbaiot_transports::business_rpc::v3: business RPC V3 writer completed frame stream_id=0 frame_type=Pong payload_bytes=8
2026-09-26T01:40:25.800126Z DEBUG netbaiot_transports::business_rpc::v3: business RPC V3 selected frame stream_id=0 frame_type=WindowUpdate payload_bytes=4
2026-09-26T01:40:25.800136Z DEBUG netbaiot_transports::business_rpc::v3: business RPC V3 writer completed frame stream_id=0 frame_type=WindowUpdate payload_bytes=4
2026-09-26T01:40:25.800651Z DEBUG netbaiot_transports::business_rpc::v3: business RPC V3 body entered scheduler stream_id=182 class=Rpc body_bytes=197
2026-09-26T01:40:25.800685Z DEBUG netbaiot_transports::business_rpc::v3: business RPC V3 selected frame stream_id=182 frame_type=Open payload_bytes=158
2026-09-26T01:40:25.800706Z DEBUG netbaiot_transports::business_rpc::v3: business RPC V3 writer completed frame stream_id=182 frame_type=Open payload_bytes=158
2026-09-26T01:40:25.800716Z DEBUG netbaiot_transports::business_rpc::v3: business RPC V3 selected frame stream_id=182 frame_type=Data payload_bytes=197
2026-09-26T01:40:25.800725Z DEBUG netbaiot_transports::business_rpc::v3: business RPC V3 writer completed frame stream_id=182 frame_type=Data payload_bytes=197
2026-09-26T01:40:25.834279Z DEBUG netbaiot_transports::business_rpc::v3: business RPC V3 received frame stream_id=0 frame_type=WindowUpdate payload_bytes=4
2026-09-26T01:40:25.834365Z DEBUG netbaiot_transports::business_rpc::v3: business RPC V3 received frame stream_id=0 frame_type=WindowUpdate payload_bytes=4
2026-09-26T01:40:25.834381Z DEBUG netbaiot_transports::business_rpc::v3: business RPC V3 received frame stream_id=0 frame_type=WindowUpdate payload_bytes=4
2026-09-26T01:40:25.834389Z DEBUG netbaiot_transports::business_rpc::v3: business RPC V3 received frame stream_id=0 frame_type=WindowUpdate payload_bytes=4
2026-09-26T01:40:25.834397Z DEBUG netbaiot_transports::business_rpc::v3: business RPC V3 received frame stream_id=0 frame_type=WindowUpdate payload_bytes=4
2026-09-26T01:40:25.834409Z DEBUG netbaiot_transports::business_rpc::v3: business RPC V3 received frame stream_id=0 frame_type=WindowUpdate payload_bytes=4
2026-09-26T01:40:25.834421Z DEBUG netbaiot_transports::business_rpc::v3: business RPC V3 received frame stream_id=0 frame_type=WindowUpdate payload_bytes=4
2026-09-26T01:40:25.834430Z DEBUG netbaiot_transports::business_rpc::v3: business RPC V3 received frame stream_id=174 frame_type=Response payload_bytes=35
2026-09-26T01:40:25.834450Z DEBUG netbaiot_transports::business_rpc::v3: business RPC V3 received frame stream_id=166 frame_type=Response payload_bytes=35
2026-09-26T01:40:25.834466Z DEBUG netbaiot_transports::business_rpc::v3: business RPC V3 received frame stream_id=174 frame_type=Data payload_bytes=215
2026-09-26T01:40:25.834510Z DEBUG netbaiot_transports::business_rpc::v3: business RPC V3 received frame stream_id=170 frame_type=Response payload_bytes=35
2026-09-26T01:40:25.834524Z DEBUG netbaiot_transports::business_rpc::v3: business RPC V3 received frame stream_id=168 frame_type=Response payload_bytes=35
2026-09-26T01:40:25.834532Z DEBUG netbaiot_transports::business_rpc::v3: business RPC V3 received frame stream_id=172 frame_type=Response payload_bytes=35
2026-09-26T01:40:25.834530Z DEBUG netbaiot_transports::business_rpc::v3: business RPC V3 selected frame stream_id=0 frame_type=WindowUpdate payload_bytes=4
2026-09-26T01:40:25.834543Z DEBUG netbaiot_transports::business_rpc::v3: business RPC V3 received frame stream_id=162 frame_type=Response payload_bytes=35
2026-09-26T01:40:25.834587Z DEBUG netbaiot_transports::business_rpc::v3: business RPC V3 writer completed frame stream_id=0 frame_type=WindowUpdate payload_bytes=4
2026-09-26T01:40:25.834588Z DEBUG netbaiot_transports::business_rpc::v3: business RPC V3 received frame stream_id=166 frame_type=Data payload_bytes=215
2026-09-26T01:40:25.834633Z DEBUG netbaiot_transports::business_rpc::v3: business RPC V3 received frame stream_id=164 frame_type=Response payload_bytes=35
2026-09-26T01:40:25.834645Z DEBUG netbaiot_transports::business_rpc::v3: business RPC V3 selected frame stream_id=0 frame_type=WindowUpdate payload_bytes=4
2026-09-26T01:40:25.834647Z DEBUG netbaiot_transports::business_rpc::v3: business RPC V3 received frame stream_id=170 frame_type=Data payload_bytes=215
2026-09-26T01:40:25.834674Z DEBUG netbaiot_transports::business_rpc::v3: business RPC V3 writer completed frame stream_id=0 frame_type=WindowUpdate payload_bytes=4
2026-09-26T01:40:25.834704Z DEBUG netbaiot_transports::business_rpc::v3: business RPC V3 selected frame stream_id=0 frame_type=WindowUpdate payload_bytes=4
2026-09-26T01:40:25.834703Z DEBUG netbaiot_transports::business_rpc::v3: business RPC V3 received frame stream_id=168 frame_type=Data payload_bytes=215
2026-09-26T01:40:25.834721Z DEBUG netbaiot_transports::business_rpc::v3: business RPC V3 writer completed frame stream_id=0 frame_type=WindowUpdate payload_bytes=4
2026-09-26T01:40:25.834747Z DEBUG netbaiot_transports::business_rpc::v3: business RPC V3 received frame stream_id=172 frame_type=Data payload_bytes=215
2026-09-26T01:40:25.834749Z DEBUG netbaiot_transports::business_rpc::v3: business RPC V3 selected frame stream_id=0 frame_type=WindowUpdate payload_bytes=4
2026-09-26T01:40:25.834769Z DEBUG netbaiot_transports::business_rpc::v3: business RPC V3 received frame stream_id=162 frame_type=Data payload_bytes=215
2026-09-26T01:40:25.834791Z DEBUG netbaiot_transports::business_rpc::v3: business RPC V3 writer completed frame stream_id=0 frame_type=WindowUpdate payload_bytes=4
2026-09-26T01:40:25.834812Z DEBUG netbaiot_transports::business_rpc::v3: business RPC V3 received frame stream_id=164 frame_type=Data payload_bytes=215
2026-09-26T01:40:25.834814Z DEBUG netbaiot_transports::business_rpc::v3: business RPC V3 selected frame stream_id=0 frame_type=WindowUpdate payload_bytes=4
2026-09-26T01:40:25.834903Z DEBUG netbaiot_transports::business_rpc::v3: business RPC V3 writer completed frame stream_id=0 frame_type=WindowUpdate payload_bytes=4
2026-09-26T01:40:25.834915Z DEBUG netbaiot_transports::business_rpc::v3: business RPC V3 selected frame stream_id=0 frame_type=WindowUpdate payload_bytes=4
2026-09-26T01:40:25.834943Z DEBUG netbaiot_transports::business_rpc::v3: business RPC V3 writer completed frame stream_id=0 frame_type=WindowUpdate payload_bytes=4
2026-09-26T01:40:25.834955Z DEBUG netbaiot_transports::business_rpc::v3: business RPC V3 selected frame stream_id=0 frame_type=WindowUpdate payload_bytes=4
2026-09-26T01:40:25.834966Z DEBUG netbaiot_transports::business_rpc::v3: business RPC V3 writer completed frame stream_id=0 frame_type=WindowUpdate payload_bytes=4
2026-09-26T01:40:25.862926Z DEBUG netbaiot_transports::business_rpc::v3: business RPC V3 received frame stream_id=0 frame_type=WindowUpdate payload_bytes=4
2026-09-26T01:40:25.863036Z DEBUG netbaiot_transports::business_rpc::v3: business RPC V3 received frame stream_id=0 frame_type=WindowUpdate payload_bytes=4
2026-09-26T01:40:25.863060Z DEBUG netbaiot_transports::business_rpc::v3: business RPC V3 received frame stream_id=178 frame_type=Response payload_bytes=35
2026-09-26T01:40:25.863080Z DEBUG netbaiot_transports::business_rpc::v3: business RPC V3 received frame stream_id=178 frame_type=Data payload_bytes=215
2026-09-26T01:40:25.863136Z DEBUG netbaiot_transports::business_rpc::v3: business RPC V3 received frame stream_id=176 frame_type=Response payload_bytes=35
2026-09-26T01:40:25.863154Z DEBUG netbaiot_transports::business_rpc::v3: business RPC V3 selected frame stream_id=0 frame_type=WindowUpdate payload_bytes=4
2026-09-26T01:40:25.863156Z DEBUG netbaiot_transports::business_rpc::v3: business RPC V3 received frame stream_id=176 frame_type=Data payload_bytes=215
2026-09-26T01:40:25.863216Z DEBUG netbaiot_transports::business_rpc::v3: business RPC V3 writer completed frame stream_id=0 frame_type=WindowUpdate payload_bytes=4
2026-09-26T01:40:25.863230Z DEBUG netbaiot_transports::business_rpc::v3: business RPC V3 selected frame stream_id=0 frame_type=WindowUpdate payload_bytes=4
2026-09-26T01:40:25.863245Z DEBUG netbaiot_transports::business_rpc::v3: business RPC V3 writer completed frame stream_id=0 frame_type=WindowUpdate payload_bytes=4
2026-09-26T01:40:25.891651Z DEBUG netbaiot_transports::business_rpc::v3: business RPC V3 received frame stream_id=0 frame_type=WindowUpdate payload_bytes=4
2026-09-26T01:40:25.891749Z DEBUG netbaiot_transports::business_rpc::v3: business RPC V3 received frame stream_id=0 frame_type=WindowUpdate payload_bytes=4
2026-09-26T01:40:25.891764Z DEBUG netbaiot_transports::business_rpc::v3: business RPC V3 received frame stream_id=182 frame_type=Response payload_bytes=35
2026-09-26T01:40:25.891780Z DEBUG netbaiot_transports::business_rpc::v3: business RPC V3 received frame stream_id=180 frame_type=Response payload_bytes=35
2026-09-26T01:40:25.891790Z DEBUG netbaiot_transports::business_rpc::v3: business RPC V3 received frame stream_id=182 frame_type=Data payload_bytes=215
2026-09-26T01:40:25.891836Z DEBUG netbaiot_transports::business_rpc::v3: business RPC V3 received frame stream_id=180 frame_type=Data payload_bytes=215
2026-09-26T01:40:25.891857Z DEBUG netbaiot_transports::business_rpc::v3: business RPC V3 selected frame stream_id=0 frame_type=WindowUpdate payload_bytes=4
2026-09-26T01:40:25.891909Z DEBUG netbaiot_transports::business_rpc::v3: business RPC V3 writer completed frame stream_id=0 frame_type=WindowUpdate payload_bytes=4
2026-09-26T01:40:25.891925Z DEBUG netbaiot_transports::business_rpc::v3: business RPC V3 selected frame stream_id=0 frame_type=WindowUpdate payload_bytes=4
2026-09-26T01:40:25.891942Z DEBUG netbaiot_transports::business_rpc::v3: business RPC V3 writer completed frame stream_id=0 frame_type=WindowUpdate payload_bytes=4
2026-09-26T01:40:26.045923Z DEBUG netbaiot_transports::business_rpc::v3: business RPC V3 body entered scheduler stream_id=184 class=Event body_bytes=17365
2026-09-26T01:40:26.046043Z DEBUG netbaiot_transports::business_rpc::v3: business RPC V3 selected frame stream_id=184 frame_type=Open payload_bytes=184
2026-09-26T01:40:26.046103Z DEBUG netbaiot_transports::business_rpc::v3: business RPC V3 writer completed frame stream_id=184 frame_type=Open payload_bytes=184
2026-09-26T01:40:26.046132Z DEBUG netbaiot_transports::business_rpc::v3: business RPC V3 selected frame stream_id=184 frame_type=Data payload_bytes=8192
2026-09-26T01:40:26.046160Z DEBUG netbaiot_transports::business_rpc::v3: business RPC V3 writer completed frame stream_id=184 frame_type=Data payload_bytes=8192
2026-09-26T01:40:26.046177Z DEBUG netbaiot_transports::business_rpc::v3: business RPC V3 selected frame stream_id=184 frame_type=Data payload_bytes=8192
2026-09-26T01:40:26.046213Z DEBUG netbaiot_transports::business_rpc::v3: business RPC V3 writer completed frame stream_id=184 frame_type=Data payload_bytes=8192
2026-09-26T01:40:26.046233Z DEBUG netbaiot_transports::business_rpc::v3: business RPC V3 selected frame stream_id=184 frame_type=Data payload_bytes=981
2026-09-26T01:40:26.046256Z DEBUG netbaiot_transports::business_rpc::v3: business RPC V3 writer completed frame stream_id=184 frame_type=Data payload_bytes=981
2026-09-26T01:40:26.189689Z DEBUG netbaiot_transports::business_rpc::v3: business RPC V3 received frame stream_id=0 frame_type=WindowUpdate payload_bytes=4
2026-09-26T01:40:26.189774Z DEBUG netbaiot_transports::business_rpc::v3: business RPC V3 received frame stream_id=184 frame_type=WindowUpdate payload_bytes=4
2026-09-26T01:40:26.216926Z DEBUG netbaiot_transports::business_rpc::v3: business RPC V3 received frame stream_id=0 frame_type=WindowUpdate payload_bytes=4
2026-09-26T01:40:26.216954Z DEBUG netbaiot_transports::business_rpc::v3: business RPC V3 received frame stream_id=184 frame_type=WindowUpdate payload_bytes=4
2026-09-26T01:40:26.216961Z DEBUG netbaiot_transports::business_rpc::v3: business RPC V3 received frame stream_id=0 frame_type=WindowUpdate payload_bytes=4
2026-09-26T01:40:26.216966Z DEBUG netbaiot_transports::business_rpc::v3: business RPC V3 received frame stream_id=184 frame_type=Response payload_bytes=35
2026-09-26T01:40:26.216976Z DEBUG netbaiot_transports::business_rpc::v3: business RPC V3 received frame stream_id=184 frame_type=Data payload_bytes=118
2026-09-26T01:40:26.216987Z DEBUG netbaiot_transports::business_rpc::v3: business RPC V3 Event delivery acknowledged stream_id=184 completion_us=171094
2026-09-26T01:40:26.217012Z DEBUG netbaiot_transports::business_rpc::v3: business RPC V3 selected frame stream_id=0 frame_type=WindowUpdate payload_bytes=4
2026-09-26T01:40:26.217034Z DEBUG netbaiot_transports::business_rpc::v3: business RPC V3 writer completed frame stream_id=0 frame_type=WindowUpdate payload_bytes=4
2026-09-26T01:40:26.234369Z DEBUG netbaiot_transports::business_rpc::v3: business RPC V3 body entered scheduler stream_id=186 class=Rpc body_bytes=197
2026-09-26T01:40:26.234385Z DEBUG netbaiot_transports::business_rpc::v3: business RPC V3 selected frame stream_id=186 frame_type=Open payload_bytes=158
2026-09-26T01:40:26.234409Z DEBUG netbaiot_transports::business_rpc::v3: business RPC V3 writer completed frame stream_id=186 frame_type=Open payload_bytes=158
2026-09-26T01:40:26.234416Z DEBUG netbaiot_transports::business_rpc::v3: business RPC V3 selected frame stream_id=186 frame_type=Data payload_bytes=197
2026-09-26T01:40:26.234425Z DEBUG netbaiot_transports::business_rpc::v3: business RPC V3 writer completed frame stream_id=186 frame_type=Data payload_bytes=197
2026-09-26T01:40:26.241364Z DEBUG netbaiot_transports::business_rpc::v3: business RPC V3 body entered scheduler stream_id=188 class=Rpc body_bytes=198
2026-09-26T01:40:26.241377Z DEBUG netbaiot_transports::business_rpc::v3: business RPC V3 selected frame stream_id=188 frame_type=Open payload_bytes=158
2026-09-26T01:40:26.241392Z DEBUG netbaiot_transports::business_rpc::v3: business RPC V3 writer completed frame stream_id=188 frame_type=Open payload_bytes=158
2026-09-26T01:40:26.241399Z DEBUG netbaiot_transports::business_rpc::v3: business RPC V3 selected frame stream_id=188 frame_type=Data payload_bytes=198
2026-09-26T01:40:26.241407Z DEBUG netbaiot_transports::business_rpc::v3: business RPC V3 writer completed frame stream_id=188 frame_type=Data payload_bytes=198
2026-09-26T01:40:26.327524Z DEBUG netbaiot_transports::business_rpc::v3: business RPC V3 received frame stream_id=0 frame_type=WindowUpdate payload_bytes=4
2026-09-26T01:40:26.327591Z DEBUG netbaiot_transports::business_rpc::v3: business RPC V3 received frame stream_id=0 frame_type=WindowUpdate payload_bytes=4
2026-09-26T01:40:26.327608Z DEBUG netbaiot_transports::business_rpc::v3: business RPC V3 received frame stream_id=188 frame_type=Response payload_bytes=35
2026-09-26T01:40:26.327624Z DEBUG netbaiot_transports::business_rpc::v3: business RPC V3 received frame stream_id=186 frame_type=Response payload_bytes=35
2026-09-26T01:40:26.327633Z DEBUG netbaiot_transports::business_rpc::v3: business RPC V3 received frame stream_id=188 frame_type=Data payload_bytes=216
2026-09-26T01:40:26.327673Z DEBUG netbaiot_transports::business_rpc::v3: business RPC V3 received frame stream_id=186 frame_type=Data payload_bytes=215
2026-09-26T01:40:26.327689Z DEBUG netbaiot_transports::business_rpc::v3: business RPC V3 selected frame stream_id=0 frame_type=WindowUpdate payload_bytes=4
2026-09-26T01:40:26.327741Z DEBUG netbaiot_transports::business_rpc::v3: business RPC V3 writer completed frame stream_id=0 frame_type=WindowUpdate payload_bytes=4
2026-09-26T01:40:26.327754Z DEBUG netbaiot_transports::business_rpc::v3: business RPC V3 selected frame stream_id=0 frame_type=WindowUpdate payload_bytes=4
2026-09-26T01:40:26.327768Z DEBUG netbaiot_transports::business_rpc::v3: business RPC V3 writer completed frame stream_id=0 frame_type=WindowUpdate payload_bytes=4
2026-09-26T01:40:26.328494Z DEBUG netbaiot_transports::business_rpc::v3: business RPC V3 body entered scheduler stream_id=190 class=Rpc body_bytes=198
2026-09-26T01:40:26.328543Z DEBUG netbaiot_transports::business_rpc::v3: business RPC V3 body entered scheduler stream_id=192 class=Rpc body_bytes=198
2026-09-26T01:40:26.328554Z DEBUG netbaiot_transports::business_rpc::v3: business RPC V3 selected frame stream_id=190 frame_type=Open payload_bytes=158
2026-09-26T01:40:26.328575Z DEBUG netbaiot_transports::business_rpc::v3: business RPC V3 writer completed frame stream_id=190 frame_type=Open payload_bytes=158
2026-09-26T01:40:26.328587Z DEBUG netbaiot_transports::business_rpc::v3: business RPC V3 selected frame stream_id=192 frame_type=Open payload_bytes=158
2026-09-26T01:40:26.328599Z DEBUG netbaiot_transports::business_rpc::v3: business RPC V3 writer completed frame stream_id=192 frame_type=Open payload_bytes=158
2026-09-26T01:40:26.328608Z DEBUG netbaiot_transports::business_rpc::v3: business RPC V3 selected frame stream_id=190 frame_type=Data payload_bytes=198
2026-09-26T01:40:26.328618Z DEBUG netbaiot_transports::business_rpc::v3: business RPC V3 writer completed frame stream_id=190 frame_type=Data payload_bytes=198
2026-09-26T01:40:26.328628Z DEBUG netbaiot_transports::business_rpc::v3: business RPC V3 selected frame stream_id=192 frame_type=Data payload_bytes=198
2026-09-26T01:40:26.328637Z DEBUG netbaiot_transports::business_rpc::v3: business RPC V3 writer completed frame stream_id=192 frame_type=Data payload_bytes=198
2026-09-26T01:40:26.333359Z DEBUG netbaiot_transports::business_rpc::v3: business RPC V3 body entered scheduler stream_id=194 class=Rpc body_bytes=197
2026-09-26T01:40:26.333451Z DEBUG netbaiot_transports::business_rpc::v3: business RPC V3 selected frame stream_id=194 frame_type=Open payload_bytes=158
2026-09-26T01:40:26.333487Z DEBUG netbaiot_transports::business_rpc::v3: business RPC V3 writer completed frame stream_id=194 frame_type=Open payload_bytes=158
2026-09-26T01:40:26.333501Z DEBUG netbaiot_transports::business_rpc::v3: business RPC V3 selected frame stream_id=194 frame_type=Data payload_bytes=197
2026-09-26T01:40:26.333512Z DEBUG netbaiot_transports::business_rpc::v3: business RPC V3 writer completed frame stream_id=194 frame_type=Data payload_bytes=197
2026-09-26T01:40:26.358505Z DEBUG netbaiot_transports::business_rpc::v3: business RPC V3 body entered scheduler stream_id=196 class=Rpc body_bytes=197
2026-09-26T01:40:26.358567Z DEBUG netbaiot_transports::business_rpc::v3: business RPC V3 selected frame stream_id=196 frame_type=Open payload_bytes=158
2026-09-26T01:40:26.358597Z DEBUG netbaiot_transports::business_rpc::v3: business RPC V3 writer completed frame stream_id=196 frame_type=Open payload_bytes=158
2026-09-26T01:40:26.358612Z DEBUG netbaiot_transports::business_rpc::v3: business RPC V3 selected frame stream_id=196 frame_type=Data payload_bytes=197
2026-09-26T01:40:26.358627Z DEBUG netbaiot_transports::business_rpc::v3: business RPC V3 writer completed frame stream_id=196 frame_type=Data payload_bytes=197
2026-09-26T01:40:26.379360Z DEBUG netbaiot_transports::business_rpc::v3: business RPC V3 body entered scheduler stream_id=198 class=Rpc body_bytes=197
2026-09-26T01:40:26.379433Z DEBUG netbaiot_transports::business_rpc::v3: business RPC V3 selected frame stream_id=198 frame_type=Open payload_bytes=158
2026-09-26T01:40:26.379478Z DEBUG netbaiot_transports::business_rpc::v3: business RPC V3 writer completed frame stream_id=198 frame_type=Open payload_bytes=158
2026-09-26T01:40:26.379494Z DEBUG netbaiot_transports::business_rpc::v3: business RPC V3 selected frame stream_id=198 frame_type=Data payload_bytes=197
2026-09-26T01:40:26.379509Z DEBUG netbaiot_transports::business_rpc::v3: business RPC V3 writer completed frame stream_id=198 frame_type=Data payload_bytes=197
2026-09-26T01:40:26.410680Z DEBUG netbaiot_transports::business_rpc::v3: business RPC V3 body entered scheduler stream_id=200 class=Rpc body_bytes=197
2026-09-26T01:40:26.410792Z DEBUG netbaiot_transports::business_rpc::v3: business RPC V3 selected frame stream_id=200 frame_type=Open payload_bytes=158
2026-09-26T01:40:26.410854Z DEBUG netbaiot_transports::business_rpc::v3: business RPC V3 writer completed frame stream_id=200 frame_type=Open payload_bytes=158
2026-09-26T01:40:26.410887Z DEBUG netbaiot_transports::business_rpc::v3: business RPC V3 selected frame stream_id=200 frame_type=Data payload_bytes=197
2026-09-26T01:40:26.410912Z DEBUG netbaiot_transports::business_rpc::v3: business RPC V3 writer completed frame stream_id=200 frame_type=Data payload_bytes=197
2026-09-26T01:40:26.441594Z DEBUG netbaiot_transports::business_rpc::v3: business RPC V3 received frame stream_id=0 frame_type=WindowUpdate payload_bytes=4
2026-09-26T01:40:26.441699Z DEBUG netbaiot_transports::business_rpc::v3: business RPC V3 received frame stream_id=0 frame_type=WindowUpdate payload_bytes=4
2026-09-26T01:40:26.441728Z DEBUG netbaiot_transports::business_rpc::v3: business RPC V3 received frame stream_id=0 frame_type=WindowUpdate payload_bytes=4
2026-09-26T01:40:26.441744Z DEBUG netbaiot_transports::business_rpc::v3: business RPC V3 received frame stream_id=194 frame_type=Response payload_bytes=35
2026-09-26T01:40:26.441766Z DEBUG netbaiot_transports::business_rpc::v3: business RPC V3 received frame stream_id=194 frame_type=Data payload_bytes=215
2026-09-26T01:40:26.441830Z DEBUG netbaiot_transports::business_rpc::v3: business RPC V3 received frame stream_id=190 frame_type=Response payload_bytes=35
2026-09-26T01:40:26.441853Z DEBUG netbaiot_transports::business_rpc::v3: business RPC V3 received frame stream_id=192 frame_type=Response payload_bytes=35
2026-09-26T01:40:26.441884Z DEBUG netbaiot_transports::business_rpc::v3: business RPC V3 received frame stream_id=190 frame_type=Data payload_bytes=216
2026-09-26T01:40:26.441856Z DEBUG netbaiot_transports::business_rpc::v3: business RPC V3 selected frame stream_id=0 frame_type=WindowUpdate payload_bytes=4
2026-09-26T01:40:26.441922Z DEBUG netbaiot_transports::business_rpc::v3: business RPC V3 received frame stream_id=192 frame_type=Data payload_bytes=216
2026-09-26T01:40:26.441957Z DEBUG netbaiot_transports::business_rpc::v3: business RPC V3 writer completed frame stream_id=0 frame_type=WindowUpdate payload_bytes=4
2026-09-26T01:40:26.442114Z DEBUG netbaiot_transports::business_rpc::v3: business RPC V3 selected frame stream_id=0 frame_type=WindowUpdate payload_bytes=4
2026-09-26T01:40:26.442144Z DEBUG netbaiot_transports::business_rpc::v3: business RPC V3 writer completed frame stream_id=0 frame_type=WindowUpdate payload_bytes=4
2026-09-26T01:40:26.442159Z DEBUG netbaiot_transports::business_rpc::v3: business RPC V3 selected frame stream_id=0 frame_type=WindowUpdate payload_bytes=4
2026-09-26T01:40:26.442212Z DEBUG netbaiot_transports::business_rpc::v3: business RPC V3 writer completed frame stream_id=0 frame_type=WindowUpdate payload_bytes=4
2026-09-26T01:40:26.443007Z DEBUG netbaiot_transports::business_rpc::v3: business RPC V3 body entered scheduler stream_id=202 class=Rpc body_bytes=198
2026-09-26T01:40:26.443072Z DEBUG netbaiot_transports::business_rpc::v3: business RPC V3 selected frame stream_id=202 frame_type=Open payload_bytes=158
2026-09-26T01:40:26.443111Z DEBUG netbaiot_transports::business_rpc::v3: business RPC V3 writer completed frame stream_id=202 frame_type=Open payload_bytes=158
2026-09-26T01:40:26.443134Z DEBUG netbaiot_transports::business_rpc::v3: business RPC V3 selected frame stream_id=202 frame_type=Data payload_bytes=198
2026-09-26T01:40:26.443152Z DEBUG netbaiot_transports::business_rpc::v3: business RPC V3 writer completed frame stream_id=202 frame_type=Data payload_bytes=198
2026-09-26T01:40:26.443371Z DEBUG netbaiot_transports::business_rpc::v3: business RPC V3 body entered scheduler stream_id=204 class=Rpc body_bytes=198
2026-09-26T01:40:26.443410Z DEBUG netbaiot_transports::business_rpc::v3: business RPC V3 selected frame stream_id=204 frame_type=Open payload_bytes=158
2026-09-26T01:40:26.443475Z DEBUG netbaiot_transports::business_rpc::v3: business RPC V3 writer completed frame stream_id=204 frame_type=Open payload_bytes=158
2026-09-26T01:40:26.443502Z DEBUG netbaiot_transports::business_rpc::v3: business RPC V3 body entered scheduler stream_id=206 class=Rpc body_bytes=198
2026-09-26T01:40:26.443522Z DEBUG netbaiot_transports::business_rpc::v3: business RPC V3 selected frame stream_id=206 frame_type=Open payload_bytes=158
2026-09-26T01:40:26.443559Z DEBUG netbaiot_transports::business_rpc::v3: business RPC V3 writer completed frame stream_id=206 frame_type=Open payload_bytes=158
2026-09-26T01:40:26.443572Z DEBUG netbaiot_transports::business_rpc::v3: business RPC V3 selected frame stream_id=204 frame_type=Data payload_bytes=198
2026-09-26T01:40:26.443589Z DEBUG netbaiot_transports::business_rpc::v3: business RPC V3 writer completed frame stream_id=204 frame_type=Data payload_bytes=198
2026-09-26T01:40:26.443625Z DEBUG netbaiot_transports::business_rpc::v3: business RPC V3 selected frame stream_id=206 frame_type=Data payload_bytes=198
2026-09-26T01:40:26.443694Z DEBUG netbaiot_transports::business_rpc::v3: business RPC V3 writer completed frame stream_id=206 frame_type=Data payload_bytes=198
2026-09-26T01:40:26.469008Z DEBUG netbaiot_transports::business_rpc::v3: business RPC V3 body entered scheduler stream_id=208 class=Rpc body_bytes=197
2026-09-26T01:40:26.469024Z DEBUG netbaiot_transports::business_rpc::v3: business RPC V3 selected frame stream_id=208 frame_type=Open payload_bytes=158
2026-09-26T01:40:26.469040Z DEBUG netbaiot_transports::business_rpc::v3: business RPC V3 writer completed frame stream_id=208 frame_type=Open payload_bytes=158
2026-09-26T01:40:26.469049Z DEBUG netbaiot_transports::business_rpc::v3: business RPC V3 selected frame stream_id=208 frame_type=Data payload_bytes=197
2026-09-26T01:40:26.469058Z DEBUG netbaiot_transports::business_rpc::v3: business RPC V3 writer completed frame stream_id=208 frame_type=Data payload_bytes=197
2026-09-26T01:40:26.469282Z DEBUG netbaiot_transports::business_rpc::v3: business RPC V3 received frame stream_id=0 frame_type=WindowUpdate payload_bytes=4
2026-09-26T01:40:26.469298Z DEBUG netbaiot_transports::business_rpc::v3: business RPC V3 received frame stream_id=0 frame_type=WindowUpdate payload_bytes=4
2026-09-26T01:40:26.469306Z DEBUG netbaiot_transports::business_rpc::v3: business RPC V3 received frame stream_id=198 frame_type=Response payload_bytes=35
2026-09-26T01:40:26.469315Z DEBUG netbaiot_transports::business_rpc::v3: business RPC V3 received frame stream_id=196 frame_type=Response payload_bytes=35
2026-09-26T01:40:26.469322Z DEBUG netbaiot_transports::business_rpc::v3: business RPC V3 received frame stream_id=198 frame_type=Data payload_bytes=215
2026-09-26T01:40:26.469352Z DEBUG netbaiot_transports::business_rpc::v3: business RPC V3 received frame stream_id=196 frame_type=Data payload_bytes=215
2026-09-26T01:40:26.469364Z DEBUG netbaiot_transports::business_rpc::v3: business RPC V3 selected frame stream_id=0 frame_type=WindowUpdate payload_bytes=4
2026-09-26T01:40:26.469381Z DEBUG netbaiot_transports::business_rpc::v3: business RPC V3 writer completed frame stream_id=0 frame_type=WindowUpdate payload_bytes=4
2026-09-26T01:40:26.469388Z DEBUG netbaiot_transports::business_rpc::v3: business RPC V3 selected frame stream_id=0 frame_type=WindowUpdate payload_bytes=4
2026-09-26T01:40:26.469395Z DEBUG netbaiot_transports::business_rpc::v3: business RPC V3 writer completed frame stream_id=0 frame_type=WindowUpdate payload_bytes=4
2026-09-26T01:40:26.469958Z DEBUG netbaiot_transports::business_rpc::v3: business RPC V3 body entered scheduler stream_id=210 class=Rpc body_bytes=198
2026-09-26T01:40:26.469977Z DEBUG netbaiot_transports::business_rpc::v3: business RPC V3 selected frame stream_id=210 frame_type=Open payload_bytes=158
2026-09-26T01:40:26.469995Z DEBUG netbaiot_transports::business_rpc::v3: business RPC V3 writer completed frame stream_id=210 frame_type=Open payload_bytes=158
2026-09-26T01:40:26.470005Z DEBUG netbaiot_transports::business_rpc::v3: business RPC V3 body entered scheduler stream_id=212 class=Rpc body_bytes=198
2026-09-26T01:40:26.470011Z DEBUG netbaiot_transports::business_rpc::v3: business RPC V3 selected frame stream_id=212 frame_type=Open payload_bytes=158
2026-09-26T01:40:26.470019Z DEBUG netbaiot_transports::business_rpc::v3: business RPC V3 writer completed frame stream_id=212 frame_type=Open payload_bytes=158
2026-09-26T01:40:26.470025Z DEBUG netbaiot_transports::business_rpc::v3: business RPC V3 selected frame stream_id=210 frame_type=Data payload_bytes=198
2026-09-26T01:40:26.470033Z DEBUG netbaiot_transports::business_rpc::v3: business RPC V3 writer completed frame stream_id=210 frame_type=Data payload_bytes=198
2026-09-26T01:40:26.470040Z DEBUG netbaiot_transports::business_rpc::v3: business RPC V3 selected frame stream_id=212 frame_type=Data payload_bytes=198
2026-09-26T01:40:26.470047Z DEBUG netbaiot_transports::business_rpc::v3: business RPC V3 writer completed frame stream_id=212 frame_type=Data payload_bytes=198
2026-09-26T01:40:26.496564Z DEBUG netbaiot_transports::business_rpc::v3: business RPC V3 received frame stream_id=0 frame_type=WindowUpdate payload_bytes=4
2026-09-26T01:40:26.496576Z DEBUG netbaiot_transports::business_rpc::v3: business RPC V3 received frame stream_id=200 frame_type=Response payload_bytes=35
2026-09-26T01:40:26.496584Z DEBUG netbaiot_transports::business_rpc::v3: business RPC V3 received frame stream_id=200 frame_type=Data payload_bytes=215
2026-09-26T01:40:26.496613Z DEBUG netbaiot_transports::business_rpc::v3: business RPC V3 selected frame stream_id=0 frame_type=WindowUpdate payload_bytes=4
2026-09-26T01:40:26.496634Z DEBUG netbaiot_transports::business_rpc::v3: business RPC V3 writer completed frame stream_id=0 frame_type=WindowUpdate payload_bytes=4
2026-09-26T01:40:26.497007Z DEBUG netbaiot_transports::business_rpc::v3: business RPC V3 body entered scheduler stream_id=214 class=Rpc body_bytes=198
2026-09-26T01:40:26.497019Z DEBUG netbaiot_transports::business_rpc::v3: business RPC V3 selected frame stream_id=214 frame_type=Open payload_bytes=158
2026-09-26T01:40:26.497034Z DEBUG netbaiot_transports::business_rpc::v3: business RPC V3 writer completed frame stream_id=214 frame_type=Open payload_bytes=158
2026-09-26T01:40:26.497041Z DEBUG netbaiot_transports::business_rpc::v3: business RPC V3 selected frame stream_id=214 frame_type=Data payload_bytes=198
2026-09-26T01:40:26.497051Z DEBUG netbaiot_transports::business_rpc::v3: business RPC V3 writer completed frame stream_id=214 frame_type=Data payload_bytes=198
2026-09-26T01:40:26.515656Z DEBUG netbaiot_transports::business_rpc::v3: business RPC V3 body entered scheduler stream_id=216 class=Rpc body_bytes=197
2026-09-26T01:40:26.515740Z DEBUG netbaiot_transports::business_rpc::v3: business RPC V3 selected frame stream_id=216 frame_type=Open payload_bytes=158
2026-09-26T01:40:26.515767Z DEBUG netbaiot_transports::business_rpc::v3: business RPC V3 writer completed frame stream_id=216 frame_type=Open payload_bytes=158
2026-09-26T01:40:26.515779Z DEBUG netbaiot_transports::business_rpc::v3: business RPC V3 selected frame stream_id=216 frame_type=Data payload_bytes=197
2026-09-26T01:40:26.515790Z DEBUG netbaiot_transports::business_rpc::v3: business RPC V3 writer completed frame stream_id=216 frame_type=Data payload_bytes=197
2026-09-26T01:40:26.519270Z DEBUG netbaiot_transports::business_rpc::v3: business RPC V3 body entered scheduler stream_id=218 class=Rpc body_bytes=197
2026-09-26T01:40:26.519288Z DEBUG netbaiot_transports::business_rpc::v3: business RPC V3 selected frame stream_id=218 frame_type=Open payload_bytes=158
2026-09-26T01:40:26.519305Z DEBUG netbaiot_transports::business_rpc::v3: business RPC V3 writer completed frame stream_id=218 frame_type=Open payload_bytes=158
2026-09-26T01:40:26.519313Z DEBUG netbaiot_transports::business_rpc::v3: business RPC V3 selected frame stream_id=218 frame_type=Data payload_bytes=197
2026-09-26T01:40:26.519321Z DEBUG netbaiot_transports::business_rpc::v3: business RPC V3 writer completed frame stream_id=218 frame_type=Data payload_bytes=197
2026-09-26T01:40:26.546315Z DEBUG netbaiot_transports::business_rpc::v3: business RPC V3 body entered scheduler stream_id=220 class=Event body_bytes=17365
2026-09-26T01:40:26.546327Z DEBUG netbaiot_transports::business_rpc::v3: business RPC V3 selected frame stream_id=220 frame_type=Open payload_bytes=184
2026-09-26T01:40:26.546340Z DEBUG netbaiot_transports::business_rpc::v3: business RPC V3 writer completed frame stream_id=220 frame_type=Open payload_bytes=184
2026-09-26T01:40:26.546347Z DEBUG netbaiot_transports::business_rpc::v3: business RPC V3 selected frame stream_id=220 frame_type=Data payload_bytes=8192
2026-09-26T01:40:26.546357Z DEBUG netbaiot_transports::business_rpc::v3: business RPC V3 writer completed frame stream_id=220 frame_type=Data payload_bytes=8192
2026-09-26T01:40:26.546362Z DEBUG netbaiot_transports::business_rpc::v3: business RPC V3 selected frame stream_id=220 frame_type=Data payload_bytes=8192
2026-09-26T01:40:26.546375Z DEBUG netbaiot_transports::business_rpc::v3: business RPC V3 writer completed frame stream_id=220 frame_type=Data payload_bytes=8192
2026-09-26T01:40:26.546381Z DEBUG netbaiot_transports::business_rpc::v3: business RPC V3 selected frame stream_id=220 frame_type=Data payload_bytes=981
2026-09-26T01:40:26.546389Z DEBUG netbaiot_transports::business_rpc::v3: business RPC V3 writer completed frame stream_id=220 frame_type=Data payload_bytes=981
2026-09-26T01:40:26.554958Z DEBUG netbaiot_transports::business_rpc::v3: business RPC V3 received frame stream_id=0 frame_type=WindowUpdate payload_bytes=4
2026-09-26T01:40:26.554979Z DEBUG netbaiot_transports::business_rpc::v3: business RPC V3 received frame stream_id=0 frame_type=WindowUpdate payload_bytes=4
2026-09-26T01:40:26.554988Z DEBUG netbaiot_transports::business_rpc::v3: business RPC V3 received frame stream_id=0 frame_type=WindowUpdate payload_bytes=4
2026-09-26T01:40:26.554994Z DEBUG netbaiot_transports::business_rpc::v3: business RPC V3 received frame stream_id=206 frame_type=Response payload_bytes=35
2026-09-26T01:40:26.555004Z DEBUG netbaiot_transports::business_rpc::v3: business RPC V3 received frame stream_id=206 frame_type=Data payload_bytes=216
2026-09-26T01:40:26.555035Z DEBUG netbaiot_transports::business_rpc::v3: business RPC V3 received frame stream_id=202 frame_type=Response payload_bytes=35
2026-09-26T01:40:26.555043Z DEBUG netbaiot_transports::business_rpc::v3: business RPC V3 received frame stream_id=204 frame_type=Response payload_bytes=35
2026-09-26T01:40:26.555049Z DEBUG netbaiot_transports::business_rpc::v3: business RPC V3 received frame stream_id=202 frame_type=Data payload_bytes=216
2026-09-26T01:40:26.555049Z DEBUG netbaiot_transports::business_rpc::v3: business RPC V3 selected frame stream_id=0 frame_type=WindowUpdate payload_bytes=4
2026-09-26T01:40:26.555068Z DEBUG netbaiot_transports::business_rpc::v3: business RPC V3 received frame stream_id=204 frame_type=Data payload_bytes=216
2026-09-26T01:40:26.555090Z DEBUG netbaiot_transports::business_rpc::v3: business RPC V3 writer completed frame stream_id=0 frame_type=WindowUpdate payload_bytes=4
2026-09-26T01:40:26.555101Z DEBUG netbaiot_transports::business_rpc::v3: business RPC V3 selected frame stream_id=0 frame_type=WindowUpdate payload_bytes=4
2026-09-26T01:40:26.555111Z DEBUG netbaiot_transports::business_rpc::v3: business RPC V3 writer completed frame stream_id=0 frame_type=WindowUpdate payload_bytes=4
2026-09-26T01:40:26.555117Z DEBUG netbaiot_transports::business_rpc::v3: business RPC V3 selected frame stream_id=0 frame_type=WindowUpdate payload_bytes=4
2026-09-26T01:40:26.555125Z DEBUG netbaiot_transports::business_rpc::v3: business RPC V3 writer completed frame stream_id=0 frame_type=WindowUpdate payload_bytes=4
2026-09-26T01:40:26.555647Z DEBUG netbaiot_transports::business_rpc::v3: business RPC V3 body entered scheduler stream_id=222 class=Rpc body_bytes=198
2026-09-26T01:40:26.555657Z DEBUG netbaiot_transports::business_rpc::v3: business RPC V3 body entered scheduler stream_id=224 class=Rpc body_bytes=198
2026-09-26T01:40:26.555662Z DEBUG netbaiot_transports::business_rpc::v3: business RPC V3 selected frame stream_id=222 frame_type=Open payload_bytes=158
2026-09-26T01:40:26.555677Z DEBUG netbaiot_transports::business_rpc::v3: business RPC V3 writer completed frame stream_id=222 frame_type=Open payload_bytes=158
2026-09-26T01:40:26.555683Z DEBUG netbaiot_transports::business_rpc::v3: business RPC V3 body entered scheduler stream_id=226 class=Rpc body_bytes=198
2026-09-26T01:40:26.555689Z DEBUG netbaiot_transports::business_rpc::v3: business RPC V3 selected frame stream_id=222 frame_type=Data payload_bytes=198
2026-09-26T01:40:26.555697Z DEBUG netbaiot_transports::business_rpc::v3: business RPC V3 writer completed frame stream_id=222 frame_type=Data payload_bytes=198
2026-09-26T01:40:26.555702Z DEBUG netbaiot_transports::business_rpc::v3: business RPC V3 selected frame stream_id=224 frame_type=Open payload_bytes=158
2026-09-26T01:40:26.555709Z DEBUG netbaiot_transports::business_rpc::v3: business RPC V3 writer completed frame stream_id=224 frame_type=Open payload_bytes=158
2026-09-26T01:40:26.555714Z DEBUG netbaiot_transports::business_rpc::v3: business RPC V3 selected frame stream_id=226 frame_type=Open payload_bytes=158
2026-09-26T01:40:26.555720Z DEBUG netbaiot_transports::business_rpc::v3: business RPC V3 writer completed frame stream_id=226 frame_type=Open payload_bytes=158
2026-09-26T01:40:26.555725Z DEBUG netbaiot_transports::business_rpc::v3: business RPC V3 selected frame stream_id=224 frame_type=Data payload_bytes=198
2026-09-26T01:40:26.555736Z DEBUG netbaiot_transports::business_rpc::v3: business RPC V3 writer completed frame stream_id=224 frame_type=Data payload_bytes=198
2026-09-26T01:40:26.555745Z DEBUG netbaiot_transports::business_rpc::v3: business RPC V3 selected frame stream_id=226 frame_type=Data payload_bytes=198
2026-09-26T01:40:26.555752Z DEBUG netbaiot_transports::business_rpc::v3: business RPC V3 writer completed frame stream_id=226 frame_type=Data payload_bytes=198
2026-09-26T01:40:26.556867Z DEBUG netbaiot_transports::business_rpc::v3: business RPC V3 body entered scheduler stream_id=228 class=Rpc body_bytes=197
2026-09-26T01:40:26.556880Z DEBUG netbaiot_transports::business_rpc::v3: business RPC V3 selected frame stream_id=228 frame_type=Open payload_bytes=158
2026-09-26T01:40:26.556894Z DEBUG netbaiot_transports::business_rpc::v3: business RPC V3 writer completed frame stream_id=228 frame_type=Open payload_bytes=158
2026-09-26T01:40:26.556900Z DEBUG netbaiot_transports::business_rpc::v3: business RPC V3 selected frame stream_id=228 frame_type=Data payload_bytes=197
2026-09-26T01:40:26.556908Z DEBUG netbaiot_transports::business_rpc::v3: business RPC V3 writer completed frame stream_id=228 frame_type=Data payload_bytes=197
2026-09-26T01:40:26.559303Z DEBUG netbaiot_transports::business_rpc::v3: business RPC V3 body entered scheduler stream_id=230 class=Rpc body_bytes=197
2026-09-26T01:40:26.559311Z DEBUG netbaiot_transports::business_rpc::v3: business RPC V3 selected frame stream_id=230 frame_type=Open payload_bytes=158
2026-09-26T01:40:26.559324Z DEBUG netbaiot_transports::business_rpc::v3: business RPC V3 writer completed frame stream_id=230 frame_type=Open payload_bytes=158
2026-09-26T01:40:26.559330Z DEBUG netbaiot_transports::business_rpc::v3: business RPC V3 selected frame stream_id=230 frame_type=Data payload_bytes=197
2026-09-26T01:40:26.559337Z DEBUG netbaiot_transports::business_rpc::v3: business RPC V3 writer completed frame stream_id=230 frame_type=Data payload_bytes=197
2026-09-26T01:40:26.585846Z DEBUG netbaiot_transports::business_rpc::v3: business RPC V3 received frame stream_id=0 frame_type=WindowUpdate payload_bytes=4
2026-09-26T01:40:26.585932Z DEBUG netbaiot_transports::business_rpc::v3: business RPC V3 received frame stream_id=0 frame_type=WindowUpdate payload_bytes=4
2026-09-26T01:40:26.585956Z DEBUG netbaiot_transports::business_rpc::v3: business RPC V3 received frame stream_id=0 frame_type=WindowUpdate payload_bytes=4
2026-09-26T01:40:26.585966Z DEBUG netbaiot_transports::business_rpc::v3: business RPC V3 received frame stream_id=0 frame_type=WindowUpdate payload_bytes=4
2026-09-26T01:40:26.585975Z DEBUG netbaiot_transports::business_rpc::v3: business RPC V3 received frame stream_id=210 frame_type=Response payload_bytes=35
2026-09-26T01:40:26.585988Z DEBUG netbaiot_transports::business_rpc::v3: business RPC V3 received frame stream_id=214 frame_type=Response payload_bytes=35
2026-09-26T01:40:26.585999Z DEBUG netbaiot_transports::business_rpc::v3: business RPC V3 received frame stream_id=208 frame_type=Response payload_bytes=35
2026-09-26T01:40:26.586007Z DEBUG netbaiot_transports::business_rpc::v3: business RPC V3 received frame stream_id=212 frame_type=Response payload_bytes=35
2026-09-26T01:40:26.586015Z DEBUG netbaiot_transports::business_rpc::v3: business RPC V3 received frame stream_id=210 frame_type=Data payload_bytes=216
2026-09-26T01:40:26.586056Z DEBUG netbaiot_transports::business_rpc::v3: business RPC V3 received frame stream_id=214 frame_type=Data payload_bytes=216
2026-09-26T01:40:26.586079Z DEBUG netbaiot_transports::business_rpc::v3: business RPC V3 received frame stream_id=208 frame_type=Data payload_bytes=215
2026-09-26T01:40:26.586076Z DEBUG netbaiot_transports::business_rpc::v3: business RPC V3 selected frame stream_id=0 frame_type=WindowUpdate payload_bytes=4
2026-09-26T01:40:26.586096Z DEBUG netbaiot_transports::business_rpc::v3: business RPC V3 received frame stream_id=212 frame_type=Data payload_bytes=216
2026-09-26T01:40:26.586173Z DEBUG netbaiot_transports::business_rpc::v3: business RPC V3 writer completed frame stream_id=0 frame_type=WindowUpdate payload_bytes=4
2026-09-26T01:40:26.586194Z DEBUG netbaiot_transports::business_rpc::v3: business RPC V3 selected frame stream_id=0 frame_type=WindowUpdate payload_bytes=4
2026-09-26T01:40:26.586209Z DEBUG netbaiot_transports::business_rpc::v3: business RPC V3 writer completed frame stream_id=0 frame_type=WindowUpdate payload_bytes=4
2026-09-26T01:40:26.586219Z DEBUG netbaiot_transports::business_rpc::v3: business RPC V3 selected frame stream_id=0 frame_type=WindowUpdate payload_bytes=4
2026-09-26T01:40:26.586236Z DEBUG netbaiot_transports::business_rpc::v3: business RPC V3 writer completed frame stream_id=0 frame_type=WindowUpdate payload_bytes=4
2026-09-26T01:40:26.586245Z DEBUG netbaiot_transports::business_rpc::v3: business RPC V3 selected frame stream_id=0 frame_type=WindowUpdate payload_bytes=4
2026-09-26T01:40:26.586255Z DEBUG netbaiot_transports::business_rpc::v3: business RPC V3 writer completed frame stream_id=0 frame_type=WindowUpdate payload_bytes=4
2026-09-26T01:40:26.587078Z DEBUG netbaiot_transports::business_rpc::v3: business RPC V3 body entered scheduler stream_id=232 class=Rpc body_bytes=198
2026-09-26T01:40:26.587132Z DEBUG netbaiot_transports::business_rpc::v3: business RPC V3 body entered scheduler stream_id=234 class=Rpc body_bytes=198
2026-09-26T01:40:26.587146Z DEBUG netbaiot_transports::business_rpc::v3: business RPC V3 body entered scheduler stream_id=236 class=Rpc body_bytes=198
2026-09-26T01:40:26.587155Z DEBUG netbaiot_transports::business_rpc::v3: business RPC V3 body entered scheduler stream_id=238 class=Rpc body_bytes=198
2026-09-26T01:40:26.587165Z DEBUG netbaiot_transports::business_rpc::v3: business RPC V3 selected frame stream_id=232 frame_type=Open payload_bytes=158
2026-09-26T01:40:26.587192Z DEBUG netbaiot_transports::business_rpc::v3: business RPC V3 writer completed frame stream_id=232 frame_type=Open payload_bytes=158
2026-09-26T01:40:26.587211Z DEBUG netbaiot_transports::business_rpc::v3: business RPC V3 selected frame stream_id=234 frame_type=Open payload_bytes=158
2026-09-26T01:40:26.587223Z DEBUG netbaiot_transports::business_rpc::v3: business RPC V3 writer completed frame stream_id=234 frame_type=Open payload_bytes=158
2026-09-26T01:40:26.587232Z DEBUG netbaiot_transports::business_rpc::v3: business RPC V3 selected frame stream_id=236 frame_type=Open payload_bytes=158
2026-09-26T01:40:26.587242Z DEBUG netbaiot_transports::business_rpc::v3: business RPC V3 writer completed frame stream_id=236 frame_type=Open payload_bytes=158
2026-09-26T01:40:26.587249Z DEBUG netbaiot_transports::business_rpc::v3: business RPC V3 selected frame stream_id=238 frame_type=Open payload_bytes=158
2026-09-26T01:40:26.587260Z DEBUG netbaiot_transports::business_rpc::v3: business RPC V3 writer completed frame stream_id=238 frame_type=Open payload_bytes=158
2026-09-26T01:40:26.587269Z DEBUG netbaiot_transports::business_rpc::v3: business RPC V3 selected frame stream_id=232 frame_type=Data payload_bytes=198
2026-09-26T01:40:26.587288Z DEBUG netbaiot_transports::business_rpc::v3: business RPC V3 writer completed frame stream_id=232 frame_type=Data payload_bytes=198
2026-09-26T01:40:26.587300Z DEBUG netbaiot_transports::business_rpc::v3: business RPC V3 selected frame stream_id=234 frame_type=Data payload_bytes=198
2026-09-26T01:40:26.587310Z DEBUG netbaiot_transports::business_rpc::v3: business RPC V3 writer completed frame stream_id=234 frame_type=Data payload_bytes=198
2026-09-26T01:40:26.587318Z DEBUG netbaiot_transports::business_rpc::v3: business RPC V3 selected frame stream_id=236 frame_type=Data payload_bytes=198
2026-09-26T01:40:26.587328Z DEBUG netbaiot_transports::business_rpc::v3: business RPC V3 writer completed frame stream_id=236 frame_type=Data payload_bytes=198
2026-09-26T01:40:26.587334Z DEBUG netbaiot_transports::business_rpc::v3: business RPC V3 selected frame stream_id=238 frame_type=Data payload_bytes=198
2026-09-26T01:40:26.587343Z DEBUG netbaiot_transports::business_rpc::v3: business RPC V3 writer completed frame stream_id=238 frame_type=Data payload_bytes=198
2026-09-26T01:40:26.614580Z DEBUG netbaiot_transports::business_rpc::v3: business RPC V3 received frame stream_id=0 frame_type=WindowUpdate payload_bytes=4
2026-09-26T01:40:26.614663Z DEBUG netbaiot_transports::business_rpc::v3: business RPC V3 received frame stream_id=0 frame_type=WindowUpdate payload_bytes=4
2026-09-26T01:40:26.614680Z DEBUG netbaiot_transports::business_rpc::v3: business RPC V3 received frame stream_id=218 frame_type=Response payload_bytes=35
2026-09-26T01:40:26.614694Z DEBUG netbaiot_transports::business_rpc::v3: business RPC V3 received frame stream_id=218 frame_type=Data payload_bytes=215
2026-09-26T01:40:26.614744Z DEBUG netbaiot_transports::business_rpc::v3: business RPC V3 received frame stream_id=216 frame_type=Response payload_bytes=35
2026-09-26T01:40:26.614757Z DEBUG netbaiot_transports::business_rpc::v3: business RPC V3 received frame stream_id=216 frame_type=Data payload_bytes=215
2026-09-26T01:40:26.614765Z DEBUG netbaiot_transports::business_rpc::v3: business RPC V3 selected frame stream_id=0 frame_type=WindowUpdate payload_bytes=4
2026-09-26T01:40:26.614816Z DEBUG netbaiot_transports::business_rpc::v3: business RPC V3 writer completed frame stream_id=0 frame_type=WindowUpdate payload_bytes=4
2026-09-26T01:40:26.614828Z DEBUG netbaiot_transports::business_rpc::v3: business RPC V3 selected frame stream_id=0 frame_type=WindowUpdate payload_bytes=4
2026-09-26T01:40:26.614841Z DEBUG netbaiot_transports::business_rpc::v3: business RPC V3 writer completed frame stream_id=0 frame_type=WindowUpdate payload_bytes=4
2026-09-26T01:40:26.615621Z DEBUG netbaiot_transports::business_rpc::v3: business RPC V3 body entered scheduler stream_id=240 class=Rpc body_bytes=198
2026-09-26T01:40:26.615681Z DEBUG netbaiot_transports::business_rpc::v3: business RPC V3 selected frame stream_id=240 frame_type=Open payload_bytes=158
2026-09-26T01:40:26.615703Z DEBUG netbaiot_transports::business_rpc::v3: business RPC V3 writer completed frame stream_id=240 frame_type=Open payload_bytes=158
2026-09-26T01:40:26.615716Z DEBUG netbaiot_transports::business_rpc::v3: business RPC V3 selected frame stream_id=240 frame_type=Data payload_bytes=198
2026-09-26T01:40:26.615726Z DEBUG netbaiot_transports::business_rpc::v3: business RPC V3 writer completed frame stream_id=240 frame_type=Data payload_bytes=198
2026-09-26T01:40:26.616119Z DEBUG netbaiot_transports::business_rpc::v3: business RPC V3 body entered scheduler stream_id=242 class=Rpc body_bytes=198
2026-09-26T01:40:26.616150Z DEBUG netbaiot_transports::business_rpc::v3: business RPC V3 selected frame stream_id=242 frame_type=Open payload_bytes=158
2026-09-26T01:40:26.616174Z DEBUG netbaiot_transports::business_rpc::v3: business RPC V3 writer completed frame stream_id=242 frame_type=Open payload_bytes=158
2026-09-26T01:40:26.616185Z DEBUG netbaiot_transports::business_rpc::v3: business RPC V3 selected frame stream_id=242 frame_type=Data payload_bytes=198
2026-09-26T01:40:26.616193Z DEBUG netbaiot_transports::business_rpc::v3: business RPC V3 writer completed frame stream_id=242 frame_type=Data payload_bytes=198
2026-09-26T01:40:26.701818Z DEBUG netbaiot_transports::business_rpc::v3: business RPC V3 received frame stream_id=0 frame_type=WindowUpdate payload_bytes=4
2026-09-26T01:40:26.701903Z DEBUG netbaiot_transports::business_rpc::v3: business RPC V3 received frame stream_id=220 frame_type=WindowUpdate payload_bytes=4
2026-09-26T01:40:26.741294Z DEBUG netbaiot_transports::business_rpc::v3: business RPC V3 received frame stream_id=0 frame_type=WindowUpdate payload_bytes=4
2026-09-26T01:40:26.741335Z DEBUG netbaiot_transports::business_rpc::v3: business RPC V3 received frame stream_id=220 frame_type=WindowUpdate payload_bytes=4
2026-09-26T01:40:26.741343Z DEBUG netbaiot_transports::business_rpc::v3: business RPC V3 received frame stream_id=0 frame_type=WindowUpdate payload_bytes=4
2026-09-26T01:40:26.741350Z DEBUG netbaiot_transports::business_rpc::v3: business RPC V3 received frame stream_id=0 frame_type=WindowUpdate payload_bytes=4
2026-09-26T01:40:26.741356Z DEBUG netbaiot_transports::business_rpc::v3: business RPC V3 received frame stream_id=0 frame_type=WindowUpdate payload_bytes=4
2026-09-26T01:40:26.741361Z DEBUG netbaiot_transports::business_rpc::v3: business RPC V3 received frame stream_id=0 frame_type=WindowUpdate payload_bytes=4
2026-09-26T01:40:26.741367Z DEBUG netbaiot_transports::business_rpc::v3: business RPC V3 received frame stream_id=0 frame_type=WindowUpdate payload_bytes=4
2026-09-26T01:40:26.741372Z DEBUG netbaiot_transports::business_rpc::v3: business RPC V3 received frame stream_id=0 frame_type=WindowUpdate payload_bytes=4
2026-09-26T01:40:26.741377Z DEBUG netbaiot_transports::business_rpc::v3: business RPC V3 received frame stream_id=0 frame_type=WindowUpdate payload_bytes=4
2026-09-26T01:40:26.741382Z DEBUG netbaiot_transports::business_rpc::v3: business RPC V3 received frame stream_id=0 frame_type=WindowUpdate payload_bytes=4
2026-09-26T01:40:26.741387Z DEBUG netbaiot_transports::business_rpc::v3: business RPC V3 received frame stream_id=0 frame_type=WindowUpdate payload_bytes=4
2026-09-26T01:40:26.741392Z DEBUG netbaiot_transports::business_rpc::v3: business RPC V3 received frame stream_id=0 frame_type=WindowUpdate payload_bytes=4
2026-09-26T01:40:26.741397Z DEBUG netbaiot_transports::business_rpc::v3: business RPC V3 received frame stream_id=0 frame_type=WindowUpdate payload_bytes=4
2026-09-26T01:40:26.741401Z DEBUG netbaiot_transports::business_rpc::v3: business RPC V3 received frame stream_id=222 frame_type=Response payload_bytes=35
2026-09-26T01:40:26.741418Z DEBUG netbaiot_transports::business_rpc::v3: business RPC V3 received frame stream_id=224 frame_type=Response payload_bytes=35
2026-09-26T01:40:26.741424Z DEBUG netbaiot_transports::business_rpc::v3: business RPC V3 received frame stream_id=226 frame_type=Response payload_bytes=35
2026-09-26T01:40:26.741429Z DEBUG netbaiot_transports::business_rpc::v3: business RPC V3 received frame stream_id=0 frame_type=WindowUpdate payload_bytes=4
2026-09-26T01:40:26.741434Z DEBUG netbaiot_transports::business_rpc::v3: business RPC V3 received frame stream_id=222 frame_type=Data payload_bytes=216
2026-09-26T01:40:26.741473Z DEBUG netbaiot_transports::business_rpc::v3: business RPC V3 received frame stream_id=228 frame_type=Response payload_bytes=35
2026-09-26T01:40:26.741480Z DEBUG netbaiot_transports::business_rpc::v3: business RPC V3 received frame stream_id=230 frame_type=Response payload_bytes=35
2026-09-26T01:40:26.741486Z DEBUG netbaiot_transports::business_rpc::v3: business RPC V3 received frame stream_id=242 frame_type=Response payload_bytes=35
2026-09-26T01:40:26.741491Z DEBUG netbaiot_transports::business_rpc::v3: business RPC V3 received frame stream_id=232 frame_type=Response payload_bytes=35
2026-09-26T01:40:26.741489Z DEBUG netbaiot_transports::business_rpc::v3: business RPC V3 selected frame stream_id=0 frame_type=WindowUpdate payload_bytes=4
2026-09-26T01:40:26.741497Z DEBUG netbaiot_transports::business_rpc::v3: business RPC V3 received frame stream_id=224 frame_type=Data payload_bytes=216
2026-09-26T01:40:26.741527Z DEBUG netbaiot_transports::business_rpc::v3: business RPC V3 writer completed frame stream_id=0 frame_type=WindowUpdate payload_bytes=4
2026-09-26T01:40:26.741552Z DEBUG netbaiot_transports::business_rpc::v3: business RPC V3 selected frame stream_id=0 frame_type=WindowUpdate payload_bytes=4
2026-09-26T01:40:26.741558Z DEBUG netbaiot_transports::business_rpc::v3: business RPC V3 received frame stream_id=234 frame_type=Response payload_bytes=35
2026-09-26T01:40:26.741562Z DEBUG netbaiot_transports::business_rpc::v3: business RPC V3 writer completed frame stream_id=0 frame_type=WindowUpdate payload_bytes=4
2026-09-26T01:40:26.741576Z DEBUG netbaiot_transports::business_rpc::v3: business RPC V3 received frame stream_id=238 frame_type=Response payload_bytes=35
2026-09-26T01:40:26.741600Z DEBUG netbaiot_transports::business_rpc::v3: business RPC V3 received frame stream_id=240 frame_type=Response payload_bytes=35
2026-09-26T01:40:26.741607Z DEBUG netbaiot_transports::business_rpc::v3: business RPC V3 received frame stream_id=226 frame_type=Data payload_bytes=216
2026-09-26T01:40:26.741630Z DEBUG netbaiot_transports::business_rpc::v3: business RPC V3 received frame stream_id=228 frame_type=Data payload_bytes=215
2026-09-26T01:40:26.741647Z DEBUG netbaiot_transports::business_rpc::v3: business RPC V3 selected frame stream_id=0 frame_type=WindowUpdate payload_bytes=4
2026-09-26T01:40:26.741661Z DEBUG netbaiot_transports::business_rpc::v3: business RPC V3 writer completed frame stream_id=0 frame_type=WindowUpdate payload_bytes=4
2026-09-26T01:40:26.741667Z DEBUG netbaiot_transports::business_rpc::v3: business RPC V3 selected frame stream_id=0 frame_type=WindowUpdate payload_bytes=4
2026-09-26T01:40:26.741676Z DEBUG netbaiot_transports::business_rpc::v3: business RPC V3 writer completed frame stream_id=0 frame_type=WindowUpdate payload_bytes=4
2026-09-26T01:40:26.741699Z DEBUG netbaiot_transports::business_rpc::v3: business RPC V3 received frame stream_id=236 frame_type=Response payload_bytes=35
2026-09-26T01:40:26.741816Z DEBUG netbaiot_transports::business_rpc::v3: business RPC V3 received frame stream_id=230 frame_type=Data payload_bytes=215
2026-09-26T01:40:26.741851Z DEBUG netbaiot_transports::business_rpc::v3: business RPC V3 received frame stream_id=242 frame_type=Data payload_bytes=216
2026-09-26T01:40:26.741858Z DEBUG netbaiot_transports::business_rpc::v3: business RPC V3 selected frame stream_id=0 frame_type=WindowUpdate payload_bytes=4
2026-09-26T01:40:26.741877Z DEBUG netbaiot_transports::business_rpc::v3: business RPC V3 received frame stream_id=232 frame_type=Data payload_bytes=216
2026-09-26T01:40:26.741958Z DEBUG netbaiot_transports::business_rpc::v3: business RPC V3 writer completed frame stream_id=0 frame_type=WindowUpdate payload_bytes=4
2026-09-26T01:40:26.741975Z DEBUG netbaiot_transports::business_rpc::v3: business RPC V3 received frame stream_id=234 frame_type=Data payload_bytes=216
2026-09-26T01:40:26.742001Z DEBUG netbaiot_transports::business_rpc::v3: business RPC V3 received frame stream_id=238 frame_type=Data payload_bytes=216
2026-09-26T01:40:26.741978Z DEBUG netbaiot_transports::business_rpc::v3: business RPC V3 selected frame stream_id=0 frame_type=WindowUpdate payload_bytes=4
2026-09-26T01:40:26.742029Z DEBUG netbaiot_transports::business_rpc::v3: business RPC V3 received frame stream_id=240 frame_type=Data payload_bytes=216
2026-09-26T01:40:26.742035Z DEBUG netbaiot_transports::business_rpc::v3: business RPC V3 writer completed frame stream_id=0 frame_type=WindowUpdate payload_bytes=4
2026-09-26T01:40:26.742067Z DEBUG netbaiot_transports::business_rpc::v3: business RPC V3 received frame stream_id=236 frame_type=Data payload_bytes=216
2026-09-26T01:40:26.742069Z DEBUG netbaiot_transports::business_rpc::v3: business RPC V3 selected frame stream_id=0 frame_type=WindowUpdate payload_bytes=4
2026-09-26T01:40:26.742122Z DEBUG netbaiot_transports::business_rpc::v3: business RPC V3 writer completed frame stream_id=0 frame_type=WindowUpdate payload_bytes=4
2026-09-26T01:40:26.742131Z DEBUG netbaiot_transports::business_rpc::v3: business RPC V3 selected frame stream_id=0 frame_type=WindowUpdate payload_bytes=4
2026-09-26T01:40:26.742140Z DEBUG netbaiot_transports::business_rpc::v3: business RPC V3 writer completed frame stream_id=0 frame_type=WindowUpdate payload_bytes=4
2026-09-26T01:40:26.742146Z DEBUG netbaiot_transports::business_rpc::v3: business RPC V3 selected frame stream_id=0 frame_type=WindowUpdate payload_bytes=4
2026-09-26T01:40:26.742153Z DEBUG netbaiot_transports::business_rpc::v3: business RPC V3 writer completed frame stream_id=0 frame_type=WindowUpdate payload_bytes=4
2026-09-26T01:40:26.742159Z DEBUG netbaiot_transports::business_rpc::v3: business RPC V3 selected frame stream_id=0 frame_type=WindowUpdate payload_bytes=4
2026-09-26T01:40:26.742168Z DEBUG netbaiot_transports::business_rpc::v3: business RPC V3 writer completed frame stream_id=0 frame_type=WindowUpdate payload_bytes=4
2026-09-26T01:40:26.742174Z DEBUG netbaiot_transports::business_rpc::v3: business RPC V3 selected frame stream_id=0 frame_type=WindowUpdate payload_bytes=4
2026-09-26T01:40:26.742212Z DEBUG netbaiot_transports::business_rpc::v3: business RPC V3 writer completed frame stream_id=0 frame_type=WindowUpdate payload_bytes=4
2026-09-26T01:40:26.742101Z DEBUG netbaiot_transports::business_rpc::v3: business RPC V3 received frame stream_id=220 frame_type=Response payload_bytes=35
2026-09-26T01:40:26.742235Z DEBUG netbaiot_transports::business_rpc::v3: business RPC V3 received frame stream_id=220 frame_type=Data payload_bytes=118
2026-09-26T01:40:26.742248Z DEBUG netbaiot_transports::business_rpc::v3: business RPC V3 Event delivery acknowledged stream_id=220 completion_us=195940
2026-09-26T01:40:26.742289Z DEBUG netbaiot_transports::business_rpc::v3: business RPC V3 selected frame stream_id=0 frame_type=WindowUpdate payload_bytes=4
2026-09-26T01:40:26.742319Z DEBUG netbaiot_transports::business_rpc::v3: business RPC V3 writer completed frame stream_id=0 frame_type=WindowUpdate payload_bytes=4
2026-09-26T01:40:26.742545Z DEBUG netbaiot_transports::business_rpc::v3: business RPC V3 body entered scheduler stream_id=244 class=Rpc body_bytes=198
2026-09-26T01:40:26.742595Z DEBUG netbaiot_transports::business_rpc::v3: business RPC V3 selected frame stream_id=244 frame_type=Open payload_bytes=158
2026-09-26T01:40:26.742624Z DEBUG netbaiot_transports::business_rpc::v3: business RPC V3 writer completed frame stream_id=244 frame_type=Open payload_bytes=158
2026-09-26T01:40:26.742643Z DEBUG netbaiot_transports::business_rpc::v3: business RPC V3 selected frame stream_id=244 frame_type=Data payload_bytes=198
2026-09-26T01:40:26.742655Z DEBUG netbaiot_transports::business_rpc::v3: business RPC V3 writer completed frame stream_id=244 frame_type=Data payload_bytes=198
2026-09-26T01:40:26.851881Z DEBUG netbaiot_transports::business_rpc::v3: business RPC V3 received frame stream_id=0 frame_type=WindowUpdate payload_bytes=4
2026-09-26T01:40:26.851957Z DEBUG netbaiot_transports::business_rpc::v3: business RPC V3 received frame stream_id=244 frame_type=Response payload_bytes=35
2026-09-26T01:40:26.851976Z DEBUG netbaiot_transports::business_rpc::v3: business RPC V3 received frame stream_id=244 frame_type=Data payload_bytes=216
2026-09-26T01:40:26.852037Z DEBUG netbaiot_transports::business_rpc::v3: business RPC V3 selected frame stream_id=0 frame_type=WindowUpdate payload_bytes=4
2026-09-26T01:40:26.852071Z DEBUG netbaiot_transports::business_rpc::v3: business RPC V3 writer completed frame stream_id=0 frame_type=WindowUpdate payload_bytes=4
2026-09-26T01:40:27.046684Z DEBUG netbaiot_transports::business_rpc::v3: business RPC V3 body entered scheduler stream_id=246 class=Event body_bytes=17365
2026-09-26T01:40:27.046768Z DEBUG netbaiot_transports::business_rpc::v3: business RPC V3 selected frame stream_id=246 frame_type=Open payload_bytes=184
2026-09-26T01:40:27.046806Z DEBUG netbaiot_transports::business_rpc::v3: business RPC V3 writer completed frame stream_id=246 frame_type=Open payload_bytes=184
2026-09-26T01:40:27.046819Z DEBUG netbaiot_transports::business_rpc::v3: business RPC V3 selected frame stream_id=246 frame_type=Data payload_bytes=8192
2026-09-26T01:40:27.046844Z DEBUG netbaiot_transports::business_rpc::v3: business RPC V3 writer completed frame stream_id=246 frame_type=Data payload_bytes=8192
2026-09-26T01:40:27.046852Z DEBUG netbaiot_transports::business_rpc::v3: business RPC V3 selected frame stream_id=246 frame_type=Data payload_bytes=8192
2026-09-26T01:40:27.046872Z DEBUG netbaiot_transports::business_rpc::v3: business RPC V3 writer completed frame stream_id=246 frame_type=Data payload_bytes=8192
2026-09-26T01:40:27.046882Z DEBUG netbaiot_transports::business_rpc::v3: business RPC V3 selected frame stream_id=246 frame_type=Data payload_bytes=981
2026-09-26T01:40:27.046893Z DEBUG netbaiot_transports::business_rpc::v3: business RPC V3 writer completed frame stream_id=246 frame_type=Data payload_bytes=981
2026-09-26T01:40:27.163915Z DEBUG netbaiot_transports::business_rpc::v3: business RPC V3 received frame stream_id=0 frame_type=WindowUpdate payload_bytes=4
2026-09-26T01:40:27.164027Z DEBUG netbaiot_transports::business_rpc::v3: business RPC V3 received frame stream_id=246 frame_type=WindowUpdate payload_bytes=4
2026-09-26T01:40:27.195519Z DEBUG netbaiot_transports::business_rpc::v3: business RPC V3 received frame stream_id=0 frame_type=WindowUpdate payload_bytes=4
2026-09-26T01:40:27.195605Z DEBUG netbaiot_transports::business_rpc::v3: business RPC V3 received frame stream_id=246 frame_type=WindowUpdate payload_bytes=4
2026-09-26T01:40:27.195623Z DEBUG netbaiot_transports::business_rpc::v3: business RPC V3 received frame stream_id=0 frame_type=WindowUpdate payload_bytes=4
2026-09-26T01:40:27.222618Z DEBUG netbaiot_transports::business_rpc::v3: business RPC V3 received frame stream_id=246 frame_type=Response payload_bytes=35
2026-09-26T01:40:27.222670Z DEBUG netbaiot_transports::business_rpc::v3: business RPC V3 received frame stream_id=246 frame_type=Data payload_bytes=118
2026-09-26T01:40:27.222687Z DEBUG netbaiot_transports::business_rpc::v3: business RPC V3 Event delivery acknowledged stream_id=246 completion_us=176029
2026-09-26T01:40:27.222724Z DEBUG netbaiot_transports::business_rpc::v3: business RPC V3 selected frame stream_id=0 frame_type=WindowUpdate payload_bytes=4
2026-09-26T01:40:27.222758Z DEBUG netbaiot_transports::business_rpc::v3: business RPC V3 writer completed frame stream_id=0 frame_type=WindowUpdate payload_bytes=4
2026-09-26T01:40:27.223932Z DEBUG netbaiot_transports::business_rpc::v3: business RPC V3 body entered scheduler stream_id=248 class=Rpc body_bytes=198
2026-09-26T01:40:27.223950Z DEBUG netbaiot_transports::business_rpc::v3: business RPC V3 selected frame stream_id=248 frame_type=Open payload_bytes=158
2026-09-26T01:40:27.223965Z DEBUG netbaiot_transports::business_rpc::v3: business RPC V3 writer completed frame stream_id=248 frame_type=Open payload_bytes=158
2026-09-26T01:40:27.223972Z DEBUG netbaiot_transports::business_rpc::v3: business RPC V3 selected frame stream_id=248 frame_type=Data payload_bytes=198
2026-09-26T01:40:27.223980Z DEBUG netbaiot_transports::business_rpc::v3: business RPC V3 writer completed frame stream_id=248 frame_type=Data payload_bytes=198
2026-09-26T01:40:27.226315Z DEBUG netbaiot_transports::business_rpc::v3: business RPC V3 body entered scheduler stream_id=250 class=Rpc body_bytes=198
2026-09-26T01:40:27.226328Z DEBUG netbaiot_transports::business_rpc::v3: business RPC V3 selected frame stream_id=250 frame_type=Open payload_bytes=158
2026-09-26T01:40:27.226343Z DEBUG netbaiot_transports::business_rpc::v3: business RPC V3 writer completed frame stream_id=250 frame_type=Open payload_bytes=158
2026-09-26T01:40:27.226349Z DEBUG netbaiot_transports::business_rpc::v3: business RPC V3 selected frame stream_id=250 frame_type=Data payload_bytes=198
2026-09-26T01:40:27.226358Z DEBUG netbaiot_transports::business_rpc::v3: business RPC V3 writer completed frame stream_id=250 frame_type=Data payload_bytes=198
2026-09-26T01:40:27.233189Z DEBUG netbaiot_transports::business_rpc::v3: business RPC V3 body entered scheduler stream_id=252 class=Rpc body_bytes=198
2026-09-26T01:40:27.233198Z DEBUG netbaiot_transports::business_rpc::v3: business RPC V3 selected frame stream_id=252 frame_type=Open payload_bytes=158
2026-09-26T01:40:27.233211Z DEBUG netbaiot_transports::business_rpc::v3: business RPC V3 writer completed frame stream_id=252 frame_type=Open payload_bytes=158
2026-09-26T01:40:27.233217Z DEBUG netbaiot_transports::business_rpc::v3: business RPC V3 selected frame stream_id=252 frame_type=Data payload_bytes=198
2026-09-26T01:40:27.233225Z DEBUG netbaiot_transports::business_rpc::v3: business RPC V3 writer completed frame stream_id=252 frame_type=Data payload_bytes=198
2026-09-26T01:40:27.278992Z DEBUG netbaiot_transports::business_rpc::v3: business RPC V3 body entered scheduler stream_id=254 class=Rpc body_bytes=198
2026-09-26T01:40:27.279057Z DEBUG netbaiot_transports::business_rpc::v3: business RPC V3 selected frame stream_id=254 frame_type=Open payload_bytes=158
2026-09-26T01:40:27.279085Z DEBUG netbaiot_transports::business_rpc::v3: business RPC V3 writer completed frame stream_id=254 frame_type=Open payload_bytes=158
2026-09-26T01:40:27.279100Z DEBUG netbaiot_transports::business_rpc::v3: business RPC V3 selected frame stream_id=254 frame_type=Data payload_bytes=198
2026-09-26T01:40:27.279110Z DEBUG netbaiot_transports::business_rpc::v3: business RPC V3 writer completed frame stream_id=254 frame_type=Data payload_bytes=198
2026-09-26T01:40:27.295229Z DEBUG netbaiot_transports::business_rpc::v3: business RPC V3 body entered scheduler stream_id=256 class=Rpc body_bytes=198
2026-09-26T01:40:27.295313Z DEBUG netbaiot_transports::business_rpc::v3: business RPC V3 selected frame stream_id=256 frame_type=Open payload_bytes=158
2026-09-26T01:40:27.295349Z DEBUG netbaiot_transports::business_rpc::v3: business RPC V3 writer completed frame stream_id=256 frame_type=Open payload_bytes=158
2026-09-26T01:40:27.295365Z DEBUG netbaiot_transports::business_rpc::v3: business RPC V3 selected frame stream_id=256 frame_type=Data payload_bytes=198
2026-09-26T01:40:27.295379Z DEBUG netbaiot_transports::business_rpc::v3: business RPC V3 writer completed frame stream_id=256 frame_type=Data payload_bytes=198
2026-09-26T01:40:27.307134Z DEBUG netbaiot_transports::business_rpc::v3: business RPC V3 received frame stream_id=0 frame_type=WindowUpdate payload_bytes=4
2026-09-26T01:40:27.307234Z DEBUG netbaiot_transports::business_rpc::v3: business RPC V3 received frame stream_id=0 frame_type=WindowUpdate payload_bytes=4
2026-09-26T01:40:27.307253Z DEBUG netbaiot_transports::business_rpc::v3: business RPC V3 received frame stream_id=0 frame_type=WindowUpdate payload_bytes=4
2026-09-26T01:40:27.335721Z DEBUG netbaiot_transports::business_rpc::v3: business RPC V3 received frame stream_id=252 frame_type=Response payload_bytes=35
2026-09-26T01:40:27.335838Z DEBUG netbaiot_transports::business_rpc::v3: business RPC V3 received frame stream_id=252 frame_type=Data payload_bytes=216
2026-09-26T01:40:27.335907Z DEBUG netbaiot_transports::business_rpc::v3: business RPC V3 received frame stream_id=248 frame_type=Response payload_bytes=35
2026-09-26T01:40:27.335927Z DEBUG netbaiot_transports::business_rpc::v3: business RPC V3 received frame stream_id=250 frame_type=Response payload_bytes=35
2026-09-26T01:40:27.335928Z DEBUG netbaiot_transports::business_rpc::v3: business RPC V3 selected frame stream_id=0 frame_type=WindowUpdate payload_bytes=4
2026-09-26T01:40:27.335940Z DEBUG netbaiot_transports::business_rpc::v3: business RPC V3 received frame stream_id=248 frame_type=Data payload_bytes=216
2026-09-26T01:40:27.335980Z DEBUG netbaiot_transports::business_rpc::v3: business RPC V3 writer completed frame stream_id=0 frame_type=WindowUpdate payload_bytes=4
2026-09-26T01:40:27.336007Z DEBUG netbaiot_transports::business_rpc::v3: business RPC V3 selected frame stream_id=0 frame_type=WindowUpdate payload_bytes=4
2026-09-26T01:40:27.336014Z DEBUG netbaiot_transports::business_rpc::v3: business RPC V3 received frame stream_id=250 frame_type=Data payload_bytes=216
2026-09-26T01:40:27.336021Z DEBUG netbaiot_transports::business_rpc::v3: business RPC V3 writer completed frame stream_id=0 frame_type=WindowUpdate payload_bytes=4
2026-09-26T01:40:27.336063Z DEBUG netbaiot_transports::business_rpc::v3: business RPC V3 selected frame stream_id=0 frame_type=WindowUpdate payload_bytes=4
2026-09-26T01:40:27.336096Z DEBUG netbaiot_transports::business_rpc::v3: business RPC V3 writer completed frame stream_id=0 frame_type=WindowUpdate payload_bytes=4
2026-09-26T01:40:27.336901Z DEBUG netbaiot_transports::business_rpc::v3: business RPC V3 body entered scheduler stream_id=258 class=Rpc body_bytes=198
2026-09-26T01:40:27.336963Z DEBUG netbaiot_transports::business_rpc::v3: business RPC V3 body entered scheduler stream_id=260 class=Rpc body_bytes=198
2026-09-26T01:40:27.336978Z DEBUG netbaiot_transports::business_rpc::v3: business RPC V3 body entered scheduler stream_id=262 class=Rpc body_bytes=198
2026-09-26T01:40:27.336988Z DEBUG netbaiot_transports::business_rpc::v3: business RPC V3 selected frame stream_id=258 frame_type=Open payload_bytes=158
2026-09-26T01:40:27.337019Z DEBUG netbaiot_transports::business_rpc::v3: business RPC V3 writer completed frame stream_id=258 frame_type=Open payload_bytes=158
2026-09-26T01:40:27.337033Z DEBUG netbaiot_transports::business_rpc::v3: business RPC V3 selected frame stream_id=258 frame_type=Data payload_bytes=198
2026-09-26T01:40:27.337048Z DEBUG netbaiot_transports::business_rpc::v3: business RPC V3 writer completed frame stream_id=258 frame_type=Data payload_bytes=198
2026-09-26T01:40:27.337057Z DEBUG netbaiot_transports::business_rpc::v3: business RPC V3 selected frame stream_id=260 frame_type=Open payload_bytes=158
2026-09-26T01:40:27.337068Z DEBUG netbaiot_transports::business_rpc::v3: business RPC V3 writer completed frame stream_id=260 frame_type=Open payload_bytes=158
2026-09-26T01:40:27.337077Z DEBUG netbaiot_transports::business_rpc::v3: business RPC V3 selected frame stream_id=262 frame_type=Open payload_bytes=158
2026-09-26T01:40:27.337089Z DEBUG netbaiot_transports::business_rpc::v3: business RPC V3 writer completed frame stream_id=262 frame_type=Open payload_bytes=158
2026-09-26T01:40:27.337097Z DEBUG netbaiot_transports::business_rpc::v3: business RPC V3 selected frame stream_id=260 frame_type=Data payload_bytes=198
2026-09-26T01:40:27.337109Z DEBUG netbaiot_transports::business_rpc::v3: business RPC V3 writer completed frame stream_id=260 frame_type=Data payload_bytes=198
2026-09-26T01:40:27.337119Z DEBUG netbaiot_transports::business_rpc::v3: business RPC V3 selected frame stream_id=262 frame_type=Data payload_bytes=198
2026-09-26T01:40:27.337130Z DEBUG netbaiot_transports::business_rpc::v3: business RPC V3 writer completed frame stream_id=262 frame_type=Data payload_bytes=198
2026-09-26T01:40:27.339447Z DEBUG netbaiot_transports::business_rpc::v3: business RPC V3 body entered scheduler stream_id=264 class=Rpc body_bytes=198
2026-09-26T01:40:27.339503Z DEBUG netbaiot_transports::business_rpc::v3: business RPC V3 selected frame stream_id=264 frame_type=Open payload_bytes=158
2026-09-26T01:40:27.339531Z DEBUG netbaiot_transports::business_rpc::v3: business RPC V3 writer completed frame stream_id=264 frame_type=Open payload_bytes=158
2026-09-26T01:40:27.339548Z DEBUG netbaiot_transports::business_rpc::v3: business RPC V3 selected frame stream_id=264 frame_type=Data payload_bytes=198
2026-09-26T01:40:27.339564Z DEBUG netbaiot_transports::business_rpc::v3: business RPC V3 writer completed frame stream_id=264 frame_type=Data payload_bytes=198
2026-09-26T01:40:27.347823Z DEBUG netbaiot_transports::business_rpc::v3: business RPC V3 body entered scheduler stream_id=266 class=Rpc body_bytes=197
2026-09-26T01:40:27.347903Z DEBUG netbaiot_transports::business_rpc::v3: business RPC V3 selected frame stream_id=266 frame_type=Open payload_bytes=158
2026-09-26T01:40:27.347940Z DEBUG netbaiot_transports::business_rpc::v3: business RPC V3 writer completed frame stream_id=266 frame_type=Open payload_bytes=158
2026-09-26T01:40:27.347962Z DEBUG netbaiot_transports::business_rpc::v3: business RPC V3 selected frame stream_id=266 frame_type=Data payload_bytes=197
2026-09-26T01:40:27.347973Z DEBUG netbaiot_transports::business_rpc::v3: business RPC V3 writer completed frame stream_id=266 frame_type=Data payload_bytes=197
2026-09-26T01:40:27.363233Z DEBUG netbaiot_transports::business_rpc::v3: business RPC V3 received frame stream_id=0 frame_type=WindowUpdate payload_bytes=4
2026-09-26T01:40:27.363333Z DEBUG netbaiot_transports::business_rpc::v3: business RPC V3 received frame stream_id=254 frame_type=Response payload_bytes=35
2026-09-26T01:40:27.363369Z DEBUG netbaiot_transports::business_rpc::v3: business RPC V3 received frame stream_id=254 frame_type=Data payload_bytes=216
2026-09-26T01:40:27.363454Z DEBUG netbaiot_transports::business_rpc::v3: business RPC V3 selected frame stream_id=0 frame_type=WindowUpdate payload_bytes=4
2026-09-26T01:40:27.363531Z DEBUG netbaiot_transports::business_rpc::v3: business RPC V3 writer completed frame stream_id=0 frame_type=WindowUpdate payload_bytes=4
2026-09-26T01:40:27.364368Z DEBUG netbaiot_transports::business_rpc::v3: business RPC V3 body entered scheduler stream_id=268 class=Rpc body_bytes=198
2026-09-26T01:40:27.364428Z DEBUG netbaiot_transports::business_rpc::v3: business RPC V3 selected frame stream_id=268 frame_type=Open payload_bytes=158
2026-09-26T01:40:27.364469Z DEBUG netbaiot_transports::business_rpc::v3: business RPC V3 writer completed frame stream_id=268 frame_type=Open payload_bytes=158
2026-09-26T01:40:27.364488Z DEBUG netbaiot_transports::business_rpc::v3: business RPC V3 selected frame stream_id=268 frame_type=Data payload_bytes=198
2026-09-26T01:40:27.364501Z DEBUG netbaiot_transports::business_rpc::v3: business RPC V3 writer completed frame stream_id=268 frame_type=Data payload_bytes=198
2026-09-26T01:40:27.391498Z DEBUG netbaiot_transports::business_rpc::v3: business RPC V3 received frame stream_id=0 frame_type=WindowUpdate payload_bytes=4
2026-09-26T01:40:27.391588Z DEBUG netbaiot_transports::business_rpc::v3: business RPC V3 received frame stream_id=256 frame_type=Response payload_bytes=35
2026-09-26T01:40:27.391610Z DEBUG netbaiot_transports::business_rpc::v3: business RPC V3 received frame stream_id=256 frame_type=Data payload_bytes=216
2026-09-26T01:40:27.391671Z DEBUG netbaiot_transports::business_rpc::v3: business RPC V3 selected frame stream_id=0 frame_type=WindowUpdate payload_bytes=4
2026-09-26T01:40:27.391714Z DEBUG netbaiot_transports::business_rpc::v3: business RPC V3 writer completed frame stream_id=0 frame_type=WindowUpdate payload_bytes=4
2026-09-26T01:40:27.392427Z DEBUG netbaiot_transports::business_rpc::v3: business RPC V3 body entered scheduler stream_id=270 class=Rpc body_bytes=198
2026-09-26T01:40:27.392475Z DEBUG netbaiot_transports::business_rpc::v3: business RPC V3 selected frame stream_id=270 frame_type=Open payload_bytes=158
2026-09-26T01:40:27.392522Z DEBUG netbaiot_transports::business_rpc::v3: business RPC V3 writer completed frame stream_id=270 frame_type=Open payload_bytes=158
2026-09-26T01:40:27.392539Z DEBUG netbaiot_transports::business_rpc::v3: business RPC V3 selected frame stream_id=270 frame_type=Data payload_bytes=198
2026-09-26T01:40:27.392548Z DEBUG netbaiot_transports::business_rpc::v3: business RPC V3 writer completed frame stream_id=270 frame_type=Data payload_bytes=198
2026-09-26T01:40:27.416611Z DEBUG netbaiot_transports::business_rpc::v3: business RPC V3 body entered scheduler stream_id=272 class=Rpc body_bytes=198
2026-09-26T01:40:27.416701Z DEBUG netbaiot_transports::business_rpc::v3: business RPC V3 selected frame stream_id=272 frame_type=Open payload_bytes=158
2026-09-26T01:40:27.416749Z DEBUG netbaiot_transports::business_rpc::v3: business RPC V3 writer completed frame stream_id=272 frame_type=Open payload_bytes=158
2026-09-26T01:40:27.416771Z DEBUG netbaiot_transports::business_rpc::v3: business RPC V3 selected frame stream_id=272 frame_type=Data payload_bytes=198
2026-09-26T01:40:27.416788Z DEBUG netbaiot_transports::business_rpc::v3: business RPC V3 writer completed frame stream_id=272 frame_type=Data payload_bytes=198
2026-09-26T01:40:27.455034Z DEBUG netbaiot_transports::business_rpc::v3: business RPC V3 received frame stream_id=0 frame_type=WindowUpdate payload_bytes=4
2026-09-26T01:40:27.455123Z DEBUG netbaiot_transports::business_rpc::v3: business RPC V3 received frame stream_id=0 frame_type=WindowUpdate payload_bytes=4
2026-09-26T01:40:27.455145Z DEBUG netbaiot_transports::business_rpc::v3: business RPC V3 received frame stream_id=0 frame_type=WindowUpdate payload_bytes=4
2026-09-26T01:40:27.455154Z DEBUG netbaiot_transports::business_rpc::v3: business RPC V3 received frame stream_id=0 frame_type=WindowUpdate payload_bytes=4
2026-09-26T01:40:27.455162Z DEBUG netbaiot_transports::business_rpc::v3: business RPC V3 received frame stream_id=0 frame_type=WindowUpdate payload_bytes=4
2026-09-26T01:40:27.455168Z DEBUG netbaiot_transports::business_rpc::v3: business RPC V3 received frame stream_id=266 frame_type=Response payload_bytes=35
2026-09-26T01:40:27.455182Z DEBUG netbaiot_transports::business_rpc::v3: business RPC V3 received frame stream_id=260 frame_type=Response payload_bytes=35
2026-09-26T01:40:27.455190Z DEBUG netbaiot_transports::business_rpc::v3: business RPC V3 received frame stream_id=262 frame_type=Response payload_bytes=35
2026-09-26T01:40:27.455197Z DEBUG netbaiot_transports::business_rpc::v3: business RPC V3 received frame stream_id=258 frame_type=Response payload_bytes=35
2026-09-26T01:40:27.455203Z DEBUG netbaiot_transports::business_rpc::v3: business RPC V3 received frame stream_id=266 frame_type=Data payload_bytes=215
2026-09-26T01:40:27.455246Z DEBUG netbaiot_transports::business_rpc::v3: business RPC V3 received frame stream_id=264 frame_type=Response payload_bytes=35
2026-09-26T01:40:27.455260Z DEBUG netbaiot_transports::business_rpc::v3: business RPC V3 received frame stream_id=260 frame_type=Data payload_bytes=216
2026-09-26T01:40:27.455265Z DEBUG netbaiot_transports::business_rpc::v3: business RPC V3 selected frame stream_id=0 frame_type=WindowUpdate payload_bytes=4
2026-09-26T01:40:27.455280Z DEBUG netbaiot_transports::business_rpc::v3: business RPC V3 received frame stream_id=262 frame_type=Data payload_bytes=216
2026-09-26T01:40:27.455333Z DEBUG netbaiot_transports::business_rpc::v3: business RPC V3 writer completed frame stream_id=0 frame_type=WindowUpdate payload_bytes=4
2026-09-26T01:40:27.455344Z DEBUG netbaiot_transports::business_rpc::v3: business RPC V3 selected frame stream_id=0 frame_type=WindowUpdate payload_bytes=4
2026-09-26T01:40:27.455354Z DEBUG netbaiot_transports::business_rpc::v3: business RPC V3 writer completed frame stream_id=0 frame_type=WindowUpdate payload_bytes=4
2026-09-26T01:40:27.455364Z DEBUG netbaiot_transports::business_rpc::v3: business RPC V3 selected frame stream_id=0 frame_type=WindowUpdate payload_bytes=4
2026-09-26T01:40:27.455375Z DEBUG netbaiot_transports::business_rpc::v3: business RPC V3 writer completed frame stream_id=0 frame_type=WindowUpdate payload_bytes=4
2026-09-26T01:40:27.455353Z DEBUG netbaiot_transports::business_rpc::v3: business RPC V3 received frame stream_id=258 frame_type=Data payload_bytes=216
2026-09-26T01:40:27.455475Z DEBUG netbaiot_transports::business_rpc::v3: business RPC V3 received frame stream_id=264 frame_type=Data payload_bytes=216
2026-09-26T01:40:27.455502Z DEBUG netbaiot_transports::business_rpc::v3: business RPC V3 selected frame stream_id=0 frame_type=WindowUpdate payload_bytes=4
2026-09-26T01:40:27.455522Z DEBUG netbaiot_transports::business_rpc::v3: business RPC V3 writer completed frame stream_id=0 frame_type=WindowUpdate payload_bytes=4
2026-09-26T01:40:27.455530Z DEBUG netbaiot_transports::business_rpc::v3: business RPC V3 selected frame stream_id=0 frame_type=WindowUpdate payload_bytes=4
2026-09-26T01:40:27.455538Z DEBUG netbaiot_transports::business_rpc::v3: business RPC V3 writer completed frame stream_id=0 frame_type=WindowUpdate payload_bytes=4
2026-09-26T01:40:27.456273Z DEBUG netbaiot_transports::business_rpc::v3: business RPC V3 body entered scheduler stream_id=274 class=Rpc body_bytes=198
2026-09-26T01:40:27.456325Z DEBUG netbaiot_transports::business_rpc::v3: business RPC V3 body entered scheduler stream_id=276 class=Rpc body_bytes=198
2026-09-26T01:40:27.456338Z DEBUG netbaiot_transports::business_rpc::v3: business RPC V3 body entered scheduler stream_id=278 class=Rpc body_bytes=198
2026-09-26T01:40:27.456343Z DEBUG netbaiot_transports::business_rpc::v3: business RPC V3 body entered scheduler stream_id=280 class=Rpc body_bytes=198
2026-09-26T01:40:27.456350Z DEBUG netbaiot_transports::business_rpc::v3: business RPC V3 selected frame stream_id=274 frame_type=Open payload_bytes=158
2026-09-26T01:40:27.456370Z DEBUG netbaiot_transports::business_rpc::v3: business RPC V3 writer completed frame stream_id=274 frame_type=Open payload_bytes=158
2026-09-26T01:40:27.456381Z DEBUG netbaiot_transports::business_rpc::v3: business RPC V3 body entered scheduler stream_id=282 class=Rpc body_bytes=198
2026-09-26T01:40:27.456387Z DEBUG netbaiot_transports::business_rpc::v3: business RPC V3 selected frame stream_id=276 frame_type=Open payload_bytes=158
2026-09-26T01:40:27.456396Z DEBUG netbaiot_transports::business_rpc::v3: business RPC V3 writer completed frame stream_id=276 frame_type=Open payload_bytes=158
2026-09-26T01:40:27.456402Z DEBUG netbaiot_transports::business_rpc::v3: business RPC V3 selected frame stream_id=278 frame_type=Open payload_bytes=158
2026-09-26T01:40:27.456410Z DEBUG netbaiot_transports::business_rpc::v3: business RPC V3 writer completed frame stream_id=278 frame_type=Open payload_bytes=158
2026-09-26T01:40:27.456416Z DEBUG netbaiot_transports::business_rpc::v3: business RPC V3 selected frame stream_id=280 frame_type=Open payload_bytes=158
2026-09-26T01:40:27.456427Z DEBUG netbaiot_transports::business_rpc::v3: business RPC V3 writer completed frame stream_id=280 frame_type=Open payload_bytes=158
2026-09-26T01:40:27.456434Z DEBUG netbaiot_transports::business_rpc::v3: business RPC V3 selected frame stream_id=274 frame_type=Data payload_bytes=198
2026-09-26T01:40:27.456442Z DEBUG netbaiot_transports::business_rpc::v3: business RPC V3 writer completed frame stream_id=274 frame_type=Data payload_bytes=198
2026-09-26T01:40:27.456449Z DEBUG netbaiot_transports::business_rpc::v3: business RPC V3 selected frame stream_id=282 frame_type=Open payload_bytes=158
2026-09-26T01:40:27.456462Z DEBUG netbaiot_transports::business_rpc::v3: business RPC V3 writer completed frame stream_id=282 frame_type=Open payload_bytes=158
2026-09-26T01:40:27.456468Z DEBUG netbaiot_transports::business_rpc::v3: business RPC V3 selected frame stream_id=276 frame_type=Data payload_bytes=198
2026-09-26T01:40:27.456475Z DEBUG netbaiot_transports::business_rpc::v3: business RPC V3 writer completed frame stream_id=276 frame_type=Data payload_bytes=198
2026-09-26T01:40:27.456481Z DEBUG netbaiot_transports::business_rpc::v3: business RPC V3 selected frame stream_id=278 frame_type=Data payload_bytes=198
2026-09-26T01:40:27.456494Z DEBUG netbaiot_transports::business_rpc::v3: business RPC V3 writer completed frame stream_id=278 frame_type=Data payload_bytes=198
2026-09-26T01:40:27.456501Z DEBUG netbaiot_transports::business_rpc::v3: business RPC V3 selected frame stream_id=280 frame_type=Data payload_bytes=198
2026-09-26T01:40:27.456509Z DEBUG netbaiot_transports::business_rpc::v3: business RPC V3 writer completed frame stream_id=280 frame_type=Data payload_bytes=198
2026-09-26T01:40:27.456515Z DEBUG netbaiot_transports::business_rpc::v3: business RPC V3 selected frame stream_id=282 frame_type=Data payload_bytes=198
2026-09-26T01:40:27.456524Z DEBUG netbaiot_transports::business_rpc::v3: business RPC V3 writer completed frame stream_id=282 frame_type=Data payload_bytes=198
2026-09-26T01:40:27.471750Z DEBUG netbaiot_transports::business_rpc::v3: business RPC V3 body entered scheduler stream_id=284 class=Rpc body_bytes=197
2026-09-26T01:40:27.471784Z DEBUG netbaiot_transports::business_rpc::v3: business RPC V3 selected frame stream_id=284 frame_type=Open payload_bytes=158
2026-09-26T01:40:27.471803Z DEBUG netbaiot_transports::business_rpc::v3: business RPC V3 writer completed frame stream_id=284 frame_type=Open payload_bytes=158
2026-09-26T01:40:27.471812Z DEBUG netbaiot_transports::business_rpc::v3: business RPC V3 selected frame stream_id=284 frame_type=Data payload_bytes=197
2026-09-26T01:40:27.471821Z DEBUG netbaiot_transports::business_rpc::v3: business RPC V3 writer completed frame stream_id=284 frame_type=Data payload_bytes=197
2026-09-26T01:40:27.483701Z DEBUG netbaiot_transports::business_rpc::v3: business RPC V3 received frame stream_id=0 frame_type=WindowUpdate payload_bytes=4
2026-09-26T01:40:27.483768Z DEBUG netbaiot_transports::business_rpc::v3: business RPC V3 received frame stream_id=0 frame_type=WindowUpdate payload_bytes=4
2026-09-26T01:40:27.483787Z DEBUG netbaiot_transports::business_rpc::v3: business RPC V3 received frame stream_id=270 frame_type=Response payload_bytes=35
2026-09-26T01:40:27.483803Z DEBUG netbaiot_transports::business_rpc::v3: business RPC V3 received frame stream_id=268 frame_type=Response payload_bytes=35
2026-09-26T01:40:27.483823Z DEBUG netbaiot_transports::business_rpc::v3: business RPC V3 received frame stream_id=270 frame_type=Data payload_bytes=216
2026-09-26T01:40:27.483877Z DEBUG netbaiot_transports::business_rpc::v3: business RPC V3 received frame stream_id=268 frame_type=Data payload_bytes=216
2026-09-26T01:40:27.483901Z DEBUG netbaiot_transports::business_rpc::v3: business RPC V3 received frame stream_id=0 frame_type=WindowUpdate payload_bytes=4
2026-09-26T01:40:27.483911Z DEBUG netbaiot_transports::business_rpc::v3: business RPC V3 received frame stream_id=272 frame_type=Response payload_bytes=35
2026-09-26T01:40:27.483918Z DEBUG netbaiot_transports::business_rpc::v3: business RPC V3 received frame stream_id=272 frame_type=Data payload_bytes=216
2026-09-26T01:40:27.483972Z DEBUG netbaiot_transports::business_rpc::v3: business RPC V3 selected frame stream_id=0 frame_type=WindowUpdate payload_bytes=4
2026-09-26T01:40:27.484040Z DEBUG netbaiot_transports::business_rpc::v3: business RPC V3 writer completed frame stream_id=0 frame_type=WindowUpdate payload_bytes=4
2026-09-26T01:40:27.484054Z DEBUG netbaiot_transports::business_rpc::v3: business RPC V3 selected frame stream_id=0 frame_type=WindowUpdate payload_bytes=4
2026-09-26T01:40:27.484068Z DEBUG netbaiot_transports::business_rpc::v3: business RPC V3 writer completed frame stream_id=0 frame_type=WindowUpdate payload_bytes=4
2026-09-26T01:40:27.484075Z DEBUG netbaiot_transports::business_rpc::v3: business RPC V3 selected frame stream_id=0 frame_type=WindowUpdate payload_bytes=4
2026-09-26T01:40:27.484084Z DEBUG netbaiot_transports::business_rpc::v3: business RPC V3 writer completed frame stream_id=0 frame_type=WindowUpdate payload_bytes=4
2026-09-26T01:40:27.484861Z DEBUG netbaiot_transports::business_rpc::v3: business RPC V3 body entered scheduler stream_id=286 class=Rpc body_bytes=198
2026-09-26T01:40:27.484918Z DEBUG netbaiot_transports::business_rpc::v3: business RPC V3 selected frame stream_id=286 frame_type=Open payload_bytes=158
2026-09-26T01:40:27.484960Z DEBUG netbaiot_transports::business_rpc::v3: business RPC V3 writer completed frame stream_id=286 frame_type=Open payload_bytes=158
2026-09-26T01:40:27.484981Z DEBUG netbaiot_transports::business_rpc::v3: business RPC V3 selected frame stream_id=286 frame_type=Data payload_bytes=198
2026-09-26T01:40:27.484993Z DEBUG netbaiot_transports::business_rpc::v3: business RPC V3 writer completed frame stream_id=286 frame_type=Data payload_bytes=198
2026-09-26T01:40:27.485297Z DEBUG netbaiot_transports::business_rpc::v3: business RPC V3 body entered scheduler stream_id=288 class=Rpc body_bytes=198
2026-09-26T01:40:27.485339Z DEBUG netbaiot_transports::business_rpc::v3: business RPC V3 selected frame stream_id=288 frame_type=Open payload_bytes=158
2026-09-26T01:40:27.485397Z DEBUG netbaiot_transports::business_rpc::v3: business RPC V3 writer completed frame stream_id=288 frame_type=Open payload_bytes=158
2026-09-26T01:40:27.485416Z DEBUG netbaiot_transports::business_rpc::v3: business RPC V3 selected frame stream_id=288 frame_type=Data payload_bytes=198
2026-09-26T01:40:27.485430Z DEBUG netbaiot_transports::business_rpc::v3: business RPC V3 writer completed frame stream_id=288 frame_type=Data payload_bytes=198
2026-09-26T01:40:27.485536Z DEBUG netbaiot_transports::business_rpc::v3: business RPC V3 body entered scheduler stream_id=290 class=Rpc body_bytes=198
2026-09-26T01:40:27.485555Z DEBUG netbaiot_transports::business_rpc::v3: business RPC V3 selected frame stream_id=290 frame_type=Open payload_bytes=158
2026-09-26T01:40:27.485575Z DEBUG netbaiot_transports::business_rpc::v3: business RPC V3 writer completed frame stream_id=290 frame_type=Open payload_bytes=158
2026-09-26T01:40:27.485586Z DEBUG netbaiot_transports::business_rpc::v3: business RPC V3 selected frame stream_id=290 frame_type=Data payload_bytes=198
2026-09-26T01:40:27.485595Z DEBUG netbaiot_transports::business_rpc::v3: business RPC V3 writer completed frame stream_id=290 frame_type=Data payload_bytes=198
2026-09-26T01:40:27.489229Z DEBUG netbaiot_transports::business_rpc::v3: business RPC V3 body entered scheduler stream_id=292 class=Rpc body_bytes=197
2026-09-26T01:40:27.489299Z DEBUG netbaiot_transports::business_rpc::v3: business RPC V3 selected frame stream_id=292 frame_type=Open payload_bytes=158
2026-09-26T01:40:27.489347Z DEBUG netbaiot_transports::business_rpc::v3: business RPC V3 writer completed frame stream_id=292 frame_type=Open payload_bytes=158
2026-09-26T01:40:27.489365Z DEBUG netbaiot_transports::business_rpc::v3: business RPC V3 selected frame stream_id=292 frame_type=Data payload_bytes=197
2026-09-26T01:40:27.489376Z DEBUG netbaiot_transports::business_rpc::v3: business RPC V3 writer completed frame stream_id=292 frame_type=Data payload_bytes=197
2026-09-26T01:40:27.533842Z DEBUG netbaiot_transports::business_rpc::v3: business RPC V3 body entered scheduler stream_id=294 class=Rpc body_bytes=198
2026-09-26T01:40:27.533925Z DEBUG netbaiot_transports::business_rpc::v3: business RPC V3 selected frame stream_id=294 frame_type=Open payload_bytes=158
2026-09-26T01:40:27.533957Z DEBUG netbaiot_transports::business_rpc::v3: business RPC V3 writer completed frame stream_id=294 frame_type=Open payload_bytes=158
2026-09-26T01:40:27.533979Z DEBUG netbaiot_transports::business_rpc::v3: business RPC V3 selected frame stream_id=294 frame_type=Data payload_bytes=198
2026-09-26T01:40:27.533994Z DEBUG netbaiot_transports::business_rpc::v3: business RPC V3 writer completed frame stream_id=294 frame_type=Data payload_bytes=198
2026-09-26T01:40:27.545018Z DEBUG netbaiot_transports::business_rpc::v3: business RPC V3 body entered scheduler stream_id=296 class=Event body_bytes=17365
2026-09-26T01:40:27.545126Z DEBUG netbaiot_transports::business_rpc::v3: business RPC V3 selected frame stream_id=296 frame_type=Open payload_bytes=184
2026-09-26T01:40:27.545171Z DEBUG netbaiot_transports::business_rpc::v3: business RPC V3 writer completed frame stream_id=296 frame_type=Open payload_bytes=184
2026-09-26T01:40:27.545191Z DEBUG netbaiot_transports::business_rpc::v3: business RPC V3 selected frame stream_id=296 frame_type=Data payload_bytes=8192
2026-09-26T01:40:27.545210Z DEBUG netbaiot_transports::business_rpc::v3: business RPC V3 writer completed frame stream_id=296 frame_type=Data payload_bytes=8192
2026-09-26T01:40:27.545218Z DEBUG netbaiot_transports::business_rpc::v3: business RPC V3 selected frame stream_id=296 frame_type=Data payload_bytes=8192
2026-09-26T01:40:27.545239Z DEBUG netbaiot_transports::business_rpc::v3: business RPC V3 writer completed frame stream_id=296 frame_type=Data payload_bytes=8192
2026-09-26T01:40:27.545249Z DEBUG netbaiot_transports::business_rpc::v3: business RPC V3 selected frame stream_id=296 frame_type=Data payload_bytes=981
2026-09-26T01:40:27.545261Z DEBUG netbaiot_transports::business_rpc::v3: business RPC V3 writer completed frame stream_id=296 frame_type=Data payload_bytes=981
2026-09-26T01:40:27.578747Z DEBUG netbaiot_transports::business_rpc::v3: business RPC V3 received frame stream_id=0 frame_type=WindowUpdate payload_bytes=4
2026-09-26T01:40:27.578850Z DEBUG netbaiot_transports::business_rpc::v3: business RPC V3 received frame stream_id=0 frame_type=WindowUpdate payload_bytes=4
2026-09-26T01:40:27.578870Z DEBUG netbaiot_transports::business_rpc::v3: business RPC V3 received frame stream_id=0 frame_type=WindowUpdate payload_bytes=4
2026-09-26T01:40:27.578882Z DEBUG netbaiot_transports::business_rpc::v3: business RPC V3 received frame stream_id=0 frame_type=WindowUpdate payload_bytes=4
2026-09-26T01:40:27.578893Z DEBUG netbaiot_transports::business_rpc::v3: business RPC V3 received frame stream_id=0 frame_type=WindowUpdate payload_bytes=4
2026-09-26T01:40:27.578903Z DEBUG netbaiot_transports::business_rpc::v3: business RPC V3 received frame stream_id=0 frame_type=WindowUpdate payload_bytes=4
2026-09-26T01:40:27.578913Z DEBUG netbaiot_transports::business_rpc::v3: business RPC V3 received frame stream_id=284 frame_type=Response payload_bytes=35
2026-09-26T01:40:27.578931Z DEBUG netbaiot_transports::business_rpc::v3: business RPC V3 received frame stream_id=274 frame_type=Response payload_bytes=35
2026-09-26T01:40:27.578942Z DEBUG netbaiot_transports::business_rpc::v3: business RPC V3 received frame stream_id=280 frame_type=Response payload_bytes=35
2026-09-26T01:40:27.578953Z DEBUG netbaiot_transports::business_rpc::v3: business RPC V3 received frame stream_id=284 frame_type=Data payload_bytes=215
2026-09-26T01:40:27.579018Z DEBUG netbaiot_transports::business_rpc::v3: business RPC V3 received frame stream_id=278 frame_type=Response payload_bytes=35
2026-09-26T01:40:27.579036Z DEBUG netbaiot_transports::business_rpc::v3: business RPC V3 received frame stream_id=282 frame_type=Response payload_bytes=35
2026-09-26T01:40:27.579057Z DEBUG netbaiot_transports::business_rpc::v3: business RPC V3 received frame stream_id=276 frame_type=Response payload_bytes=35
2026-09-26T01:40:27.579076Z DEBUG netbaiot_transports::business_rpc::v3: business RPC V3 received frame stream_id=274 frame_type=Data payload_bytes=216
2026-09-26T01:40:27.579037Z DEBUG netbaiot_transports::business_rpc::v3: business RPC V3 selected frame stream_id=0 frame_type=WindowUpdate payload_bytes=4
2026-09-26T01:40:27.579111Z DEBUG netbaiot_transports::business_rpc::v3: business RPC V3 received frame stream_id=280 frame_type=Data payload_bytes=216
2026-09-26T01:40:27.579168Z DEBUG netbaiot_transports::business_rpc::v3: business RPC V3 writer completed frame stream_id=0 frame_type=WindowUpdate payload_bytes=4
2026-09-26T01:40:27.579186Z DEBUG netbaiot_transports::business_rpc::v3: business RPC V3 received frame stream_id=278 frame_type=Data payload_bytes=216
2026-09-26T01:40:27.579188Z DEBUG netbaiot_transports::business_rpc::v3: business RPC V3 selected frame stream_id=0 frame_type=WindowUpdate payload_bytes=4
2026-09-26T01:40:27.579224Z DEBUG netbaiot_transports::business_rpc::v3: business RPC V3 received frame stream_id=282 frame_type=Data payload_bytes=216
2026-09-26T01:40:27.579234Z DEBUG netbaiot_transports::business_rpc::v3: business RPC V3 writer completed frame stream_id=0 frame_type=WindowUpdate payload_bytes=4
2026-09-26T01:40:27.579271Z DEBUG netbaiot_transports::business_rpc::v3: business RPC V3 selected frame stream_id=0 frame_type=WindowUpdate payload_bytes=4
2026-09-26T01:40:27.579257Z DEBUG netbaiot_transports::business_rpc::v3: business RPC V3 received frame stream_id=276 frame_type=Data payload_bytes=216
2026-09-26T01:40:27.579305Z DEBUG netbaiot_transports::business_rpc::v3: business RPC V3 writer completed frame stream_id=0 frame_type=WindowUpdate payload_bytes=4
2026-09-26T01:40:27.579355Z DEBUG netbaiot_transports::business_rpc::v3: business RPC V3 selected frame stream_id=0 frame_type=WindowUpdate payload_bytes=4
2026-09-26T01:40:27.579374Z DEBUG netbaiot_transports::business_rpc::v3: business RPC V3 writer completed frame stream_id=0 frame_type=WindowUpdate payload_bytes=4
2026-09-26T01:40:27.579385Z DEBUG netbaiot_transports::business_rpc::v3: business RPC V3 selected frame stream_id=0 frame_type=WindowUpdate payload_bytes=4
2026-09-26T01:40:27.579402Z DEBUG netbaiot_transports::business_rpc::v3: business RPC V3 writer completed frame stream_id=0 frame_type=WindowUpdate payload_bytes=4
2026-09-26T01:40:27.579411Z DEBUG netbaiot_transports::business_rpc::v3: business RPC V3 selected frame stream_id=0 frame_type=WindowUpdate payload_bytes=4
2026-09-26T01:40:27.579425Z DEBUG netbaiot_transports::business_rpc::v3: business RPC V3 writer completed frame stream_id=0 frame_type=WindowUpdate payload_bytes=4
2026-09-26T01:40:27.580517Z DEBUG netbaiot_transports::business_rpc::v3: business RPC V3 body entered scheduler stream_id=298 class=Rpc body_bytes=198
2026-09-26T01:40:27.580586Z DEBUG netbaiot_transports::business_rpc::v3: business RPC V3 body entered scheduler stream_id=300 class=Rpc body_bytes=198
2026-09-26T01:40:27.580604Z DEBUG netbaiot_transports::business_rpc::v3: business RPC V3 body entered scheduler stream_id=302 class=Rpc body_bytes=198
2026-09-26T01:40:27.580616Z DEBUG netbaiot_transports::business_rpc::v3: business RPC V3 selected frame stream_id=298 frame_type=Open payload_bytes=158
2026-09-26T01:40:27.580644Z DEBUG netbaiot_transports::business_rpc::v3: business RPC V3 writer completed frame stream_id=298 frame_type=Open payload_bytes=158
2026-09-26T01:40:27.580660Z DEBUG netbaiot_transports::business_rpc::v3: business RPC V3 body entered scheduler stream_id=304 class=Rpc body_bytes=198
2026-09-26T01:40:27.580669Z DEBUG netbaiot_transports::business_rpc::v3: business RPC V3 body entered scheduler stream_id=306 class=Rpc body_bytes=198
2026-09-26T01:40:27.580678Z DEBUG netbaiot_transports::business_rpc::v3: business RPC V3 selected frame stream_id=300 frame_type=Open payload_bytes=158
2026-09-26T01:40:27.580693Z DEBUG netbaiot_transports::business_rpc::v3: business RPC V3 writer completed frame stream_id=300 frame_type=Open payload_bytes=158
2026-09-26T01:40:27.580703Z DEBUG netbaiot_transports::business_rpc::v3: business RPC V3 selected frame stream_id=302 frame_type=Open payload_bytes=158
2026-09-26T01:40:27.580727Z DEBUG netbaiot_transports::business_rpc::v3: business RPC V3 writer completed frame stream_id=302 frame_type=Open payload_bytes=158
2026-09-26T01:40:27.580737Z DEBUG netbaiot_transports::business_rpc::v3: business RPC V3 body entered scheduler stream_id=308 class=Rpc body_bytes=198
2026-09-26T01:40:27.580746Z DEBUG netbaiot_transports::business_rpc::v3: business RPC V3 selected frame stream_id=298 frame_type=Data payload_bytes=198
2026-09-26T01:40:27.580770Z DEBUG netbaiot_transports::business_rpc::v3: business RPC V3 writer completed frame stream_id=298 frame_type=Data payload_bytes=198
2026-09-26T01:40:27.580782Z DEBUG netbaiot_transports::business_rpc::v3: business RPC V3 selected frame stream_id=304 frame_type=Open payload_bytes=158
2026-09-26T01:40:27.580799Z DEBUG netbaiot_transports::business_rpc::v3: business RPC V3 writer completed frame stream_id=304 frame_type=Open payload_bytes=158
2026-09-26T01:40:27.580809Z DEBUG netbaiot_transports::business_rpc::v3: business RPC V3 selected frame stream_id=306 frame_type=Open payload_bytes=158
2026-09-26T01:40:27.580825Z DEBUG netbaiot_transports::business_rpc::v3: business RPC V3 writer completed frame stream_id=306 frame_type=Open payload_bytes=158
2026-09-26T01:40:27.580839Z DEBUG netbaiot_transports::business_rpc::v3: business RPC V3 selected frame stream_id=308 frame_type=Open payload_bytes=158
2026-09-26T01:40:27.580857Z DEBUG netbaiot_transports::business_rpc::v3: business RPC V3 writer completed frame stream_id=308 frame_type=Open payload_bytes=158
2026-09-26T01:40:27.580869Z DEBUG netbaiot_transports::business_rpc::v3: business RPC V3 selected frame stream_id=300 frame_type=Data payload_bytes=198
2026-09-26T01:40:27.580885Z DEBUG netbaiot_transports::business_rpc::v3: business RPC V3 writer completed frame stream_id=300 frame_type=Data payload_bytes=198
2026-09-26T01:40:27.580932Z DEBUG netbaiot_transports::business_rpc::v3: business RPC V3 selected frame stream_id=302 frame_type=Data payload_bytes=198
2026-09-26T01:40:27.580967Z DEBUG netbaiot_transports::business_rpc::v3: business RPC V3 writer completed frame stream_id=302 frame_type=Data payload_bytes=198
2026-09-26T01:40:27.580988Z DEBUG netbaiot_transports::business_rpc::v3: business RPC V3 selected frame stream_id=304 frame_type=Data payload_bytes=198
2026-09-26T01:40:27.581005Z DEBUG netbaiot_transports::business_rpc::v3: business RPC V3 writer completed frame stream_id=304 frame_type=Data payload_bytes=198
2026-09-26T01:40:27.581021Z DEBUG netbaiot_transports::business_rpc::v3: business RPC V3 selected frame stream_id=306 frame_type=Data payload_bytes=198
2026-09-26T01:40:27.581036Z DEBUG netbaiot_transports::business_rpc::v3: business RPC V3 writer completed frame stream_id=306 frame_type=Data payload_bytes=198
2026-09-26T01:40:27.581046Z DEBUG netbaiot_transports::business_rpc::v3: business RPC V3 selected frame stream_id=308 frame_type=Data payload_bytes=198
2026-09-26T01:40:27.581062Z DEBUG netbaiot_transports::business_rpc::v3: business RPC V3 writer completed frame stream_id=308 frame_type=Data payload_bytes=198
2026-09-26T01:40:27.609660Z DEBUG netbaiot_transports::business_rpc::v3: business RPC V3 received frame stream_id=0 frame_type=WindowUpdate payload_bytes=4
2026-09-26T01:40:27.609742Z DEBUG netbaiot_transports::business_rpc::v3: business RPC V3 received frame stream_id=0 frame_type=WindowUpdate payload_bytes=4
2026-09-26T01:40:27.609771Z DEBUG netbaiot_transports::business_rpc::v3: business RPC V3 received frame stream_id=0 frame_type=WindowUpdate payload_bytes=4
2026-09-26T01:40:27.609788Z DEBUG netbaiot_transports::business_rpc::v3: business RPC V3 received frame stream_id=0 frame_type=WindowUpdate payload_bytes=4
2026-09-26T01:40:27.609801Z DEBUG netbaiot_transports::business_rpc::v3: business RPC V3 received frame stream_id=292 frame_type=Response payload_bytes=35
2026-09-26T01:40:27.609822Z DEBUG netbaiot_transports::business_rpc::v3: business RPC V3 received frame stream_id=288 frame_type=Response payload_bytes=35
2026-09-26T01:40:27.609839Z DEBUG netbaiot_transports::business_rpc::v3: business RPC V3 received frame stream_id=286 frame_type=Response payload_bytes=35
2026-09-26T01:40:27.609854Z DEBUG netbaiot_transports::business_rpc::v3: business RPC V3 received frame stream_id=290 frame_type=Response payload_bytes=35
2026-09-26T01:40:27.609868Z DEBUG netbaiot_transports::business_rpc::v3: business RPC V3 received frame stream_id=292 frame_type=Data payload_bytes=215
2026-09-26T01:40:27.609927Z DEBUG netbaiot_transports::business_rpc::v3: business RPC V3 received frame stream_id=288 frame_type=Data payload_bytes=216
2026-09-26T01:40:27.609952Z DEBUG netbaiot_transports::business_rpc::v3: business RPC V3 selected frame stream_id=0 frame_type=WindowUpdate payload_bytes=4
2026-09-26T01:40:27.609966Z DEBUG netbaiot_transports::business_rpc::v3: business RPC V3 received frame stream_id=286 frame_type=Data payload_bytes=216
2026-09-26T01:40:27.610043Z DEBUG netbaiot_transports::business_rpc::v3: business RPC V3 writer completed frame stream_id=0 frame_type=WindowUpdate payload_bytes=4
2026-09-26T01:40:27.610066Z DEBUG netbaiot_transports::business_rpc::v3: business RPC V3 selected frame stream_id=0 frame_type=WindowUpdate payload_bytes=4
2026-09-26T01:40:27.610073Z DEBUG netbaiot_transports::business_rpc::v3: business RPC V3 received frame stream_id=290 frame_type=Data payload_bytes=216
2026-09-26T01:40:27.610093Z DEBUG netbaiot_transports::business_rpc::v3: business RPC V3 writer completed frame stream_id=0 frame_type=WindowUpdate payload_bytes=4
2026-09-26T01:40:27.610189Z DEBUG netbaiot_transports::business_rpc::v3: business RPC V3 selected frame stream_id=0 frame_type=WindowUpdate payload_bytes=4
2026-09-26T01:40:27.610222Z DEBUG netbaiot_transports::business_rpc::v3: business RPC V3 writer completed frame stream_id=0 frame_type=WindowUpdate payload_bytes=4
2026-09-26T01:40:27.610239Z DEBUG netbaiot_transports::business_rpc::v3: business RPC V3 selected frame stream_id=0 frame_type=WindowUpdate payload_bytes=4
2026-09-26T01:40:27.610261Z DEBUG netbaiot_transports::business_rpc::v3: business RPC V3 writer completed frame stream_id=0 frame_type=WindowUpdate payload_bytes=4
2026-09-26T01:40:27.611457Z DEBUG netbaiot_transports::business_rpc::v3: business RPC V3 body entered scheduler stream_id=310 class=Rpc body_bytes=198
2026-09-26T01:40:27.611533Z DEBUG netbaiot_transports::business_rpc::v3: business RPC V3 selected frame stream_id=310 frame_type=Open payload_bytes=158
2026-09-26T01:40:27.611578Z DEBUG netbaiot_transports::business_rpc::v3: business RPC V3 writer completed frame stream_id=310 frame_type=Open payload_bytes=158
2026-09-26T01:40:27.611636Z DEBUG netbaiot_transports::business_rpc::v3: business RPC V3 selected frame stream_id=310 frame_type=Data payload_bytes=198
2026-09-26T01:40:27.611661Z DEBUG netbaiot_transports::business_rpc::v3: business RPC V3 writer completed frame stream_id=310 frame_type=Data payload_bytes=198
2026-09-26T01:40:27.695371Z DEBUG netbaiot_transports::business_rpc::v3: business RPC V3 received frame stream_id=0 frame_type=WindowUpdate payload_bytes=4
2026-09-26T01:40:27.695456Z DEBUG netbaiot_transports::business_rpc::v3: business RPC V3 received frame stream_id=0 frame_type=WindowUpdate payload_bytes=4
2026-09-26T01:40:27.695476Z DEBUG netbaiot_transports::business_rpc::v3: business RPC V3 received frame stream_id=296 frame_type=WindowUpdate payload_bytes=4
2026-09-26T01:40:27.695486Z DEBUG netbaiot_transports::business_rpc::v3: business RPC V3 received frame stream_id=294 frame_type=Response payload_bytes=35
2026-09-26T01:40:27.695502Z DEBUG netbaiot_transports::business_rpc::v3: business RPC V3 received frame stream_id=294 frame_type=Data payload_bytes=216
2026-09-26T01:40:27.695580Z DEBUG netbaiot_transports::business_rpc::v3: business RPC V3 selected frame stream_id=0 frame_type=WindowUpdate payload_bytes=4
2026-09-26T01:40:27.695628Z DEBUG netbaiot_transports::business_rpc::v3: business RPC V3 writer completed frame stream_id=0 frame_type=WindowUpdate payload_bytes=4
2026-09-26T01:40:27.729503Z DEBUG netbaiot_transports::business_rpc::v3: business RPC V3 received frame stream_id=0 frame_type=WindowUpdate payload_bytes=4
2026-09-26T01:40:27.729593Z DEBUG netbaiot_transports::business_rpc::v3: business RPC V3 received frame stream_id=296 frame_type=WindowUpdate payload_bytes=4
2026-09-26T01:40:27.729610Z DEBUG netbaiot_transports::business_rpc::v3: business RPC V3 received frame stream_id=0 frame_type=WindowUpdate payload_bytes=4
2026-09-26T01:40:27.729618Z DEBUG netbaiot_transports::business_rpc::v3: business RPC V3 received frame stream_id=0 frame_type=WindowUpdate payload_bytes=4
2026-09-26T01:40:27.729624Z DEBUG netbaiot_transports::business_rpc::v3: business RPC V3 received frame stream_id=0 frame_type=WindowUpdate payload_bytes=4
2026-09-26T01:40:27.729630Z DEBUG netbaiot_transports::business_rpc::v3: business RPC V3 received frame stream_id=0 frame_type=WindowUpdate payload_bytes=4
2026-09-26T01:40:27.729636Z DEBUG netbaiot_transports::business_rpc::v3: business RPC V3 received frame stream_id=0 frame_type=WindowUpdate payload_bytes=4
2026-09-26T01:40:27.729650Z DEBUG netbaiot_transports::business_rpc::v3: business RPC V3 received frame stream_id=0 frame_type=WindowUpdate payload_bytes=4
2026-09-26T01:40:27.729656Z DEBUG netbaiot_transports::business_rpc::v3: business RPC V3 received frame stream_id=0 frame_type=WindowUpdate payload_bytes=4
2026-09-26T01:40:27.729661Z DEBUG netbaiot_transports::business_rpc::v3: business RPC V3 received frame stream_id=0 frame_type=WindowUpdate payload_bytes=4
2026-09-26T01:40:27.729666Z DEBUG netbaiot_transports::business_rpc::v3: business RPC V3 received frame stream_id=310 frame_type=Response payload_bytes=35
2026-09-26T01:40:27.729679Z DEBUG netbaiot_transports::business_rpc::v3: business RPC V3 received frame stream_id=302 frame_type=Response payload_bytes=35
2026-09-26T01:40:27.729686Z DEBUG netbaiot_transports::business_rpc::v3: business RPC V3 received frame stream_id=298 frame_type=Response payload_bytes=35
2026-09-26T01:40:27.729692Z DEBUG netbaiot_transports::business_rpc::v3: business RPC V3 received frame stream_id=300 frame_type=Response payload_bytes=35
2026-09-26T01:40:27.729697Z DEBUG netbaiot_transports::business_rpc::v3: business RPC V3 received frame stream_id=310 frame_type=Data payload_bytes=216
2026-09-26T01:40:27.729745Z DEBUG netbaiot_transports::business_rpc::v3: business RPC V3 received frame stream_id=304 frame_type=Response payload_bytes=35
2026-09-26T01:40:27.729759Z DEBUG netbaiot_transports::business_rpc::v3: business RPC V3 received frame stream_id=306 frame_type=Response payload_bytes=35
2026-09-26T01:40:27.729766Z DEBUG netbaiot_transports::business_rpc::v3: business RPC V3 received frame stream_id=308 frame_type=Response payload_bytes=35
2026-09-26T01:40:27.729768Z DEBUG netbaiot_transports::business_rpc::v3: business RPC V3 selected frame stream_id=0 frame_type=WindowUpdate payload_bytes=4
2026-09-26T01:40:27.729772Z DEBUG netbaiot_transports::business_rpc::v3: business RPC V3 received frame stream_id=302 frame_type=Data payload_bytes=216
2026-09-26T01:40:27.729816Z DEBUG netbaiot_transports::business_rpc::v3: business RPC V3 writer completed frame stream_id=0 frame_type=WindowUpdate payload_bytes=4
2026-09-26T01:40:27.729823Z DEBUG netbaiot_transports::business_rpc::v3: business RPC V3 received frame stream_id=298 frame_type=Data payload_bytes=216
2026-09-26T01:40:27.729841Z DEBUG netbaiot_transports::business_rpc::v3: business RPC V3 received frame stream_id=300 frame_type=Data payload_bytes=216
2026-09-26T01:40:27.729826Z DEBUG netbaiot_transports::business_rpc::v3: business RPC V3 selected frame stream_id=0 frame_type=WindowUpdate payload_bytes=4
2026-09-26T01:40:27.729878Z DEBUG netbaiot_transports::business_rpc::v3: business RPC V3 writer completed frame stream_id=0 frame_type=WindowUpdate payload_bytes=4
2026-09-26T01:40:27.729891Z DEBUG netbaiot_transports::business_rpc::v3: business RPC V3 selected frame stream_id=0 frame_type=WindowUpdate payload_bytes=4
2026-09-26T01:40:27.729913Z DEBUG netbaiot_transports::business_rpc::v3: business RPC V3 writer completed frame stream_id=0 frame_type=WindowUpdate payload_bytes=4
2026-09-26T01:40:27.729921Z DEBUG netbaiot_transports::business_rpc::v3: business RPC V3 selected frame stream_id=0 frame_type=WindowUpdate payload_bytes=4
2026-09-26T01:40:27.729855Z DEBUG netbaiot_transports::business_rpc::v3: business RPC V3 received frame stream_id=304 frame_type=Data payload_bytes=216
2026-09-26T01:40:27.730027Z DEBUG netbaiot_transports::business_rpc::v3: business RPC V3 received frame stream_id=306 frame_type=Data payload_bytes=216
2026-09-26T01:40:27.730049Z DEBUG netbaiot_transports::business_rpc::v3: business RPC V3 received frame stream_id=308 frame_type=Data payload_bytes=216
2026-09-26T01:40:27.730064Z DEBUG netbaiot_transports::business_rpc::v3: business RPC V3 received frame stream_id=296 frame_type=Response payload_bytes=35
2026-09-26T01:40:27.730075Z DEBUG netbaiot_transports::business_rpc::v3: business RPC V3 received frame stream_id=296 frame_type=Data payload_bytes=118
2026-09-26T01:40:27.729946Z DEBUG netbaiot_transports::business_rpc::v3: business RPC V3 writer completed frame stream_id=0 frame_type=WindowUpdate payload_bytes=4
2026-09-26T01:40:27.730101Z DEBUG netbaiot_transports::business_rpc::v3: business RPC V3 selected frame stream_id=0 frame_type=WindowUpdate payload_bytes=4
2026-09-26T01:40:27.730134Z DEBUG netbaiot_transports::business_rpc::v3: business RPC V3 writer completed frame stream_id=0 frame_type=WindowUpdate payload_bytes=4
2026-09-26T01:40:27.730143Z DEBUG netbaiot_transports::business_rpc::v3: business RPC V3 selected frame stream_id=0 frame_type=WindowUpdate payload_bytes=4
2026-09-26T01:40:27.730163Z DEBUG netbaiot_transports::business_rpc::v3: business RPC V3 writer completed frame stream_id=0 frame_type=WindowUpdate payload_bytes=4
2026-09-26T01:40:27.730182Z DEBUG netbaiot_transports::business_rpc::v3: business RPC V3 selected frame stream_id=0 frame_type=WindowUpdate payload_bytes=4
2026-09-26T01:40:27.730206Z DEBUG netbaiot_transports::business_rpc::v3: business RPC V3 writer completed frame stream_id=0 frame_type=WindowUpdate payload_bytes=4
2026-09-26T01:40:27.730214Z DEBUG netbaiot_transports::business_rpc::v3: business RPC V3 selected frame stream_id=0 frame_type=WindowUpdate payload_bytes=4
2026-09-26T01:40:27.730224Z DEBUG netbaiot_transports::business_rpc::v3: business RPC V3 writer completed frame stream_id=0 frame_type=WindowUpdate payload_bytes=4
2026-09-26T01:40:27.730087Z DEBUG netbaiot_transports::business_rpc::v3: business RPC V3 Event delivery acknowledged stream_id=296 completion_us=185092
2026-09-26T01:40:28.044414Z DEBUG netbaiot_transports::business_rpc::v3: business RPC V3 body entered scheduler stream_id=312 class=Event body_bytes=17366
2026-09-26T01:40:28.044512Z DEBUG netbaiot_transports::business_rpc::v3: business RPC V3 selected frame stream_id=312 frame_type=Open payload_bytes=184
2026-09-26T01:40:28.044543Z DEBUG netbaiot_transports::business_rpc::v3: business RPC V3 writer completed frame stream_id=312 frame_type=Open payload_bytes=184
2026-09-26T01:40:28.044556Z DEBUG netbaiot_transports::business_rpc::v3: business RPC V3 selected frame stream_id=312 frame_type=Data payload_bytes=8192
2026-09-26T01:40:28.044571Z DEBUG netbaiot_transports::business_rpc::v3: business RPC V3 writer completed frame stream_id=312 frame_type=Data payload_bytes=8192
2026-09-26T01:40:28.044580Z DEBUG netbaiot_transports::business_rpc::v3: business RPC V3 selected frame stream_id=312 frame_type=Data payload_bytes=8192
2026-09-26T01:40:28.044598Z DEBUG netbaiot_transports::business_rpc::v3: business RPC V3 writer completed frame stream_id=312 frame_type=Data payload_bytes=8192
2026-09-26T01:40:28.044606Z DEBUG netbaiot_transports::business_rpc::v3: business RPC V3 selected frame stream_id=312 frame_type=Data payload_bytes=982
2026-09-26T01:40:28.044616Z DEBUG netbaiot_transports::business_rpc::v3: business RPC V3 writer completed frame stream_id=312 frame_type=Data payload_bytes=982
2026-09-26T01:40:28.161509Z DEBUG netbaiot_transports::business_rpc::v3: business RPC V3 received frame stream_id=0 frame_type=WindowUpdate payload_bytes=4
2026-09-26T01:40:28.161616Z DEBUG netbaiot_transports::business_rpc::v3: business RPC V3 received frame stream_id=312 frame_type=WindowUpdate payload_bytes=4
2026-09-26T01:40:28.192924Z DEBUG netbaiot_transports::business_rpc::v3: business RPC V3 received frame stream_id=0 frame_type=WindowUpdate payload_bytes=4
2026-09-26T01:40:28.193010Z DEBUG netbaiot_transports::business_rpc::v3: business RPC V3 received frame stream_id=312 frame_type=WindowUpdate payload_bytes=4
2026-09-26T01:40:28.193039Z DEBUG netbaiot_transports::business_rpc::v3: business RPC V3 received frame stream_id=0 frame_type=WindowUpdate payload_bytes=4
2026-09-26T01:40:28.220436Z DEBUG netbaiot_transports::business_rpc::v3: business RPC V3 received frame stream_id=312 frame_type=Response payload_bytes=35
2026-09-26T01:40:28.220510Z DEBUG netbaiot_transports::business_rpc::v3: business RPC V3 received frame stream_id=312 frame_type=Data payload_bytes=118
2026-09-26T01:40:28.220533Z DEBUG netbaiot_transports::business_rpc::v3: business RPC V3 Event delivery acknowledged stream_id=312 completion_us=176138
2026-09-26T01:40:28.220582Z DEBUG netbaiot_transports::business_rpc::v3: business RPC V3 selected frame stream_id=0 frame_type=WindowUpdate payload_bytes=4
2026-09-26T01:40:28.220617Z DEBUG netbaiot_transports::business_rpc::v3: business RPC V3 writer completed frame stream_id=0 frame_type=WindowUpdate payload_bytes=4
2026-09-26T01:40:28.238958Z DEBUG netbaiot_transports::business_rpc::v3: business RPC V3 body entered scheduler stream_id=314 class=Rpc body_bytes=198
2026-09-26T01:40:28.239018Z DEBUG netbaiot_transports::business_rpc::v3: business RPC V3 selected frame stream_id=314 frame_type=Open payload_bytes=158
2026-09-26T01:40:28.239045Z DEBUG netbaiot_transports::business_rpc::v3: business RPC V3 writer completed frame stream_id=314 frame_type=Open payload_bytes=158
2026-09-26T01:40:28.239059Z DEBUG netbaiot_transports::business_rpc::v3: business RPC V3 selected frame stream_id=314 frame_type=Data payload_bytes=198
2026-09-26T01:40:28.239071Z DEBUG netbaiot_transports::business_rpc::v3: business RPC V3 writer completed frame stream_id=314 frame_type=Data payload_bytes=198
2026-09-26T01:40:28.240204Z DEBUG netbaiot_transports::business_rpc::v3: business RPC V3 body entered scheduler stream_id=316 class=Rpc body_bytes=198
2026-09-26T01:40:28.240238Z DEBUG netbaiot_transports::business_rpc::v3: business RPC V3 selected frame stream_id=316 frame_type=Open payload_bytes=158
2026-09-26T01:40:28.240253Z DEBUG netbaiot_transports::business_rpc::v3: business RPC V3 writer completed frame stream_id=316 frame_type=Open payload_bytes=158
2026-09-26T01:40:28.240264Z DEBUG netbaiot_transports::business_rpc::v3: business RPC V3 selected frame stream_id=316 frame_type=Data payload_bytes=198
2026-09-26T01:40:28.240274Z DEBUG netbaiot_transports::business_rpc::v3: business RPC V3 writer completed frame stream_id=316 frame_type=Data payload_bytes=198
2026-09-26T01:40:28.263823Z DEBUG netbaiot_transports::business_rpc::v3: business RPC V3 body entered scheduler stream_id=318 class=Rpc body_bytes=198
2026-09-26T01:40:28.263906Z DEBUG netbaiot_transports::business_rpc::v3: business RPC V3 selected frame stream_id=318 frame_type=Open payload_bytes=158
2026-09-26T01:40:28.263950Z DEBUG netbaiot_transports::business_rpc::v3: business RPC V3 writer completed frame stream_id=318 frame_type=Open payload_bytes=158
2026-09-26T01:40:28.263969Z DEBUG netbaiot_transports::business_rpc::v3: business RPC V3 selected frame stream_id=318 frame_type=Data payload_bytes=198
2026-09-26T01:40:28.263980Z DEBUG netbaiot_transports::business_rpc::v3: business RPC V3 writer completed frame stream_id=318 frame_type=Data payload_bytes=198
2026-09-26T01:40:28.275093Z DEBUG netbaiot_transports::business_rpc::v3: business RPC V3 received frame stream_id=0 frame_type=Ping payload_bytes=8
2026-09-26T01:40:28.275189Z DEBUG netbaiot_transports::business_rpc::v3: business RPC V3 selected frame stream_id=0 frame_type=Pong payload_bytes=8
2026-09-26T01:40:28.275225Z DEBUG netbaiot_transports::business_rpc::v3: business RPC V3 writer completed frame stream_id=0 frame_type=Pong payload_bytes=8
2026-09-26T01:40:28.284136Z DEBUG netbaiot_transports::business_rpc::v3: business RPC V3 body entered scheduler stream_id=320 class=Rpc body_bytes=198
2026-09-26T01:40:28.284221Z DEBUG netbaiot_transports::business_rpc::v3: business RPC V3 selected frame stream_id=320 frame_type=Open payload_bytes=158
2026-09-26T01:40:28.284260Z DEBUG netbaiot_transports::business_rpc::v3: business RPC V3 writer completed frame stream_id=320 frame_type=Open payload_bytes=158
2026-09-26T01:40:28.284277Z DEBUG netbaiot_transports::business_rpc::v3: business RPC V3 selected frame stream_id=320 frame_type=Data payload_bytes=198
2026-09-26T01:40:28.284289Z DEBUG netbaiot_transports::business_rpc::v3: business RPC V3 writer completed frame stream_id=320 frame_type=Data payload_bytes=198
2026-09-26T01:40:28.288985Z DEBUG netbaiot_transports::business_rpc::v3: business RPC V3 body entered scheduler stream_id=322 class=Rpc body_bytes=198
2026-09-26T01:40:28.289060Z DEBUG netbaiot_transports::business_rpc::v3: business RPC V3 selected frame stream_id=322 frame_type=Open payload_bytes=158
2026-09-26T01:40:28.289091Z DEBUG netbaiot_transports::business_rpc::v3: business RPC V3 writer completed frame stream_id=322 frame_type=Open payload_bytes=158
2026-09-26T01:40:28.289107Z DEBUG netbaiot_transports::business_rpc::v3: business RPC V3 selected frame stream_id=322 frame_type=Data payload_bytes=198
2026-09-26T01:40:28.289117Z DEBUG netbaiot_transports::business_rpc::v3: business RPC V3 writer completed frame stream_id=322 frame_type=Data payload_bytes=198
2026-09-26T01:40:28.304138Z DEBUG netbaiot_transports::business_rpc::v3: business RPC V3 received frame stream_id=0 frame_type=WindowUpdate payload_bytes=4
2026-09-26T01:40:28.304245Z DEBUG netbaiot_transports::business_rpc::v3: business RPC V3 received frame stream_id=0 frame_type=WindowUpdate payload_bytes=4
2026-09-26T01:40:28.304271Z DEBUG netbaiot_transports::business_rpc::v3: business RPC V3 received frame stream_id=316 frame_type=Response payload_bytes=35
2026-09-26T01:40:28.304292Z DEBUG netbaiot_transports::business_rpc::v3: business RPC V3 received frame stream_id=316 frame_type=Data payload_bytes=216
2026-09-26T01:40:28.304349Z DEBUG netbaiot_transports::business_rpc::v3: business RPC V3 received frame stream_id=314 frame_type=Response payload_bytes=35
2026-09-26T01:40:28.304368Z DEBUG netbaiot_transports::business_rpc::v3: business RPC V3 received frame stream_id=314 frame_type=Data payload_bytes=216
2026-09-26T01:40:28.304371Z DEBUG netbaiot_transports::business_rpc::v3: business RPC V3 selected frame stream_id=0 frame_type=WindowUpdate payload_bytes=4
2026-09-26T01:40:28.304440Z DEBUG netbaiot_transports::business_rpc::v3: business RPC V3 writer completed frame stream_id=0 frame_type=WindowUpdate payload_bytes=4
2026-09-26T01:40:28.304460Z DEBUG netbaiot_transports::business_rpc::v3: business RPC V3 selected frame stream_id=0 frame_type=WindowUpdate payload_bytes=4
2026-09-26T01:40:28.304473Z DEBUG netbaiot_transports::business_rpc::v3: business RPC V3 writer completed frame stream_id=0 frame_type=WindowUpdate payload_bytes=4
2026-09-26T01:40:28.305253Z DEBUG netbaiot_transports::business_rpc::v3: business RPC V3 body entered scheduler stream_id=324 class=Rpc body_bytes=198
2026-09-26T01:40:28.305295Z DEBUG netbaiot_transports::business_rpc::v3: business RPC V3 body entered scheduler stream_id=326 class=Rpc body_bytes=198
2026-09-26T01:40:28.305305Z DEBUG netbaiot_transports::business_rpc::v3: business RPC V3 selected frame stream_id=324 frame_type=Open payload_bytes=158
2026-09-26T01:40:28.305325Z DEBUG netbaiot_transports::business_rpc::v3: business RPC V3 writer completed frame stream_id=324 frame_type=Open payload_bytes=158
2026-09-26T01:40:28.305337Z DEBUG netbaiot_transports::business_rpc::v3: business RPC V3 selected frame stream_id=326 frame_type=Open payload_bytes=158
2026-09-26T01:40:28.305348Z DEBUG netbaiot_transports::business_rpc::v3: business RPC V3 writer completed frame stream_id=326 frame_type=Open payload_bytes=158
2026-09-26T01:40:28.305356Z DEBUG netbaiot_transports::business_rpc::v3: business RPC V3 selected frame stream_id=324 frame_type=Data payload_bytes=198
2026-09-26T01:40:28.305392Z DEBUG netbaiot_transports::business_rpc::v3: business RPC V3 writer completed frame stream_id=324 frame_type=Data payload_bytes=198
2026-09-26T01:40:28.305403Z DEBUG netbaiot_transports::business_rpc::v3: business RPC V3 selected frame stream_id=326 frame_type=Data payload_bytes=198
2026-09-26T01:40:28.305418Z DEBUG netbaiot_transports::business_rpc::v3: business RPC V3 writer completed frame stream_id=326 frame_type=Data payload_bytes=198
2026-09-26T01:40:28.332496Z DEBUG netbaiot_transports::business_rpc::v3: business RPC V3 received frame stream_id=0 frame_type=WindowUpdate payload_bytes=4
2026-09-26T01:40:28.332570Z DEBUG netbaiot_transports::business_rpc::v3: business RPC V3 received frame stream_id=318 frame_type=Response payload_bytes=35
2026-09-26T01:40:28.332592Z DEBUG netbaiot_transports::business_rpc::v3: business RPC V3 received frame stream_id=318 frame_type=Data payload_bytes=216
2026-09-26T01:40:28.332649Z DEBUG netbaiot_transports::business_rpc::v3: business RPC V3 selected frame stream_id=0 frame_type=WindowUpdate payload_bytes=4
2026-09-26T01:40:28.332689Z DEBUG netbaiot_transports::business_rpc::v3: business RPC V3 writer completed frame stream_id=0 frame_type=WindowUpdate payload_bytes=4
2026-09-26T01:40:28.333266Z DEBUG netbaiot_transports::business_rpc::v3: business RPC V3 body entered scheduler stream_id=328 class=Rpc body_bytes=198
2026-09-26T01:40:28.333304Z DEBUG netbaiot_transports::business_rpc::v3: business RPC V3 selected frame stream_id=328 frame_type=Open payload_bytes=158
2026-09-26T01:40:28.333323Z DEBUG netbaiot_transports::business_rpc::v3: business RPC V3 writer completed frame stream_id=328 frame_type=Open payload_bytes=158
2026-09-26T01:40:28.333334Z DEBUG netbaiot_transports::business_rpc::v3: business RPC V3 selected frame stream_id=328 frame_type=Data payload_bytes=198
2026-09-26T01:40:28.333344Z DEBUG netbaiot_transports::business_rpc::v3: business RPC V3 writer completed frame stream_id=328 frame_type=Data payload_bytes=198
2026-09-26T01:40:28.384467Z DEBUG netbaiot_transports::business_rpc::v3: business RPC V3 body entered scheduler stream_id=330 class=Rpc body_bytes=198
2026-09-26T01:40:28.384588Z DEBUG netbaiot_transports::business_rpc::v3: business RPC V3 selected frame stream_id=330 frame_type=Open payload_bytes=158
2026-09-26T01:40:28.384704Z DEBUG netbaiot_transports::business_rpc::v3: business RPC V3 writer completed frame stream_id=330 frame_type=Open payload_bytes=158
2026-09-26T01:40:28.384725Z DEBUG netbaiot_transports::business_rpc::v3: business RPC V3 selected frame stream_id=330 frame_type=Data payload_bytes=198
2026-09-26T01:40:28.384742Z DEBUG netbaiot_transports::business_rpc::v3: business RPC V3 writer completed frame stream_id=330 frame_type=Data payload_bytes=198
2026-09-26T01:40:28.387860Z DEBUG netbaiot_transports::business_rpc::v3: business RPC V3 received frame stream_id=0 frame_type=WindowUpdate payload_bytes=4
2026-09-26T01:40:28.387917Z DEBUG netbaiot_transports::business_rpc::v3: business RPC V3 received frame stream_id=0 frame_type=WindowUpdate payload_bytes=4
2026-09-26T01:40:28.387931Z DEBUG netbaiot_transports::business_rpc::v3: business RPC V3 received frame stream_id=322 frame_type=Response payload_bytes=35
2026-09-26T01:40:28.387948Z DEBUG netbaiot_transports::business_rpc::v3: business RPC V3 received frame stream_id=320 frame_type=Response payload_bytes=35
2026-09-26T01:40:28.387956Z DEBUG netbaiot_transports::business_rpc::v3: business RPC V3 received frame stream_id=322 frame_type=Data payload_bytes=216
2026-09-26T01:40:28.388006Z DEBUG netbaiot_transports::business_rpc::v3: business RPC V3 received frame stream_id=320 frame_type=Data payload_bytes=216
2026-09-26T01:40:28.388023Z DEBUG netbaiot_transports::business_rpc::v3: business RPC V3 selected frame stream_id=0 frame_type=WindowUpdate payload_bytes=4
2026-09-26T01:40:28.388085Z DEBUG netbaiot_transports::business_rpc::v3: business RPC V3 writer completed frame stream_id=0 frame_type=WindowUpdate payload_bytes=4
2026-09-26T01:40:28.388104Z DEBUG netbaiot_transports::business_rpc::v3: business RPC V3 selected frame stream_id=0 frame_type=WindowUpdate payload_bytes=4
2026-09-26T01:40:28.388118Z DEBUG netbaiot_transports::business_rpc::v3: business RPC V3 writer completed frame stream_id=0 frame_type=WindowUpdate payload_bytes=4
2026-09-26T01:40:28.388810Z DEBUG netbaiot_transports::business_rpc::v3: business RPC V3 body entered scheduler stream_id=332 class=Rpc body_bytes=198
2026-09-26T01:40:28.388858Z DEBUG netbaiot_transports::business_rpc::v3: business RPC V3 body entered scheduler stream_id=334 class=Rpc body_bytes=198
2026-09-26T01:40:28.388872Z DEBUG netbaiot_transports::business_rpc::v3: business RPC V3 selected frame stream_id=332 frame_type=Open payload_bytes=158
2026-09-26T01:40:28.388905Z DEBUG netbaiot_transports::business_rpc::v3: business RPC V3 writer completed frame stream_id=332 frame_type=Open payload_bytes=158
2026-09-26T01:40:28.388917Z DEBUG netbaiot_transports::business_rpc::v3: business RPC V3 selected frame stream_id=334 frame_type=Open payload_bytes=158
2026-09-26T01:40:28.388929Z DEBUG netbaiot_transports::business_rpc::v3: business RPC V3 writer completed frame stream_id=334 frame_type=Open payload_bytes=158
2026-09-26T01:40:28.388937Z DEBUG netbaiot_transports::business_rpc::v3: business RPC V3 selected frame stream_id=332 frame_type=Data payload_bytes=198
2026-09-26T01:40:28.388947Z DEBUG netbaiot_transports::business_rpc::v3: business RPC V3 writer completed frame stream_id=332 frame_type=Data payload_bytes=198
2026-09-26T01:40:28.388955Z DEBUG netbaiot_transports::business_rpc::v3: business RPC V3 selected frame stream_id=334 frame_type=Data payload_bytes=198
2026-09-26T01:40:28.388966Z DEBUG netbaiot_transports::business_rpc::v3: business RPC V3 writer completed frame stream_id=334 frame_type=Data payload_bytes=198
2026-09-26T01:40:28.415727Z DEBUG netbaiot_transports::business_rpc::v3: business RPC V3 received frame stream_id=0 frame_type=WindowUpdate payload_bytes=4
2026-09-26T01:40:28.415836Z DEBUG netbaiot_transports::business_rpc::v3: business RPC V3 received frame stream_id=0 frame_type=WindowUpdate payload_bytes=4
2026-09-26T01:40:28.415862Z DEBUG netbaiot_transports::business_rpc::v3: business RPC V3 received frame stream_id=326 frame_type=Response payload_bytes=35
2026-09-26T01:40:28.415883Z DEBUG netbaiot_transports::business_rpc::v3: business RPC V3 received frame stream_id=324 frame_type=Response payload_bytes=35
2026-09-26T01:40:28.415900Z DEBUG netbaiot_transports::business_rpc::v3: business RPC V3 received frame stream_id=326 frame_type=Data payload_bytes=216
2026-09-26T01:40:28.415963Z DEBUG netbaiot_transports::business_rpc::v3: business RPC V3 received frame stream_id=324 frame_type=Data payload_bytes=216
2026-09-26T01:40:28.415986Z DEBUG netbaiot_transports::business_rpc::v3: business RPC V3 selected frame stream_id=0 frame_type=WindowUpdate payload_bytes=4
2026-09-26T01:40:28.416051Z DEBUG netbaiot_transports::business_rpc::v3: business RPC V3 writer completed frame stream_id=0 frame_type=WindowUpdate payload_bytes=4
2026-09-26T01:40:28.416070Z DEBUG netbaiot_transports::business_rpc::v3: business RPC V3 selected frame stream_id=0 frame_type=WindowUpdate payload_bytes=4
2026-09-26T01:40:28.416088Z DEBUG netbaiot_transports::business_rpc::v3: business RPC V3 writer completed frame stream_id=0 frame_type=WindowUpdate payload_bytes=4
2026-09-26T01:40:28.417017Z DEBUG netbaiot_transports::business_rpc::v3: business RPC V3 body entered scheduler stream_id=336 class=Rpc body_bytes=198
2026-09-26T01:40:28.417082Z DEBUG netbaiot_transports::business_rpc::v3: business RPC V3 body entered scheduler stream_id=338 class=Rpc body_bytes=198
2026-09-26T01:40:28.417096Z DEBUG netbaiot_transports::business_rpc::v3: business RPC V3 selected frame stream_id=336 frame_type=Open payload_bytes=158
2026-09-26T01:40:28.417123Z DEBUG netbaiot_transports::business_rpc::v3: business RPC V3 writer completed frame stream_id=336 frame_type=Open payload_bytes=158
2026-09-26T01:40:28.417140Z DEBUG netbaiot_transports::business_rpc::v3: business RPC V3 selected frame stream_id=338 frame_type=Open payload_bytes=158
2026-09-26T01:40:28.417159Z DEBUG netbaiot_transports::business_rpc::v3: business RPC V3 writer completed frame stream_id=338 frame_type=Open payload_bytes=158
2026-09-26T01:40:28.417173Z DEBUG netbaiot_transports::business_rpc::v3: business RPC V3 selected frame stream_id=336 frame_type=Data payload_bytes=198
2026-09-26T01:40:28.417187Z DEBUG netbaiot_transports::business_rpc::v3: business RPC V3 writer completed frame stream_id=336 frame_type=Data payload_bytes=198
2026-09-26T01:40:28.417207Z DEBUG netbaiot_transports::business_rpc::v3: business RPC V3 selected frame stream_id=338 frame_type=Data payload_bytes=198
2026-09-26T01:40:28.417222Z DEBUG netbaiot_transports::business_rpc::v3: business RPC V3 writer completed frame stream_id=338 frame_type=Data payload_bytes=198
2026-09-26T01:40:28.443324Z DEBUG netbaiot_transports::business_rpc::v3: business RPC V3 received frame stream_id=0 frame_type=WindowUpdate payload_bytes=4
2026-09-26T01:40:28.443407Z DEBUG netbaiot_transports::business_rpc::v3: business RPC V3 received frame stream_id=328 frame_type=Response payload_bytes=35
2026-09-26T01:40:28.443437Z DEBUG netbaiot_transports::business_rpc::v3: business RPC V3 received frame stream_id=328 frame_type=Data payload_bytes=216
2026-09-26T01:40:28.443526Z DEBUG netbaiot_transports::business_rpc::v3: business RPC V3 selected frame stream_id=0 frame_type=WindowUpdate payload_bytes=4
2026-09-26T01:40:28.443599Z DEBUG netbaiot_transports::business_rpc::v3: business RPC V3 writer completed frame stream_id=0 frame_type=WindowUpdate payload_bytes=4
2026-09-26T01:40:28.444390Z DEBUG netbaiot_transports::business_rpc::v3: business RPC V3 body entered scheduler stream_id=340 class=Rpc body_bytes=198
2026-09-26T01:40:28.444448Z DEBUG netbaiot_transports::business_rpc::v3: business RPC V3 selected frame stream_id=340 frame_type=Open payload_bytes=158
2026-09-26T01:40:28.444482Z DEBUG netbaiot_transports::business_rpc::v3: business RPC V3 writer completed frame stream_id=340 frame_type=Open payload_bytes=158
2026-09-26T01:40:28.444500Z DEBUG netbaiot_transports::business_rpc::v3: business RPC V3 selected frame stream_id=340 frame_type=Data payload_bytes=198
2026-09-26T01:40:28.444515Z DEBUG netbaiot_transports::business_rpc::v3: business RPC V3 writer completed frame stream_id=340 frame_type=Data payload_bytes=198
2026-09-26T01:40:28.458858Z DEBUG netbaiot_transports::business_rpc::v3: business RPC V3 body entered scheduler stream_id=342 class=Rpc body_bytes=198
2026-09-26T01:40:28.458945Z DEBUG netbaiot_transports::business_rpc::v3: business RPC V3 selected frame stream_id=342 frame_type=Open payload_bytes=158
2026-09-26T01:40:28.458992Z DEBUG netbaiot_transports::business_rpc::v3: business RPC V3 writer completed frame stream_id=342 frame_type=Open payload_bytes=158
2026-09-26T01:40:28.459017Z DEBUG netbaiot_transports::business_rpc::v3: business RPC V3 selected frame stream_id=342 frame_type=Data payload_bytes=198
2026-09-26T01:40:28.459037Z DEBUG netbaiot_transports::business_rpc::v3: business RPC V3 writer completed frame stream_id=342 frame_type=Data payload_bytes=198
2026-09-26T01:40:28.473260Z DEBUG netbaiot_transports::business_rpc::v3: business RPC V3 received frame stream_id=0 frame_type=WindowUpdate payload_bytes=4
2026-09-26T01:40:28.473372Z DEBUG netbaiot_transports::business_rpc::v3: business RPC V3 received frame stream_id=0 frame_type=WindowUpdate payload_bytes=4
2026-09-26T01:40:28.473395Z DEBUG netbaiot_transports::business_rpc::v3: business RPC V3 received frame stream_id=0 frame_type=WindowUpdate payload_bytes=4
2026-09-26T01:40:28.473403Z DEBUG netbaiot_transports::business_rpc::v3: business RPC V3 received frame stream_id=334 frame_type=Response payload_bytes=35
2026-09-26T01:40:28.473417Z DEBUG netbaiot_transports::business_rpc::v3: business RPC V3 received frame stream_id=334 frame_type=Data payload_bytes=216
2026-09-26T01:40:28.473460Z DEBUG netbaiot_transports::business_rpc::v3: business RPC V3 received frame stream_id=330 frame_type=Response payload_bytes=35
2026-09-26T01:40:28.473475Z DEBUG netbaiot_transports::business_rpc::v3: business RPC V3 received frame stream_id=332 frame_type=Response payload_bytes=35
2026-09-26T01:40:28.473479Z DEBUG netbaiot_transports::business_rpc::v3: business RPC V3 selected frame stream_id=0 frame_type=WindowUpdate payload_bytes=4
2026-09-26T01:40:28.473484Z DEBUG netbaiot_transports::business_rpc::v3: business RPC V3 received frame stream_id=330 frame_type=Data payload_bytes=216
2026-09-26T01:40:28.473518Z DEBUG netbaiot_transports::business_rpc::v3: business RPC V3 writer completed frame stream_id=0 frame_type=WindowUpdate payload_bytes=4
2026-09-26T01:40:28.473529Z DEBUG netbaiot_transports::business_rpc::v3: business RPC V3 selected frame stream_id=0 frame_type=WindowUpdate payload_bytes=4
2026-09-26T01:40:28.473536Z DEBUG netbaiot_transports::business_rpc::v3: business RPC V3 received frame stream_id=332 frame_type=Data payload_bytes=216
2026-09-26T01:40:28.473541Z DEBUG netbaiot_transports::business_rpc::v3: business RPC V3 writer completed frame stream_id=0 frame_type=WindowUpdate payload_bytes=4
2026-09-26T01:40:28.473565Z DEBUG netbaiot_transports::business_rpc::v3: business RPC V3 selected frame stream_id=0 frame_type=WindowUpdate payload_bytes=4
2026-09-26T01:40:28.473589Z DEBUG netbaiot_transports::business_rpc::v3: business RPC V3 writer completed frame stream_id=0 frame_type=WindowUpdate payload_bytes=4
2026-09-26T01:40:28.474249Z DEBUG netbaiot_transports::business_rpc::v3: business RPC V3 body entered scheduler stream_id=344 class=Rpc body_bytes=198
2026-09-26T01:40:28.474285Z DEBUG netbaiot_transports::business_rpc::v3: business RPC V3 body entered scheduler stream_id=346 class=Rpc body_bytes=198
2026-09-26T01:40:28.474294Z DEBUG netbaiot_transports::business_rpc::v3: business RPC V3 body entered scheduler stream_id=348 class=Rpc body_bytes=198
2026-09-26T01:40:28.474301Z DEBUG netbaiot_transports::business_rpc::v3: business RPC V3 selected frame stream_id=344 frame_type=Open payload_bytes=158
2026-09-26T01:40:28.474316Z DEBUG netbaiot_transports::business_rpc::v3: business RPC V3 writer completed frame stream_id=344 frame_type=Open payload_bytes=158
2026-09-26T01:40:28.474325Z DEBUG netbaiot_transports::business_rpc::v3: business RPC V3 selected frame stream_id=344 frame_type=Data payload_bytes=198
2026-09-26T01:40:28.474333Z DEBUG netbaiot_transports::business_rpc::v3: business RPC V3 writer completed frame stream_id=344 frame_type=Data payload_bytes=198
2026-09-26T01:40:28.474344Z DEBUG netbaiot_transports::business_rpc::v3: business RPC V3 selected frame stream_id=346 frame_type=Open payload_bytes=158
2026-09-26T01:40:28.474353Z DEBUG netbaiot_transports::business_rpc::v3: business RPC V3 writer completed frame stream_id=346 frame_type=Open payload_bytes=158
2026-09-26T01:40:28.474361Z DEBUG netbaiot_transports::business_rpc::v3: business RPC V3 selected frame stream_id=348 frame_type=Open payload_bytes=158
2026-09-26T01:40:28.474369Z DEBUG netbaiot_transports::business_rpc::v3: business RPC V3 writer completed frame stream_id=348 frame_type=Open payload_bytes=158
2026-09-26T01:40:28.474375Z DEBUG netbaiot_transports::business_rpc::v3: business RPC V3 selected frame stream_id=346 frame_type=Data payload_bytes=198
2026-09-26T01:40:28.474383Z DEBUG netbaiot_transports::business_rpc::v3: business RPC V3 writer completed frame stream_id=346 frame_type=Data payload_bytes=198
2026-09-26T01:40:28.474389Z DEBUG netbaiot_transports::business_rpc::v3: business RPC V3 selected frame stream_id=348 frame_type=Data payload_bytes=198
2026-09-26T01:40:28.474398Z DEBUG netbaiot_transports::business_rpc::v3: business RPC V3 writer completed frame stream_id=348 frame_type=Data payload_bytes=198
2026-09-26T01:40:28.501949Z DEBUG netbaiot_transports::business_rpc::v3: business RPC V3 received frame stream_id=0 frame_type=WindowUpdate payload_bytes=4
2026-09-26T01:40:28.502026Z DEBUG netbaiot_transports::business_rpc::v3: business RPC V3 received frame stream_id=0 frame_type=WindowUpdate payload_bytes=4
2026-09-26T01:40:28.502045Z DEBUG netbaiot_transports::business_rpc::v3: business RPC V3 received frame stream_id=338 frame_type=Response payload_bytes=35
2026-09-26T01:40:28.502063Z DEBUG netbaiot_transports::business_rpc::v3: business RPC V3 received frame stream_id=336 frame_type=Response payload_bytes=35
2026-09-26T01:40:28.502073Z DEBUG netbaiot_transports::business_rpc::v3: business RPC V3 received frame stream_id=338 frame_type=Data payload_bytes=216
2026-09-26T01:40:28.502124Z DEBUG netbaiot_transports::business_rpc::v3: business RPC V3 received frame stream_id=336 frame_type=Data payload_bytes=216
2026-09-26T01:40:28.502147Z DEBUG netbaiot_transports::business_rpc::v3: business RPC V3 selected frame stream_id=0 frame_type=WindowUpdate payload_bytes=4
2026-09-26T01:40:28.502199Z DEBUG netbaiot_transports::business_rpc::v3: business RPC V3 writer completed frame stream_id=0 frame_type=WindowUpdate payload_bytes=4
2026-09-26T01:40:28.502240Z DEBUG netbaiot_transports::business_rpc::v3: business RPC V3 selected frame stream_id=0 frame_type=WindowUpdate payload_bytes=4
2026-09-26T01:40:28.502260Z DEBUG netbaiot_transports::business_rpc::v3: business RPC V3 writer completed frame stream_id=0 frame_type=WindowUpdate payload_bytes=4
2026-09-26T01:40:28.503088Z DEBUG netbaiot_transports::business_rpc::v3: business RPC V3 body entered scheduler stream_id=350 class=Rpc body_bytes=198
2026-09-26T01:40:28.503141Z DEBUG netbaiot_transports::business_rpc::v3: business RPC V3 body entered scheduler stream_id=352 class=Rpc body_bytes=198
2026-09-26T01:40:28.503155Z DEBUG netbaiot_transports::business_rpc::v3: business RPC V3 selected frame stream_id=350 frame_type=Open payload_bytes=158
2026-09-26T01:40:28.503184Z DEBUG netbaiot_transports::business_rpc::v3: business RPC V3 writer completed frame stream_id=350 frame_type=Open payload_bytes=158
2026-09-26T01:40:28.503196Z DEBUG netbaiot_transports::business_rpc::v3: business RPC V3 selected frame stream_id=352 frame_type=Open payload_bytes=158
2026-09-26T01:40:28.503207Z DEBUG netbaiot_transports::business_rpc::v3: business RPC V3 writer completed frame stream_id=352 frame_type=Open payload_bytes=158
2026-09-26T01:40:28.503217Z DEBUG netbaiot_transports::business_rpc::v3: business RPC V3 selected frame stream_id=350 frame_type=Data payload_bytes=198
2026-09-26T01:40:28.503228Z DEBUG netbaiot_transports::business_rpc::v3: business RPC V3 writer completed frame stream_id=350 frame_type=Data payload_bytes=198
2026-09-26T01:40:28.503237Z DEBUG netbaiot_transports::business_rpc::v3: business RPC V3 selected frame stream_id=352 frame_type=Data payload_bytes=198
2026-09-26T01:40:28.503248Z DEBUG netbaiot_transports::business_rpc::v3: business RPC V3 writer completed frame stream_id=352 frame_type=Data payload_bytes=198
2026-09-26T01:40:28.529540Z DEBUG netbaiot_transports::business_rpc::v3: business RPC V3 received frame stream_id=0 frame_type=WindowUpdate payload_bytes=4
2026-09-26T01:40:28.529649Z DEBUG netbaiot_transports::business_rpc::v3: business RPC V3 received frame stream_id=340 frame_type=Response payload_bytes=35
2026-09-26T01:40:28.529682Z DEBUG netbaiot_transports::business_rpc::v3: business RPC V3 received frame stream_id=340 frame_type=Data payload_bytes=216
2026-09-26T01:40:28.529763Z DEBUG netbaiot_transports::business_rpc::v3: business RPC V3 selected frame stream_id=0 frame_type=WindowUpdate payload_bytes=4
2026-09-26T01:40:28.529826Z DEBUG netbaiot_transports::business_rpc::v3: business RPC V3 writer completed frame stream_id=0 frame_type=WindowUpdate payload_bytes=4
2026-09-26T01:40:28.530559Z DEBUG netbaiot_transports::business_rpc::v3: business RPC V3 body entered scheduler stream_id=354 class=Rpc body_bytes=198
2026-09-26T01:40:28.530618Z DEBUG netbaiot_transports::business_rpc::v3: business RPC V3 selected frame stream_id=354 frame_type=Open payload_bytes=158
2026-09-26T01:40:28.530644Z DEBUG netbaiot_transports::business_rpc::v3: business RPC V3 writer completed frame stream_id=354 frame_type=Open payload_bytes=158
2026-09-26T01:40:28.530663Z DEBUG netbaiot_transports::business_rpc::v3: business RPC V3 selected frame stream_id=354 frame_type=Data payload_bytes=198
2026-09-26T01:40:28.530678Z DEBUG netbaiot_transports::business_rpc::v3: business RPC V3 writer completed frame stream_id=354 frame_type=Data payload_bytes=198
2026-09-26T01:40:28.545127Z DEBUG netbaiot_transports::business_rpc::v3: business RPC V3 body entered scheduler stream_id=356 class=Event body_bytes=17366
2026-09-26T01:40:28.545227Z DEBUG netbaiot_transports::business_rpc::v3: business RPC V3 selected frame stream_id=356 frame_type=Open payload_bytes=184
2026-09-26T01:40:28.545270Z DEBUG netbaiot_transports::business_rpc::v3: business RPC V3 writer completed frame stream_id=356 frame_type=Open payload_bytes=184
2026-09-26T01:40:28.545292Z DEBUG netbaiot_transports::business_rpc::v3: business RPC V3 selected frame stream_id=356 frame_type=Data payload_bytes=8192
2026-09-26T01:40:28.545311Z DEBUG netbaiot_transports::business_rpc::v3: business RPC V3 writer completed frame stream_id=356 frame_type=Data payload_bytes=8192
2026-09-26T01:40:28.545322Z DEBUG netbaiot_transports::business_rpc::v3: business RPC V3 selected frame stream_id=356 frame_type=Data payload_bytes=8192
2026-09-26T01:40:28.545345Z DEBUG netbaiot_transports::business_rpc::v3: business RPC V3 writer completed frame stream_id=356 frame_type=Data payload_bytes=8192
2026-09-26T01:40:28.545357Z DEBUG netbaiot_transports::business_rpc::v3: business RPC V3 selected frame stream_id=356 frame_type=Data payload_bytes=982
2026-09-26T01:40:28.545370Z DEBUG netbaiot_transports::business_rpc::v3: business RPC V3 writer completed frame stream_id=356 frame_type=Data payload_bytes=982
2026-09-26T01:40:28.560406Z DEBUG netbaiot_transports::business_rpc::v3: business RPC V3 received frame stream_id=0 frame_type=WindowUpdate payload_bytes=4
2026-09-26T01:40:28.560506Z DEBUG netbaiot_transports::business_rpc::v3: business RPC V3 received frame stream_id=0 frame_type=WindowUpdate payload_bytes=4
2026-09-26T01:40:28.560527Z DEBUG netbaiot_transports::business_rpc::v3: business RPC V3 received frame stream_id=0 frame_type=WindowUpdate payload_bytes=4
2026-09-26T01:40:28.560537Z DEBUG netbaiot_transports::business_rpc::v3: business RPC V3 received frame stream_id=0 frame_type=WindowUpdate payload_bytes=4
2026-09-26T01:40:28.560545Z DEBUG netbaiot_transports::business_rpc::v3: business RPC V3 received frame stream_id=348 frame_type=Response payload_bytes=35
2026-09-26T01:40:28.560560Z DEBUG netbaiot_transports::business_rpc::v3: business RPC V3 received frame stream_id=342 frame_type=Response payload_bytes=35
2026-09-26T01:40:28.560571Z DEBUG netbaiot_transports::business_rpc::v3: business RPC V3 received frame stream_id=348 frame_type=Data payload_bytes=216
2026-09-26T01:40:28.560615Z DEBUG netbaiot_transports::business_rpc::v3: business RPC V3 received frame stream_id=342 frame_type=Data payload_bytes=216
2026-09-26T01:40:28.560634Z DEBUG netbaiot_transports::business_rpc::v3: business RPC V3 received frame stream_id=344 frame_type=Response payload_bytes=35
2026-09-26T01:40:28.560636Z DEBUG netbaiot_transports::business_rpc::v3: business RPC V3 selected frame stream_id=0 frame_type=WindowUpdate payload_bytes=4
2026-09-26T01:40:28.560645Z DEBUG netbaiot_transports::business_rpc::v3: business RPC V3 received frame stream_id=346 frame_type=Response payload_bytes=35
2026-09-26T01:40:28.560685Z DEBUG netbaiot_transports::business_rpc::v3: business RPC V3 writer completed frame stream_id=0 frame_type=WindowUpdate payload_bytes=4
2026-09-26T01:40:28.560718Z DEBUG netbaiot_transports::business_rpc::v3: business RPC V3 selected frame stream_id=0 frame_type=WindowUpdate payload_bytes=4
2026-09-26T01:40:28.560739Z DEBUG netbaiot_transports::business_rpc::v3: business RPC V3 writer completed frame stream_id=0 frame_type=WindowUpdate payload_bytes=4
2026-09-26T01:40:28.560701Z DEBUG netbaiot_transports::business_rpc::v3: business RPC V3 received frame stream_id=344 frame_type=Data payload_bytes=216
2026-09-26T01:40:28.560789Z DEBUG netbaiot_transports::business_rpc::v3: business RPC V3 received frame stream_id=346 frame_type=Data payload_bytes=216
2026-09-26T01:40:28.560812Z DEBUG netbaiot_transports::business_rpc::v3: business RPC V3 selected frame stream_id=0 frame_type=WindowUpdate payload_bytes=4
2026-09-26T01:40:28.560834Z DEBUG netbaiot_transports::business_rpc::v3: business RPC V3 writer completed frame stream_id=0 frame_type=WindowUpdate payload_bytes=4
2026-09-26T01:40:28.560845Z DEBUG netbaiot_transports::business_rpc::v3: business RPC V3 selected frame stream_id=0 frame_type=WindowUpdate payload_bytes=4
2026-09-26T01:40:28.560857Z DEBUG netbaiot_transports::business_rpc::v3: business RPC V3 writer completed frame stream_id=0 frame_type=WindowUpdate payload_bytes=4
2026-09-26T01:40:28.561544Z DEBUG netbaiot_transports::business_rpc::v3: business RPC V3 body entered scheduler stream_id=358 class=Rpc body_bytes=198
2026-09-26T01:40:28.561584Z DEBUG netbaiot_transports::business_rpc::v3: business RPC V3 body entered scheduler stream_id=360 class=Rpc body_bytes=198
2026-09-26T01:40:28.561595Z DEBUG netbaiot_transports::business_rpc::v3: business RPC V3 selected frame stream_id=358 frame_type=Open payload_bytes=158
2026-09-26T01:40:28.561615Z DEBUG netbaiot_transports::business_rpc::v3: business RPC V3 writer completed frame stream_id=358 frame_type=Open payload_bytes=158
2026-09-26T01:40:28.561627Z DEBUG netbaiot_transports::business_rpc::v3: business RPC V3 body entered scheduler stream_id=362 class=Rpc body_bytes=198
2026-09-26T01:40:28.561636Z DEBUG netbaiot_transports::business_rpc::v3: business RPC V3 selected frame stream_id=360 frame_type=Open payload_bytes=158
2026-09-26T01:40:28.561648Z DEBUG netbaiot_transports::business_rpc::v3: business RPC V3 writer completed frame stream_id=360 frame_type=Open payload_bytes=158
2026-09-26T01:40:28.561656Z DEBUG netbaiot_transports::business_rpc::v3: business RPC V3 selected frame stream_id=362 frame_type=Open payload_bytes=158
2026-09-26T01:40:28.561674Z DEBUG netbaiot_transports::business_rpc::v3: business RPC V3 writer completed frame stream_id=362 frame_type=Open payload_bytes=158
2026-09-26T01:40:28.561683Z DEBUG netbaiot_transports::business_rpc::v3: business RPC V3 body entered scheduler stream_id=364 class=Rpc body_bytes=198
2026-09-26T01:40:28.561691Z DEBUG netbaiot_transports::business_rpc::v3: business RPC V3 selected frame stream_id=364 frame_type=Open payload_bytes=158
2026-09-26T01:40:28.561703Z DEBUG netbaiot_transports::business_rpc::v3: business RPC V3 writer completed frame stream_id=364 frame_type=Open payload_bytes=158
2026-09-26T01:40:28.561711Z DEBUG netbaiot_transports::business_rpc::v3: business RPC V3 selected frame stream_id=358 frame_type=Data payload_bytes=198
2026-09-26T01:40:28.561723Z DEBUG netbaiot_transports::business_rpc::v3: business RPC V3 writer completed frame stream_id=358 frame_type=Data payload_bytes=198
2026-09-26T01:40:28.561734Z DEBUG netbaiot_transports::business_rpc::v3: business RPC V3 selected frame stream_id=360 frame_type=Data payload_bytes=198
2026-09-26T01:40:28.561759Z DEBUG netbaiot_transports::business_rpc::v3: business RPC V3 writer completed frame stream_id=360 frame_type=Data payload_bytes=198
2026-09-26T01:40:28.561769Z DEBUG netbaiot_transports::business_rpc::v3: business RPC V3 selected frame stream_id=362 frame_type=Data payload_bytes=198
2026-09-26T01:40:28.561780Z DEBUG netbaiot_transports::business_rpc::v3: business RPC V3 writer completed frame stream_id=362 frame_type=Data payload_bytes=198
2026-09-26T01:40:28.561789Z DEBUG netbaiot_transports::business_rpc::v3: business RPC V3 selected frame stream_id=364 frame_type=Data payload_bytes=198
2026-09-26T01:40:28.561801Z DEBUG netbaiot_transports::business_rpc::v3: business RPC V3 writer completed frame stream_id=364 frame_type=Data payload_bytes=198
2026-09-26T01:40:28.589126Z DEBUG netbaiot_transports::business_rpc::v3: business RPC V3 received frame stream_id=0 frame_type=WindowUpdate payload_bytes=4
2026-09-26T01:40:28.589223Z DEBUG netbaiot_transports::business_rpc::v3: business RPC V3 received frame stream_id=0 frame_type=WindowUpdate payload_bytes=4
2026-09-26T01:40:28.589241Z DEBUG netbaiot_transports::business_rpc::v3: business RPC V3 received frame stream_id=352 frame_type=Response payload_bytes=35
2026-09-26T01:40:28.589259Z DEBUG netbaiot_transports::business_rpc::v3: business RPC V3 received frame stream_id=352 frame_type=Data payload_bytes=216
2026-09-26T01:40:28.589310Z DEBUG netbaiot_transports::business_rpc::v3: business RPC V3 received frame stream_id=350 frame_type=Response payload_bytes=35
2026-09-26T01:40:28.589328Z DEBUG netbaiot_transports::business_rpc::v3: business RPC V3 received frame stream_id=350 frame_type=Data payload_bytes=216
2026-09-26T01:40:28.589330Z DEBUG netbaiot_transports::business_rpc::v3: business RPC V3 selected frame stream_id=0 frame_type=WindowUpdate payload_bytes=4
2026-09-26T01:40:28.589388Z DEBUG netbaiot_transports::business_rpc::v3: business RPC V3 writer completed frame stream_id=0 frame_type=WindowUpdate payload_bytes=4
2026-09-26T01:40:28.589403Z DEBUG netbaiot_transports::business_rpc::v3: business RPC V3 selected frame stream_id=0 frame_type=WindowUpdate payload_bytes=4
2026-09-26T01:40:28.589417Z DEBUG netbaiot_transports::business_rpc::v3: business RPC V3 writer completed frame stream_id=0 frame_type=WindowUpdate payload_bytes=4
2026-09-26T01:40:28.590285Z DEBUG netbaiot_transports::business_rpc::v3: business RPC V3 body entered scheduler stream_id=366 class=Rpc body_bytes=198
2026-09-26T01:40:28.590345Z DEBUG netbaiot_transports::business_rpc::v3: business RPC V3 body entered scheduler stream_id=368 class=Rpc body_bytes=198
2026-09-26T01:40:28.590361Z DEBUG netbaiot_transports::business_rpc::v3: business RPC V3 selected frame stream_id=366 frame_type=Open payload_bytes=158
2026-09-26T01:40:28.590388Z DEBUG netbaiot_transports::business_rpc::v3: business RPC V3 writer completed frame stream_id=366 frame_type=Open payload_bytes=158
2026-09-26T01:40:28.590404Z DEBUG netbaiot_transports::business_rpc::v3: business RPC V3 selected frame stream_id=368 frame_type=Open payload_bytes=158
2026-09-26T01:40:28.590421Z DEBUG netbaiot_transports::business_rpc::v3: business RPC V3 writer completed frame stream_id=368 frame_type=Open payload_bytes=158
2026-09-26T01:40:28.590433Z DEBUG netbaiot_transports::business_rpc::v3: business RPC V3 selected frame stream_id=366 frame_type=Data payload_bytes=198
2026-09-26T01:40:28.590447Z DEBUG netbaiot_transports::business_rpc::v3: business RPC V3 writer completed frame stream_id=366 frame_type=Data payload_bytes=198
2026-09-26T01:40:28.590460Z DEBUG netbaiot_transports::business_rpc::v3: business RPC V3 selected frame stream_id=368 frame_type=Data payload_bytes=198
2026-09-26T01:40:28.590478Z DEBUG netbaiot_transports::business_rpc::v3: business RPC V3 writer completed frame stream_id=368 frame_type=Data payload_bytes=198
2026-09-26T01:40:28.597351Z DEBUG netbaiot_transports::business_rpc::v3: business RPC V3 body entered scheduler stream_id=370 class=Rpc body_bytes=198
2026-09-26T01:40:28.597427Z DEBUG netbaiot_transports::business_rpc::v3: business RPC V3 selected frame stream_id=370 frame_type=Open payload_bytes=158
2026-09-26T01:40:28.597551Z DEBUG netbaiot_transports::business_rpc::v3: business RPC V3 writer completed frame stream_id=370 frame_type=Open payload_bytes=158
2026-09-26T01:40:28.597600Z DEBUG netbaiot_transports::business_rpc::v3: business RPC V3 selected frame stream_id=370 frame_type=Data payload_bytes=198
2026-09-26T01:40:28.597629Z DEBUG netbaiot_transports::business_rpc::v3: business RPC V3 writer completed frame stream_id=370 frame_type=Data payload_bytes=198
2026-09-26T01:40:28.616745Z DEBUG netbaiot_transports::business_rpc::v3: business RPC V3 received frame stream_id=0 frame_type=WindowUpdate payload_bytes=4
2026-09-26T01:40:28.616827Z DEBUG netbaiot_transports::business_rpc::v3: business RPC V3 received frame stream_id=354 frame_type=Response payload_bytes=35
2026-09-26T01:40:28.616858Z DEBUG netbaiot_transports::business_rpc::v3: business RPC V3 received frame stream_id=354 frame_type=Data payload_bytes=216
2026-09-26T01:40:28.617059Z DEBUG netbaiot_transports::business_rpc::v3: business RPC V3 selected frame stream_id=0 frame_type=WindowUpdate payload_bytes=4
2026-09-26T01:40:28.617116Z DEBUG netbaiot_transports::business_rpc::v3: business RPC V3 writer completed frame stream_id=0 frame_type=WindowUpdate payload_bytes=4
2026-09-26T01:40:28.617981Z DEBUG netbaiot_transports::business_rpc::v3: business RPC V3 body entered scheduler stream_id=372 class=Rpc body_bytes=198
2026-09-26T01:40:28.618038Z DEBUG netbaiot_transports::business_rpc::v3: business RPC V3 selected frame stream_id=372 frame_type=Open payload_bytes=158
2026-09-26T01:40:28.618086Z DEBUG netbaiot_transports::business_rpc::v3: business RPC V3 writer completed frame stream_id=372 frame_type=Open payload_bytes=158
2026-09-26T01:40:28.618106Z DEBUG netbaiot_transports::business_rpc::v3: business RPC V3 selected frame stream_id=372 frame_type=Data payload_bytes=198
2026-09-26T01:40:28.618121Z DEBUG netbaiot_transports::business_rpc::v3: business RPC V3 writer completed frame stream_id=372 frame_type=Data payload_bytes=198
2026-09-26T01:40:28.712384Z DEBUG netbaiot_transports::business_rpc::v3: business RPC V3 received frame stream_id=0 frame_type=WindowUpdate payload_bytes=4
2026-09-26T01:40:28.712420Z DEBUG netbaiot_transports::business_rpc::v3: business RPC V3 received frame stream_id=356 frame_type=WindowUpdate payload_bytes=4
2026-09-26T01:40:28.748623Z DEBUG netbaiot_transports::business_rpc::v3: business RPC V3 received frame stream_id=0 frame_type=WindowUpdate payload_bytes=4
2026-09-26T01:40:28.748710Z DEBUG netbaiot_transports::business_rpc::v3: business RPC V3 received frame stream_id=356 frame_type=WindowUpdate payload_bytes=4
2026-09-26T01:40:28.748728Z DEBUG netbaiot_transports::business_rpc::v3: business RPC V3 received frame stream_id=0 frame_type=WindowUpdate payload_bytes=4
2026-09-26T01:40:28.748734Z DEBUG netbaiot_transports::business_rpc::v3: business RPC V3 received frame stream_id=0 frame_type=WindowUpdate payload_bytes=4
2026-09-26T01:40:28.748741Z DEBUG netbaiot_transports::business_rpc::v3: business RPC V3 received frame stream_id=0 frame_type=WindowUpdate payload_bytes=4
2026-09-26T01:40:28.748747Z DEBUG netbaiot_transports::business_rpc::v3: business RPC V3 received frame stream_id=0 frame_type=WindowUpdate payload_bytes=4
2026-09-26T01:40:28.748752Z DEBUG netbaiot_transports::business_rpc::v3: business RPC V3 received frame stream_id=0 frame_type=WindowUpdate payload_bytes=4
2026-09-26T01:40:28.748757Z DEBUG netbaiot_transports::business_rpc::v3: business RPC V3 received frame stream_id=0 frame_type=WindowUpdate payload_bytes=4
2026-09-26T01:40:28.748763Z DEBUG netbaiot_transports::business_rpc::v3: business RPC V3 received frame stream_id=0 frame_type=WindowUpdate payload_bytes=4
2026-09-26T01:40:28.748769Z DEBUG netbaiot_transports::business_rpc::v3: business RPC V3 received frame stream_id=0 frame_type=WindowUpdate payload_bytes=4
2026-09-26T01:40:28.748774Z DEBUG netbaiot_transports::business_rpc::v3: business RPC V3 received frame stream_id=0 frame_type=WindowUpdate payload_bytes=4
2026-09-26T01:40:28.748779Z DEBUG netbaiot_transports::business_rpc::v3: business RPC V3 received frame stream_id=372 frame_type=Response payload_bytes=35
2026-09-26T01:40:28.748793Z DEBUG netbaiot_transports::business_rpc::v3: business RPC V3 received frame stream_id=372 frame_type=Data payload_bytes=216
2026-09-26T01:40:28.748838Z DEBUG netbaiot_transports::business_rpc::v3: business RPC V3 received frame stream_id=358 frame_type=Response payload_bytes=35
2026-09-26T01:40:28.748850Z DEBUG netbaiot_transports::business_rpc::v3: business RPC V3 received frame stream_id=364 frame_type=Response payload_bytes=35
2026-09-26T01:40:28.748856Z DEBUG netbaiot_transports::business_rpc::v3: business RPC V3 received frame stream_id=362 frame_type=Response payload_bytes=35
2026-09-26T01:40:28.748860Z DEBUG netbaiot_transports::business_rpc::v3: business RPC V3 selected frame stream_id=0 frame_type=WindowUpdate payload_bytes=4
2026-09-26T01:40:28.748862Z DEBUG netbaiot_transports::business_rpc::v3: business RPC V3 received frame stream_id=360 frame_type=Response payload_bytes=35
2026-09-26T01:40:28.748895Z DEBUG netbaiot_transports::business_rpc::v3: business RPC V3 received frame stream_id=358 frame_type=Data payload_bytes=216
2026-09-26T01:40:28.748905Z DEBUG netbaiot_transports::business_rpc::v3: business RPC V3 writer completed frame stream_id=0 frame_type=WindowUpdate payload_bytes=4
2026-09-26T01:40:28.748916Z DEBUG netbaiot_transports::business_rpc::v3: business RPC V3 received frame stream_id=368 frame_type=Response payload_bytes=35
2026-09-26T01:40:28.748917Z DEBUG netbaiot_transports::business_rpc::v3: business RPC V3 selected frame stream_id=0 frame_type=WindowUpdate payload_bytes=4
2026-09-26T01:40:28.748927Z DEBUG netbaiot_transports::business_rpc::v3: business RPC V3 received frame stream_id=370 frame_type=Response payload_bytes=35
2026-09-26T01:40:28.748950Z DEBUG netbaiot_transports::business_rpc::v3: business RPC V3 received frame stream_id=366 frame_type=Response payload_bytes=35
2026-09-26T01:40:28.748958Z DEBUG netbaiot_transports::business_rpc::v3: business RPC V3 received frame stream_id=364 frame_type=Data payload_bytes=216
2026-09-26T01:40:28.748940Z DEBUG netbaiot_transports::business_rpc::v3: business RPC V3 writer completed frame stream_id=0 frame_type=WindowUpdate payload_bytes=4
2026-09-26T01:40:28.748974Z DEBUG netbaiot_transports::business_rpc::v3: business RPC V3 received frame stream_id=362 frame_type=Data payload_bytes=216
2026-09-26T01:40:28.748990Z DEBUG netbaiot_transports::business_rpc::v3: business RPC V3 received frame stream_id=360 frame_type=Data payload_bytes=216
2026-09-26T01:40:28.748976Z DEBUG netbaiot_transports::business_rpc::v3: business RPC V3 selected frame stream_id=0 frame_type=WindowUpdate payload_bytes=4
2026-09-26T01:40:28.749019Z DEBUG netbaiot_transports::business_rpc::v3: business RPC V3 writer completed frame stream_id=0 frame_type=WindowUpdate payload_bytes=4
2026-09-26T01:40:28.749027Z DEBUG netbaiot_transports::business_rpc::v3: business RPC V3 selected frame stream_id=0 frame_type=WindowUpdate payload_bytes=4
2026-09-26T01:40:28.749003Z DEBUG netbaiot_transports::business_rpc::v3: business RPC V3 received frame stream_id=368 frame_type=Data payload_bytes=216
2026-09-26T01:40:28.749063Z DEBUG netbaiot_transports::business_rpc::v3: business RPC V3 received frame stream_id=370 frame_type=Data payload_bytes=216
2026-09-26T01:40:28.749037Z DEBUG netbaiot_transports::business_rpc::v3: business RPC V3 writer completed frame stream_id=0 frame_type=WindowUpdate payload_bytes=4
2026-09-26T01:40:28.749092Z DEBUG netbaiot_transports::business_rpc::v3: business RPC V3 selected frame stream_id=0 frame_type=WindowUpdate payload_bytes=4
2026-09-26T01:40:28.749110Z DEBUG netbaiot_transports::business_rpc::v3: business RPC V3 writer completed frame stream_id=0 frame_type=WindowUpdate payload_bytes=4
2026-09-26T01:40:28.749120Z DEBUG netbaiot_transports::business_rpc::v3: business RPC V3 selected frame stream_id=0 frame_type=WindowUpdate payload_bytes=4
2026-09-26T01:40:28.749131Z DEBUG netbaiot_transports::business_rpc::v3: business RPC V3 writer completed frame stream_id=0 frame_type=WindowUpdate payload_bytes=4
2026-09-26T01:40:28.749137Z DEBUG netbaiot_transports::business_rpc::v3: business RPC V3 received frame stream_id=366 frame_type=Data payload_bytes=216
2026-09-26T01:40:28.749154Z DEBUG netbaiot_transports::business_rpc::v3: business RPC V3 received frame stream_id=356 frame_type=Response payload_bytes=35
2026-09-26T01:40:28.749162Z DEBUG netbaiot_transports::business_rpc::v3: business RPC V3 received frame stream_id=356 frame_type=Data payload_bytes=118
2026-09-26T01:40:28.749172Z DEBUG netbaiot_transports::business_rpc::v3: business RPC V3 Event delivery acknowledged stream_id=356 completion_us=204067
2026-09-26T01:40:28.749138Z DEBUG netbaiot_transports::business_rpc::v3: business RPC V3 selected frame stream_id=0 frame_type=WindowUpdate payload_bytes=4
2026-09-26T01:40:28.749223Z DEBUG netbaiot_transports::business_rpc::v3: business RPC V3 writer completed frame stream_id=0 frame_type=WindowUpdate payload_bytes=4
2026-09-26T01:40:28.749230Z DEBUG netbaiot_transports::business_rpc::v3: business RPC V3 selected frame stream_id=0 frame_type=WindowUpdate payload_bytes=4
2026-09-26T01:40:28.749238Z DEBUG netbaiot_transports::business_rpc::v3: business RPC V3 writer completed frame stream_id=0 frame_type=WindowUpdate payload_bytes=4
2026-09-26T01:40:28.749244Z DEBUG netbaiot_transports::business_rpc::v3: business RPC V3 selected frame stream_id=0 frame_type=WindowUpdate payload_bytes=4
2026-09-26T01:40:28.749252Z DEBUG netbaiot_transports::business_rpc::v3: business RPC V3 writer completed frame stream_id=0 frame_type=WindowUpdate payload_bytes=4
2026-09-26T01:40:28.749846Z DEBUG netbaiot_transports::business_rpc::v3: business RPC V3 body entered scheduler stream_id=374 class=Rpc body_bytes=198
2026-09-26T01:40:28.749900Z DEBUG netbaiot_transports::business_rpc::v3: business RPC V3 selected frame stream_id=374 frame_type=Open payload_bytes=158
2026-09-26T01:40:28.749917Z DEBUG netbaiot_transports::business_rpc::v3: business RPC V3 writer completed frame stream_id=374 frame_type=Open payload_bytes=158
2026-09-26T01:40:28.749929Z DEBUG netbaiot_transports::business_rpc::v3: business RPC V3 selected frame stream_id=374 frame_type=Data payload_bytes=198
2026-09-26T01:40:28.749940Z DEBUG netbaiot_transports::business_rpc::v3: business RPC V3 writer completed frame stream_id=374 frame_type=Data payload_bytes=198
2026-09-26T01:40:28.859212Z DEBUG netbaiot_transports::business_rpc::v3: business RPC V3 received frame stream_id=0 frame_type=WindowUpdate payload_bytes=4
2026-09-26T01:40:28.859326Z DEBUG netbaiot_transports::business_rpc::v3: business RPC V3 received frame stream_id=374 frame_type=Response payload_bytes=35
2026-09-26T01:40:28.859362Z DEBUG netbaiot_transports::business_rpc::v3: business RPC V3 received frame stream_id=374 frame_type=Data payload_bytes=216
2026-09-26T01:40:28.859453Z DEBUG netbaiot_transports::business_rpc::v3: business RPC V3 selected frame stream_id=0 frame_type=WindowUpdate payload_bytes=4
2026-09-26T01:40:28.859557Z DEBUG netbaiot_transports::business_rpc::v3: business RPC V3 writer completed frame stream_id=0 frame_type=WindowUpdate payload_bytes=4
2026-09-26T01:40:29.045150Z DEBUG netbaiot_transports::business_rpc::v3: business RPC V3 body entered scheduler stream_id=376 class=Event body_bytes=17366
2026-09-26T01:40:29.045249Z DEBUG netbaiot_transports::business_rpc::v3: business RPC V3 selected frame stream_id=376 frame_type=Open payload_bytes=184
2026-09-26T01:40:29.045287Z DEBUG netbaiot_transports::business_rpc::v3: business RPC V3 writer completed frame stream_id=376 frame_type=Open payload_bytes=184
2026-09-26T01:40:29.045308Z DEBUG netbaiot_transports::business_rpc::v3: business RPC V3 selected frame stream_id=376 frame_type=Data payload_bytes=8192
2026-09-26T01:40:29.045330Z DEBUG netbaiot_transports::business_rpc::v3: business RPC V3 writer completed frame stream_id=376 frame_type=Data payload_bytes=8192
2026-09-26T01:40:29.045344Z DEBUG netbaiot_transports::business_rpc::v3: business RPC V3 selected frame stream_id=376 frame_type=Data payload_bytes=8192
2026-09-26T01:40:29.045369Z DEBUG netbaiot_transports::business_rpc::v3: business RPC V3 writer completed frame stream_id=376 frame_type=Data payload_bytes=8192
2026-09-26T01:40:29.045381Z DEBUG netbaiot_transports::business_rpc::v3: business RPC V3 selected frame stream_id=376 frame_type=Data payload_bytes=982
2026-09-26T01:40:29.045394Z DEBUG netbaiot_transports::business_rpc::v3: business RPC V3 writer completed frame stream_id=376 frame_type=Data payload_bytes=982
2026-09-26T01:40:29.188730Z DEBUG netbaiot_transports::business_rpc::v3: business RPC V3 received frame stream_id=0 frame_type=WindowUpdate payload_bytes=4
2026-09-26T01:40:29.188788Z DEBUG netbaiot_transports::business_rpc::v3: business RPC V3 received frame stream_id=376 frame_type=WindowUpdate payload_bytes=4
2026-09-26T01:40:29.216030Z DEBUG netbaiot_transports::business_rpc::v3: business RPC V3 received frame stream_id=0 frame_type=WindowUpdate payload_bytes=4
2026-09-26T01:40:29.216059Z DEBUG netbaiot_transports::business_rpc::v3: business RPC V3 received frame stream_id=376 frame_type=WindowUpdate payload_bytes=4
2026-09-26T01:40:29.216067Z DEBUG netbaiot_transports::business_rpc::v3: business RPC V3 received frame stream_id=0 frame_type=WindowUpdate payload_bytes=4
2026-09-26T01:40:29.216073Z DEBUG netbaiot_transports::business_rpc::v3: business RPC V3 received frame stream_id=376 frame_type=Response payload_bytes=35
2026-09-26T01:40:29.216082Z DEBUG netbaiot_transports::business_rpc::v3: business RPC V3 received frame stream_id=376 frame_type=Data payload_bytes=118
2026-09-26T01:40:29.216093Z DEBUG netbaiot_transports::business_rpc::v3: business RPC V3 Event delivery acknowledged stream_id=376 completion_us=170964
2026-09-26T01:40:29.216121Z DEBUG netbaiot_transports::business_rpc::v3: business RPC V3 selected frame stream_id=0 frame_type=WindowUpdate payload_bytes=4
2026-09-26T01:40:29.216152Z DEBUG netbaiot_transports::business_rpc::v3: business RPC V3 writer completed frame stream_id=0 frame_type=WindowUpdate payload_bytes=4
2026-09-26T01:40:29.247801Z DEBUG netbaiot_transports::business_rpc::v3: business RPC V3 body entered scheduler stream_id=378 class=Rpc body_bytes=198
2026-09-26T01:40:29.247875Z DEBUG netbaiot_transports::business_rpc::v3: business RPC V3 selected frame stream_id=378 frame_type=Open payload_bytes=158
2026-09-26T01:40:29.247903Z DEBUG netbaiot_transports::business_rpc::v3: business RPC V3 writer completed frame stream_id=378 frame_type=Open payload_bytes=158
2026-09-26T01:40:29.247915Z DEBUG netbaiot_transports::business_rpc::v3: business RPC V3 selected frame stream_id=378 frame_type=Data payload_bytes=198
2026-09-26T01:40:29.247924Z DEBUG netbaiot_transports::business_rpc::v3: business RPC V3 writer completed frame stream_id=378 frame_type=Data payload_bytes=198
2026-09-26T01:40:29.352597Z DEBUG netbaiot_transports::business_rpc::v3: business RPC V3 received frame stream_id=0 frame_type=WindowUpdate payload_bytes=4
2026-09-26T01:40:29.352722Z DEBUG netbaiot_transports::business_rpc::v3: business RPC V3 received frame stream_id=378 frame_type=Response payload_bytes=35
2026-09-26T01:40:29.352754Z DEBUG netbaiot_transports::business_rpc::v3: business RPC V3 received frame stream_id=378 frame_type=Data payload_bytes=216
2026-09-26T01:40:29.352856Z DEBUG netbaiot_transports::business_rpc::v3: business RPC V3 selected frame stream_id=0 frame_type=WindowUpdate payload_bytes=4
2026-09-26T01:40:29.352922Z DEBUG netbaiot_transports::business_rpc::v3: business RPC V3 writer completed frame stream_id=0 frame_type=WindowUpdate payload_bytes=4
2026-09-26T01:40:29.353850Z DEBUG netbaiot_transports::business_rpc::v3: business RPC V3 body entered scheduler stream_id=380 class=Rpc body_bytes=198
2026-09-26T01:40:29.353900Z DEBUG netbaiot_transports::business_rpc::v3: business RPC V3 selected frame stream_id=380 frame_type=Open payload_bytes=158
2026-09-26T01:40:29.353931Z DEBUG netbaiot_transports::business_rpc::v3: business RPC V3 writer completed frame stream_id=380 frame_type=Open payload_bytes=158
2026-09-26T01:40:29.353947Z DEBUG netbaiot_transports::business_rpc::v3: business RPC V3 selected frame stream_id=380 frame_type=Data payload_bytes=198
2026-09-26T01:40:29.353962Z DEBUG netbaiot_transports::business_rpc::v3: business RPC V3 writer completed frame stream_id=380 frame_type=Data payload_bytes=198
2026-09-26T01:40:29.385169Z DEBUG netbaiot_transports::business_rpc::v3: business RPC V3 body entered scheduler stream_id=382 class=Rpc body_bytes=198
2026-09-26T01:40:29.385250Z DEBUG netbaiot_transports::business_rpc::v3: business RPC V3 selected frame stream_id=382 frame_type=Open payload_bytes=158
2026-09-26T01:40:29.385384Z DEBUG netbaiot_transports::business_rpc::v3: business RPC V3 writer completed frame stream_id=382 frame_type=Open payload_bytes=158
2026-09-26T01:40:29.385451Z DEBUG netbaiot_transports::business_rpc::v3: business RPC V3 selected frame stream_id=382 frame_type=Data payload_bytes=198
2026-09-26T01:40:29.385465Z DEBUG netbaiot_transports::business_rpc::v3: business RPC V3 writer completed frame stream_id=382 frame_type=Data payload_bytes=198
2026-09-26T01:40:29.463509Z DEBUG netbaiot_transports::business_rpc::v3: business RPC V3 received frame stream_id=0 frame_type=WindowUpdate payload_bytes=4
2026-09-26T01:40:29.463540Z DEBUG netbaiot_transports::business_rpc::v3: business RPC V3 received frame stream_id=380 frame_type=Response payload_bytes=35
2026-09-26T01:40:29.463550Z DEBUG netbaiot_transports::business_rpc::v3: business RPC V3 received frame stream_id=380 frame_type=Data payload_bytes=216
2026-09-26T01:40:29.463592Z DEBUG netbaiot_transports::business_rpc::v3: business RPC V3 selected frame stream_id=0 frame_type=WindowUpdate payload_bytes=4
2026-09-26T01:40:29.463644Z DEBUG netbaiot_transports::business_rpc::v3: business RPC V3 writer completed frame stream_id=0 frame_type=WindowUpdate payload_bytes=4
2026-09-26T01:40:29.463997Z DEBUG netbaiot_transports::business_rpc::v3: business RPC V3 body entered scheduler stream_id=384 class=Rpc body_bytes=198
2026-09-26T01:40:29.464010Z DEBUG netbaiot_transports::business_rpc::v3: business RPC V3 selected frame stream_id=384 frame_type=Open payload_bytes=158
2026-09-26T01:40:29.464021Z DEBUG netbaiot_transports::business_rpc::v3: business RPC V3 writer completed frame stream_id=384 frame_type=Open payload_bytes=158
2026-09-26T01:40:29.464026Z DEBUG netbaiot_transports::business_rpc::v3: business RPC V3 selected frame stream_id=384 frame_type=Data payload_bytes=198
2026-09-26T01:40:29.464032Z DEBUG netbaiot_transports::business_rpc::v3: business RPC V3 writer completed frame stream_id=384 frame_type=Data payload_bytes=198
2026-09-26T01:40:29.489757Z DEBUG netbaiot_transports::business_rpc::v3: business RPC V3 received frame stream_id=0 frame_type=WindowUpdate payload_bytes=4
2026-09-26T01:40:29.489773Z DEBUG netbaiot_transports::business_rpc::v3: business RPC V3 received frame stream_id=382 frame_type=Response payload_bytes=35
2026-09-26T01:40:29.489782Z DEBUG netbaiot_transports::business_rpc::v3: business RPC V3 received frame stream_id=382 frame_type=Data payload_bytes=216
2026-09-26T01:40:29.489828Z DEBUG netbaiot_transports::business_rpc::v3: business RPC V3 selected frame stream_id=0 frame_type=WindowUpdate payload_bytes=4
2026-09-26T01:40:29.489890Z DEBUG netbaiot_transports::business_rpc::v3: business RPC V3 writer completed frame stream_id=0 frame_type=WindowUpdate payload_bytes=4
2026-09-26T01:40:29.490163Z DEBUG netbaiot_transports::business_rpc::v3: business RPC V3 body entered scheduler stream_id=386 class=Rpc body_bytes=198
2026-09-26T01:40:29.490168Z DEBUG netbaiot_transports::business_rpc::v3: business RPC V3 selected frame stream_id=386 frame_type=Open payload_bytes=158
2026-09-26T01:40:29.490175Z DEBUG netbaiot_transports::business_rpc::v3: business RPC V3 writer completed frame stream_id=386 frame_type=Open payload_bytes=158
2026-09-26T01:40:29.490179Z DEBUG netbaiot_transports::business_rpc::v3: business RPC V3 selected frame stream_id=386 frame_type=Data payload_bytes=198
2026-09-26T01:40:29.490183Z DEBUG netbaiot_transports::business_rpc::v3: business RPC V3 writer completed frame stream_id=386 frame_type=Data payload_bytes=198
2026-09-26T01:40:29.507241Z DEBUG netbaiot_transports::business_rpc::v3: business RPC V3 body entered scheduler stream_id=388 class=Rpc body_bytes=198
2026-09-26T01:40:29.507253Z DEBUG netbaiot_transports::business_rpc::v3: business RPC V3 selected frame stream_id=388 frame_type=Open payload_bytes=158
2026-09-26T01:40:29.507262Z DEBUG netbaiot_transports::business_rpc::v3: business RPC V3 writer completed frame stream_id=388 frame_type=Open payload_bytes=158
2026-09-26T01:40:29.507265Z DEBUG netbaiot_transports::business_rpc::v3: business RPC V3 selected frame stream_id=388 frame_type=Data payload_bytes=198
2026-09-26T01:40:29.507269Z DEBUG netbaiot_transports::business_rpc::v3: business RPC V3 writer completed frame stream_id=388 frame_type=Data payload_bytes=198
2026-09-26T01:40:29.545825Z DEBUG netbaiot_transports::business_rpc::v3: business RPC V3 body entered scheduler stream_id=390 class=Event body_bytes=17366
2026-09-26T01:40:29.545844Z DEBUG netbaiot_transports::business_rpc::v3: business RPC V3 selected frame stream_id=390 frame_type=Open payload_bytes=184
2026-09-26T01:40:29.545854Z DEBUG netbaiot_transports::business_rpc::v3: business RPC V3 writer completed frame stream_id=390 frame_type=Open payload_bytes=184
2026-09-26T01:40:29.545857Z DEBUG netbaiot_transports::business_rpc::v3: business RPC V3 selected frame stream_id=390 frame_type=Data payload_bytes=8192
2026-09-26T01:40:29.545862Z DEBUG netbaiot_transports::business_rpc::v3: business RPC V3 writer completed frame stream_id=390 frame_type=Data payload_bytes=8192
2026-09-26T01:40:29.545864Z DEBUG netbaiot_transports::business_rpc::v3: business RPC V3 selected frame stream_id=390 frame_type=Data payload_bytes=8192
2026-09-26T01:40:29.545879Z DEBUG netbaiot_transports::business_rpc::v3: business RPC V3 writer completed frame stream_id=390 frame_type=Data payload_bytes=8192
2026-09-26T01:40:29.545911Z DEBUG netbaiot_transports::business_rpc::v3: business RPC V3 selected frame stream_id=390 frame_type=Data payload_bytes=982
2026-09-26T01:40:29.545926Z DEBUG netbaiot_transports::business_rpc::v3: business RPC V3 writer completed frame stream_id=390 frame_type=Data payload_bytes=982
2026-09-26T01:40:29.570989Z DEBUG netbaiot_transports::business_rpc::v3: business RPC V3 received frame stream_id=0 frame_type=WindowUpdate payload_bytes=4
2026-09-26T01:40:29.571011Z DEBUG netbaiot_transports::business_rpc::v3: business RPC V3 received frame stream_id=384 frame_type=Response payload_bytes=35
2026-09-26T01:40:29.571018Z DEBUG netbaiot_transports::business_rpc::v3: business RPC V3 received frame stream_id=384 frame_type=Data payload_bytes=216
2026-09-26T01:40:29.571043Z DEBUG netbaiot_transports::business_rpc::v3: business RPC V3 selected frame stream_id=0 frame_type=WindowUpdate payload_bytes=4
2026-09-26T01:40:29.571073Z DEBUG netbaiot_transports::business_rpc::v3: business RPC V3 writer completed frame stream_id=0 frame_type=WindowUpdate payload_bytes=4
2026-09-26T01:40:29.571508Z DEBUG netbaiot_transports::business_rpc::v3: business RPC V3 body entered scheduler stream_id=392 class=Rpc body_bytes=198
2026-09-26T01:40:29.571513Z DEBUG netbaiot_transports::business_rpc::v3: business RPC V3 selected frame stream_id=392 frame_type=Open payload_bytes=158
2026-09-26T01:40:29.571537Z DEBUG netbaiot_transports::business_rpc::v3: business RPC V3 writer completed frame stream_id=392 frame_type=Open payload_bytes=158
2026-09-26T01:40:29.571542Z DEBUG netbaiot_transports::business_rpc::v3: business RPC V3 selected frame stream_id=392 frame_type=Data payload_bytes=198
2026-09-26T01:40:29.571546Z DEBUG netbaiot_transports::business_rpc::v3: business RPC V3 writer completed frame stream_id=392 frame_type=Data payload_bytes=198
2026-09-26T01:40:29.598832Z DEBUG netbaiot_transports::business_rpc::v3: business RPC V3 received frame stream_id=0 frame_type=WindowUpdate payload_bytes=4
2026-09-26T01:40:29.598846Z DEBUG netbaiot_transports::business_rpc::v3: business RPC V3 received frame stream_id=0 frame_type=WindowUpdate payload_bytes=4
2026-09-26T01:40:29.598849Z DEBUG netbaiot_transports::business_rpc::v3: business RPC V3 received frame stream_id=388 frame_type=Response payload_bytes=35
2026-09-26T01:40:29.598855Z DEBUG netbaiot_transports::business_rpc::v3: business RPC V3 received frame stream_id=386 frame_type=Response payload_bytes=35
2026-09-26T01:40:29.598858Z DEBUG netbaiot_transports::business_rpc::v3: business RPC V3 received frame stream_id=388 frame_type=Data payload_bytes=216
2026-09-26T01:40:29.598875Z DEBUG netbaiot_transports::business_rpc::v3: business RPC V3 received frame stream_id=386 frame_type=Data payload_bytes=216
2026-09-26T01:40:29.598890Z DEBUG netbaiot_transports::business_rpc::v3: business RPC V3 selected frame stream_id=0 frame_type=WindowUpdate payload_bytes=4
2026-09-26T01:40:29.598932Z DEBUG netbaiot_transports::business_rpc::v3: business RPC V3 writer completed frame stream_id=0 frame_type=WindowUpdate payload_bytes=4
2026-09-26T01:40:29.598944Z DEBUG netbaiot_transports::business_rpc::v3: business RPC V3 selected frame stream_id=0 frame_type=WindowUpdate payload_bytes=4
2026-09-26T01:40:29.598954Z DEBUG netbaiot_transports::business_rpc::v3: business RPC V3 writer completed frame stream_id=0 frame_type=WindowUpdate payload_bytes=4
2026-09-26T01:40:29.599402Z DEBUG netbaiot_transports::business_rpc::v3: business RPC V3 body entered scheduler stream_id=394 class=Rpc body_bytes=198
2026-09-26T01:40:29.599410Z DEBUG netbaiot_transports::business_rpc::v3: business RPC V3 selected frame stream_id=394 frame_type=Open payload_bytes=158
2026-09-26T01:40:29.599417Z DEBUG netbaiot_transports::business_rpc::v3: business RPC V3 writer completed frame stream_id=394 frame_type=Open payload_bytes=158
2026-09-26T01:40:29.599420Z DEBUG netbaiot_transports::business_rpc::v3: business RPC V3 body entered scheduler stream_id=396 class=Rpc body_bytes=198
2026-09-26T01:40:29.599423Z DEBUG netbaiot_transports::business_rpc::v3: business RPC V3 selected frame stream_id=396 frame_type=Open payload_bytes=158
2026-09-26T01:40:29.599427Z DEBUG netbaiot_transports::business_rpc::v3: business RPC V3 writer completed frame stream_id=396 frame_type=Open payload_bytes=158
2026-09-26T01:40:29.599430Z DEBUG netbaiot_transports::business_rpc::v3: business RPC V3 selected frame stream_id=394 frame_type=Data payload_bytes=198
2026-09-26T01:40:29.599433Z DEBUG netbaiot_transports::business_rpc::v3: business RPC V3 writer completed frame stream_id=394 frame_type=Data payload_bytes=198
2026-09-26T01:40:29.599436Z DEBUG netbaiot_transports::business_rpc::v3: business RPC V3 selected frame stream_id=396 frame_type=Data payload_bytes=198
2026-09-26T01:40:29.599443Z DEBUG netbaiot_transports::business_rpc::v3: business RPC V3 writer completed frame stream_id=396 frame_type=Data payload_bytes=198
2026-09-26T01:40:29.648658Z DEBUG netbaiot_transports::business_rpc::v3: business RPC V3 body entered scheduler stream_id=398 class=Rpc body_bytes=198
2026-09-26T01:40:29.648679Z DEBUG netbaiot_transports::business_rpc::v3: business RPC V3 selected frame stream_id=398 frame_type=Open payload_bytes=158
2026-09-26T01:40:29.648691Z DEBUG netbaiot_transports::business_rpc::v3: business RPC V3 writer completed frame stream_id=398 frame_type=Open payload_bytes=158
2026-09-26T01:40:29.648696Z DEBUG netbaiot_transports::business_rpc::v3: business RPC V3 selected frame stream_id=398 frame_type=Data payload_bytes=198
2026-09-26T01:40:29.648700Z DEBUG netbaiot_transports::business_rpc::v3: business RPC V3 writer completed frame stream_id=398 frame_type=Data payload_bytes=198
2026-09-26T01:40:29.658972Z DEBUG netbaiot_transports::business_rpc::v3: business RPC V3 body entered scheduler stream_id=400 class=Rpc body_bytes=198
2026-09-26T01:40:29.658983Z DEBUG netbaiot_transports::business_rpc::v3: business RPC V3 selected frame stream_id=400 frame_type=Open payload_bytes=158
2026-09-26T01:40:29.658992Z DEBUG netbaiot_transports::business_rpc::v3: business RPC V3 writer completed frame stream_id=400 frame_type=Open payload_bytes=158
2026-09-26T01:40:29.658996Z DEBUG netbaiot_transports::business_rpc::v3: business RPC V3 selected frame stream_id=400 frame_type=Data payload_bytes=198
2026-09-26T01:40:29.658999Z DEBUG netbaiot_transports::business_rpc::v3: business RPC V3 writer completed frame stream_id=400 frame_type=Data payload_bytes=198
2026-09-26T01:40:29.668775Z DEBUG netbaiot_transports::business_rpc::v3: business RPC V3 body entered scheduler stream_id=402 class=Rpc body_bytes=198
2026-09-26T01:40:29.668799Z DEBUG netbaiot_transports::business_rpc::v3: business RPC V3 selected frame stream_id=402 frame_type=Open payload_bytes=158
2026-09-26T01:40:29.668817Z DEBUG netbaiot_transports::business_rpc::v3: business RPC V3 writer completed frame stream_id=402 frame_type=Open payload_bytes=158
2026-09-26T01:40:29.668821Z DEBUG netbaiot_transports::business_rpc::v3: business RPC V3 selected frame stream_id=402 frame_type=Data payload_bytes=198
2026-09-26T01:40:29.668842Z DEBUG netbaiot_transports::business_rpc::v3: business RPC V3 writer completed frame stream_id=402 frame_type=Data payload_bytes=198
2026-09-26T01:40:29.712080Z DEBUG netbaiot_transports::business_rpc::v3: business RPC V3 received frame stream_id=0 frame_type=WindowUpdate payload_bytes=4
2026-09-26T01:40:29.712099Z DEBUG netbaiot_transports::business_rpc::v3: business RPC V3 received frame stream_id=390 frame_type=WindowUpdate payload_bytes=4
2026-09-26T01:40:29.729469Z DEBUG netbaiot_transports::business_rpc::v3: business RPC V3 body entered scheduler stream_id=404 class=Rpc body_bytes=198
2026-09-26T01:40:29.729512Z DEBUG netbaiot_transports::business_rpc::v3: business RPC V3 selected frame stream_id=404 frame_type=Open payload_bytes=158
2026-09-26T01:40:29.729542Z DEBUG netbaiot_transports::business_rpc::v3: business RPC V3 writer completed frame stream_id=404 frame_type=Open payload_bytes=158
2026-09-26T01:40:29.729570Z DEBUG netbaiot_transports::business_rpc::v3: business RPC V3 selected frame stream_id=404 frame_type=Data payload_bytes=198
2026-09-26T01:40:29.729581Z DEBUG netbaiot_transports::business_rpc::v3: business RPC V3 writer completed frame stream_id=404 frame_type=Data payload_bytes=198
2026-09-26T01:40:29.744686Z DEBUG netbaiot_transports::business_rpc::v3: business RPC V3 received frame stream_id=0 frame_type=WindowUpdate payload_bytes=4
2026-09-26T01:40:29.744720Z DEBUG netbaiot_transports::business_rpc::v3: business RPC V3 received frame stream_id=390 frame_type=WindowUpdate payload_bytes=4
2026-09-26T01:40:29.744731Z DEBUG netbaiot_transports::business_rpc::v3: business RPC V3 received frame stream_id=0 frame_type=WindowUpdate payload_bytes=4
2026-09-26T01:40:29.744736Z DEBUG netbaiot_transports::business_rpc::v3: business RPC V3 received frame stream_id=0 frame_type=WindowUpdate payload_bytes=4
2026-09-26T01:40:29.744739Z DEBUG netbaiot_transports::business_rpc::v3: business RPC V3 received frame stream_id=0 frame_type=WindowUpdate payload_bytes=4
2026-09-26T01:40:29.744742Z DEBUG netbaiot_transports::business_rpc::v3: business RPC V3 received frame stream_id=0 frame_type=WindowUpdate payload_bytes=4
2026-09-26T01:40:29.744745Z DEBUG netbaiot_transports::business_rpc::v3: business RPC V3 received frame stream_id=0 frame_type=WindowUpdate payload_bytes=4
2026-09-26T01:40:29.744748Z DEBUG netbaiot_transports::business_rpc::v3: business RPC V3 received frame stream_id=0 frame_type=WindowUpdate payload_bytes=4
2026-09-26T01:40:29.744759Z DEBUG netbaiot_transports::business_rpc::v3: business RPC V3 received frame stream_id=400 frame_type=Response payload_bytes=35
2026-09-26T01:40:29.744770Z DEBUG netbaiot_transports::business_rpc::v3: business RPC V3 received frame stream_id=396 frame_type=Response payload_bytes=35
2026-09-26T01:40:29.744774Z DEBUG netbaiot_transports::business_rpc::v3: business RPC V3 received frame stream_id=394 frame_type=Response payload_bytes=35
2026-09-26T01:40:29.744787Z DEBUG netbaiot_transports::business_rpc::v3: business RPC V3 received frame stream_id=398 frame_type=Response payload_bytes=35
2026-09-26T01:40:29.744791Z DEBUG netbaiot_transports::business_rpc::v3: business RPC V3 received frame stream_id=400 frame_type=Data payload_bytes=216
2026-09-26T01:40:29.744810Z DEBUG netbaiot_transports::business_rpc::v3: business RPC V3 received frame stream_id=392 frame_type=Response payload_bytes=35
2026-09-26T01:40:29.744813Z DEBUG netbaiot_transports::business_rpc::v3: business RPC V3 received frame stream_id=396 frame_type=Data payload_bytes=216
2026-09-26T01:40:29.744837Z DEBUG netbaiot_transports::business_rpc::v3: business RPC V3 selected frame stream_id=0 frame_type=WindowUpdate payload_bytes=4
2026-09-26T01:40:29.744841Z DEBUG netbaiot_transports::business_rpc::v3: business RPC V3 received frame stream_id=394 frame_type=Data payload_bytes=216
2026-09-26T01:40:29.744846Z DEBUG netbaiot_transports::business_rpc::v3: business RPC V3 writer completed frame stream_id=0 frame_type=WindowUpdate payload_bytes=4
2026-09-26T01:40:29.744850Z DEBUG netbaiot_transports::business_rpc::v3: business RPC V3 selected frame stream_id=0 frame_type=WindowUpdate payload_bytes=4
2026-09-26T01:40:29.744851Z DEBUG netbaiot_transports::business_rpc::v3: business RPC V3 received frame stream_id=398 frame_type=Data payload_bytes=216
2026-09-26T01:40:29.744855Z DEBUG netbaiot_transports::business_rpc::v3: business RPC V3 writer completed frame stream_id=0 frame_type=WindowUpdate payload_bytes=4
2026-09-26T01:40:29.744863Z DEBUG netbaiot_transports::business_rpc::v3: business RPC V3 selected frame stream_id=0 frame_type=WindowUpdate payload_bytes=4
2026-09-26T01:40:29.744868Z DEBUG netbaiot_transports::business_rpc::v3: business RPC V3 writer completed frame stream_id=0 frame_type=WindowUpdate payload_bytes=4
2026-09-26T01:40:29.744870Z DEBUG netbaiot_transports::business_rpc::v3: business RPC V3 selected frame stream_id=0 frame_type=WindowUpdate payload_bytes=4
2026-09-26T01:40:29.744873Z DEBUG netbaiot_transports::business_rpc::v3: business RPC V3 writer completed frame stream_id=0 frame_type=WindowUpdate payload_bytes=4
2026-09-26T01:40:29.744864Z DEBUG netbaiot_transports::business_rpc::v3: business RPC V3 received frame stream_id=392 frame_type=Data payload_bytes=216
2026-09-26T01:40:29.744915Z DEBUG netbaiot_transports::business_rpc::v3: business RPC V3 received frame stream_id=390 frame_type=Response payload_bytes=35
2026-09-26T01:40:29.744948Z DEBUG netbaiot_transports::business_rpc::v3: business RPC V3 received frame stream_id=390 frame_type=Data payload_bytes=118
2026-09-26T01:40:29.744921Z DEBUG netbaiot_transports::business_rpc::v3: business RPC V3 selected frame stream_id=0 frame_type=WindowUpdate payload_bytes=4
2026-09-26T01:40:29.744963Z DEBUG netbaiot_transports::business_rpc::v3: business RPC V3 Event delivery acknowledged stream_id=390 completion_us=199144
2026-09-26T01:40:29.744967Z DEBUG netbaiot_transports::business_rpc::v3: business RPC V3 writer completed frame stream_id=0 frame_type=WindowUpdate payload_bytes=4
2026-09-26T01:40:29.744985Z DEBUG netbaiot_transports::business_rpc::v3: business RPC V3 selected frame stream_id=0 frame_type=WindowUpdate payload_bytes=4
2026-09-26T01:40:29.744991Z DEBUG netbaiot_transports::business_rpc::v3: business RPC V3 writer completed frame stream_id=0 frame_type=WindowUpdate payload_bytes=4
2026-09-26T01:40:29.745405Z DEBUG netbaiot_transports::business_rpc::v3: business RPC V3 body entered scheduler stream_id=406 class=Rpc body_bytes=198
2026-09-26T01:40:29.745434Z DEBUG netbaiot_transports::business_rpc::v3: business RPC V3 body entered scheduler stream_id=408 class=Rpc body_bytes=198
2026-09-26T01:40:29.745440Z DEBUG netbaiot_transports::business_rpc::v3: business RPC V3 selected frame stream_id=406 frame_type=Open payload_bytes=158
2026-09-26T01:40:29.745446Z DEBUG netbaiot_transports::business_rpc::v3: business RPC V3 writer completed frame stream_id=406 frame_type=Open payload_bytes=158
2026-09-26T01:40:29.745448Z DEBUG netbaiot_transports::business_rpc::v3: business RPC V3 selected frame stream_id=408 frame_type=Open payload_bytes=158
2026-09-26T01:40:29.745451Z DEBUG netbaiot_transports::business_rpc::v3: business RPC V3 writer completed frame stream_id=408 frame_type=Open payload_bytes=158
2026-09-26T01:40:29.745453Z DEBUG netbaiot_transports::business_rpc::v3: business RPC V3 selected frame stream_id=406 frame_type=Data payload_bytes=198
2026-09-26T01:40:29.745456Z DEBUG netbaiot_transports::business_rpc::v3: business RPC V3 writer completed frame stream_id=406 frame_type=Data payload_bytes=198
2026-09-26T01:40:29.745459Z DEBUG netbaiot_transports::business_rpc::v3: business RPC V3 selected frame stream_id=408 frame_type=Data payload_bytes=198
2026-09-26T01:40:29.745462Z DEBUG netbaiot_transports::business_rpc::v3: business RPC V3 writer completed frame stream_id=408 frame_type=Data payload_bytes=198
2026-09-26T01:40:29.745486Z DEBUG netbaiot_transports::business_rpc::v3: business RPC V3 body entered scheduler stream_id=410 class=Rpc body_bytes=198
2026-09-26T01:40:29.745489Z DEBUG netbaiot_transports::business_rpc::v3: business RPC V3 selected frame stream_id=410 frame_type=Open payload_bytes=158
2026-09-26T01:40:29.745493Z DEBUG netbaiot_transports::business_rpc::v3: business RPC V3 writer completed frame stream_id=410 frame_type=Open payload_bytes=158
2026-09-26T01:40:29.745496Z DEBUG netbaiot_transports::business_rpc::v3: business RPC V3 selected frame stream_id=410 frame_type=Data payload_bytes=198
2026-09-26T01:40:29.745499Z DEBUG netbaiot_transports::business_rpc::v3: business RPC V3 writer completed frame stream_id=410 frame_type=Data payload_bytes=198
2026-09-26T01:40:29.745551Z DEBUG netbaiot_transports::business_rpc::v3: business RPC V3 body entered scheduler stream_id=412 class=Rpc body_bytes=198
2026-09-26T01:40:29.745554Z DEBUG netbaiot_transports::business_rpc::v3: business RPC V3 selected frame stream_id=412 frame_type=Open payload_bytes=158
2026-09-26T01:40:29.745559Z DEBUG netbaiot_transports::business_rpc::v3: business RPC V3 writer completed frame stream_id=412 frame_type=Open payload_bytes=158
2026-09-26T01:40:29.745582Z DEBUG netbaiot_transports::business_rpc::v3: business RPC V3 body entered scheduler stream_id=414 class=Rpc body_bytes=198
2026-09-26T01:40:29.745603Z DEBUG netbaiot_transports::business_rpc::v3: business RPC V3 selected frame stream_id=414 frame_type=Open payload_bytes=158
2026-09-26T01:40:29.745609Z DEBUG netbaiot_transports::business_rpc::v3: business RPC V3 writer completed frame stream_id=414 frame_type=Open payload_bytes=158
2026-09-26T01:40:29.745611Z DEBUG netbaiot_transports::business_rpc::v3: business RPC V3 selected frame stream_id=412 frame_type=Data payload_bytes=198
2026-09-26T01:40:29.745616Z DEBUG netbaiot_transports::business_rpc::v3: business RPC V3 writer completed frame stream_id=412 frame_type=Data payload_bytes=198
2026-09-26T01:40:29.745618Z DEBUG netbaiot_transports::business_rpc::v3: business RPC V3 selected frame stream_id=414 frame_type=Data payload_bytes=198
2026-09-26T01:40:29.745621Z DEBUG netbaiot_transports::business_rpc::v3: business RPC V3 writer completed frame stream_id=414 frame_type=Data payload_bytes=198
2026-09-26T01:40:29.771933Z DEBUG netbaiot_transports::business_rpc::v3: business RPC V3 received frame stream_id=0 frame_type=WindowUpdate payload_bytes=4
2026-09-26T01:40:29.771959Z DEBUG netbaiot_transports::business_rpc::v3: business RPC V3 received frame stream_id=402 frame_type=Response payload_bytes=35
2026-09-26T01:40:29.771968Z DEBUG netbaiot_transports::business_rpc::v3: business RPC V3 received frame stream_id=402 frame_type=Data payload_bytes=216
2026-09-26T01:40:29.772007Z DEBUG netbaiot_transports::business_rpc::v3: business RPC V3 selected frame stream_id=0 frame_type=WindowUpdate payload_bytes=4
2026-09-26T01:40:29.772018Z DEBUG netbaiot_transports::business_rpc::v3: business RPC V3 writer completed frame stream_id=0 frame_type=WindowUpdate payload_bytes=4
2026-09-26T01:40:29.772445Z DEBUG netbaiot_transports::business_rpc::v3: business RPC V3 body entered scheduler stream_id=416 class=Rpc body_bytes=198
2026-09-26T01:40:29.772450Z DEBUG netbaiot_transports::business_rpc::v3: business RPC V3 selected frame stream_id=416 frame_type=Open payload_bytes=158
2026-09-26T01:40:29.772456Z DEBUG netbaiot_transports::business_rpc::v3: business RPC V3 writer completed frame stream_id=416 frame_type=Open payload_bytes=158
2026-09-26T01:40:29.772460Z DEBUG netbaiot_transports::business_rpc::v3: business RPC V3 selected frame stream_id=416 frame_type=Data payload_bytes=198
2026-09-26T01:40:29.772463Z DEBUG netbaiot_transports::business_rpc::v3: business RPC V3 writer completed frame stream_id=416 frame_type=Data payload_bytes=198
2026-09-26T01:40:29.847816Z DEBUG netbaiot_transports::business_rpc::v3: business RPC V3 body entered scheduler stream_id=418 class=Rpc body_bytes=198
2026-09-26T01:40:29.847832Z DEBUG netbaiot_transports::business_rpc::v3: business RPC V3 selected frame stream_id=418 frame_type=Open payload_bytes=158
2026-09-26T01:40:29.847860Z DEBUG netbaiot_transports::business_rpc::v3: business RPC V3 writer completed frame stream_id=418 frame_type=Open payload_bytes=158
2026-09-26T01:40:29.847864Z DEBUG netbaiot_transports::business_rpc::v3: business RPC V3 selected frame stream_id=418 frame_type=Data payload_bytes=198
2026-09-26T01:40:29.847868Z DEBUG netbaiot_transports::business_rpc::v3: business RPC V3 writer completed frame stream_id=418 frame_type=Data payload_bytes=198
2026-09-26T01:40:29.850139Z DEBUG netbaiot_transports::business_rpc::v3: business RPC V3 received frame stream_id=0 frame_type=WindowUpdate payload_bytes=4
2026-09-26T01:40:29.850146Z DEBUG netbaiot_transports::business_rpc::v3: business RPC V3 received frame stream_id=0 frame_type=WindowUpdate payload_bytes=4
2026-09-26T01:40:29.850213Z DEBUG netbaiot_transports::business_rpc::v3: business RPC V3 received frame stream_id=0 frame_type=WindowUpdate payload_bytes=4
2026-09-26T01:40:29.850219Z DEBUG netbaiot_transports::business_rpc::v3: business RPC V3 received frame stream_id=0 frame_type=WindowUpdate payload_bytes=4
2026-09-26T01:40:29.850222Z DEBUG netbaiot_transports::business_rpc::v3: business RPC V3 received frame stream_id=0 frame_type=WindowUpdate payload_bytes=4
2026-09-26T01:40:29.850225Z DEBUG netbaiot_transports::business_rpc::v3: business RPC V3 received frame stream_id=0 frame_type=WindowUpdate payload_bytes=4
2026-09-26T01:40:29.850227Z DEBUG netbaiot_transports::business_rpc::v3: business RPC V3 received frame stream_id=414 frame_type=Response payload_bytes=35
2026-09-26T01:40:29.850232Z DEBUG netbaiot_transports::business_rpc::v3: business RPC V3 received frame stream_id=408 frame_type=Response payload_bytes=35
2026-09-26T01:40:29.850234Z DEBUG netbaiot_transports::business_rpc::v3: business RPC V3 received frame stream_id=404 frame_type=Response payload_bytes=35
2026-09-26T01:40:29.850237Z DEBUG netbaiot_transports::business_rpc::v3: business RPC V3 received frame stream_id=414 frame_type=Data payload_bytes=216
2026-09-26T01:40:29.850250Z DEBUG netbaiot_transports::business_rpc::v3: business RPC V3 received frame stream_id=410 frame_type=Response payload_bytes=35
2026-09-26T01:40:29.850253Z DEBUG netbaiot_transports::business_rpc::v3: business RPC V3 received frame stream_id=412 frame_type=Response payload_bytes=35
2026-09-26T01:40:29.850255Z DEBUG netbaiot_transports::business_rpc::v3: business RPC V3 selected frame stream_id=0 frame_type=WindowUpdate payload_bytes=4
2026-09-26T01:40:29.850255Z DEBUG netbaiot_transports::business_rpc::v3: business RPC V3 received frame stream_id=406 frame_type=Response payload_bytes=35
2026-09-26T01:40:29.850263Z DEBUG netbaiot_transports::business_rpc::v3: business RPC V3 received frame stream_id=408 frame_type=Data payload_bytes=216
2026-09-26T01:40:29.850271Z DEBUG netbaiot_transports::business_rpc::v3: business RPC V3 received frame stream_id=404 frame_type=Data payload_bytes=216
2026-09-26T01:40:29.850276Z DEBUG netbaiot_transports::business_rpc::v3: business RPC V3 received frame stream_id=410 frame_type=Data payload_bytes=216
2026-09-26T01:40:29.850282Z DEBUG netbaiot_transports::business_rpc::v3: business RPC V3 received frame stream_id=412 frame_type=Data payload_bytes=216
2026-09-26T01:40:29.850283Z DEBUG netbaiot_transports::business_rpc::v3: business RPC V3 writer completed frame stream_id=0 frame_type=WindowUpdate payload_bytes=4
2026-09-26T01:40:29.850290Z DEBUG netbaiot_transports::business_rpc::v3: business RPC V3 selected frame stream_id=0 frame_type=WindowUpdate payload_bytes=4
2026-09-26T01:40:29.850295Z DEBUG netbaiot_transports::business_rpc::v3: business RPC V3 writer completed frame stream_id=0 frame_type=WindowUpdate payload_bytes=4
2026-09-26T01:40:29.850297Z DEBUG netbaiot_transports::business_rpc::v3: business RPC V3 selected frame stream_id=0 frame_type=WindowUpdate payload_bytes=4
2026-09-26T01:40:29.850301Z DEBUG netbaiot_transports::business_rpc::v3: business RPC V3 writer completed frame stream_id=0 frame_type=WindowUpdate payload_bytes=4
2026-09-26T01:40:29.850304Z DEBUG netbaiot_transports::business_rpc::v3: business RPC V3 selected frame stream_id=0 frame_type=WindowUpdate payload_bytes=4
2026-09-26T01:40:29.850327Z DEBUG netbaiot_transports::business_rpc::v3: business RPC V3 writer completed frame stream_id=0 frame_type=WindowUpdate payload_bytes=4
2026-09-26T01:40:29.850356Z DEBUG netbaiot_transports::business_rpc::v3: business RPC V3 selected frame stream_id=0 frame_type=WindowUpdate payload_bytes=4
2026-09-26T01:40:29.850380Z DEBUG netbaiot_transports::business_rpc::v3: business RPC V3 writer completed frame stream_id=0 frame_type=WindowUpdate payload_bytes=4
2026-09-26T01:40:29.850286Z DEBUG netbaiot_transports::business_rpc::v3: business RPC V3 received frame stream_id=406 frame_type=Data payload_bytes=216
2026-09-26T01:40:29.850427Z DEBUG netbaiot_transports::business_rpc::v3: business RPC V3 selected frame stream_id=0 frame_type=WindowUpdate payload_bytes=4
2026-09-26T01:40:29.850432Z DEBUG netbaiot_transports::business_rpc::v3: business RPC V3 writer completed frame stream_id=0 frame_type=WindowUpdate payload_bytes=4
2026-09-26T01:40:29.850798Z DEBUG netbaiot_transports::business_rpc::v3: business RPC V3 body entered scheduler stream_id=420 class=Rpc body_bytes=198
2026-09-26T01:40:29.850802Z DEBUG netbaiot_transports::business_rpc::v3: business RPC V3 selected frame stream_id=420 frame_type=Open payload_bytes=158
2026-09-26T01:40:29.850808Z DEBUG netbaiot_transports::business_rpc::v3: business RPC V3 writer completed frame stream_id=420 frame_type=Open payload_bytes=158
2026-09-26T01:40:29.850811Z DEBUG netbaiot_transports::business_rpc::v3: business RPC V3 selected frame stream_id=420 frame_type=Data payload_bytes=198
2026-09-26T01:40:29.850815Z DEBUG netbaiot_transports::business_rpc::v3: business RPC V3 writer completed frame stream_id=420 frame_type=Data payload_bytes=198
2026-09-26T01:40:29.850887Z DEBUG netbaiot_transports::business_rpc::v3: business RPC V3 body entered scheduler stream_id=422 class=Rpc body_bytes=198
2026-09-26T01:40:29.850892Z DEBUG netbaiot_transports::business_rpc::v3: business RPC V3 selected frame stream_id=422 frame_type=Open payload_bytes=158
2026-09-26T01:40:29.850896Z DEBUG netbaiot_transports::business_rpc::v3: business RPC V3 writer completed frame stream_id=422 frame_type=Open payload_bytes=158
2026-09-26T01:40:29.850899Z DEBUG netbaiot_transports::business_rpc::v3: business RPC V3 selected frame stream_id=422 frame_type=Data payload_bytes=198
2026-09-26T01:40:29.850902Z DEBUG netbaiot_transports::business_rpc::v3: business RPC V3 writer completed frame stream_id=422 frame_type=Data payload_bytes=198
2026-09-26T01:40:29.850908Z DEBUG netbaiot_transports::business_rpc::v3: business RPC V3 body entered scheduler stream_id=424 class=Rpc body_bytes=198
2026-09-26T01:40:29.850912Z DEBUG netbaiot_transports::business_rpc::v3: business RPC V3 selected frame stream_id=424 frame_type=Open payload_bytes=158
2026-09-26T01:40:29.850916Z DEBUG netbaiot_transports::business_rpc::v3: business RPC V3 writer completed frame stream_id=424 frame_type=Open payload_bytes=158
2026-09-26T01:40:29.850918Z DEBUG netbaiot_transports::business_rpc::v3: business RPC V3 selected frame stream_id=424 frame_type=Data payload_bytes=198
2026-09-26T01:40:29.850922Z DEBUG netbaiot_transports::business_rpc::v3: business RPC V3 writer completed frame stream_id=424 frame_type=Data payload_bytes=198
2026-09-26T01:40:29.850956Z DEBUG netbaiot_transports::business_rpc::v3: business RPC V3 body entered scheduler stream_id=426 class=Rpc body_bytes=198
2026-09-26T01:40:29.850983Z DEBUG netbaiot_transports::business_rpc::v3: business RPC V3 selected frame stream_id=426 frame_type=Open payload_bytes=158
2026-09-26T01:40:29.851010Z DEBUG netbaiot_transports::business_rpc::v3: business RPC V3 writer completed frame stream_id=426 frame_type=Open payload_bytes=158
2026-09-26T01:40:29.851015Z DEBUG netbaiot_transports::business_rpc::v3: business RPC V3 body entered scheduler stream_id=428 class=Rpc body_bytes=198
2026-09-26T01:40:29.851018Z DEBUG netbaiot_transports::business_rpc::v3: business RPC V3 body entered scheduler stream_id=430 class=Rpc body_bytes=198
2026-09-26T01:40:29.851020Z DEBUG netbaiot_transports::business_rpc::v3: business RPC V3 selected frame stream_id=428 frame_type=Open payload_bytes=158
2026-09-26T01:40:29.851023Z DEBUG netbaiot_transports::business_rpc::v3: business RPC V3 writer completed frame stream_id=428 frame_type=Open payload_bytes=158
2026-09-26T01:40:29.851025Z DEBUG netbaiot_transports::business_rpc::v3: business RPC V3 selected frame stream_id=430 frame_type=Open payload_bytes=158
2026-09-26T01:40:29.851027Z DEBUG netbaiot_transports::business_rpc::v3: business RPC V3 writer completed frame stream_id=430 frame_type=Open payload_bytes=158
2026-09-26T01:40:29.851030Z DEBUG netbaiot_transports::business_rpc::v3: business RPC V3 selected frame stream_id=426 frame_type=Data payload_bytes=198
2026-09-26T01:40:29.851032Z DEBUG netbaiot_transports::business_rpc::v3: business RPC V3 writer completed frame stream_id=426 frame_type=Data payload_bytes=198
2026-09-26T01:40:29.851035Z DEBUG netbaiot_transports::business_rpc::v3: business RPC V3 selected frame stream_id=428 frame_type=Data payload_bytes=198
2026-09-26T01:40:29.851038Z DEBUG netbaiot_transports::business_rpc::v3: business RPC V3 writer completed frame stream_id=428 frame_type=Data payload_bytes=198
2026-09-26T01:40:29.851040Z DEBUG netbaiot_transports::business_rpc::v3: business RPC V3 selected frame stream_id=430 frame_type=Data payload_bytes=198
2026-09-26T01:40:29.851047Z DEBUG netbaiot_transports::business_rpc::v3: business RPC V3 writer completed frame stream_id=430 frame_type=Data payload_bytes=198
2026-09-26T01:40:29.876566Z DEBUG netbaiot_transports::business_rpc::v3: business RPC V3 received frame stream_id=0 frame_type=WindowUpdate payload_bytes=4
2026-09-26T01:40:29.876573Z DEBUG netbaiot_transports::business_rpc::v3: business RPC V3 received frame stream_id=416 frame_type=Response payload_bytes=35
2026-09-26T01:40:29.876579Z DEBUG netbaiot_transports::business_rpc::v3: business RPC V3 received frame stream_id=416 frame_type=Data payload_bytes=216
2026-09-26T01:40:29.876598Z DEBUG netbaiot_transports::business_rpc::v3: business RPC V3 selected frame stream_id=0 frame_type=WindowUpdate payload_bytes=4
2026-09-26T01:40:29.876607Z DEBUG netbaiot_transports::business_rpc::v3: business RPC V3 writer completed frame stream_id=0 frame_type=WindowUpdate payload_bytes=4
2026-09-26T01:40:29.876909Z DEBUG netbaiot_transports::business_rpc::v3: business RPC V3 body entered scheduler stream_id=432 class=Rpc body_bytes=198
2026-09-26T01:40:29.876913Z DEBUG netbaiot_transports::business_rpc::v3: business RPC V3 selected frame stream_id=432 frame_type=Open payload_bytes=158
2026-09-26T01:40:29.876919Z DEBUG netbaiot_transports::business_rpc::v3: business RPC V3 writer completed frame stream_id=432 frame_type=Open payload_bytes=158
2026-09-26T01:40:29.876922Z DEBUG netbaiot_transports::business_rpc::v3: business RPC V3 selected frame stream_id=432 frame_type=Data payload_bytes=198
2026-09-26T01:40:29.876925Z DEBUG netbaiot_transports::business_rpc::v3: business RPC V3 writer completed frame stream_id=432 frame_type=Data payload_bytes=198
2026-09-26T01:40:29.973136Z DEBUG netbaiot_transports::business_rpc::v3: business RPC V3 received frame stream_id=0 frame_type=WindowUpdate payload_bytes=4
2026-09-26T01:40:29.973167Z DEBUG netbaiot_transports::business_rpc::v3: business RPC V3 received frame stream_id=0 frame_type=WindowUpdate payload_bytes=4
2026-09-26T01:40:29.973175Z DEBUG netbaiot_transports::business_rpc::v3: business RPC V3 received frame stream_id=0 frame_type=WindowUpdate payload_bytes=4
2026-09-26T01:40:29.973180Z DEBUG netbaiot_transports::business_rpc::v3: business RPC V3 received frame stream_id=0 frame_type=WindowUpdate payload_bytes=4
2026-09-26T01:40:29.973186Z DEBUG netbaiot_transports::business_rpc::v3: business RPC V3 received frame stream_id=0 frame_type=WindowUpdate payload_bytes=4
2026-09-26T01:40:29.973192Z DEBUG netbaiot_transports::business_rpc::v3: business RPC V3 received frame stream_id=0 frame_type=WindowUpdate payload_bytes=4
2026-09-26T01:40:29.973197Z DEBUG netbaiot_transports::business_rpc::v3: business RPC V3 received frame stream_id=0 frame_type=WindowUpdate payload_bytes=4
2026-09-26T01:40:29.973202Z DEBUG netbaiot_transports::business_rpc::v3: business RPC V3 received frame stream_id=430 frame_type=Response payload_bytes=35
2026-09-26T01:40:29.973213Z DEBUG netbaiot_transports::business_rpc::v3: business RPC V3 received frame stream_id=422 frame_type=Response payload_bytes=35
2026-09-26T01:40:29.973219Z DEBUG netbaiot_transports::business_rpc::v3: business RPC V3 received frame stream_id=430 frame_type=Data payload_bytes=216
2026-09-26T01:40:29.973250Z DEBUG netbaiot_transports::business_rpc::v3: business RPC V3 received frame stream_id=426 frame_type=Response payload_bytes=35
2026-09-26T01:40:29.973257Z DEBUG netbaiot_transports::business_rpc::v3: business RPC V3 received frame stream_id=418 frame_type=Response payload_bytes=35
2026-09-26T01:40:29.973260Z DEBUG netbaiot_transports::business_rpc::v3: business RPC V3 selected frame stream_id=0 frame_type=WindowUpdate payload_bytes=4
2026-09-26T01:40:29.973263Z DEBUG netbaiot_transports::business_rpc::v3: business RPC V3 received frame stream_id=424 frame_type=Response payload_bytes=35
2026-09-26T01:40:29.973282Z DEBUG netbaiot_transports::business_rpc::v3: business RPC V3 received frame stream_id=420 frame_type=Response payload_bytes=35
2026-09-26T01:40:29.973288Z DEBUG netbaiot_transports::business_rpc::v3: business RPC V3 received frame stream_id=422 frame_type=Data payload_bytes=216
2026-09-26T01:40:29.973290Z DEBUG netbaiot_transports::business_rpc::v3: business RPC V3 writer completed frame stream_id=0 frame_type=WindowUpdate payload_bytes=4
2026-09-26T01:40:29.973306Z DEBUG netbaiot_transports::business_rpc::v3: business RPC V3 selected frame stream_id=0 frame_type=WindowUpdate payload_bytes=4
2026-09-26T01:40:29.973318Z DEBUG netbaiot_transports::business_rpc::v3: business RPC V3 writer completed frame stream_id=0 frame_type=WindowUpdate payload_bytes=4
2026-09-26T01:40:29.973307Z DEBUG netbaiot_transports::business_rpc::v3: business RPC V3 received frame stream_id=426 frame_type=Data payload_bytes=216
2026-09-26T01:40:29.973350Z DEBUG netbaiot_transports::business_rpc::v3: business RPC V3 received frame stream_id=418 frame_type=Data payload_bytes=216
2026-09-26T01:40:29.973360Z DEBUG netbaiot_transports::business_rpc::v3: business RPC V3 selected frame stream_id=0 frame_type=WindowUpdate payload_bytes=4
2026-09-26T01:40:29.973380Z DEBUG netbaiot_transports::business_rpc::v3: business RPC V3 writer completed frame stream_id=0 frame_type=WindowUpdate payload_bytes=4
2026-09-26T01:40:29.973386Z DEBUG netbaiot_transports::business_rpc::v3: business RPC V3 selected frame stream_id=0 frame_type=WindowUpdate payload_bytes=4
2026-09-26T01:40:29.973363Z DEBUG netbaiot_transports::business_rpc::v3: business RPC V3 received frame stream_id=424 frame_type=Data payload_bytes=216
2026-09-26T01:40:29.973419Z DEBUG netbaiot_transports::business_rpc::v3: business RPC V3 received frame stream_id=420 frame_type=Data payload_bytes=216
2026-09-26T01:40:29.973435Z DEBUG netbaiot_transports::business_rpc::v3: business RPC V3 received frame stream_id=428 frame_type=Response payload_bytes=35
2026-09-26T01:40:29.973443Z DEBUG netbaiot_transports::business_rpc::v3: business RPC V3 received frame stream_id=428 frame_type=Data payload_bytes=216
2026-09-26T01:40:29.973394Z DEBUG netbaiot_transports::business_rpc::v3: business RPC V3 writer completed frame stream_id=0 frame_type=WindowUpdate payload_bytes=4
2026-09-26T01:40:29.973475Z DEBUG netbaiot_transports::business_rpc::v3: business RPC V3 selected frame stream_id=0 frame_type=WindowUpdate payload_bytes=4
2026-09-26T01:40:29.973483Z DEBUG netbaiot_transports::business_rpc::v3: business RPC V3 writer completed frame stream_id=0 frame_type=WindowUpdate payload_bytes=4
2026-09-26T01:40:29.973488Z DEBUG netbaiot_transports::business_rpc::v3: business RPC V3 selected frame stream_id=0 frame_type=WindowUpdate payload_bytes=4
2026-09-26T01:40:29.973497Z DEBUG netbaiot_transports::business_rpc::v3: business RPC V3 writer completed frame stream_id=0 frame_type=WindowUpdate payload_bytes=4
2026-09-26T01:40:29.973502Z DEBUG netbaiot_transports::business_rpc::v3: business RPC V3 selected frame stream_id=0 frame_type=WindowUpdate payload_bytes=4
2026-09-26T01:40:29.973508Z DEBUG netbaiot_transports::business_rpc::v3: business RPC V3 writer completed frame stream_id=0 frame_type=WindowUpdate payload_bytes=4
2026-09-26T01:40:29.973953Z DEBUG netbaiot_transports::business_rpc::v3: business RPC V3 body entered scheduler stream_id=434 class=Rpc body_bytes=198
2026-09-26T01:40:29.973989Z DEBUG netbaiot_transports::business_rpc::v3: business RPC V3 selected frame stream_id=434 frame_type=Open payload_bytes=158
2026-09-26T01:40:29.974007Z DEBUG netbaiot_transports::business_rpc::v3: business RPC V3 writer completed frame stream_id=434 frame_type=Open payload_bytes=158
2026-09-26T01:40:29.974016Z DEBUG netbaiot_transports::business_rpc::v3: business RPC V3 body entered scheduler stream_id=436 class=Rpc body_bytes=198
2026-09-26T01:40:29.974022Z DEBUG netbaiot_transports::business_rpc::v3: business RPC V3 selected frame stream_id=436 frame_type=Open payload_bytes=158
2026-09-26T01:40:29.974030Z DEBUG netbaiot_transports::business_rpc::v3: business RPC V3 writer completed frame stream_id=436 frame_type=Open payload_bytes=158
2026-09-26T01:40:29.974036Z DEBUG netbaiot_transports::business_rpc::v3: business RPC V3 selected frame stream_id=434 frame_type=Data payload_bytes=198
2026-09-26T01:40:29.974043Z DEBUG netbaiot_transports::business_rpc::v3: business RPC V3 writer completed frame stream_id=434 frame_type=Data payload_bytes=198
2026-09-26T01:40:29.974050Z DEBUG netbaiot_transports::business_rpc::v3: business RPC V3 selected frame stream_id=436 frame_type=Data payload_bytes=198
2026-09-26T01:40:29.974058Z DEBUG netbaiot_transports::business_rpc::v3: business RPC V3 writer completed frame stream_id=436 frame_type=Data payload_bytes=198
2026-09-26T01:40:29.999865Z DEBUG netbaiot_transports::business_rpc::v3: business RPC V3 received frame stream_id=0 frame_type=WindowUpdate payload_bytes=4
2026-09-26T01:40:29.999903Z DEBUG netbaiot_transports::business_rpc::v3: business RPC V3 received frame stream_id=432 frame_type=Response payload_bytes=35
2026-09-26T01:40:29.999914Z DEBUG netbaiot_transports::business_rpc::v3: business RPC V3 received frame stream_id=432 frame_type=Data payload_bytes=216
2026-09-26T01:40:29.999954Z DEBUG netbaiot_transports::business_rpc::v3: business RPC V3 selected frame stream_id=0 frame_type=WindowUpdate payload_bytes=4
2026-09-26T01:40:29.999982Z DEBUG netbaiot_transports::business_rpc::v3: business RPC V3 writer completed frame stream_id=0 frame_type=WindowUpdate payload_bytes=4
2026-09-26T01:40:30.045603Z DEBUG netbaiot_transports::business_rpc::v3: business RPC V3 body entered scheduler stream_id=438 class=Event body_bytes=17366
2026-09-26T01:40:30.045640Z DEBUG netbaiot_transports::business_rpc::v3: business RPC V3 selected frame stream_id=438 frame_type=Open payload_bytes=184
2026-09-26T01:40:30.045665Z DEBUG netbaiot_transports::business_rpc::v3: business RPC V3 writer completed frame stream_id=438 frame_type=Open payload_bytes=184
2026-09-26T01:40:30.045675Z DEBUG netbaiot_transports::business_rpc::v3: business RPC V3 selected frame stream_id=438 frame_type=Data payload_bytes=8192
2026-09-26T01:40:30.045686Z DEBUG netbaiot_transports::business_rpc::v3: business RPC V3 writer completed frame stream_id=438 frame_type=Data payload_bytes=8192
2026-09-26T01:40:30.045692Z DEBUG netbaiot_transports::business_rpc::v3: business RPC V3 selected frame stream_id=438 frame_type=Data payload_bytes=8192
2026-09-26T01:40:30.045705Z DEBUG netbaiot_transports::business_rpc::v3: business RPC V3 writer completed frame stream_id=438 frame_type=Data payload_bytes=8192
2026-09-26T01:40:30.045712Z DEBUG netbaiot_transports::business_rpc::v3: business RPC V3 selected frame stream_id=438 frame_type=Data payload_bytes=982
2026-09-26T01:40:30.045721Z DEBUG netbaiot_transports::business_rpc::v3: business RPC V3 writer completed frame stream_id=438 frame_type=Data payload_bytes=982
2026-09-26T01:40:30.084263Z DEBUG netbaiot_transports::business_rpc::v3: business RPC V3 received frame stream_id=0 frame_type=WindowUpdate payload_bytes=4
2026-09-26T01:40:30.084295Z DEBUG netbaiot_transports::business_rpc::v3: business RPC V3 received frame stream_id=0 frame_type=WindowUpdate payload_bytes=4
2026-09-26T01:40:30.084303Z DEBUG netbaiot_transports::business_rpc::v3: business RPC V3 received frame stream_id=436 frame_type=Response payload_bytes=35
2026-09-26T01:40:30.084312Z DEBUG netbaiot_transports::business_rpc::v3: business RPC V3 received frame stream_id=434 frame_type=Response payload_bytes=35
2026-09-26T01:40:30.084319Z DEBUG netbaiot_transports::business_rpc::v3: business RPC V3 received frame stream_id=436 frame_type=Data payload_bytes=216
2026-09-26T01:40:30.084350Z DEBUG netbaiot_transports::business_rpc::v3: business RPC V3 received frame stream_id=434 frame_type=Data payload_bytes=216
2026-09-26T01:40:30.084366Z DEBUG netbaiot_transports::business_rpc::v3: business RPC V3 selected frame stream_id=0 frame_type=WindowUpdate payload_bytes=4
2026-09-26T01:40:30.084402Z DEBUG netbaiot_transports::business_rpc::v3: business RPC V3 writer completed frame stream_id=0 frame_type=WindowUpdate payload_bytes=4
2026-09-26T01:40:30.084413Z DEBUG netbaiot_transports::business_rpc::v3: business RPC V3 selected frame stream_id=0 frame_type=WindowUpdate payload_bytes=4
2026-09-26T01:40:30.084424Z DEBUG netbaiot_transports::business_rpc::v3: business RPC V3 writer completed frame stream_id=0 frame_type=WindowUpdate payload_bytes=4
2026-09-26T01:40:30.199861Z DEBUG netbaiot_transports::business_rpc::v3: business RPC V3 received frame stream_id=0 frame_type=WindowUpdate payload_bytes=4
2026-09-26T01:40:30.199904Z DEBUG netbaiot_transports::business_rpc::v3: business RPC V3 received frame stream_id=438 frame_type=WindowUpdate payload_bytes=4
2026-09-26T01:40:30.227259Z DEBUG netbaiot_transports::business_rpc::v3: business RPC V3 received frame stream_id=0 frame_type=WindowUpdate payload_bytes=4
2026-09-26T01:40:30.227307Z DEBUG netbaiot_transports::business_rpc::v3: business RPC V3 received frame stream_id=438 frame_type=WindowUpdate payload_bytes=4
2026-09-26T01:40:30.227319Z DEBUG netbaiot_transports::business_rpc::v3: business RPC V3 received frame stream_id=0 frame_type=WindowUpdate payload_bytes=4
2026-09-26T01:40:30.227326Z DEBUG netbaiot_transports::business_rpc::v3: business RPC V3 received frame stream_id=438 frame_type=Response payload_bytes=35
2026-09-26T01:40:30.227336Z DEBUG netbaiot_transports::business_rpc::v3: business RPC V3 received frame stream_id=438 frame_type=Data payload_bytes=118
2026-09-26T01:40:30.227348Z DEBUG netbaiot_transports::business_rpc::v3: business RPC V3 Event delivery acknowledged stream_id=438 completion_us=181754
2026-09-26T01:40:30.227374Z DEBUG netbaiot_transports::business_rpc::v3: business RPC V3 selected frame stream_id=0 frame_type=WindowUpdate payload_bytes=4
2026-09-26T01:40:30.227410Z DEBUG netbaiot_transports::business_rpc::v3: business RPC V3 writer completed frame stream_id=0 frame_type=WindowUpdate payload_bytes=4
2026-09-26T01:40:30.280908Z DEBUG netbaiot_transports::business_rpc::v3: business RPC V3 body entered scheduler stream_id=440 class=Rpc body_bytes=198
2026-09-26T01:40:30.280943Z DEBUG netbaiot_transports::business_rpc::v3: business RPC V3 selected frame stream_id=440 frame_type=Open payload_bytes=158
2026-09-26T01:40:30.280978Z DEBUG netbaiot_transports::business_rpc::v3: business RPC V3 writer completed frame stream_id=440 frame_type=Open payload_bytes=158
2026-09-26T01:40:30.281004Z DEBUG netbaiot_transports::business_rpc::v3: business RPC V3 selected frame stream_id=440 frame_type=Data payload_bytes=198
2026-09-26T01:40:30.281029Z DEBUG netbaiot_transports::business_rpc::v3: business RPC V3 writer completed frame stream_id=440 frame_type=Data payload_bytes=198
2026-09-26T01:40:30.292536Z DEBUG netbaiot_transports::business_rpc::v3: business RPC V3 body entered scheduler stream_id=442 class=Rpc body_bytes=198
2026-09-26T01:40:30.292573Z DEBUG netbaiot_transports::business_rpc::v3: business RPC V3 selected frame stream_id=442 frame_type=Open payload_bytes=158
2026-09-26T01:40:30.292608Z DEBUG netbaiot_transports::business_rpc::v3: business RPC V3 writer completed frame stream_id=442 frame_type=Open payload_bytes=158
2026-09-26T01:40:30.292619Z DEBUG netbaiot_transports::business_rpc::v3: business RPC V3 selected frame stream_id=442 frame_type=Data payload_bytes=198
2026-09-26T01:40:30.292629Z DEBUG netbaiot_transports::business_rpc::v3: business RPC V3 writer completed frame stream_id=442 frame_type=Data payload_bytes=198
2026-09-26T01:40:30.373942Z DEBUG netbaiot_transports::business_rpc::v3: business RPC V3 body entered scheduler stream_id=444 class=Rpc body_bytes=198
2026-09-26T01:40:30.373972Z DEBUG netbaiot_transports::business_rpc::v3: business RPC V3 body entered scheduler stream_id=446 class=Rpc body_bytes=198
2026-09-26T01:40:30.373980Z DEBUG netbaiot_transports::business_rpc::v3: business RPC V3 selected frame stream_id=444 frame_type=Open payload_bytes=158
2026-09-26T01:40:30.373999Z DEBUG netbaiot_transports::business_rpc::v3: business RPC V3 writer completed frame stream_id=444 frame_type=Open payload_bytes=158
2026-09-26T01:40:30.374007Z DEBUG netbaiot_transports::business_rpc::v3: business RPC V3 selected frame stream_id=446 frame_type=Open payload_bytes=158
2026-09-26T01:40:30.374016Z DEBUG netbaiot_transports::business_rpc::v3: business RPC V3 writer completed frame stream_id=446 frame_type=Open payload_bytes=158
2026-09-26T01:40:30.374022Z DEBUG netbaiot_transports::business_rpc::v3: business RPC V3 selected frame stream_id=444 frame_type=Data payload_bytes=198
2026-09-26T01:40:30.374030Z DEBUG netbaiot_transports::business_rpc::v3: business RPC V3 writer completed frame stream_id=444 frame_type=Data payload_bytes=198
2026-09-26T01:40:30.374036Z DEBUG netbaiot_transports::business_rpc::v3: business RPC V3 selected frame stream_id=446 frame_type=Data payload_bytes=198
2026-09-26T01:40:30.374043Z DEBUG netbaiot_transports::business_rpc::v3: business RPC V3 writer completed frame stream_id=446 frame_type=Data payload_bytes=198
2026-09-26T01:40:30.391164Z DEBUG netbaiot_transports::business_rpc::v3: business RPC V3 body entered scheduler stream_id=448 class=Rpc body_bytes=198
2026-09-26T01:40:30.391180Z DEBUG netbaiot_transports::business_rpc::v3: business RPC V3 selected frame stream_id=448 frame_type=Open payload_bytes=158
2026-09-26T01:40:30.391198Z DEBUG netbaiot_transports::business_rpc::v3: business RPC V3 writer completed frame stream_id=448 frame_type=Open payload_bytes=158
2026-09-26T01:40:30.391202Z DEBUG netbaiot_transports::business_rpc::v3: business RPC V3 selected frame stream_id=448 frame_type=Data payload_bytes=198
2026-09-26T01:40:30.391207Z DEBUG netbaiot_transports::business_rpc::v3: business RPC V3 writer completed frame stream_id=448 frame_type=Data payload_bytes=198
2026-09-26T01:40:30.391428Z DEBUG netbaiot_transports::business_rpc::v3: business RPC V3 received frame stream_id=0 frame_type=WindowUpdate payload_bytes=4
2026-09-26T01:40:30.391434Z DEBUG netbaiot_transports::business_rpc::v3: business RPC V3 received frame stream_id=0 frame_type=WindowUpdate payload_bytes=4
2026-09-26T01:40:30.391437Z DEBUG netbaiot_transports::business_rpc::v3: business RPC V3 received frame stream_id=442 frame_type=Response payload_bytes=35
2026-09-26T01:40:30.391442Z DEBUG netbaiot_transports::business_rpc::v3: business RPC V3 received frame stream_id=440 frame_type=Response payload_bytes=35
2026-09-26T01:40:30.391445Z DEBUG netbaiot_transports::business_rpc::v3: business RPC V3 received frame stream_id=442 frame_type=Data payload_bytes=216
2026-09-26T01:40:30.391464Z DEBUG netbaiot_transports::business_rpc::v3: business RPC V3 received frame stream_id=440 frame_type=Data payload_bytes=216
2026-09-26T01:40:30.391502Z DEBUG netbaiot_transports::business_rpc::v3: business RPC V3 selected frame stream_id=0 frame_type=WindowUpdate payload_bytes=4
2026-09-26T01:40:30.391508Z DEBUG netbaiot_transports::business_rpc::v3: business RPC V3 writer completed frame stream_id=0 frame_type=WindowUpdate payload_bytes=4
2026-09-26T01:40:30.391511Z DEBUG netbaiot_transports::business_rpc::v3: business RPC V3 selected frame stream_id=0 frame_type=WindowUpdate payload_bytes=4
2026-09-26T01:40:30.391515Z DEBUG netbaiot_transports::business_rpc::v3: business RPC V3 writer completed frame stream_id=0 frame_type=WindowUpdate payload_bytes=4
2026-09-26T01:40:30.392542Z DEBUG netbaiot_transports::business_rpc::v3: business RPC V3 body entered scheduler stream_id=450 class=Rpc body_bytes=198
2026-09-26T01:40:30.392569Z DEBUG netbaiot_transports::business_rpc::v3: business RPC V3 selected frame stream_id=450 frame_type=Open payload_bytes=158
2026-09-26T01:40:30.392591Z DEBUG netbaiot_transports::business_rpc::v3: business RPC V3 writer completed frame stream_id=450 frame_type=Open payload_bytes=158
2026-09-26T01:40:30.392601Z DEBUG netbaiot_transports::business_rpc::v3: business RPC V3 selected frame stream_id=450 frame_type=Data payload_bytes=198
2026-09-26T01:40:30.392628Z DEBUG netbaiot_transports::business_rpc::v3: business RPC V3 writer completed frame stream_id=450 frame_type=Data payload_bytes=198
2026-09-26T01:40:30.392654Z DEBUG netbaiot_transports::business_rpc::v3: business RPC V3 body entered scheduler stream_id=452 class=Rpc body_bytes=198
2026-09-26T01:40:30.392664Z DEBUG netbaiot_transports::business_rpc::v3: business RPC V3 selected frame stream_id=452 frame_type=Open payload_bytes=158
2026-09-26T01:40:30.392674Z DEBUG netbaiot_transports::business_rpc::v3: business RPC V3 writer completed frame stream_id=452 frame_type=Open payload_bytes=158
2026-09-26T01:40:30.392678Z DEBUG netbaiot_transports::business_rpc::v3: business RPC V3 selected frame stream_id=452 frame_type=Data payload_bytes=198
2026-09-26T01:40:30.392683Z DEBUG netbaiot_transports::business_rpc::v3: business RPC V3 writer completed frame stream_id=452 frame_type=Data payload_bytes=198
2026-09-26T01:40:30.416877Z DEBUG netbaiot_transports::business_rpc::v3: business RPC V3 body entered scheduler stream_id=454 class=Rpc body_bytes=198
2026-09-26T01:40:30.416912Z DEBUG netbaiot_transports::business_rpc::v3: business RPC V3 selected frame stream_id=454 frame_type=Open payload_bytes=158
2026-09-26T01:40:30.416948Z DEBUG netbaiot_transports::business_rpc::v3: business RPC V3 writer completed frame stream_id=454 frame_type=Open payload_bytes=158
2026-09-26T01:40:30.417157Z DEBUG netbaiot_transports::business_rpc::v3: business RPC V3 selected frame stream_id=454 frame_type=Data payload_bytes=198
2026-09-26T01:40:30.417185Z DEBUG netbaiot_transports::business_rpc::v3: business RPC V3 writer completed frame stream_id=454 frame_type=Data payload_bytes=198
2026-09-26T01:40:30.420430Z DEBUG netbaiot_transports::business_rpc::v3: business RPC V3 body entered scheduler stream_id=456 class=Rpc body_bytes=198
2026-09-26T01:40:30.420472Z DEBUG netbaiot_transports::business_rpc::v3: business RPC V3 selected frame stream_id=456 frame_type=Open payload_bytes=158
2026-09-26T01:40:30.420495Z DEBUG netbaiot_transports::business_rpc::v3: business RPC V3 writer completed frame stream_id=456 frame_type=Open payload_bytes=158
2026-09-26T01:40:30.420504Z DEBUG netbaiot_transports::business_rpc::v3: business RPC V3 selected frame stream_id=456 frame_type=Data payload_bytes=198
2026-09-26T01:40:30.420512Z DEBUG netbaiot_transports::business_rpc::v3: business RPC V3 writer completed frame stream_id=456 frame_type=Data payload_bytes=198
2026-09-26T01:40:30.438362Z DEBUG netbaiot_transports::business_rpc::v3: business RPC V3 body entered scheduler stream_id=458 class=Rpc body_bytes=198
2026-09-26T01:40:30.438402Z DEBUG netbaiot_transports::business_rpc::v3: business RPC V3 selected frame stream_id=458 frame_type=Open payload_bytes=158
2026-09-26T01:40:30.438433Z DEBUG netbaiot_transports::business_rpc::v3: business RPC V3 writer completed frame stream_id=458 frame_type=Open payload_bytes=158
2026-09-26T01:40:30.438444Z DEBUG netbaiot_transports::business_rpc::v3: business RPC V3 selected frame stream_id=458 frame_type=Data payload_bytes=198
2026-09-26T01:40:30.438452Z DEBUG netbaiot_transports::business_rpc::v3: business RPC V3 writer completed frame stream_id=458 frame_type=Data payload_bytes=198
2026-09-26T01:40:30.488835Z DEBUG netbaiot_transports::business_rpc::v3: business RPC V3 body entered scheduler stream_id=460 class=Rpc body_bytes=198
2026-09-26T01:40:30.488849Z DEBUG netbaiot_transports::business_rpc::v3: business RPC V3 selected frame stream_id=460 frame_type=Open payload_bytes=158
2026-09-26T01:40:30.488860Z DEBUG netbaiot_transports::business_rpc::v3: business RPC V3 writer completed frame stream_id=460 frame_type=Open payload_bytes=158
2026-09-26T01:40:30.488864Z DEBUG netbaiot_transports::business_rpc::v3: business RPC V3 selected frame stream_id=460 frame_type=Data payload_bytes=198
2026-09-26T01:40:30.488869Z DEBUG netbaiot_transports::business_rpc::v3: business RPC V3 writer completed frame stream_id=460 frame_type=Data payload_bytes=198
2026-09-26T01:40:30.493101Z DEBUG netbaiot_transports::business_rpc::v3: business RPC V3 received frame stream_id=0 frame_type=WindowUpdate payload_bytes=4
2026-09-26T01:40:30.493115Z DEBUG netbaiot_transports::business_rpc::v3: business RPC V3 received frame stream_id=0 frame_type=WindowUpdate payload_bytes=4
2026-09-26T01:40:30.493118Z DEBUG netbaiot_transports::business_rpc::v3: business RPC V3 received frame stream_id=0 frame_type=WindowUpdate payload_bytes=4
2026-09-26T01:40:30.493120Z DEBUG netbaiot_transports::business_rpc::v3: business RPC V3 received frame stream_id=0 frame_type=WindowUpdate payload_bytes=4
2026-09-26T01:40:30.493123Z DEBUG netbaiot_transports::business_rpc::v3: business RPC V3 received frame stream_id=0 frame_type=WindowUpdate payload_bytes=4
2026-09-26T01:40:30.493125Z DEBUG netbaiot_transports::business_rpc::v3: business RPC V3 received frame stream_id=452 frame_type=Response payload_bytes=35
2026-09-26T01:40:30.493130Z DEBUG netbaiot_transports::business_rpc::v3: business RPC V3 received frame stream_id=446 frame_type=Response payload_bytes=35
2026-09-26T01:40:30.493133Z DEBUG netbaiot_transports::business_rpc::v3: business RPC V3 received frame stream_id=444 frame_type=Response payload_bytes=35
2026-09-26T01:40:30.493135Z DEBUG netbaiot_transports::business_rpc::v3: business RPC V3 received frame stream_id=448 frame_type=Response payload_bytes=35
2026-09-26T01:40:30.493137Z DEBUG netbaiot_transports::business_rpc::v3: business RPC V3 received frame stream_id=452 frame_type=Data payload_bytes=216
2026-09-26T01:40:30.493156Z DEBUG netbaiot_transports::business_rpc::v3: business RPC V3 received frame stream_id=450 frame_type=Response payload_bytes=35
2026-09-26T01:40:30.493159Z DEBUG netbaiot_transports::business_rpc::v3: business RPC V3 received frame stream_id=446 frame_type=Data payload_bytes=216
2026-09-26T01:40:30.493165Z DEBUG netbaiot_transports::business_rpc::v3: business RPC V3 received frame stream_id=444 frame_type=Data payload_bytes=216
2026-09-26T01:40:30.493170Z DEBUG netbaiot_transports::business_rpc::v3: business RPC V3 received frame stream_id=448 frame_type=Data payload_bytes=216
2026-09-26T01:40:30.493168Z DEBUG netbaiot_transports::business_rpc::v3: business RPC V3 selected frame stream_id=0 frame_type=WindowUpdate payload_bytes=4
2026-09-26T01:40:30.493178Z DEBUG netbaiot_transports::business_rpc::v3: business RPC V3 received frame stream_id=450 frame_type=Data payload_bytes=216
2026-09-26T01:40:30.493217Z DEBUG netbaiot_transports::business_rpc::v3: business RPC V3 writer completed frame stream_id=0 frame_type=WindowUpdate payload_bytes=4
2026-09-26T01:40:30.493248Z DEBUG netbaiot_transports::business_rpc::v3: business RPC V3 selected frame stream_id=0 frame_type=WindowUpdate payload_bytes=4
2026-09-26T01:40:30.493263Z DEBUG netbaiot_transports::business_rpc::v3: business RPC V3 writer completed frame stream_id=0 frame_type=WindowUpdate payload_bytes=4
2026-09-26T01:40:30.493270Z DEBUG netbaiot_transports::business_rpc::v3: business RPC V3 selected frame stream_id=0 frame_type=WindowUpdate payload_bytes=4
2026-09-26T01:40:30.493279Z DEBUG netbaiot_transports::business_rpc::v3: business RPC V3 writer completed frame stream_id=0 frame_type=WindowUpdate payload_bytes=4
2026-09-26T01:40:30.493286Z DEBUG netbaiot_transports::business_rpc::v3: business RPC V3 selected frame stream_id=0 frame_type=WindowUpdate payload_bytes=4
2026-09-26T01:40:30.493294Z DEBUG netbaiot_transports::business_rpc::v3: business RPC V3 writer completed frame stream_id=0 frame_type=WindowUpdate payload_bytes=4
2026-09-26T01:40:30.493300Z DEBUG netbaiot_transports::business_rpc::v3: business RPC V3 selected frame stream_id=0 frame_type=WindowUpdate payload_bytes=4
2026-09-26T01:40:30.493310Z DEBUG netbaiot_transports::business_rpc::v3: business RPC V3 writer completed frame stream_id=0 frame_type=WindowUpdate payload_bytes=4
2026-09-26T01:40:30.493613Z DEBUG netbaiot_transports::business_rpc::v3: business RPC V3 body entered scheduler stream_id=462 class=Rpc body_bytes=198
2026-09-26T01:40:30.493618Z DEBUG netbaiot_transports::business_rpc::v3: business RPC V3 selected frame stream_id=462 frame_type=Open payload_bytes=158
2026-09-26T01:40:30.493625Z DEBUG netbaiot_transports::business_rpc::v3: business RPC V3 writer completed frame stream_id=462 frame_type=Open payload_bytes=158
2026-09-26T01:40:30.493628Z DEBUG netbaiot_transports::business_rpc::v3: business RPC V3 selected frame stream_id=462 frame_type=Data payload_bytes=198
2026-09-26T01:40:30.493631Z DEBUG netbaiot_transports::business_rpc::v3: business RPC V3 writer completed frame stream_id=462 frame_type=Data payload_bytes=198
2026-09-26T01:40:30.493718Z DEBUG netbaiot_transports::business_rpc::v3: business RPC V3 body entered scheduler stream_id=464 class=Rpc body_bytes=198
2026-09-26T01:40:30.493721Z DEBUG netbaiot_transports::business_rpc::v3: business RPC V3 selected frame stream_id=464 frame_type=Open payload_bytes=158
2026-09-26T01:40:30.493727Z DEBUG netbaiot_transports::business_rpc::v3: business RPC V3 writer completed frame stream_id=464 frame_type=Open payload_bytes=158
2026-09-26T01:40:30.493730Z DEBUG netbaiot_transports::business_rpc::v3: business RPC V3 selected frame stream_id=464 frame_type=Data payload_bytes=198
2026-09-26T01:40:30.493733Z DEBUG netbaiot_transports::business_rpc::v3: business RPC V3 writer completed frame stream_id=464 frame_type=Data payload_bytes=198
2026-09-26T01:40:30.493735Z DEBUG netbaiot_transports::business_rpc::v3: business RPC V3 body entered scheduler stream_id=466 class=Rpc body_bytes=198
2026-09-26T01:40:30.493737Z DEBUG netbaiot_transports::business_rpc::v3: business RPC V3 selected frame stream_id=466 frame_type=Open payload_bytes=158
2026-09-26T01:40:30.493740Z DEBUG netbaiot_transports::business_rpc::v3: business RPC V3 writer completed frame stream_id=466 frame_type=Open payload_bytes=158
2026-09-26T01:40:30.493742Z DEBUG netbaiot_transports::business_rpc::v3: business RPC V3 selected frame stream_id=466 frame_type=Data payload_bytes=198
2026-09-26T01:40:30.493744Z DEBUG netbaiot_transports::business_rpc::v3: business RPC V3 writer completed frame stream_id=466 frame_type=Data payload_bytes=198
2026-09-26T01:40:30.493775Z DEBUG netbaiot_transports::business_rpc::v3: business RPC V3 body entered scheduler stream_id=468 class=Rpc body_bytes=198
2026-09-26T01:40:30.493777Z DEBUG netbaiot_transports::business_rpc::v3: business RPC V3 selected frame stream_id=468 frame_type=Open payload_bytes=158
2026-09-26T01:40:30.493783Z DEBUG netbaiot_transports::business_rpc::v3: business RPC V3 writer completed frame stream_id=468 frame_type=Open payload_bytes=158
2026-09-26T01:40:30.493785Z DEBUG netbaiot_transports::business_rpc::v3: business RPC V3 selected frame stream_id=468 frame_type=Data payload_bytes=198
2026-09-26T01:40:30.493788Z DEBUG netbaiot_transports::business_rpc::v3: business RPC V3 writer completed frame stream_id=468 frame_type=Data payload_bytes=198
2026-09-26T01:40:30.493825Z DEBUG netbaiot_transports::business_rpc::v3: business RPC V3 body entered scheduler stream_id=470 class=Rpc body_bytes=198
2026-09-26T01:40:30.493858Z DEBUG netbaiot_transports::business_rpc::v3: business RPC V3 selected frame stream_id=470 frame_type=Open payload_bytes=158
2026-09-26T01:40:30.493867Z DEBUG netbaiot_transports::business_rpc::v3: business RPC V3 writer completed frame stream_id=470 frame_type=Open payload_bytes=158
2026-09-26T01:40:30.493869Z DEBUG netbaiot_transports::business_rpc::v3: business RPC V3 selected frame stream_id=470 frame_type=Data payload_bytes=198
2026-09-26T01:40:30.493872Z DEBUG netbaiot_transports::business_rpc::v3: business RPC V3 writer completed frame stream_id=470 frame_type=Data payload_bytes=198
2026-09-26T01:40:30.521850Z DEBUG netbaiot_transports::business_rpc::v3: business RPC V3 received frame stream_id=0 frame_type=WindowUpdate payload_bytes=4
2026-09-26T01:40:30.521864Z DEBUG netbaiot_transports::business_rpc::v3: business RPC V3 received frame stream_id=0 frame_type=WindowUpdate payload_bytes=4
2026-09-26T01:40:30.521868Z DEBUG netbaiot_transports::business_rpc::v3: business RPC V3 received frame stream_id=456 frame_type=Response payload_bytes=35
2026-09-26T01:40:30.521875Z DEBUG netbaiot_transports::business_rpc::v3: business RPC V3 received frame stream_id=454 frame_type=Response payload_bytes=35
2026-09-26T01:40:30.521879Z DEBUG netbaiot_transports::business_rpc::v3: business RPC V3 received frame stream_id=456 frame_type=Data payload_bytes=216
2026-09-26T01:40:30.521897Z DEBUG netbaiot_transports::business_rpc::v3: business RPC V3 received frame stream_id=454 frame_type=Data payload_bytes=216
2026-09-26T01:40:30.521904Z DEBUG netbaiot_transports::business_rpc::v3: business RPC V3 received frame stream_id=0 frame_type=WindowUpdate payload_bytes=4
2026-09-26T01:40:30.521908Z DEBUG netbaiot_transports::business_rpc::v3: business RPC V3 received frame stream_id=458 frame_type=Response payload_bytes=35
2026-09-26T01:40:30.521911Z DEBUG netbaiot_transports::business_rpc::v3: business RPC V3 received frame stream_id=458 frame_type=Data payload_bytes=216
2026-09-26T01:40:30.521916Z DEBUG netbaiot_transports::business_rpc::v3: business RPC V3 selected frame stream_id=0 frame_type=WindowUpdate payload_bytes=4
2026-09-26T01:40:30.521961Z DEBUG netbaiot_transports::business_rpc::v3: business RPC V3 writer completed frame stream_id=0 frame_type=WindowUpdate payload_bytes=4
2026-09-26T01:40:30.521973Z DEBUG netbaiot_transports::business_rpc::v3: business RPC V3 selected frame stream_id=0 frame_type=WindowUpdate payload_bytes=4
2026-09-26T01:40:30.521982Z DEBUG netbaiot_transports::business_rpc::v3: business RPC V3 writer completed frame stream_id=0 frame_type=WindowUpdate payload_bytes=4
2026-09-26T01:40:30.521988Z DEBUG netbaiot_transports::business_rpc::v3: business RPC V3 selected frame stream_id=0 frame_type=WindowUpdate payload_bytes=4
2026-09-26T01:40:30.522014Z DEBUG netbaiot_transports::business_rpc::v3: business RPC V3 writer completed frame stream_id=0 frame_type=WindowUpdate payload_bytes=4
2026-09-26T01:40:30.522411Z DEBUG netbaiot_transports::business_rpc::v3: business RPC V3 body entered scheduler stream_id=472 class=Rpc body_bytes=198
2026-09-26T01:40:30.522417Z DEBUG netbaiot_transports::business_rpc::v3: business RPC V3 selected frame stream_id=472 frame_type=Open payload_bytes=158
2026-09-26T01:40:30.522424Z DEBUG netbaiot_transports::business_rpc::v3: business RPC V3 writer completed frame stream_id=472 frame_type=Open payload_bytes=158
2026-09-26T01:40:30.522428Z DEBUG netbaiot_transports::business_rpc::v3: business RPC V3 body entered scheduler stream_id=474 class=Rpc body_bytes=198
2026-09-26T01:40:30.522431Z DEBUG netbaiot_transports::business_rpc::v3: business RPC V3 selected frame stream_id=472 frame_type=Data payload_bytes=198
2026-09-26T01:40:30.522435Z DEBUG netbaiot_transports::business_rpc::v3: business RPC V3 writer completed frame stream_id=472 frame_type=Data payload_bytes=198
2026-09-26T01:40:30.522438Z DEBUG netbaiot_transports::business_rpc::v3: business RPC V3 selected frame stream_id=474 frame_type=Open payload_bytes=158
2026-09-26T01:40:30.522442Z DEBUG netbaiot_transports::business_rpc::v3: business RPC V3 writer completed frame stream_id=474 frame_type=Open payload_bytes=158
2026-09-26T01:40:30.522445Z DEBUG netbaiot_transports::business_rpc::v3: business RPC V3 selected frame stream_id=474 frame_type=Data payload_bytes=198
2026-09-26T01:40:30.522449Z DEBUG netbaiot_transports::business_rpc::v3: business RPC V3 writer completed frame stream_id=474 frame_type=Data payload_bytes=198
2026-09-26T01:40:30.522497Z DEBUG netbaiot_transports::business_rpc::v3: business RPC V3 body entered scheduler stream_id=476 class=Rpc body_bytes=198
2026-09-26T01:40:30.522501Z DEBUG netbaiot_transports::business_rpc::v3: business RPC V3 selected frame stream_id=476 frame_type=Open payload_bytes=158
2026-09-26T01:40:30.522505Z DEBUG netbaiot_transports::business_rpc::v3: business RPC V3 writer completed frame stream_id=476 frame_type=Open payload_bytes=158
2026-09-26T01:40:30.522508Z DEBUG netbaiot_transports::business_rpc::v3: business RPC V3 selected frame stream_id=476 frame_type=Data payload_bytes=198
2026-09-26T01:40:30.522511Z DEBUG netbaiot_transports::business_rpc::v3: business RPC V3 writer completed frame stream_id=476 frame_type=Data payload_bytes=198
2026-09-26T01:40:30.541786Z DEBUG netbaiot_transports::business_rpc::v3: business RPC V3 body entered scheduler stream_id=478 class=Rpc body_bytes=198
2026-09-26T01:40:30.541800Z DEBUG netbaiot_transports::business_rpc::v3: business RPC V3 selected frame stream_id=478 frame_type=Open payload_bytes=158
2026-09-26T01:40:30.541811Z DEBUG netbaiot_transports::business_rpc::v3: business RPC V3 writer completed frame stream_id=478 frame_type=Open payload_bytes=158
2026-09-26T01:40:30.541815Z DEBUG netbaiot_transports::business_rpc::v3: business RPC V3 selected frame stream_id=478 frame_type=Data payload_bytes=198
2026-09-26T01:40:30.541819Z DEBUG netbaiot_transports::business_rpc::v3: business RPC V3 writer completed frame stream_id=478 frame_type=Data payload_bytes=198
2026-09-26T01:40:30.545491Z DEBUG netbaiot_transports::business_rpc::v3: business RPC V3 body entered scheduler stream_id=480 class=Event body_bytes=17366
2026-09-26T01:40:30.545509Z DEBUG netbaiot_transports::business_rpc::v3: business RPC V3 selected frame stream_id=480 frame_type=Open payload_bytes=184
2026-09-26T01:40:30.545519Z DEBUG netbaiot_transports::business_rpc::v3: business RPC V3 writer completed frame stream_id=480 frame_type=Open payload_bytes=184
2026-09-26T01:40:30.545523Z DEBUG netbaiot_transports::business_rpc::v3: business RPC V3 selected frame stream_id=480 frame_type=Data payload_bytes=8192
2026-09-26T01:40:30.545528Z DEBUG netbaiot_transports::business_rpc::v3: business RPC V3 writer completed frame stream_id=480 frame_type=Data payload_bytes=8192
2026-09-26T01:40:30.545530Z DEBUG netbaiot_transports::business_rpc::v3: business RPC V3 selected frame stream_id=480 frame_type=Data payload_bytes=8192
2026-09-26T01:40:30.545538Z DEBUG netbaiot_transports::business_rpc::v3: business RPC V3 writer completed frame stream_id=480 frame_type=Data payload_bytes=8192
2026-09-26T01:40:30.545540Z DEBUG netbaiot_transports::business_rpc::v3: business RPC V3 selected frame stream_id=480 frame_type=Data payload_bytes=982
2026-09-26T01:40:30.545544Z DEBUG netbaiot_transports::business_rpc::v3: business RPC V3 writer completed frame stream_id=480 frame_type=Data payload_bytes=982
2026-09-26T01:40:30.548489Z DEBUG netbaiot_transports::business_rpc::v3: business RPC V3 received frame stream_id=0 frame_type=WindowUpdate payload_bytes=4
2026-09-26T01:40:30.548513Z DEBUG netbaiot_transports::business_rpc::v3: business RPC V3 received frame stream_id=460 frame_type=Response payload_bytes=35
2026-09-26T01:40:30.548519Z DEBUG netbaiot_transports::business_rpc::v3: business RPC V3 received frame stream_id=460 frame_type=Data payload_bytes=216
2026-09-26T01:40:30.548546Z DEBUG netbaiot_transports::business_rpc::v3: business RPC V3 selected frame stream_id=0 frame_type=WindowUpdate payload_bytes=4
2026-09-26T01:40:30.548581Z DEBUG netbaiot_transports::business_rpc::v3: business RPC V3 writer completed frame stream_id=0 frame_type=WindowUpdate payload_bytes=4
2026-09-26T01:40:30.548867Z DEBUG netbaiot_transports::business_rpc::v3: business RPC V3 body entered scheduler stream_id=482 class=Rpc body_bytes=198
2026-09-26T01:40:30.548873Z DEBUG netbaiot_transports::business_rpc::v3: business RPC V3 selected frame stream_id=482 frame_type=Open payload_bytes=158
2026-09-26T01:40:30.548879Z DEBUG netbaiot_transports::business_rpc::v3: business RPC V3 writer completed frame stream_id=482 frame_type=Open payload_bytes=158
2026-09-26T01:40:30.548882Z DEBUG netbaiot_transports::business_rpc::v3: business RPC V3 selected frame stream_id=482 frame_type=Data payload_bytes=198
2026-09-26T01:40:30.548886Z DEBUG netbaiot_transports::business_rpc::v3: business RPC V3 writer completed frame stream_id=482 frame_type=Data payload_bytes=198
2026-09-26T01:40:30.611013Z DEBUG netbaiot_transports::business_rpc::v3: business RPC V3 received frame stream_id=0 frame_type=WindowUpdate payload_bytes=4
2026-09-26T01:40:30.611072Z DEBUG netbaiot_transports::business_rpc::v3: business RPC V3 received frame stream_id=0 frame_type=WindowUpdate payload_bytes=4
2026-09-26T01:40:30.611084Z DEBUG netbaiot_transports::business_rpc::v3: business RPC V3 received frame stream_id=0 frame_type=WindowUpdate payload_bytes=4
2026-09-26T01:40:30.611088Z DEBUG netbaiot_transports::business_rpc::v3: business RPC V3 received frame stream_id=0 frame_type=WindowUpdate payload_bytes=4
2026-09-26T01:40:30.611090Z DEBUG netbaiot_transports::business_rpc::v3: business RPC V3 received frame stream_id=0 frame_type=WindowUpdate payload_bytes=4
2026-09-26T01:40:30.611093Z DEBUG netbaiot_transports::business_rpc::v3: business RPC V3 received frame stream_id=470 frame_type=Response payload_bytes=35
2026-09-26T01:40:30.611099Z DEBUG netbaiot_transports::business_rpc::v3: business RPC V3 received frame stream_id=464 frame_type=Response payload_bytes=35
2026-09-26T01:40:30.611102Z DEBUG netbaiot_transports::business_rpc::v3: business RPC V3 received frame stream_id=466 frame_type=Response payload_bytes=35
2026-09-26T01:40:30.611104Z DEBUG netbaiot_transports::business_rpc::v3: business RPC V3 received frame stream_id=468 frame_type=Response payload_bytes=35
2026-09-26T01:40:30.611106Z DEBUG netbaiot_transports::business_rpc::v3: business RPC V3 received frame stream_id=470 frame_type=Data payload_bytes=216
2026-09-26T01:40:30.611144Z DEBUG netbaiot_transports::business_rpc::v3: business RPC V3 received frame stream_id=462 frame_type=Response payload_bytes=35
2026-09-26T01:40:30.611176Z DEBUG netbaiot_transports::business_rpc::v3: business RPC V3 received frame stream_id=464 frame_type=Data payload_bytes=216
2026-09-26T01:40:30.611145Z DEBUG netbaiot_transports::business_rpc::v3: business RPC V3 selected frame stream_id=0 frame_type=WindowUpdate payload_bytes=4
2026-09-26T01:40:30.611190Z DEBUG netbaiot_transports::business_rpc::v3: business RPC V3 received frame stream_id=466 frame_type=Data payload_bytes=216
2026-09-26T01:40:30.611211Z DEBUG netbaiot_transports::business_rpc::v3: business RPC V3 received frame stream_id=468 frame_type=Data payload_bytes=216
2026-09-26T01:40:30.611218Z DEBUG netbaiot_transports::business_rpc::v3: business RPC V3 received frame stream_id=462 frame_type=Data payload_bytes=216
2026-09-26T01:40:30.611229Z DEBUG netbaiot_transports::business_rpc::v3: business RPC V3 writer completed frame stream_id=0 frame_type=WindowUpdate payload_bytes=4
2026-09-26T01:40:30.611242Z DEBUG netbaiot_transports::business_rpc::v3: business RPC V3 selected frame stream_id=0 frame_type=WindowUpdate payload_bytes=4
2026-09-26T01:40:30.611254Z DEBUG netbaiot_transports::business_rpc::v3: business RPC V3 writer completed frame stream_id=0 frame_type=WindowUpdate payload_bytes=4
2026-09-26T01:40:30.611261Z DEBUG netbaiot_transports::business_rpc::v3: business RPC V3 selected frame stream_id=0 frame_type=WindowUpdate payload_bytes=4
2026-09-26T01:40:30.611268Z DEBUG netbaiot_transports::business_rpc::v3: business RPC V3 writer completed frame stream_id=0 frame_type=WindowUpdate payload_bytes=4
2026-09-26T01:40:30.611273Z DEBUG netbaiot_transports::business_rpc::v3: business RPC V3 selected frame stream_id=0 frame_type=WindowUpdate payload_bytes=4
2026-09-26T01:40:30.611280Z DEBUG netbaiot_transports::business_rpc::v3: business RPC V3 writer completed frame stream_id=0 frame_type=WindowUpdate payload_bytes=4
2026-09-26T01:40:30.611285Z DEBUG netbaiot_transports::business_rpc::v3: business RPC V3 selected frame stream_id=0 frame_type=WindowUpdate payload_bytes=4
2026-09-26T01:40:30.611293Z DEBUG netbaiot_transports::business_rpc::v3: business RPC V3 writer completed frame stream_id=0 frame_type=WindowUpdate payload_bytes=4
2026-09-26T01:40:30.611937Z DEBUG netbaiot_transports::business_rpc::v3: business RPC V3 body entered scheduler stream_id=484 class=Rpc body_bytes=198
2026-09-26T01:40:30.611973Z DEBUG netbaiot_transports::business_rpc::v3: business RPC V3 body entered scheduler stream_id=486 class=Rpc body_bytes=198
2026-09-26T01:40:30.611981Z DEBUG netbaiot_transports::business_rpc::v3: business RPC V3 selected frame stream_id=484 frame_type=Open payload_bytes=158
2026-09-26T01:40:30.612006Z DEBUG netbaiot_transports::business_rpc::v3: business RPC V3 writer completed frame stream_id=484 frame_type=Open payload_bytes=158
2026-09-26T01:40:30.612015Z DEBUG netbaiot_transports::business_rpc::v3: business RPC V3 body entered scheduler stream_id=488 class=Rpc body_bytes=198
2026-09-26T01:40:30.612020Z DEBUG netbaiot_transports::business_rpc::v3: business RPC V3 selected frame stream_id=486 frame_type=Open payload_bytes=158
2026-09-26T01:40:30.612028Z DEBUG netbaiot_transports::business_rpc::v3: business RPC V3 writer completed frame stream_id=486 frame_type=Open payload_bytes=158
2026-09-26T01:40:30.612033Z DEBUG netbaiot_transports::business_rpc::v3: business RPC V3 body entered scheduler stream_id=490 class=Rpc body_bytes=198
2026-09-26T01:40:30.612038Z DEBUG netbaiot_transports::business_rpc::v3: business RPC V3 selected frame stream_id=488 frame_type=Open payload_bytes=158
2026-09-26T01:40:30.612045Z DEBUG netbaiot_transports::business_rpc::v3: business RPC V3 writer completed frame stream_id=488 frame_type=Open payload_bytes=158
2026-09-26T01:40:30.612051Z DEBUG netbaiot_transports::business_rpc::v3: business RPC V3 selected frame stream_id=490 frame_type=Open payload_bytes=158
2026-09-26T01:40:30.612058Z DEBUG netbaiot_transports::business_rpc::v3: business RPC V3 writer completed frame stream_id=490 frame_type=Open payload_bytes=158
2026-09-26T01:40:30.612063Z DEBUG netbaiot_transports::business_rpc::v3: business RPC V3 body entered scheduler stream_id=492 class=Rpc body_bytes=198
2026-09-26T01:40:30.612068Z DEBUG netbaiot_transports::business_rpc::v3: business RPC V3 selected frame stream_id=484 frame_type=Data payload_bytes=198
2026-09-26T01:40:30.612076Z DEBUG netbaiot_transports::business_rpc::v3: business RPC V3 writer completed frame stream_id=484 frame_type=Data payload_bytes=198
2026-09-26T01:40:30.612083Z DEBUG netbaiot_transports::business_rpc::v3: business RPC V3 selected frame stream_id=492 frame_type=Open payload_bytes=158
2026-09-26T01:40:30.612107Z DEBUG netbaiot_transports::business_rpc::v3: business RPC V3 writer completed frame stream_id=492 frame_type=Open payload_bytes=158
2026-09-26T01:40:30.612114Z DEBUG netbaiot_transports::business_rpc::v3: business RPC V3 selected frame stream_id=486 frame_type=Data payload_bytes=198
2026-09-26T01:40:30.612121Z DEBUG netbaiot_transports::business_rpc::v3: business RPC V3 writer completed frame stream_id=486 frame_type=Data payload_bytes=198
2026-09-26T01:40:30.612127Z DEBUG netbaiot_transports::business_rpc::v3: business RPC V3 selected frame stream_id=488 frame_type=Data payload_bytes=198
2026-09-26T01:40:30.612134Z DEBUG netbaiot_transports::business_rpc::v3: business RPC V3 writer completed frame stream_id=488 frame_type=Data payload_bytes=198
2026-09-26T01:40:30.612140Z DEBUG netbaiot_transports::business_rpc::v3: business RPC V3 selected frame stream_id=490 frame_type=Data payload_bytes=198
2026-09-26T01:40:30.612146Z DEBUG netbaiot_transports::business_rpc::v3: business RPC V3 writer completed frame stream_id=490 frame_type=Data payload_bytes=198
2026-09-26T01:40:30.612152Z DEBUG netbaiot_transports::business_rpc::v3: business RPC V3 selected frame stream_id=492 frame_type=Data payload_bytes=198
2026-09-26T01:40:30.612161Z DEBUG netbaiot_transports::business_rpc::v3: business RPC V3 writer completed frame stream_id=492 frame_type=Data payload_bytes=198
2026-09-26T01:40:30.716043Z DEBUG netbaiot_transports::business_rpc::v3: business RPC V3 received frame stream_id=0 frame_type=WindowUpdate payload_bytes=4
2026-09-26T01:40:30.716068Z DEBUG netbaiot_transports::business_rpc::v3: business RPC V3 received frame stream_id=0 frame_type=WindowUpdate payload_bytes=4
2026-09-26T01:40:30.716072Z DEBUG netbaiot_transports::business_rpc::v3: business RPC V3 received frame stream_id=0 frame_type=WindowUpdate payload_bytes=4
2026-09-26T01:40:30.716075Z DEBUG netbaiot_transports::business_rpc::v3: business RPC V3 received frame stream_id=0 frame_type=WindowUpdate payload_bytes=4
2026-09-26T01:40:30.716077Z DEBUG netbaiot_transports::business_rpc::v3: business RPC V3 received frame stream_id=0 frame_type=WindowUpdate payload_bytes=4
2026-09-26T01:40:30.716080Z DEBUG netbaiot_transports::business_rpc::v3: business RPC V3 received frame stream_id=480 frame_type=WindowUpdate payload_bytes=4
2026-09-26T01:40:30.716082Z DEBUG netbaiot_transports::business_rpc::v3: business RPC V3 received frame stream_id=478 frame_type=Response payload_bytes=35
2026-09-26T01:40:30.716088Z DEBUG netbaiot_transports::business_rpc::v3: business RPC V3 received frame stream_id=478 frame_type=Data payload_bytes=216
2026-09-26T01:40:30.716109Z DEBUG netbaiot_transports::business_rpc::v3: business RPC V3 received frame stream_id=472 frame_type=Response payload_bytes=35
2026-09-26T01:40:30.716113Z DEBUG netbaiot_transports::business_rpc::v3: business RPC V3 received frame stream_id=472 frame_type=Data payload_bytes=216
2026-09-26T01:40:30.716119Z DEBUG netbaiot_transports::business_rpc::v3: business RPC V3 received frame stream_id=474 frame_type=Response payload_bytes=35
2026-09-26T01:40:30.716121Z DEBUG netbaiot_transports::business_rpc::v3: business RPC V3 received frame stream_id=474 frame_type=Data payload_bytes=216
2026-09-26T01:40:30.716126Z DEBUG netbaiot_transports::business_rpc::v3: business RPC V3 received frame stream_id=476 frame_type=Response payload_bytes=35
2026-09-26T01:40:30.716128Z DEBUG netbaiot_transports::business_rpc::v3: business RPC V3 received frame stream_id=476 frame_type=Data payload_bytes=216
2026-09-26T01:40:30.716185Z DEBUG netbaiot_transports::business_rpc::v3: business RPC V3 selected frame stream_id=0 frame_type=WindowUpdate payload_bytes=4
2026-09-26T01:40:30.716202Z DEBUG netbaiot_transports::business_rpc::v3: business RPC V3 writer completed frame stream_id=0 frame_type=WindowUpdate payload_bytes=4
2026-09-26T01:40:30.716207Z DEBUG netbaiot_transports::business_rpc::v3: business RPC V3 selected frame stream_id=0 frame_type=WindowUpdate payload_bytes=4
2026-09-26T01:40:30.716211Z DEBUG netbaiot_transports::business_rpc::v3: business RPC V3 writer completed frame stream_id=0 frame_type=WindowUpdate payload_bytes=4
2026-09-26T01:40:30.716214Z DEBUG netbaiot_transports::business_rpc::v3: business RPC V3 selected frame stream_id=0 frame_type=WindowUpdate payload_bytes=4
2026-09-26T01:40:30.716217Z DEBUG netbaiot_transports::business_rpc::v3: business RPC V3 writer completed frame stream_id=0 frame_type=WindowUpdate payload_bytes=4
2026-09-26T01:40:30.716220Z DEBUG netbaiot_transports::business_rpc::v3: business RPC V3 selected frame stream_id=0 frame_type=WindowUpdate payload_bytes=4
2026-09-26T01:40:30.716223Z DEBUG netbaiot_transports::business_rpc::v3: business RPC V3 writer completed frame stream_id=0 frame_type=WindowUpdate payload_bytes=4
2026-09-26T01:40:30.717270Z DEBUG netbaiot_transports::business_rpc::v3: business RPC V3 body entered scheduler stream_id=494 class=Rpc body_bytes=198
2026-09-26T01:40:30.717313Z DEBUG netbaiot_transports::business_rpc::v3: business RPC V3 body entered scheduler stream_id=496 class=Rpc body_bytes=198
2026-09-26T01:40:30.717325Z DEBUG netbaiot_transports::business_rpc::v3: business RPC V3 body entered scheduler stream_id=498 class=Rpc body_bytes=198
2026-09-26T01:40:30.717332Z DEBUG netbaiot_transports::business_rpc::v3: business RPC V3 body entered scheduler stream_id=500 class=Rpc body_bytes=198
2026-09-26T01:40:30.717339Z DEBUG netbaiot_transports::business_rpc::v3: business RPC V3 selected frame stream_id=494 frame_type=Open payload_bytes=158
2026-09-26T01:40:30.717367Z DEBUG netbaiot_transports::business_rpc::v3: business RPC V3 writer completed frame stream_id=494 frame_type=Open payload_bytes=158
2026-09-26T01:40:30.717379Z DEBUG netbaiot_transports::business_rpc::v3: business RPC V3 selected frame stream_id=496 frame_type=Open payload_bytes=158
2026-09-26T01:40:30.717389Z DEBUG netbaiot_transports::business_rpc::v3: business RPC V3 writer completed frame stream_id=496 frame_type=Open payload_bytes=158
2026-09-26T01:40:30.717396Z DEBUG netbaiot_transports::business_rpc::v3: business RPC V3 selected frame stream_id=498 frame_type=Open payload_bytes=158
2026-09-26T01:40:30.717405Z DEBUG netbaiot_transports::business_rpc::v3: business RPC V3 writer completed frame stream_id=498 frame_type=Open payload_bytes=158
2026-09-26T01:40:30.717411Z DEBUG netbaiot_transports::business_rpc::v3: business RPC V3 selected frame stream_id=500 frame_type=Open payload_bytes=158
2026-09-26T01:40:30.717419Z DEBUG netbaiot_transports::business_rpc::v3: business RPC V3 writer completed frame stream_id=500 frame_type=Open payload_bytes=158
2026-09-26T01:40:30.717426Z DEBUG netbaiot_transports::business_rpc::v3: business RPC V3 selected frame stream_id=494 frame_type=Data payload_bytes=198
2026-09-26T01:40:30.717434Z DEBUG netbaiot_transports::business_rpc::v3: business RPC V3 writer completed frame stream_id=494 frame_type=Data payload_bytes=198
2026-09-26T01:40:30.717441Z DEBUG netbaiot_transports::business_rpc::v3: business RPC V3 selected frame stream_id=496 frame_type=Data payload_bytes=198
2026-09-26T01:40:30.717448Z DEBUG netbaiot_transports::business_rpc::v3: business RPC V3 writer completed frame stream_id=496 frame_type=Data payload_bytes=198
2026-09-26T01:40:30.717455Z DEBUG netbaiot_transports::business_rpc::v3: business RPC V3 selected frame stream_id=498 frame_type=Data payload_bytes=198
2026-09-26T01:40:30.717463Z DEBUG netbaiot_transports::business_rpc::v3: business RPC V3 writer completed frame stream_id=498 frame_type=Data payload_bytes=198
2026-09-26T01:40:30.717470Z DEBUG netbaiot_transports::business_rpc::v3: business RPC V3 selected frame stream_id=500 frame_type=Data payload_bytes=198
2026-09-26T01:40:30.717478Z DEBUG netbaiot_transports::business_rpc::v3: business RPC V3 writer completed frame stream_id=500 frame_type=Data payload_bytes=198
2026-09-26T01:40:30.750081Z DEBUG netbaiot_transports::business_rpc::v3: business RPC V3 received frame stream_id=0 frame_type=WindowUpdate payload_bytes=4
2026-09-26T01:40:30.750129Z DEBUG netbaiot_transports::business_rpc::v3: business RPC V3 received frame stream_id=480 frame_type=WindowUpdate payload_bytes=4
2026-09-26T01:40:30.750143Z DEBUG netbaiot_transports::business_rpc::v3: business RPC V3 received frame stream_id=0 frame_type=WindowUpdate payload_bytes=4
2026-09-26T01:40:30.750150Z DEBUG netbaiot_transports::business_rpc::v3: business RPC V3 received frame stream_id=0 frame_type=WindowUpdate payload_bytes=4
2026-09-26T01:40:30.750156Z DEBUG netbaiot_transports::business_rpc::v3: business RPC V3 received frame stream_id=0 frame_type=WindowUpdate payload_bytes=4
2026-09-26T01:40:30.750163Z DEBUG netbaiot_transports::business_rpc::v3: business RPC V3 received frame stream_id=0 frame_type=WindowUpdate payload_bytes=4
2026-09-26T01:40:30.750169Z DEBUG netbaiot_transports::business_rpc::v3: business RPC V3 received frame stream_id=0 frame_type=WindowUpdate payload_bytes=4
2026-09-26T01:40:30.750175Z DEBUG netbaiot_transports::business_rpc::v3: business RPC V3 received frame stream_id=0 frame_type=WindowUpdate payload_bytes=4
2026-09-26T01:40:30.750180Z DEBUG netbaiot_transports::business_rpc::v3: business RPC V3 received frame stream_id=0 frame_type=WindowUpdate payload_bytes=4
2026-09-26T01:40:30.750186Z DEBUG netbaiot_transports::business_rpc::v3: business RPC V3 received frame stream_id=492 frame_type=Response payload_bytes=35
2026-09-26T01:40:30.750195Z DEBUG netbaiot_transports::business_rpc::v3: business RPC V3 received frame stream_id=486 frame_type=Response payload_bytes=35
2026-09-26T01:40:30.750202Z DEBUG netbaiot_transports::business_rpc::v3: business RPC V3 received frame stream_id=492 frame_type=Data payload_bytes=216
2026-09-26T01:40:30.750233Z DEBUG netbaiot_transports::business_rpc::v3: business RPC V3 received frame stream_id=482 frame_type=Response payload_bytes=35
2026-09-26T01:40:30.750244Z DEBUG netbaiot_transports::business_rpc::v3: business RPC V3 received frame stream_id=486 frame_type=Data payload_bytes=216
2026-09-26T01:40:30.750244Z DEBUG netbaiot_transports::business_rpc::v3: business RPC V3 selected frame stream_id=0 frame_type=WindowUpdate payload_bytes=4
2026-09-26T01:40:30.750262Z DEBUG netbaiot_transports::business_rpc::v3: business RPC V3 received frame stream_id=484 frame_type=Response payload_bytes=35
2026-09-26T01:40:30.750283Z DEBUG netbaiot_transports::business_rpc::v3: business RPC V3 received frame stream_id=482 frame_type=Data payload_bytes=216
2026-09-26T01:40:30.750298Z DEBUG netbaiot_transports::business_rpc::v3: business RPC V3 received frame stream_id=484 frame_type=Data payload_bytes=216
2026-09-26T01:40:30.750310Z DEBUG netbaiot_transports::business_rpc::v3: business RPC V3 received frame stream_id=490 frame_type=Response payload_bytes=35
2026-09-26T01:40:30.750318Z DEBUG netbaiot_transports::business_rpc::v3: business RPC V3 received frame stream_id=490 frame_type=Data payload_bytes=216
2026-09-26T01:40:30.750329Z DEBUG netbaiot_transports::business_rpc::v3: business RPC V3 received frame stream_id=488 frame_type=Response payload_bytes=35
2026-09-26T01:40:30.750336Z DEBUG netbaiot_transports::business_rpc::v3: business RPC V3 received frame stream_id=488 frame_type=Data payload_bytes=216
2026-09-26T01:40:30.750350Z DEBUG netbaiot_transports::business_rpc::v3: business RPC V3 received frame stream_id=480 frame_type=Response payload_bytes=35
2026-09-26T01:40:30.750357Z DEBUG netbaiot_transports::business_rpc::v3: business RPC V3 received frame stream_id=480 frame_type=Data payload_bytes=118
2026-09-26T01:40:30.750365Z DEBUG netbaiot_transports::business_rpc::v3: business RPC V3 Event delivery acknowledged stream_id=480 completion_us=204879
2026-09-26T01:40:30.750337Z DEBUG netbaiot_transports::business_rpc::v3: business RPC V3 writer completed frame stream_id=0 frame_type=WindowUpdate payload_bytes=4
2026-09-26T01:40:30.750423Z DEBUG netbaiot_transports::business_rpc::v3: business RPC V3 selected frame stream_id=0 frame_type=WindowUpdate payload_bytes=4
2026-09-26T01:40:30.750435Z DEBUG netbaiot_transports::business_rpc::v3: business RPC V3 writer completed frame stream_id=0 frame_type=WindowUpdate payload_bytes=4
2026-09-26T01:40:30.750448Z DEBUG netbaiot_transports::business_rpc::v3: business RPC V3 selected frame stream_id=0 frame_type=WindowUpdate payload_bytes=4
2026-09-26T01:40:30.750456Z DEBUG netbaiot_transports::business_rpc::v3: business RPC V3 writer completed frame stream_id=0 frame_type=WindowUpdate payload_bytes=4
2026-09-26T01:40:30.750463Z DEBUG netbaiot_transports::business_rpc::v3: business RPC V3 selected frame stream_id=0 frame_type=WindowUpdate payload_bytes=4
2026-09-26T01:40:30.750471Z DEBUG netbaiot_transports::business_rpc::v3: business RPC V3 writer completed frame stream_id=0 frame_type=WindowUpdate payload_bytes=4
2026-09-26T01:40:30.750477Z DEBUG netbaiot_transports::business_rpc::v3: business RPC V3 selected frame stream_id=0 frame_type=WindowUpdate payload_bytes=4
2026-09-26T01:40:30.750486Z DEBUG netbaiot_transports::business_rpc::v3: business RPC V3 writer completed frame stream_id=0 frame_type=WindowUpdate payload_bytes=4
2026-09-26T01:40:30.750492Z DEBUG netbaiot_transports::business_rpc::v3: business RPC V3 selected frame stream_id=0 frame_type=WindowUpdate payload_bytes=4
2026-09-26T01:40:30.750500Z DEBUG netbaiot_transports::business_rpc::v3: business RPC V3 writer completed frame stream_id=0 frame_type=WindowUpdate payload_bytes=4
2026-09-26T01:40:30.750505Z DEBUG netbaiot_transports::business_rpc::v3: business RPC V3 selected frame stream_id=0 frame_type=WindowUpdate payload_bytes=4
2026-09-26T01:40:30.750513Z DEBUG netbaiot_transports::business_rpc::v3: business RPC V3 writer completed frame stream_id=0 frame_type=WindowUpdate payload_bytes=4
2026-09-26T01:40:30.802470Z DEBUG netbaiot_transports::business_rpc::v3: business RPC V3 received frame stream_id=0 frame_type=Ping payload_bytes=8
2026-09-26T01:40:30.802508Z DEBUG netbaiot_transports::business_rpc::v3: business RPC V3 selected frame stream_id=0 frame_type=Pong payload_bytes=8
2026-09-26T01:40:30.802532Z DEBUG netbaiot_transports::business_rpc::v3: business RPC V3 writer completed frame stream_id=0 frame_type=Pong payload_bytes=8
2026-09-26T01:40:30.832804Z DEBUG netbaiot_transports::business_rpc::v3: business RPC V3 received frame stream_id=0 frame_type=WindowUpdate payload_bytes=4
2026-09-26T01:40:30.832843Z DEBUG netbaiot_transports::business_rpc::v3: business RPC V3 received frame stream_id=0 frame_type=WindowUpdate payload_bytes=4
2026-09-26T01:40:30.832855Z DEBUG netbaiot_transports::business_rpc::v3: business RPC V3 received frame stream_id=0 frame_type=WindowUpdate payload_bytes=4
2026-09-26T01:40:30.832861Z DEBUG netbaiot_transports::business_rpc::v3: business RPC V3 received frame stream_id=0 frame_type=WindowUpdate payload_bytes=4
2026-09-26T01:40:30.832867Z DEBUG netbaiot_transports::business_rpc::v3: business RPC V3 received frame stream_id=500 frame_type=Response payload_bytes=35
2026-09-26T01:40:30.832876Z DEBUG netbaiot_transports::business_rpc::v3: business RPC V3 received frame stream_id=494 frame_type=Response payload_bytes=35
2026-09-26T01:40:30.832882Z DEBUG netbaiot_transports::business_rpc::v3: business RPC V3 received frame stream_id=496 frame_type=Response payload_bytes=35
2026-09-26T01:40:30.832888Z DEBUG netbaiot_transports::business_rpc::v3: business RPC V3 received frame stream_id=498 frame_type=Response payload_bytes=35
2026-09-26T01:40:30.832894Z DEBUG netbaiot_transports::business_rpc::v3: business RPC V3 received frame stream_id=500 frame_type=Data payload_bytes=216
2026-09-26T01:40:30.832924Z DEBUG netbaiot_transports::business_rpc::v3: business RPC V3 received frame stream_id=494 frame_type=Data payload_bytes=216
2026-09-26T01:40:30.832937Z DEBUG netbaiot_transports::business_rpc::v3: business RPC V3 received frame stream_id=496 frame_type=Data payload_bytes=216
2026-09-26T01:40:30.832936Z DEBUG netbaiot_transports::business_rpc::v3: business RPC V3 selected frame stream_id=0 frame_type=WindowUpdate payload_bytes=4
2026-09-26T01:40:30.832957Z DEBUG netbaiot_transports::business_rpc::v3: business RPC V3 received frame stream_id=498 frame_type=Data payload_bytes=216
2026-09-26T01:40:30.832991Z DEBUG netbaiot_transports::business_rpc::v3: business RPC V3 writer completed frame stream_id=0 frame_type=WindowUpdate payload_bytes=4
2026-09-26T01:40:30.833000Z DEBUG netbaiot_transports::business_rpc::v3: business RPC V3 selected frame stream_id=0 frame_type=WindowUpdate payload_bytes=4
2026-09-26T01:40:30.833010Z DEBUG netbaiot_transports::business_rpc::v3: business RPC V3 writer completed frame stream_id=0 frame_type=WindowUpdate payload_bytes=4
2026-09-26T01:40:30.833017Z DEBUG netbaiot_transports::business_rpc::v3: business RPC V3 selected frame stream_id=0 frame_type=WindowUpdate payload_bytes=4
2026-09-26T01:40:30.833025Z DEBUG netbaiot_transports::business_rpc::v3: business RPC V3 writer completed frame stream_id=0 frame_type=WindowUpdate payload_bytes=4
2026-09-26T01:40:30.833030Z DEBUG netbaiot_transports::business_rpc::v3: business RPC V3 selected frame stream_id=0 frame_type=WindowUpdate payload_bytes=4
2026-09-26T01:40:30.833038Z DEBUG netbaiot_transports::business_rpc::v3: business RPC V3 writer completed frame stream_id=0 frame_type=WindowUpdate payload_bytes=4
2026-09-26T01:40:31.045799Z DEBUG netbaiot_transports::business_rpc::v3: business RPC V3 body entered scheduler stream_id=502 class=Event body_bytes=17366
2026-09-26T01:40:31.045816Z DEBUG netbaiot_transports::business_rpc::v3: business RPC V3 selected frame stream_id=502 frame_type=Open payload_bytes=184
2026-09-26T01:40:31.045827Z DEBUG netbaiot_transports::business_rpc::v3: business RPC V3 writer completed frame stream_id=502 frame_type=Open payload_bytes=184
2026-09-26T01:40:31.045831Z DEBUG netbaiot_transports::business_rpc::v3: business RPC V3 selected frame stream_id=502 frame_type=Data payload_bytes=8192
2026-09-26T01:40:31.045837Z DEBUG netbaiot_transports::business_rpc::v3: business RPC V3 writer completed frame stream_id=502 frame_type=Data payload_bytes=8192
2026-09-26T01:40:31.045839Z DEBUG netbaiot_transports::business_rpc::v3: business RPC V3 selected frame stream_id=502 frame_type=Data payload_bytes=8192
2026-09-26T01:40:31.045847Z DEBUG netbaiot_transports::business_rpc::v3: business RPC V3 writer completed frame stream_id=502 frame_type=Data payload_bytes=8192
2026-09-26T01:40:31.045850Z DEBUG netbaiot_transports::business_rpc::v3: business RPC V3 selected frame stream_id=502 frame_type=Data payload_bytes=982
2026-09-26T01:40:31.045854Z DEBUG netbaiot_transports::business_rpc::v3: business RPC V3 writer completed frame stream_id=502 frame_type=Data payload_bytes=982
2026-09-26T01:40:31.187467Z DEBUG netbaiot_transports::business_rpc::v3: business RPC V3 received frame stream_id=0 frame_type=WindowUpdate payload_bytes=4
2026-09-26T01:40:31.187482Z DEBUG netbaiot_transports::business_rpc::v3: business RPC V3 received frame stream_id=502 frame_type=WindowUpdate payload_bytes=4
2026-09-26T01:40:31.214505Z DEBUG netbaiot_transports::business_rpc::v3: business RPC V3 received frame stream_id=0 frame_type=WindowUpdate payload_bytes=4
2026-09-26T01:40:31.214520Z DEBUG netbaiot_transports::business_rpc::v3: business RPC V3 received frame stream_id=502 frame_type=WindowUpdate payload_bytes=4
2026-09-26T01:40:31.214525Z DEBUG netbaiot_transports::business_rpc::v3: business RPC V3 received frame stream_id=0 frame_type=WindowUpdate payload_bytes=4
2026-09-26T01:40:31.214528Z DEBUG netbaiot_transports::business_rpc::v3: business RPC V3 received frame stream_id=502 frame_type=Response payload_bytes=35
2026-09-26T01:40:31.214534Z DEBUG netbaiot_transports::business_rpc::v3: business RPC V3 received frame stream_id=502 frame_type=Data payload_bytes=118
2026-09-26T01:40:31.214541Z DEBUG netbaiot_transports::business_rpc::v3: business RPC V3 Event delivery acknowledged stream_id=502 completion_us=168748
2026-09-26T01:40:31.214557Z DEBUG netbaiot_transports::business_rpc::v3: business RPC V3 selected frame stream_id=0 frame_type=WindowUpdate payload_bytes=4
2026-09-26T01:40:31.214573Z DEBUG netbaiot_transports::business_rpc::v3: business RPC V3 writer completed frame stream_id=0 frame_type=WindowUpdate payload_bytes=4
2026-09-26T01:40:31.349807Z DEBUG netbaiot_transports::business_rpc::v3: business RPC V3 body entered scheduler stream_id=504 class=Rpc body_bytes=198
2026-09-26T01:40:31.349846Z DEBUG netbaiot_transports::business_rpc::v3: business RPC V3 selected frame stream_id=504 frame_type=Open payload_bytes=158
2026-09-26T01:40:31.349879Z DEBUG netbaiot_transports::business_rpc::v3: business RPC V3 writer completed frame stream_id=504 frame_type=Open payload_bytes=158
2026-09-26T01:40:31.349891Z DEBUG netbaiot_transports::business_rpc::v3: business RPC V3 selected frame stream_id=504 frame_type=Data payload_bytes=198
2026-09-26T01:40:31.349900Z DEBUG netbaiot_transports::business_rpc::v3: business RPC V3 writer completed frame stream_id=504 frame_type=Data payload_bytes=198
2026-09-26T01:40:31.364447Z DEBUG netbaiot_transports::business_rpc::v3: business RPC V3 body entered scheduler stream_id=506 class=Rpc body_bytes=198
2026-09-26T01:40:31.364491Z DEBUG netbaiot_transports::business_rpc::v3: business RPC V3 selected frame stream_id=506 frame_type=Open payload_bytes=158
2026-09-26T01:40:31.364529Z DEBUG netbaiot_transports::business_rpc::v3: business RPC V3 writer completed frame stream_id=506 frame_type=Open payload_bytes=158
2026-09-26T01:40:31.364539Z DEBUG netbaiot_transports::business_rpc::v3: business RPC V3 selected frame stream_id=506 frame_type=Data payload_bytes=198
2026-09-26T01:40:31.364548Z DEBUG netbaiot_transports::business_rpc::v3: business RPC V3 writer completed frame stream_id=506 frame_type=Data payload_bytes=198
2026-09-26T01:40:31.434903Z DEBUG netbaiot_transports::business_rpc::v3: business RPC V3 received frame stream_id=0 frame_type=WindowUpdate payload_bytes=4
2026-09-26T01:40:31.434952Z DEBUG netbaiot_transports::business_rpc::v3: business RPC V3 received frame stream_id=0 frame_type=WindowUpdate payload_bytes=4
2026-09-26T01:40:31.463246Z DEBUG netbaiot_transports::business_rpc::v3: business RPC V3 received frame stream_id=506 frame_type=Response payload_bytes=35
2026-09-26T01:40:31.463277Z DEBUG netbaiot_transports::business_rpc::v3: business RPC V3 received frame stream_id=504 frame_type=Response payload_bytes=35
2026-09-26T01:40:31.463281Z DEBUG netbaiot_transports::business_rpc::v3: business RPC V3 received frame stream_id=506 frame_type=Data payload_bytes=216
2026-09-26T01:40:31.463302Z DEBUG netbaiot_transports::business_rpc::v3: business RPC V3 received frame stream_id=504 frame_type=Data payload_bytes=216
2026-09-26T01:40:31.463318Z DEBUG netbaiot_transports::business_rpc::v3: business RPC V3 selected frame stream_id=0 frame_type=WindowUpdate payload_bytes=4
2026-09-26T01:40:31.463371Z DEBUG netbaiot_transports::business_rpc::v3: business RPC V3 writer completed frame stream_id=0 frame_type=WindowUpdate payload_bytes=4
2026-09-26T01:40:31.463378Z DEBUG netbaiot_transports::business_rpc::v3: business RPC V3 selected frame stream_id=0 frame_type=WindowUpdate payload_bytes=4
2026-09-26T01:40:31.463382Z DEBUG netbaiot_transports::business_rpc::v3: business RPC V3 writer completed frame stream_id=0 frame_type=WindowUpdate payload_bytes=4
2026-09-26T01:40:31.463778Z DEBUG netbaiot_transports::business_rpc::v3: business RPC V3 body entered scheduler stream_id=508 class=Rpc body_bytes=198
2026-09-26T01:40:31.463784Z DEBUG netbaiot_transports::business_rpc::v3: business RPC V3 selected frame stream_id=508 frame_type=Open payload_bytes=158
2026-09-26T01:40:31.463790Z DEBUG netbaiot_transports::business_rpc::v3: business RPC V3 writer completed frame stream_id=508 frame_type=Open payload_bytes=158
2026-09-26T01:40:31.463793Z DEBUG netbaiot_transports::business_rpc::v3: business RPC V3 selected frame stream_id=508 frame_type=Data payload_bytes=198
2026-09-26T01:40:31.463796Z DEBUG netbaiot_transports::business_rpc::v3: business RPC V3 writer completed frame stream_id=508 frame_type=Data payload_bytes=198
2026-09-26T01:40:31.463829Z DEBUG netbaiot_transports::business_rpc::v3: business RPC V3 body entered scheduler stream_id=510 class=Rpc body_bytes=198
2026-09-26T01:40:31.463832Z DEBUG netbaiot_transports::business_rpc::v3: business RPC V3 selected frame stream_id=510 frame_type=Open payload_bytes=158
2026-09-26T01:40:31.463838Z DEBUG netbaiot_transports::business_rpc::v3: business RPC V3 writer completed frame stream_id=510 frame_type=Open payload_bytes=158
2026-09-26T01:40:31.463840Z DEBUG netbaiot_transports::business_rpc::v3: business RPC V3 selected frame stream_id=510 frame_type=Data payload_bytes=198
2026-09-26T01:40:31.463843Z DEBUG netbaiot_transports::business_rpc::v3: business RPC V3 writer completed frame stream_id=510 frame_type=Data payload_bytes=198
2026-09-26T01:40:31.481041Z DEBUG netbaiot_transports::business_rpc::v3: business RPC V3 body entered scheduler stream_id=512 class=Rpc body_bytes=198
2026-09-26T01:40:31.481078Z DEBUG netbaiot_transports::business_rpc::v3: business RPC V3 selected frame stream_id=512 frame_type=Open payload_bytes=158
2026-09-26T01:40:31.481111Z DEBUG netbaiot_transports::business_rpc::v3: business RPC V3 writer completed frame stream_id=512 frame_type=Open payload_bytes=158
2026-09-26T01:40:31.481123Z DEBUG netbaiot_transports::business_rpc::v3: business RPC V3 selected frame stream_id=512 frame_type=Data payload_bytes=198
2026-09-26T01:40:31.481132Z DEBUG netbaiot_transports::business_rpc::v3: business RPC V3 writer completed frame stream_id=512 frame_type=Data payload_bytes=198
2026-09-26T01:40:31.482406Z DEBUG netbaiot_transports::business_rpc::v3: business RPC V3 body entered scheduler stream_id=514 class=Rpc body_bytes=198
2026-09-26T01:40:31.482451Z DEBUG netbaiot_transports::business_rpc::v3: business RPC V3 selected frame stream_id=514 frame_type=Open payload_bytes=158
2026-09-26T01:40:31.482493Z DEBUG netbaiot_transports::business_rpc::v3: business RPC V3 writer completed frame stream_id=514 frame_type=Open payload_bytes=158
2026-09-26T01:40:31.482507Z DEBUG netbaiot_transports::business_rpc::v3: business RPC V3 selected frame stream_id=514 frame_type=Data payload_bytes=198
2026-09-26T01:40:31.482516Z DEBUG netbaiot_transports::business_rpc::v3: business RPC V3 writer completed frame stream_id=514 frame_type=Data payload_bytes=198
2026-09-26T01:40:31.545742Z DEBUG netbaiot_transports::business_rpc::v3: business RPC V3 body entered scheduler stream_id=516 class=Event body_bytes=17366
2026-09-26T01:40:31.545791Z DEBUG netbaiot_transports::business_rpc::v3: business RPC V3 selected frame stream_id=516 frame_type=Open payload_bytes=184
2026-09-26T01:40:31.545815Z DEBUG netbaiot_transports::business_rpc::v3: business RPC V3 writer completed frame stream_id=516 frame_type=Open payload_bytes=184
2026-09-26T01:40:31.545824Z DEBUG netbaiot_transports::business_rpc::v3: business RPC V3 selected frame stream_id=516 frame_type=Data payload_bytes=8192
2026-09-26T01:40:31.545837Z DEBUG netbaiot_transports::business_rpc::v3: business RPC V3 writer completed frame stream_id=516 frame_type=Data payload_bytes=8192
2026-09-26T01:40:31.545843Z DEBUG netbaiot_transports::business_rpc::v3: business RPC V3 selected frame stream_id=516 frame_type=Data payload_bytes=8192
2026-09-26T01:40:31.545860Z DEBUG netbaiot_transports::business_rpc::v3: business RPC V3 writer completed frame stream_id=516 frame_type=Data payload_bytes=8192
2026-09-26T01:40:31.545866Z DEBUG netbaiot_transports::business_rpc::v3: business RPC V3 selected frame stream_id=516 frame_type=Data payload_bytes=982
2026-09-26T01:40:31.545876Z DEBUG netbaiot_transports::business_rpc::v3: business RPC V3 writer completed frame stream_id=516 frame_type=Data payload_bytes=982
2026-09-26T01:40:31.551748Z DEBUG netbaiot_transports::business_rpc::v3: business RPC V3 received frame stream_id=0 frame_type=WindowUpdate payload_bytes=4
2026-09-26T01:40:31.551795Z DEBUG netbaiot_transports::business_rpc::v3: business RPC V3 received frame stream_id=0 frame_type=WindowUpdate payload_bytes=4
2026-09-26T01:40:31.551808Z DEBUG netbaiot_transports::business_rpc::v3: business RPC V3 received frame stream_id=0 frame_type=WindowUpdate payload_bytes=4
2026-09-26T01:40:31.551815Z DEBUG netbaiot_transports::business_rpc::v3: business RPC V3 received frame stream_id=0 frame_type=WindowUpdate payload_bytes=4
2026-09-26T01:40:31.551826Z DEBUG netbaiot_transports::business_rpc::v3: business RPC V3 received frame stream_id=514 frame_type=Response payload_bytes=35
2026-09-26T01:40:31.551837Z DEBUG netbaiot_transports::business_rpc::v3: business RPC V3 received frame stream_id=514 frame_type=Data payload_bytes=216
2026-09-26T01:40:31.551869Z DEBUG netbaiot_transports::business_rpc::v3: business RPC V3 received frame stream_id=508 frame_type=Response payload_bytes=35
2026-09-26T01:40:31.551877Z DEBUG netbaiot_transports::business_rpc::v3: business RPC V3 received frame stream_id=508 frame_type=Data payload_bytes=216
2026-09-26T01:40:31.552041Z DEBUG netbaiot_transports::business_rpc::v3: business RPC V3 selected frame stream_id=0 frame_type=WindowUpdate payload_bytes=4
2026-09-26T01:40:31.552106Z DEBUG netbaiot_transports::business_rpc::v3: business RPC V3 writer completed frame stream_id=0 frame_type=WindowUpdate payload_bytes=4
2026-09-26T01:40:31.552123Z DEBUG netbaiot_transports::business_rpc::v3: business RPC V3 selected frame stream_id=0 frame_type=WindowUpdate payload_bytes=4
2026-09-26T01:40:31.552133Z DEBUG netbaiot_transports::business_rpc::v3: business RPC V3 writer completed frame stream_id=0 frame_type=WindowUpdate payload_bytes=4
2026-09-26T01:40:31.552985Z DEBUG netbaiot_transports::business_rpc::v3: business RPC V3 body entered scheduler stream_id=518 class=Rpc body_bytes=198
2026-09-26T01:40:31.553026Z DEBUG netbaiot_transports::business_rpc::v3: business RPC V3 selected frame stream_id=518 frame_type=Open payload_bytes=158
2026-09-26T01:40:31.553057Z DEBUG netbaiot_transports::business_rpc::v3: business RPC V3 writer completed frame stream_id=518 frame_type=Open payload_bytes=158
2026-09-26T01:40:31.553070Z DEBUG netbaiot_transports::business_rpc::v3: business RPC V3 body entered scheduler stream_id=520 class=Rpc body_bytes=198
2026-09-26T01:40:31.553077Z DEBUG netbaiot_transports::business_rpc::v3: business RPC V3 selected frame stream_id=520 frame_type=Open payload_bytes=158
2026-09-26T01:40:31.553086Z DEBUG netbaiot_transports::business_rpc::v3: business RPC V3 writer completed frame stream_id=520 frame_type=Open payload_bytes=158
2026-09-26T01:40:31.553092Z DEBUG netbaiot_transports::business_rpc::v3: business RPC V3 selected frame stream_id=518 frame_type=Data payload_bytes=198
2026-09-26T01:40:31.553100Z DEBUG netbaiot_transports::business_rpc::v3: business RPC V3 writer completed frame stream_id=518 frame_type=Data payload_bytes=198
2026-09-26T01:40:31.553106Z DEBUG netbaiot_transports::business_rpc::v3: business RPC V3 selected frame stream_id=520 frame_type=Data payload_bytes=198
2026-09-26T01:40:31.553113Z DEBUG netbaiot_transports::business_rpc::v3: business RPC V3 writer completed frame stream_id=520 frame_type=Data payload_bytes=198
2026-09-26T01:40:31.580655Z DEBUG netbaiot_transports::business_rpc::v3: business RPC V3 received frame stream_id=510 frame_type=Response payload_bytes=35
2026-09-26T01:40:31.580705Z DEBUG netbaiot_transports::business_rpc::v3: business RPC V3 received frame stream_id=510 frame_type=Data payload_bytes=216
2026-09-26T01:40:31.580745Z DEBUG netbaiot_transports::business_rpc::v3: business RPC V3 received frame stream_id=512 frame_type=Response payload_bytes=35
2026-09-26T01:40:31.580755Z DEBUG netbaiot_transports::business_rpc::v3: business RPC V3 selected frame stream_id=0 frame_type=WindowUpdate payload_bytes=4
2026-09-26T01:40:31.580758Z DEBUG netbaiot_transports::business_rpc::v3: business RPC V3 received frame stream_id=512 frame_type=Data payload_bytes=216
2026-09-26T01:40:31.580805Z DEBUG netbaiot_transports::business_rpc::v3: business RPC V3 writer completed frame stream_id=0 frame_type=WindowUpdate payload_bytes=4
2026-09-26T01:40:31.580817Z DEBUG netbaiot_transports::business_rpc::v3: business RPC V3 selected frame stream_id=0 frame_type=WindowUpdate payload_bytes=4
2026-09-26T01:40:31.580829Z DEBUG netbaiot_transports::business_rpc::v3: business RPC V3 writer completed frame stream_id=0 frame_type=WindowUpdate payload_bytes=4
2026-09-26T01:40:31.581488Z DEBUG netbaiot_transports::business_rpc::v3: business RPC V3 body entered scheduler stream_id=522 class=Rpc body_bytes=198
2026-09-26T01:40:31.581528Z DEBUG netbaiot_transports::business_rpc::v3: business RPC V3 selected frame stream_id=522 frame_type=Open payload_bytes=158
2026-09-26T01:40:31.581549Z DEBUG netbaiot_transports::business_rpc::v3: business RPC V3 writer completed frame stream_id=522 frame_type=Open payload_bytes=158
2026-09-26T01:40:31.581562Z DEBUG netbaiot_transports::business_rpc::v3: business RPC V3 selected frame stream_id=522 frame_type=Data payload_bytes=198
2026-09-26T01:40:31.581571Z DEBUG netbaiot_transports::business_rpc::v3: business RPC V3 writer completed frame stream_id=522 frame_type=Data payload_bytes=198
2026-09-26T01:40:31.581625Z DEBUG netbaiot_transports::business_rpc::v3: business RPC V3 body entered scheduler stream_id=524 class=Rpc body_bytes=198
2026-09-26T01:40:31.581636Z DEBUG netbaiot_transports::business_rpc::v3: business RPC V3 selected frame stream_id=524 frame_type=Open payload_bytes=158
2026-09-26T01:40:31.581647Z DEBUG netbaiot_transports::business_rpc::v3: business RPC V3 writer completed frame stream_id=524 frame_type=Open payload_bytes=158
2026-09-26T01:40:31.581654Z DEBUG netbaiot_transports::business_rpc::v3: business RPC V3 selected frame stream_id=524 frame_type=Data payload_bytes=198
2026-09-26T01:40:31.581662Z DEBUG netbaiot_transports::business_rpc::v3: business RPC V3 writer completed frame stream_id=524 frame_type=Data payload_bytes=198
2026-09-26T01:40:31.689806Z DEBUG netbaiot_transports::business_rpc::v3: business RPC V3 received frame stream_id=0 frame_type=WindowUpdate payload_bytes=4
2026-09-26T01:40:31.689848Z DEBUG netbaiot_transports::business_rpc::v3: business RPC V3 received frame stream_id=516 frame_type=WindowUpdate payload_bytes=4
2026-09-26T01:40:31.716217Z DEBUG netbaiot_transports::business_rpc::v3: business RPC V3 body entered scheduler stream_id=526 class=Rpc body_bytes=198
2026-09-26T01:40:31.716254Z DEBUG netbaiot_transports::business_rpc::v3: business RPC V3 selected frame stream_id=526 frame_type=Open payload_bytes=158
2026-09-26T01:40:31.716287Z DEBUG netbaiot_transports::business_rpc::v3: business RPC V3 writer completed frame stream_id=526 frame_type=Open payload_bytes=158
2026-09-26T01:40:31.716299Z DEBUG netbaiot_transports::business_rpc::v3: business RPC V3 selected frame stream_id=526 frame_type=Data payload_bytes=198
2026-09-26T01:40:31.716308Z DEBUG netbaiot_transports::business_rpc::v3: business RPC V3 writer completed frame stream_id=526 frame_type=Data payload_bytes=198
2026-09-26T01:40:31.720859Z DEBUG netbaiot_transports::business_rpc::v3: business RPC V3 received frame stream_id=0 frame_type=WindowUpdate payload_bytes=4
2026-09-26T01:40:31.720875Z DEBUG netbaiot_transports::business_rpc::v3: business RPC V3 received frame stream_id=516 frame_type=WindowUpdate payload_bytes=4
2026-09-26T01:40:31.720879Z DEBUG netbaiot_transports::business_rpc::v3: business RPC V3 received frame stream_id=0 frame_type=WindowUpdate payload_bytes=4
2026-09-26T01:40:31.720881Z DEBUG netbaiot_transports::business_rpc::v3: business RPC V3 received frame stream_id=0 frame_type=WindowUpdate payload_bytes=4
2026-09-26T01:40:31.720884Z DEBUG netbaiot_transports::business_rpc::v3: business RPC V3 received frame stream_id=0 frame_type=WindowUpdate payload_bytes=4
2026-09-26T01:40:31.720886Z DEBUG netbaiot_transports::business_rpc::v3: business RPC V3 received frame stream_id=0 frame_type=WindowUpdate payload_bytes=4
2026-09-26T01:40:31.720888Z DEBUG netbaiot_transports::business_rpc::v3: business RPC V3 received frame stream_id=0 frame_type=WindowUpdate payload_bytes=4
2026-09-26T01:40:31.720890Z DEBUG netbaiot_transports::business_rpc::v3: business RPC V3 received frame stream_id=524 frame_type=Response payload_bytes=35
2026-09-26T01:40:31.720896Z DEBUG netbaiot_transports::business_rpc::v3: business RPC V3 received frame stream_id=524 frame_type=Data payload_bytes=216
2026-09-26T01:40:31.720914Z DEBUG netbaiot_transports::business_rpc::v3: business RPC V3 received frame stream_id=518 frame_type=Response payload_bytes=35
2026-09-26T01:40:31.720917Z DEBUG netbaiot_transports::business_rpc::v3: business RPC V3 received frame stream_id=518 frame_type=Data payload_bytes=216
2026-09-26T01:40:31.720923Z DEBUG netbaiot_transports::business_rpc::v3: business RPC V3 received frame stream_id=520 frame_type=Response payload_bytes=35
2026-09-26T01:40:31.720926Z DEBUG netbaiot_transports::business_rpc::v3: business RPC V3 received frame stream_id=520 frame_type=Data payload_bytes=216
2026-09-26T01:40:31.720927Z DEBUG netbaiot_transports::business_rpc::v3: business RPC V3 selected frame stream_id=0 frame_type=WindowUpdate payload_bytes=4
2026-09-26T01:40:31.720931Z DEBUG netbaiot_transports::business_rpc::v3: business RPC V3 received frame stream_id=522 frame_type=Response payload_bytes=35
2026-09-26T01:40:31.720974Z DEBUG netbaiot_transports::business_rpc::v3: business RPC V3 writer completed frame stream_id=0 frame_type=WindowUpdate payload_bytes=4
2026-09-26T01:40:31.720986Z DEBUG netbaiot_transports::business_rpc::v3: business RPC V3 selected frame stream_id=0 frame_type=WindowUpdate payload_bytes=4
2026-09-26T01:40:31.720978Z DEBUG netbaiot_transports::business_rpc::v3: business RPC V3 received frame stream_id=522 frame_type=Data payload_bytes=216
2026-09-26T01:40:31.721005Z DEBUG netbaiot_transports::business_rpc::v3: business RPC V3 writer completed frame stream_id=0 frame_type=WindowUpdate payload_bytes=4
2026-09-26T01:40:31.721031Z DEBUG netbaiot_transports::business_rpc::v3: business RPC V3 received frame stream_id=516 frame_type=Response payload_bytes=35
2026-09-26T01:40:31.721032Z DEBUG netbaiot_transports::business_rpc::v3: business RPC V3 selected frame stream_id=0 frame_type=WindowUpdate payload_bytes=4
2026-09-26T01:40:31.721046Z DEBUG netbaiot_transports::business_rpc::v3: business RPC V3 received frame stream_id=516 frame_type=Data payload_bytes=118
2026-09-26T01:40:31.721065Z DEBUG netbaiot_transports::business_rpc::v3: business RPC V3 writer completed frame stream_id=0 frame_type=WindowUpdate payload_bytes=4
2026-09-26T01:40:31.721076Z DEBUG netbaiot_transports::business_rpc::v3: business RPC V3 selected frame stream_id=0 frame_type=WindowUpdate payload_bytes=4
2026-09-26T01:40:31.721067Z DEBUG netbaiot_transports::business_rpc::v3: business RPC V3 Event delivery acknowledged stream_id=516 completion_us=175334
2026-09-26T01:40:31.721088Z DEBUG netbaiot_transports::business_rpc::v3: business RPC V3 writer completed frame stream_id=0 frame_type=WindowUpdate payload_bytes=4
2026-09-26T01:40:31.721106Z DEBUG netbaiot_transports::business_rpc::v3: business RPC V3 selected frame stream_id=0 frame_type=WindowUpdate payload_bytes=4
2026-09-26T01:40:31.721115Z DEBUG netbaiot_transports::business_rpc::v3: business RPC V3 writer completed frame stream_id=0 frame_type=WindowUpdate payload_bytes=4
2026-09-26T01:40:31.721445Z DEBUG netbaiot_transports::business_rpc::v3: business RPC V3 body entered scheduler stream_id=528 class=Rpc body_bytes=198
2026-09-26T01:40:31.721472Z DEBUG netbaiot_transports::business_rpc::v3: business RPC V3 body entered scheduler stream_id=530 class=Rpc body_bytes=198
2026-09-26T01:40:31.721480Z DEBUG netbaiot_transports::business_rpc::v3: business RPC V3 selected frame stream_id=528 frame_type=Open payload_bytes=158
2026-09-26T01:40:31.721492Z DEBUG netbaiot_transports::business_rpc::v3: business RPC V3 writer completed frame stream_id=528 frame_type=Open payload_bytes=158
2026-09-26T01:40:31.721500Z DEBUG netbaiot_transports::business_rpc::v3: business RPC V3 selected frame stream_id=530 frame_type=Open payload_bytes=158
2026-09-26T01:40:31.721508Z DEBUG netbaiot_transports::business_rpc::v3: business RPC V3 writer completed frame stream_id=530 frame_type=Open payload_bytes=158
2026-09-26T01:40:31.721513Z DEBUG netbaiot_transports::business_rpc::v3: business RPC V3 body entered scheduler stream_id=532 class=Rpc body_bytes=198
2026-09-26T01:40:31.721518Z DEBUG netbaiot_transports::business_rpc::v3: business RPC V3 selected frame stream_id=532 frame_type=Open payload_bytes=158
2026-09-26T01:40:31.721525Z DEBUG netbaiot_transports::business_rpc::v3: business RPC V3 writer completed frame stream_id=532 frame_type=Open payload_bytes=158
2026-09-26T01:40:31.721531Z DEBUG netbaiot_transports::business_rpc::v3: business RPC V3 selected frame stream_id=528 frame_type=Data payload_bytes=198
2026-09-26T01:40:31.721539Z DEBUG netbaiot_transports::business_rpc::v3: business RPC V3 writer completed frame stream_id=528 frame_type=Data payload_bytes=198
2026-09-26T01:40:31.721545Z DEBUG netbaiot_transports::business_rpc::v3: business RPC V3 body entered scheduler stream_id=534 class=Rpc body_bytes=198
2026-09-26T01:40:31.721550Z DEBUG netbaiot_transports::business_rpc::v3: business RPC V3 selected frame stream_id=534 frame_type=Open payload_bytes=158
2026-09-26T01:40:31.721557Z DEBUG netbaiot_transports::business_rpc::v3: business RPC V3 writer completed frame stream_id=534 frame_type=Open payload_bytes=158
2026-09-26T01:40:31.721562Z DEBUG netbaiot_transports::business_rpc::v3: business RPC V3 selected frame stream_id=530 frame_type=Data payload_bytes=198
2026-09-26T01:40:31.721569Z DEBUG netbaiot_transports::business_rpc::v3: business RPC V3 writer completed frame stream_id=530 frame_type=Data payload_bytes=198
2026-09-26T01:40:31.721574Z DEBUG netbaiot_transports::business_rpc::v3: business RPC V3 selected frame stream_id=532 frame_type=Data payload_bytes=198
2026-09-26T01:40:31.721582Z DEBUG netbaiot_transports::business_rpc::v3: business RPC V3 writer completed frame stream_id=532 frame_type=Data payload_bytes=198
2026-09-26T01:40:31.721588Z DEBUG netbaiot_transports::business_rpc::v3: business RPC V3 selected frame stream_id=534 frame_type=Data payload_bytes=198
2026-09-26T01:40:31.721596Z DEBUG netbaiot_transports::business_rpc::v3: business RPC V3 writer completed frame stream_id=534 frame_type=Data payload_bytes=198
2026-09-26T01:40:31.736683Z DEBUG netbaiot_transports::business_rpc::v3: business RPC V3 body entered scheduler stream_id=536 class=Rpc body_bytes=198
2026-09-26T01:40:31.736720Z DEBUG netbaiot_transports::business_rpc::v3: business RPC V3 selected frame stream_id=536 frame_type=Open payload_bytes=158
2026-09-26T01:40:31.736745Z DEBUG netbaiot_transports::business_rpc::v3: business RPC V3 writer completed frame stream_id=536 frame_type=Open payload_bytes=158
2026-09-26T01:40:31.736753Z DEBUG netbaiot_transports::business_rpc::v3: business RPC V3 selected frame stream_id=536 frame_type=Data payload_bytes=198
2026-09-26T01:40:31.736762Z DEBUG netbaiot_transports::business_rpc::v3: business RPC V3 writer completed frame stream_id=536 frame_type=Data payload_bytes=198
2026-09-26T01:40:31.804366Z DEBUG netbaiot_transports::business_rpc::v3: business RPC V3 body entered scheduler stream_id=538 class=Rpc body_bytes=198
2026-09-26T01:40:31.804415Z DEBUG netbaiot_transports::business_rpc::v3: business RPC V3 selected frame stream_id=538 frame_type=Open payload_bytes=158
2026-09-26T01:40:31.804439Z DEBUG netbaiot_transports::business_rpc::v3: business RPC V3 writer completed frame stream_id=538 frame_type=Open payload_bytes=158
2026-09-26T01:40:31.804449Z DEBUG netbaiot_transports::business_rpc::v3: business RPC V3 selected frame stream_id=538 frame_type=Data payload_bytes=198
2026-09-26T01:40:31.804459Z DEBUG netbaiot_transports::business_rpc::v3: business RPC V3 writer completed frame stream_id=538 frame_type=Data payload_bytes=198
2026-09-26T01:40:31.836737Z DEBUG netbaiot_transports::business_rpc::v3: business RPC V3 received frame stream_id=0 frame_type=WindowUpdate payload_bytes=4
2026-09-26T01:40:31.836755Z DEBUG netbaiot_transports::business_rpc::v3: business RPC V3 received frame stream_id=0 frame_type=WindowUpdate payload_bytes=4
2026-09-26T01:40:31.836759Z DEBUG netbaiot_transports::business_rpc::v3: business RPC V3 received frame stream_id=0 frame_type=WindowUpdate payload_bytes=4
2026-09-26T01:40:31.836762Z DEBUG netbaiot_transports::business_rpc::v3: business RPC V3 received frame stream_id=0 frame_type=WindowUpdate payload_bytes=4
2026-09-26T01:40:31.836765Z DEBUG netbaiot_transports::business_rpc::v3: business RPC V3 received frame stream_id=0 frame_type=WindowUpdate payload_bytes=4
2026-09-26T01:40:31.836767Z DEBUG netbaiot_transports::business_rpc::v3: business RPC V3 received frame stream_id=0 frame_type=WindowUpdate payload_bytes=4
2026-09-26T01:40:31.836770Z DEBUG netbaiot_transports::business_rpc::v3: business RPC V3 received frame stream_id=528 frame_type=Response payload_bytes=35
2026-09-26T01:40:31.836775Z DEBUG netbaiot_transports::business_rpc::v3: business RPC V3 received frame stream_id=536 frame_type=Response payload_bytes=35
2026-09-26T01:40:31.836778Z DEBUG netbaiot_transports::business_rpc::v3: business RPC V3 received frame stream_id=526 frame_type=Response payload_bytes=35
2026-09-26T01:40:31.836780Z DEBUG netbaiot_transports::business_rpc::v3: business RPC V3 received frame stream_id=528 frame_type=Data payload_bytes=216
2026-09-26T01:40:31.836798Z DEBUG netbaiot_transports::business_rpc::v3: business RPC V3 received frame stream_id=530 frame_type=Response payload_bytes=35
2026-09-26T01:40:31.836802Z DEBUG netbaiot_transports::business_rpc::v3: business RPC V3 received frame stream_id=532 frame_type=Response payload_bytes=35
2026-09-26T01:40:31.836804Z DEBUG netbaiot_transports::business_rpc::v3: business RPC V3 received frame stream_id=534 frame_type=Response payload_bytes=35
2026-09-26T01:40:31.836806Z DEBUG netbaiot_transports::business_rpc::v3: business RPC V3 received frame stream_id=536 frame_type=Data payload_bytes=216
2026-09-26T01:40:31.836812Z DEBUG netbaiot_transports::business_rpc::v3: business RPC V3 received frame stream_id=526 frame_type=Data payload_bytes=216
2026-09-26T01:40:31.836817Z DEBUG netbaiot_transports::business_rpc::v3: business RPC V3 received frame stream_id=530 frame_type=Data payload_bytes=216
2026-09-26T01:40:31.836818Z DEBUG netbaiot_transports::business_rpc::v3: business RPC V3 selected frame stream_id=0 frame_type=WindowUpdate payload_bytes=4
2026-09-26T01:40:31.836822Z DEBUG netbaiot_transports::business_rpc::v3: business RPC V3 received frame stream_id=532 frame_type=Data payload_bytes=216
2026-09-26T01:40:31.836860Z DEBUG netbaiot_transports::business_rpc::v3: business RPC V3 writer completed frame stream_id=0 frame_type=WindowUpdate payload_bytes=4
2026-09-26T01:40:31.836867Z DEBUG netbaiot_transports::business_rpc::v3: business RPC V3 received frame stream_id=534 frame_type=Data payload_bytes=216
2026-09-26T01:40:31.836870Z DEBUG netbaiot_transports::business_rpc::v3: business RPC V3 selected frame stream_id=0 frame_type=WindowUpdate payload_bytes=4
2026-09-26T01:40:31.836895Z DEBUG netbaiot_transports::business_rpc::v3: business RPC V3 writer completed frame stream_id=0 frame_type=WindowUpdate payload_bytes=4
2026-09-26T01:40:31.836902Z DEBUG netbaiot_transports::business_rpc::v3: business RPC V3 selected frame stream_id=0 frame_type=WindowUpdate payload_bytes=4
2026-09-26T01:40:31.836922Z DEBUG netbaiot_transports::business_rpc::v3: business RPC V3 writer completed frame stream_id=0 frame_type=WindowUpdate payload_bytes=4
2026-09-26T01:40:31.836931Z DEBUG netbaiot_transports::business_rpc::v3: business RPC V3 selected frame stream_id=0 frame_type=WindowUpdate payload_bytes=4
2026-09-26T01:40:31.836936Z DEBUG netbaiot_transports::business_rpc::v3: business RPC V3 writer completed frame stream_id=0 frame_type=WindowUpdate payload_bytes=4
2026-09-26T01:40:31.836939Z DEBUG netbaiot_transports::business_rpc::v3: business RPC V3 selected frame stream_id=0 frame_type=WindowUpdate payload_bytes=4
2026-09-26T01:40:31.836943Z DEBUG netbaiot_transports::business_rpc::v3: business RPC V3 writer completed frame stream_id=0 frame_type=WindowUpdate payload_bytes=4
2026-09-26T01:40:31.836945Z DEBUG netbaiot_transports::business_rpc::v3: business RPC V3 selected frame stream_id=0 frame_type=WindowUpdate payload_bytes=4
2026-09-26T01:40:31.836952Z DEBUG netbaiot_transports::business_rpc::v3: business RPC V3 writer completed frame stream_id=0 frame_type=WindowUpdate payload_bytes=4
2026-09-26T01:40:31.837389Z DEBUG netbaiot_transports::business_rpc::v3: business RPC V3 body entered scheduler stream_id=540 class=Rpc body_bytes=198
2026-09-26T01:40:31.837394Z DEBUG netbaiot_transports::business_rpc::v3: business RPC V3 selected frame stream_id=540 frame_type=Open payload_bytes=158
2026-09-26T01:40:31.837401Z DEBUG netbaiot_transports::business_rpc::v3: business RPC V3 writer completed frame stream_id=540 frame_type=Open payload_bytes=158
2026-09-26T01:40:31.837404Z DEBUG netbaiot_transports::business_rpc::v3: business RPC V3 selected frame stream_id=540 frame_type=Data payload_bytes=198
2026-09-26T01:40:31.837407Z DEBUG netbaiot_transports::business_rpc::v3: business RPC V3 writer completed frame stream_id=540 frame_type=Data payload_bytes=198
2026-09-26T01:40:31.837410Z DEBUG netbaiot_transports::business_rpc::v3: business RPC V3 body entered scheduler stream_id=542 class=Rpc body_bytes=198
2026-09-26T01:40:31.837412Z DEBUG netbaiot_transports::business_rpc::v3: business RPC V3 selected frame stream_id=542 frame_type=Open payload_bytes=158
2026-09-26T01:40:31.837415Z DEBUG netbaiot_transports::business_rpc::v3: business RPC V3 writer completed frame stream_id=542 frame_type=Open payload_bytes=158
2026-09-26T01:40:31.837417Z DEBUG netbaiot_transports::business_rpc::v3: business RPC V3 selected frame stream_id=542 frame_type=Data payload_bytes=198
2026-09-26T01:40:31.837419Z DEBUG netbaiot_transports::business_rpc::v3: business RPC V3 writer completed frame stream_id=542 frame_type=Data payload_bytes=198
2026-09-26T01:40:31.837438Z DEBUG netbaiot_transports::business_rpc::v3: business RPC V3 body entered scheduler stream_id=544 class=Rpc body_bytes=198
2026-09-26T01:40:31.837445Z DEBUG netbaiot_transports::business_rpc::v3: business RPC V3 selected frame stream_id=544 frame_type=Open payload_bytes=158
2026-09-26T01:40:31.837451Z DEBUG netbaiot_transports::business_rpc::v3: business RPC V3 writer completed frame stream_id=544 frame_type=Open payload_bytes=158
2026-09-26T01:40:31.837455Z DEBUG netbaiot_transports::business_rpc::v3: business RPC V3 selected frame stream_id=544 frame_type=Data payload_bytes=198
2026-09-26T01:40:31.837459Z DEBUG netbaiot_transports::business_rpc::v3: business RPC V3 writer completed frame stream_id=544 frame_type=Data payload_bytes=198
2026-09-26T01:40:31.837482Z DEBUG netbaiot_transports::business_rpc::v3: business RPC V3 body entered scheduler stream_id=546 class=Rpc body_bytes=198
2026-09-26T01:40:31.837485Z DEBUG netbaiot_transports::business_rpc::v3: business RPC V3 selected frame stream_id=546 frame_type=Open payload_bytes=158
2026-09-26T01:40:31.837489Z DEBUG netbaiot_transports::business_rpc::v3: business RPC V3 writer completed frame stream_id=546 frame_type=Open payload_bytes=158
2026-09-26T01:40:31.837491Z DEBUG netbaiot_transports::business_rpc::v3: business RPC V3 selected frame stream_id=546 frame_type=Data payload_bytes=198
2026-09-26T01:40:31.837494Z DEBUG netbaiot_transports::business_rpc::v3: business RPC V3 writer completed frame stream_id=546 frame_type=Data payload_bytes=198
2026-09-26T01:40:31.837528Z DEBUG netbaiot_transports::business_rpc::v3: business RPC V3 body entered scheduler stream_id=548 class=Rpc body_bytes=198
2026-09-26T01:40:31.837532Z DEBUG netbaiot_transports::business_rpc::v3: business RPC V3 selected frame stream_id=548 frame_type=Open payload_bytes=158
2026-09-26T01:40:31.837541Z DEBUG netbaiot_transports::business_rpc::v3: business RPC V3 writer completed frame stream_id=548 frame_type=Open payload_bytes=158
2026-09-26T01:40:31.837545Z DEBUG netbaiot_transports::business_rpc::v3: business RPC V3 selected frame stream_id=548 frame_type=Data payload_bytes=198
2026-09-26T01:40:31.837550Z DEBUG netbaiot_transports::business_rpc::v3: business RPC V3 writer completed frame stream_id=548 frame_type=Data payload_bytes=198
2026-09-26T01:40:31.837561Z DEBUG netbaiot_transports::business_rpc::v3: business RPC V3 body entered scheduler stream_id=550 class=Rpc body_bytes=198
2026-09-26T01:40:31.837566Z DEBUG netbaiot_transports::business_rpc::v3: business RPC V3 selected frame stream_id=550 frame_type=Open payload_bytes=158
2026-09-26T01:40:31.837574Z DEBUG netbaiot_transports::business_rpc::v3: business RPC V3 writer completed frame stream_id=550 frame_type=Open payload_bytes=158
2026-09-26T01:40:31.837577Z DEBUG netbaiot_transports::business_rpc::v3: business RPC V3 selected frame stream_id=550 frame_type=Data payload_bytes=198
2026-09-26T01:40:31.837580Z DEBUG netbaiot_transports::business_rpc::v3: business RPC V3 writer completed frame stream_id=550 frame_type=Data payload_bytes=198
2026-09-26T01:40:31.846625Z DEBUG netbaiot_transports::business_rpc::v3: business RPC V3 body entered scheduler stream_id=552 class=Rpc body_bytes=198
2026-09-26T01:40:31.846638Z DEBUG netbaiot_transports::business_rpc::v3: business RPC V3 selected frame stream_id=552 frame_type=Open payload_bytes=158
2026-09-26T01:40:31.846651Z DEBUG netbaiot_transports::business_rpc::v3: business RPC V3 writer completed frame stream_id=552 frame_type=Open payload_bytes=158
2026-09-26T01:40:31.846655Z DEBUG netbaiot_transports::business_rpc::v3: business RPC V3 selected frame stream_id=552 frame_type=Data payload_bytes=198
2026-09-26T01:40:31.846659Z DEBUG netbaiot_transports::business_rpc::v3: business RPC V3 writer completed frame stream_id=552 frame_type=Data payload_bytes=198
2026-09-26T01:40:31.912607Z DEBUG netbaiot_transports::business_rpc::v3: business RPC V3 received frame stream_id=0 frame_type=WindowUpdate payload_bytes=4
2026-09-26T01:40:31.912627Z DEBUG netbaiot_transports::business_rpc::v3: business RPC V3 received frame stream_id=538 frame_type=Response payload_bytes=35
2026-09-26T01:40:31.912634Z DEBUG netbaiot_transports::business_rpc::v3: business RPC V3 received frame stream_id=538 frame_type=Data payload_bytes=216
2026-09-26T01:40:31.912663Z DEBUG netbaiot_transports::business_rpc::v3: business RPC V3 selected frame stream_id=0 frame_type=WindowUpdate payload_bytes=4
2026-09-26T01:40:31.912677Z DEBUG netbaiot_transports::business_rpc::v3: business RPC V3 writer completed frame stream_id=0 frame_type=WindowUpdate payload_bytes=4
2026-09-26T01:40:31.913025Z DEBUG netbaiot_transports::business_rpc::v3: business RPC V3 body entered scheduler stream_id=554 class=Rpc body_bytes=198
2026-09-26T01:40:31.913030Z DEBUG netbaiot_transports::business_rpc::v3: business RPC V3 selected frame stream_id=554 frame_type=Open payload_bytes=158
2026-09-26T01:40:31.913037Z DEBUG netbaiot_transports::business_rpc::v3: business RPC V3 writer completed frame stream_id=554 frame_type=Open payload_bytes=158
2026-09-26T01:40:31.913040Z DEBUG netbaiot_transports::business_rpc::v3: business RPC V3 selected frame stream_id=554 frame_type=Data payload_bytes=198
2026-09-26T01:40:31.913044Z DEBUG netbaiot_transports::business_rpc::v3: business RPC V3 writer completed frame stream_id=554 frame_type=Data payload_bytes=198
2026-09-26T01:40:31.946348Z DEBUG netbaiot_transports::business_rpc::v3: business RPC V3 received frame stream_id=0 frame_type=WindowUpdate payload_bytes=4
2026-09-26T01:40:31.946364Z DEBUG netbaiot_transports::business_rpc::v3: business RPC V3 received frame stream_id=0 frame_type=WindowUpdate payload_bytes=4
2026-09-26T01:40:31.946367Z DEBUG netbaiot_transports::business_rpc::v3: business RPC V3 received frame stream_id=0 frame_type=WindowUpdate payload_bytes=4
2026-09-26T01:40:31.946369Z DEBUG netbaiot_transports::business_rpc::v3: business RPC V3 received frame stream_id=0 frame_type=WindowUpdate payload_bytes=4
2026-09-26T01:40:31.946372Z DEBUG netbaiot_transports::business_rpc::v3: business RPC V3 received frame stream_id=0 frame_type=WindowUpdate payload_bytes=4
2026-09-26T01:40:31.946374Z DEBUG netbaiot_transports::business_rpc::v3: business RPC V3 received frame stream_id=0 frame_type=WindowUpdate payload_bytes=4
2026-09-26T01:40:31.946376Z DEBUG netbaiot_transports::business_rpc::v3: business RPC V3 received frame stream_id=0 frame_type=WindowUpdate payload_bytes=4
2026-09-26T01:40:31.946379Z DEBUG netbaiot_transports::business_rpc::v3: business RPC V3 received frame stream_id=552 frame_type=Response payload_bytes=35
2026-09-26T01:40:31.946384Z DEBUG netbaiot_transports::business_rpc::v3: business RPC V3 received frame stream_id=544 frame_type=Response payload_bytes=35
2026-09-26T01:40:31.946386Z DEBUG netbaiot_transports::business_rpc::v3: business RPC V3 received frame stream_id=552 frame_type=Data payload_bytes=216
2026-09-26T01:40:31.946403Z DEBUG netbaiot_transports::business_rpc::v3: business RPC V3 received frame stream_id=546 frame_type=Response payload_bytes=35
2026-09-26T01:40:31.946406Z DEBUG netbaiot_transports::business_rpc::v3: business RPC V3 received frame stream_id=548 frame_type=Response payload_bytes=35
2026-09-26T01:40:31.946408Z DEBUG netbaiot_transports::business_rpc::v3: business RPC V3 received frame stream_id=550 frame_type=Response payload_bytes=35
2026-09-26T01:40:31.946410Z DEBUG netbaiot_transports::business_rpc::v3: business RPC V3 received frame stream_id=544 frame_type=Data payload_bytes=216
2026-09-26T01:40:31.946410Z DEBUG netbaiot_transports::business_rpc::v3: business RPC V3 selected frame stream_id=0 frame_type=WindowUpdate payload_bytes=4
2026-09-26T01:40:31.946420Z DEBUG netbaiot_transports::business_rpc::v3: business RPC V3 received frame stream_id=546 frame_type=Data payload_bytes=216
2026-09-26T01:40:31.946431Z DEBUG netbaiot_transports::business_rpc::v3: business RPC V3 received frame stream_id=548 frame_type=Data payload_bytes=216
2026-09-26T01:40:31.946434Z DEBUG netbaiot_transports::business_rpc::v3: business RPC V3 writer completed frame stream_id=0 frame_type=WindowUpdate payload_bytes=4
2026-09-26T01:40:31.946440Z DEBUG netbaiot_transports::business_rpc::v3: business RPC V3 selected frame stream_id=0 frame_type=WindowUpdate payload_bytes=4
2026-09-26T01:40:31.946445Z DEBUG netbaiot_transports::business_rpc::v3: business RPC V3 writer completed frame stream_id=0 frame_type=WindowUpdate payload_bytes=4
2026-09-26T01:40:31.946450Z DEBUG netbaiot_transports::business_rpc::v3: business RPC V3 selected frame stream_id=0 frame_type=WindowUpdate payload_bytes=4
2026-09-26T01:40:31.946455Z DEBUG netbaiot_transports::business_rpc::v3: business RPC V3 writer completed frame stream_id=0 frame_type=WindowUpdate payload_bytes=4
2026-09-26T01:40:31.946458Z DEBUG netbaiot_transports::business_rpc::v3: business RPC V3 selected frame stream_id=0 frame_type=WindowUpdate payload_bytes=4
2026-09-26T01:40:31.946464Z DEBUG netbaiot_transports::business_rpc::v3: business RPC V3 writer completed frame stream_id=0 frame_type=WindowUpdate payload_bytes=4
2026-09-26T01:40:31.946436Z DEBUG netbaiot_transports::business_rpc::v3: business RPC V3 received frame stream_id=550 frame_type=Data payload_bytes=216
2026-09-26T01:40:31.946507Z DEBUG netbaiot_transports::business_rpc::v3: business RPC V3 received frame stream_id=542 frame_type=Response payload_bytes=35
2026-09-26T01:40:31.946516Z DEBUG netbaiot_transports::business_rpc::v3: business RPC V3 received frame stream_id=542 frame_type=Data payload_bytes=216
2026-09-26T01:40:31.946520Z DEBUG netbaiot_transports::business_rpc::v3: business RPC V3 selected frame stream_id=0 frame_type=WindowUpdate payload_bytes=4
2026-09-26T01:40:31.946526Z DEBUG netbaiot_transports::business_rpc::v3: business RPC V3 received frame stream_id=540 frame_type=Response payload_bytes=35
2026-09-26T01:40:31.946557Z DEBUG netbaiot_transports::business_rpc::v3: business RPC V3 writer completed frame stream_id=0 frame_type=WindowUpdate payload_bytes=4
2026-09-26T01:40:31.946568Z DEBUG netbaiot_transports::business_rpc::v3: business RPC V3 received frame stream_id=540 frame_type=Data payload_bytes=216
2026-09-26T01:40:31.946573Z DEBUG netbaiot_transports::business_rpc::v3: business RPC V3 selected frame stream_id=0 frame_type=WindowUpdate payload_bytes=4
2026-09-26T01:40:31.946613Z DEBUG netbaiot_transports::business_rpc::v3: business RPC V3 writer completed frame stream_id=0 frame_type=WindowUpdate payload_bytes=4
2026-09-26T01:40:31.946623Z DEBUG netbaiot_transports::business_rpc::v3: business RPC V3 selected frame stream_id=0 frame_type=WindowUpdate payload_bytes=4
2026-09-26T01:40:31.946643Z DEBUG netbaiot_transports::business_rpc::v3: business RPC V3 writer completed frame stream_id=0 frame_type=WindowUpdate payload_bytes=4
2026-09-26T01:40:31.946920Z DEBUG netbaiot_transports::business_rpc::v3: business RPC V3 body entered scheduler stream_id=556 class=Rpc body_bytes=198
2026-09-26T01:40:31.946924Z DEBUG netbaiot_transports::business_rpc::v3: business RPC V3 selected frame stream_id=556 frame_type=Open payload_bytes=158
2026-09-26T01:40:31.946931Z DEBUG netbaiot_transports::business_rpc::v3: business RPC V3 writer completed frame stream_id=556 frame_type=Open payload_bytes=158
2026-09-26T01:40:31.946934Z DEBUG netbaiot_transports::business_rpc::v3: business RPC V3 selected frame stream_id=556 frame_type=Data payload_bytes=198
2026-09-26T01:40:31.946937Z DEBUG netbaiot_transports::business_rpc::v3: business RPC V3 writer completed frame stream_id=556 frame_type=Data payload_bytes=198
2026-09-26T01:40:31.946979Z DEBUG netbaiot_transports::business_rpc::v3: business RPC V3 body entered scheduler stream_id=558 class=Rpc body_bytes=198
2026-09-26T01:40:31.946983Z DEBUG netbaiot_transports::business_rpc::v3: business RPC V3 selected frame stream_id=558 frame_type=Open payload_bytes=158
2026-09-26T01:40:31.946987Z DEBUG netbaiot_transports::business_rpc::v3: business RPC V3 writer completed frame stream_id=558 frame_type=Open payload_bytes=158
2026-09-26T01:40:31.946990Z DEBUG netbaiot_transports::business_rpc::v3: business RPC V3 selected frame stream_id=558 frame_type=Data payload_bytes=198
2026-09-26T01:40:31.946993Z DEBUG netbaiot_transports::business_rpc::v3: business RPC V3 writer completed frame stream_id=558 frame_type=Data payload_bytes=198
2026-09-26T01:40:31.947054Z DEBUG netbaiot_transports::business_rpc::v3: business RPC V3 body entered scheduler stream_id=560 class=Rpc body_bytes=198
2026-09-26T01:40:31.947059Z DEBUG netbaiot_transports::business_rpc::v3: business RPC V3 selected frame stream_id=560 frame_type=Open payload_bytes=158
2026-09-26T01:40:31.947063Z DEBUG netbaiot_transports::business_rpc::v3: business RPC V3 writer completed frame stream_id=560 frame_type=Open payload_bytes=158
2026-09-26T01:40:31.947066Z DEBUG netbaiot_transports::business_rpc::v3: business RPC V3 selected frame stream_id=560 frame_type=Data payload_bytes=198
2026-09-26T01:40:31.947070Z DEBUG netbaiot_transports::business_rpc::v3: business RPC V3 writer completed frame stream_id=560 frame_type=Data payload_bytes=198
2026-09-26T01:40:31.947073Z DEBUG netbaiot_transports::business_rpc::v3: business RPC V3 body entered scheduler stream_id=562 class=Rpc body_bytes=198
2026-09-26T01:40:31.947075Z DEBUG netbaiot_transports::business_rpc::v3: business RPC V3 selected frame stream_id=562 frame_type=Open payload_bytes=158
2026-09-26T01:40:31.947078Z DEBUG netbaiot_transports::business_rpc::v3: business RPC V3 writer completed frame stream_id=562 frame_type=Open payload_bytes=158
2026-09-26T01:40:31.947081Z DEBUG netbaiot_transports::business_rpc::v3: business RPC V3 selected frame stream_id=562 frame_type=Data payload_bytes=198
2026-09-26T01:40:31.947084Z DEBUG netbaiot_transports::business_rpc::v3: business RPC V3 writer completed frame stream_id=562 frame_type=Data payload_bytes=198
2026-09-26T01:40:32.020533Z DEBUG netbaiot_transports::business_rpc::v3: business RPC V3 received frame stream_id=0 frame_type=WindowUpdate payload_bytes=4
2026-09-26T01:40:32.020548Z DEBUG netbaiot_transports::business_rpc::v3: business RPC V3 received frame stream_id=554 frame_type=Response payload_bytes=35
2026-09-26T01:40:32.020554Z DEBUG netbaiot_transports::business_rpc::v3: business RPC V3 received frame stream_id=554 frame_type=Data payload_bytes=216
2026-09-26T01:40:32.020583Z DEBUG netbaiot_transports::business_rpc::v3: business RPC V3 selected frame stream_id=0 frame_type=WindowUpdate payload_bytes=4
2026-09-26T01:40:32.020597Z DEBUG netbaiot_transports::business_rpc::v3: business RPC V3 writer completed frame stream_id=0 frame_type=WindowUpdate payload_bytes=4
2026-09-26T01:40:32.044087Z DEBUG netbaiot_transports::business_rpc::v3: business RPC V3 body entered scheduler stream_id=564 class=Event body_bytes=17366
2026-09-26T01:40:32.044103Z DEBUG netbaiot_transports::business_rpc::v3: business RPC V3 selected frame stream_id=564 frame_type=Open payload_bytes=184
2026-09-26T01:40:32.044112Z DEBUG netbaiot_transports::business_rpc::v3: business RPC V3 writer completed frame stream_id=564 frame_type=Open payload_bytes=184
2026-09-26T01:40:32.044116Z DEBUG netbaiot_transports::business_rpc::v3: business RPC V3 selected frame stream_id=564 frame_type=Data payload_bytes=8192
2026-09-26T01:40:32.044121Z DEBUG netbaiot_transports::business_rpc::v3: business RPC V3 writer completed frame stream_id=564 frame_type=Data payload_bytes=8192
2026-09-26T01:40:32.044124Z DEBUG netbaiot_transports::business_rpc::v3: business RPC V3 selected frame stream_id=564 frame_type=Data payload_bytes=8192
2026-09-26T01:40:32.044133Z DEBUG netbaiot_transports::business_rpc::v3: business RPC V3 writer completed frame stream_id=564 frame_type=Data payload_bytes=8192
2026-09-26T01:40:32.044135Z DEBUG netbaiot_transports::business_rpc::v3: business RPC V3 selected frame stream_id=564 frame_type=Data payload_bytes=982
2026-09-26T01:40:32.044139Z DEBUG netbaiot_transports::business_rpc::v3: business RPC V3 writer completed frame stream_id=564 frame_type=Data payload_bytes=982
2026-09-26T01:40:32.050565Z DEBUG netbaiot_transports::business_rpc::v3: business RPC V3 received frame stream_id=0 frame_type=WindowUpdate payload_bytes=4
2026-09-26T01:40:32.050578Z DEBUG netbaiot_transports::business_rpc::v3: business RPC V3 received frame stream_id=0 frame_type=WindowUpdate payload_bytes=4
2026-09-26T01:40:32.050582Z DEBUG netbaiot_transports::business_rpc::v3: business RPC V3 received frame stream_id=0 frame_type=WindowUpdate payload_bytes=4
2026-09-26T01:40:32.050584Z DEBUG netbaiot_transports::business_rpc::v3: business RPC V3 received frame stream_id=0 frame_type=WindowUpdate payload_bytes=4
2026-09-26T01:40:32.050587Z DEBUG netbaiot_transports::business_rpc::v3: business RPC V3 received frame stream_id=556 frame_type=Response payload_bytes=35
2026-09-26T01:40:32.050592Z DEBUG netbaiot_transports::business_rpc::v3: business RPC V3 received frame stream_id=562 frame_type=Response payload_bytes=35
2026-09-26T01:40:32.050595Z DEBUG netbaiot_transports::business_rpc::v3: business RPC V3 received frame stream_id=560 frame_type=Response payload_bytes=35
2026-09-26T01:40:32.050597Z DEBUG netbaiot_transports::business_rpc::v3: business RPC V3 received frame stream_id=558 frame_type=Response payload_bytes=35
2026-09-26T01:40:32.050599Z DEBUG netbaiot_transports::business_rpc::v3: business RPC V3 received frame stream_id=556 frame_type=Data payload_bytes=216
2026-09-26T01:40:32.050615Z DEBUG netbaiot_transports::business_rpc::v3: business RPC V3 received frame stream_id=562 frame_type=Data payload_bytes=216
2026-09-26T01:40:32.050619Z DEBUG netbaiot_transports::business_rpc::v3: business RPC V3 selected frame stream_id=0 frame_type=WindowUpdate payload_bytes=4
2026-09-26T01:40:32.050624Z DEBUG netbaiot_transports::business_rpc::v3: business RPC V3 received frame stream_id=560 frame_type=Data payload_bytes=216
2026-09-26T01:40:32.050629Z DEBUG netbaiot_transports::business_rpc::v3: business RPC V3 writer completed frame stream_id=0 frame_type=WindowUpdate payload_bytes=4
2026-09-26T01:40:32.050635Z DEBUG netbaiot_transports::business_rpc::v3: business RPC V3 selected frame stream_id=0 frame_type=WindowUpdate payload_bytes=4
2026-09-26T01:40:32.050630Z DEBUG netbaiot_transports::business_rpc::v3: business RPC V3 received frame stream_id=558 frame_type=Data payload_bytes=216
2026-09-26T01:40:32.050639Z DEBUG netbaiot_transports::business_rpc::v3: business RPC V3 writer completed frame stream_id=0 frame_type=WindowUpdate payload_bytes=4
2026-09-26T01:40:32.050680Z DEBUG netbaiot_transports::business_rpc::v3: business RPC V3 selected frame stream_id=0 frame_type=WindowUpdate payload_bytes=4
2026-09-26T01:40:32.050706Z DEBUG netbaiot_transports::business_rpc::v3: business RPC V3 writer completed frame stream_id=0 frame_type=WindowUpdate payload_bytes=4
2026-09-26T01:40:32.050715Z DEBUG netbaiot_transports::business_rpc::v3: business RPC V3 selected frame stream_id=0 frame_type=WindowUpdate payload_bytes=4
2026-09-26T01:40:32.050737Z DEBUG netbaiot_transports::business_rpc::v3: business RPC V3 writer completed frame stream_id=0 frame_type=WindowUpdate payload_bytes=4
2026-09-26T01:40:32.187685Z DEBUG netbaiot_transports::business_rpc::v3: business RPC V3 received frame stream_id=0 frame_type=WindowUpdate payload_bytes=4
2026-09-26T01:40:32.187710Z DEBUG netbaiot_transports::business_rpc::v3: business RPC V3 received frame stream_id=564 frame_type=WindowUpdate payload_bytes=4
2026-09-26T01:40:32.214825Z DEBUG netbaiot_transports::business_rpc::v3: business RPC V3 received frame stream_id=0 frame_type=WindowUpdate payload_bytes=4
2026-09-26T01:40:32.214859Z DEBUG netbaiot_transports::business_rpc::v3: business RPC V3 received frame stream_id=564 frame_type=WindowUpdate payload_bytes=4
2026-09-26T01:40:32.214868Z DEBUG netbaiot_transports::business_rpc::v3: business RPC V3 received frame stream_id=0 frame_type=WindowUpdate payload_bytes=4
2026-09-26T01:40:32.214874Z DEBUG netbaiot_transports::business_rpc::v3: business RPC V3 received frame stream_id=564 frame_type=Response payload_bytes=35
2026-09-26T01:40:32.214882Z DEBUG netbaiot_transports::business_rpc::v3: business RPC V3 received frame stream_id=564 frame_type=Data payload_bytes=118
2026-09-26T01:40:32.214893Z DEBUG netbaiot_transports::business_rpc::v3: business RPC V3 Event delivery acknowledged stream_id=564 completion_us=170811
2026-09-26T01:40:32.214915Z DEBUG netbaiot_transports::business_rpc::v3: business RPC V3 selected frame stream_id=0 frame_type=WindowUpdate payload_bytes=4
2026-09-26T01:40:32.214941Z DEBUG netbaiot_transports::business_rpc::v3: business RPC V3 writer completed frame stream_id=0 frame_type=WindowUpdate payload_bytes=4
2026-09-26T01:40:32.402943Z DEBUG netbaiot_transports::business_rpc::v3: business RPC V3 body entered scheduler stream_id=566 class=Rpc body_bytes=198
2026-09-26T01:40:32.402958Z DEBUG netbaiot_transports::business_rpc::v3: business RPC V3 selected frame stream_id=566 frame_type=Open payload_bytes=158
2026-09-26T01:40:32.402972Z DEBUG netbaiot_transports::business_rpc::v3: business RPC V3 writer completed frame stream_id=566 frame_type=Open payload_bytes=158
2026-09-26T01:40:32.402976Z DEBUG netbaiot_transports::business_rpc::v3: business RPC V3 selected frame stream_id=566 frame_type=Data payload_bytes=198
2026-09-26T01:40:32.402980Z DEBUG netbaiot_transports::business_rpc::v3: business RPC V3 writer completed frame stream_id=566 frame_type=Data payload_bytes=198
2026-09-26T01:40:32.415542Z DEBUG netbaiot_transports::business_rpc::v3: business RPC V3 body entered scheduler stream_id=568 class=Rpc body_bytes=198
2026-09-26T01:40:32.415581Z DEBUG netbaiot_transports::business_rpc::v3: business RPC V3 selected frame stream_id=568 frame_type=Open payload_bytes=158
2026-09-26T01:40:32.415610Z DEBUG netbaiot_transports::business_rpc::v3: business RPC V3 writer completed frame stream_id=568 frame_type=Open payload_bytes=158
2026-09-26T01:40:32.415621Z DEBUG netbaiot_transports::business_rpc::v3: business RPC V3 selected frame stream_id=568 frame_type=Data payload_bytes=198
2026-09-26T01:40:32.415630Z DEBUG netbaiot_transports::business_rpc::v3: business RPC V3 writer completed frame stream_id=568 frame_type=Data payload_bytes=198
2026-09-26T01:40:32.513459Z DEBUG netbaiot_transports::business_rpc::v3: business RPC V3 received frame stream_id=0 frame_type=WindowUpdate payload_bytes=4
2026-09-26T01:40:32.513473Z DEBUG netbaiot_transports::business_rpc::v3: business RPC V3 received frame stream_id=0 frame_type=WindowUpdate payload_bytes=4
2026-09-26T01:40:32.513476Z DEBUG netbaiot_transports::business_rpc::v3: business RPC V3 received frame stream_id=568 frame_type=Response payload_bytes=35
2026-09-26T01:40:32.513482Z DEBUG netbaiot_transports::business_rpc::v3: business RPC V3 received frame stream_id=566 frame_type=Response payload_bytes=35
2026-09-26T01:40:32.513485Z DEBUG netbaiot_transports::business_rpc::v3: business RPC V3 received frame stream_id=568 frame_type=Data payload_bytes=216
2026-09-26T01:40:32.513502Z DEBUG netbaiot_transports::business_rpc::v3: business RPC V3 received frame stream_id=566 frame_type=Data payload_bytes=216
2026-09-26T01:40:32.513509Z DEBUG netbaiot_transports::business_rpc::v3: business RPC V3 selected frame stream_id=0 frame_type=WindowUpdate payload_bytes=4
2026-09-26T01:40:32.513524Z DEBUG netbaiot_transports::business_rpc::v3: business RPC V3 writer completed frame stream_id=0 frame_type=WindowUpdate payload_bytes=4
2026-09-26T01:40:32.513528Z DEBUG netbaiot_transports::business_rpc::v3: business RPC V3 selected frame stream_id=0 frame_type=WindowUpdate payload_bytes=4
2026-09-26T01:40:32.513531Z DEBUG netbaiot_transports::business_rpc::v3: business RPC V3 writer completed frame stream_id=0 frame_type=WindowUpdate payload_bytes=4
2026-09-26T01:40:32.513907Z DEBUG netbaiot_transports::business_rpc::v3: business RPC V3 body entered scheduler stream_id=570 class=Rpc body_bytes=198
2026-09-26T01:40:32.513914Z DEBUG netbaiot_transports::business_rpc::v3: business RPC V3 selected frame stream_id=570 frame_type=Open payload_bytes=158
2026-09-26T01:40:32.513921Z DEBUG netbaiot_transports::business_rpc::v3: business RPC V3 writer completed frame stream_id=570 frame_type=Open payload_bytes=158
2026-09-26T01:40:32.513924Z DEBUG netbaiot_transports::business_rpc::v3: business RPC V3 selected frame stream_id=570 frame_type=Data payload_bytes=198
2026-09-26T01:40:32.513928Z DEBUG netbaiot_transports::business_rpc::v3: business RPC V3 writer completed frame stream_id=570 frame_type=Data payload_bytes=198
2026-09-26T01:40:32.513962Z DEBUG netbaiot_transports::business_rpc::v3: business RPC V3 body entered scheduler stream_id=572 class=Rpc body_bytes=198
2026-09-26T01:40:32.513965Z DEBUG netbaiot_transports::business_rpc::v3: business RPC V3 selected frame stream_id=572 frame_type=Open payload_bytes=158
2026-09-26T01:40:32.513970Z DEBUG netbaiot_transports::business_rpc::v3: business RPC V3 writer completed frame stream_id=572 frame_type=Open payload_bytes=158
2026-09-26T01:40:32.513972Z DEBUG netbaiot_transports::business_rpc::v3: business RPC V3 selected frame stream_id=572 frame_type=Data payload_bytes=198
2026-09-26T01:40:32.513975Z DEBUG netbaiot_transports::business_rpc::v3: business RPC V3 writer completed frame stream_id=572 frame_type=Data payload_bytes=198
2026-09-26T01:40:32.537353Z DEBUG netbaiot_transports::business_rpc::v3: business RPC V3 body entered scheduler stream_id=574 class=Rpc body_bytes=198
2026-09-26T01:40:32.537370Z DEBUG netbaiot_transports::business_rpc::v3: business RPC V3 body entered scheduler stream_id=576 class=Rpc body_bytes=198
2026-09-26T01:40:32.537373Z DEBUG netbaiot_transports::business_rpc::v3: business RPC V3 selected frame stream_id=574 frame_type=Open payload_bytes=158
2026-09-26T01:40:32.537382Z DEBUG netbaiot_transports::business_rpc::v3: business RPC V3 writer completed frame stream_id=574 frame_type=Open payload_bytes=158
2026-09-26T01:40:32.537386Z DEBUG netbaiot_transports::business_rpc::v3: business RPC V3 selected frame stream_id=576 frame_type=Open payload_bytes=158
2026-09-26T01:40:32.537390Z DEBUG netbaiot_transports::business_rpc::v3: business RPC V3 writer completed frame stream_id=576 frame_type=Open payload_bytes=158
2026-09-26T01:40:32.537393Z DEBUG netbaiot_transports::business_rpc::v3: business RPC V3 selected frame stream_id=574 frame_type=Data payload_bytes=198
2026-09-26T01:40:32.537396Z DEBUG netbaiot_transports::business_rpc::v3: business RPC V3 writer completed frame stream_id=574 frame_type=Data payload_bytes=198
2026-09-26T01:40:32.537400Z DEBUG netbaiot_transports::business_rpc::v3: business RPC V3 selected frame stream_id=576 frame_type=Data payload_bytes=198
2026-09-26T01:40:32.537403Z DEBUG netbaiot_transports::business_rpc::v3: business RPC V3 writer completed frame stream_id=576 frame_type=Data payload_bytes=198
2026-09-26T01:40:32.542744Z DEBUG netbaiot_transports::business_rpc::v3: business RPC V3 body entered scheduler stream_id=578 class=Rpc body_bytes=198
2026-09-26T01:40:32.542757Z DEBUG netbaiot_transports::business_rpc::v3: business RPC V3 selected frame stream_id=578 frame_type=Open payload_bytes=158
2026-09-26T01:40:32.542765Z DEBUG netbaiot_transports::business_rpc::v3: business RPC V3 writer completed frame stream_id=578 frame_type=Open payload_bytes=158
2026-09-26T01:40:32.542769Z DEBUG netbaiot_transports::business_rpc::v3: business RPC V3 selected frame stream_id=578 frame_type=Data payload_bytes=198
2026-09-26T01:40:32.542772Z DEBUG netbaiot_transports::business_rpc::v3: business RPC V3 writer completed frame stream_id=578 frame_type=Data payload_bytes=198
2026-09-26T01:40:32.545143Z DEBUG netbaiot_transports::business_rpc::v3: business RPC V3 body entered scheduler stream_id=580 class=Event body_bytes=17366
2026-09-26T01:40:32.545156Z DEBUG netbaiot_transports::business_rpc::v3: business RPC V3 selected frame stream_id=580 frame_type=Open payload_bytes=184
2026-09-26T01:40:32.545165Z DEBUG netbaiot_transports::business_rpc::v3: business RPC V3 writer completed frame stream_id=580 frame_type=Open payload_bytes=184
2026-09-26T01:40:32.545170Z DEBUG netbaiot_transports::business_rpc::v3: business RPC V3 selected frame stream_id=580 frame_type=Data payload_bytes=8192
2026-09-26T01:40:32.545176Z DEBUG netbaiot_transports::business_rpc::v3: business RPC V3 writer completed frame stream_id=580 frame_type=Data payload_bytes=8192
2026-09-26T01:40:32.545178Z DEBUG netbaiot_transports::business_rpc::v3: business RPC V3 selected frame stream_id=580 frame_type=Data payload_bytes=8192
2026-09-26T01:40:32.545185Z DEBUG netbaiot_transports::business_rpc::v3: business RPC V3 writer completed frame stream_id=580 frame_type=Data payload_bytes=8192
2026-09-26T01:40:32.545188Z DEBUG netbaiot_transports::business_rpc::v3: business RPC V3 selected frame stream_id=580 frame_type=Data payload_bytes=982
2026-09-26T01:40:32.545193Z DEBUG netbaiot_transports::business_rpc::v3: business RPC V3 writer completed frame stream_id=580 frame_type=Data payload_bytes=982
2026-09-26T01:40:32.548437Z DEBUG netbaiot_transports::business_rpc::v3: business RPC V3 body entered scheduler stream_id=582 class=Rpc body_bytes=198
2026-09-26T01:40:32.548444Z DEBUG netbaiot_transports::business_rpc::v3: business RPC V3 selected frame stream_id=582 frame_type=Open payload_bytes=158
2026-09-26T01:40:32.548451Z DEBUG netbaiot_transports::business_rpc::v3: business RPC V3 writer completed frame stream_id=582 frame_type=Open payload_bytes=158
2026-09-26T01:40:32.548454Z DEBUG netbaiot_transports::business_rpc::v3: business RPC V3 selected frame stream_id=582 frame_type=Data payload_bytes=198
2026-09-26T01:40:32.548458Z DEBUG netbaiot_transports::business_rpc::v3: business RPC V3 writer completed frame stream_id=582 frame_type=Data payload_bytes=198
2026-09-26T01:40:32.599905Z DEBUG netbaiot_transports::business_rpc::v3: business RPC V3 body entered scheduler stream_id=584 class=Rpc body_bytes=198
2026-09-26T01:40:32.599926Z DEBUG netbaiot_transports::business_rpc::v3: business RPC V3 selected frame stream_id=584 frame_type=Open payload_bytes=158
2026-09-26T01:40:32.599935Z DEBUG netbaiot_transports::business_rpc::v3: business RPC V3 writer completed frame stream_id=584 frame_type=Open payload_bytes=158
2026-09-26T01:40:32.599939Z DEBUG netbaiot_transports::business_rpc::v3: business RPC V3 selected frame stream_id=584 frame_type=Data payload_bytes=198
2026-09-26T01:40:32.599943Z DEBUG netbaiot_transports::business_rpc::v3: business RPC V3 writer completed frame stream_id=584 frame_type=Data payload_bytes=198
2026-09-26T01:40:32.628409Z DEBUG netbaiot_transports::business_rpc::v3: business RPC V3 received frame stream_id=0 frame_type=WindowUpdate payload_bytes=4
2026-09-26T01:40:32.628428Z DEBUG netbaiot_transports::business_rpc::v3: business RPC V3 received frame stream_id=0 frame_type=WindowUpdate payload_bytes=4
2026-09-26T01:40:32.628431Z DEBUG netbaiot_transports::business_rpc::v3: business RPC V3 received frame stream_id=0 frame_type=WindowUpdate payload_bytes=4
2026-09-26T01:40:32.628434Z DEBUG netbaiot_transports::business_rpc::v3: business RPC V3 received frame stream_id=0 frame_type=WindowUpdate payload_bytes=4
2026-09-26T01:40:32.628436Z DEBUG netbaiot_transports::business_rpc::v3: business RPC V3 received frame stream_id=576 frame_type=Response payload_bytes=35
2026-09-26T01:40:32.628441Z DEBUG netbaiot_transports::business_rpc::v3: business RPC V3 received frame stream_id=574 frame_type=Response payload_bytes=35
2026-09-26T01:40:32.628444Z DEBUG netbaiot_transports::business_rpc::v3: business RPC V3 received frame stream_id=570 frame_type=Response payload_bytes=35
2026-09-26T01:40:32.628447Z DEBUG netbaiot_transports::business_rpc::v3: business RPC V3 received frame stream_id=576 frame_type=Data payload_bytes=216
2026-09-26T01:40:32.628463Z DEBUG netbaiot_transports::business_rpc::v3: business RPC V3 received frame stream_id=574 frame_type=Data payload_bytes=216
2026-09-26T01:40:32.628470Z DEBUG netbaiot_transports::business_rpc::v3: business RPC V3 received frame stream_id=570 frame_type=Data payload_bytes=216
2026-09-26T01:40:32.628472Z DEBUG netbaiot_transports::business_rpc::v3: business RPC V3 selected frame stream_id=0 frame_type=WindowUpdate payload_bytes=4
2026-09-26T01:40:32.628489Z DEBUG netbaiot_transports::business_rpc::v3: business RPC V3 writer completed frame stream_id=0 frame_type=WindowUpdate payload_bytes=4
2026-09-26T01:40:32.628493Z DEBUG netbaiot_transports::business_rpc::v3: business RPC V3 selected frame stream_id=0 frame_type=WindowUpdate payload_bytes=4
2026-09-26T01:40:32.628500Z DEBUG netbaiot_transports::business_rpc::v3: business RPC V3 writer completed frame stream_id=0 frame_type=WindowUpdate payload_bytes=4
2026-09-26T01:40:32.628503Z DEBUG netbaiot_transports::business_rpc::v3: business RPC V3 selected frame stream_id=0 frame_type=WindowUpdate payload_bytes=4
2026-09-26T01:40:32.628476Z DEBUG netbaiot_transports::business_rpc::v3: business RPC V3 received frame stream_id=572 frame_type=Response payload_bytes=35
2026-09-26T01:40:32.628516Z DEBUG netbaiot_transports::business_rpc::v3: business RPC V3 received frame stream_id=572 frame_type=Data payload_bytes=216
2026-09-26T01:40:32.628506Z DEBUG netbaiot_transports::business_rpc::v3: business RPC V3 writer completed frame stream_id=0 frame_type=WindowUpdate payload_bytes=4
2026-09-26T01:40:32.628573Z DEBUG netbaiot_transports::business_rpc::v3: business RPC V3 selected frame stream_id=0 frame_type=WindowUpdate payload_bytes=4
2026-09-26T01:40:32.628581Z DEBUG netbaiot_transports::business_rpc::v3: business RPC V3 writer completed frame stream_id=0 frame_type=WindowUpdate payload_bytes=4
2026-09-26T01:40:32.628917Z DEBUG netbaiot_transports::business_rpc::v3: business RPC V3 body entered scheduler stream_id=586 class=Rpc body_bytes=198
2026-09-26T01:40:32.628922Z DEBUG netbaiot_transports::business_rpc::v3: business RPC V3 selected frame stream_id=586 frame_type=Open payload_bytes=158
2026-09-26T01:40:32.628927Z DEBUG netbaiot_transports::business_rpc::v3: business RPC V3 writer completed frame stream_id=586 frame_type=Open payload_bytes=158
2026-09-26T01:40:32.628930Z DEBUG netbaiot_transports::business_rpc::v3: business RPC V3 selected frame stream_id=586 frame_type=Data payload_bytes=198
2026-09-26T01:40:32.628933Z DEBUG netbaiot_transports::business_rpc::v3: business RPC V3 writer completed frame stream_id=586 frame_type=Data payload_bytes=198
2026-09-26T01:40:32.628940Z DEBUG netbaiot_transports::business_rpc::v3: business RPC V3 body entered scheduler stream_id=588 class=Rpc body_bytes=198
2026-09-26T01:40:32.628944Z DEBUG netbaiot_transports::business_rpc::v3: business RPC V3 selected frame stream_id=588 frame_type=Open payload_bytes=158
2026-09-26T01:40:32.628948Z DEBUG netbaiot_transports::business_rpc::v3: business RPC V3 writer completed frame stream_id=588 frame_type=Open payload_bytes=158
2026-09-26T01:40:32.628951Z DEBUG netbaiot_transports::business_rpc::v3: business RPC V3 selected frame stream_id=588 frame_type=Data payload_bytes=198
2026-09-26T01:40:32.628960Z DEBUG netbaiot_transports::business_rpc::v3: business RPC V3 writer completed frame stream_id=588 frame_type=Data payload_bytes=198
2026-09-26T01:40:32.628963Z DEBUG netbaiot_transports::business_rpc::v3: business RPC V3 body entered scheduler stream_id=590 class=Rpc body_bytes=198
2026-09-26T01:40:32.628965Z DEBUG netbaiot_transports::business_rpc::v3: business RPC V3 selected frame stream_id=590 frame_type=Open payload_bytes=158
2026-09-26T01:40:32.628968Z DEBUG netbaiot_transports::business_rpc::v3: business RPC V3 writer completed frame stream_id=590 frame_type=Open payload_bytes=158
2026-09-26T01:40:32.628970Z DEBUG netbaiot_transports::business_rpc::v3: business RPC V3 selected frame stream_id=590 frame_type=Data payload_bytes=198
2026-09-26T01:40:32.628973Z DEBUG netbaiot_transports::business_rpc::v3: business RPC V3 writer completed frame stream_id=590 frame_type=Data payload_bytes=198
2026-09-26T01:40:32.628981Z DEBUG netbaiot_transports::business_rpc::v3: business RPC V3 body entered scheduler stream_id=592 class=Rpc body_bytes=198
2026-09-26T01:40:32.628984Z DEBUG netbaiot_transports::business_rpc::v3: business RPC V3 selected frame stream_id=592 frame_type=Open payload_bytes=158
2026-09-26T01:40:32.628988Z DEBUG netbaiot_transports::business_rpc::v3: business RPC V3 writer completed frame stream_id=592 frame_type=Open payload_bytes=158
2026-09-26T01:40:32.628990Z DEBUG netbaiot_transports::business_rpc::v3: business RPC V3 selected frame stream_id=592 frame_type=Data payload_bytes=198
2026-09-26T01:40:32.628997Z DEBUG netbaiot_transports::business_rpc::v3: business RPC V3 writer completed frame stream_id=592 frame_type=Data payload_bytes=198
2026-09-26T01:40:32.714061Z DEBUG netbaiot_transports::business_rpc::v3: business RPC V3 received frame stream_id=0 frame_type=WindowUpdate payload_bytes=4
2026-09-26T01:40:32.714077Z DEBUG netbaiot_transports::business_rpc::v3: business RPC V3 received frame stream_id=0 frame_type=WindowUpdate payload_bytes=4
2026-09-26T01:40:32.714080Z DEBUG netbaiot_transports::business_rpc::v3: business RPC V3 received frame stream_id=580 frame_type=WindowUpdate payload_bytes=4
2026-09-26T01:40:32.714082Z DEBUG netbaiot_transports::business_rpc::v3: business RPC V3 received frame stream_id=578 frame_type=Response payload_bytes=35
2026-09-26T01:40:32.714087Z DEBUG netbaiot_transports::business_rpc::v3: business RPC V3 received frame stream_id=578 frame_type=Data payload_bytes=216
2026-09-26T01:40:32.714108Z DEBUG netbaiot_transports::business_rpc::v3: business RPC V3 selected frame stream_id=0 frame_type=WindowUpdate payload_bytes=4
2026-09-26T01:40:32.714120Z DEBUG netbaiot_transports::business_rpc::v3: business RPC V3 writer completed frame stream_id=0 frame_type=WindowUpdate payload_bytes=4
2026-09-26T01:40:32.714430Z DEBUG netbaiot_transports::business_rpc::v3: business RPC V3 body entered scheduler stream_id=594 class=Rpc body_bytes=198
2026-09-26T01:40:32.714435Z DEBUG netbaiot_transports::business_rpc::v3: business RPC V3 selected frame stream_id=594 frame_type=Open payload_bytes=158
2026-09-26T01:40:32.714442Z DEBUG netbaiot_transports::business_rpc::v3: business RPC V3 writer completed frame stream_id=594 frame_type=Open payload_bytes=158
2026-09-26T01:40:32.714445Z DEBUG netbaiot_transports::business_rpc::v3: business RPC V3 selected frame stream_id=594 frame_type=Data payload_bytes=198
2026-09-26T01:40:32.714448Z DEBUG netbaiot_transports::business_rpc::v3: business RPC V3 writer completed frame stream_id=594 frame_type=Data payload_bytes=198
2026-09-26T01:40:32.747165Z DEBUG netbaiot_transports::business_rpc::v3: business RPC V3 received frame stream_id=0 frame_type=WindowUpdate payload_bytes=4
2026-09-26T01:40:32.747175Z DEBUG netbaiot_transports::business_rpc::v3: business RPC V3 received frame stream_id=580 frame_type=WindowUpdate payload_bytes=4
2026-09-26T01:40:32.747178Z DEBUG netbaiot_transports::business_rpc::v3: business RPC V3 received frame stream_id=0 frame_type=WindowUpdate payload_bytes=4
2026-09-26T01:40:32.747181Z DEBUG netbaiot_transports::business_rpc::v3: business RPC V3 received frame stream_id=0 frame_type=WindowUpdate payload_bytes=4
2026-09-26T01:40:32.747184Z DEBUG netbaiot_transports::business_rpc::v3: business RPC V3 received frame stream_id=0 frame_type=WindowUpdate payload_bytes=4
2026-09-26T01:40:32.747187Z DEBUG netbaiot_transports::business_rpc::v3: business RPC V3 received frame stream_id=0 frame_type=WindowUpdate payload_bytes=4
2026-09-26T01:40:32.747190Z DEBUG netbaiot_transports::business_rpc::v3: business RPC V3 received frame stream_id=0 frame_type=WindowUpdate payload_bytes=4
2026-09-26T01:40:32.747192Z DEBUG netbaiot_transports::business_rpc::v3: business RPC V3 received frame stream_id=0 frame_type=WindowUpdate payload_bytes=4
2026-09-26T01:40:32.747194Z DEBUG netbaiot_transports::business_rpc::v3: business RPC V3 received frame stream_id=0 frame_type=WindowUpdate payload_bytes=4
2026-09-26T01:40:32.747197Z DEBUG netbaiot_transports::business_rpc::v3: business RPC V3 received frame stream_id=592 frame_type=Response payload_bytes=35
2026-09-26T01:40:32.747201Z DEBUG netbaiot_transports::business_rpc::v3: business RPC V3 received frame stream_id=582 frame_type=Response payload_bytes=35
2026-09-26T01:40:32.747204Z DEBUG netbaiot_transports::business_rpc::v3: business RPC V3 received frame stream_id=584 frame_type=Response payload_bytes=35
2026-09-26T01:40:32.747207Z DEBUG netbaiot_transports::business_rpc::v3: business RPC V3 received frame stream_id=588 frame_type=Response payload_bytes=35
2026-09-26T01:40:32.747210Z DEBUG netbaiot_transports::business_rpc::v3: business RPC V3 received frame stream_id=590 frame_type=Response payload_bytes=35
2026-09-26T01:40:32.747212Z DEBUG netbaiot_transports::business_rpc::v3: business RPC V3 received frame stream_id=592 frame_type=Data payload_bytes=216
2026-09-26T01:40:32.747226Z DEBUG netbaiot_transports::business_rpc::v3: business RPC V3 received frame stream_id=586 frame_type=Response payload_bytes=35
2026-09-26T01:40:32.747229Z DEBUG netbaiot_transports::business_rpc::v3: business RPC V3 received frame stream_id=582 frame_type=Data payload_bytes=216
2026-09-26T01:40:32.747231Z DEBUG netbaiot_transports::business_rpc::v3: business RPC V3 selected frame stream_id=0 frame_type=WindowUpdate payload_bytes=4
2026-09-26T01:40:32.747236Z DEBUG netbaiot_transports::business_rpc::v3: business RPC V3 received frame stream_id=584 frame_type=Data payload_bytes=216
2026-09-26T01:40:32.747242Z DEBUG netbaiot_transports::business_rpc::v3: business RPC V3 writer completed frame stream_id=0 frame_type=WindowUpdate payload_bytes=4
2026-09-26T01:40:32.747246Z DEBUG netbaiot_transports::business_rpc::v3: business RPC V3 selected frame stream_id=0 frame_type=WindowUpdate payload_bytes=4
2026-09-26T01:40:32.747247Z DEBUG netbaiot_transports::business_rpc::v3: business RPC V3 received frame stream_id=588 frame_type=Data payload_bytes=216
2026-09-26T01:40:32.747260Z DEBUG netbaiot_transports::business_rpc::v3: business RPC V3 received frame stream_id=590 frame_type=Data payload_bytes=216
2026-09-26T01:40:32.747266Z DEBUG netbaiot_transports::business_rpc::v3: business RPC V3 received frame stream_id=586 frame_type=Data payload_bytes=216
2026-09-26T01:40:32.747276Z DEBUG netbaiot_transports::business_rpc::v3: business RPC V3 received frame stream_id=580 frame_type=Response payload_bytes=35
2026-09-26T01:40:32.747280Z DEBUG netbaiot_transports::business_rpc::v3: business RPC V3 received frame stream_id=580 frame_type=Data payload_bytes=118
2026-09-26T01:40:32.747291Z DEBUG netbaiot_transports::business_rpc::v3: business RPC V3 Event delivery acknowledged stream_id=580 completion_us=202152
2026-09-26T01:40:32.747251Z DEBUG netbaiot_transports::business_rpc::v3: business RPC V3 writer completed frame stream_id=0 frame_type=WindowUpdate payload_bytes=4
2026-09-26T01:40:32.747300Z DEBUG netbaiot_transports::business_rpc::v3: business RPC V3 selected frame stream_id=0 frame_type=WindowUpdate payload_bytes=4
2026-09-26T01:40:32.747306Z DEBUG netbaiot_transports::business_rpc::v3: business RPC V3 writer completed frame stream_id=0 frame_type=WindowUpdate payload_bytes=4
2026-09-26T01:40:32.747310Z DEBUG netbaiot_transports::business_rpc::v3: business RPC V3 selected frame stream_id=0 frame_type=WindowUpdate payload_bytes=4
2026-09-26T01:40:32.747322Z DEBUG netbaiot_transports::business_rpc::v3: business RPC V3 writer completed frame stream_id=0 frame_type=WindowUpdate payload_bytes=4
2026-09-26T01:40:32.747325Z DEBUG netbaiot_transports::business_rpc::v3: business RPC V3 selected frame stream_id=0 frame_type=WindowUpdate payload_bytes=4
2026-09-26T01:40:32.747329Z DEBUG netbaiot_transports::business_rpc::v3: business RPC V3 writer completed frame stream_id=0 frame_type=WindowUpdate payload_bytes=4
2026-09-26T01:40:32.747331Z DEBUG netbaiot_transports::business_rpc::v3: business RPC V3 selected frame stream_id=0 frame_type=WindowUpdate payload_bytes=4
2026-09-26T01:40:32.747335Z DEBUG netbaiot_transports::business_rpc::v3: business RPC V3 writer completed frame stream_id=0 frame_type=WindowUpdate payload_bytes=4
2026-09-26T01:40:32.747337Z DEBUG netbaiot_transports::business_rpc::v3: business RPC V3 selected frame stream_id=0 frame_type=WindowUpdate payload_bytes=4
2026-09-26T01:40:32.747340Z DEBUG netbaiot_transports::business_rpc::v3: business RPC V3 writer completed frame stream_id=0 frame_type=WindowUpdate payload_bytes=4
2026-09-26T01:40:32.747749Z DEBUG netbaiot_transports::business_rpc::v3: business RPC V3 body entered scheduler stream_id=596 class=Rpc body_bytes=198
2026-09-26T01:40:32.747753Z DEBUG netbaiot_transports::business_rpc::v3: business RPC V3 selected frame stream_id=596 frame_type=Open payload_bytes=158
2026-09-26T01:40:32.747759Z DEBUG netbaiot_transports::business_rpc::v3: business RPC V3 writer completed frame stream_id=596 frame_type=Open payload_bytes=158
2026-09-26T01:40:32.747762Z DEBUG netbaiot_transports::business_rpc::v3: business RPC V3 selected frame stream_id=596 frame_type=Data payload_bytes=198
2026-09-26T01:40:32.747765Z DEBUG netbaiot_transports::business_rpc::v3: business RPC V3 writer completed frame stream_id=596 frame_type=Data payload_bytes=198
2026-09-26T01:40:32.747818Z DEBUG netbaiot_transports::business_rpc::v3: business RPC V3 body entered scheduler stream_id=598 class=Rpc body_bytes=198
2026-09-26T01:40:32.747822Z DEBUG netbaiot_transports::business_rpc::v3: business RPC V3 selected frame stream_id=598 frame_type=Open payload_bytes=158
2026-09-26T01:40:32.747827Z DEBUG netbaiot_transports::business_rpc::v3: business RPC V3 writer completed frame stream_id=598 frame_type=Open payload_bytes=158
2026-09-26T01:40:32.747830Z DEBUG netbaiot_transports::business_rpc::v3: business RPC V3 selected frame stream_id=598 frame_type=Data payload_bytes=198
2026-09-26T01:40:32.747833Z DEBUG netbaiot_transports::business_rpc::v3: business RPC V3 writer completed frame stream_id=598 frame_type=Data payload_bytes=198
2026-09-26T01:40:32.747841Z DEBUG netbaiot_transports::business_rpc::v3: business RPC V3 body entered scheduler stream_id=600 class=Rpc body_bytes=198
2026-09-26T01:40:32.747845Z DEBUG netbaiot_transports::business_rpc::v3: business RPC V3 selected frame stream_id=600 frame_type=Open payload_bytes=158
2026-09-26T01:40:32.747852Z DEBUG netbaiot_transports::business_rpc::v3: business RPC V3 writer completed frame stream_id=600 frame_type=Open payload_bytes=158
2026-09-26T01:40:32.747855Z DEBUG netbaiot_transports::business_rpc::v3: business RPC V3 selected frame stream_id=600 frame_type=Data payload_bytes=198
2026-09-26T01:40:32.747858Z DEBUG netbaiot_transports::business_rpc::v3: business RPC V3 writer completed frame stream_id=600 frame_type=Data payload_bytes=198
2026-09-26T01:40:32.747873Z DEBUG netbaiot_transports::business_rpc::v3: business RPC V3 body entered scheduler stream_id=602 class=Rpc body_bytes=198
2026-09-26T01:40:32.747877Z DEBUG netbaiot_transports::business_rpc::v3: business RPC V3 selected frame stream_id=602 frame_type=Open payload_bytes=158
2026-09-26T01:40:32.747885Z DEBUG netbaiot_transports::business_rpc::v3: business RPC V3 writer completed frame stream_id=602 frame_type=Open payload_bytes=158
2026-09-26T01:40:32.747889Z DEBUG netbaiot_transports::business_rpc::v3: business RPC V3 selected frame stream_id=602 frame_type=Data payload_bytes=198
2026-09-26T01:40:32.747892Z DEBUG netbaiot_transports::business_rpc::v3: business RPC V3 writer completed frame stream_id=602 frame_type=Data payload_bytes=198
2026-09-26T01:40:32.747919Z DEBUG netbaiot_transports::business_rpc::v3: business RPC V3 body entered scheduler stream_id=604 class=Rpc body_bytes=198
2026-09-26T01:40:32.747923Z DEBUG netbaiot_transports::business_rpc::v3: business RPC V3 selected frame stream_id=604 frame_type=Open payload_bytes=158
2026-09-26T01:40:32.747926Z DEBUG netbaiot_transports::business_rpc::v3: business RPC V3 writer completed frame stream_id=604 frame_type=Open payload_bytes=158
2026-09-26T01:40:32.747929Z DEBUG netbaiot_transports::business_rpc::v3: business RPC V3 selected frame stream_id=604 frame_type=Data payload_bytes=198
2026-09-26T01:40:32.747932Z DEBUG netbaiot_transports::business_rpc::v3: business RPC V3 writer completed frame stream_id=604 frame_type=Data payload_bytes=198
2026-09-26T01:40:32.747938Z DEBUG netbaiot_transports::business_rpc::v3: business RPC V3 body entered scheduler stream_id=606 class=Rpc body_bytes=198
2026-09-26T01:40:32.747942Z DEBUG netbaiot_transports::business_rpc::v3: business RPC V3 selected frame stream_id=606 frame_type=Open payload_bytes=158
2026-09-26T01:40:32.747945Z DEBUG netbaiot_transports::business_rpc::v3: business RPC V3 writer completed frame stream_id=606 frame_type=Open payload_bytes=158
2026-09-26T01:40:32.747948Z DEBUG netbaiot_transports::business_rpc::v3: business RPC V3 selected frame stream_id=606 frame_type=Data payload_bytes=198
2026-09-26T01:40:32.747951Z DEBUG netbaiot_transports::business_rpc::v3: business RPC V3 writer completed frame stream_id=606 frame_type=Data payload_bytes=198
2026-09-26T01:40:32.821843Z DEBUG netbaiot_transports::business_rpc::v3: business RPC V3 received frame stream_id=0 frame_type=WindowUpdate payload_bytes=4
2026-09-26T01:40:32.821863Z DEBUG netbaiot_transports::business_rpc::v3: business RPC V3 received frame stream_id=594 frame_type=Response payload_bytes=35
2026-09-26T01:40:32.821870Z DEBUG netbaiot_transports::business_rpc::v3: business RPC V3 received frame stream_id=594 frame_type=Data payload_bytes=216
2026-09-26T01:40:32.821895Z DEBUG netbaiot_transports::business_rpc::v3: business RPC V3 selected frame stream_id=0 frame_type=WindowUpdate payload_bytes=4
2026-09-26T01:40:32.821906Z DEBUG netbaiot_transports::business_rpc::v3: business RPC V3 writer completed frame stream_id=0 frame_type=WindowUpdate payload_bytes=4
2026-09-26T01:40:32.822269Z DEBUG netbaiot_transports::business_rpc::v3: business RPC V3 body entered scheduler stream_id=608 class=Rpc body_bytes=198
2026-09-26T01:40:32.822273Z DEBUG netbaiot_transports::business_rpc::v3: business RPC V3 selected frame stream_id=608 frame_type=Open payload_bytes=158
2026-09-26T01:40:32.822280Z DEBUG netbaiot_transports::business_rpc::v3: business RPC V3 writer completed frame stream_id=608 frame_type=Open payload_bytes=158
2026-09-26T01:40:32.822284Z DEBUG netbaiot_transports::business_rpc::v3: business RPC V3 selected frame stream_id=608 frame_type=Data payload_bytes=198
2026-09-26T01:40:32.822287Z DEBUG netbaiot_transports::business_rpc::v3: business RPC V3 writer completed frame stream_id=608 frame_type=Data payload_bytes=198
2026-09-26T01:40:32.823442Z DEBUG netbaiot_transports::business_rpc::v3: business RPC V3 body entered scheduler stream_id=610 class=Rpc body_bytes=198
2026-09-26T01:40:32.823447Z DEBUG netbaiot_transports::business_rpc::v3: business RPC V3 selected frame stream_id=610 frame_type=Open payload_bytes=158
2026-09-26T01:40:32.823454Z DEBUG netbaiot_transports::business_rpc::v3: business RPC V3 writer completed frame stream_id=610 frame_type=Open payload_bytes=158
2026-09-26T01:40:32.823457Z DEBUG netbaiot_transports::business_rpc::v3: business RPC V3 selected frame stream_id=610 frame_type=Data payload_bytes=198
2026-09-26T01:40:32.823460Z DEBUG netbaiot_transports::business_rpc::v3: business RPC V3 writer completed frame stream_id=610 frame_type=Data payload_bytes=198
2026-09-26T01:40:32.854270Z DEBUG netbaiot_transports::business_rpc::v3: business RPC V3 received frame stream_id=0 frame_type=WindowUpdate payload_bytes=4
2026-09-26T01:40:32.854286Z DEBUG netbaiot_transports::business_rpc::v3: business RPC V3 received frame stream_id=0 frame_type=WindowUpdate payload_bytes=4
2026-09-26T01:40:32.854289Z DEBUG netbaiot_transports::business_rpc::v3: business RPC V3 received frame stream_id=0 frame_type=WindowUpdate payload_bytes=4
2026-09-26T01:40:32.854291Z DEBUG netbaiot_transports::business_rpc::v3: business RPC V3 received frame stream_id=0 frame_type=WindowUpdate payload_bytes=4
2026-09-26T01:40:32.854293Z DEBUG netbaiot_transports::business_rpc::v3: business RPC V3 received frame stream_id=0 frame_type=WindowUpdate payload_bytes=4
2026-09-26T01:40:32.854295Z DEBUG netbaiot_transports::business_rpc::v3: business RPC V3 received frame stream_id=0 frame_type=WindowUpdate payload_bytes=4
2026-09-26T01:40:32.854298Z DEBUG netbaiot_transports::business_rpc::v3: business RPC V3 received frame stream_id=606 frame_type=Response payload_bytes=35
2026-09-26T01:40:32.854305Z DEBUG netbaiot_transports::business_rpc::v3: business RPC V3 received frame stream_id=600 frame_type=Response payload_bytes=35
2026-09-26T01:40:32.854308Z DEBUG netbaiot_transports::business_rpc::v3: business RPC V3 received frame stream_id=602 frame_type=Response payload_bytes=35
2026-09-26T01:40:32.854313Z DEBUG netbaiot_transports::business_rpc::v3: business RPC V3 received frame stream_id=606 frame_type=Data payload_bytes=216
2026-09-26T01:40:32.854335Z DEBUG netbaiot_transports::business_rpc::v3: business RPC V3 received frame stream_id=596 frame_type=Response payload_bytes=35
2026-09-26T01:40:32.854337Z DEBUG netbaiot_transports::business_rpc::v3: business RPC V3 received frame stream_id=598 frame_type=Response payload_bytes=35
2026-09-26T01:40:32.854339Z DEBUG netbaiot_transports::business_rpc::v3: business RPC V3 received frame stream_id=604 frame_type=Response payload_bytes=35
2026-09-26T01:40:32.854341Z DEBUG netbaiot_transports::business_rpc::v3: business RPC V3 selected frame stream_id=0 frame_type=WindowUpdate payload_bytes=4
2026-09-26T01:40:32.854342Z DEBUG netbaiot_transports::business_rpc::v3: business RPC V3 received frame stream_id=600 frame_type=Data payload_bytes=216
2026-09-26T01:40:32.854359Z DEBUG netbaiot_transports::business_rpc::v3: business RPC V3 writer completed frame stream_id=0 frame_type=WindowUpdate payload_bytes=4
2026-09-26T01:40:32.854364Z DEBUG netbaiot_transports::business_rpc::v3: business RPC V3 selected frame stream_id=0 frame_type=WindowUpdate payload_bytes=4
2026-09-26T01:40:32.854360Z DEBUG netbaiot_transports::business_rpc::v3: business RPC V3 received frame stream_id=602 frame_type=Data payload_bytes=216
2026-09-26T01:40:32.854369Z DEBUG netbaiot_transports::business_rpc::v3: business RPC V3 writer completed frame stream_id=0 frame_type=WindowUpdate payload_bytes=4
2026-09-26T01:40:32.854376Z DEBUG netbaiot_transports::business_rpc::v3: business RPC V3 selected frame stream_id=0 frame_type=WindowUpdate payload_bytes=4
2026-09-26T01:40:32.854377Z DEBUG netbaiot_transports::business_rpc::v3: business RPC V3 received frame stream_id=596 frame_type=Data payload_bytes=216
2026-09-26T01:40:32.854379Z DEBUG netbaiot_transports::business_rpc::v3: business RPC V3 writer completed frame stream_id=0 frame_type=WindowUpdate payload_bytes=4
2026-09-26T01:40:32.854389Z DEBUG netbaiot_transports::business_rpc::v3: business RPC V3 selected frame stream_id=0 frame_type=WindowUpdate payload_bytes=4
2026-09-26T01:40:32.854394Z DEBUG netbaiot_transports::business_rpc::v3: business RPC V3 writer completed frame stream_id=0 frame_type=WindowUpdate payload_bytes=4
2026-09-26T01:40:32.854385Z DEBUG netbaiot_transports::business_rpc::v3: business RPC V3 received frame stream_id=598 frame_type=Data payload_bytes=216
2026-09-26T01:40:32.854423Z DEBUG netbaiot_transports::business_rpc::v3: business RPC V3 received frame stream_id=604 frame_type=Data payload_bytes=216
2026-09-26T01:40:32.854426Z DEBUG netbaiot_transports::business_rpc::v3: business RPC V3 selected frame stream_id=0 frame_type=WindowUpdate payload_bytes=4
2026-09-26T01:40:32.854436Z DEBUG netbaiot_transports::business_rpc::v3: business RPC V3 writer completed frame stream_id=0 frame_type=WindowUpdate payload_bytes=4
2026-09-26T01:40:32.854440Z DEBUG netbaiot_transports::business_rpc::v3: business RPC V3 selected frame stream_id=0 frame_type=WindowUpdate payload_bytes=4
2026-09-26T01:40:32.854444Z DEBUG netbaiot_transports::business_rpc::v3: business RPC V3 writer completed frame stream_id=0 frame_type=WindowUpdate payload_bytes=4
2026-09-26T01:40:32.854856Z DEBUG netbaiot_transports::business_rpc::v3: business RPC V3 body entered scheduler stream_id=612 class=Rpc body_bytes=198
2026-09-26T01:40:32.854860Z DEBUG netbaiot_transports::business_rpc::v3: business RPC V3 selected frame stream_id=612 frame_type=Open payload_bytes=158
2026-09-26T01:40:32.854867Z DEBUG netbaiot_transports::business_rpc::v3: business RPC V3 writer completed frame stream_id=612 frame_type=Open payload_bytes=158
2026-09-26T01:40:32.854869Z DEBUG netbaiot_transports::business_rpc::v3: business RPC V3 selected frame stream_id=612 frame_type=Data payload_bytes=198
2026-09-26T01:40:32.854872Z DEBUG netbaiot_transports::business_rpc::v3: business RPC V3 writer completed frame stream_id=612 frame_type=Data payload_bytes=198
2026-09-26T01:40:32.854875Z DEBUG netbaiot_transports::business_rpc::v3: business RPC V3 body entered scheduler stream_id=614 class=Rpc body_bytes=198
2026-09-26T01:40:32.854877Z DEBUG netbaiot_transports::business_rpc::v3: business RPC V3 selected frame stream_id=614 frame_type=Open payload_bytes=158
2026-09-26T01:40:32.854880Z DEBUG netbaiot_transports::business_rpc::v3: business RPC V3 writer completed frame stream_id=614 frame_type=Open payload_bytes=158
2026-09-26T01:40:32.854881Z DEBUG netbaiot_transports::business_rpc::v3: business RPC V3 selected frame stream_id=614 frame_type=Data payload_bytes=198
2026-09-26T01:40:32.854884Z DEBUG netbaiot_transports::business_rpc::v3: business RPC V3 writer completed frame stream_id=614 frame_type=Data payload_bytes=198
2026-09-26T01:40:32.854895Z DEBUG netbaiot_transports::business_rpc::v3: business RPC V3 body entered scheduler stream_id=616 class=Rpc body_bytes=198
2026-09-26T01:40:32.854898Z DEBUG netbaiot_transports::business_rpc::v3: business RPC V3 selected frame stream_id=616 frame_type=Open payload_bytes=158
2026-09-26T01:40:32.854902Z DEBUG netbaiot_transports::business_rpc::v3: business RPC V3 writer completed frame stream_id=616 frame_type=Open payload_bytes=158
2026-09-26T01:40:32.854904Z DEBUG netbaiot_transports::business_rpc::v3: business RPC V3 selected frame stream_id=616 frame_type=Data payload_bytes=198
2026-09-26T01:40:32.854907Z DEBUG netbaiot_transports::business_rpc::v3: business RPC V3 writer completed frame stream_id=616 frame_type=Data payload_bytes=198
2026-09-26T01:40:32.854916Z DEBUG netbaiot_transports::business_rpc::v3: business RPC V3 body entered scheduler stream_id=618 class=Rpc body_bytes=198
2026-09-26T01:40:32.854920Z DEBUG netbaiot_transports::business_rpc::v3: business RPC V3 selected frame stream_id=618 frame_type=Open payload_bytes=158
2026-09-26T01:40:32.854925Z DEBUG netbaiot_transports::business_rpc::v3: business RPC V3 writer completed frame stream_id=618 frame_type=Open payload_bytes=158
2026-09-26T01:40:32.854928Z DEBUG netbaiot_transports::business_rpc::v3: business RPC V3 selected frame stream_id=618 frame_type=Data payload_bytes=198
2026-09-26T01:40:32.854931Z DEBUG netbaiot_transports::business_rpc::v3: business RPC V3 writer completed frame stream_id=618 frame_type=Data payload_bytes=198
2026-09-26T01:40:32.854934Z DEBUG netbaiot_transports::business_rpc::v3: business RPC V3 selected frame stream_id=620 frame_type=Open payload_bytes=158
2026-09-26T01:40:32.854937Z DEBUG netbaiot_transports::business_rpc::v3: business RPC V3 writer completed frame stream_id=620 frame_type=Open payload_bytes=158
2026-09-26T01:40:32.854940Z DEBUG netbaiot_transports::business_rpc::v3: business RPC V3 body entered scheduler stream_id=620 class=Rpc body_bytes=198
2026-09-26T01:40:32.854942Z DEBUG netbaiot_transports::business_rpc::v3: business RPC V3 selected frame stream_id=620 frame_type=Data payload_bytes=198
2026-09-26T01:40:32.854945Z DEBUG netbaiot_transports::business_rpc::v3: business RPC V3 writer completed frame stream_id=620 frame_type=Data payload_bytes=198
2026-09-26T01:40:32.854954Z DEBUG netbaiot_transports::business_rpc::v3: business RPC V3 body entered scheduler stream_id=622 class=Rpc body_bytes=198
2026-09-26T01:40:32.854957Z DEBUG netbaiot_transports::business_rpc::v3: business RPC V3 selected frame stream_id=622 frame_type=Open payload_bytes=158
2026-09-26T01:40:32.854961Z DEBUG netbaiot_transports::business_rpc::v3: business RPC V3 writer completed frame stream_id=622 frame_type=Open payload_bytes=158
2026-09-26T01:40:32.854963Z DEBUG netbaiot_transports::business_rpc::v3: business RPC V3 selected frame stream_id=622 frame_type=Data payload_bytes=198
2026-09-26T01:40:32.854966Z DEBUG netbaiot_transports::business_rpc::v3: business RPC V3 writer completed frame stream_id=622 frame_type=Data payload_bytes=198
2026-09-26T01:40:32.930912Z DEBUG netbaiot_transports::business_rpc::v3: business RPC V3 body entered scheduler stream_id=624 class=Rpc body_bytes=198
2026-09-26T01:40:32.930927Z DEBUG netbaiot_transports::business_rpc::v3: business RPC V3 selected frame stream_id=624 frame_type=Open payload_bytes=158
2026-09-26T01:40:32.930936Z DEBUG netbaiot_transports::business_rpc::v3: business RPC V3 writer completed frame stream_id=624 frame_type=Open payload_bytes=158
2026-09-26T01:40:32.930940Z DEBUG netbaiot_transports::business_rpc::v3: business RPC V3 selected frame stream_id=624 frame_type=Data payload_bytes=198
2026-09-26T01:40:32.930944Z DEBUG netbaiot_transports::business_rpc::v3: business RPC V3 writer completed frame stream_id=624 frame_type=Data payload_bytes=198
2026-09-26T01:40:32.931205Z DEBUG netbaiot_transports::business_rpc::v3: business RPC V3 received frame stream_id=0 frame_type=WindowUpdate payload_bytes=4
2026-09-26T01:40:32.931213Z DEBUG netbaiot_transports::business_rpc::v3: business RPC V3 received frame stream_id=0 frame_type=WindowUpdate payload_bytes=4
2026-09-26T01:40:32.931216Z DEBUG netbaiot_transports::business_rpc::v3: business RPC V3 received frame stream_id=610 frame_type=Response payload_bytes=35
2026-09-26T01:40:32.931221Z DEBUG netbaiot_transports::business_rpc::v3: business RPC V3 received frame stream_id=608 frame_type=Response payload_bytes=35
2026-09-26T01:40:32.931225Z DEBUG netbaiot_transports::business_rpc::v3: business RPC V3 received frame stream_id=610 frame_type=Data payload_bytes=216
2026-09-26T01:40:32.931239Z DEBUG netbaiot_transports::business_rpc::v3: business RPC V3 received frame stream_id=608 frame_type=Data payload_bytes=216
2026-09-26T01:40:32.931243Z DEBUG netbaiot_transports::business_rpc::v3: business RPC V3 selected frame stream_id=0 frame_type=WindowUpdate payload_bytes=4
2026-09-26T01:40:32.931254Z DEBUG netbaiot_transports::business_rpc::v3: business RPC V3 writer completed frame stream_id=0 frame_type=WindowUpdate payload_bytes=4
2026-09-26T01:40:32.931257Z DEBUG netbaiot_transports::business_rpc::v3: business RPC V3 selected frame stream_id=0 frame_type=WindowUpdate payload_bytes=4
2026-09-26T01:40:32.931261Z DEBUG netbaiot_transports::business_rpc::v3: business RPC V3 writer completed frame stream_id=0 frame_type=WindowUpdate payload_bytes=4
2026-09-26T01:40:32.931584Z DEBUG netbaiot_transports::business_rpc::v3: business RPC V3 body entered scheduler stream_id=626 class=Rpc body_bytes=198
2026-09-26T01:40:32.931588Z DEBUG netbaiot_transports::business_rpc::v3: business RPC V3 selected frame stream_id=626 frame_type=Open payload_bytes=158
2026-09-26T01:40:32.931594Z DEBUG netbaiot_transports::business_rpc::v3: business RPC V3 writer completed frame stream_id=626 frame_type=Open payload_bytes=158
2026-09-26T01:40:32.931596Z DEBUG netbaiot_transports::business_rpc::v3: business RPC V3 selected frame stream_id=626 frame_type=Data payload_bytes=198
2026-09-26T01:40:32.931599Z DEBUG netbaiot_transports::business_rpc::v3: business RPC V3 writer completed frame stream_id=626 frame_type=Data payload_bytes=198
2026-09-26T01:40:32.963676Z DEBUG netbaiot_transports::business_rpc::v3: business RPC V3 received frame stream_id=0 frame_type=WindowUpdate payload_bytes=4
2026-09-26T01:40:32.963689Z DEBUG netbaiot_transports::business_rpc::v3: business RPC V3 received frame stream_id=0 frame_type=WindowUpdate payload_bytes=4
2026-09-26T01:40:32.963692Z DEBUG netbaiot_transports::business_rpc::v3: business RPC V3 received frame stream_id=0 frame_type=WindowUpdate payload_bytes=4
2026-09-26T01:40:32.963694Z DEBUG netbaiot_transports::business_rpc::v3: business RPC V3 received frame stream_id=0 frame_type=WindowUpdate payload_bytes=4
2026-09-26T01:40:32.963697Z DEBUG netbaiot_transports::business_rpc::v3: business RPC V3 received frame stream_id=0 frame_type=WindowUpdate payload_bytes=4
2026-09-26T01:40:32.963699Z DEBUG netbaiot_transports::business_rpc::v3: business RPC V3 received frame stream_id=0 frame_type=WindowUpdate payload_bytes=4
2026-09-26T01:40:32.963702Z DEBUG netbaiot_transports::business_rpc::v3: business RPC V3 received frame stream_id=622 frame_type=Response payload_bytes=35
2026-09-26T01:40:32.963707Z DEBUG netbaiot_transports::business_rpc::v3: business RPC V3 received frame stream_id=616 frame_type=Response payload_bytes=35
2026-09-26T01:40:32.963713Z DEBUG netbaiot_transports::business_rpc::v3: business RPC V3 received frame stream_id=612 frame_type=Response payload_bytes=35
2026-09-26T01:40:32.963715Z DEBUG netbaiot_transports::business_rpc::v3: business RPC V3 received frame stream_id=622 frame_type=Data payload_bytes=216
2026-09-26T01:40:32.963729Z DEBUG netbaiot_transports::business_rpc::v3: business RPC V3 received frame stream_id=618 frame_type=Response payload_bytes=35
2026-09-26T01:40:32.963732Z DEBUG netbaiot_transports::business_rpc::v3: business RPC V3 received frame stream_id=614 frame_type=Response payload_bytes=35
2026-09-26T01:40:32.963734Z DEBUG netbaiot_transports::business_rpc::v3: business RPC V3 selected frame stream_id=0 frame_type=WindowUpdate payload_bytes=4
2026-09-26T01:40:32.963735Z DEBUG netbaiot_transports::business_rpc::v3: business RPC V3 received frame stream_id=620 frame_type=Response payload_bytes=35
2026-09-26T01:40:32.963744Z DEBUG netbaiot_transports::business_rpc::v3: business RPC V3 received frame stream_id=616 frame_type=Data payload_bytes=216
2026-09-26T01:40:32.963745Z DEBUG netbaiot_transports::business_rpc::v3: business RPC V3 writer completed frame stream_id=0 frame_type=WindowUpdate payload_bytes=4
2026-09-26T01:40:32.963752Z DEBUG netbaiot_transports::business_rpc::v3: business RPC V3 selected frame stream_id=0 frame_type=WindowUpdate payload_bytes=4
2026-09-26T01:40:32.963758Z DEBUG netbaiot_transports::business_rpc::v3: business RPC V3 writer completed frame stream_id=0 frame_type=WindowUpdate payload_bytes=4
2026-09-26T01:40:32.963752Z DEBUG netbaiot_transports::business_rpc::v3: business RPC V3 received frame stream_id=612 frame_type=Data payload_bytes=216
2026-09-26T01:40:32.963775Z DEBUG netbaiot_transports::business_rpc::v3: business RPC V3 received frame stream_id=618 frame_type=Data payload_bytes=216
2026-09-26T01:40:32.963781Z DEBUG netbaiot_transports::business_rpc::v3: business RPC V3 received frame stream_id=614 frame_type=Data payload_bytes=216
2026-09-26T01:40:32.963787Z DEBUG netbaiot_transports::business_rpc::v3: business RPC V3 received frame stream_id=620 frame_type=Data payload_bytes=216
2026-09-26T01:40:32.963788Z DEBUG netbaiot_transports::business_rpc::v3: business RPC V3 selected frame stream_id=0 frame_type=WindowUpdate payload_bytes=4
2026-09-26T01:40:32.963805Z DEBUG netbaiot_transports::business_rpc::v3: business RPC V3 writer completed frame stream_id=0 frame_type=WindowUpdate payload_bytes=4
2026-09-26T01:40:32.963807Z DEBUG netbaiot_transports::business_rpc::v3: business RPC V3 selected frame stream_id=0 frame_type=WindowUpdate payload_bytes=4
2026-09-26T01:40:32.963817Z DEBUG netbaiot_transports::business_rpc::v3: business RPC V3 writer completed frame stream_id=0 frame_type=WindowUpdate payload_bytes=4
2026-09-26T01:40:32.963819Z DEBUG netbaiot_transports::business_rpc::v3: business RPC V3 selected frame stream_id=0 frame_type=WindowUpdate payload_bytes=4
2026-09-26T01:40:32.963822Z DEBUG netbaiot_transports::business_rpc::v3: business RPC V3 writer completed frame stream_id=0 frame_type=WindowUpdate payload_bytes=4
2026-09-26T01:40:32.963824Z DEBUG netbaiot_transports::business_rpc::v3: business RPC V3 selected frame stream_id=0 frame_type=WindowUpdate payload_bytes=4
2026-09-26T01:40:32.963826Z DEBUG netbaiot_transports::business_rpc::v3: business RPC V3 writer completed frame stream_id=0 frame_type=WindowUpdate payload_bytes=4
2026-09-26T01:40:33.041277Z DEBUG netbaiot_transports::business_rpc::v3: business RPC V3 received frame stream_id=0 frame_type=WindowUpdate payload_bytes=4
2026-09-26T01:40:33.047306Z DEBUG netbaiot_transports::business_rpc::v3: business RPC V3 received frame stream_id=0 frame_type=WindowUpdate payload_bytes=4
2026-09-26T01:40:33.047311Z DEBUG netbaiot_transports::business_rpc::v3: business RPC V3 received frame stream_id=626 frame_type=Response payload_bytes=35
2026-09-26T01:40:33.047318Z DEBUG netbaiot_transports::business_rpc::v3: business RPC V3 received frame stream_id=624 frame_type=Response payload_bytes=35
2026-09-26T01:40:33.047320Z DEBUG netbaiot_transports::business_rpc::v3: business RPC V3 received frame stream_id=626 frame_type=Data payload_bytes=216
2026-09-26T01:40:33.047345Z DEBUG netbaiot_transports::business_rpc::v3: business RPC V3 received frame stream_id=624 frame_type=Data payload_bytes=216
2026-09-26T01:40:33.047358Z DEBUG netbaiot_transports::business_rpc::v3: business RPC V3 selected frame stream_id=0 frame_type=WindowUpdate payload_bytes=4
2026-09-26T01:40:33.047377Z DEBUG netbaiot_transports::business_rpc::v3: business RPC V3 writer completed frame stream_id=0 frame_type=WindowUpdate payload_bytes=4
2026-09-26T01:40:33.047382Z DEBUG netbaiot_transports::business_rpc::v3: business RPC V3 selected frame stream_id=0 frame_type=WindowUpdate payload_bytes=4
2026-09-26T01:40:33.047386Z DEBUG netbaiot_transports::business_rpc::v3: business RPC V3 writer completed frame stream_id=0 frame_type=WindowUpdate payload_bytes=4
2026-09-26T01:40:33.047594Z DEBUG netbaiot_transports::business_rpc::v3: business RPC V3 body entered scheduler stream_id=628 class=Event body_bytes=17366
2026-09-26T01:40:33.047599Z DEBUG netbaiot_transports::business_rpc::v3: business RPC V3 selected frame stream_id=628 frame_type=Open payload_bytes=184
2026-09-26T01:40:33.047603Z DEBUG netbaiot_transports::business_rpc::v3: business RPC V3 writer completed frame stream_id=628 frame_type=Open payload_bytes=184
2026-09-26T01:40:33.047606Z DEBUG netbaiot_transports::business_rpc::v3: business RPC V3 selected frame stream_id=628 frame_type=Data payload_bytes=8192
2026-09-26T01:40:33.047610Z DEBUG netbaiot_transports::business_rpc::v3: business RPC V3 writer completed frame stream_id=628 frame_type=Data payload_bytes=8192
2026-09-26T01:40:33.047613Z DEBUG netbaiot_transports::business_rpc::v3: business RPC V3 selected frame stream_id=628 frame_type=Data payload_bytes=8192
2026-09-26T01:40:33.047618Z DEBUG netbaiot_transports::business_rpc::v3: business RPC V3 writer completed frame stream_id=628 frame_type=Data payload_bytes=8192
2026-09-26T01:40:33.047621Z DEBUG netbaiot_transports::business_rpc::v3: business RPC V3 selected frame stream_id=628 frame_type=Data payload_bytes=982
2026-09-26T01:40:33.047625Z DEBUG netbaiot_transports::business_rpc::v3: business RPC V3 writer completed frame stream_id=628 frame_type=Data payload_bytes=982
2026-09-26T01:40:33.215061Z DEBUG netbaiot_transports::business_rpc::v3: business RPC V3 received frame stream_id=0 frame_type=WindowUpdate payload_bytes=4
2026-09-26T01:40:33.220363Z DEBUG netbaiot_transports::business_rpc::v3: business RPC V3 received frame stream_id=628 frame_type=WindowUpdate payload_bytes=4
2026-09-26T01:40:33.242045Z DEBUG netbaiot_transports::business_rpc::v3: business RPC V3 received frame stream_id=0 frame_type=WindowUpdate payload_bytes=4
2026-09-26T01:40:33.242053Z DEBUG netbaiot_transports::business_rpc::v3: business RPC V3 received frame stream_id=628 frame_type=WindowUpdate payload_bytes=4
2026-09-26T01:40:33.242056Z DEBUG netbaiot_transports::business_rpc::v3: business RPC V3 received frame stream_id=0 frame_type=WindowUpdate payload_bytes=4
2026-09-26T01:40:33.242058Z DEBUG netbaiot_transports::business_rpc::v3: business RPC V3 received frame stream_id=628 frame_type=Response payload_bytes=35
2026-09-26T01:40:33.242064Z DEBUG netbaiot_transports::business_rpc::v3: business RPC V3 received frame stream_id=628 frame_type=Data payload_bytes=118
2026-09-26T01:40:33.242070Z DEBUG netbaiot_transports::business_rpc::v3: business RPC V3 Event delivery acknowledged stream_id=628 completion_us=194478
2026-09-26T01:40:33.242082Z DEBUG netbaiot_transports::business_rpc::v3: business RPC V3 selected frame stream_id=0 frame_type=WindowUpdate payload_bytes=4
2026-09-26T01:40:33.242095Z DEBUG netbaiot_transports::business_rpc::v3: business RPC V3 writer completed frame stream_id=0 frame_type=WindowUpdate payload_bytes=4
2026-09-26T01:40:33.301994Z DEBUG netbaiot_transports::business_rpc::v3: business RPC V3 received frame stream_id=0 frame_type=Ping payload_bytes=8
2026-09-26T01:40:33.302011Z DEBUG netbaiot_transports::business_rpc::v3: business RPC V3 selected frame stream_id=0 frame_type=Pong payload_bytes=8
2026-09-26T01:40:33.302019Z DEBUG netbaiot_transports::business_rpc::v3: business RPC V3 writer completed frame stream_id=0 frame_type=Pong payload_bytes=8
2026-09-26T01:40:33.418273Z DEBUG netbaiot_transports::business_rpc::v3: business RPC V3 body entered scheduler stream_id=630 class=Rpc body_bytes=198
2026-09-26T01:40:33.418299Z DEBUG netbaiot_transports::business_rpc::v3: business RPC V3 selected frame stream_id=630 frame_type=Open payload_bytes=158
2026-09-26T01:40:33.418310Z DEBUG netbaiot_transports::business_rpc::v3: business RPC V3 writer completed frame stream_id=630 frame_type=Open payload_bytes=158
2026-09-26T01:40:33.418315Z DEBUG netbaiot_transports::business_rpc::v3: business RPC V3 selected frame stream_id=630 frame_type=Data payload_bytes=198
2026-09-26T01:40:33.418318Z DEBUG netbaiot_transports::business_rpc::v3: business RPC V3 writer completed frame stream_id=630 frame_type=Data payload_bytes=198
2026-09-26T01:40:33.439331Z DEBUG netbaiot_transports::business_rpc::v3: business RPC V3 body entered scheduler stream_id=632 class=Rpc body_bytes=198
2026-09-26T01:40:33.439348Z DEBUG netbaiot_transports::business_rpc::v3: business RPC V3 selected frame stream_id=632 frame_type=Open payload_bytes=158
2026-09-26T01:40:33.439357Z DEBUG netbaiot_transports::business_rpc::v3: business RPC V3 writer completed frame stream_id=632 frame_type=Open payload_bytes=158
2026-09-26T01:40:33.439360Z DEBUG netbaiot_transports::business_rpc::v3: business RPC V3 selected frame stream_id=632 frame_type=Data payload_bytes=198
2026-09-26T01:40:33.439364Z DEBUG netbaiot_transports::business_rpc::v3: business RPC V3 writer completed frame stream_id=632 frame_type=Data payload_bytes=198
2026-09-26T01:40:33.447625Z DEBUG netbaiot_transports::business_rpc::v3: business RPC V3 body entered scheduler stream_id=634 class=Rpc body_bytes=198
2026-09-26T01:40:33.447635Z DEBUG netbaiot_transports::business_rpc::v3: business RPC V3 selected frame stream_id=634 frame_type=Open payload_bytes=158
2026-09-26T01:40:33.447642Z DEBUG netbaiot_transports::business_rpc::v3: business RPC V3 writer completed frame stream_id=634 frame_type=Open payload_bytes=158
2026-09-26T01:40:33.447645Z DEBUG netbaiot_transports::business_rpc::v3: business RPC V3 selected frame stream_id=634 frame_type=Data payload_bytes=198
2026-09-26T01:40:33.447649Z DEBUG netbaiot_transports::business_rpc::v3: business RPC V3 writer completed frame stream_id=634 frame_type=Data payload_bytes=198
2026-09-26T01:40:33.481660Z DEBUG netbaiot_transports::business_rpc::v3: business RPC V3 body entered scheduler stream_id=636 class=Rpc body_bytes=198
2026-09-26T01:40:33.481679Z DEBUG netbaiot_transports::business_rpc::v3: business RPC V3 selected frame stream_id=636 frame_type=Open payload_bytes=158
2026-09-26T01:40:33.481691Z DEBUG netbaiot_transports::business_rpc::v3: business RPC V3 writer completed frame stream_id=636 frame_type=Open payload_bytes=158
2026-09-26T01:40:33.481695Z DEBUG netbaiot_transports::business_rpc::v3: business RPC V3 selected frame stream_id=636 frame_type=Data payload_bytes=198
2026-09-26T01:40:33.481699Z DEBUG netbaiot_transports::business_rpc::v3: business RPC V3 writer completed frame stream_id=636 frame_type=Data payload_bytes=198
2026-09-26T01:40:33.513345Z DEBUG netbaiot_transports::business_rpc::v3: business RPC V3 body entered scheduler stream_id=638 class=Rpc body_bytes=198
2026-09-26T01:40:33.513356Z DEBUG netbaiot_transports::business_rpc::v3: business RPC V3 selected frame stream_id=638 frame_type=Open payload_bytes=158
2026-09-26T01:40:33.513364Z DEBUG netbaiot_transports::business_rpc::v3: business RPC V3 writer completed frame stream_id=638 frame_type=Open payload_bytes=158
2026-09-26T01:40:33.513368Z DEBUG netbaiot_transports::business_rpc::v3: business RPC V3 selected frame stream_id=638 frame_type=Data payload_bytes=198
2026-09-26T01:40:33.513371Z DEBUG netbaiot_transports::business_rpc::v3: business RPC V3 writer completed frame stream_id=638 frame_type=Data payload_bytes=198
2026-09-26T01:40:33.527786Z DEBUG netbaiot_transports::business_rpc::v3: business RPC V3 received frame stream_id=0 frame_type=WindowUpdate payload_bytes=4
2026-09-26T01:40:33.527798Z DEBUG netbaiot_transports::business_rpc::v3: business RPC V3 received frame stream_id=0 frame_type=WindowUpdate payload_bytes=4
2026-09-26T01:40:33.527801Z DEBUG netbaiot_transports::business_rpc::v3: business RPC V3 received frame stream_id=632 frame_type=Response payload_bytes=35
2026-09-26T01:40:33.527807Z DEBUG netbaiot_transports::business_rpc::v3: business RPC V3 received frame stream_id=632 frame_type=Data payload_bytes=216
2026-09-26T01:40:33.527825Z DEBUG netbaiot_transports::business_rpc::v3: business RPC V3 received frame stream_id=630 frame_type=Response payload_bytes=35
2026-09-26T01:40:33.527828Z DEBUG netbaiot_transports::business_rpc::v3: business RPC V3 received frame stream_id=630 frame_type=Data payload_bytes=216
2026-09-26T01:40:33.527833Z DEBUG netbaiot_transports::business_rpc::v3: business RPC V3 selected frame stream_id=0 frame_type=WindowUpdate payload_bytes=4
2026-09-26T01:40:33.527848Z DEBUG netbaiot_transports::business_rpc::v3: business RPC V3 writer completed frame stream_id=0 frame_type=WindowUpdate payload_bytes=4
2026-09-26T01:40:33.527853Z DEBUG netbaiot_transports::business_rpc::v3: business RPC V3 selected frame stream_id=0 frame_type=WindowUpdate payload_bytes=4
2026-09-26T01:40:33.527857Z DEBUG netbaiot_transports::business_rpc::v3: business RPC V3 writer completed frame stream_id=0 frame_type=WindowUpdate payload_bytes=4
2026-09-26T01:40:33.528166Z DEBUG netbaiot_transports::business_rpc::v3: business RPC V3 body entered scheduler stream_id=640 class=Rpc body_bytes=198
2026-09-26T01:40:33.528171Z DEBUG netbaiot_transports::business_rpc::v3: business RPC V3 selected frame stream_id=640 frame_type=Open payload_bytes=158
2026-09-26T01:40:33.528177Z DEBUG netbaiot_transports::business_rpc::v3: business RPC V3 writer completed frame stream_id=640 frame_type=Open payload_bytes=158
2026-09-26T01:40:33.528180Z DEBUG netbaiot_transports::business_rpc::v3: business RPC V3 selected frame stream_id=640 frame_type=Data payload_bytes=198
2026-09-26T01:40:33.528184Z DEBUG netbaiot_transports::business_rpc::v3: business RPC V3 writer completed frame stream_id=640 frame_type=Data payload_bytes=198
2026-09-26T01:40:33.528187Z DEBUG netbaiot_transports::business_rpc::v3: business RPC V3 body entered scheduler stream_id=642 class=Rpc body_bytes=198
2026-09-26T01:40:33.528195Z DEBUG netbaiot_transports::business_rpc::v3: business RPC V3 selected frame stream_id=642 frame_type=Open payload_bytes=158
2026-09-26T01:40:33.528199Z DEBUG netbaiot_transports::business_rpc::v3: business RPC V3 writer completed frame stream_id=642 frame_type=Open payload_bytes=158
2026-09-26T01:40:33.528202Z DEBUG netbaiot_transports::business_rpc::v3: business RPC V3 selected frame stream_id=642 frame_type=Data payload_bytes=198
2026-09-26T01:40:33.528205Z DEBUG netbaiot_transports::business_rpc::v3: business RPC V3 writer completed frame stream_id=642 frame_type=Data payload_bytes=198
2026-09-26T01:40:33.545434Z DEBUG netbaiot_transports::business_rpc::v3: business RPC V3 body entered scheduler stream_id=644 class=Event body_bytes=17366
2026-09-26T01:40:33.545452Z DEBUG netbaiot_transports::business_rpc::v3: business RPC V3 selected frame stream_id=644 frame_type=Open payload_bytes=184
2026-09-26T01:40:33.545461Z DEBUG netbaiot_transports::business_rpc::v3: business RPC V3 writer completed frame stream_id=644 frame_type=Open payload_bytes=184
2026-09-26T01:40:33.545465Z DEBUG netbaiot_transports::business_rpc::v3: business RPC V3 selected frame stream_id=644 frame_type=Data payload_bytes=8192
2026-09-26T01:40:33.545470Z DEBUG netbaiot_transports::business_rpc::v3: business RPC V3 writer completed frame stream_id=644 frame_type=Data payload_bytes=8192
2026-09-26T01:40:33.545473Z DEBUG netbaiot_transports::business_rpc::v3: business RPC V3 selected frame stream_id=644 frame_type=Data payload_bytes=8192
2026-09-26T01:40:33.545481Z DEBUG netbaiot_transports::business_rpc::v3: business RPC V3 writer completed frame stream_id=644 frame_type=Data payload_bytes=8192
2026-09-26T01:40:33.545484Z DEBUG netbaiot_transports::business_rpc::v3: business RPC V3 selected frame stream_id=644 frame_type=Data payload_bytes=982
2026-09-26T01:40:33.545489Z DEBUG netbaiot_transports::business_rpc::v3: business RPC V3 writer completed frame stream_id=644 frame_type=Data payload_bytes=982
2026-09-26T01:40:33.550154Z DEBUG netbaiot_transports::business_rpc::v3: business RPC V3 body entered scheduler stream_id=646 class=Rpc body_bytes=198
2026-09-26T01:40:33.550159Z DEBUG netbaiot_transports::business_rpc::v3: business RPC V3 selected frame stream_id=646 frame_type=Open payload_bytes=158
2026-09-26T01:40:33.550166Z DEBUG netbaiot_transports::business_rpc::v3: business RPC V3 writer completed frame stream_id=646 frame_type=Open payload_bytes=158
2026-09-26T01:40:33.550169Z DEBUG netbaiot_transports::business_rpc::v3: business RPC V3 selected frame stream_id=646 frame_type=Data payload_bytes=198
2026-09-26T01:40:33.550172Z DEBUG netbaiot_transports::business_rpc::v3: business RPC V3 writer completed frame stream_id=646 frame_type=Data payload_bytes=198
2026-09-26T01:40:33.554646Z DEBUG netbaiot_transports::business_rpc::v3: business RPC V3 received frame stream_id=0 frame_type=WindowUpdate payload_bytes=4
2026-09-26T01:40:33.554652Z DEBUG netbaiot_transports::business_rpc::v3: business RPC V3 received frame stream_id=634 frame_type=Response payload_bytes=35
2026-09-26T01:40:33.554657Z DEBUG netbaiot_transports::business_rpc::v3: business RPC V3 received frame stream_id=634 frame_type=Data payload_bytes=216
2026-09-26T01:40:33.554680Z DEBUG netbaiot_transports::business_rpc::v3: business RPC V3 selected frame stream_id=0 frame_type=WindowUpdate payload_bytes=4
2026-09-26T01:40:33.554690Z DEBUG netbaiot_transports::business_rpc::v3: business RPC V3 writer completed frame stream_id=0 frame_type=WindowUpdate payload_bytes=4
2026-09-26T01:40:33.554961Z DEBUG netbaiot_transports::business_rpc::v3: business RPC V3 body entered scheduler stream_id=648 class=Rpc body_bytes=198
2026-09-26T01:40:33.554965Z DEBUG netbaiot_transports::business_rpc::v3: business RPC V3 selected frame stream_id=648 frame_type=Open payload_bytes=158
2026-09-26T01:40:33.554971Z DEBUG netbaiot_transports::business_rpc::v3: business RPC V3 writer completed frame stream_id=648 frame_type=Open payload_bytes=158
2026-09-26T01:40:33.554974Z DEBUG netbaiot_transports::business_rpc::v3: business RPC V3 selected frame stream_id=648 frame_type=Data payload_bytes=198
2026-09-26T01:40:33.554977Z DEBUG netbaiot_transports::business_rpc::v3: business RPC V3 writer completed frame stream_id=648 frame_type=Data payload_bytes=198
2026-09-26T01:40:33.582030Z DEBUG netbaiot_transports::business_rpc::v3: business RPC V3 received frame stream_id=0 frame_type=WindowUpdate payload_bytes=4
2026-09-26T01:40:33.582045Z DEBUG netbaiot_transports::business_rpc::v3: business RPC V3 received frame stream_id=636 frame_type=Response payload_bytes=35
2026-09-26T01:40:33.582053Z DEBUG netbaiot_transports::business_rpc::v3: business RPC V3 received frame stream_id=636 frame_type=Data payload_bytes=216
2026-09-26T01:40:33.582079Z DEBUG netbaiot_transports::business_rpc::v3: business RPC V3 selected frame stream_id=0 frame_type=WindowUpdate payload_bytes=4
2026-09-26T01:40:33.582091Z DEBUG netbaiot_transports::business_rpc::v3: business RPC V3 writer completed frame stream_id=0 frame_type=WindowUpdate payload_bytes=4
2026-09-26T01:40:33.582392Z DEBUG netbaiot_transports::business_rpc::v3: business RPC V3 body entered scheduler stream_id=650 class=Rpc body_bytes=198
2026-09-26T01:40:33.582398Z DEBUG netbaiot_transports::business_rpc::v3: business RPC V3 selected frame stream_id=650 frame_type=Open payload_bytes=158
2026-09-26T01:40:33.582405Z DEBUG netbaiot_transports::business_rpc::v3: business RPC V3 writer completed frame stream_id=650 frame_type=Open payload_bytes=158
2026-09-26T01:40:33.582408Z DEBUG netbaiot_transports::business_rpc::v3: business RPC V3 selected frame stream_id=650 frame_type=Data payload_bytes=198
2026-09-26T01:40:33.582412Z DEBUG netbaiot_transports::business_rpc::v3: business RPC V3 writer completed frame stream_id=650 frame_type=Data payload_bytes=198
2026-09-26T01:40:33.590299Z DEBUG netbaiot_transports::business_rpc::v3: business RPC V3 body entered scheduler stream_id=652 class=Rpc body_bytes=198
2026-09-26T01:40:33.590308Z DEBUG netbaiot_transports::business_rpc::v3: business RPC V3 selected frame stream_id=652 frame_type=Open payload_bytes=158
2026-09-26T01:40:33.590314Z DEBUG netbaiot_transports::business_rpc::v3: business RPC V3 writer completed frame stream_id=652 frame_type=Open payload_bytes=158
2026-09-26T01:40:33.590317Z DEBUG netbaiot_transports::business_rpc::v3: business RPC V3 selected frame stream_id=652 frame_type=Data payload_bytes=198
2026-09-26T01:40:33.590320Z DEBUG netbaiot_transports::business_rpc::v3: business RPC V3 writer completed frame stream_id=652 frame_type=Data payload_bytes=198
2026-09-26T01:40:33.609289Z DEBUG netbaiot_transports::business_rpc::v3: business RPC V3 received frame stream_id=0 frame_type=WindowUpdate payload_bytes=4
2026-09-26T01:40:33.609313Z DEBUG netbaiot_transports::business_rpc::v3: business RPC V3 received frame stream_id=638 frame_type=Response payload_bytes=35
2026-09-26T01:40:33.609320Z DEBUG netbaiot_transports::business_rpc::v3: business RPC V3 received frame stream_id=638 frame_type=Data payload_bytes=216
2026-09-26T01:40:33.609351Z DEBUG netbaiot_transports::business_rpc::v3: business RPC V3 selected frame stream_id=0 frame_type=WindowUpdate payload_bytes=4
2026-09-26T01:40:33.609366Z DEBUG netbaiot_transports::business_rpc::v3: business RPC V3 writer completed frame stream_id=0 frame_type=WindowUpdate payload_bytes=4
2026-09-26T01:40:33.609665Z DEBUG netbaiot_transports::business_rpc::v3: business RPC V3 body entered scheduler stream_id=654 class=Rpc body_bytes=198
2026-09-26T01:40:33.609670Z DEBUG netbaiot_transports::business_rpc::v3: business RPC V3 selected frame stream_id=654 frame_type=Open payload_bytes=158
2026-09-26T01:40:33.609676Z DEBUG netbaiot_transports::business_rpc::v3: business RPC V3 writer completed frame stream_id=654 frame_type=Open payload_bytes=158
2026-09-26T01:40:33.609679Z DEBUG netbaiot_transports::business_rpc::v3: business RPC V3 selected frame stream_id=654 frame_type=Data payload_bytes=198
2026-09-26T01:40:33.609682Z DEBUG netbaiot_transports::business_rpc::v3: business RPC V3 writer completed frame stream_id=654 frame_type=Data payload_bytes=198
2026-09-26T01:40:33.698442Z DEBUG netbaiot_transports::business_rpc::v3: business RPC V3 received frame stream_id=0 frame_type=WindowUpdate payload_bytes=4
2026-09-26T01:40:33.698466Z DEBUG netbaiot_transports::business_rpc::v3: business RPC V3 received frame stream_id=0 frame_type=WindowUpdate payload_bytes=4
2026-09-26T01:40:33.698470Z DEBUG netbaiot_transports::business_rpc::v3: business RPC V3 received frame stream_id=0 frame_type=WindowUpdate payload_bytes=4
2026-09-26T01:40:33.698473Z DEBUG netbaiot_transports::business_rpc::v3: business RPC V3 received frame stream_id=644 frame_type=WindowUpdate payload_bytes=4
2026-09-26T01:40:33.698476Z DEBUG netbaiot_transports::business_rpc::v3: business RPC V3 received frame stream_id=642 frame_type=Response payload_bytes=35
2026-09-26T01:40:33.698481Z DEBUG netbaiot_transports::business_rpc::v3: business RPC V3 received frame stream_id=640 frame_type=Response payload_bytes=35
2026-09-26T01:40:33.698484Z DEBUG netbaiot_transports::business_rpc::v3: business RPC V3 received frame stream_id=642 frame_type=Data payload_bytes=216
2026-09-26T01:40:33.698501Z DEBUG netbaiot_transports::business_rpc::v3: business RPC V3 received frame stream_id=640 frame_type=Data payload_bytes=216
2026-09-26T01:40:33.698510Z DEBUG netbaiot_transports::business_rpc::v3: business RPC V3 selected frame stream_id=0 frame_type=WindowUpdate payload_bytes=4
2026-09-26T01:40:33.698524Z DEBUG netbaiot_transports::business_rpc::v3: business RPC V3 writer completed frame stream_id=0 frame_type=WindowUpdate payload_bytes=4
2026-09-26T01:40:33.698528Z DEBUG netbaiot_transports::business_rpc::v3: business RPC V3 selected frame stream_id=0 frame_type=WindowUpdate payload_bytes=4
2026-09-26T01:40:33.698532Z DEBUG netbaiot_transports::business_rpc::v3: business RPC V3 writer completed frame stream_id=0 frame_type=WindowUpdate payload_bytes=4
2026-09-26T01:40:33.698844Z DEBUG netbaiot_transports::business_rpc::v3: business RPC V3 body entered scheduler stream_id=656 class=Rpc body_bytes=198
2026-09-26T01:40:33.698850Z DEBUG netbaiot_transports::business_rpc::v3: business RPC V3 selected frame stream_id=656 frame_type=Open payload_bytes=158
2026-09-26T01:40:33.698857Z DEBUG netbaiot_transports::business_rpc::v3: business RPC V3 writer completed frame stream_id=656 frame_type=Open payload_bytes=158
2026-09-26T01:40:33.698860Z DEBUG netbaiot_transports::business_rpc::v3: business RPC V3 selected frame stream_id=656 frame_type=Data payload_bytes=198
2026-09-26T01:40:33.698864Z DEBUG netbaiot_transports::business_rpc::v3: business RPC V3 writer completed frame stream_id=656 frame_type=Data payload_bytes=198
2026-09-26T01:40:33.698867Z DEBUG netbaiot_transports::business_rpc::v3: business RPC V3 body entered scheduler stream_id=658 class=Rpc body_bytes=198
2026-09-26T01:40:33.698870Z DEBUG netbaiot_transports::business_rpc::v3: business RPC V3 selected frame stream_id=658 frame_type=Open payload_bytes=158
2026-09-26T01:40:33.698873Z DEBUG netbaiot_transports::business_rpc::v3: business RPC V3 writer completed frame stream_id=658 frame_type=Open payload_bytes=158
2026-09-26T01:40:33.698877Z DEBUG netbaiot_transports::business_rpc::v3: business RPC V3 selected frame stream_id=658 frame_type=Data payload_bytes=198
2026-09-26T01:40:33.698881Z DEBUG netbaiot_transports::business_rpc::v3: business RPC V3 writer completed frame stream_id=658 frame_type=Data payload_bytes=198
2026-09-26T01:40:33.717086Z DEBUG netbaiot_transports::business_rpc::v3: business RPC V3 body entered scheduler stream_id=660 class=Rpc body_bytes=198
2026-09-26T01:40:33.717097Z DEBUG netbaiot_transports::business_rpc::v3: business RPC V3 selected frame stream_id=660 frame_type=Open payload_bytes=158
2026-09-26T01:40:33.717106Z DEBUG netbaiot_transports::business_rpc::v3: business RPC V3 writer completed frame stream_id=660 frame_type=Open payload_bytes=158
2026-09-26T01:40:33.717109Z DEBUG netbaiot_transports::business_rpc::v3: business RPC V3 selected frame stream_id=660 frame_type=Data payload_bytes=198
2026-09-26T01:40:33.717115Z DEBUG netbaiot_transports::business_rpc::v3: business RPC V3 writer completed frame stream_id=660 frame_type=Data payload_bytes=198
2026-09-26T01:40:33.728046Z DEBUG netbaiot_transports::business_rpc::v3: business RPC V3 body entered scheduler stream_id=662 class=Rpc body_bytes=198
2026-09-26T01:40:33.728058Z DEBUG netbaiot_transports::business_rpc::v3: business RPC V3 selected frame stream_id=662 frame_type=Open payload_bytes=158
2026-09-26T01:40:33.728066Z DEBUG netbaiot_transports::business_rpc::v3: business RPC V3 writer completed frame stream_id=662 frame_type=Open payload_bytes=158
2026-09-26T01:40:33.728070Z DEBUG netbaiot_transports::business_rpc::v3: business RPC V3 selected frame stream_id=662 frame_type=Data payload_bytes=198
2026-09-26T01:40:33.728074Z DEBUG netbaiot_transports::business_rpc::v3: business RPC V3 writer completed frame stream_id=662 frame_type=Data payload_bytes=198
2026-09-26T01:40:33.730196Z DEBUG netbaiot_transports::business_rpc::v3: business RPC V3 received frame stream_id=0 frame_type=WindowUpdate payload_bytes=4
2026-09-26T01:40:33.730209Z DEBUG netbaiot_transports::business_rpc::v3: business RPC V3 received frame stream_id=644 frame_type=WindowUpdate payload_bytes=4
2026-09-26T01:40:33.730212Z DEBUG netbaiot_transports::business_rpc::v3: business RPC V3 received frame stream_id=0 frame_type=WindowUpdate payload_bytes=4
2026-09-26T01:40:33.730214Z DEBUG netbaiot_transports::business_rpc::v3: business RPC V3 received frame stream_id=0 frame_type=WindowUpdate payload_bytes=4
2026-09-26T01:40:33.730216Z DEBUG netbaiot_transports::business_rpc::v3: business RPC V3 received frame stream_id=0 frame_type=WindowUpdate payload_bytes=4
2026-09-26T01:40:33.730218Z DEBUG netbaiot_transports::business_rpc::v3: business RPC V3 received frame stream_id=0 frame_type=WindowUpdate payload_bytes=4
2026-09-26T01:40:33.730220Z DEBUG netbaiot_transports::business_rpc::v3: business RPC V3 received frame stream_id=0 frame_type=WindowUpdate payload_bytes=4
2026-09-26T01:40:33.730223Z DEBUG netbaiot_transports::business_rpc::v3: business RPC V3 received frame stream_id=0 frame_type=WindowUpdate payload_bytes=4
2026-09-26T01:40:33.730225Z DEBUG netbaiot_transports::business_rpc::v3: business RPC V3 received frame stream_id=654 frame_type=Response payload_bytes=35
2026-09-26T01:40:33.730230Z DEBUG netbaiot_transports::business_rpc::v3: business RPC V3 received frame stream_id=654 frame_type=Data payload_bytes=216
2026-09-26T01:40:33.730246Z DEBUG netbaiot_transports::business_rpc::v3: business RPC V3 received frame stream_id=648 frame_type=Response payload_bytes=35
2026-09-26T01:40:33.730249Z DEBUG netbaiot_transports::business_rpc::v3: business RPC V3 received frame stream_id=646 frame_type=Response payload_bytes=35
2026-09-26T01:40:33.730251Z DEBUG netbaiot_transports::business_rpc::v3: business RPC V3 selected frame stream_id=0 frame_type=WindowUpdate payload_bytes=4
2026-09-26T01:40:33.730252Z DEBUG netbaiot_transports::business_rpc::v3: business RPC V3 received frame stream_id=650 frame_type=Response payload_bytes=35
2026-09-26T01:40:33.730261Z DEBUG netbaiot_transports::business_rpc::v3: business RPC V3 received frame stream_id=652 frame_type=Response payload_bytes=35
2026-09-26T01:40:33.730265Z DEBUG netbaiot_transports::business_rpc::v3: business RPC V3 received frame stream_id=648 frame_type=Data payload_bytes=216
2026-09-26T01:40:33.730261Z DEBUG netbaiot_transports::business_rpc::v3: business RPC V3 writer completed frame stream_id=0 frame_type=WindowUpdate payload_bytes=4
2026-09-26T01:40:33.730272Z DEBUG netbaiot_transports::business_rpc::v3: business RPC V3 selected frame stream_id=0 frame_type=WindowUpdate payload_bytes=4
2026-09-26T01:40:33.730274Z DEBUG netbaiot_transports::business_rpc::v3: business RPC V3 received frame stream_id=646 frame_type=Data payload_bytes=216
2026-09-26T01:40:33.730276Z DEBUG netbaiot_transports::business_rpc::v3: business RPC V3 writer completed frame stream_id=0 frame_type=WindowUpdate payload_bytes=4
2026-09-26T01:40:33.730285Z DEBUG netbaiot_transports::business_rpc::v3: business RPC V3 selected frame stream_id=0 frame_type=WindowUpdate payload_bytes=4
2026-09-26T01:40:33.730281Z DEBUG netbaiot_transports::business_rpc::v3: business RPC V3 received frame stream_id=650 frame_type=Data payload_bytes=216
2026-09-26T01:40:33.730289Z DEBUG netbaiot_transports::business_rpc::v3: business RPC V3 writer completed frame stream_id=0 frame_type=WindowUpdate payload_bytes=4
2026-09-26T01:40:33.730305Z DEBUG netbaiot_transports::business_rpc::v3: business RPC V3 selected frame stream_id=0 frame_type=WindowUpdate payload_bytes=4
2026-09-26T01:40:33.730296Z DEBUG netbaiot_transports::business_rpc::v3: business RPC V3 received frame stream_id=652 frame_type=Data payload_bytes=216
2026-09-26T01:40:33.730314Z DEBUG netbaiot_transports::business_rpc::v3: business RPC V3 writer completed frame stream_id=0 frame_type=WindowUpdate payload_bytes=4
2026-09-26T01:40:33.730355Z DEBUG netbaiot_transports::business_rpc::v3: business RPC V3 received frame stream_id=644 frame_type=Response payload_bytes=35
2026-09-26T01:40:33.730381Z DEBUG netbaiot_transports::business_rpc::v3: business RPC V3 selected frame stream_id=0 frame_type=WindowUpdate payload_bytes=4
2026-09-26T01:40:33.730406Z DEBUG netbaiot_transports::business_rpc::v3: business RPC V3 writer completed frame stream_id=0 frame_type=WindowUpdate payload_bytes=4
2026-09-26T01:40:33.730413Z DEBUG netbaiot_transports::business_rpc::v3: business RPC V3 received frame stream_id=644 frame_type=Data payload_bytes=118
2026-09-26T01:40:33.730443Z DEBUG netbaiot_transports::business_rpc::v3: business RPC V3 Event delivery acknowledged stream_id=644 completion_us=185014
2026-09-26T01:40:33.730476Z DEBUG netbaiot_transports::business_rpc::v3: business RPC V3 selected frame stream_id=0 frame_type=WindowUpdate payload_bytes=4
2026-09-26T01:40:33.730492Z DEBUG netbaiot_transports::business_rpc::v3: business RPC V3 writer completed frame stream_id=0 frame_type=WindowUpdate payload_bytes=4
2026-09-26T01:40:33.730695Z DEBUG netbaiot_transports::business_rpc::v3: business RPC V3 body entered scheduler stream_id=664 class=Rpc body_bytes=198
2026-09-26T01:40:33.730700Z DEBUG netbaiot_transports::business_rpc::v3: business RPC V3 selected frame stream_id=664 frame_type=Open payload_bytes=158
2026-09-26T01:40:33.730705Z DEBUG netbaiot_transports::business_rpc::v3: business RPC V3 writer completed frame stream_id=664 frame_type=Open payload_bytes=158
2026-09-26T01:40:33.730708Z DEBUG netbaiot_transports::business_rpc::v3: business RPC V3 selected frame stream_id=664 frame_type=Data payload_bytes=198
2026-09-26T01:40:33.730711Z DEBUG netbaiot_transports::business_rpc::v3: business RPC V3 writer completed frame stream_id=664 frame_type=Data payload_bytes=198
2026-09-26T01:40:33.730759Z DEBUG netbaiot_transports::business_rpc::v3: business RPC V3 body entered scheduler stream_id=666 class=Rpc body_bytes=198
2026-09-26T01:40:33.730762Z DEBUG netbaiot_transports::business_rpc::v3: business RPC V3 selected frame stream_id=666 frame_type=Open payload_bytes=158
2026-09-26T01:40:33.730768Z DEBUG netbaiot_transports::business_rpc::v3: business RPC V3 writer completed frame stream_id=666 frame_type=Open payload_bytes=158
2026-09-26T01:40:33.730776Z DEBUG netbaiot_transports::business_rpc::v3: business RPC V3 selected frame stream_id=666 frame_type=Data payload_bytes=198
2026-09-26T01:40:33.730779Z DEBUG netbaiot_transports::business_rpc::v3: business RPC V3 writer completed frame stream_id=666 frame_type=Data payload_bytes=198
2026-09-26T01:40:33.730787Z DEBUG netbaiot_transports::business_rpc::v3: business RPC V3 body entered scheduler stream_id=668 class=Rpc body_bytes=198
2026-09-26T01:40:33.730792Z DEBUG netbaiot_transports::business_rpc::v3: business RPC V3 selected frame stream_id=668 frame_type=Open payload_bytes=158
2026-09-26T01:40:33.730796Z DEBUG netbaiot_transports::business_rpc::v3: business RPC V3 writer completed frame stream_id=668 frame_type=Open payload_bytes=158
2026-09-26T01:40:33.730799Z DEBUG netbaiot_transports::business_rpc::v3: business RPC V3 selected frame stream_id=668 frame_type=Data payload_bytes=198
2026-09-26T01:40:33.730802Z DEBUG netbaiot_transports::business_rpc::v3: business RPC V3 writer completed frame stream_id=668 frame_type=Data payload_bytes=198
2026-09-26T01:40:33.730807Z DEBUG netbaiot_transports::business_rpc::v3: business RPC V3 body entered scheduler stream_id=670 class=Rpc body_bytes=198
2026-09-26T01:40:33.730811Z DEBUG netbaiot_transports::business_rpc::v3: business RPC V3 selected frame stream_id=670 frame_type=Open payload_bytes=158
2026-09-26T01:40:33.730815Z DEBUG netbaiot_transports::business_rpc::v3: business RPC V3 writer completed frame stream_id=670 frame_type=Open payload_bytes=158
2026-09-26T01:40:33.730818Z DEBUG netbaiot_transports::business_rpc::v3: business RPC V3 selected frame stream_id=670 frame_type=Data payload_bytes=198
2026-09-26T01:40:33.730821Z DEBUG netbaiot_transports::business_rpc::v3: business RPC V3 writer completed frame stream_id=670 frame_type=Data payload_bytes=198
2026-09-26T01:40:33.730827Z DEBUG netbaiot_transports::business_rpc::v3: business RPC V3 body entered scheduler stream_id=672 class=Rpc body_bytes=198
2026-09-26T01:40:33.730830Z DEBUG netbaiot_transports::business_rpc::v3: business RPC V3 selected frame stream_id=672 frame_type=Open payload_bytes=158
2026-09-26T01:40:33.730833Z DEBUG netbaiot_transports::business_rpc::v3: business RPC V3 writer completed frame stream_id=672 frame_type=Open payload_bytes=158
2026-09-26T01:40:33.730835Z DEBUG netbaiot_transports::business_rpc::v3: business RPC V3 selected frame stream_id=672 frame_type=Data payload_bytes=198
2026-09-26T01:40:33.730838Z DEBUG netbaiot_transports::business_rpc::v3: business RPC V3 writer completed frame stream_id=672 frame_type=Data payload_bytes=198
2026-09-26T01:40:33.761583Z DEBUG netbaiot_transports::business_rpc::v3: business RPC V3 body entered scheduler stream_id=674 class=Rpc body_bytes=198
2026-09-26T01:40:33.761603Z DEBUG netbaiot_transports::business_rpc::v3: business RPC V3 selected frame stream_id=674 frame_type=Open payload_bytes=158
2026-09-26T01:40:33.761612Z DEBUG netbaiot_transports::business_rpc::v3: business RPC V3 writer completed frame stream_id=674 frame_type=Open payload_bytes=158
2026-09-26T01:40:33.761616Z DEBUG netbaiot_transports::business_rpc::v3: business RPC V3 selected frame stream_id=674 frame_type=Data payload_bytes=198
2026-09-26T01:40:33.761619Z DEBUG netbaiot_transports::business_rpc::v3: business RPC V3 writer completed frame stream_id=674 frame_type=Data payload_bytes=198
2026-09-26T01:40:33.811249Z DEBUG netbaiot_transports::business_rpc::v3: business RPC V3 received frame stream_id=0 frame_type=WindowUpdate payload_bytes=4
2026-09-26T01:40:33.811271Z DEBUG netbaiot_transports::business_rpc::v3: business RPC V3 received frame stream_id=0 frame_type=WindowUpdate payload_bytes=4
2026-09-26T01:40:33.811274Z DEBUG netbaiot_transports::business_rpc::v3: business RPC V3 received frame stream_id=0 frame_type=WindowUpdate payload_bytes=4
2026-09-26T01:40:33.811277Z DEBUG netbaiot_transports::business_rpc::v3: business RPC V3 received frame stream_id=660 frame_type=Response payload_bytes=35
2026-09-26T01:40:33.811282Z DEBUG netbaiot_transports::business_rpc::v3: business RPC V3 received frame stream_id=660 frame_type=Data payload_bytes=216
2026-09-26T01:40:33.811303Z DEBUG netbaiot_transports::business_rpc::v3: business RPC V3 received frame stream_id=656 frame_type=Response payload_bytes=35
2026-09-26T01:40:33.811307Z DEBUG netbaiot_transports::business_rpc::v3: business RPC V3 received frame stream_id=656 frame_type=Data payload_bytes=216
2026-09-26T01:40:33.811312Z DEBUG netbaiot_transports::business_rpc::v3: business RPC V3 selected frame stream_id=0 frame_type=WindowUpdate payload_bytes=4
2026-09-26T01:40:33.811313Z DEBUG netbaiot_transports::business_rpc::v3: business RPC V3 received frame stream_id=658 frame_type=Response payload_bytes=35
2026-09-26T01:40:33.811325Z DEBUG netbaiot_transports::business_rpc::v3: business RPC V3 received frame stream_id=658 frame_type=Data payload_bytes=216
2026-09-26T01:40:33.811328Z DEBUG netbaiot_transports::business_rpc::v3: business RPC V3 writer completed frame stream_id=0 frame_type=WindowUpdate payload_bytes=4
2026-09-26T01:40:33.811333Z DEBUG netbaiot_transports::business_rpc::v3: business RPC V3 selected frame stream_id=0 frame_type=WindowUpdate payload_bytes=4
2026-09-26T01:40:33.811337Z DEBUG netbaiot_transports::business_rpc::v3: business RPC V3 writer completed frame stream_id=0 frame_type=WindowUpdate payload_bytes=4
2026-09-26T01:40:33.811340Z DEBUG netbaiot_transports::business_rpc::v3: business RPC V3 selected frame stream_id=0 frame_type=WindowUpdate payload_bytes=4
2026-09-26T01:40:33.811343Z DEBUG netbaiot_transports::business_rpc::v3: business RPC V3 writer completed frame stream_id=0 frame_type=WindowUpdate payload_bytes=4
2026-09-26T01:40:33.811716Z DEBUG netbaiot_transports::business_rpc::v3: business RPC V3 body entered scheduler stream_id=676 class=Rpc body_bytes=198
2026-09-26T01:40:33.811721Z DEBUG netbaiot_transports::business_rpc::v3: business RPC V3 selected frame stream_id=676 frame_type=Open payload_bytes=158
2026-09-26T01:40:33.811728Z DEBUG netbaiot_transports::business_rpc::v3: business RPC V3 writer completed frame stream_id=676 frame_type=Open payload_bytes=158
2026-09-26T01:40:33.811731Z DEBUG netbaiot_transports::business_rpc::v3: business RPC V3 selected frame stream_id=676 frame_type=Data payload_bytes=198
2026-09-26T01:40:33.811734Z DEBUG netbaiot_transports::business_rpc::v3: business RPC V3 writer completed frame stream_id=676 frame_type=Data payload_bytes=198
2026-09-26T01:40:33.811740Z DEBUG netbaiot_transports::business_rpc::v3: business RPC V3 body entered scheduler stream_id=678 class=Rpc body_bytes=198
2026-09-26T01:40:33.811744Z DEBUG netbaiot_transports::business_rpc::v3: business RPC V3 selected frame stream_id=678 frame_type=Open payload_bytes=158
2026-09-26T01:40:33.811748Z DEBUG netbaiot_transports::business_rpc::v3: business RPC V3 writer completed frame stream_id=678 frame_type=Open payload_bytes=158
2026-09-26T01:40:33.811750Z DEBUG netbaiot_transports::business_rpc::v3: business RPC V3 selected frame stream_id=678 frame_type=Data payload_bytes=198
2026-09-26T01:40:33.811753Z DEBUG netbaiot_transports::business_rpc::v3: business RPC V3 writer completed frame stream_id=678 frame_type=Data payload_bytes=198
2026-09-26T01:40:33.811765Z DEBUG netbaiot_transports::business_rpc::v3: business RPC V3 body entered scheduler stream_id=680 class=Rpc body_bytes=198
2026-09-26T01:40:33.811773Z DEBUG netbaiot_transports::business_rpc::v3: business RPC V3 selected frame stream_id=680 frame_type=Open payload_bytes=158
2026-09-26T01:40:33.811779Z DEBUG netbaiot_transports::business_rpc::v3: business RPC V3 writer completed frame stream_id=680 frame_type=Open payload_bytes=158
2026-09-26T01:40:33.811782Z DEBUG netbaiot_transports::business_rpc::v3: business RPC V3 selected frame stream_id=680 frame_type=Data payload_bytes=198
2026-09-26T01:40:33.811786Z DEBUG netbaiot_transports::business_rpc::v3: business RPC V3 writer completed frame stream_id=680 frame_type=Data payload_bytes=198
2026-09-26T01:40:33.844082Z DEBUG netbaiot_transports::business_rpc::v3: business RPC V3 received frame stream_id=0 frame_type=WindowUpdate payload_bytes=4
2026-09-26T01:40:33.844104Z DEBUG netbaiot_transports::business_rpc::v3: business RPC V3 received frame stream_id=0 frame_type=WindowUpdate payload_bytes=4
2026-09-26T01:40:33.844108Z DEBUG netbaiot_transports::business_rpc::v3: business RPC V3 received frame stream_id=0 frame_type=WindowUpdate payload_bytes=4
2026-09-26T01:40:33.844111Z DEBUG netbaiot_transports::business_rpc::v3: business RPC V3 received frame stream_id=0 frame_type=WindowUpdate payload_bytes=4
2026-09-26T01:40:33.844114Z DEBUG netbaiot_transports::business_rpc::v3: business RPC V3 received frame stream_id=0 frame_type=WindowUpdate payload_bytes=4
2026-09-26T01:40:33.844117Z DEBUG netbaiot_transports::business_rpc::v3: business RPC V3 received frame stream_id=0 frame_type=WindowUpdate payload_bytes=4
2026-09-26T01:40:33.844121Z DEBUG netbaiot_transports::business_rpc::v3: business RPC V3 received frame stream_id=672 frame_type=Response payload_bytes=35
2026-09-26T01:40:33.844127Z DEBUG netbaiot_transports::business_rpc::v3: business RPC V3 received frame stream_id=662 frame_type=Response payload_bytes=35
2026-09-26T01:40:33.844130Z DEBUG netbaiot_transports::business_rpc::v3: business RPC V3 received frame stream_id=668 frame_type=Response payload_bytes=35
2026-09-26T01:40:33.844133Z DEBUG netbaiot_transports::business_rpc::v3: business RPC V3 received frame stream_id=672 frame_type=Data payload_bytes=216
2026-09-26T01:40:33.844153Z DEBUG netbaiot_transports::business_rpc::v3: business RPC V3 received frame stream_id=662 frame_type=Data payload_bytes=216
2026-09-26T01:40:33.844163Z DEBUG netbaiot_transports::business_rpc::v3: business RPC V3 received frame stream_id=668 frame_type=Data payload_bytes=216
2026-09-26T01:40:33.844164Z DEBUG netbaiot_transports::business_rpc::v3: business RPC V3 selected frame stream_id=0 frame_type=WindowUpdate payload_bytes=4
2026-09-26T01:40:33.844171Z DEBUG netbaiot_transports::business_rpc::v3: business RPC V3 received frame stream_id=670 frame_type=Response payload_bytes=35
2026-09-26T01:40:33.844187Z DEBUG netbaiot_transports::business_rpc::v3: business RPC V3 writer completed frame stream_id=0 frame_type=WindowUpdate payload_bytes=4
2026-09-26T01:40:33.844193Z DEBUG netbaiot_transports::business_rpc::v3: business RPC V3 selected frame stream_id=0 frame_type=WindowUpdate payload_bytes=4
2026-09-26T01:40:33.844199Z DEBUG netbaiot_transports::business_rpc::v3: business RPC V3 writer completed frame stream_id=0 frame_type=WindowUpdate payload_bytes=4
2026-09-26T01:40:33.844202Z DEBUG netbaiot_transports::business_rpc::v3: business RPC V3 selected frame stream_id=0 frame_type=WindowUpdate payload_bytes=4
2026-09-26T01:40:33.844207Z DEBUG netbaiot_transports::business_rpc::v3: business RPC V3 writer completed frame stream_id=0 frame_type=WindowUpdate payload_bytes=4
2026-09-26T01:40:33.844189Z DEBUG netbaiot_transports::business_rpc::v3: business RPC V3 received frame stream_id=664 frame_type=Response payload_bytes=35
2026-09-26T01:40:33.844219Z DEBUG netbaiot_transports::business_rpc::v3: business RPC V3 received frame stream_id=670 frame_type=Data payload_bytes=216
2026-09-26T01:40:33.844228Z DEBUG netbaiot_transports::business_rpc::v3: business RPC V3 received frame stream_id=664 frame_type=Data payload_bytes=216
2026-09-26T01:40:33.844236Z DEBUG netbaiot_transports::business_rpc::v3: business RPC V3 received frame stream_id=666 frame_type=Response payload_bytes=35
2026-09-26T01:40:33.844240Z DEBUG netbaiot_transports::business_rpc::v3: business RPC V3 received frame stream_id=666 frame_type=Data payload_bytes=216
2026-09-26T01:40:33.844230Z DEBUG netbaiot_transports::business_rpc::v3: business RPC V3 selected frame stream_id=0 frame_type=WindowUpdate payload_bytes=4
2026-09-26T01:40:33.844263Z DEBUG netbaiot_transports::business_rpc::v3: business RPC V3 writer completed frame stream_id=0 frame_type=WindowUpdate payload_bytes=4
2026-09-26T01:40:33.844267Z DEBUG netbaiot_transports::business_rpc::v3: business RPC V3 selected frame stream_id=0 frame_type=WindowUpdate payload_bytes=4
2026-09-26T01:40:33.844271Z DEBUG netbaiot_transports::business_rpc::v3: business RPC V3 writer completed frame stream_id=0 frame_type=WindowUpdate payload_bytes=4
2026-09-26T01:40:33.844274Z DEBUG netbaiot_transports::business_rpc::v3: business RPC V3 selected frame stream_id=0 frame_type=WindowUpdate payload_bytes=4
2026-09-26T01:40:33.844277Z DEBUG netbaiot_transports::business_rpc::v3: business RPC V3 writer completed frame stream_id=0 frame_type=WindowUpdate payload_bytes=4
2026-09-26T01:40:33.844689Z DEBUG netbaiot_transports::business_rpc::v3: business RPC V3 body entered scheduler stream_id=682 class=Rpc body_bytes=198
2026-09-26T01:40:33.844695Z DEBUG netbaiot_transports::business_rpc::v3: business RPC V3 selected frame stream_id=682 frame_type=Open payload_bytes=158
2026-09-26T01:40:33.844702Z DEBUG netbaiot_transports::business_rpc::v3: business RPC V3 writer completed frame stream_id=682 frame_type=Open payload_bytes=158
2026-09-26T01:40:33.844706Z DEBUG netbaiot_transports::business_rpc::v3: business RPC V3 selected frame stream_id=682 frame_type=Data payload_bytes=198
2026-09-26T01:40:33.844710Z DEBUG netbaiot_transports::business_rpc::v3: business RPC V3 writer completed frame stream_id=682 frame_type=Data payload_bytes=198
2026-09-26T01:40:33.844717Z DEBUG netbaiot_transports::business_rpc::v3: business RPC V3 body entered scheduler stream_id=684 class=Rpc body_bytes=198
2026-09-26T01:40:33.844723Z DEBUG netbaiot_transports::business_rpc::v3: business RPC V3 selected frame stream_id=684 frame_type=Open payload_bytes=158
2026-09-26T01:40:33.844727Z DEBUG netbaiot_transports::business_rpc::v3: business RPC V3 writer completed frame stream_id=684 frame_type=Open payload_bytes=158
2026-09-26T01:40:33.844730Z DEBUG netbaiot_transports::business_rpc::v3: business RPC V3 selected frame stream_id=684 frame_type=Data payload_bytes=198
2026-09-26T01:40:33.844734Z DEBUG netbaiot_transports::business_rpc::v3: business RPC V3 writer completed frame stream_id=684 frame_type=Data payload_bytes=198
2026-09-26T01:40:33.844743Z DEBUG netbaiot_transports::business_rpc::v3: business RPC V3 body entered scheduler stream_id=686 class=Rpc body_bytes=198
2026-09-26T01:40:33.844747Z DEBUG netbaiot_transports::business_rpc::v3: business RPC V3 selected frame stream_id=686 frame_type=Open payload_bytes=158
2026-09-26T01:40:33.844755Z DEBUG netbaiot_transports::business_rpc::v3: business RPC V3 writer completed frame stream_id=686 frame_type=Open payload_bytes=158
2026-09-26T01:40:33.844758Z DEBUG netbaiot_transports::business_rpc::v3: business RPC V3 selected frame stream_id=686 frame_type=Data payload_bytes=198
2026-09-26T01:40:33.844762Z DEBUG netbaiot_transports::business_rpc::v3: business RPC V3 writer completed frame stream_id=686 frame_type=Data payload_bytes=198
2026-09-26T01:40:33.844768Z DEBUG netbaiot_transports::business_rpc::v3: business RPC V3 body entered scheduler stream_id=688 class=Rpc body_bytes=198
2026-09-26T01:40:33.844771Z DEBUG netbaiot_transports::business_rpc::v3: business RPC V3 selected frame stream_id=688 frame_type=Open payload_bytes=158
2026-09-26T01:40:33.844775Z DEBUG netbaiot_transports::business_rpc::v3: business RPC V3 writer completed frame stream_id=688 frame_type=Open payload_bytes=158
2026-09-26T01:40:33.844778Z DEBUG netbaiot_transports::business_rpc::v3: business RPC V3 selected frame stream_id=688 frame_type=Data payload_bytes=198
2026-09-26T01:40:33.844781Z DEBUG netbaiot_transports::business_rpc::v3: business RPC V3 writer completed frame stream_id=688 frame_type=Data payload_bytes=198
2026-09-26T01:40:33.844789Z DEBUG netbaiot_transports::business_rpc::v3: business RPC V3 body entered scheduler stream_id=690 class=Rpc body_bytes=198
2026-09-26T01:40:33.844793Z DEBUG netbaiot_transports::business_rpc::v3: business RPC V3 selected frame stream_id=690 frame_type=Open payload_bytes=158
2026-09-26T01:40:33.844798Z DEBUG netbaiot_transports::business_rpc::v3: business RPC V3 writer completed frame stream_id=690 frame_type=Open payload_bytes=158
2026-09-26T01:40:33.844802Z DEBUG netbaiot_transports::business_rpc::v3: business RPC V3 selected frame stream_id=690 frame_type=Data payload_bytes=198
2026-09-26T01:40:33.844806Z DEBUG netbaiot_transports::business_rpc::v3: business RPC V3 writer completed frame stream_id=690 frame_type=Data payload_bytes=198
2026-09-26T01:40:33.871352Z DEBUG netbaiot_transports::business_rpc::v3: business RPC V3 received frame stream_id=0 frame_type=WindowUpdate payload_bytes=4
2026-09-26T01:40:33.871375Z DEBUG netbaiot_transports::business_rpc::v3: business RPC V3 received frame stream_id=674 frame_type=Response payload_bytes=35
2026-09-26T01:40:33.871381Z DEBUG netbaiot_transports::business_rpc::v3: business RPC V3 received frame stream_id=674 frame_type=Data payload_bytes=216
2026-09-26T01:40:33.871404Z DEBUG netbaiot_transports::business_rpc::v3: business RPC V3 selected frame stream_id=0 frame_type=WindowUpdate payload_bytes=4
2026-09-26T01:40:33.871419Z DEBUG netbaiot_transports::business_rpc::v3: business RPC V3 writer completed frame stream_id=0 frame_type=WindowUpdate payload_bytes=4
2026-09-26T01:40:33.900855Z DEBUG netbaiot_transports::business_rpc::v3: business RPC V3 received frame stream_id=0 frame_type=WindowUpdate payload_bytes=4
2026-09-26T01:40:33.900868Z DEBUG netbaiot_transports::business_rpc::v3: business RPC V3 received frame stream_id=0 frame_type=WindowUpdate payload_bytes=4
2026-09-26T01:40:33.900871Z DEBUG netbaiot_transports::business_rpc::v3: business RPC V3 received frame stream_id=0 frame_type=WindowUpdate payload_bytes=4
2026-09-26T01:40:33.900873Z DEBUG netbaiot_transports::business_rpc::v3: business RPC V3 received frame stream_id=680 frame_type=Response payload_bytes=35
2026-09-26T01:40:33.900879Z DEBUG netbaiot_transports::business_rpc::v3: business RPC V3 received frame stream_id=680 frame_type=Data payload_bytes=216
2026-09-26T01:40:33.900896Z DEBUG netbaiot_transports::business_rpc::v3: business RPC V3 received frame stream_id=676 frame_type=Response payload_bytes=35
2026-09-26T01:40:33.900900Z DEBUG netbaiot_transports::business_rpc::v3: business RPC V3 received frame stream_id=676 frame_type=Data payload_bytes=216
2026-09-26T01:40:33.900905Z DEBUG netbaiot_transports::business_rpc::v3: business RPC V3 selected frame stream_id=0 frame_type=WindowUpdate payload_bytes=4
2026-09-26T01:40:33.900907Z DEBUG netbaiot_transports::business_rpc::v3: business RPC V3 received frame stream_id=678 frame_type=Response payload_bytes=35
2026-09-26T01:40:33.900920Z DEBUG netbaiot_transports::business_rpc::v3: business RPC V3 received frame stream_id=678 frame_type=Data payload_bytes=216
2026-09-26T01:40:33.900921Z DEBUG netbaiot_transports::business_rpc::v3: business RPC V3 writer completed frame stream_id=0 frame_type=WindowUpdate payload_bytes=4
2026-09-26T01:40:33.900931Z DEBUG netbaiot_transports::business_rpc::v3: business RPC V3 selected frame stream_id=0 frame_type=WindowUpdate payload_bytes=4
2026-09-26T01:40:33.900936Z DEBUG netbaiot_transports::business_rpc::v3: business RPC V3 writer completed frame stream_id=0 frame_type=WindowUpdate payload_bytes=4
2026-09-26T01:40:33.900939Z DEBUG netbaiot_transports::business_rpc::v3: business RPC V3 selected frame stream_id=0 frame_type=WindowUpdate payload_bytes=4
2026-09-26T01:40:33.900943Z DEBUG netbaiot_transports::business_rpc::v3: business RPC V3 writer completed frame stream_id=0 frame_type=WindowUpdate payload_bytes=4
2026-09-26T01:40:33.932570Z DEBUG netbaiot_transports::business_rpc::v3: business RPC V3 received frame stream_id=0 frame_type=WindowUpdate payload_bytes=4
2026-09-26T01:40:33.932581Z DEBUG netbaiot_transports::business_rpc::v3: business RPC V3 received frame stream_id=0 frame_type=WindowUpdate payload_bytes=4
2026-09-26T01:40:33.932584Z DEBUG netbaiot_transports::business_rpc::v3: business RPC V3 received frame stream_id=0 frame_type=WindowUpdate payload_bytes=4
2026-09-26T01:40:33.932586Z DEBUG netbaiot_transports::business_rpc::v3: business RPC V3 received frame stream_id=0 frame_type=WindowUpdate payload_bytes=4
2026-09-26T01:40:33.932588Z DEBUG netbaiot_transports::business_rpc::v3: business RPC V3 received frame stream_id=0 frame_type=WindowUpdate payload_bytes=4
2026-09-26T01:40:33.932590Z DEBUG netbaiot_transports::business_rpc::v3: business RPC V3 received frame stream_id=690 frame_type=Response payload_bytes=35
2026-09-26T01:40:33.932595Z DEBUG netbaiot_transports::business_rpc::v3: business RPC V3 received frame stream_id=682 frame_type=Response payload_bytes=35
2026-09-26T01:40:33.932599Z DEBUG netbaiot_transports::business_rpc::v3: business RPC V3 received frame stream_id=688 frame_type=Response payload_bytes=35
2026-09-26T01:40:33.932601Z DEBUG netbaiot_transports::business_rpc::v3: business RPC V3 received frame stream_id=690 frame_type=Data payload_bytes=216
2026-09-26T01:40:33.932620Z DEBUG netbaiot_transports::business_rpc::v3: business RPC V3 received frame stream_id=682 frame_type=Data payload_bytes=216
2026-09-26T01:40:33.932625Z DEBUG netbaiot_transports::business_rpc::v3: business RPC V3 received frame stream_id=688 frame_type=Data payload_bytes=216
2026-09-26T01:40:33.932626Z DEBUG netbaiot_transports::business_rpc::v3: business RPC V3 selected frame stream_id=0 frame_type=WindowUpdate payload_bytes=4
2026-09-26T01:40:33.932630Z DEBUG netbaiot_transports::business_rpc::v3: business RPC V3 received frame stream_id=684 frame_type=Response payload_bytes=35
2026-09-26T01:40:33.932635Z DEBUG netbaiot_transports::business_rpc::v3: business RPC V3 received frame stream_id=684 frame_type=Data payload_bytes=216
2026-09-26T01:40:33.932637Z DEBUG netbaiot_transports::business_rpc::v3: business RPC V3 writer completed frame stream_id=0 frame_type=WindowUpdate payload_bytes=4
2026-09-26T01:40:33.932645Z DEBUG netbaiot_transports::business_rpc::v3: business RPC V3 selected frame stream_id=0 frame_type=WindowUpdate payload_bytes=4
2026-09-26T01:40:33.932639Z DEBUG netbaiot_transports::business_rpc::v3: business RPC V3 received frame stream_id=686 frame_type=Response payload_bytes=35
2026-09-26T01:40:33.932657Z DEBUG netbaiot_transports::business_rpc::v3: business RPC V3 received frame stream_id=686 frame_type=Data payload_bytes=216
2026-09-26T01:40:33.932651Z DEBUG netbaiot_transports::business_rpc::v3: business RPC V3 writer completed frame stream_id=0 frame_type=WindowUpdate payload_bytes=4
2026-09-26T01:40:33.932715Z DEBUG netbaiot_transports::business_rpc::v3: business RPC V3 selected frame stream_id=0 frame_type=WindowUpdate payload_bytes=4
2026-09-26T01:40:33.932724Z DEBUG netbaiot_transports::business_rpc::v3: business RPC V3 writer completed frame stream_id=0 frame_type=WindowUpdate payload_bytes=4
2026-09-26T01:40:33.932727Z DEBUG netbaiot_transports::business_rpc::v3: business RPC V3 selected frame stream_id=0 frame_type=WindowUpdate payload_bytes=4
2026-09-26T01:40:33.932731Z DEBUG netbaiot_transports::business_rpc::v3: business RPC V3 writer completed frame stream_id=0 frame_type=WindowUpdate payload_bytes=4
2026-09-26T01:40:33.932733Z DEBUG netbaiot_transports::business_rpc::v3: business RPC V3 selected frame stream_id=0 frame_type=WindowUpdate payload_bytes=4
2026-09-26T01:40:33.932736Z DEBUG netbaiot_transports::business_rpc::v3: business RPC V3 writer completed frame stream_id=0 frame_type=WindowUpdate payload_bytes=4
2026-09-26T01:40:34.045167Z DEBUG netbaiot_transports::business_rpc::v3: business RPC V3 body entered scheduler stream_id=692 class=Event body_bytes=17366
2026-09-26T01:40:34.045181Z DEBUG netbaiot_transports::business_rpc::v3: business RPC V3 selected frame stream_id=692 frame_type=Open payload_bytes=184
2026-09-26T01:40:34.045192Z DEBUG netbaiot_transports::business_rpc::v3: business RPC V3 writer completed frame stream_id=692 frame_type=Open payload_bytes=184
2026-09-26T01:40:34.045196Z DEBUG netbaiot_transports::business_rpc::v3: business RPC V3 selected frame stream_id=692 frame_type=Data payload_bytes=8192
2026-09-26T01:40:34.045201Z DEBUG netbaiot_transports::business_rpc::v3: business RPC V3 writer completed frame stream_id=692 frame_type=Data payload_bytes=8192
2026-09-26T01:40:34.045204Z DEBUG netbaiot_transports::business_rpc::v3: business RPC V3 selected frame stream_id=692 frame_type=Data payload_bytes=8192
2026-09-26T01:40:34.045213Z DEBUG netbaiot_transports::business_rpc::v3: business RPC V3 writer completed frame stream_id=692 frame_type=Data payload_bytes=8192
2026-09-26T01:40:34.045215Z DEBUG netbaiot_transports::business_rpc::v3: business RPC V3 selected frame stream_id=692 frame_type=Data payload_bytes=982
2026-09-26T01:40:34.045219Z DEBUG netbaiot_transports::business_rpc::v3: business RPC V3 writer completed frame stream_id=692 frame_type=Data payload_bytes=982
2026-09-26T01:40:34.186797Z DEBUG netbaiot_transports::business_rpc::v3: business RPC V3 received frame stream_id=0 frame_type=WindowUpdate payload_bytes=4
2026-09-26T01:40:34.186822Z DEBUG netbaiot_transports::business_rpc::v3: business RPC V3 received frame stream_id=692 frame_type=WindowUpdate payload_bytes=4
2026-09-26T01:40:34.213815Z DEBUG netbaiot_transports::business_rpc::v3: business RPC V3 received frame stream_id=0 frame_type=WindowUpdate payload_bytes=4
2026-09-26T01:40:34.213840Z DEBUG netbaiot_transports::business_rpc::v3: business RPC V3 received frame stream_id=692 frame_type=WindowUpdate payload_bytes=4
2026-09-26T01:40:34.213843Z DEBUG netbaiot_transports::business_rpc::v3: business RPC V3 received frame stream_id=0 frame_type=WindowUpdate payload_bytes=4
2026-09-26T01:40:34.213846Z DEBUG netbaiot_transports::business_rpc::v3: business RPC V3 received frame stream_id=692 frame_type=Response payload_bytes=35
2026-09-26T01:40:34.213851Z DEBUG netbaiot_transports::business_rpc::v3: business RPC V3 received frame stream_id=692 frame_type=Data payload_bytes=118
2026-09-26T01:40:34.213856Z DEBUG netbaiot_transports::business_rpc::v3: business RPC V3 Event delivery acknowledged stream_id=692 completion_us=168696
2026-09-26T01:40:34.213872Z DEBUG netbaiot_transports::business_rpc::v3: business RPC V3 selected frame stream_id=0 frame_type=WindowUpdate payload_bytes=4
2026-09-26T01:40:34.213889Z DEBUG netbaiot_transports::business_rpc::v3: business RPC V3 writer completed frame stream_id=0 frame_type=WindowUpdate payload_bytes=4
2026-09-26T01:40:34.430751Z DEBUG netbaiot_transports::business_rpc::v3: business RPC V3 body entered scheduler stream_id=694 class=Rpc body_bytes=198
2026-09-26T01:40:34.430763Z DEBUG netbaiot_transports::business_rpc::v3: business RPC V3 selected frame stream_id=694 frame_type=Open payload_bytes=158
2026-09-26T01:40:34.430773Z DEBUG netbaiot_transports::business_rpc::v3: business RPC V3 writer completed frame stream_id=694 frame_type=Open payload_bytes=158
2026-09-26T01:40:34.430776Z DEBUG netbaiot_transports::business_rpc::v3: business RPC V3 selected frame stream_id=694 frame_type=Data payload_bytes=198
2026-09-26T01:40:34.430780Z DEBUG netbaiot_transports::business_rpc::v3: business RPC V3 writer completed frame stream_id=694 frame_type=Data payload_bytes=198
2026-09-26T01:40:34.434264Z DEBUG netbaiot_transports::business_rpc::v3: business RPC V3 body entered scheduler stream_id=696 class=Rpc body_bytes=198
2026-09-26T01:40:34.434272Z DEBUG netbaiot_transports::business_rpc::v3: business RPC V3 selected frame stream_id=696 frame_type=Open payload_bytes=158
2026-09-26T01:40:34.434281Z DEBUG netbaiot_transports::business_rpc::v3: business RPC V3 writer completed frame stream_id=696 frame_type=Open payload_bytes=158
2026-09-26T01:40:34.434284Z DEBUG netbaiot_transports::business_rpc::v3: business RPC V3 selected frame stream_id=696 frame_type=Data payload_bytes=198
2026-09-26T01:40:34.434288Z DEBUG netbaiot_transports::business_rpc::v3: business RPC V3 writer completed frame stream_id=696 frame_type=Data payload_bytes=198
2026-09-26T01:40:34.508794Z DEBUG netbaiot_transports::business_rpc::v3: business RPC V3 body entered scheduler stream_id=698 class=Rpc body_bytes=198
2026-09-26T01:40:34.508808Z DEBUG netbaiot_transports::business_rpc::v3: business RPC V3 selected frame stream_id=698 frame_type=Open payload_bytes=158
2026-09-26T01:40:34.508817Z DEBUG netbaiot_transports::business_rpc::v3: business RPC V3 writer completed frame stream_id=698 frame_type=Open payload_bytes=158
2026-09-26T01:40:34.508821Z DEBUG netbaiot_transports::business_rpc::v3: business RPC V3 selected frame stream_id=698 frame_type=Data payload_bytes=198
2026-09-26T01:40:34.508825Z DEBUG netbaiot_transports::business_rpc::v3: business RPC V3 writer completed frame stream_id=698 frame_type=Data payload_bytes=198
2026-09-26T01:40:34.539693Z DEBUG netbaiot_transports::business_rpc::v3: business RPC V3 received frame stream_id=0 frame_type=WindowUpdate payload_bytes=4
2026-09-26T01:40:34.539708Z DEBUG netbaiot_transports::business_rpc::v3: business RPC V3 received frame stream_id=0 frame_type=WindowUpdate payload_bytes=4
2026-09-26T01:40:34.539711Z DEBUG netbaiot_transports::business_rpc::v3: business RPC V3 received frame stream_id=696 frame_type=Response payload_bytes=35
2026-09-26T01:40:34.539717Z DEBUG netbaiot_transports::business_rpc::v3: business RPC V3 received frame stream_id=696 frame_type=Data payload_bytes=216
2026-09-26T01:40:34.539736Z DEBUG netbaiot_transports::business_rpc::v3: business RPC V3 received frame stream_id=694 frame_type=Response payload_bytes=35
2026-09-26T01:40:34.539739Z DEBUG netbaiot_transports::business_rpc::v3: business RPC V3 received frame stream_id=694 frame_type=Data payload_bytes=216
2026-09-26T01:40:34.539743Z DEBUG netbaiot_transports::business_rpc::v3: business RPC V3 selected frame stream_id=0 frame_type=WindowUpdate payload_bytes=4
2026-09-26T01:40:34.539756Z DEBUG netbaiot_transports::business_rpc::v3: business RPC V3 writer completed frame stream_id=0 frame_type=WindowUpdate payload_bytes=4
2026-09-26T01:40:34.539760Z DEBUG netbaiot_transports::business_rpc::v3: business RPC V3 selected frame stream_id=0 frame_type=WindowUpdate payload_bytes=4
2026-09-26T01:40:34.539764Z DEBUG netbaiot_transports::business_rpc::v3: business RPC V3 writer completed frame stream_id=0 frame_type=WindowUpdate payload_bytes=4
2026-09-26T01:40:34.540101Z DEBUG netbaiot_transports::business_rpc::v3: business RPC V3 body entered scheduler stream_id=700 class=Rpc body_bytes=198
2026-09-26T01:40:34.540106Z DEBUG netbaiot_transports::business_rpc::v3: business RPC V3 selected frame stream_id=700 frame_type=Open payload_bytes=158
2026-09-26T01:40:34.540111Z DEBUG netbaiot_transports::business_rpc::v3: business RPC V3 writer completed frame stream_id=700 frame_type=Open payload_bytes=158
2026-09-26T01:40:34.540114Z DEBUG netbaiot_transports::business_rpc::v3: business RPC V3 selected frame stream_id=700 frame_type=Data payload_bytes=198
2026-09-26T01:40:34.540118Z DEBUG netbaiot_transports::business_rpc::v3: business RPC V3 writer completed frame stream_id=700 frame_type=Data payload_bytes=198
2026-09-26T01:40:34.540120Z DEBUG netbaiot_transports::business_rpc::v3: business RPC V3 body entered scheduler stream_id=702 class=Rpc body_bytes=198
2026-09-26T01:40:34.540122Z DEBUG netbaiot_transports::business_rpc::v3: business RPC V3 selected frame stream_id=702 frame_type=Open payload_bytes=158
2026-09-26T01:40:34.540125Z DEBUG netbaiot_transports::business_rpc::v3: business RPC V3 writer completed frame stream_id=702 frame_type=Open payload_bytes=158
2026-09-26T01:40:34.540127Z DEBUG netbaiot_transports::business_rpc::v3: business RPC V3 selected frame stream_id=702 frame_type=Data payload_bytes=198
2026-09-26T01:40:34.540130Z DEBUG netbaiot_transports::business_rpc::v3: business RPC V3 writer completed frame stream_id=702 frame_type=Data payload_bytes=198
2026-09-26T01:40:34.544853Z DEBUG netbaiot_transports::business_rpc::v3: business RPC V3 body entered scheduler stream_id=704 class=Event body_bytes=17366
2026-09-26T01:40:34.544882Z DEBUG netbaiot_transports::business_rpc::v3: business RPC V3 selected frame stream_id=704 frame_type=Open payload_bytes=184
2026-09-26T01:40:34.544893Z DEBUG netbaiot_transports::business_rpc::v3: business RPC V3 writer completed frame stream_id=704 frame_type=Open payload_bytes=184
2026-09-26T01:40:34.544898Z DEBUG netbaiot_transports::business_rpc::v3: business RPC V3 selected frame stream_id=704 frame_type=Data payload_bytes=8192
2026-09-26T01:40:34.544903Z DEBUG netbaiot_transports::business_rpc::v3: business RPC V3 writer completed frame stream_id=704 frame_type=Data payload_bytes=8192
2026-09-26T01:40:34.544906Z DEBUG netbaiot_transports::business_rpc::v3: business RPC V3 selected frame stream_id=704 frame_type=Data payload_bytes=8192
2026-09-26T01:40:34.544913Z DEBUG netbaiot_transports::business_rpc::v3: business RPC V3 writer completed frame stream_id=704 frame_type=Data payload_bytes=8192
2026-09-26T01:40:34.544917Z DEBUG netbaiot_transports::business_rpc::v3: business RPC V3 selected frame stream_id=704 frame_type=Data payload_bytes=982
2026-09-26T01:40:34.544920Z DEBUG netbaiot_transports::business_rpc::v3: business RPC V3 writer completed frame stream_id=704 frame_type=Data payload_bytes=982
2026-09-26T01:40:34.549575Z DEBUG netbaiot_transports::business_rpc::v3: business RPC V3 body entered scheduler stream_id=706 class=Rpc body_bytes=198
2026-09-26T01:40:34.549584Z DEBUG netbaiot_transports::business_rpc::v3: business RPC V3 selected frame stream_id=706 frame_type=Open payload_bytes=158
2026-09-26T01:40:34.549591Z DEBUG netbaiot_transports::business_rpc::v3: business RPC V3 writer completed frame stream_id=706 frame_type=Open payload_bytes=158
2026-09-26T01:40:34.549594Z DEBUG netbaiot_transports::business_rpc::v3: business RPC V3 selected frame stream_id=706 frame_type=Data payload_bytes=198
2026-09-26T01:40:34.549598Z DEBUG netbaiot_transports::business_rpc::v3: business RPC V3 writer completed frame stream_id=706 frame_type=Data payload_bytes=198
2026-09-26T01:40:34.589100Z DEBUG netbaiot_transports::business_rpc::v3: business RPC V3 body entered scheduler stream_id=708 class=Rpc body_bytes=198
2026-09-26T01:40:34.589113Z DEBUG netbaiot_transports::business_rpc::v3: business RPC V3 selected frame stream_id=708 frame_type=Open payload_bytes=158
2026-09-26T01:40:34.589121Z DEBUG netbaiot_transports::business_rpc::v3: business RPC V3 writer completed frame stream_id=708 frame_type=Open payload_bytes=158
2026-09-26T01:40:34.589125Z DEBUG netbaiot_transports::business_rpc::v3: business RPC V3 selected frame stream_id=708 frame_type=Data payload_bytes=198
2026-09-26T01:40:34.589129Z DEBUG netbaiot_transports::business_rpc::v3: business RPC V3 writer completed frame stream_id=708 frame_type=Data payload_bytes=198
2026-09-26T01:40:34.591471Z DEBUG netbaiot_transports::business_rpc::v3: business RPC V3 body entered scheduler stream_id=710 class=Rpc body_bytes=198
2026-09-26T01:40:34.591481Z DEBUG netbaiot_transports::business_rpc::v3: business RPC V3 selected frame stream_id=710 frame_type=Open payload_bytes=158
2026-09-26T01:40:34.591488Z DEBUG netbaiot_transports::business_rpc::v3: business RPC V3 writer completed frame stream_id=710 frame_type=Open payload_bytes=158
2026-09-26T01:40:34.591491Z DEBUG netbaiot_transports::business_rpc::v3: business RPC V3 selected frame stream_id=710 frame_type=Data payload_bytes=198
2026-09-26T01:40:34.591495Z DEBUG netbaiot_transports::business_rpc::v3: business RPC V3 writer completed frame stream_id=710 frame_type=Data payload_bytes=198
2026-09-26T01:40:34.602658Z DEBUG netbaiot_transports::business_rpc::v3: business RPC V3 body entered scheduler stream_id=712 class=Rpc body_bytes=198
2026-09-26T01:40:34.602668Z DEBUG netbaiot_transports::business_rpc::v3: business RPC V3 selected frame stream_id=712 frame_type=Open payload_bytes=158
2026-09-26T01:40:34.602675Z DEBUG netbaiot_transports::business_rpc::v3: business RPC V3 writer completed frame stream_id=712 frame_type=Open payload_bytes=158
2026-09-26T01:40:34.602679Z DEBUG netbaiot_transports::business_rpc::v3: business RPC V3 selected frame stream_id=712 frame_type=Data payload_bytes=198
2026-09-26T01:40:34.602683Z DEBUG netbaiot_transports::business_rpc::v3: business RPC V3 writer completed frame stream_id=712 frame_type=Data payload_bytes=198
2026-09-26T01:40:34.616226Z DEBUG netbaiot_transports::business_rpc::v3: business RPC V3 received frame stream_id=0 frame_type=WindowUpdate payload_bytes=4
2026-09-26T01:40:34.616242Z DEBUG netbaiot_transports::business_rpc::v3: business RPC V3 received frame stream_id=698 frame_type=Response payload_bytes=35
2026-09-26T01:40:34.616249Z DEBUG netbaiot_transports::business_rpc::v3: business RPC V3 received frame stream_id=698 frame_type=Data payload_bytes=216
2026-09-26T01:40:34.616291Z DEBUG netbaiot_transports::business_rpc::v3: business RPC V3 selected frame stream_id=0 frame_type=WindowUpdate payload_bytes=4
2026-09-26T01:40:34.616306Z DEBUG netbaiot_transports::business_rpc::v3: business RPC V3 writer completed frame stream_id=0 frame_type=WindowUpdate payload_bytes=4
2026-09-26T01:40:34.616668Z DEBUG netbaiot_transports::business_rpc::v3: business RPC V3 body entered scheduler stream_id=714 class=Rpc body_bytes=198
2026-09-26T01:40:34.616672Z DEBUG netbaiot_transports::business_rpc::v3: business RPC V3 selected frame stream_id=714 frame_type=Open payload_bytes=158
2026-09-26T01:40:34.616678Z DEBUG netbaiot_transports::business_rpc::v3: business RPC V3 writer completed frame stream_id=714 frame_type=Open payload_bytes=158
2026-09-26T01:40:34.616681Z DEBUG netbaiot_transports::business_rpc::v3: business RPC V3 selected frame stream_id=714 frame_type=Data payload_bytes=198
2026-09-26T01:40:34.616684Z DEBUG netbaiot_transports::business_rpc::v3: business RPC V3 writer completed frame stream_id=714 frame_type=Data payload_bytes=198
2026-09-26T01:40:34.706753Z DEBUG netbaiot_transports::business_rpc::v3: business RPC V3 received frame stream_id=0 frame_type=WindowUpdate payload_bytes=4
2026-09-26T01:40:34.706769Z DEBUG netbaiot_transports::business_rpc::v3: business RPC V3 received frame stream_id=0 frame_type=WindowUpdate payload_bytes=4
2026-09-26T01:40:34.706772Z DEBUG netbaiot_transports::business_rpc::v3: business RPC V3 received frame stream_id=0 frame_type=WindowUpdate payload_bytes=4
2026-09-26T01:40:34.706775Z DEBUG netbaiot_transports::business_rpc::v3: business RPC V3 received frame stream_id=704 frame_type=WindowUpdate payload_bytes=4
2026-09-26T01:40:34.706777Z DEBUG netbaiot_transports::business_rpc::v3: business RPC V3 received frame stream_id=702 frame_type=Response payload_bytes=35
2026-09-26T01:40:34.706782Z DEBUG netbaiot_transports::business_rpc::v3: business RPC V3 received frame stream_id=702 frame_type=Data payload_bytes=216
2026-09-26T01:40:34.706798Z DEBUG netbaiot_transports::business_rpc::v3: business RPC V3 received frame stream_id=700 frame_type=Response payload_bytes=35
2026-09-26T01:40:34.706802Z DEBUG netbaiot_transports::business_rpc::v3: business RPC V3 received frame stream_id=700 frame_type=Data payload_bytes=216
2026-09-26T01:40:34.706808Z DEBUG netbaiot_transports::business_rpc::v3: business RPC V3 selected frame stream_id=0 frame_type=WindowUpdate payload_bytes=4
2026-09-26T01:40:34.706826Z DEBUG netbaiot_transports::business_rpc::v3: business RPC V3 writer completed frame stream_id=0 frame_type=WindowUpdate payload_bytes=4
2026-09-26T01:40:34.706832Z DEBUG netbaiot_transports::business_rpc::v3: business RPC V3 selected frame stream_id=0 frame_type=WindowUpdate payload_bytes=4
2026-09-26T01:40:34.706837Z DEBUG netbaiot_transports::business_rpc::v3: business RPC V3 writer completed frame stream_id=0 frame_type=WindowUpdate payload_bytes=4
2026-09-26T01:40:34.707171Z DEBUG netbaiot_transports::business_rpc::v3: business RPC V3 body entered scheduler stream_id=716 class=Rpc body_bytes=198
2026-09-26T01:40:34.707177Z DEBUG netbaiot_transports::business_rpc::v3: business RPC V3 selected frame stream_id=716 frame_type=Open payload_bytes=158
2026-09-26T01:40:34.707184Z DEBUG netbaiot_transports::business_rpc::v3: business RPC V3 writer completed frame stream_id=716 frame_type=Open payload_bytes=158
2026-09-26T01:40:34.707187Z DEBUG netbaiot_transports::business_rpc::v3: business RPC V3 selected frame stream_id=716 frame_type=Data payload_bytes=198
2026-09-26T01:40:34.707190Z DEBUG netbaiot_transports::business_rpc::v3: business RPC V3 writer completed frame stream_id=716 frame_type=Data payload_bytes=198
2026-09-26T01:40:34.707195Z DEBUG netbaiot_transports::business_rpc::v3: business RPC V3 body entered scheduler stream_id=718 class=Rpc body_bytes=198
2026-09-26T01:40:34.707200Z DEBUG netbaiot_transports::business_rpc::v3: business RPC V3 selected frame stream_id=718 frame_type=Open payload_bytes=158
2026-09-26T01:40:34.707204Z DEBUG netbaiot_transports::business_rpc::v3: business RPC V3 writer completed frame stream_id=718 frame_type=Open payload_bytes=158
2026-09-26T01:40:34.707207Z DEBUG netbaiot_transports::business_rpc::v3: business RPC V3 selected frame stream_id=718 frame_type=Data payload_bytes=198
2026-09-26T01:40:34.707210Z DEBUG netbaiot_transports::business_rpc::v3: business RPC V3 writer completed frame stream_id=718 frame_type=Data payload_bytes=198
2026-09-26T01:40:34.710637Z DEBUG netbaiot_transports::business_rpc::v3: business RPC V3 body entered scheduler stream_id=720 class=Rpc body_bytes=198
2026-09-26T01:40:34.710644Z DEBUG netbaiot_transports::business_rpc::v3: business RPC V3 selected frame stream_id=720 frame_type=Open payload_bytes=158
2026-09-26T01:40:34.710652Z DEBUG netbaiot_transports::business_rpc::v3: business RPC V3 writer completed frame stream_id=720 frame_type=Open payload_bytes=158
2026-09-26T01:40:34.710655Z DEBUG netbaiot_transports::business_rpc::v3: business RPC V3 selected frame stream_id=720 frame_type=Data payload_bytes=198
2026-09-26T01:40:34.710659Z DEBUG netbaiot_transports::business_rpc::v3: business RPC V3 writer completed frame stream_id=720 frame_type=Data payload_bytes=198
2026-09-26T01:40:34.731867Z DEBUG netbaiot_transports::business_rpc::v3: business RPC V3 body entered scheduler stream_id=722 class=Rpc body_bytes=198
2026-09-26T01:40:34.731887Z DEBUG netbaiot_transports::business_rpc::v3: business RPC V3 selected frame stream_id=722 frame_type=Open payload_bytes=158
2026-09-26T01:40:34.731895Z DEBUG netbaiot_transports::business_rpc::v3: business RPC V3 writer completed frame stream_id=722 frame_type=Open payload_bytes=158
2026-09-26T01:40:34.731898Z DEBUG netbaiot_transports::business_rpc::v3: business RPC V3 selected frame stream_id=722 frame_type=Data payload_bytes=198
2026-09-26T01:40:34.731901Z DEBUG netbaiot_transports::business_rpc::v3: business RPC V3 writer completed frame stream_id=722 frame_type=Data payload_bytes=198
2026-09-26T01:40:34.739064Z DEBUG netbaiot_transports::business_rpc::v3: business RPC V3 received frame stream_id=0 frame_type=WindowUpdate payload_bytes=4
2026-09-26T01:40:34.739076Z DEBUG netbaiot_transports::business_rpc::v3: business RPC V3 received frame stream_id=704 frame_type=WindowUpdate payload_bytes=4
2026-09-26T01:40:34.739079Z DEBUG netbaiot_transports::business_rpc::v3: business RPC V3 received frame stream_id=0 frame_type=WindowUpdate payload_bytes=4
2026-09-26T01:40:34.739082Z DEBUG netbaiot_transports::business_rpc::v3: business RPC V3 received frame stream_id=0 frame_type=WindowUpdate payload_bytes=4
2026-09-26T01:40:34.739085Z DEBUG netbaiot_transports::business_rpc::v3: business RPC V3 received frame stream_id=0 frame_type=WindowUpdate payload_bytes=4
2026-09-26T01:40:34.739087Z DEBUG netbaiot_transports::business_rpc::v3: business RPC V3 received frame stream_id=0 frame_type=WindowUpdate payload_bytes=4
2026-09-26T01:40:34.739095Z DEBUG netbaiot_transports::business_rpc::v3: business RPC V3 received frame stream_id=0 frame_type=WindowUpdate payload_bytes=4
2026-09-26T01:40:34.739098Z DEBUG netbaiot_transports::business_rpc::v3: business RPC V3 received frame stream_id=0 frame_type=WindowUpdate payload_bytes=4
2026-09-26T01:40:34.739100Z DEBUG netbaiot_transports::business_rpc::v3: business RPC V3 received frame stream_id=714 frame_type=Response payload_bytes=35
2026-09-26T01:40:34.739104Z DEBUG netbaiot_transports::business_rpc::v3: business RPC V3 received frame stream_id=714 frame_type=Data payload_bytes=216
2026-09-26T01:40:34.739122Z DEBUG netbaiot_transports::business_rpc::v3: business RPC V3 received frame stream_id=706 frame_type=Response payload_bytes=35
2026-09-26T01:40:34.739125Z DEBUG netbaiot_transports::business_rpc::v3: business RPC V3 received frame stream_id=712 frame_type=Response payload_bytes=35
2026-09-26T01:40:34.739127Z DEBUG netbaiot_transports::business_rpc::v3: business RPC V3 selected frame stream_id=0 frame_type=WindowUpdate payload_bytes=4
2026-09-26T01:40:34.739127Z DEBUG netbaiot_transports::business_rpc::v3: business RPC V3 received frame stream_id=706 frame_type=Data payload_bytes=216
2026-09-26T01:40:34.739138Z DEBUG netbaiot_transports::business_rpc::v3: business RPC V3 writer completed frame stream_id=0 frame_type=WindowUpdate payload_bytes=4
2026-09-26T01:40:34.739142Z DEBUG netbaiot_transports::business_rpc::v3: business RPC V3 selected frame stream_id=0 frame_type=WindowUpdate payload_bytes=4
2026-09-26T01:40:34.739143Z DEBUG netbaiot_transports::business_rpc::v3: business RPC V3 received frame stream_id=712 frame_type=Data payload_bytes=216
2026-09-26T01:40:34.739155Z DEBUG netbaiot_transports::business_rpc::v3: business RPC V3 received frame stream_id=708 frame_type=Response payload_bytes=35
2026-09-26T01:40:34.739165Z DEBUG netbaiot_transports::business_rpc::v3: business RPC V3 received frame stream_id=708 frame_type=Data payload_bytes=216
2026-09-26T01:40:34.739170Z DEBUG netbaiot_transports::business_rpc::v3: business RPC V3 received frame stream_id=710 frame_type=Response payload_bytes=35
2026-09-26T01:40:34.739173Z DEBUG netbaiot_transports::business_rpc::v3: business RPC V3 received frame stream_id=710 frame_type=Data payload_bytes=216
2026-09-26T01:40:34.739147Z DEBUG netbaiot_transports::business_rpc::v3: business RPC V3 writer completed frame stream_id=0 frame_type=WindowUpdate payload_bytes=4
2026-09-26T01:40:34.739178Z DEBUG netbaiot_transports::business_rpc::v3: business RPC V3 received frame stream_id=704 frame_type=Response payload_bytes=35
2026-09-26T01:40:34.739240Z DEBUG netbaiot_transports::business_rpc::v3: business RPC V3 received frame stream_id=704 frame_type=Data payload_bytes=118
2026-09-26T01:40:34.739245Z DEBUG netbaiot_transports::business_rpc::v3: business RPC V3 Event delivery acknowledged stream_id=704 completion_us=194398
2026-09-26T01:40:34.739241Z DEBUG netbaiot_transports::business_rpc::v3: business RPC V3 selected frame stream_id=0 frame_type=WindowUpdate payload_bytes=4
2026-09-26T01:40:34.739256Z DEBUG netbaiot_transports::business_rpc::v3: business RPC V3 writer completed frame stream_id=0 frame_type=WindowUpdate payload_bytes=4
2026-09-26T01:40:34.739259Z DEBUG netbaiot_transports::business_rpc::v3: business RPC V3 selected frame stream_id=0 frame_type=WindowUpdate payload_bytes=4
2026-09-26T01:40:34.739263Z DEBUG netbaiot_transports::business_rpc::v3: business RPC V3 writer completed frame stream_id=0 frame_type=WindowUpdate payload_bytes=4
2026-09-26T01:40:34.739266Z DEBUG netbaiot_transports::business_rpc::v3: business RPC V3 selected frame stream_id=0 frame_type=WindowUpdate payload_bytes=4
2026-09-26T01:40:34.739270Z DEBUG netbaiot_transports::business_rpc::v3: business RPC V3 writer completed frame stream_id=0 frame_type=WindowUpdate payload_bytes=4
2026-09-26T01:40:34.739272Z DEBUG netbaiot_transports::business_rpc::v3: business RPC V3 selected frame stream_id=0 frame_type=WindowUpdate payload_bytes=4
2026-09-26T01:40:34.739275Z DEBUG netbaiot_transports::business_rpc::v3: business RPC V3 writer completed frame stream_id=0 frame_type=WindowUpdate payload_bytes=4
2026-09-26T01:40:34.739598Z DEBUG netbaiot_transports::business_rpc::v3: business RPC V3 body entered scheduler stream_id=724 class=Rpc body_bytes=198
2026-09-26T01:40:34.739602Z DEBUG netbaiot_transports::business_rpc::v3: business RPC V3 selected frame stream_id=724 frame_type=Open payload_bytes=158
2026-09-26T01:40:34.739611Z DEBUG netbaiot_transports::business_rpc::v3: business RPC V3 writer completed frame stream_id=724 frame_type=Open payload_bytes=158
2026-09-26T01:40:34.739614Z DEBUG netbaiot_transports::business_rpc::v3: business RPC V3 selected frame stream_id=724 frame_type=Data payload_bytes=198
2026-09-26T01:40:34.739618Z DEBUG netbaiot_transports::business_rpc::v3: business RPC V3 writer completed frame stream_id=724 frame_type=Data payload_bytes=198
2026-09-26T01:40:34.739666Z DEBUG netbaiot_transports::business_rpc::v3: business RPC V3 body entered scheduler stream_id=726 class=Rpc body_bytes=198
2026-09-26T01:40:34.739670Z DEBUG netbaiot_transports::business_rpc::v3: business RPC V3 selected frame stream_id=726 frame_type=Open payload_bytes=158
2026-09-26T01:40:34.739676Z DEBUG netbaiot_transports::business_rpc::v3: business RPC V3 writer completed frame stream_id=726 frame_type=Open payload_bytes=158
2026-09-26T01:40:34.739678Z DEBUG netbaiot_transports::business_rpc::v3: business RPC V3 selected frame stream_id=726 frame_type=Data payload_bytes=198
2026-09-26T01:40:34.739681Z DEBUG netbaiot_transports::business_rpc::v3: business RPC V3 writer completed frame stream_id=726 frame_type=Data payload_bytes=198
2026-09-26T01:40:34.739690Z DEBUG netbaiot_transports::business_rpc::v3: business RPC V3 body entered scheduler stream_id=728 class=Rpc body_bytes=198
2026-09-26T01:40:34.739694Z DEBUG netbaiot_transports::business_rpc::v3: business RPC V3 selected frame stream_id=728 frame_type=Open payload_bytes=158
2026-09-26T01:40:34.739697Z DEBUG netbaiot_transports::business_rpc::v3: business RPC V3 writer completed frame stream_id=728 frame_type=Open payload_bytes=158
2026-09-26T01:40:34.739700Z DEBUG netbaiot_transports::business_rpc::v3: business RPC V3 selected frame stream_id=728 frame_type=Data payload_bytes=198
2026-09-26T01:40:34.739705Z DEBUG netbaiot_transports::business_rpc::v3: business RPC V3 writer completed frame stream_id=728 frame_type=Data payload_bytes=198
2026-09-26T01:40:34.739714Z DEBUG netbaiot_transports::business_rpc::v3: business RPC V3 body entered scheduler stream_id=730 class=Rpc body_bytes=198
2026-09-26T01:40:34.739718Z DEBUG netbaiot_transports::business_rpc::v3: business RPC V3 selected frame stream_id=730 frame_type=Open payload_bytes=158
2026-09-26T01:40:34.739722Z DEBUG netbaiot_transports::business_rpc::v3: business RPC V3 writer completed frame stream_id=730 frame_type=Open payload_bytes=158
2026-09-26T01:40:34.739725Z DEBUG netbaiot_transports::business_rpc::v3: business RPC V3 selected frame stream_id=730 frame_type=Data payload_bytes=198
2026-09-26T01:40:34.739732Z DEBUG netbaiot_transports::business_rpc::v3: business RPC V3 writer completed frame stream_id=730 frame_type=Data payload_bytes=198
2026-09-26T01:40:34.739743Z DEBUG netbaiot_transports::business_rpc::v3: business RPC V3 body entered scheduler stream_id=732 class=Rpc body_bytes=198
2026-09-26T01:40:34.739748Z DEBUG netbaiot_transports::business_rpc::v3: business RPC V3 selected frame stream_id=732 frame_type=Open payload_bytes=158
2026-09-26T01:40:34.739752Z DEBUG netbaiot_transports::business_rpc::v3: business RPC V3 writer completed frame stream_id=732 frame_type=Open payload_bytes=158
2026-09-26T01:40:34.739754Z DEBUG netbaiot_transports::business_rpc::v3: business RPC V3 selected frame stream_id=732 frame_type=Data payload_bytes=198
2026-09-26T01:40:34.739761Z DEBUG netbaiot_transports::business_rpc::v3: business RPC V3 writer completed frame stream_id=732 frame_type=Data payload_bytes=198
2026-09-26T01:40:34.821377Z DEBUG netbaiot_transports::business_rpc::v3: business RPC V3 received frame stream_id=0 frame_type=WindowUpdate payload_bytes=4
2026-09-26T01:40:34.821389Z DEBUG netbaiot_transports::business_rpc::v3: business RPC V3 received frame stream_id=0 frame_type=WindowUpdate payload_bytes=4
2026-09-26T01:40:34.821392Z DEBUG netbaiot_transports::business_rpc::v3: business RPC V3 received frame stream_id=0 frame_type=WindowUpdate payload_bytes=4
2026-09-26T01:40:34.821395Z DEBUG netbaiot_transports::business_rpc::v3: business RPC V3 received frame stream_id=0 frame_type=WindowUpdate payload_bytes=4
2026-09-26T01:40:34.821397Z DEBUG netbaiot_transports::business_rpc::v3: business RPC V3 received frame stream_id=722 frame_type=Response payload_bytes=35
2026-09-26T01:40:34.821403Z DEBUG netbaiot_transports::business_rpc::v3: business RPC V3 received frame stream_id=716 frame_type=Response payload_bytes=35
2026-09-26T01:40:34.821405Z DEBUG netbaiot_transports::business_rpc::v3: business RPC V3 received frame stream_id=718 frame_type=Response payload_bytes=35
2026-09-26T01:40:34.821408Z DEBUG netbaiot_transports::business_rpc::v3: business RPC V3 received frame stream_id=722 frame_type=Data payload_bytes=216
2026-09-26T01:40:34.821428Z DEBUG netbaiot_transports::business_rpc::v3: business RPC V3 received frame stream_id=716 frame_type=Data payload_bytes=216
2026-09-26T01:40:34.821434Z DEBUG netbaiot_transports::business_rpc::v3: business RPC V3 received frame stream_id=718 frame_type=Data payload_bytes=216
2026-09-26T01:40:34.821438Z DEBUG netbaiot_transports::business_rpc::v3: business RPC V3 selected frame stream_id=0 frame_type=WindowUpdate payload_bytes=4
2026-09-26T01:40:34.821458Z DEBUG netbaiot_transports::business_rpc::v3: business RPC V3 writer completed frame stream_id=0 frame_type=WindowUpdate payload_bytes=4
2026-09-26T01:40:34.821439Z DEBUG netbaiot_transports::business_rpc::v3: business RPC V3 received frame stream_id=720 frame_type=Response payload_bytes=35
2026-09-26T01:40:34.821514Z DEBUG netbaiot_transports::business_rpc::v3: business RPC V3 received frame stream_id=720 frame_type=Data payload_bytes=216
2026-09-26T01:40:34.821462Z DEBUG netbaiot_transports::business_rpc::v3: business RPC V3 selected frame stream_id=0 frame_type=WindowUpdate payload_bytes=4
2026-09-26T01:40:34.821560Z DEBUG netbaiot_transports::business_rpc::v3: business RPC V3 writer completed frame stream_id=0 frame_type=WindowUpdate payload_bytes=4
2026-09-26T01:40:34.821566Z DEBUG netbaiot_transports::business_rpc::v3: business RPC V3 selected frame stream_id=0 frame_type=WindowUpdate payload_bytes=4
2026-09-26T01:40:34.821570Z DEBUG netbaiot_transports::business_rpc::v3: business RPC V3 writer completed frame stream_id=0 frame_type=WindowUpdate payload_bytes=4
2026-09-26T01:40:34.821572Z DEBUG netbaiot_transports::business_rpc::v3: business RPC V3 selected frame stream_id=0 frame_type=WindowUpdate payload_bytes=4
2026-09-26T01:40:34.821576Z DEBUG netbaiot_transports::business_rpc::v3: business RPC V3 writer completed frame stream_id=0 frame_type=WindowUpdate payload_bytes=4
2026-09-26T01:40:34.821885Z DEBUG netbaiot_transports::business_rpc::v3: business RPC V3 body entered scheduler stream_id=734 class=Rpc body_bytes=198
2026-09-26T01:40:34.821891Z DEBUG netbaiot_transports::business_rpc::v3: business RPC V3 selected frame stream_id=734 frame_type=Open payload_bytes=158
2026-09-26T01:40:34.821898Z DEBUG netbaiot_transports::business_rpc::v3: business RPC V3 writer completed frame stream_id=734 frame_type=Open payload_bytes=158
2026-09-26T01:40:34.821901Z DEBUG netbaiot_transports::business_rpc::v3: business RPC V3 selected frame stream_id=734 frame_type=Data payload_bytes=198
2026-09-26T01:40:34.821905Z DEBUG netbaiot_transports::business_rpc::v3: business RPC V3 writer completed frame stream_id=734 frame_type=Data payload_bytes=198
2026-09-26T01:40:34.821908Z DEBUG netbaiot_transports::business_rpc::v3: business RPC V3 body entered scheduler stream_id=736 class=Rpc body_bytes=198
2026-09-26T01:40:34.821909Z DEBUG netbaiot_transports::business_rpc::v3: business RPC V3 selected frame stream_id=736 frame_type=Open payload_bytes=158
2026-09-26T01:40:34.821912Z DEBUG netbaiot_transports::business_rpc::v3: business RPC V3 writer completed frame stream_id=736 frame_type=Open payload_bytes=158
2026-09-26T01:40:34.821915Z DEBUG netbaiot_transports::business_rpc::v3: business RPC V3 selected frame stream_id=736 frame_type=Data payload_bytes=198
2026-09-26T01:40:34.821917Z DEBUG netbaiot_transports::business_rpc::v3: business RPC V3 writer completed frame stream_id=736 frame_type=Data payload_bytes=198
2026-09-26T01:40:34.821928Z DEBUG netbaiot_transports::business_rpc::v3: business RPC V3 body entered scheduler stream_id=738 class=Rpc body_bytes=198
2026-09-26T01:40:34.821932Z DEBUG netbaiot_transports::business_rpc::v3: business RPC V3 selected frame stream_id=738 frame_type=Open payload_bytes=158
2026-09-26T01:40:34.821936Z DEBUG netbaiot_transports::business_rpc::v3: business RPC V3 writer completed frame stream_id=738 frame_type=Open payload_bytes=158
2026-09-26T01:40:34.821938Z DEBUG netbaiot_transports::business_rpc::v3: business RPC V3 selected frame stream_id=738 frame_type=Data payload_bytes=198
2026-09-26T01:40:34.821942Z DEBUG netbaiot_transports::business_rpc::v3: business RPC V3 writer completed frame stream_id=738 frame_type=Data payload_bytes=198
2026-09-26T01:40:34.821949Z DEBUG netbaiot_transports::business_rpc::v3: business RPC V3 body entered scheduler stream_id=740 class=Rpc body_bytes=198
2026-09-26T01:40:34.821952Z DEBUG netbaiot_transports::business_rpc::v3: business RPC V3 selected frame stream_id=740 frame_type=Open payload_bytes=158
2026-09-26T01:40:34.821960Z DEBUG netbaiot_transports::business_rpc::v3: business RPC V3 writer completed frame stream_id=740 frame_type=Open payload_bytes=158
2026-09-26T01:40:34.821962Z DEBUG netbaiot_transports::business_rpc::v3: business RPC V3 selected frame stream_id=740 frame_type=Data payload_bytes=198
2026-09-26T01:40:34.821966Z DEBUG netbaiot_transports::business_rpc::v3: business RPC V3 writer completed frame stream_id=740 frame_type=Data payload_bytes=198
2026-09-26T01:40:34.839118Z DEBUG netbaiot_transports::business_rpc::v3: business RPC V3 body entered scheduler stream_id=742 class=Rpc body_bytes=198
2026-09-26T01:40:34.839138Z DEBUG netbaiot_transports::business_rpc::v3: business RPC V3 selected frame stream_id=742 frame_type=Open payload_bytes=158
2026-09-26T01:40:34.839147Z DEBUG netbaiot_transports::business_rpc::v3: business RPC V3 writer completed frame stream_id=742 frame_type=Open payload_bytes=158
2026-09-26T01:40:34.839151Z DEBUG netbaiot_transports::business_rpc::v3: business RPC V3 selected frame stream_id=742 frame_type=Data payload_bytes=198
2026-09-26T01:40:34.839154Z DEBUG netbaiot_transports::business_rpc::v3: business RPC V3 writer completed frame stream_id=742 frame_type=Data payload_bytes=198
2026-09-26T01:40:34.852569Z DEBUG netbaiot_transports::business_rpc::v3: business RPC V3 received frame stream_id=0 frame_type=WindowUpdate payload_bytes=4
2026-09-26T01:40:34.852584Z DEBUG netbaiot_transports::business_rpc::v3: business RPC V3 received frame stream_id=0 frame_type=WindowUpdate payload_bytes=4
2026-09-26T01:40:34.852587Z DEBUG netbaiot_transports::business_rpc::v3: business RPC V3 received frame stream_id=0 frame_type=WindowUpdate payload_bytes=4
2026-09-26T01:40:34.852589Z DEBUG netbaiot_transports::business_rpc::v3: business RPC V3 received frame stream_id=0 frame_type=WindowUpdate payload_bytes=4
2026-09-26T01:40:34.852591Z DEBUG netbaiot_transports::business_rpc::v3: business RPC V3 received frame stream_id=0 frame_type=WindowUpdate payload_bytes=4
2026-09-26T01:40:34.852592Z DEBUG netbaiot_transports::business_rpc::v3: business RPC V3 received frame stream_id=724 frame_type=Response payload_bytes=35
2026-09-26T01:40:34.852597Z DEBUG netbaiot_transports::business_rpc::v3: business RPC V3 received frame stream_id=732 frame_type=Response payload_bytes=35
2026-09-26T01:40:34.852599Z DEBUG netbaiot_transports::business_rpc::v3: business RPC V3 received frame stream_id=728 frame_type=Response payload_bytes=35
2026-09-26T01:40:34.852601Z DEBUG netbaiot_transports::business_rpc::v3: business RPC V3 received frame stream_id=730 frame_type=Response payload_bytes=35
2026-09-26T01:40:34.852603Z DEBUG netbaiot_transports::business_rpc::v3: business RPC V3 received frame stream_id=724 frame_type=Data payload_bytes=216
2026-09-26T01:40:34.852620Z DEBUG netbaiot_transports::business_rpc::v3: business RPC V3 received frame stream_id=726 frame_type=Response payload_bytes=35
2026-09-26T01:40:34.852623Z DEBUG netbaiot_transports::business_rpc::v3: business RPC V3 received frame stream_id=732 frame_type=Data payload_bytes=216
2026-09-26T01:40:34.852629Z DEBUG netbaiot_transports::business_rpc::v3: business RPC V3 received frame stream_id=728 frame_type=Data payload_bytes=216
2026-09-26T01:40:34.852629Z DEBUG netbaiot_transports::business_rpc::v3: business RPC V3 selected frame stream_id=0 frame_type=WindowUpdate payload_bytes=4
2026-09-26T01:40:34.852651Z DEBUG netbaiot_transports::business_rpc::v3: business RPC V3 writer completed frame stream_id=0 frame_type=WindowUpdate payload_bytes=4
2026-09-26T01:40:34.852654Z DEBUG netbaiot_transports::business_rpc::v3: business RPC V3 selected frame stream_id=0 frame_type=WindowUpdate payload_bytes=4
2026-09-26T01:40:34.852658Z DEBUG netbaiot_transports::business_rpc::v3: business RPC V3 writer completed frame stream_id=0 frame_type=WindowUpdate payload_bytes=4
2026-09-26T01:40:34.852661Z DEBUG netbaiot_transports::business_rpc::v3: business RPC V3 selected frame stream_id=0 frame_type=WindowUpdate payload_bytes=4
2026-09-26T01:40:34.852665Z DEBUG netbaiot_transports::business_rpc::v3: business RPC V3 writer completed frame stream_id=0 frame_type=WindowUpdate payload_bytes=4
2026-09-26T01:40:34.852636Z DEBUG netbaiot_transports::business_rpc::v3: business RPC V3 received frame stream_id=730 frame_type=Data payload_bytes=216
2026-09-26T01:40:34.852678Z DEBUG netbaiot_transports::business_rpc::v3: business RPC V3 received frame stream_id=726 frame_type=Data payload_bytes=216
2026-09-26T01:40:34.852685Z DEBUG netbaiot_transports::business_rpc::v3: business RPC V3 selected frame stream_id=0 frame_type=WindowUpdate payload_bytes=4
2026-09-26T01:40:34.852690Z DEBUG netbaiot_transports::business_rpc::v3: business RPC V3 writer completed frame stream_id=0 frame_type=WindowUpdate payload_bytes=4
2026-09-26T01:40:34.852692Z DEBUG netbaiot_transports::business_rpc::v3: business RPC V3 selected frame stream_id=0 frame_type=WindowUpdate payload_bytes=4
2026-09-26T01:40:34.852696Z DEBUG netbaiot_transports::business_rpc::v3: business RPC V3 writer completed frame stream_id=0 frame_type=WindowUpdate payload_bytes=4
2026-09-26T01:40:34.853118Z DEBUG netbaiot_transports::business_rpc::v3: business RPC V3 body entered scheduler stream_id=744 class=Rpc body_bytes=198
2026-09-26T01:40:34.853124Z DEBUG netbaiot_transports::business_rpc::v3: business RPC V3 selected frame stream_id=744 frame_type=Open payload_bytes=158
2026-09-26T01:40:34.853131Z DEBUG netbaiot_transports::business_rpc::v3: business RPC V3 writer completed frame stream_id=744 frame_type=Open payload_bytes=158
2026-09-26T01:40:34.853135Z DEBUG netbaiot_transports::business_rpc::v3: business RPC V3 selected frame stream_id=744 frame_type=Data payload_bytes=198
2026-09-26T01:40:34.853139Z DEBUG netbaiot_transports::business_rpc::v3: business RPC V3 writer completed frame stream_id=744 frame_type=Data payload_bytes=198
2026-09-26T01:40:34.853145Z DEBUG netbaiot_transports::business_rpc::v3: business RPC V3 body entered scheduler stream_id=746 class=Rpc body_bytes=198
2026-09-26T01:40:34.853150Z DEBUG netbaiot_transports::business_rpc::v3: business RPC V3 selected frame stream_id=746 frame_type=Open payload_bytes=158
2026-09-26T01:40:34.853154Z DEBUG netbaiot_transports::business_rpc::v3: business RPC V3 writer completed frame stream_id=746 frame_type=Open payload_bytes=158
2026-09-26T01:40:34.853156Z DEBUG netbaiot_transports::business_rpc::v3: business RPC V3 selected frame stream_id=746 frame_type=Data payload_bytes=198
2026-09-26T01:40:34.853159Z DEBUG netbaiot_transports::business_rpc::v3: business RPC V3 writer completed frame stream_id=746 frame_type=Data payload_bytes=198
2026-09-26T01:40:34.853177Z DEBUG netbaiot_transports::business_rpc::v3: business RPC V3 body entered scheduler stream_id=748 class=Rpc body_bytes=198
2026-09-26T01:40:34.853182Z DEBUG netbaiot_transports::business_rpc::v3: business RPC V3 selected frame stream_id=748 frame_type=Open payload_bytes=158
2026-09-26T01:40:34.853187Z DEBUG netbaiot_transports::business_rpc::v3: business RPC V3 writer completed frame stream_id=748 frame_type=Open payload_bytes=158
2026-09-26T01:40:34.853190Z DEBUG netbaiot_transports::business_rpc::v3: business RPC V3 selected frame stream_id=748 frame_type=Data payload_bytes=198
2026-09-26T01:40:34.853193Z DEBUG netbaiot_transports::business_rpc::v3: business RPC V3 writer completed frame stream_id=748 frame_type=Data payload_bytes=198
2026-09-26T01:40:34.853197Z DEBUG netbaiot_transports::business_rpc::v3: business RPC V3 body entered scheduler stream_id=750 class=Rpc body_bytes=198
2026-09-26T01:40:34.853199Z DEBUG netbaiot_transports::business_rpc::v3: business RPC V3 selected frame stream_id=750 frame_type=Open payload_bytes=158
2026-09-26T01:40:34.853203Z DEBUG netbaiot_transports::business_rpc::v3: business RPC V3 writer completed frame stream_id=750 frame_type=Open payload_bytes=158
2026-09-26T01:40:34.853205Z DEBUG netbaiot_transports::business_rpc::v3: business RPC V3 selected frame stream_id=750 frame_type=Data payload_bytes=198
2026-09-26T01:40:34.853211Z DEBUG netbaiot_transports::business_rpc::v3: business RPC V3 writer completed frame stream_id=750 frame_type=Data payload_bytes=198
2026-09-26T01:40:34.853230Z DEBUG netbaiot_transports::business_rpc::v3: business RPC V3 body entered scheduler stream_id=752 class=Rpc body_bytes=198
2026-09-26T01:40:34.853233Z DEBUG netbaiot_transports::business_rpc::v3: business RPC V3 selected frame stream_id=752 frame_type=Open payload_bytes=158
2026-09-26T01:40:34.853241Z DEBUG netbaiot_transports::business_rpc::v3: business RPC V3 writer completed frame stream_id=752 frame_type=Open payload_bytes=158
2026-09-26T01:40:34.853243Z DEBUG netbaiot_transports::business_rpc::v3: business RPC V3 selected frame stream_id=752 frame_type=Data payload_bytes=198
2026-09-26T01:40:34.853247Z DEBUG netbaiot_transports::business_rpc::v3: business RPC V3 writer completed frame stream_id=752 frame_type=Data payload_bytes=198
2026-09-26T01:40:34.889480Z DEBUG netbaiot_transports::business_rpc::v3: business RPC V3 body entered scheduler stream_id=754 class=Rpc body_bytes=198
2026-09-26T01:40:34.889495Z DEBUG netbaiot_transports::business_rpc::v3: business RPC V3 selected frame stream_id=754 frame_type=Open payload_bytes=158
2026-09-26T01:40:34.889506Z DEBUG netbaiot_transports::business_rpc::v3: business RPC V3 writer completed frame stream_id=754 frame_type=Open payload_bytes=158
2026-09-26T01:40:34.889509Z DEBUG netbaiot_transports::business_rpc::v3: business RPC V3 selected frame stream_id=754 frame_type=Data payload_bytes=198
2026-09-26T01:40:34.889514Z DEBUG netbaiot_transports::business_rpc::v3: business RPC V3 writer completed frame stream_id=754 frame_type=Data payload_bytes=198
2026-09-26T01:40:34.939789Z DEBUG netbaiot_transports::business_rpc::v3: business RPC V3 received frame stream_id=0 frame_type=WindowUpdate payload_bytes=4
2026-09-26T01:40:34.939804Z DEBUG netbaiot_transports::business_rpc::v3: business RPC V3 received frame stream_id=0 frame_type=WindowUpdate payload_bytes=4
2026-09-26T01:40:34.939807Z DEBUG netbaiot_transports::business_rpc::v3: business RPC V3 received frame stream_id=0 frame_type=WindowUpdate payload_bytes=4
2026-09-26T01:40:34.939809Z DEBUG netbaiot_transports::business_rpc::v3: business RPC V3 received frame stream_id=0 frame_type=WindowUpdate payload_bytes=4
2026-09-26T01:40:34.939812Z DEBUG netbaiot_transports::business_rpc::v3: business RPC V3 received frame stream_id=0 frame_type=WindowUpdate payload_bytes=4
2026-09-26T01:40:34.939814Z DEBUG netbaiot_transports::business_rpc::v3: business RPC V3 received frame stream_id=734 frame_type=Response payload_bytes=35
2026-09-26T01:40:34.939819Z DEBUG netbaiot_transports::business_rpc::v3: business RPC V3 received frame stream_id=742 frame_type=Response payload_bytes=35
2026-09-26T01:40:34.939821Z DEBUG netbaiot_transports::business_rpc::v3: business RPC V3 received frame stream_id=736 frame_type=Response payload_bytes=35
2026-09-26T01:40:34.939823Z DEBUG netbaiot_transports::business_rpc::v3: business RPC V3 received frame stream_id=738 frame_type=Response payload_bytes=35
2026-09-26T01:40:34.939826Z DEBUG netbaiot_transports::business_rpc::v3: business RPC V3 received frame stream_id=734 frame_type=Data payload_bytes=216
2026-09-26T01:40:34.939842Z DEBUG netbaiot_transports::business_rpc::v3: business RPC V3 received frame stream_id=740 frame_type=Response payload_bytes=35
2026-09-26T01:40:34.939845Z DEBUG netbaiot_transports::business_rpc::v3: business RPC V3 received frame stream_id=742 frame_type=Data payload_bytes=216
2026-09-26T01:40:34.939848Z DEBUG netbaiot_transports::business_rpc::v3: business RPC V3 selected frame stream_id=0 frame_type=WindowUpdate payload_bytes=4
2026-09-26T01:40:34.939850Z DEBUG netbaiot_transports::business_rpc::v3: business RPC V3 received frame stream_id=736 frame_type=Data payload_bytes=216
2026-09-26T01:40:34.939863Z DEBUG netbaiot_transports::business_rpc::v3: business RPC V3 received frame stream_id=738 frame_type=Data payload_bytes=216
2026-09-26T01:40:34.939863Z DEBUG netbaiot_transports::business_rpc::v3: business RPC V3 writer completed frame stream_id=0 frame_type=WindowUpdate payload_bytes=4
2026-09-26T01:40:34.939873Z DEBUG netbaiot_transports::business_rpc::v3: business RPC V3 selected frame stream_id=0 frame_type=WindowUpdate payload_bytes=4
2026-09-26T01:40:34.939879Z DEBUG netbaiot_transports::business_rpc::v3: business RPC V3 writer completed frame stream_id=0 frame_type=WindowUpdate payload_bytes=4
2026-09-26T01:40:34.939882Z DEBUG netbaiot_transports::business_rpc::v3: business RPC V3 selected frame stream_id=0 frame_type=WindowUpdate payload_bytes=4
2026-09-26T01:40:34.939869Z DEBUG netbaiot_transports::business_rpc::v3: business RPC V3 received frame stream_id=740 frame_type=Data payload_bytes=216
2026-09-26T01:40:34.939885Z DEBUG netbaiot_transports::business_rpc::v3: business RPC V3 writer completed frame stream_id=0 frame_type=WindowUpdate payload_bytes=4
2026-09-26T01:40:34.939936Z DEBUG netbaiot_transports::business_rpc::v3: business RPC V3 selected frame stream_id=0 frame_type=WindowUpdate payload_bytes=4
2026-09-26T01:40:34.939940Z DEBUG netbaiot_transports::business_rpc::v3: business RPC V3 writer completed frame stream_id=0 frame_type=WindowUpdate payload_bytes=4
2026-09-26T01:40:34.939943Z DEBUG netbaiot_transports::business_rpc::v3: business RPC V3 selected frame stream_id=0 frame_type=WindowUpdate payload_bytes=4
2026-09-26T01:40:34.939946Z DEBUG netbaiot_transports::business_rpc::v3: business RPC V3 writer completed frame stream_id=0 frame_type=WindowUpdate payload_bytes=4
2026-09-26T01:40:34.970643Z DEBUG netbaiot_transports::business_rpc::v3: business RPC V3 received frame stream_id=0 frame_type=WindowUpdate payload_bytes=4
2026-09-26T01:40:34.970661Z DEBUG netbaiot_transports::business_rpc::v3: business RPC V3 received frame stream_id=0 frame_type=WindowUpdate payload_bytes=4
2026-09-26T01:40:34.970663Z DEBUG netbaiot_transports::business_rpc::v3: business RPC V3 received frame stream_id=0 frame_type=WindowUpdate payload_bytes=4
2026-09-26T01:40:34.970666Z DEBUG netbaiot_transports::business_rpc::v3: business RPC V3 received frame stream_id=0 frame_type=WindowUpdate payload_bytes=4
2026-09-26T01:40:34.970668Z DEBUG netbaiot_transports::business_rpc::v3: business RPC V3 received frame stream_id=0 frame_type=WindowUpdate payload_bytes=4
2026-09-26T01:40:34.970670Z DEBUG netbaiot_transports::business_rpc::v3: business RPC V3 received frame stream_id=752 frame_type=Response payload_bytes=35
2026-09-26T01:40:34.970675Z DEBUG netbaiot_transports::business_rpc::v3: business RPC V3 received frame stream_id=744 frame_type=Response payload_bytes=35
2026-09-26T01:40:34.970678Z DEBUG netbaiot_transports::business_rpc::v3: business RPC V3 received frame stream_id=746 frame_type=Response payload_bytes=35
2026-09-26T01:40:34.970680Z DEBUG netbaiot_transports::business_rpc::v3: business RPC V3 received frame stream_id=750 frame_type=Response payload_bytes=35
2026-09-26T01:40:34.970682Z DEBUG netbaiot_transports::business_rpc::v3: business RPC V3 received frame stream_id=752 frame_type=Data payload_bytes=216
2026-09-26T01:40:34.970698Z DEBUG netbaiot_transports::business_rpc::v3: business RPC V3 received frame stream_id=744 frame_type=Data payload_bytes=216
2026-09-26T01:40:34.970703Z DEBUG netbaiot_transports::business_rpc::v3: business RPC V3 selected frame stream_id=0 frame_type=WindowUpdate payload_bytes=4
2026-09-26T01:40:34.970706Z DEBUG netbaiot_transports::business_rpc::v3: business RPC V3 received frame stream_id=746 frame_type=Data payload_bytes=216
2026-09-26T01:40:34.970716Z DEBUG netbaiot_transports::business_rpc::v3: business RPC V3 writer completed frame stream_id=0 frame_type=WindowUpdate payload_bytes=4
2026-09-26T01:40:34.970724Z DEBUG netbaiot_transports::business_rpc::v3: business RPC V3 selected frame stream_id=0 frame_type=WindowUpdate payload_bytes=4
2026-09-26T01:40:34.970728Z DEBUG netbaiot_transports::business_rpc::v3: business RPC V3 writer completed frame stream_id=0 frame_type=WindowUpdate payload_bytes=4
2026-09-26T01:40:34.970732Z DEBUG netbaiot_transports::business_rpc::v3: business RPC V3 selected frame stream_id=0 frame_type=WindowUpdate payload_bytes=4
2026-09-26T01:40:34.970735Z DEBUG netbaiot_transports::business_rpc::v3: business RPC V3 writer completed frame stream_id=0 frame_type=WindowUpdate payload_bytes=4
2026-09-26T01:40:34.970728Z DEBUG netbaiot_transports::business_rpc::v3: business RPC V3 received frame stream_id=750 frame_type=Data payload_bytes=216
2026-09-26T01:40:34.970770Z DEBUG netbaiot_transports::business_rpc::v3: business RPC V3 received frame stream_id=748 frame_type=Response payload_bytes=35
2026-09-26T01:40:34.970771Z DEBUG netbaiot_transports::business_rpc::v3: business RPC V3 selected frame stream_id=0 frame_type=WindowUpdate payload_bytes=4
2026-09-26T01:40:34.970773Z DEBUG netbaiot_transports::business_rpc::v3: business RPC V3 received frame stream_id=748 frame_type=Data payload_bytes=216
2026-09-26T01:40:34.970784Z DEBUG netbaiot_transports::business_rpc::v3: business RPC V3 writer completed frame stream_id=0 frame_type=WindowUpdate payload_bytes=4
2026-09-26T01:40:34.970788Z DEBUG netbaiot_transports::business_rpc::v3: business RPC V3 selected frame stream_id=0 frame_type=WindowUpdate payload_bytes=4
2026-09-26T01:40:34.970792Z DEBUG netbaiot_transports::business_rpc::v3: business RPC V3 writer completed frame stream_id=0 frame_type=WindowUpdate payload_bytes=4
2026-09-26T01:40:34.996868Z DEBUG netbaiot_transports::business_rpc::v3: business RPC V3 received frame stream_id=0 frame_type=WindowUpdate payload_bytes=4
2026-09-26T01:40:34.996879Z DEBUG netbaiot_transports::business_rpc::v3: business RPC V3 received frame stream_id=754 frame_type=Response payload_bytes=35
2026-09-26T01:40:34.996884Z DEBUG netbaiot_transports::business_rpc::v3: business RPC V3 received frame stream_id=754 frame_type=Data payload_bytes=216
2026-09-26T01:40:34.996906Z DEBUG netbaiot_transports::business_rpc::v3: business RPC V3 selected frame stream_id=0 frame_type=WindowUpdate payload_bytes=4
2026-09-26T01:40:34.996919Z DEBUG netbaiot_transports::business_rpc::v3: business RPC V3 writer completed frame stream_id=0 frame_type=WindowUpdate payload_bytes=4
2026-09-26T01:40:35.044680Z DEBUG netbaiot_transports::business_rpc::v3: business RPC V3 body entered scheduler stream_id=756 class=Event body_bytes=17366
2026-09-26T01:40:35.044696Z DEBUG netbaiot_transports::business_rpc::v3: business RPC V3 selected frame stream_id=756 frame_type=Open payload_bytes=184
2026-09-26T01:40:35.044705Z DEBUG netbaiot_transports::business_rpc::v3: business RPC V3 writer completed frame stream_id=756 frame_type=Open payload_bytes=184
2026-09-26T01:40:35.044709Z DEBUG netbaiot_transports::business_rpc::v3: business RPC V3 selected frame stream_id=756 frame_type=Data payload_bytes=8192
2026-09-26T01:40:35.044713Z DEBUG netbaiot_transports::business_rpc::v3: business RPC V3 writer completed frame stream_id=756 frame_type=Data payload_bytes=8192
2026-09-26T01:40:35.044716Z DEBUG netbaiot_transports::business_rpc::v3: business RPC V3 selected frame stream_id=756 frame_type=Data payload_bytes=8192
2026-09-26T01:40:35.044722Z DEBUG netbaiot_transports::business_rpc::v3: business RPC V3 writer completed frame stream_id=756 frame_type=Data payload_bytes=8192
2026-09-26T01:40:35.044724Z DEBUG netbaiot_transports::business_rpc::v3: business RPC V3 selected frame stream_id=756 frame_type=Data payload_bytes=982
2026-09-26T01:40:35.044728Z DEBUG netbaiot_transports::business_rpc::v3: business RPC V3 writer completed frame stream_id=756 frame_type=Data payload_bytes=982
2026-09-26T01:40:35.189876Z DEBUG netbaiot_transports::business_rpc::v3: business RPC V3 received frame stream_id=0 frame_type=WindowUpdate payload_bytes=4
2026-09-26T01:40:35.189915Z DEBUG netbaiot_transports::business_rpc::v3: business RPC V3 received frame stream_id=756 frame_type=WindowUpdate payload_bytes=4
2026-09-26T01:40:35.216913Z DEBUG netbaiot_transports::business_rpc::v3: business RPC V3 received frame stream_id=0 frame_type=WindowUpdate payload_bytes=4
2026-09-26T01:40:35.216929Z DEBUG netbaiot_transports::business_rpc::v3: business RPC V3 received frame stream_id=756 frame_type=WindowUpdate payload_bytes=4
2026-09-26T01:40:35.216935Z DEBUG netbaiot_transports::business_rpc::v3: business RPC V3 received frame stream_id=0 frame_type=WindowUpdate payload_bytes=4
2026-09-26T01:40:35.216938Z DEBUG netbaiot_transports::business_rpc::v3: business RPC V3 received frame stream_id=756 frame_type=Response payload_bytes=35
2026-09-26T01:40:35.216944Z DEBUG netbaiot_transports::business_rpc::v3: business RPC V3 received frame stream_id=756 frame_type=Data payload_bytes=118
2026-09-26T01:40:35.216950Z DEBUG netbaiot_transports::business_rpc::v3: business RPC V3 Event delivery acknowledged stream_id=756 completion_us=172275
2026-09-26T01:40:35.216965Z DEBUG netbaiot_transports::business_rpc::v3: business RPC V3 selected frame stream_id=0 frame_type=WindowUpdate payload_bytes=4
2026-09-26T01:40:35.216979Z DEBUG netbaiot_transports::business_rpc::v3: business RPC V3 writer completed frame stream_id=0 frame_type=WindowUpdate payload_bytes=4
2026-09-26T01:40:35.461674Z DEBUG netbaiot_transports::business_rpc::v3: business RPC V3 body entered scheduler stream_id=758 class=Rpc body_bytes=198
2026-09-26T01:40:35.487615Z DEBUG netbaiot_transports::business_rpc::v3: business RPC V3 selected frame stream_id=758 frame_type=Open payload_bytes=158
2026-09-26T01:40:35.487729Z DEBUG netbaiot_transports::business_rpc::v3: business RPC V3 writer completed frame stream_id=758 frame_type=Open payload_bytes=158
2026-09-26T01:40:35.487741Z DEBUG netbaiot_transports::business_rpc::v3: business RPC V3 selected frame stream_id=758 frame_type=Data payload_bytes=198
2026-09-26T01:40:35.487754Z DEBUG netbaiot_transports::business_rpc::v3: business RPC V3 writer completed frame stream_id=758 frame_type=Data payload_bytes=198
2026-09-26T01:40:35.487866Z DEBUG netbaiot_transports::business_rpc::v3: business RPC V3 body entered scheduler stream_id=760 class=Rpc body_bytes=198
2026-09-26T01:40:35.487873Z DEBUG netbaiot_transports::business_rpc::v3: business RPC V3 selected frame stream_id=760 frame_type=Open payload_bytes=158
2026-09-26T01:40:35.487878Z DEBUG netbaiot_transports::business_rpc::v3: business RPC V3 writer completed frame stream_id=760 frame_type=Open payload_bytes=158
2026-09-26T01:40:35.487882Z DEBUG netbaiot_transports::business_rpc::v3: business RPC V3 selected frame stream_id=760 frame_type=Data payload_bytes=198
2026-09-26T01:40:35.487886Z DEBUG netbaiot_transports::business_rpc::v3: business RPC V3 writer completed frame stream_id=760 frame_type=Data payload_bytes=198
2026-09-26T01:40:35.487997Z DEBUG netbaiot_transports::business_rpc::v3: business RPC V3 body entered scheduler stream_id=762 class=Rpc body_bytes=198
2026-09-26T01:40:35.488002Z DEBUG netbaiot_transports::business_rpc::v3: business RPC V3 selected frame stream_id=762 frame_type=Open payload_bytes=158
2026-09-26T01:40:35.488009Z DEBUG netbaiot_transports::business_rpc::v3: business RPC V3 writer completed frame stream_id=762 frame_type=Open payload_bytes=158
2026-09-26T01:40:35.488014Z DEBUG netbaiot_transports::business_rpc::v3: business RPC V3 selected frame stream_id=762 frame_type=Data payload_bytes=198
2026-09-26T01:40:35.488018Z DEBUG netbaiot_transports::business_rpc::v3: business RPC V3 writer completed frame stream_id=762 frame_type=Data payload_bytes=198
2026-09-26T01:40:35.488101Z DEBUG netbaiot_transports::business_rpc::v3: business RPC V3 body entered scheduler stream_id=764 class=Rpc body_bytes=198
2026-09-26T01:40:35.488105Z DEBUG netbaiot_transports::business_rpc::v3: business RPC V3 selected frame stream_id=764 frame_type=Open payload_bytes=158
2026-09-26T01:40:35.488111Z DEBUG netbaiot_transports::business_rpc::v3: business RPC V3 writer completed frame stream_id=764 frame_type=Open payload_bytes=158
2026-09-26T01:40:35.488114Z DEBUG netbaiot_transports::business_rpc::v3: business RPC V3 selected frame stream_id=764 frame_type=Data payload_bytes=198
2026-09-26T01:40:35.488118Z DEBUG netbaiot_transports::business_rpc::v3: business RPC V3 writer completed frame stream_id=764 frame_type=Data payload_bytes=198
2026-09-26T01:40:35.544496Z DEBUG netbaiot_transports::business_rpc::v3: business RPC V3 body entered scheduler stream_id=766 class=Event body_bytes=17366
2026-09-26T01:40:35.546052Z DEBUG netbaiot_transports::business_rpc::v3: business RPC V3 selected frame stream_id=766 frame_type=Open payload_bytes=184
2026-09-26T01:40:35.546070Z DEBUG netbaiot_transports::business_rpc::v3: business RPC V3 writer completed frame stream_id=766 frame_type=Open payload_bytes=184
2026-09-26T01:40:35.546079Z DEBUG netbaiot_transports::business_rpc::v3: business RPC V3 selected frame stream_id=766 frame_type=Data payload_bytes=8192
2026-09-26T01:40:35.546085Z DEBUG netbaiot_transports::business_rpc::v3: business RPC V3 writer completed frame stream_id=766 frame_type=Data payload_bytes=8192
2026-09-26T01:40:35.546088Z DEBUG netbaiot_transports::business_rpc::v3: business RPC V3 selected frame stream_id=766 frame_type=Data payload_bytes=8192
2026-09-26T01:40:35.546095Z DEBUG netbaiot_transports::business_rpc::v3: business RPC V3 writer completed frame stream_id=766 frame_type=Data payload_bytes=8192
2026-09-26T01:40:35.546098Z DEBUG netbaiot_transports::business_rpc::v3: business RPC V3 selected frame stream_id=766 frame_type=Data payload_bytes=982
2026-09-26T01:40:35.546103Z DEBUG netbaiot_transports::business_rpc::v3: business RPC V3 writer completed frame stream_id=766 frame_type=Data payload_bytes=982
2026-09-26T01:40:35.564422Z DEBUG netbaiot_transports::business_rpc::v3: business RPC V3 body entered scheduler stream_id=768 class=Rpc body_bytes=198
2026-09-26T01:40:35.564433Z DEBUG netbaiot_transports::business_rpc::v3: business RPC V3 selected frame stream_id=768 frame_type=Open payload_bytes=158
2026-09-26T01:40:35.564441Z DEBUG netbaiot_transports::business_rpc::v3: business RPC V3 writer completed frame stream_id=768 frame_type=Open payload_bytes=158
2026-09-26T01:40:35.564446Z DEBUG netbaiot_transports::business_rpc::v3: business RPC V3 selected frame stream_id=768 frame_type=Data payload_bytes=198
2026-09-26T01:40:35.564450Z DEBUG netbaiot_transports::business_rpc::v3: business RPC V3 writer completed frame stream_id=768 frame_type=Data payload_bytes=198
2026-09-26T01:40:35.581626Z DEBUG netbaiot_transports::business_rpc::v3: business RPC V3 body entered scheduler stream_id=770 class=Rpc body_bytes=198
2026-09-26T01:40:35.581645Z DEBUG netbaiot_transports::business_rpc::v3: business RPC V3 selected frame stream_id=770 frame_type=Open payload_bytes=158
2026-09-26T01:40:35.581654Z DEBUG netbaiot_transports::business_rpc::v3: business RPC V3 writer completed frame stream_id=770 frame_type=Open payload_bytes=158
2026-09-26T01:40:35.581659Z DEBUG netbaiot_transports::business_rpc::v3: business RPC V3 selected frame stream_id=770 frame_type=Data payload_bytes=198
2026-09-26T01:40:35.581664Z DEBUG netbaiot_transports::business_rpc::v3: business RPC V3 writer completed frame stream_id=770 frame_type=Data payload_bytes=198
2026-09-26T01:40:35.597232Z DEBUG netbaiot_transports::business_rpc::v3: business RPC V3 received frame stream_id=0 frame_type=WindowUpdate payload_bytes=4
2026-09-26T01:40:35.597258Z DEBUG netbaiot_transports::business_rpc::v3: business RPC V3 received frame stream_id=0 frame_type=WindowUpdate payload_bytes=4
2026-09-26T01:40:35.597262Z DEBUG netbaiot_transports::business_rpc::v3: business RPC V3 received frame stream_id=0 frame_type=WindowUpdate payload_bytes=4
2026-09-26T01:40:35.597265Z DEBUG netbaiot_transports::business_rpc::v3: business RPC V3 received frame stream_id=0 frame_type=WindowUpdate payload_bytes=4
2026-09-26T01:40:35.597268Z DEBUG netbaiot_transports::business_rpc::v3: business RPC V3 received frame stream_id=764 frame_type=Response payload_bytes=35
2026-09-26T01:40:35.597275Z DEBUG netbaiot_transports::business_rpc::v3: business RPC V3 received frame stream_id=758 frame_type=Response payload_bytes=35
2026-09-26T01:40:35.597278Z DEBUG netbaiot_transports::business_rpc::v3: business RPC V3 received frame stream_id=762 frame_type=Response payload_bytes=35
2026-09-26T01:40:35.597282Z DEBUG netbaiot_transports::business_rpc::v3: business RPC V3 received frame stream_id=764 frame_type=Data payload_bytes=216
2026-09-26T01:40:35.597299Z DEBUG netbaiot_transports::business_rpc::v3: business RPC V3 received frame stream_id=758 frame_type=Data payload_bytes=216
2026-09-26T01:40:35.597306Z DEBUG netbaiot_transports::business_rpc::v3: business RPC V3 received frame stream_id=762 frame_type=Data payload_bytes=216
2026-09-26T01:40:35.597305Z DEBUG netbaiot_transports::business_rpc::v3: business RPC V3 selected frame stream_id=0 frame_type=WindowUpdate payload_bytes=4
2026-09-26T01:40:35.597313Z DEBUG netbaiot_transports::business_rpc::v3: business RPC V3 received frame stream_id=760 frame_type=Response payload_bytes=35
2026-09-26T01:40:35.597330Z DEBUG netbaiot_transports::business_rpc::v3: business RPC V3 writer completed frame stream_id=0 frame_type=WindowUpdate payload_bytes=4
2026-09-26T01:40:35.597336Z DEBUG netbaiot_transports::business_rpc::v3: business RPC V3 received frame stream_id=760 frame_type=Data payload_bytes=216
2026-09-26T01:40:35.597341Z DEBUG netbaiot_transports::business_rpc::v3: business RPC V3 selected frame stream_id=0 frame_type=WindowUpdate payload_bytes=4
2026-09-26T01:40:35.597465Z DEBUG netbaiot_transports::business_rpc::v3: business RPC V3 writer completed frame stream_id=0 frame_type=WindowUpdate payload_bytes=4
2026-09-26T01:40:35.597473Z DEBUG netbaiot_transports::business_rpc::v3: business RPC V3 selected frame stream_id=0 frame_type=WindowUpdate payload_bytes=4
2026-09-26T01:40:35.597478Z DEBUG netbaiot_transports::business_rpc::v3: business RPC V3 writer completed frame stream_id=0 frame_type=WindowUpdate payload_bytes=4
2026-09-26T01:40:35.597481Z DEBUG netbaiot_transports::business_rpc::v3: business RPC V3 selected frame stream_id=0 frame_type=WindowUpdate payload_bytes=4
2026-09-26T01:40:35.597486Z DEBUG netbaiot_transports::business_rpc::v3: business RPC V3 writer completed frame stream_id=0 frame_type=WindowUpdate payload_bytes=4
2026-09-26T01:40:35.597695Z DEBUG netbaiot_transports::business_rpc::v3: business RPC V3 body entered scheduler stream_id=772 class=Rpc body_bytes=198
2026-09-26T01:40:35.597700Z DEBUG netbaiot_transports::business_rpc::v3: business RPC V3 selected frame stream_id=772 frame_type=Open payload_bytes=158
2026-09-26T01:40:35.597706Z DEBUG netbaiot_transports::business_rpc::v3: business RPC V3 writer completed frame stream_id=772 frame_type=Open payload_bytes=158
2026-09-26T01:40:35.597709Z DEBUG netbaiot_transports::business_rpc::v3: business RPC V3 selected frame stream_id=772 frame_type=Data payload_bytes=198
2026-09-26T01:40:35.597713Z DEBUG netbaiot_transports::business_rpc::v3: business RPC V3 writer completed frame stream_id=772 frame_type=Data payload_bytes=198
2026-09-26T01:40:35.597716Z DEBUG netbaiot_transports::business_rpc::v3: business RPC V3 body entered scheduler stream_id=774 class=Rpc body_bytes=198
2026-09-26T01:40:35.597718Z DEBUG netbaiot_transports::business_rpc::v3: business RPC V3 selected frame stream_id=774 frame_type=Open payload_bytes=158
2026-09-26T01:40:35.597722Z DEBUG netbaiot_transports::business_rpc::v3: business RPC V3 writer completed frame stream_id=774 frame_type=Open payload_bytes=158
2026-09-26T01:40:35.597724Z DEBUG netbaiot_transports::business_rpc::v3: business RPC V3 selected frame stream_id=774 frame_type=Data payload_bytes=198
2026-09-26T01:40:35.597727Z DEBUG netbaiot_transports::business_rpc::v3: business RPC V3 writer completed frame stream_id=774 frame_type=Data payload_bytes=198
2026-09-26T01:40:35.597741Z DEBUG netbaiot_transports::business_rpc::v3: business RPC V3 body entered scheduler stream_id=776 class=Rpc body_bytes=198
2026-09-26T01:40:35.597747Z DEBUG netbaiot_transports::business_rpc::v3: business RPC V3 selected frame stream_id=776 frame_type=Open payload_bytes=158
2026-09-26T01:40:35.597753Z DEBUG netbaiot_transports::business_rpc::v3: business RPC V3 writer completed frame stream_id=776 frame_type=Open payload_bytes=158
2026-09-26T01:40:35.597757Z DEBUG netbaiot_transports::business_rpc::v3: business RPC V3 selected frame stream_id=776 frame_type=Data payload_bytes=198
2026-09-26T01:40:35.597761Z DEBUG netbaiot_transports::business_rpc::v3: business RPC V3 writer completed frame stream_id=776 frame_type=Data payload_bytes=198
2026-09-26T01:40:35.597764Z DEBUG netbaiot_transports::business_rpc::v3: business RPC V3 body entered scheduler stream_id=778 class=Rpc body_bytes=198
2026-09-26T01:40:35.597768Z DEBUG netbaiot_transports::business_rpc::v3: business RPC V3 selected frame stream_id=778 frame_type=Open payload_bytes=158
2026-09-26T01:40:35.597774Z DEBUG netbaiot_transports::business_rpc::v3: business RPC V3 writer completed frame stream_id=778 frame_type=Open payload_bytes=158
2026-09-26T01:40:35.597777Z DEBUG netbaiot_transports::business_rpc::v3: business RPC V3 selected frame stream_id=778 frame_type=Data payload_bytes=198
2026-09-26T01:40:35.597780Z DEBUG netbaiot_transports::business_rpc::v3: business RPC V3 writer completed frame stream_id=778 frame_type=Data payload_bytes=198
2026-09-26T01:40:35.599770Z DEBUG netbaiot_transports::business_rpc::v3: business RPC V3 body entered scheduler stream_id=780 class=Rpc body_bytes=198
2026-09-26T01:40:35.599775Z DEBUG netbaiot_transports::business_rpc::v3: business RPC V3 selected frame stream_id=780 frame_type=Open payload_bytes=158
2026-09-26T01:40:35.599780Z DEBUG netbaiot_transports::business_rpc::v3: business RPC V3 writer completed frame stream_id=780 frame_type=Open payload_bytes=158
2026-09-26T01:40:35.599783Z DEBUG netbaiot_transports::business_rpc::v3: business RPC V3 selected frame stream_id=780 frame_type=Data payload_bytes=198
2026-09-26T01:40:35.599786Z DEBUG netbaiot_transports::business_rpc::v3: business RPC V3 writer completed frame stream_id=780 frame_type=Data payload_bytes=198
2026-09-26T01:40:35.659914Z DEBUG netbaiot_transports::business_rpc::v3: business RPC V3 body entered scheduler stream_id=782 class=Rpc body_bytes=198
2026-09-26T01:40:35.659927Z DEBUG netbaiot_transports::business_rpc::v3: business RPC V3 body entered scheduler stream_id=784 class=Rpc body_bytes=198
2026-09-26T01:40:35.659931Z DEBUG netbaiot_transports::business_rpc::v3: business RPC V3 selected frame stream_id=782 frame_type=Open payload_bytes=158
2026-09-26T01:40:35.659940Z DEBUG netbaiot_transports::business_rpc::v3: business RPC V3 writer completed frame stream_id=782 frame_type=Open payload_bytes=158
2026-09-26T01:40:35.659943Z DEBUG netbaiot_transports::business_rpc::v3: business RPC V3 selected frame stream_id=784 frame_type=Open payload_bytes=158
2026-09-26T01:40:35.659948Z DEBUG netbaiot_transports::business_rpc::v3: business RPC V3 writer completed frame stream_id=784 frame_type=Open payload_bytes=158
2026-09-26T01:40:35.659951Z DEBUG netbaiot_transports::business_rpc::v3: business RPC V3 selected frame stream_id=782 frame_type=Data payload_bytes=198
2026-09-26T01:40:35.659955Z DEBUG netbaiot_transports::business_rpc::v3: business RPC V3 writer completed frame stream_id=782 frame_type=Data payload_bytes=198
2026-09-26T01:40:35.659958Z DEBUG netbaiot_transports::business_rpc::v3: business RPC V3 selected frame stream_id=784 frame_type=Data payload_bytes=198
2026-09-26T01:40:35.659963Z DEBUG netbaiot_transports::business_rpc::v3: business RPC V3 writer completed frame stream_id=784 frame_type=Data payload_bytes=198
2026-09-26T01:40:35.681748Z DEBUG netbaiot_transports::business_rpc::v3: business RPC V3 received frame stream_id=0 frame_type=WindowUpdate payload_bytes=4
2026-09-26T01:40:35.681770Z DEBUG netbaiot_transports::business_rpc::v3: business RPC V3 received frame stream_id=766 frame_type=WindowUpdate payload_bytes=4
2026-09-26T01:40:35.722850Z DEBUG netbaiot_transports::business_rpc::v3: business RPC V3 received frame stream_id=0 frame_type=WindowUpdate payload_bytes=4
2026-09-26T01:40:35.722885Z DEBUG netbaiot_transports::business_rpc::v3: business RPC V3 received frame stream_id=766 frame_type=WindowUpdate payload_bytes=4
2026-09-26T01:40:35.757232Z DEBUG netbaiot_transports::business_rpc::v3: business RPC V3 received frame stream_id=0 frame_type=WindowUpdate payload_bytes=4
2026-09-26T01:40:35.757259Z DEBUG netbaiot_transports::business_rpc::v3: business RPC V3 received frame stream_id=0 frame_type=WindowUpdate payload_bytes=4
2026-09-26T01:40:35.757263Z DEBUG netbaiot_transports::business_rpc::v3: business RPC V3 received frame stream_id=0 frame_type=WindowUpdate payload_bytes=4
2026-09-26T01:40:35.757266Z DEBUG netbaiot_transports::business_rpc::v3: business RPC V3 received frame stream_id=0 frame_type=WindowUpdate payload_bytes=4
2026-09-26T01:40:35.757269Z DEBUG netbaiot_transports::business_rpc::v3: business RPC V3 received frame stream_id=0 frame_type=WindowUpdate payload_bytes=4
2026-09-26T01:40:35.757272Z DEBUG netbaiot_transports::business_rpc::v3: business RPC V3 received frame stream_id=0 frame_type=WindowUpdate payload_bytes=4
2026-09-26T01:40:35.757274Z DEBUG netbaiot_transports::business_rpc::v3: business RPC V3 received frame stream_id=0 frame_type=WindowUpdate payload_bytes=4
2026-09-26T01:40:35.757277Z DEBUG netbaiot_transports::business_rpc::v3: business RPC V3 received frame stream_id=0 frame_type=WindowUpdate payload_bytes=4
2026-09-26T01:40:35.757279Z DEBUG netbaiot_transports::business_rpc::v3: business RPC V3 received frame stream_id=780 frame_type=Response payload_bytes=35
2026-09-26T01:40:35.757285Z DEBUG netbaiot_transports::business_rpc::v3: business RPC V3 received frame stream_id=774 frame_type=Response payload_bytes=35
2026-09-26T01:40:35.757288Z DEBUG netbaiot_transports::business_rpc::v3: business RPC V3 received frame stream_id=780 frame_type=Data payload_bytes=216
2026-09-26T01:40:35.757305Z DEBUG netbaiot_transports::business_rpc::v3: business RPC V3 received frame stream_id=772 frame_type=Response payload_bytes=35
2026-09-26T01:40:35.757310Z DEBUG netbaiot_transports::business_rpc::v3: business RPC V3 received frame stream_id=776 frame_type=Response payload_bytes=35
2026-09-26T01:40:35.757313Z DEBUG netbaiot_transports::business_rpc::v3: business RPC V3 received frame stream_id=778 frame_type=Response payload_bytes=35
2026-09-26T01:40:35.757315Z DEBUG netbaiot_transports::business_rpc::v3: business RPC V3 selected frame stream_id=0 frame_type=WindowUpdate payload_bytes=4
2026-09-26T01:40:35.757316Z DEBUG netbaiot_transports::business_rpc::v3: business RPC V3 received frame stream_id=768 frame_type=Response payload_bytes=35
2026-09-26T01:40:35.757334Z DEBUG netbaiot_transports::business_rpc::v3: business RPC V3 writer completed frame stream_id=0 frame_type=WindowUpdate payload_bytes=4
2026-09-26T01:40:35.757340Z DEBUG netbaiot_transports::business_rpc::v3: business RPC V3 received frame stream_id=774 frame_type=Data payload_bytes=216
2026-09-26T01:40:35.757370Z DEBUG netbaiot_transports::business_rpc::v3: business RPC V3 received frame stream_id=770 frame_type=Response payload_bytes=35
2026-09-26T01:40:35.757376Z DEBUG netbaiot_transports::business_rpc::v3: business RPC V3 selected frame stream_id=0 frame_type=WindowUpdate payload_bytes=4
2026-09-26T01:40:35.757386Z DEBUG netbaiot_transports::business_rpc::v3: business RPC V3 writer completed frame stream_id=0 frame_type=WindowUpdate payload_bytes=4
2026-09-26T01:40:35.757378Z DEBUG netbaiot_transports::business_rpc::v3: business RPC V3 received frame stream_id=772 frame_type=Data payload_bytes=216
2026-09-26T01:40:35.757460Z DEBUG netbaiot_transports::business_rpc::v3: business RPC V3 received frame stream_id=776 frame_type=Data payload_bytes=216
2026-09-26T01:40:35.757472Z DEBUG netbaiot_transports::business_rpc::v3: business RPC V3 received frame stream_id=778 frame_type=Data payload_bytes=216
2026-09-26T01:40:35.757476Z DEBUG netbaiot_transports::business_rpc::v3: business RPC V3 selected frame stream_id=0 frame_type=WindowUpdate payload_bytes=4
2026-09-26T01:40:35.757490Z DEBUG netbaiot_transports::business_rpc::v3: business RPC V3 received frame stream_id=768 frame_type=Data payload_bytes=216
2026-09-26T01:40:35.757532Z DEBUG netbaiot_transports::business_rpc::v3: business RPC V3 received frame stream_id=770 frame_type=Data payload_bytes=216
2026-09-26T01:40:35.757539Z DEBUG netbaiot_transports::business_rpc::v3: business RPC V3 received frame stream_id=766 frame_type=Response payload_bytes=35
2026-09-26T01:40:35.757542Z DEBUG netbaiot_transports::business_rpc::v3: business RPC V3 received frame stream_id=766 frame_type=Data payload_bytes=118
2026-09-26T01:40:35.757528Z DEBUG netbaiot_transports::business_rpc::v3: business RPC V3 writer completed frame stream_id=0 frame_type=WindowUpdate payload_bytes=4
2026-09-26T01:40:35.757568Z DEBUG netbaiot_transports::business_rpc::v3: business RPC V3 selected frame stream_id=0 frame_type=WindowUpdate payload_bytes=4
2026-09-26T01:40:35.757547Z DEBUG netbaiot_transports::business_rpc::v3: business RPC V3 Event delivery acknowledged stream_id=766 completion_us=213057
2026-09-26T01:40:35.757596Z DEBUG netbaiot_transports::business_rpc::v3: business RPC V3 writer completed frame stream_id=0 frame_type=WindowUpdate payload_bytes=4
2026-09-26T01:40:35.757600Z DEBUG netbaiot_transports::business_rpc::v3: business RPC V3 selected frame stream_id=0 frame_type=WindowUpdate payload_bytes=4
2026-09-26T01:40:35.757605Z DEBUG netbaiot_transports::business_rpc::v3: business RPC V3 writer completed frame stream_id=0 frame_type=WindowUpdate payload_bytes=4
2026-09-26T01:40:35.757607Z DEBUG netbaiot_transports::business_rpc::v3: business RPC V3 selected frame stream_id=0 frame_type=WindowUpdate payload_bytes=4
2026-09-26T01:40:35.757611Z DEBUG netbaiot_transports::business_rpc::v3: business RPC V3 writer completed frame stream_id=0 frame_type=WindowUpdate payload_bytes=4
2026-09-26T01:40:35.757614Z DEBUG netbaiot_transports::business_rpc::v3: business RPC V3 selected frame stream_id=0 frame_type=WindowUpdate payload_bytes=4
2026-09-26T01:40:35.757622Z DEBUG netbaiot_transports::business_rpc::v3: business RPC V3 writer completed frame stream_id=0 frame_type=WindowUpdate payload_bytes=4
2026-09-26T01:40:35.757624Z DEBUG netbaiot_transports::business_rpc::v3: business RPC V3 selected frame stream_id=0 frame_type=WindowUpdate payload_bytes=4
2026-09-26T01:40:35.757628Z DEBUG netbaiot_transports::business_rpc::v3: business RPC V3 writer completed frame stream_id=0 frame_type=WindowUpdate payload_bytes=4
2026-09-26T01:40:35.757926Z DEBUG netbaiot_transports::business_rpc::v3: business RPC V3 body entered scheduler stream_id=786 class=Rpc body_bytes=198
2026-09-26T01:40:35.757934Z DEBUG netbaiot_transports::business_rpc::v3: business RPC V3 selected frame stream_id=786 frame_type=Open payload_bytes=158
2026-09-26T01:40:35.757941Z DEBUG netbaiot_transports::business_rpc::v3: business RPC V3 writer completed frame stream_id=786 frame_type=Open payload_bytes=158
2026-09-26T01:40:35.757946Z DEBUG netbaiot_transports::business_rpc::v3: business RPC V3 selected frame stream_id=786 frame_type=Data payload_bytes=198
2026-09-26T01:40:35.757951Z DEBUG netbaiot_transports::business_rpc::v3: business RPC V3 writer completed frame stream_id=786 frame_type=Data payload_bytes=198
2026-09-26T01:40:35.758017Z DEBUG netbaiot_transports::business_rpc::v3: business RPC V3 body entered scheduler stream_id=788 class=Rpc body_bytes=198
2026-09-26T01:40:35.758021Z DEBUG netbaiot_transports::business_rpc::v3: business RPC V3 selected frame stream_id=788 frame_type=Open payload_bytes=158
2026-09-26T01:40:35.758026Z DEBUG netbaiot_transports::business_rpc::v3: business RPC V3 writer completed frame stream_id=788 frame_type=Open payload_bytes=158
2026-09-26T01:40:35.758029Z DEBUG netbaiot_transports::business_rpc::v3: business RPC V3 selected frame stream_id=788 frame_type=Data payload_bytes=198
2026-09-26T01:40:35.758034Z DEBUG netbaiot_transports::business_rpc::v3: business RPC V3 writer completed frame stream_id=788 frame_type=Data payload_bytes=198
2026-09-26T01:40:35.758044Z DEBUG netbaiot_transports::business_rpc::v3: business RPC V3 body entered scheduler stream_id=790 class=Rpc body_bytes=198
2026-09-26T01:40:35.758049Z DEBUG netbaiot_transports::business_rpc::v3: business RPC V3 selected frame stream_id=790 frame_type=Open payload_bytes=158
2026-09-26T01:40:35.758053Z DEBUG netbaiot_transports::business_rpc::v3: business RPC V3 writer completed frame stream_id=790 frame_type=Open payload_bytes=158
2026-09-26T01:40:35.758057Z DEBUG netbaiot_transports::business_rpc::v3: business RPC V3 selected frame stream_id=790 frame_type=Data payload_bytes=198
2026-09-26T01:40:35.758061Z DEBUG netbaiot_transports::business_rpc::v3: business RPC V3 writer completed frame stream_id=790 frame_type=Data payload_bytes=198
2026-09-26T01:40:35.758071Z DEBUG netbaiot_transports::business_rpc::v3: business RPC V3 body entered scheduler stream_id=792 class=Rpc body_bytes=198
2026-09-26T01:40:35.758075Z DEBUG netbaiot_transports::business_rpc::v3: business RPC V3 selected frame stream_id=792 frame_type=Open payload_bytes=158
2026-09-26T01:40:35.758078Z DEBUG netbaiot_transports::business_rpc::v3: business RPC V3 writer completed frame stream_id=792 frame_type=Open payload_bytes=158
2026-09-26T01:40:35.758081Z DEBUG netbaiot_transports::business_rpc::v3: business RPC V3 selected frame stream_id=792 frame_type=Data payload_bytes=198
2026-09-26T01:40:35.758085Z DEBUG netbaiot_transports::business_rpc::v3: business RPC V3 writer completed frame stream_id=792 frame_type=Data payload_bytes=198
2026-09-26T01:40:35.758097Z DEBUG netbaiot_transports::business_rpc::v3: business RPC V3 body entered scheduler stream_id=794 class=Rpc body_bytes=198
2026-09-26T01:40:35.758101Z DEBUG netbaiot_transports::business_rpc::v3: business RPC V3 selected frame stream_id=794 frame_type=Open payload_bytes=158
2026-09-26T01:40:35.758105Z DEBUG netbaiot_transports::business_rpc::v3: business RPC V3 writer completed frame stream_id=794 frame_type=Open payload_bytes=158
2026-09-26T01:40:35.758107Z DEBUG netbaiot_transports::business_rpc::v3: business RPC V3 selected frame stream_id=794 frame_type=Data payload_bytes=198
2026-09-26T01:40:35.758111Z DEBUG netbaiot_transports::business_rpc::v3: business RPC V3 writer completed frame stream_id=794 frame_type=Data payload_bytes=198
2026-09-26T01:40:35.758128Z DEBUG netbaiot_transports::business_rpc::v3: business RPC V3 body entered scheduler stream_id=796 class=Rpc body_bytes=198
2026-09-26T01:40:35.758134Z DEBUG netbaiot_transports::business_rpc::v3: business RPC V3 selected frame stream_id=796 frame_type=Open payload_bytes=158
2026-09-26T01:40:35.758140Z DEBUG netbaiot_transports::business_rpc::v3: business RPC V3 writer completed frame stream_id=796 frame_type=Open payload_bytes=158
2026-09-26T01:40:35.758144Z DEBUG netbaiot_transports::business_rpc::v3: business RPC V3 selected frame stream_id=796 frame_type=Data payload_bytes=198
2026-09-26T01:40:35.758150Z DEBUG netbaiot_transports::business_rpc::v3: business RPC V3 writer completed frame stream_id=796 frame_type=Data payload_bytes=198
2026-09-26T01:40:35.758161Z DEBUG netbaiot_transports::business_rpc::v3: business RPC V3 body entered scheduler stream_id=798 class=Rpc body_bytes=198
2026-09-26T01:40:35.758166Z DEBUG netbaiot_transports::business_rpc::v3: business RPC V3 selected frame stream_id=798 frame_type=Open payload_bytes=158
2026-09-26T01:40:35.758171Z DEBUG netbaiot_transports::business_rpc::v3: business RPC V3 writer completed frame stream_id=798 frame_type=Open payload_bytes=158
2026-09-26T01:40:35.758174Z DEBUG netbaiot_transports::business_rpc::v3: business RPC V3 selected frame stream_id=798 frame_type=Data payload_bytes=198
2026-09-26T01:40:35.758177Z DEBUG netbaiot_transports::business_rpc::v3: business RPC V3 writer completed frame stream_id=798 frame_type=Data payload_bytes=198
2026-09-26T01:40:35.784702Z DEBUG netbaiot_transports::business_rpc::v3: business RPC V3 received frame stream_id=0 frame_type=WindowUpdate payload_bytes=4
2026-09-26T01:40:35.784717Z DEBUG netbaiot_transports::business_rpc::v3: business RPC V3 received frame stream_id=0 frame_type=WindowUpdate payload_bytes=4
2026-09-26T01:40:35.784722Z DEBUG netbaiot_transports::business_rpc::v3: business RPC V3 received frame stream_id=784 frame_type=Response payload_bytes=35
2026-09-26T01:40:35.784731Z DEBUG netbaiot_transports::business_rpc::v3: business RPC V3 received frame stream_id=784 frame_type=Data payload_bytes=216
2026-09-26T01:40:35.784747Z DEBUG netbaiot_transports::business_rpc::v3: business RPC V3 received frame stream_id=782 frame_type=Response payload_bytes=35
2026-09-26T01:40:35.784755Z DEBUG netbaiot_transports::business_rpc::v3: business RPC V3 received frame stream_id=782 frame_type=Data payload_bytes=216
2026-09-26T01:40:35.784757Z DEBUG netbaiot_transports::business_rpc::v3: business RPC V3 selected frame stream_id=0 frame_type=WindowUpdate payload_bytes=4
2026-09-26T01:40:35.784767Z DEBUG netbaiot_transports::business_rpc::v3: business RPC V3 received frame stream_id=0 frame_type=Ping payload_bytes=8
2026-09-26T01:40:35.784782Z DEBUG netbaiot_transports::business_rpc::v3: business RPC V3 writer completed frame stream_id=0 frame_type=WindowUpdate payload_bytes=4
2026-09-26T01:40:35.784798Z DEBUG netbaiot_transports::business_rpc::v3: business RPC V3 selected frame stream_id=0 frame_type=WindowUpdate payload_bytes=4
2026-09-26T01:40:35.784806Z DEBUG netbaiot_transports::business_rpc::v3: business RPC V3 writer completed frame stream_id=0 frame_type=WindowUpdate payload_bytes=4
2026-09-26T01:40:35.784814Z DEBUG netbaiot_transports::business_rpc::v3: business RPC V3 selected frame stream_id=0 frame_type=Pong payload_bytes=8
2026-09-26T01:40:35.784820Z DEBUG netbaiot_transports::business_rpc::v3: business RPC V3 writer completed frame stream_id=0 frame_type=Pong payload_bytes=8
2026-09-26T01:40:35.785094Z DEBUG netbaiot_transports::business_rpc::v3: business RPC V3 body entered scheduler stream_id=800 class=Rpc body_bytes=198
2026-09-26T01:40:35.785103Z DEBUG netbaiot_transports::business_rpc::v3: business RPC V3 selected frame stream_id=800 frame_type=Open payload_bytes=158
2026-09-26T01:40:35.785111Z DEBUG netbaiot_transports::business_rpc::v3: business RPC V3 writer completed frame stream_id=800 frame_type=Open payload_bytes=158
2026-09-26T01:40:35.785116Z DEBUG netbaiot_transports::business_rpc::v3: business RPC V3 selected frame stream_id=800 frame_type=Data payload_bytes=198
2026-09-26T01:40:35.785121Z DEBUG netbaiot_transports::business_rpc::v3: business RPC V3 writer completed frame stream_id=800 frame_type=Data payload_bytes=198
2026-09-26T01:40:35.785124Z DEBUG netbaiot_transports::business_rpc::v3: business RPC V3 body entered scheduler stream_id=802 class=Rpc body_bytes=198
2026-09-26T01:40:35.785127Z DEBUG netbaiot_transports::business_rpc::v3: business RPC V3 selected frame stream_id=802 frame_type=Open payload_bytes=158
2026-09-26T01:40:35.785132Z DEBUG netbaiot_transports::business_rpc::v3: business RPC V3 writer completed frame stream_id=802 frame_type=Open payload_bytes=158
2026-09-26T01:40:35.785136Z DEBUG netbaiot_transports::business_rpc::v3: business RPC V3 selected frame stream_id=802 frame_type=Data payload_bytes=198
2026-09-26T01:40:35.785145Z DEBUG netbaiot_transports::business_rpc::v3: business RPC V3 writer completed frame stream_id=802 frame_type=Data payload_bytes=198
2026-09-26T01:40:35.816139Z DEBUG netbaiot_transports::business_rpc::v3: business RPC V3 body entered scheduler stream_id=804 class=Rpc body_bytes=198
2026-09-26T01:40:35.816163Z DEBUG netbaiot_transports::business_rpc::v3: business RPC V3 selected frame stream_id=804 frame_type=Open payload_bytes=158
2026-09-26T01:40:35.816172Z DEBUG netbaiot_transports::business_rpc::v3: business RPC V3 writer completed frame stream_id=804 frame_type=Open payload_bytes=158
2026-09-26T01:40:35.816176Z DEBUG netbaiot_transports::business_rpc::v3: business RPC V3 selected frame stream_id=804 frame_type=Data payload_bytes=198
2026-09-26T01:40:35.816180Z DEBUG netbaiot_transports::business_rpc::v3: business RPC V3 writer completed frame stream_id=804 frame_type=Data payload_bytes=198
2026-09-26T01:40:35.880472Z DEBUG netbaiot_transports::business_rpc::v3: business RPC V3 received frame stream_id=0 frame_type=WindowUpdate payload_bytes=4
2026-09-26T01:40:35.880499Z DEBUG netbaiot_transports::business_rpc::v3: business RPC V3 received frame stream_id=0 frame_type=WindowUpdate payload_bytes=4
2026-09-26T01:40:35.880503Z DEBUG netbaiot_transports::business_rpc::v3: business RPC V3 received frame stream_id=0 frame_type=WindowUpdate payload_bytes=4
2026-09-26T01:40:35.880506Z DEBUG netbaiot_transports::business_rpc::v3: business RPC V3 received frame stream_id=0 frame_type=WindowUpdate payload_bytes=4
2026-09-26T01:40:35.880527Z DEBUG netbaiot_transports::business_rpc::v3: business RPC V3 received frame stream_id=0 frame_type=WindowUpdate payload_bytes=4
2026-09-26T01:40:35.880529Z DEBUG netbaiot_transports::business_rpc::v3: business RPC V3 received frame stream_id=0 frame_type=WindowUpdate payload_bytes=4
2026-09-26T01:40:35.880531Z DEBUG netbaiot_transports::business_rpc::v3: business RPC V3 received frame stream_id=0 frame_type=WindowUpdate payload_bytes=4
2026-09-26T01:40:35.880533Z DEBUG netbaiot_transports::business_rpc::v3: business RPC V3 received frame stream_id=798 frame_type=Response payload_bytes=35
2026-09-26T01:40:35.880538Z DEBUG netbaiot_transports::business_rpc::v3: business RPC V3 received frame stream_id=798 frame_type=Data payload_bytes=216
2026-09-26T01:40:35.880553Z DEBUG netbaiot_transports::business_rpc::v3: business RPC V3 received frame stream_id=788 frame_type=Response payload_bytes=35
2026-09-26T01:40:35.880557Z DEBUG netbaiot_transports::business_rpc::v3: business RPC V3 received frame stream_id=788 frame_type=Data payload_bytes=216
2026-09-26T01:40:35.880564Z DEBUG netbaiot_transports::business_rpc::v3: business RPC V3 received frame stream_id=794 frame_type=Response payload_bytes=35
2026-09-26T01:40:35.880563Z DEBUG netbaiot_transports::business_rpc::v3: business RPC V3 selected frame stream_id=0 frame_type=WindowUpdate payload_bytes=4
2026-09-26T01:40:35.880567Z DEBUG netbaiot_transports::business_rpc::v3: business RPC V3 received frame stream_id=796 frame_type=Response payload_bytes=35
2026-09-26T01:40:35.880581Z DEBUG netbaiot_transports::business_rpc::v3: business RPC V3 received frame stream_id=786 frame_type=Response payload_bytes=35
2026-09-26T01:40:35.880583Z DEBUG netbaiot_transports::business_rpc::v3: business RPC V3 writer completed frame stream_id=0 frame_type=WindowUpdate payload_bytes=4
2026-09-26T01:40:35.880588Z DEBUG netbaiot_transports::business_rpc::v3: business RPC V3 selected frame stream_id=0 frame_type=WindowUpdate payload_bytes=4
2026-09-26T01:40:35.880583Z DEBUG netbaiot_transports::business_rpc::v3: business RPC V3 received frame stream_id=794 frame_type=Data payload_bytes=216
2026-09-26T01:40:35.880592Z DEBUG netbaiot_transports::business_rpc::v3: business RPC V3 writer completed frame stream_id=0 frame_type=WindowUpdate payload_bytes=4
2026-09-26T01:40:35.880606Z DEBUG netbaiot_transports::business_rpc::v3: business RPC V3 selected frame stream_id=0 frame_type=WindowUpdate payload_bytes=4
2026-09-26T01:40:35.880615Z DEBUG netbaiot_transports::business_rpc::v3: business RPC V3 writer completed frame stream_id=0 frame_type=WindowUpdate payload_bytes=4
2026-09-26T01:40:35.880606Z DEBUG netbaiot_transports::business_rpc::v3: business RPC V3 received frame stream_id=796 frame_type=Data payload_bytes=216
2026-09-26T01:40:35.880710Z DEBUG netbaiot_transports::business_rpc::v3: business RPC V3 selected frame stream_id=0 frame_type=WindowUpdate payload_bytes=4
2026-09-26T01:40:35.880709Z DEBUG netbaiot_transports::business_rpc::v3: business RPC V3 received frame stream_id=792 frame_type=Response payload_bytes=35
2026-09-26T01:40:35.880745Z DEBUG netbaiot_transports::business_rpc::v3: business RPC V3 received frame stream_id=786 frame_type=Data payload_bytes=216
2026-09-26T01:40:35.880719Z DEBUG netbaiot_transports::business_rpc::v3: business RPC V3 writer completed frame stream_id=0 frame_type=WindowUpdate payload_bytes=4
2026-09-26T01:40:35.880771Z DEBUG netbaiot_transports::business_rpc::v3: business RPC V3 received frame stream_id=790 frame_type=Response payload_bytes=35
2026-09-26T01:40:35.880794Z DEBUG netbaiot_transports::business_rpc::v3: business RPC V3 received frame stream_id=792 frame_type=Data payload_bytes=216
2026-09-26T01:40:35.880792Z DEBUG netbaiot_transports::business_rpc::v3: business RPC V3 selected frame stream_id=0 frame_type=WindowUpdate payload_bytes=4
2026-09-26T01:40:35.880805Z DEBUG netbaiot_transports::business_rpc::v3: business RPC V3 received frame stream_id=790 frame_type=Data payload_bytes=216
2026-09-26T01:40:35.880825Z DEBUG netbaiot_transports::business_rpc::v3: business RPC V3 writer completed frame stream_id=0 frame_type=WindowUpdate payload_bytes=4
2026-09-26T01:40:35.880840Z DEBUG netbaiot_transports::business_rpc::v3: business RPC V3 selected frame stream_id=0 frame_type=WindowUpdate payload_bytes=4
2026-09-26T01:40:35.880846Z DEBUG netbaiot_transports::business_rpc::v3: business RPC V3 writer completed frame stream_id=0 frame_type=WindowUpdate payload_bytes=4
2026-09-26T01:40:35.880849Z DEBUG netbaiot_transports::business_rpc::v3: business RPC V3 selected frame stream_id=0 frame_type=WindowUpdate payload_bytes=4
2026-09-26T01:40:35.880854Z DEBUG netbaiot_transports::business_rpc::v3: business RPC V3 writer completed frame stream_id=0 frame_type=WindowUpdate payload_bytes=4
2026-09-26T01:40:35.880992Z DEBUG netbaiot_transports::business_rpc::v3: business RPC V3 body entered scheduler stream_id=806 class=Rpc body_bytes=198
2026-09-26T01:40:35.880996Z DEBUG netbaiot_transports::business_rpc::v3: business RPC V3 selected frame stream_id=806 frame_type=Open payload_bytes=158
2026-09-26T01:40:35.881000Z DEBUG netbaiot_transports::business_rpc::v3: business RPC V3 writer completed frame stream_id=806 frame_type=Open payload_bytes=158
2026-09-26T01:40:35.881002Z DEBUG netbaiot_transports::business_rpc::v3: business RPC V3 selected frame stream_id=806 frame_type=Data payload_bytes=198
2026-09-26T01:40:35.881006Z DEBUG netbaiot_transports::business_rpc::v3: business RPC V3 writer completed frame stream_id=806 frame_type=Data payload_bytes=198
2026-09-26T01:40:35.881070Z DEBUG netbaiot_transports::business_rpc::v3: business RPC V3 body entered scheduler stream_id=808 class=Rpc body_bytes=198
2026-09-26T01:40:35.881073Z DEBUG netbaiot_transports::business_rpc::v3: business RPC V3 selected frame stream_id=808 frame_type=Open payload_bytes=158
2026-09-26T01:40:35.881077Z DEBUG netbaiot_transports::business_rpc::v3: business RPC V3 writer completed frame stream_id=808 frame_type=Open payload_bytes=158
2026-09-26T01:40:35.881079Z DEBUG netbaiot_transports::business_rpc::v3: business RPC V3 selected frame stream_id=808 frame_type=Data payload_bytes=198
2026-09-26T01:40:35.881082Z DEBUG netbaiot_transports::business_rpc::v3: business RPC V3 writer completed frame stream_id=808 frame_type=Data payload_bytes=198
2026-09-26T01:40:35.881175Z DEBUG netbaiot_transports::business_rpc::v3: business RPC V3 body entered scheduler stream_id=810 class=Rpc body_bytes=198
2026-09-26T01:40:35.881180Z DEBUG netbaiot_transports::business_rpc::v3: business RPC V3 selected frame stream_id=810 frame_type=Open payload_bytes=158
2026-09-26T01:40:35.881184Z DEBUG netbaiot_transports::business_rpc::v3: business RPC V3 writer completed frame stream_id=810 frame_type=Open payload_bytes=158
2026-09-26T01:40:35.881187Z DEBUG netbaiot_transports::business_rpc::v3: business RPC V3 selected frame stream_id=810 frame_type=Data payload_bytes=198
2026-09-26T01:40:35.881191Z DEBUG netbaiot_transports::business_rpc::v3: business RPC V3 writer completed frame stream_id=810 frame_type=Data payload_bytes=198
2026-09-26T01:40:35.881280Z DEBUG netbaiot_transports::business_rpc::v3: business RPC V3 body entered scheduler stream_id=812 class=Rpc body_bytes=198
2026-09-26T01:40:35.881285Z DEBUG netbaiot_transports::business_rpc::v3: business RPC V3 selected frame stream_id=812 frame_type=Open payload_bytes=158
2026-09-26T01:40:35.881291Z DEBUG netbaiot_transports::business_rpc::v3: business RPC V3 writer completed frame stream_id=812 frame_type=Open payload_bytes=158
2026-09-26T01:40:35.881294Z DEBUG netbaiot_transports::business_rpc::v3: business RPC V3 selected frame stream_id=812 frame_type=Data payload_bytes=198
2026-09-26T01:40:35.881298Z DEBUG netbaiot_transports::business_rpc::v3: business RPC V3 writer completed frame stream_id=812 frame_type=Data payload_bytes=198
2026-09-26T01:40:35.881312Z DEBUG netbaiot_transports::business_rpc::v3: business RPC V3 body entered scheduler stream_id=814 class=Rpc body_bytes=198
2026-09-26T01:40:35.881317Z DEBUG netbaiot_transports::business_rpc::v3: business RPC V3 selected frame stream_id=814 frame_type=Open payload_bytes=158
2026-09-26T01:40:35.881325Z DEBUG netbaiot_transports::business_rpc::v3: business RPC V3 writer completed frame stream_id=814 frame_type=Open payload_bytes=158
2026-09-26T01:40:35.881327Z DEBUG netbaiot_transports::business_rpc::v3: business RPC V3 selected frame stream_id=814 frame_type=Data payload_bytes=198
2026-09-26T01:40:35.881330Z DEBUG netbaiot_transports::business_rpc::v3: business RPC V3 writer completed frame stream_id=814 frame_type=Data payload_bytes=198
2026-09-26T01:40:35.881342Z DEBUG netbaiot_transports::business_rpc::v3: business RPC V3 body entered scheduler stream_id=816 class=Rpc body_bytes=198
2026-09-26T01:40:35.881346Z DEBUG netbaiot_transports::business_rpc::v3: business RPC V3 body entered scheduler stream_id=818 class=Rpc body_bytes=198
2026-09-26T01:40:35.881348Z DEBUG netbaiot_transports::business_rpc::v3: business RPC V3 selected frame stream_id=816 frame_type=Open payload_bytes=158
2026-09-26T01:40:35.881356Z DEBUG netbaiot_transports::business_rpc::v3: business RPC V3 writer completed frame stream_id=816 frame_type=Open payload_bytes=158
2026-09-26T01:40:35.881359Z DEBUG netbaiot_transports::business_rpc::v3: business RPC V3 selected frame stream_id=818 frame_type=Open payload_bytes=158
2026-09-26T01:40:35.881362Z DEBUG netbaiot_transports::business_rpc::v3: business RPC V3 writer completed frame stream_id=818 frame_type=Open payload_bytes=158
2026-09-26T01:40:35.881365Z DEBUG netbaiot_transports::business_rpc::v3: business RPC V3 selected frame stream_id=816 frame_type=Data payload_bytes=198
2026-09-26T01:40:35.881368Z DEBUG netbaiot_transports::business_rpc::v3: business RPC V3 writer completed frame stream_id=816 frame_type=Data payload_bytes=198
2026-09-26T01:40:35.881371Z DEBUG netbaiot_transports::business_rpc::v3: business RPC V3 selected frame stream_id=818 frame_type=Data payload_bytes=198
2026-09-26T01:40:35.881374Z DEBUG netbaiot_transports::business_rpc::v3: business RPC V3 writer completed frame stream_id=818 frame_type=Data payload_bytes=198
2026-09-26T01:40:35.909238Z DEBUG netbaiot_transports::business_rpc::v3: business RPC V3 received frame stream_id=0 frame_type=WindowUpdate payload_bytes=4
2026-09-26T01:40:35.909249Z DEBUG netbaiot_transports::business_rpc::v3: business RPC V3 received frame stream_id=0 frame_type=WindowUpdate payload_bytes=4
2026-09-26T01:40:35.909252Z DEBUG netbaiot_transports::business_rpc::v3: business RPC V3 received frame stream_id=0 frame_type=WindowUpdate payload_bytes=4
2026-09-26T01:40:35.909254Z DEBUG netbaiot_transports::business_rpc::v3: business RPC V3 received frame stream_id=804 frame_type=Response payload_bytes=35
2026-09-26T01:40:35.909259Z DEBUG netbaiot_transports::business_rpc::v3: business RPC V3 received frame stream_id=804 frame_type=Data payload_bytes=216
2026-09-26T01:40:35.909274Z DEBUG netbaiot_transports::business_rpc::v3: business RPC V3 received frame stream_id=800 frame_type=Response payload_bytes=35
2026-09-26T01:40:35.909276Z DEBUG netbaiot_transports::business_rpc::v3: business RPC V3 received frame stream_id=802 frame_type=Response payload_bytes=35
2026-09-26T01:40:35.909279Z DEBUG netbaiot_transports::business_rpc::v3: business RPC V3 received frame stream_id=800 frame_type=Data payload_bytes=216
2026-09-26T01:40:35.909282Z DEBUG netbaiot_transports::business_rpc::v3: business RPC V3 selected frame stream_id=0 frame_type=WindowUpdate payload_bytes=4
2026-09-26T01:40:35.909285Z DEBUG netbaiot_transports::business_rpc::v3: business RPC V3 received frame stream_id=802 frame_type=Data payload_bytes=216
2026-09-26T01:40:35.909293Z DEBUG netbaiot_transports::business_rpc::v3: business RPC V3 writer completed frame stream_id=0 frame_type=WindowUpdate payload_bytes=4
2026-09-26T01:40:35.909296Z DEBUG netbaiot_transports::business_rpc::v3: business RPC V3 selected frame stream_id=0 frame_type=WindowUpdate payload_bytes=4
2026-09-26T01:40:35.909300Z DEBUG netbaiot_transports::business_rpc::v3: business RPC V3 writer completed frame stream_id=0 frame_type=WindowUpdate payload_bytes=4
2026-09-26T01:40:35.909303Z DEBUG netbaiot_transports::business_rpc::v3: business RPC V3 selected frame stream_id=0 frame_type=WindowUpdate payload_bytes=4
2026-09-26T01:40:35.909307Z DEBUG netbaiot_transports::business_rpc::v3: business RPC V3 writer completed frame stream_id=0 frame_type=WindowUpdate payload_bytes=4
2026-09-26T01:40:36.003256Z DEBUG netbaiot_transports::business_rpc::v3: business RPC V3 received frame stream_id=0 frame_type=WindowUpdate payload_bytes=4
2026-09-26T01:40:36.003280Z DEBUG netbaiot_transports::business_rpc::v3: business RPC V3 received frame stream_id=0 frame_type=WindowUpdate payload_bytes=4
2026-09-26T01:40:36.003283Z DEBUG netbaiot_transports::business_rpc::v3: business RPC V3 received frame stream_id=0 frame_type=WindowUpdate payload_bytes=4
2026-09-26T01:40:36.003286Z DEBUG netbaiot_transports::business_rpc::v3: business RPC V3 received frame stream_id=0 frame_type=WindowUpdate payload_bytes=4
2026-09-26T01:40:36.003288Z DEBUG netbaiot_transports::business_rpc::v3: business RPC V3 received frame stream_id=0 frame_type=WindowUpdate payload_bytes=4
2026-09-26T01:40:36.003290Z DEBUG netbaiot_transports::business_rpc::v3: business RPC V3 received frame stream_id=0 frame_type=WindowUpdate payload_bytes=4
2026-09-26T01:40:36.003292Z DEBUG netbaiot_transports::business_rpc::v3: business RPC V3 received frame stream_id=0 frame_type=WindowUpdate payload_bytes=4
2026-09-26T01:40:36.003294Z DEBUG netbaiot_transports::business_rpc::v3: business RPC V3 received frame stream_id=818 frame_type=Response payload_bytes=35
2026-09-26T01:40:36.003299Z DEBUG netbaiot_transports::business_rpc::v3: business RPC V3 received frame stream_id=806 frame_type=Response payload_bytes=35
2026-09-26T01:40:36.003301Z DEBUG netbaiot_transports::business_rpc::v3: business RPC V3 received frame stream_id=818 frame_type=Data payload_bytes=216
2026-09-26T01:40:36.003317Z DEBUG netbaiot_transports::business_rpc::v3: business RPC V3 received frame stream_id=806 frame_type=Data payload_bytes=216
2026-09-26T01:40:36.003324Z DEBUG netbaiot_transports::business_rpc::v3: business RPC V3 received frame stream_id=812 frame_type=Response payload_bytes=35
2026-09-26T01:40:36.003327Z DEBUG netbaiot_transports::business_rpc::v3: business RPC V3 received frame stream_id=808 frame_type=Response payload_bytes=35
2026-09-26T01:40:36.003332Z DEBUG netbaiot_transports::business_rpc::v3: business RPC V3 received frame stream_id=814 frame_type=Response payload_bytes=35
2026-09-26T01:40:36.003336Z DEBUG netbaiot_transports::business_rpc::v3: business RPC V3 received frame stream_id=810 frame_type=Response payload_bytes=35
2026-09-26T01:40:36.003339Z DEBUG netbaiot_transports::business_rpc::v3: business RPC V3 received frame stream_id=812 frame_type=Data payload_bytes=216
2026-09-26T01:40:36.003327Z DEBUG netbaiot_transports::business_rpc::v3: business RPC V3 selected frame stream_id=0 frame_type=WindowUpdate payload_bytes=4
2026-09-26T01:40:36.003362Z DEBUG netbaiot_transports::business_rpc::v3: business RPC V3 writer completed frame stream_id=0 frame_type=WindowUpdate payload_bytes=4
2026-09-26T01:40:36.003366Z DEBUG netbaiot_transports::business_rpc::v3: business RPC V3 selected frame stream_id=0 frame_type=WindowUpdate payload_bytes=4
2026-09-26T01:40:36.003370Z DEBUG netbaiot_transports::business_rpc::v3: business RPC V3 writer completed frame stream_id=0 frame_type=WindowUpdate payload_bytes=4
2026-09-26T01:40:36.003348Z DEBUG netbaiot_transports::business_rpc::v3: business RPC V3 received frame stream_id=816 frame_type=Response payload_bytes=35
2026-09-26T01:40:36.003411Z DEBUG netbaiot_transports::business_rpc::v3: business RPC V3 received frame stream_id=808 frame_type=Data payload_bytes=216
2026-09-26T01:40:36.003418Z DEBUG netbaiot_transports::business_rpc::v3: business RPC V3 received frame stream_id=814 frame_type=Data payload_bytes=216
2026-09-26T01:40:36.003377Z DEBUG netbaiot_transports::business_rpc::v3: business RPC V3 selected frame stream_id=0 frame_type=WindowUpdate payload_bytes=4
2026-09-26T01:40:36.003424Z DEBUG netbaiot_transports::business_rpc::v3: business RPC V3 received frame stream_id=810 frame_type=Data payload_bytes=216
2026-09-26T01:40:36.003464Z DEBUG netbaiot_transports::business_rpc::v3: business RPC V3 writer completed frame stream_id=0 frame_type=WindowUpdate payload_bytes=4
2026-09-26T01:40:36.003494Z DEBUG netbaiot_transports::business_rpc::v3: business RPC V3 selected frame stream_id=0 frame_type=WindowUpdate payload_bytes=4
2026-09-26T01:40:36.003498Z DEBUG netbaiot_transports::business_rpc::v3: business RPC V3 writer completed frame stream_id=0 frame_type=WindowUpdate payload_bytes=4
2026-09-26T01:40:36.003500Z DEBUG netbaiot_transports::business_rpc::v3: business RPC V3 selected frame stream_id=0 frame_type=WindowUpdate payload_bytes=4
2026-09-26T01:40:36.003503Z DEBUG netbaiot_transports::business_rpc::v3: business RPC V3 writer completed frame stream_id=0 frame_type=WindowUpdate payload_bytes=4
2026-09-26T01:40:36.003506Z DEBUG netbaiot_transports::business_rpc::v3: business RPC V3 selected frame stream_id=0 frame_type=WindowUpdate payload_bytes=4
2026-09-26T01:40:36.003509Z DEBUG netbaiot_transports::business_rpc::v3: business RPC V3 writer completed frame stream_id=0 frame_type=WindowUpdate payload_bytes=4
2026-09-26T01:40:36.003507Z DEBUG netbaiot_transports::business_rpc::v3: business RPC V3 received frame stream_id=816 frame_type=Data payload_bytes=216
2026-09-26T01:40:36.003545Z DEBUG netbaiot_transports::business_rpc::v3: business RPC V3 selected frame stream_id=0 frame_type=WindowUpdate payload_bytes=4
2026-09-26T01:40:36.003554Z DEBUG netbaiot_transports::business_rpc::v3: business RPC V3 writer completed frame stream_id=0 frame_type=WindowUpdate payload_bytes=4
2026-09-26T01:40:36.045191Z DEBUG netbaiot_transports::business_rpc::v3: business RPC V3 body entered scheduler stream_id=820 class=Event body_bytes=17366
2026-09-26T01:40:36.045215Z DEBUG netbaiot_transports::business_rpc::v3: business RPC V3 selected frame stream_id=820 frame_type=Open payload_bytes=184
2026-09-26T01:40:36.045225Z DEBUG netbaiot_transports::business_rpc::v3: business RPC V3 writer completed frame stream_id=820 frame_type=Open payload_bytes=184
2026-09-26T01:40:36.045229Z DEBUG netbaiot_transports::business_rpc::v3: business RPC V3 selected frame stream_id=820 frame_type=Data payload_bytes=8192
2026-09-26T01:40:36.045235Z DEBUG netbaiot_transports::business_rpc::v3: business RPC V3 writer completed frame stream_id=820 frame_type=Data payload_bytes=8192
2026-09-26T01:40:36.045239Z DEBUG netbaiot_transports::business_rpc::v3: business RPC V3 selected frame stream_id=820 frame_type=Data payload_bytes=8192
2026-09-26T01:40:36.045246Z DEBUG netbaiot_transports::business_rpc::v3: business RPC V3 writer completed frame stream_id=820 frame_type=Data payload_bytes=8192
2026-09-26T01:40:36.045250Z DEBUG netbaiot_transports::business_rpc::v3: business RPC V3 selected frame stream_id=820 frame_type=Data payload_bytes=982
2026-09-26T01:40:36.045255Z DEBUG netbaiot_transports::business_rpc::v3: business RPC V3 writer completed frame stream_id=820 frame_type=Data payload_bytes=982
2026-09-26T01:40:36.198218Z DEBUG netbaiot_transports::business_rpc::v3: business RPC V3 received frame stream_id=0 frame_type=WindowUpdate payload_bytes=4
2026-09-26T01:40:36.198245Z DEBUG netbaiot_transports::business_rpc::v3: business RPC V3 received frame stream_id=820 frame_type=WindowUpdate payload_bytes=4
2026-09-26T01:40:36.225270Z DEBUG netbaiot_transports::business_rpc::v3: business RPC V3 received frame stream_id=0 frame_type=WindowUpdate payload_bytes=4
2026-09-26T01:40:36.225299Z DEBUG netbaiot_transports::business_rpc::v3: business RPC V3 received frame stream_id=820 frame_type=WindowUpdate payload_bytes=4
2026-09-26T01:40:36.225302Z DEBUG netbaiot_transports::business_rpc::v3: business RPC V3 received frame stream_id=0 frame_type=WindowUpdate payload_bytes=4
2026-09-26T01:40:36.225305Z DEBUG netbaiot_transports::business_rpc::v3: business RPC V3 received frame stream_id=820 frame_type=Response payload_bytes=35
2026-09-26T01:40:36.225312Z DEBUG netbaiot_transports::business_rpc::v3: business RPC V3 received frame stream_id=820 frame_type=Data payload_bytes=118
2026-09-26T01:40:36.225318Z DEBUG netbaiot_transports::business_rpc::v3: business RPC V3 Event delivery acknowledged stream_id=820 completion_us=180133
2026-09-26T01:40:36.225334Z DEBUG netbaiot_transports::business_rpc::v3: business RPC V3 selected frame stream_id=0 frame_type=WindowUpdate payload_bytes=4
2026-09-26T01:40:36.225351Z DEBUG netbaiot_transports::business_rpc::v3: business RPC V3 writer completed frame stream_id=0 frame_type=WindowUpdate payload_bytes=4
2026-09-26T01:40:36.490707Z DEBUG netbaiot_transports::business_rpc::v3: business RPC V3 body entered scheduler stream_id=822 class=Rpc body_bytes=198
2026-09-26T01:40:36.490737Z DEBUG netbaiot_transports::business_rpc::v3: business RPC V3 selected frame stream_id=822 frame_type=Open payload_bytes=158
2026-09-26T01:40:36.490747Z DEBUG netbaiot_transports::business_rpc::v3: business RPC V3 writer completed frame stream_id=822 frame_type=Open payload_bytes=158
2026-09-26T01:40:36.490752Z DEBUG netbaiot_transports::business_rpc::v3: business RPC V3 selected frame stream_id=822 frame_type=Data payload_bytes=198
2026-09-26T01:40:36.490756Z DEBUG netbaiot_transports::business_rpc::v3: business RPC V3 writer completed frame stream_id=822 frame_type=Data payload_bytes=198
2026-09-26T01:40:36.510631Z DEBUG netbaiot_transports::business_rpc::v3: business RPC V3 body entered scheduler stream_id=824 class=Rpc body_bytes=198
2026-09-26T01:40:36.510652Z DEBUG netbaiot_transports::business_rpc::v3: business RPC V3 selected frame stream_id=824 frame_type=Open payload_bytes=158
2026-09-26T01:40:36.510661Z DEBUG netbaiot_transports::business_rpc::v3: business RPC V3 writer completed frame stream_id=824 frame_type=Open payload_bytes=158
2026-09-26T01:40:36.510665Z DEBUG netbaiot_transports::business_rpc::v3: business RPC V3 selected frame stream_id=824 frame_type=Data payload_bytes=198
2026-09-26T01:40:36.510668Z DEBUG netbaiot_transports::business_rpc::v3: business RPC V3 writer completed frame stream_id=824 frame_type=Data payload_bytes=198
2026-09-26T01:40:36.545266Z DEBUG netbaiot_transports::business_rpc::v3: business RPC V3 body entered scheduler stream_id=826 class=Event body_bytes=17366
2026-09-26T01:40:36.545287Z DEBUG netbaiot_transports::business_rpc::v3: business RPC V3 selected frame stream_id=826 frame_type=Open payload_bytes=184
2026-09-26T01:40:36.545298Z DEBUG netbaiot_transports::business_rpc::v3: business RPC V3 writer completed frame stream_id=826 frame_type=Open payload_bytes=184
2026-09-26T01:40:36.545302Z DEBUG netbaiot_transports::business_rpc::v3: business RPC V3 selected frame stream_id=826 frame_type=Data payload_bytes=8192
2026-09-26T01:40:36.545308Z DEBUG netbaiot_transports::business_rpc::v3: business RPC V3 writer completed frame stream_id=826 frame_type=Data payload_bytes=8192
2026-09-26T01:40:36.545310Z DEBUG netbaiot_transports::business_rpc::v3: business RPC V3 selected frame stream_id=826 frame_type=Data payload_bytes=8192
2026-09-26T01:40:36.545318Z DEBUG netbaiot_transports::business_rpc::v3: business RPC V3 writer completed frame stream_id=826 frame_type=Data payload_bytes=8192
2026-09-26T01:40:36.545320Z DEBUG netbaiot_transports::business_rpc::v3: business RPC V3 selected frame stream_id=826 frame_type=Data payload_bytes=982
2026-09-26T01:40:36.545325Z DEBUG netbaiot_transports::business_rpc::v3: business RPC V3 writer completed frame stream_id=826 frame_type=Data payload_bytes=982
2026-09-26T01:40:36.574227Z DEBUG netbaiot_transports::business_rpc::v3: business RPC V3 received frame stream_id=0 frame_type=WindowUpdate payload_bytes=4
2026-09-26T01:40:36.574260Z DEBUG netbaiot_transports::business_rpc::v3: business RPC V3 received frame stream_id=0 frame_type=WindowUpdate payload_bytes=4
2026-09-26T01:40:36.574265Z DEBUG netbaiot_transports::business_rpc::v3: business RPC V3 received frame stream_id=824 frame_type=Response payload_bytes=35
2026-09-26T01:40:36.574271Z DEBUG netbaiot_transports::business_rpc::v3: business RPC V3 received frame stream_id=824 frame_type=Data payload_bytes=216
2026-09-26T01:40:36.574292Z DEBUG netbaiot_transports::business_rpc::v3: business RPC V3 received frame stream_id=822 frame_type=Response payload_bytes=35
2026-09-26T01:40:36.574296Z DEBUG netbaiot_transports::business_rpc::v3: business RPC V3 received frame stream_id=822 frame_type=Data payload_bytes=216
2026-09-26T01:40:36.574308Z DEBUG netbaiot_transports::business_rpc::v3: business RPC V3 selected frame stream_id=0 frame_type=WindowUpdate payload_bytes=4
2026-09-26T01:40:36.574354Z DEBUG netbaiot_transports::business_rpc::v3: business RPC V3 writer completed frame stream_id=0 frame_type=WindowUpdate payload_bytes=4
2026-09-26T01:40:36.574371Z DEBUG netbaiot_transports::business_rpc::v3: business RPC V3 selected frame stream_id=0 frame_type=WindowUpdate payload_bytes=4
2026-09-26T01:40:36.574381Z DEBUG netbaiot_transports::business_rpc::v3: business RPC V3 writer completed frame stream_id=0 frame_type=WindowUpdate payload_bytes=4
2026-09-26T01:40:36.574712Z DEBUG netbaiot_transports::business_rpc::v3: business RPC V3 body entered scheduler stream_id=828 class=Rpc body_bytes=198
2026-09-26T01:40:36.574719Z DEBUG netbaiot_transports::business_rpc::v3: business RPC V3 selected frame stream_id=828 frame_type=Open payload_bytes=158
2026-09-26T01:40:36.574725Z DEBUG netbaiot_transports::business_rpc::v3: business RPC V3 writer completed frame stream_id=828 frame_type=Open payload_bytes=158
2026-09-26T01:40:36.574728Z DEBUG netbaiot_transports::business_rpc::v3: business RPC V3 selected frame stream_id=828 frame_type=Data payload_bytes=198
2026-09-26T01:40:36.574731Z DEBUG netbaiot_transports::business_rpc::v3: business RPC V3 writer completed frame stream_id=828 frame_type=Data payload_bytes=198
2026-09-26T01:40:36.574770Z DEBUG netbaiot_transports::business_rpc::v3: business RPC V3 body entered scheduler stream_id=830 class=Rpc body_bytes=198
2026-09-26T01:40:36.574773Z DEBUG netbaiot_transports::business_rpc::v3: business RPC V3 selected frame stream_id=830 frame_type=Open payload_bytes=158
2026-09-26T01:40:36.574777Z DEBUG netbaiot_transports::business_rpc::v3: business RPC V3 writer completed frame stream_id=830 frame_type=Open payload_bytes=158
2026-09-26T01:40:36.574779Z DEBUG netbaiot_transports::business_rpc::v3: business RPC V3 selected frame stream_id=830 frame_type=Data payload_bytes=198
2026-09-26T01:40:36.574782Z DEBUG netbaiot_transports::business_rpc::v3: business RPC V3 writer completed frame stream_id=830 frame_type=Data payload_bytes=198
2026-09-26T01:40:36.579434Z DEBUG netbaiot_transports::business_rpc::v3: business RPC V3 body entered scheduler stream_id=832 class=Rpc body_bytes=198
2026-09-26T01:40:36.579454Z DEBUG netbaiot_transports::business_rpc::v3: business RPC V3 selected frame stream_id=832 frame_type=Open payload_bytes=158
2026-09-26T01:40:36.579462Z DEBUG netbaiot_transports::business_rpc::v3: business RPC V3 writer completed frame stream_id=832 frame_type=Open payload_bytes=158
2026-09-26T01:40:36.579465Z DEBUG netbaiot_transports::business_rpc::v3: business RPC V3 selected frame stream_id=832 frame_type=Data payload_bytes=198
2026-09-26T01:40:36.579469Z DEBUG netbaiot_transports::business_rpc::v3: business RPC V3 writer completed frame stream_id=832 frame_type=Data payload_bytes=198
2026-09-26T01:40:36.622686Z DEBUG netbaiot_transports::business_rpc::v3: business RPC V3 body entered scheduler stream_id=834 class=Rpc body_bytes=198
2026-09-26T01:40:36.622706Z DEBUG netbaiot_transports::business_rpc::v3: business RPC V3 selected frame stream_id=834 frame_type=Open payload_bytes=158
2026-09-26T01:40:36.622721Z DEBUG netbaiot_transports::business_rpc::v3: business RPC V3 writer completed frame stream_id=834 frame_type=Open payload_bytes=158
2026-09-26T01:40:36.622725Z DEBUG netbaiot_transports::business_rpc::v3: business RPC V3 selected frame stream_id=834 frame_type=Data payload_bytes=198
2026-09-26T01:40:36.622729Z DEBUG netbaiot_transports::business_rpc::v3: business RPC V3 writer completed frame stream_id=834 frame_type=Data payload_bytes=198
2026-09-26T01:40:36.645895Z DEBUG netbaiot_transports::business_rpc::v3: business RPC V3 body entered scheduler stream_id=836 class=Rpc body_bytes=198
2026-09-26T01:40:36.645918Z DEBUG netbaiot_transports::business_rpc::v3: business RPC V3 selected frame stream_id=836 frame_type=Open payload_bytes=158
2026-09-26T01:40:36.645929Z DEBUG netbaiot_transports::business_rpc::v3: business RPC V3 writer completed frame stream_id=836 frame_type=Open payload_bytes=158
2026-09-26T01:40:36.645935Z DEBUG netbaiot_transports::business_rpc::v3: business RPC V3 selected frame stream_id=836 frame_type=Data payload_bytes=198
2026-09-26T01:40:36.645939Z DEBUG netbaiot_transports::business_rpc::v3: business RPC V3 writer completed frame stream_id=836 frame_type=Data payload_bytes=198
2026-09-26T01:40:36.661095Z DEBUG netbaiot_transports::business_rpc::v3: business RPC V3 received frame stream_id=0 frame_type=WindowUpdate payload_bytes=4
2026-09-26T01:40:36.661138Z DEBUG netbaiot_transports::business_rpc::v3: business RPC V3 received frame stream_id=826 frame_type=WindowUpdate payload_bytes=4
2026-09-26T01:40:36.675319Z DEBUG netbaiot_transports::business_rpc::v3: business RPC V3 body entered scheduler stream_id=838 class=Rpc body_bytes=198
2026-09-26T01:40:36.675337Z DEBUG netbaiot_transports::business_rpc::v3: business RPC V3 selected frame stream_id=838 frame_type=Open payload_bytes=158
2026-09-26T01:40:36.675347Z DEBUG netbaiot_transports::business_rpc::v3: business RPC V3 writer completed frame stream_id=838 frame_type=Open payload_bytes=158
2026-09-26T01:40:36.675351Z DEBUG netbaiot_transports::business_rpc::v3: business RPC V3 selected frame stream_id=838 frame_type=Data payload_bytes=198
2026-09-26T01:40:36.675355Z DEBUG netbaiot_transports::business_rpc::v3: business RPC V3 writer completed frame stream_id=838 frame_type=Data payload_bytes=198
2026-09-26T01:40:36.677736Z DEBUG netbaiot_transports::business_rpc::v3: business RPC V3 body entered scheduler stream_id=840 class=Rpc body_bytes=198
2026-09-26T01:40:36.677755Z DEBUG netbaiot_transports::business_rpc::v3: business RPC V3 selected frame stream_id=840 frame_type=Open payload_bytes=158
2026-09-26T01:40:36.677765Z DEBUG netbaiot_transports::business_rpc::v3: business RPC V3 writer completed frame stream_id=840 frame_type=Open payload_bytes=158
2026-09-26T01:40:36.677769Z DEBUG netbaiot_transports::business_rpc::v3: business RPC V3 selected frame stream_id=840 frame_type=Data payload_bytes=198
2026-09-26T01:40:36.677772Z DEBUG netbaiot_transports::business_rpc::v3: business RPC V3 writer completed frame stream_id=840 frame_type=Data payload_bytes=198
2026-09-26T01:40:36.701863Z DEBUG netbaiot_transports::business_rpc::v3: business RPC V3 received frame stream_id=0 frame_type=WindowUpdate payload_bytes=4
2026-09-26T01:40:36.701889Z DEBUG netbaiot_transports::business_rpc::v3: business RPC V3 received frame stream_id=826 frame_type=WindowUpdate payload_bytes=4
2026-09-26T01:40:36.701893Z DEBUG netbaiot_transports::business_rpc::v3: business RPC V3 received frame stream_id=0 frame_type=WindowUpdate payload_bytes=4
2026-09-26T01:40:36.701896Z DEBUG netbaiot_transports::business_rpc::v3: business RPC V3 received frame stream_id=0 frame_type=WindowUpdate payload_bytes=4
2026-09-26T01:40:36.701899Z DEBUG netbaiot_transports::business_rpc::v3: business RPC V3 received frame stream_id=0 frame_type=WindowUpdate payload_bytes=4
2026-09-26T01:40:36.701902Z DEBUG netbaiot_transports::business_rpc::v3: business RPC V3 received frame stream_id=0 frame_type=WindowUpdate payload_bytes=4
2026-09-26T01:40:36.701904Z DEBUG netbaiot_transports::business_rpc::v3: business RPC V3 received frame stream_id=0 frame_type=WindowUpdate payload_bytes=4
2026-09-26T01:40:36.701906Z DEBUG netbaiot_transports::business_rpc::v3: business RPC V3 received frame stream_id=834 frame_type=Response payload_bytes=35
2026-09-26T01:40:36.701911Z DEBUG netbaiot_transports::business_rpc::v3: business RPC V3 received frame stream_id=830 frame_type=Response payload_bytes=35
2026-09-26T01:40:36.701914Z DEBUG netbaiot_transports::business_rpc::v3: business RPC V3 received frame stream_id=828 frame_type=Response payload_bytes=35
2026-09-26T01:40:36.701917Z DEBUG netbaiot_transports::business_rpc::v3: business RPC V3 received frame stream_id=832 frame_type=Response payload_bytes=35
2026-09-26T01:40:36.701920Z DEBUG netbaiot_transports::business_rpc::v3: business RPC V3 received frame stream_id=834 frame_type=Data payload_bytes=216
2026-09-26T01:40:36.701937Z DEBUG netbaiot_transports::business_rpc::v3: business RPC V3 received frame stream_id=830 frame_type=Data payload_bytes=216
2026-09-26T01:40:36.701944Z DEBUG netbaiot_transports::business_rpc::v3: business RPC V3 received frame stream_id=828 frame_type=Data payload_bytes=216
2026-09-26T01:40:36.701949Z DEBUG netbaiot_transports::business_rpc::v3: business RPC V3 received frame stream_id=832 frame_type=Data payload_bytes=216
2026-09-26T01:40:36.701949Z DEBUG netbaiot_transports::business_rpc::v3: business RPC V3 selected frame stream_id=0 frame_type=WindowUpdate payload_bytes=4
2026-09-26T01:40:36.701992Z DEBUG netbaiot_transports::business_rpc::v3: business RPC V3 writer completed frame stream_id=0 frame_type=WindowUpdate payload_bytes=4
2026-09-26T01:40:36.702009Z DEBUG netbaiot_transports::business_rpc::v3: business RPC V3 selected frame stream_id=0 frame_type=WindowUpdate payload_bytes=4
2026-09-26T01:40:36.702020Z DEBUG netbaiot_transports::business_rpc::v3: business RPC V3 writer completed frame stream_id=0 frame_type=WindowUpdate payload_bytes=4
2026-09-26T01:40:36.702028Z DEBUG netbaiot_transports::business_rpc::v3: business RPC V3 selected frame stream_id=0 frame_type=WindowUpdate payload_bytes=4
2026-09-26T01:40:36.702047Z DEBUG netbaiot_transports::business_rpc::v3: business RPC V3 writer completed frame stream_id=0 frame_type=WindowUpdate payload_bytes=4
2026-09-26T01:40:36.702056Z DEBUG netbaiot_transports::business_rpc::v3: business RPC V3 selected frame stream_id=0 frame_type=WindowUpdate payload_bytes=4
2026-09-26T01:40:36.702061Z DEBUG netbaiot_transports::business_rpc::v3: business RPC V3 writer completed frame stream_id=0 frame_type=WindowUpdate payload_bytes=4
2026-09-26T01:40:36.702462Z DEBUG netbaiot_transports::business_rpc::v3: business RPC V3 body entered scheduler stream_id=842 class=Rpc body_bytes=198
2026-09-26T01:40:36.702469Z DEBUG netbaiot_transports::business_rpc::v3: business RPC V3 selected frame stream_id=842 frame_type=Open payload_bytes=158
2026-09-26T01:40:36.702477Z DEBUG netbaiot_transports::business_rpc::v3: business RPC V3 writer completed frame stream_id=842 frame_type=Open payload_bytes=158
2026-09-26T01:40:36.702480Z DEBUG netbaiot_transports::business_rpc::v3: business RPC V3 selected frame stream_id=842 frame_type=Data payload_bytes=198
2026-09-26T01:40:36.702484Z DEBUG netbaiot_transports::business_rpc::v3: business RPC V3 writer completed frame stream_id=842 frame_type=Data payload_bytes=198
2026-09-26T01:40:36.702527Z DEBUG netbaiot_transports::business_rpc::v3: business RPC V3 body entered scheduler stream_id=844 class=Rpc body_bytes=198
2026-09-26T01:40:36.702531Z DEBUG netbaiot_transports::business_rpc::v3: business RPC V3 selected frame stream_id=844 frame_type=Open payload_bytes=158
2026-09-26T01:40:36.702534Z DEBUG netbaiot_transports::business_rpc::v3: business RPC V3 writer completed frame stream_id=844 frame_type=Open payload_bytes=158
2026-09-26T01:40:36.702536Z DEBUG netbaiot_transports::business_rpc::v3: business RPC V3 selected frame stream_id=844 frame_type=Data payload_bytes=198
2026-09-26T01:40:36.702539Z DEBUG netbaiot_transports::business_rpc::v3: business RPC V3 writer completed frame stream_id=844 frame_type=Data payload_bytes=198
2026-09-26T01:40:36.702581Z DEBUG netbaiot_transports::business_rpc::v3: business RPC V3 body entered scheduler stream_id=846 class=Rpc body_bytes=198
2026-09-26T01:40:36.702584Z DEBUG netbaiot_transports::business_rpc::v3: business RPC V3 selected frame stream_id=846 frame_type=Open payload_bytes=158
2026-09-26T01:40:36.702590Z DEBUG netbaiot_transports::business_rpc::v3: business RPC V3 writer completed frame stream_id=846 frame_type=Open payload_bytes=158
2026-09-26T01:40:36.702592Z DEBUG netbaiot_transports::business_rpc::v3: business RPC V3 selected frame stream_id=846 frame_type=Data payload_bytes=198
2026-09-26T01:40:36.702595Z DEBUG netbaiot_transports::business_rpc::v3: business RPC V3 writer completed frame stream_id=846 frame_type=Data payload_bytes=198
2026-09-26T01:40:36.702635Z DEBUG netbaiot_transports::business_rpc::v3: business RPC V3 body entered scheduler stream_id=848 class=Rpc body_bytes=198
2026-09-26T01:40:36.702637Z DEBUG netbaiot_transports::business_rpc::v3: business RPC V3 selected frame stream_id=848 frame_type=Open payload_bytes=158
2026-09-26T01:40:36.702640Z DEBUG netbaiot_transports::business_rpc::v3: business RPC V3 writer completed frame stream_id=848 frame_type=Open payload_bytes=158
2026-09-26T01:40:36.702643Z DEBUG netbaiot_transports::business_rpc::v3: business RPC V3 selected frame stream_id=848 frame_type=Data payload_bytes=198
2026-09-26T01:40:36.702648Z DEBUG netbaiot_transports::business_rpc::v3: business RPC V3 writer completed frame stream_id=848 frame_type=Data payload_bytes=198
2026-09-26T01:40:36.722664Z DEBUG netbaiot_transports::business_rpc::v3: business RPC V3 body entered scheduler stream_id=850 class=Rpc body_bytes=198
2026-09-26T01:40:36.722687Z DEBUG netbaiot_transports::business_rpc::v3: business RPC V3 selected frame stream_id=850 frame_type=Open payload_bytes=158
2026-09-26T01:40:36.722697Z DEBUG netbaiot_transports::business_rpc::v3: business RPC V3 writer completed frame stream_id=850 frame_type=Open payload_bytes=158
2026-09-26T01:40:36.722701Z DEBUG netbaiot_transports::business_rpc::v3: business RPC V3 selected frame stream_id=850 frame_type=Data payload_bytes=198
2026-09-26T01:40:36.722704Z DEBUG netbaiot_transports::business_rpc::v3: business RPC V3 writer completed frame stream_id=850 frame_type=Data payload_bytes=198
2026-09-26T01:40:36.728783Z DEBUG netbaiot_transports::business_rpc::v3: business RPC V3 received frame stream_id=826 frame_type=Response payload_bytes=35
2026-09-26T01:40:36.728795Z DEBUG netbaiot_transports::business_rpc::v3: business RPC V3 received frame stream_id=826 frame_type=Data payload_bytes=118
2026-09-26T01:40:36.728802Z DEBUG netbaiot_transports::business_rpc::v3: business RPC V3 Event delivery acknowledged stream_id=826 completion_us=183542
2026-09-26T01:40:36.728809Z DEBUG netbaiot_transports::business_rpc::v3: business RPC V3 received frame stream_id=0 frame_type=WindowUpdate payload_bytes=4
2026-09-26T01:40:36.728812Z DEBUG netbaiot_transports::business_rpc::v3: business RPC V3 received frame stream_id=836 frame_type=Response payload_bytes=35
2026-09-26T01:40:36.728814Z DEBUG netbaiot_transports::business_rpc::v3: business RPC V3 received frame stream_id=836 frame_type=Data payload_bytes=216
2026-09-26T01:40:36.728825Z DEBUG netbaiot_transports::business_rpc::v3: business RPC V3 selected frame stream_id=0 frame_type=WindowUpdate payload_bytes=4
2026-09-26T01:40:36.728865Z DEBUG netbaiot_transports::business_rpc::v3: business RPC V3 writer completed frame stream_id=0 frame_type=WindowUpdate payload_bytes=4
2026-09-26T01:40:36.728880Z DEBUG netbaiot_transports::business_rpc::v3: business RPC V3 selected frame stream_id=0 frame_type=WindowUpdate payload_bytes=4
2026-09-26T01:40:36.728894Z DEBUG netbaiot_transports::business_rpc::v3: business RPC V3 writer completed frame stream_id=0 frame_type=WindowUpdate payload_bytes=4
2026-09-26T01:40:36.729167Z DEBUG netbaiot_transports::business_rpc::v3: business RPC V3 body entered scheduler stream_id=852 class=Rpc body_bytes=198
2026-09-26T01:40:36.729173Z DEBUG netbaiot_transports::business_rpc::v3: business RPC V3 selected frame stream_id=852 frame_type=Open payload_bytes=158
2026-09-26T01:40:36.729180Z DEBUG netbaiot_transports::business_rpc::v3: business RPC V3 writer completed frame stream_id=852 frame_type=Open payload_bytes=158
2026-09-26T01:40:36.729182Z DEBUG netbaiot_transports::business_rpc::v3: business RPC V3 selected frame stream_id=852 frame_type=Data payload_bytes=198
2026-09-26T01:40:36.729186Z DEBUG netbaiot_transports::business_rpc::v3: business RPC V3 writer completed frame stream_id=852 frame_type=Data payload_bytes=198
2026-09-26T01:40:36.744099Z DEBUG netbaiot_transports::business_rpc::v3: business RPC V3 body entered scheduler stream_id=854 class=Rpc body_bytes=198
2026-09-26T01:40:36.744118Z DEBUG netbaiot_transports::business_rpc::v3: business RPC V3 selected frame stream_id=854 frame_type=Open payload_bytes=158
2026-09-26T01:40:36.744127Z DEBUG netbaiot_transports::business_rpc::v3: business RPC V3 writer completed frame stream_id=854 frame_type=Open payload_bytes=158
2026-09-26T01:40:36.744130Z DEBUG netbaiot_transports::business_rpc::v3: business RPC V3 selected frame stream_id=854 frame_type=Data payload_bytes=198
2026-09-26T01:40:36.744135Z DEBUG netbaiot_transports::business_rpc::v3: business RPC V3 writer completed frame stream_id=854 frame_type=Data payload_bytes=198
2026-09-26T01:40:36.757245Z DEBUG netbaiot_transports::business_rpc::v3: business RPC V3 received frame stream_id=0 frame_type=WindowUpdate payload_bytes=4
2026-09-26T01:40:36.757271Z DEBUG netbaiot_transports::business_rpc::v3: business RPC V3 received frame stream_id=0 frame_type=WindowUpdate payload_bytes=4
2026-09-26T01:40:36.757275Z DEBUG netbaiot_transports::business_rpc::v3: business RPC V3 received frame stream_id=840 frame_type=Response payload_bytes=35
2026-09-26T01:40:36.757282Z DEBUG netbaiot_transports::business_rpc::v3: business RPC V3 received frame stream_id=838 frame_type=Response payload_bytes=35
2026-09-26T01:40:36.757285Z DEBUG netbaiot_transports::business_rpc::v3: business RPC V3 received frame stream_id=840 frame_type=Data payload_bytes=216
2026-09-26T01:40:36.757304Z DEBUG netbaiot_transports::business_rpc::v3: business RPC V3 received frame stream_id=838 frame_type=Data payload_bytes=216
2026-09-26T01:40:36.757323Z DEBUG netbaiot_transports::business_rpc::v3: business RPC V3 selected frame stream_id=0 frame_type=WindowUpdate payload_bytes=4
2026-09-26T01:40:36.757372Z DEBUG netbaiot_transports::business_rpc::v3: business RPC V3 writer completed frame stream_id=0 frame_type=WindowUpdate payload_bytes=4
2026-09-26T01:40:36.757378Z DEBUG netbaiot_transports::business_rpc::v3: business RPC V3 selected frame stream_id=0 frame_type=WindowUpdate payload_bytes=4
2026-09-26T01:40:36.757381Z DEBUG netbaiot_transports::business_rpc::v3: business RPC V3 writer completed frame stream_id=0 frame_type=WindowUpdate payload_bytes=4
2026-09-26T01:40:36.757736Z DEBUG netbaiot_transports::business_rpc::v3: business RPC V3 body entered scheduler stream_id=856 class=Rpc body_bytes=198
2026-09-26T01:40:36.757743Z DEBUG netbaiot_transports::business_rpc::v3: business RPC V3 selected frame stream_id=856 frame_type=Open payload_bytes=158
2026-09-26T01:40:36.757749Z DEBUG netbaiot_transports::business_rpc::v3: business RPC V3 writer completed frame stream_id=856 frame_type=Open payload_bytes=158
2026-09-26T01:40:36.757753Z DEBUG netbaiot_transports::business_rpc::v3: business RPC V3 selected frame stream_id=856 frame_type=Data payload_bytes=198
2026-09-26T01:40:36.757757Z DEBUG netbaiot_transports::business_rpc::v3: business RPC V3 writer completed frame stream_id=856 frame_type=Data payload_bytes=198
2026-09-26T01:40:36.757760Z DEBUG netbaiot_transports::business_rpc::v3: business RPC V3 body entered scheduler stream_id=858 class=Rpc body_bytes=198
2026-09-26T01:40:36.757763Z DEBUG netbaiot_transports::business_rpc::v3: business RPC V3 selected frame stream_id=858 frame_type=Open payload_bytes=158
2026-09-26T01:40:36.757767Z DEBUG netbaiot_transports::business_rpc::v3: business RPC V3 writer completed frame stream_id=858 frame_type=Open payload_bytes=158
2026-09-26T01:40:36.757769Z DEBUG netbaiot_transports::business_rpc::v3: business RPC V3 selected frame stream_id=858 frame_type=Data payload_bytes=198
2026-09-26T01:40:36.757773Z DEBUG netbaiot_transports::business_rpc::v3: business RPC V3 writer completed frame stream_id=858 frame_type=Data payload_bytes=198
2026-09-26T01:40:36.793231Z DEBUG netbaiot_transports::business_rpc::v3: business RPC V3 body entered scheduler stream_id=860 class=Rpc body_bytes=198
2026-09-26T01:40:36.793269Z DEBUG netbaiot_transports::business_rpc::v3: business RPC V3 selected frame stream_id=860 frame_type=Open payload_bytes=158
2026-09-26T01:40:36.793288Z DEBUG netbaiot_transports::business_rpc::v3: business RPC V3 writer completed frame stream_id=860 frame_type=Open payload_bytes=158
2026-09-26T01:40:36.793298Z DEBUG netbaiot_transports::business_rpc::v3: business RPC V3 selected frame stream_id=860 frame_type=Data payload_bytes=198
2026-09-26T01:40:36.793306Z DEBUG netbaiot_transports::business_rpc::v3: business RPC V3 writer completed frame stream_id=860 frame_type=Data payload_bytes=198
2026-09-26T01:40:36.818950Z DEBUG netbaiot_transports::business_rpc::v3: business RPC V3 received frame stream_id=0 frame_type=WindowUpdate payload_bytes=4
2026-09-26T01:40:36.819002Z DEBUG netbaiot_transports::business_rpc::v3: business RPC V3 received frame stream_id=0 frame_type=WindowUpdate payload_bytes=4
2026-09-26T01:40:36.819014Z DEBUG netbaiot_transports::business_rpc::v3: business RPC V3 received frame stream_id=0 frame_type=WindowUpdate payload_bytes=4
2026-09-26T01:40:36.819021Z DEBUG netbaiot_transports::business_rpc::v3: business RPC V3 received frame stream_id=0 frame_type=WindowUpdate payload_bytes=4
2026-09-26T01:40:36.819026Z DEBUG netbaiot_transports::business_rpc::v3: business RPC V3 received frame stream_id=0 frame_type=WindowUpdate payload_bytes=4
2026-09-26T01:40:36.819032Z DEBUG netbaiot_transports::business_rpc::v3: business RPC V3 received frame stream_id=850 frame_type=Response payload_bytes=35
2026-09-26T01:40:36.819042Z DEBUG netbaiot_transports::business_rpc::v3: business RPC V3 received frame stream_id=848 frame_type=Response payload_bytes=35
2026-09-26T01:40:36.819049Z DEBUG netbaiot_transports::business_rpc::v3: business RPC V3 received frame stream_id=850 frame_type=Data payload_bytes=216
2026-09-26T01:40:36.819076Z DEBUG netbaiot_transports::business_rpc::v3: business RPC V3 received frame stream_id=848 frame_type=Data payload_bytes=216
2026-09-26T01:40:36.819091Z DEBUG netbaiot_transports::business_rpc::v3: business RPC V3 received frame stream_id=844 frame_type=Response payload_bytes=35
2026-09-26T01:40:36.819101Z DEBUG netbaiot_transports::business_rpc::v3: business RPC V3 received frame stream_id=846 frame_type=Response payload_bytes=35
2026-09-26T01:40:36.819110Z DEBUG netbaiot_transports::business_rpc::v3: business RPC V3 received frame stream_id=842 frame_type=Response payload_bytes=35
2026-09-26T01:40:36.819118Z DEBUG netbaiot_transports::business_rpc::v3: business RPC V3 received frame stream_id=844 frame_type=Data payload_bytes=216
2026-09-26T01:40:36.819090Z DEBUG netbaiot_transports::business_rpc::v3: business RPC V3 selected frame stream_id=0 frame_type=WindowUpdate payload_bytes=4
2026-09-26T01:40:36.819133Z DEBUG netbaiot_transports::business_rpc::v3: business RPC V3 received frame stream_id=846 frame_type=Data payload_bytes=216
2026-09-26T01:40:36.819157Z DEBUG netbaiot_transports::business_rpc::v3: business RPC V3 writer completed frame stream_id=0 frame_type=WindowUpdate payload_bytes=4
2026-09-26T01:40:36.819172Z DEBUG netbaiot_transports::business_rpc::v3: business RPC V3 received frame stream_id=842 frame_type=Data payload_bytes=216
2026-09-26T01:40:36.819183Z DEBUG netbaiot_transports::business_rpc::v3: business RPC V3 selected frame stream_id=0 frame_type=WindowUpdate payload_bytes=4
2026-09-26T01:40:36.819229Z DEBUG netbaiot_transports::business_rpc::v3: business RPC V3 writer completed frame stream_id=0 frame_type=WindowUpdate payload_bytes=4
2026-09-26T01:40:36.819258Z DEBUG netbaiot_transports::business_rpc::v3: business RPC V3 selected frame stream_id=0 frame_type=WindowUpdate payload_bytes=4
2026-09-26T01:40:36.819269Z DEBUG netbaiot_transports::business_rpc::v3: business RPC V3 writer completed frame stream_id=0 frame_type=WindowUpdate payload_bytes=4
2026-09-26T01:40:36.819275Z DEBUG netbaiot_transports::business_rpc::v3: business RPC V3 selected frame stream_id=0 frame_type=WindowUpdate payload_bytes=4
2026-09-26T01:40:36.819283Z DEBUG netbaiot_transports::business_rpc::v3: business RPC V3 writer completed frame stream_id=0 frame_type=WindowUpdate payload_bytes=4
2026-09-26T01:40:36.819290Z DEBUG netbaiot_transports::business_rpc::v3: business RPC V3 selected frame stream_id=0 frame_type=WindowUpdate payload_bytes=4
2026-09-26T01:40:36.819301Z DEBUG netbaiot_transports::business_rpc::v3: business RPC V3 writer completed frame stream_id=0 frame_type=WindowUpdate payload_bytes=4
2026-09-26T01:40:36.819721Z DEBUG netbaiot_transports::business_rpc::v3: business RPC V3 body entered scheduler stream_id=862 class=Rpc body_bytes=198
2026-09-26T01:40:36.819747Z DEBUG netbaiot_transports::business_rpc::v3: business RPC V3 selected frame stream_id=862 frame_type=Open payload_bytes=158
2026-09-26T01:40:36.819761Z DEBUG netbaiot_transports::business_rpc::v3: business RPC V3 writer completed frame stream_id=862 frame_type=Open payload_bytes=158
2026-09-26T01:40:36.819769Z DEBUG netbaiot_transports::business_rpc::v3: business RPC V3 selected frame stream_id=862 frame_type=Data payload_bytes=198
2026-09-26T01:40:36.819779Z DEBUG netbaiot_transports::business_rpc::v3: business RPC V3 writer completed frame stream_id=862 frame_type=Data payload_bytes=198
2026-09-26T01:40:36.819786Z DEBUG netbaiot_transports::business_rpc::v3: business RPC V3 body entered scheduler stream_id=864 class=Rpc body_bytes=198
2026-09-26T01:40:36.819792Z DEBUG netbaiot_transports::business_rpc::v3: business RPC V3 selected frame stream_id=864 frame_type=Open payload_bytes=158
2026-09-26T01:40:36.819799Z DEBUG netbaiot_transports::business_rpc::v3: business RPC V3 writer completed frame stream_id=864 frame_type=Open payload_bytes=158
2026-09-26T01:40:36.819805Z DEBUG netbaiot_transports::business_rpc::v3: business RPC V3 selected frame stream_id=864 frame_type=Data payload_bytes=198
2026-09-26T01:40:36.819813Z DEBUG netbaiot_transports::business_rpc::v3: business RPC V3 writer completed frame stream_id=864 frame_type=Data payload_bytes=198
2026-09-26T01:40:36.819841Z DEBUG netbaiot_transports::business_rpc::v3: business RPC V3 body entered scheduler stream_id=866 class=Rpc body_bytes=198
2026-09-26T01:40:36.819851Z DEBUG netbaiot_transports::business_rpc::v3: business RPC V3 selected frame stream_id=866 frame_type=Open payload_bytes=158
2026-09-26T01:40:36.819868Z DEBUG netbaiot_transports::business_rpc::v3: business RPC V3 writer completed frame stream_id=866 frame_type=Open payload_bytes=158
2026-09-26T01:40:36.819876Z DEBUG netbaiot_transports::business_rpc::v3: business RPC V3 selected frame stream_id=866 frame_type=Data payload_bytes=198
2026-09-26T01:40:36.819884Z DEBUG netbaiot_transports::business_rpc::v3: business RPC V3 writer completed frame stream_id=866 frame_type=Data payload_bytes=198
2026-09-26T01:40:36.819904Z DEBUG netbaiot_transports::business_rpc::v3: business RPC V3 body entered scheduler stream_id=868 class=Rpc body_bytes=198
2026-09-26T01:40:36.819912Z DEBUG netbaiot_transports::business_rpc::v3: business RPC V3 selected frame stream_id=868 frame_type=Open payload_bytes=158
2026-09-26T01:40:36.819921Z DEBUG netbaiot_transports::business_rpc::v3: business RPC V3 writer completed frame stream_id=868 frame_type=Open payload_bytes=158
2026-09-26T01:40:36.819928Z DEBUG netbaiot_transports::business_rpc::v3: business RPC V3 selected frame stream_id=868 frame_type=Data payload_bytes=198
2026-09-26T01:40:36.819936Z DEBUG netbaiot_transports::business_rpc::v3: business RPC V3 writer completed frame stream_id=868 frame_type=Data payload_bytes=198
2026-09-26T01:40:36.819964Z DEBUG netbaiot_transports::business_rpc::v3: business RPC V3 body entered scheduler stream_id=870 class=Rpc body_bytes=198
2026-09-26T01:40:36.819971Z DEBUG netbaiot_transports::business_rpc::v3: business RPC V3 selected frame stream_id=870 frame_type=Open payload_bytes=158
2026-09-26T01:40:36.819986Z DEBUG netbaiot_transports::business_rpc::v3: business RPC V3 writer completed frame stream_id=870 frame_type=Open payload_bytes=158
2026-09-26T01:40:36.819993Z DEBUG netbaiot_transports::business_rpc::v3: business RPC V3 selected frame stream_id=870 frame_type=Data payload_bytes=198
2026-09-26T01:40:36.820001Z DEBUG netbaiot_transports::business_rpc::v3: business RPC V3 writer completed frame stream_id=870 frame_type=Data payload_bytes=198
2026-09-26T01:40:36.849055Z DEBUG netbaiot_transports::business_rpc::v3: business RPC V3 received frame stream_id=0 frame_type=WindowUpdate payload_bytes=4
2026-09-26T01:40:36.849085Z DEBUG netbaiot_transports::business_rpc::v3: business RPC V3 received frame stream_id=0 frame_type=WindowUpdate payload_bytes=4
2026-09-26T01:40:36.849094Z DEBUG netbaiot_transports::business_rpc::v3: business RPC V3 received frame stream_id=0 frame_type=WindowUpdate payload_bytes=4
2026-09-26T01:40:36.849100Z DEBUG netbaiot_transports::business_rpc::v3: business RPC V3 received frame stream_id=0 frame_type=WindowUpdate payload_bytes=4
2026-09-26T01:40:36.849106Z DEBUG netbaiot_transports::business_rpc::v3: business RPC V3 received frame stream_id=858 frame_type=Response payload_bytes=35
2026-09-26T01:40:36.849116Z DEBUG netbaiot_transports::business_rpc::v3: business RPC V3 received frame stream_id=854 frame_type=Response payload_bytes=35
2026-09-26T01:40:36.849122Z DEBUG netbaiot_transports::business_rpc::v3: business RPC V3 received frame stream_id=856 frame_type=Response payload_bytes=35
2026-09-26T01:40:36.849128Z DEBUG netbaiot_transports::business_rpc::v3: business RPC V3 received frame stream_id=852 frame_type=Response payload_bytes=35
2026-09-26T01:40:36.849134Z DEBUG netbaiot_transports::business_rpc::v3: business RPC V3 received frame stream_id=858 frame_type=Data payload_bytes=216
2026-09-26T01:40:36.849161Z DEBUG netbaiot_transports::business_rpc::v3: business RPC V3 received frame stream_id=854 frame_type=Data payload_bytes=216
2026-09-26T01:40:36.849171Z DEBUG netbaiot_transports::business_rpc::v3: business RPC V3 selected frame stream_id=0 frame_type=WindowUpdate payload_bytes=4
2026-09-26T01:40:36.849178Z DEBUG netbaiot_transports::business_rpc::v3: business RPC V3 received frame stream_id=856 frame_type=Data payload_bytes=216
2026-09-26T01:40:36.849210Z DEBUG netbaiot_transports::business_rpc::v3: business RPC V3 writer completed frame stream_id=0 frame_type=WindowUpdate payload_bytes=4
2026-09-26T01:40:36.849233Z DEBUG netbaiot_transports::business_rpc::v3: business RPC V3 selected frame stream_id=0 frame_type=WindowUpdate payload_bytes=4
2026-09-26T01:40:36.849239Z DEBUG netbaiot_transports::business_rpc::v3: business RPC V3 writer completed frame stream_id=0 frame_type=WindowUpdate payload_bytes=4
2026-09-26T01:40:36.849242Z DEBUG netbaiot_transports::business_rpc::v3: business RPC V3 selected frame stream_id=0 frame_type=WindowUpdate payload_bytes=4
2026-09-26T01:40:36.849246Z DEBUG netbaiot_transports::business_rpc::v3: business RPC V3 writer completed frame stream_id=0 frame_type=WindowUpdate payload_bytes=4
2026-09-26T01:40:36.849213Z DEBUG netbaiot_transports::business_rpc::v3: business RPC V3 received frame stream_id=852 frame_type=Data payload_bytes=216
2026-09-26T01:40:36.849272Z DEBUG netbaiot_transports::business_rpc::v3: business RPC V3 selected frame stream_id=0 frame_type=WindowUpdate payload_bytes=4
2026-09-26T01:40:36.849298Z DEBUG netbaiot_transports::business_rpc::v3: business RPC V3 writer completed frame stream_id=0 frame_type=WindowUpdate payload_bytes=4
2026-09-26T01:40:36.849786Z DEBUG netbaiot_transports::business_rpc::v3: business RPC V3 body entered scheduler stream_id=872 class=Rpc body_bytes=198
2026-09-26T01:40:36.849819Z DEBUG netbaiot_transports::business_rpc::v3: business RPC V3 selected frame stream_id=872 frame_type=Open payload_bytes=158
2026-09-26T01:40:36.849843Z DEBUG netbaiot_transports::business_rpc::v3: business RPC V3 writer completed frame stream_id=872 frame_type=Open payload_bytes=158
2026-09-26T01:40:36.849853Z DEBUG netbaiot_transports::business_rpc::v3: business RPC V3 body entered scheduler stream_id=874 class=Rpc body_bytes=198
2026-09-26T01:40:36.849859Z DEBUG netbaiot_transports::business_rpc::v3: business RPC V3 selected frame stream_id=874 frame_type=Open payload_bytes=158
2026-09-26T01:40:36.849867Z DEBUG netbaiot_transports::business_rpc::v3: business RPC V3 writer completed frame stream_id=874 frame_type=Open payload_bytes=158
2026-09-26T01:40:36.849873Z DEBUG netbaiot_transports::business_rpc::v3: business RPC V3 selected frame stream_id=872 frame_type=Data payload_bytes=198
2026-09-26T01:40:36.849881Z DEBUG netbaiot_transports::business_rpc::v3: business RPC V3 writer completed frame stream_id=872 frame_type=Data payload_bytes=198
2026-09-26T01:40:36.849888Z DEBUG netbaiot_transports::business_rpc::v3: business RPC V3 body entered scheduler stream_id=876 class=Rpc body_bytes=198
2026-09-26T01:40:36.849893Z DEBUG netbaiot_transports::business_rpc::v3: business RPC V3 selected frame stream_id=876 frame_type=Open payload_bytes=158
2026-09-26T01:40:36.849902Z DEBUG netbaiot_transports::business_rpc::v3: business RPC V3 writer completed frame stream_id=876 frame_type=Open payload_bytes=158
2026-09-26T01:40:36.849908Z DEBUG netbaiot_transports::business_rpc::v3: business RPC V3 selected frame stream_id=874 frame_type=Data payload_bytes=198
2026-09-26T01:40:36.849915Z DEBUG netbaiot_transports::business_rpc::v3: business RPC V3 writer completed frame stream_id=874 frame_type=Data payload_bytes=198
2026-09-26T01:40:36.849921Z DEBUG netbaiot_transports::business_rpc::v3: business RPC V3 selected frame stream_id=876 frame_type=Data payload_bytes=198
2026-09-26T01:40:36.849931Z DEBUG netbaiot_transports::business_rpc::v3: business RPC V3 writer completed frame stream_id=876 frame_type=Data payload_bytes=198
2026-09-26T01:40:36.849936Z DEBUG netbaiot_transports::business_rpc::v3: business RPC V3 body entered scheduler stream_id=878 class=Rpc body_bytes=198
2026-09-26T01:40:36.849941Z DEBUG netbaiot_transports::business_rpc::v3: business RPC V3 selected frame stream_id=878 frame_type=Open payload_bytes=158
2026-09-26T01:40:36.849951Z DEBUG netbaiot_transports::business_rpc::v3: business RPC V3 writer completed frame stream_id=878 frame_type=Open payload_bytes=158
2026-09-26T01:40:36.849956Z DEBUG netbaiot_transports::business_rpc::v3: business RPC V3 selected frame stream_id=878 frame_type=Data payload_bytes=198
2026-09-26T01:40:36.849967Z DEBUG netbaiot_transports::business_rpc::v3: business RPC V3 writer completed frame stream_id=878 frame_type=Data payload_bytes=198
2026-09-26T01:40:36.876458Z DEBUG netbaiot_transports::business_rpc::v3: business RPC V3 received frame stream_id=0 frame_type=WindowUpdate payload_bytes=4
2026-09-26T01:40:36.876505Z DEBUG netbaiot_transports::business_rpc::v3: business RPC V3 received frame stream_id=860 frame_type=Response payload_bytes=35
2026-09-26T01:40:36.876519Z DEBUG netbaiot_transports::business_rpc::v3: business RPC V3 received frame stream_id=860 frame_type=Data payload_bytes=216
2026-09-26T01:40:36.876562Z DEBUG netbaiot_transports::business_rpc::v3: business RPC V3 selected frame stream_id=0 frame_type=WindowUpdate payload_bytes=4
2026-09-26T01:40:36.876589Z DEBUG netbaiot_transports::business_rpc::v3: business RPC V3 writer completed frame stream_id=0 frame_type=WindowUpdate payload_bytes=4
2026-09-26T01:40:36.877042Z DEBUG netbaiot_transports::business_rpc::v3: business RPC V3 body entered scheduler stream_id=880 class=Rpc body_bytes=198
2026-09-26T01:40:36.877076Z DEBUG netbaiot_transports::business_rpc::v3: business RPC V3 selected frame stream_id=880 frame_type=Open payload_bytes=158
2026-09-26T01:40:36.877091Z DEBUG netbaiot_transports::business_rpc::v3: business RPC V3 writer completed frame stream_id=880 frame_type=Open payload_bytes=158
2026-09-26T01:40:36.877100Z DEBUG netbaiot_transports::business_rpc::v3: business RPC V3 selected frame stream_id=880 frame_type=Data payload_bytes=198
2026-09-26T01:40:36.877110Z DEBUG netbaiot_transports::business_rpc::v3: business RPC V3 writer completed frame stream_id=880 frame_type=Data payload_bytes=198
2026-09-26T01:40:36.937114Z DEBUG netbaiot_transports::business_rpc::v3: business RPC V3 body entered scheduler stream_id=882 class=Rpc body_bytes=198
2026-09-26T01:40:36.937168Z DEBUG netbaiot_transports::business_rpc::v3: business RPC V3 selected frame stream_id=882 frame_type=Open payload_bytes=158
2026-09-26T01:40:36.937201Z DEBUG netbaiot_transports::business_rpc::v3: business RPC V3 writer completed frame stream_id=882 frame_type=Open payload_bytes=158
2026-09-26T01:40:36.937212Z DEBUG netbaiot_transports::business_rpc::v3: business RPC V3 selected frame stream_id=882 frame_type=Data payload_bytes=198
2026-09-26T01:40:36.937221Z DEBUG netbaiot_transports::business_rpc::v3: business RPC V3 writer completed frame stream_id=882 frame_type=Data payload_bytes=198
2026-09-26T01:40:36.937971Z DEBUG netbaiot_transports::business_rpc::v3: business RPC V3 received frame stream_id=0 frame_type=WindowUpdate payload_bytes=4
2026-09-26T01:40:36.938020Z DEBUG netbaiot_transports::business_rpc::v3: business RPC V3 received frame stream_id=0 frame_type=WindowUpdate payload_bytes=4
2026-09-26T01:40:36.938032Z DEBUG netbaiot_transports::business_rpc::v3: business RPC V3 received frame stream_id=0 frame_type=WindowUpdate payload_bytes=4
2026-09-26T01:40:36.938039Z DEBUG netbaiot_transports::business_rpc::v3: business RPC V3 received frame stream_id=0 frame_type=WindowUpdate payload_bytes=4
2026-09-26T01:40:36.938045Z DEBUG netbaiot_transports::business_rpc::v3: business RPC V3 received frame stream_id=0 frame_type=WindowUpdate payload_bytes=4
2026-09-26T01:40:36.938051Z DEBUG netbaiot_transports::business_rpc::v3: business RPC V3 received frame stream_id=870 frame_type=Response payload_bytes=35
2026-09-26T01:40:36.938062Z DEBUG netbaiot_transports::business_rpc::v3: business RPC V3 received frame stream_id=870 frame_type=Data payload_bytes=216
2026-09-26T01:40:36.938095Z DEBUG netbaiot_transports::business_rpc::v3: business RPC V3 received frame stream_id=862 frame_type=Response payload_bytes=35
2026-09-26T01:40:36.938105Z DEBUG netbaiot_transports::business_rpc::v3: business RPC V3 received frame stream_id=862 frame_type=Data payload_bytes=216
2026-09-26T01:40:36.938109Z DEBUG netbaiot_transports::business_rpc::v3: business RPC V3 selected frame stream_id=0 frame_type=WindowUpdate payload_bytes=4
2026-09-26T01:40:36.938121Z DEBUG netbaiot_transports::business_rpc::v3: business RPC V3 received frame stream_id=864 frame_type=Response payload_bytes=35
2026-09-26T01:40:36.938140Z DEBUG netbaiot_transports::business_rpc::v3: business RPC V3 received frame stream_id=864 frame_type=Data payload_bytes=216
2026-09-26T01:40:36.938152Z DEBUG netbaiot_transports::business_rpc::v3: business RPC V3 writer completed frame stream_id=0 frame_type=WindowUpdate payload_bytes=4
2026-09-26T01:40:36.938166Z DEBUG netbaiot_transports::business_rpc::v3: business RPC V3 selected frame stream_id=0 frame_type=WindowUpdate payload_bytes=4
2026-09-26T01:40:36.938157Z DEBUG netbaiot_transports::business_rpc::v3: business RPC V3 received frame stream_id=866 frame_type=Response payload_bytes=35
2026-09-26T01:40:36.938193Z DEBUG netbaiot_transports::business_rpc::v3: business RPC V3 received frame stream_id=866 frame_type=Data payload_bytes=216
2026-09-26T01:40:36.938179Z DEBUG netbaiot_transports::business_rpc::v3: business RPC V3 writer completed frame stream_id=0 frame_type=WindowUpdate payload_bytes=4
2026-09-26T01:40:36.938224Z DEBUG netbaiot_transports::business_rpc::v3: business RPC V3 selected frame stream_id=0 frame_type=WindowUpdate payload_bytes=4
2026-09-26T01:40:36.938244Z DEBUG netbaiot_transports::business_rpc::v3: business RPC V3 writer completed frame stream_id=0 frame_type=WindowUpdate payload_bytes=4
2026-09-26T01:40:36.938254Z DEBUG netbaiot_transports::business_rpc::v3: business RPC V3 selected frame stream_id=0 frame_type=WindowUpdate payload_bytes=4
2026-09-26T01:40:36.938212Z DEBUG netbaiot_transports::business_rpc::v3: business RPC V3 received frame stream_id=868 frame_type=Response payload_bytes=35
2026-09-26T01:40:36.938271Z DEBUG netbaiot_transports::business_rpc::v3: business RPC V3 received frame stream_id=868 frame_type=Data payload_bytes=216
2026-09-26T01:40:36.938273Z DEBUG netbaiot_transports::business_rpc::v3: business RPC V3 writer completed frame stream_id=0 frame_type=WindowUpdate payload_bytes=4
2026-09-26T01:40:36.938310Z DEBUG netbaiot_transports::business_rpc::v3: business RPC V3 selected frame stream_id=0 frame_type=WindowUpdate payload_bytes=4
2026-09-26T01:40:36.938323Z DEBUG netbaiot_transports::business_rpc::v3: business RPC V3 writer completed frame stream_id=0 frame_type=WindowUpdate payload_bytes=4
2026-09-26T01:40:36.969315Z DEBUG netbaiot_transports::business_rpc::v3: business RPC V3 received frame stream_id=0 frame_type=WindowUpdate payload_bytes=4
2026-09-26T01:40:36.969364Z DEBUG netbaiot_transports::business_rpc::v3: business RPC V3 received frame stream_id=0 frame_type=WindowUpdate payload_bytes=4
2026-09-26T01:40:36.969375Z DEBUG netbaiot_transports::business_rpc::v3: business RPC V3 received frame stream_id=0 frame_type=WindowUpdate payload_bytes=4
2026-09-26T01:40:36.969381Z DEBUG netbaiot_transports::business_rpc::v3: business RPC V3 received frame stream_id=0 frame_type=WindowUpdate payload_bytes=4
2026-09-26T01:40:36.969386Z DEBUG netbaiot_transports::business_rpc::v3: business RPC V3 received frame stream_id=0 frame_type=WindowUpdate payload_bytes=4
2026-09-26T01:40:36.969392Z DEBUG netbaiot_transports::business_rpc::v3: business RPC V3 received frame stream_id=880 frame_type=Response payload_bytes=35
2026-09-26T01:40:36.969401Z DEBUG netbaiot_transports::business_rpc::v3: business RPC V3 received frame stream_id=872 frame_type=Response payload_bytes=35
2026-09-26T01:40:36.969408Z DEBUG netbaiot_transports::business_rpc::v3: business RPC V3 received frame stream_id=876 frame_type=Response payload_bytes=35
2026-09-26T01:40:36.969414Z DEBUG netbaiot_transports::business_rpc::v3: business RPC V3 received frame stream_id=874 frame_type=Response payload_bytes=35
2026-09-26T01:40:36.969420Z DEBUG netbaiot_transports::business_rpc::v3: business RPC V3 received frame stream_id=880 frame_type=Data payload_bytes=216
2026-09-26T01:40:36.969448Z DEBUG netbaiot_transports::business_rpc::v3: business RPC V3 received frame stream_id=878 frame_type=Response payload_bytes=35
2026-09-26T01:40:36.969456Z DEBUG netbaiot_transports::business_rpc::v3: business RPC V3 received frame stream_id=872 frame_type=Data payload_bytes=216
2026-09-26T01:40:36.969457Z DEBUG netbaiot_transports::business_rpc::v3: business RPC V3 selected frame stream_id=0 frame_type=WindowUpdate payload_bytes=4
2026-09-26T01:40:36.969473Z DEBUG netbaiot_transports::business_rpc::v3: business RPC V3 received frame stream_id=876 frame_type=Data payload_bytes=216
2026-09-26T01:40:36.969485Z DEBUG netbaiot_transports::business_rpc::v3: business RPC V3 received frame stream_id=874 frame_type=Data payload_bytes=216
2026-09-26T01:40:36.969492Z DEBUG netbaiot_transports::business_rpc::v3: business RPC V3 writer completed frame stream_id=0 frame_type=WindowUpdate payload_bytes=4
2026-09-26T01:40:36.969499Z DEBUG netbaiot_transports::business_rpc::v3: business RPC V3 received frame stream_id=878 frame_type=Data payload_bytes=216
2026-09-26T01:40:36.969501Z DEBUG netbaiot_transports::business_rpc::v3: business RPC V3 selected frame stream_id=0 frame_type=WindowUpdate payload_bytes=4
2026-09-26T01:40:36.969569Z DEBUG netbaiot_transports::business_rpc::v3: business RPC V3 writer completed frame stream_id=0 frame_type=WindowUpdate payload_bytes=4
2026-09-26T01:40:36.969578Z DEBUG netbaiot_transports::business_rpc::v3: business RPC V3 selected frame stream_id=0 frame_type=WindowUpdate payload_bytes=4
2026-09-26T01:40:36.969587Z DEBUG netbaiot_transports::business_rpc::v3: business RPC V3 writer completed frame stream_id=0 frame_type=WindowUpdate payload_bytes=4
2026-09-26T01:40:36.969590Z DEBUG netbaiot_transports::business_rpc::v3: business RPC V3 selected frame stream_id=0 frame_type=WindowUpdate payload_bytes=4
2026-09-26T01:40:36.969594Z DEBUG netbaiot_transports::business_rpc::v3: business RPC V3 writer completed frame stream_id=0 frame_type=WindowUpdate payload_bytes=4
2026-09-26T01:40:36.969597Z DEBUG netbaiot_transports::business_rpc::v3: business RPC V3 selected frame stream_id=0 frame_type=WindowUpdate payload_bytes=4
2026-09-26T01:40:36.969600Z DEBUG netbaiot_transports::business_rpc::v3: business RPC V3 writer completed frame stream_id=0 frame_type=WindowUpdate payload_bytes=4
2026-09-26T01:40:37.045078Z DEBUG netbaiot_transports::business_rpc::v3: business RPC V3 received frame stream_id=0 frame_type=WindowUpdate payload_bytes=4
2026-09-26T01:40:37.045108Z DEBUG netbaiot_transports::business_rpc::v3: business RPC V3 received frame stream_id=882 frame_type=Response payload_bytes=35
2026-09-26T01:40:37.045115Z DEBUG netbaiot_transports::business_rpc::v3: business RPC V3 received frame stream_id=882 frame_type=Data payload_bytes=216
2026-09-26T01:40:37.045155Z DEBUG netbaiot_transports::business_rpc::v3: business RPC V3 selected frame stream_id=0 frame_type=WindowUpdate payload_bytes=4
2026-09-26T01:40:37.045198Z DEBUG netbaiot_transports::business_rpc::v3: business RPC V3 writer completed frame stream_id=0 frame_type=WindowUpdate payload_bytes=4
2026-09-26T01:40:37.045479Z DEBUG netbaiot_transports::business_rpc::v3: business RPC V3 body entered scheduler stream_id=884 class=Event body_bytes=17366
2026-09-26T01:40:37.045487Z DEBUG netbaiot_transports::business_rpc::v3: business RPC V3 selected frame stream_id=884 frame_type=Open payload_bytes=184
2026-09-26T01:40:37.045493Z DEBUG netbaiot_transports::business_rpc::v3: business RPC V3 writer completed frame stream_id=884 frame_type=Open payload_bytes=184
2026-09-26T01:40:37.045497Z DEBUG netbaiot_transports::business_rpc::v3: business RPC V3 selected frame stream_id=884 frame_type=Data payload_bytes=8192
2026-09-26T01:40:37.045503Z DEBUG netbaiot_transports::business_rpc::v3: business RPC V3 writer completed frame stream_id=884 frame_type=Data payload_bytes=8192
2026-09-26T01:40:37.045506Z DEBUG netbaiot_transports::business_rpc::v3: business RPC V3 selected frame stream_id=884 frame_type=Data payload_bytes=8192
2026-09-26T01:40:37.045513Z DEBUG netbaiot_transports::business_rpc::v3: business RPC V3 writer completed frame stream_id=884 frame_type=Data payload_bytes=8192
2026-09-26T01:40:37.045515Z DEBUG netbaiot_transports::business_rpc::v3: business RPC V3 selected frame stream_id=884 frame_type=Data payload_bytes=982
2026-09-26T01:40:37.045519Z DEBUG netbaiot_transports::business_rpc::v3: business RPC V3 writer completed frame stream_id=884 frame_type=Data payload_bytes=982
2026-09-26T01:40:37.213506Z DEBUG netbaiot_transports::business_rpc::v3: business RPC V3 received frame stream_id=0 frame_type=WindowUpdate payload_bytes=4
2026-09-26T01:40:37.213550Z DEBUG netbaiot_transports::business_rpc::v3: business RPC V3 received frame stream_id=884 frame_type=WindowUpdate payload_bytes=4
2026-09-26T01:40:37.240610Z DEBUG netbaiot_transports::business_rpc::v3: business RPC V3 received frame stream_id=0 frame_type=WindowUpdate payload_bytes=4
2026-09-26T01:40:37.240653Z DEBUG netbaiot_transports::business_rpc::v3: business RPC V3 received frame stream_id=884 frame_type=WindowUpdate payload_bytes=4
2026-09-26T01:40:37.240661Z DEBUG netbaiot_transports::business_rpc::v3: business RPC V3 received frame stream_id=0 frame_type=WindowUpdate payload_bytes=4
2026-09-26T01:40:37.240666Z DEBUG netbaiot_transports::business_rpc::v3: business RPC V3 received frame stream_id=884 frame_type=Response payload_bytes=35
2026-09-26T01:40:37.240675Z DEBUG netbaiot_transports::business_rpc::v3: business RPC V3 received frame stream_id=884 frame_type=Data payload_bytes=118
2026-09-26T01:40:37.240685Z DEBUG netbaiot_transports::business_rpc::v3: business RPC V3 Event delivery acknowledged stream_id=884 completion_us=195209
2026-09-26T01:40:37.240707Z DEBUG netbaiot_transports::business_rpc::v3: business RPC V3 selected frame stream_id=0 frame_type=WindowUpdate payload_bytes=4
2026-09-26T01:40:37.240734Z DEBUG netbaiot_transports::business_rpc::v3: business RPC V3 writer completed frame stream_id=0 frame_type=WindowUpdate payload_bytes=4
2026-09-26T01:40:37.494169Z DEBUG netbaiot_transports::business_rpc::v3: business RPC V3 body entered scheduler stream_id=886 class=Rpc body_bytes=198
2026-09-26T01:40:37.494209Z DEBUG netbaiot_transports::business_rpc::v3: business RPC V3 selected frame stream_id=886 frame_type=Open payload_bytes=158
2026-09-26T01:40:37.494229Z DEBUG netbaiot_transports::business_rpc::v3: business RPC V3 writer completed frame stream_id=886 frame_type=Open payload_bytes=158
2026-09-26T01:40:37.494238Z DEBUG netbaiot_transports::business_rpc::v3: business RPC V3 selected frame stream_id=886 frame_type=Data payload_bytes=198
2026-09-26T01:40:37.494246Z DEBUG netbaiot_transports::business_rpc::v3: business RPC V3 writer completed frame stream_id=886 frame_type=Data payload_bytes=198
2026-09-26T01:40:37.512391Z DEBUG netbaiot_transports::business_rpc::v3: business RPC V3 body entered scheduler stream_id=888 class=Rpc body_bytes=198
2026-09-26T01:40:37.512433Z DEBUG netbaiot_transports::business_rpc::v3: business RPC V3 selected frame stream_id=888 frame_type=Open payload_bytes=158
2026-09-26T01:40:37.512451Z DEBUG netbaiot_transports::business_rpc::v3: business RPC V3 writer completed frame stream_id=888 frame_type=Open payload_bytes=158
2026-09-26T01:40:37.512461Z DEBUG netbaiot_transports::business_rpc::v3: business RPC V3 selected frame stream_id=888 frame_type=Data payload_bytes=198
2026-09-26T01:40:37.512470Z DEBUG netbaiot_transports::business_rpc::v3: business RPC V3 writer completed frame stream_id=888 frame_type=Data payload_bytes=198
2026-09-26T01:40:37.545870Z DEBUG netbaiot_transports::business_rpc::v3: business RPC V3 body entered scheduler stream_id=890 class=Event body_bytes=17366
2026-09-26T01:40:37.545911Z DEBUG netbaiot_transports::business_rpc::v3: business RPC V3 selected frame stream_id=890 frame_type=Open payload_bytes=184
2026-09-26T01:40:37.545926Z DEBUG netbaiot_transports::business_rpc::v3: business RPC V3 writer completed frame stream_id=890 frame_type=Open payload_bytes=184
2026-09-26T01:40:37.545934Z DEBUG netbaiot_transports::business_rpc::v3: business RPC V3 selected frame stream_id=890 frame_type=Data payload_bytes=8192
2026-09-26T01:40:37.545946Z DEBUG netbaiot_transports::business_rpc::v3: business RPC V3 writer completed frame stream_id=890 frame_type=Data payload_bytes=8192
2026-09-26T01:40:37.545952Z DEBUG netbaiot_transports::business_rpc::v3: business RPC V3 selected frame stream_id=890 frame_type=Data payload_bytes=8192
2026-09-26T01:40:37.545966Z DEBUG netbaiot_transports::business_rpc::v3: business RPC V3 writer completed frame stream_id=890 frame_type=Data payload_bytes=8192
2026-09-26T01:40:37.545973Z DEBUG netbaiot_transports::business_rpc::v3: business RPC V3 selected frame stream_id=890 frame_type=Data payload_bytes=982
2026-09-26T01:40:37.545982Z DEBUG netbaiot_transports::business_rpc::v3: business RPC V3 writer completed frame stream_id=890 frame_type=Data payload_bytes=982
2026-09-26T01:40:37.549538Z DEBUG netbaiot_transports::business_rpc::v3: business RPC V3 body entered scheduler stream_id=892 class=Rpc body_bytes=198
2026-09-26T01:40:37.549571Z DEBUG netbaiot_transports::business_rpc::v3: business RPC V3 selected frame stream_id=892 frame_type=Open payload_bytes=158
2026-09-26T01:40:37.549594Z DEBUG netbaiot_transports::business_rpc::v3: business RPC V3 writer completed frame stream_id=892 frame_type=Open payload_bytes=158
2026-09-26T01:40:37.549604Z DEBUG netbaiot_transports::business_rpc::v3: business RPC V3 selected frame stream_id=892 frame_type=Data payload_bytes=198
2026-09-26T01:40:37.549614Z DEBUG netbaiot_transports::business_rpc::v3: business RPC V3 writer completed frame stream_id=892 frame_type=Data payload_bytes=198
2026-09-26T01:40:37.604500Z DEBUG netbaiot_transports::business_rpc::v3: business RPC V3 received frame stream_id=0 frame_type=WindowUpdate payload_bytes=4
2026-09-26T01:40:37.604531Z DEBUG netbaiot_transports::business_rpc::v3: business RPC V3 received frame stream_id=0 frame_type=WindowUpdate payload_bytes=4
2026-09-26T01:40:37.604537Z DEBUG netbaiot_transports::business_rpc::v3: business RPC V3 received frame stream_id=888 frame_type=Response payload_bytes=35
2026-09-26T01:40:37.604543Z DEBUG netbaiot_transports::business_rpc::v3: business RPC V3 received frame stream_id=886 frame_type=Response payload_bytes=35
2026-09-26T01:40:37.604547Z DEBUG netbaiot_transports::business_rpc::v3: business RPC V3 received frame stream_id=888 frame_type=Data payload_bytes=216
2026-09-26T01:40:37.604564Z DEBUG netbaiot_transports::business_rpc::v3: business RPC V3 received frame stream_id=886 frame_type=Data payload_bytes=216
2026-09-26T01:40:37.604574Z DEBUG netbaiot_transports::business_rpc::v3: business RPC V3 selected frame stream_id=0 frame_type=WindowUpdate payload_bytes=4
2026-09-26T01:40:37.604595Z DEBUG netbaiot_transports::business_rpc::v3: business RPC V3 writer completed frame stream_id=0 frame_type=WindowUpdate payload_bytes=4
2026-09-26T01:40:37.604599Z DEBUG netbaiot_transports::business_rpc::v3: business RPC V3 selected frame stream_id=0 frame_type=WindowUpdate payload_bytes=4
2026-09-26T01:40:37.604605Z DEBUG netbaiot_transports::business_rpc::v3: business RPC V3 writer completed frame stream_id=0 frame_type=WindowUpdate payload_bytes=4
2026-09-26T01:40:37.604967Z DEBUG netbaiot_transports::business_rpc::v3: business RPC V3 body entered scheduler stream_id=894 class=Rpc body_bytes=198
2026-09-26T01:40:37.604972Z DEBUG netbaiot_transports::business_rpc::v3: business RPC V3 selected frame stream_id=894 frame_type=Open payload_bytes=158
2026-09-26T01:40:37.604979Z DEBUG netbaiot_transports::business_rpc::v3: business RPC V3 writer completed frame stream_id=894 frame_type=Open payload_bytes=158
2026-09-26T01:40:37.604982Z DEBUG netbaiot_transports::business_rpc::v3: business RPC V3 selected frame stream_id=894 frame_type=Data payload_bytes=198
2026-09-26T01:40:37.604986Z DEBUG netbaiot_transports::business_rpc::v3: business RPC V3 writer completed frame stream_id=894 frame_type=Data payload_bytes=198
2026-09-26T01:40:37.604993Z DEBUG netbaiot_transports::business_rpc::v3: business RPC V3 body entered scheduler stream_id=896 class=Rpc body_bytes=198
2026-09-26T01:40:37.604998Z DEBUG netbaiot_transports::business_rpc::v3: business RPC V3 selected frame stream_id=896 frame_type=Open payload_bytes=158
2026-09-26T01:40:37.605002Z DEBUG netbaiot_transports::business_rpc::v3: business RPC V3 writer completed frame stream_id=896 frame_type=Open payload_bytes=158
2026-09-26T01:40:37.605005Z DEBUG netbaiot_transports::business_rpc::v3: business RPC V3 selected frame stream_id=896 frame_type=Data payload_bytes=198
2026-09-26T01:40:37.605008Z DEBUG netbaiot_transports::business_rpc::v3: business RPC V3 writer completed frame stream_id=896 frame_type=Data payload_bytes=198
2026-09-26T01:40:37.628219Z DEBUG netbaiot_transports::business_rpc::v3: business RPC V3 body entered scheduler stream_id=898 class=Rpc body_bytes=198
2026-09-26T01:40:37.628243Z DEBUG netbaiot_transports::business_rpc::v3: business RPC V3 selected frame stream_id=898 frame_type=Open payload_bytes=158
2026-09-26T01:40:37.628256Z DEBUG netbaiot_transports::business_rpc::v3: business RPC V3 writer completed frame stream_id=898 frame_type=Open payload_bytes=158
2026-09-26T01:40:37.628260Z DEBUG netbaiot_transports::business_rpc::v3: business RPC V3 selected frame stream_id=898 frame_type=Data payload_bytes=198
2026-09-26T01:40:37.628264Z DEBUG netbaiot_transports::business_rpc::v3: business RPC V3 writer completed frame stream_id=898 frame_type=Data payload_bytes=198
2026-09-26T01:40:37.649079Z DEBUG netbaiot_transports::business_rpc::v3: business RPC V3 body entered scheduler stream_id=900 class=Rpc body_bytes=198
2026-09-26T01:40:37.649110Z DEBUG netbaiot_transports::business_rpc::v3: business RPC V3 selected frame stream_id=900 frame_type=Open payload_bytes=158
2026-09-26T01:40:37.649134Z DEBUG netbaiot_transports::business_rpc::v3: business RPC V3 writer completed frame stream_id=900 frame_type=Open payload_bytes=158
2026-09-26T01:40:37.649143Z DEBUG netbaiot_transports::business_rpc::v3: business RPC V3 selected frame stream_id=900 frame_type=Data payload_bytes=198
2026-09-26T01:40:37.649152Z DEBUG netbaiot_transports::business_rpc::v3: business RPC V3 writer completed frame stream_id=900 frame_type=Data payload_bytes=198
2026-09-26T01:40:37.690794Z DEBUG netbaiot_transports::business_rpc::v3: business RPC V3 received frame stream_id=0 frame_type=WindowUpdate payload_bytes=4
2026-09-26T01:40:37.690840Z DEBUG netbaiot_transports::business_rpc::v3: business RPC V3 received frame stream_id=890 frame_type=WindowUpdate payload_bytes=4
2026-09-26T01:40:37.722346Z DEBUG netbaiot_transports::business_rpc::v3: business RPC V3 received frame stream_id=0 frame_type=WindowUpdate payload_bytes=4
2026-09-26T01:40:37.722377Z DEBUG netbaiot_transports::business_rpc::v3: business RPC V3 received frame stream_id=890 frame_type=WindowUpdate payload_bytes=4
2026-09-26T01:40:37.722381Z DEBUG netbaiot_transports::business_rpc::v3: business RPC V3 received frame stream_id=0 frame_type=WindowUpdate payload_bytes=4
2026-09-26T01:40:37.722384Z DEBUG netbaiot_transports::business_rpc::v3: business RPC V3 received frame stream_id=0 frame_type=WindowUpdate payload_bytes=4
2026-09-26T01:40:37.722386Z DEBUG netbaiot_transports::business_rpc::v3: business RPC V3 received frame stream_id=0 frame_type=WindowUpdate payload_bytes=4
2026-09-26T01:40:37.722389Z DEBUG netbaiot_transports::business_rpc::v3: business RPC V3 received frame stream_id=0 frame_type=WindowUpdate payload_bytes=4
2026-09-26T01:40:37.722391Z DEBUG netbaiot_transports::business_rpc::v3: business RPC V3 received frame stream_id=0 frame_type=WindowUpdate payload_bytes=4
2026-09-26T01:40:37.722393Z DEBUG netbaiot_transports::business_rpc::v3: business RPC V3 received frame stream_id=898 frame_type=Response payload_bytes=35
2026-09-26T01:40:37.722398Z DEBUG netbaiot_transports::business_rpc::v3: business RPC V3 received frame stream_id=894 frame_type=Response payload_bytes=35
2026-09-26T01:40:37.722401Z DEBUG netbaiot_transports::business_rpc::v3: business RPC V3 received frame stream_id=896 frame_type=Response payload_bytes=35
2026-09-26T01:40:37.722403Z DEBUG netbaiot_transports::business_rpc::v3: business RPC V3 received frame stream_id=892 frame_type=Response payload_bytes=35
2026-09-26T01:40:37.722406Z DEBUG netbaiot_transports::business_rpc::v3: business RPC V3 received frame stream_id=898 frame_type=Data payload_bytes=216
2026-09-26T01:40:37.722424Z DEBUG netbaiot_transports::business_rpc::v3: business RPC V3 received frame stream_id=894 frame_type=Data payload_bytes=216
2026-09-26T01:40:37.722430Z DEBUG netbaiot_transports::business_rpc::v3: business RPC V3 received frame stream_id=896 frame_type=Data payload_bytes=216
2026-09-26T01:40:37.722436Z DEBUG netbaiot_transports::business_rpc::v3: business RPC V3 received frame stream_id=892 frame_type=Data payload_bytes=216
2026-09-26T01:40:37.722441Z DEBUG netbaiot_transports::business_rpc::v3: business RPC V3 received frame stream_id=890 frame_type=Response payload_bytes=35
2026-09-26T01:40:37.722444Z DEBUG netbaiot_transports::business_rpc::v3: business RPC V3 received frame stream_id=890 frame_type=Data payload_bytes=118
2026-09-26T01:40:37.722441Z DEBUG netbaiot_transports::business_rpc::v3: business RPC V3 selected frame stream_id=0 frame_type=WindowUpdate payload_bytes=4
2026-09-26T01:40:37.722450Z DEBUG netbaiot_transports::business_rpc::v3: business RPC V3 Event delivery acknowledged stream_id=890 completion_us=176588
2026-09-26T01:40:37.722504Z DEBUG netbaiot_transports::business_rpc::v3: business RPC V3 writer completed frame stream_id=0 frame_type=WindowUpdate payload_bytes=4
2026-09-26T01:40:37.722518Z DEBUG netbaiot_transports::business_rpc::v3: business RPC V3 selected frame stream_id=0 frame_type=WindowUpdate payload_bytes=4
2026-09-26T01:40:37.722523Z DEBUG netbaiot_transports::business_rpc::v3: business RPC V3 writer completed frame stream_id=0 frame_type=WindowUpdate payload_bytes=4
2026-09-26T01:40:37.722526Z DEBUG netbaiot_transports::business_rpc::v3: business RPC V3 selected frame stream_id=0 frame_type=WindowUpdate payload_bytes=4
2026-09-26T01:40:37.722530Z DEBUG netbaiot_transports::business_rpc::v3: business RPC V3 writer completed frame stream_id=0 frame_type=WindowUpdate payload_bytes=4
2026-09-26T01:40:37.722532Z DEBUG netbaiot_transports::business_rpc::v3: business RPC V3 selected frame stream_id=0 frame_type=WindowUpdate payload_bytes=4
2026-09-26T01:40:37.722535Z DEBUG netbaiot_transports::business_rpc::v3: business RPC V3 writer completed frame stream_id=0 frame_type=WindowUpdate payload_bytes=4
2026-09-26T01:40:37.722537Z DEBUG netbaiot_transports::business_rpc::v3: business RPC V3 selected frame stream_id=0 frame_type=WindowUpdate payload_bytes=4
2026-09-26T01:40:37.722540Z DEBUG netbaiot_transports::business_rpc::v3: business RPC V3 writer completed frame stream_id=0 frame_type=WindowUpdate payload_bytes=4
2026-09-26T01:40:37.723005Z DEBUG netbaiot_transports::business_rpc::v3: business RPC V3 body entered scheduler stream_id=902 class=Rpc body_bytes=198
2026-09-26T01:40:37.723012Z DEBUG netbaiot_transports::business_rpc::v3: business RPC V3 selected frame stream_id=902 frame_type=Open payload_bytes=158
2026-09-26T01:40:37.723018Z DEBUG netbaiot_transports::business_rpc::v3: business RPC V3 writer completed frame stream_id=902 frame_type=Open payload_bytes=158
2026-09-26T01:40:37.723021Z DEBUG netbaiot_transports::business_rpc::v3: business RPC V3 selected frame stream_id=902 frame_type=Data payload_bytes=198
2026-09-26T01:40:37.723025Z DEBUG netbaiot_transports::business_rpc::v3: business RPC V3 writer completed frame stream_id=902 frame_type=Data payload_bytes=198
2026-09-26T01:40:37.723070Z DEBUG netbaiot_transports::business_rpc::v3: business RPC V3 body entered scheduler stream_id=904 class=Rpc body_bytes=198
2026-09-26T01:40:37.723073Z DEBUG netbaiot_transports::business_rpc::v3: business RPC V3 selected frame stream_id=904 frame_type=Open payload_bytes=158
2026-09-26T01:40:37.723078Z DEBUG netbaiot_transports::business_rpc::v3: business RPC V3 writer completed frame stream_id=904 frame_type=Open payload_bytes=158
2026-09-26T01:40:37.723080Z DEBUG netbaiot_transports::business_rpc::v3: business RPC V3 selected frame stream_id=904 frame_type=Data payload_bytes=198
2026-09-26T01:40:37.723083Z DEBUG netbaiot_transports::business_rpc::v3: business RPC V3 writer completed frame stream_id=904 frame_type=Data payload_bytes=198
2026-09-26T01:40:37.723158Z DEBUG netbaiot_transports::business_rpc::v3: business RPC V3 body entered scheduler stream_id=906 class=Rpc body_bytes=198
2026-09-26T01:40:37.723161Z DEBUG netbaiot_transports::business_rpc::v3: business RPC V3 selected frame stream_id=906 frame_type=Open payload_bytes=158
2026-09-26T01:40:37.723166Z DEBUG netbaiot_transports::business_rpc::v3: business RPC V3 writer completed frame stream_id=906 frame_type=Open payload_bytes=158
2026-09-26T01:40:37.723168Z DEBUG netbaiot_transports::business_rpc::v3: business RPC V3 selected frame stream_id=906 frame_type=Data payload_bytes=198
2026-09-26T01:40:37.723171Z DEBUG netbaiot_transports::business_rpc::v3: business RPC V3 writer completed frame stream_id=906 frame_type=Data payload_bytes=198
2026-09-26T01:40:37.723214Z DEBUG netbaiot_transports::business_rpc::v3: business RPC V3 body entered scheduler stream_id=908 class=Rpc body_bytes=198
2026-09-26T01:40:37.723217Z DEBUG netbaiot_transports::business_rpc::v3: business RPC V3 selected frame stream_id=908 frame_type=Open payload_bytes=158
2026-09-26T01:40:37.723224Z DEBUG netbaiot_transports::business_rpc::v3: business RPC V3 writer completed frame stream_id=908 frame_type=Open payload_bytes=158
2026-09-26T01:40:37.723226Z DEBUG netbaiot_transports::business_rpc::v3: business RPC V3 selected frame stream_id=908 frame_type=Data payload_bytes=198
2026-09-26T01:40:37.723230Z DEBUG netbaiot_transports::business_rpc::v3: business RPC V3 writer completed frame stream_id=908 frame_type=Data payload_bytes=198
2026-09-26T01:40:37.723271Z DEBUG netbaiot_transports::business_rpc::v3: business RPC V3 body entered scheduler stream_id=910 class=Rpc body_bytes=198
2026-09-26T01:40:37.723273Z DEBUG netbaiot_transports::business_rpc::v3: business RPC V3 selected frame stream_id=910 frame_type=Open payload_bytes=158
2026-09-26T01:40:37.723276Z DEBUG netbaiot_transports::business_rpc::v3: business RPC V3 writer completed frame stream_id=910 frame_type=Open payload_bytes=158
2026-09-26T01:40:37.723278Z DEBUG netbaiot_transports::business_rpc::v3: business RPC V3 selected frame stream_id=910 frame_type=Data payload_bytes=198
2026-09-26T01:40:37.723281Z DEBUG netbaiot_transports::business_rpc::v3: business RPC V3 writer completed frame stream_id=910 frame_type=Data payload_bytes=198
2026-09-26T01:40:37.749089Z DEBUG netbaiot_transports::business_rpc::v3: business RPC V3 received frame stream_id=0 frame_type=WindowUpdate payload_bytes=4
2026-09-26T01:40:37.749112Z DEBUG netbaiot_transports::business_rpc::v3: business RPC V3 received frame stream_id=900 frame_type=Response payload_bytes=35
2026-09-26T01:40:37.749121Z DEBUG netbaiot_transports::business_rpc::v3: business RPC V3 received frame stream_id=900 frame_type=Data payload_bytes=216
2026-09-26T01:40:37.749212Z DEBUG netbaiot_transports::business_rpc::v3: business RPC V3 selected frame stream_id=0 frame_type=WindowUpdate payload_bytes=4
2026-09-26T01:40:37.749223Z DEBUG netbaiot_transports::business_rpc::v3: business RPC V3 writer completed frame stream_id=0 frame_type=WindowUpdate payload_bytes=4
2026-09-26T01:40:37.749544Z DEBUG netbaiot_transports::business_rpc::v3: business RPC V3 body entered scheduler stream_id=912 class=Rpc body_bytes=198
2026-09-26T01:40:37.749550Z DEBUG netbaiot_transports::business_rpc::v3: business RPC V3 selected frame stream_id=912 frame_type=Open payload_bytes=158
2026-09-26T01:40:37.749558Z DEBUG netbaiot_transports::business_rpc::v3: business RPC V3 writer completed frame stream_id=912 frame_type=Open payload_bytes=158
2026-09-26T01:40:37.749562Z DEBUG netbaiot_transports::business_rpc::v3: business RPC V3 selected frame stream_id=912 frame_type=Data payload_bytes=198
2026-09-26T01:40:37.749566Z DEBUG netbaiot_transports::business_rpc::v3: business RPC V3 writer completed frame stream_id=912 frame_type=Data payload_bytes=198
2026-09-26T01:40:37.754932Z DEBUG netbaiot_transports::business_rpc::v3: business RPC V3 body entered scheduler stream_id=914 class=Rpc body_bytes=198
2026-09-26T01:40:37.754951Z DEBUG netbaiot_transports::business_rpc::v3: business RPC V3 selected frame stream_id=914 frame_type=Open payload_bytes=158
2026-09-26T01:40:37.754961Z DEBUG netbaiot_transports::business_rpc::v3: business RPC V3 writer completed frame stream_id=914 frame_type=Open payload_bytes=158
2026-09-26T01:40:37.754965Z DEBUG netbaiot_transports::business_rpc::v3: business RPC V3 selected frame stream_id=914 frame_type=Data payload_bytes=198
2026-09-26T01:40:37.754969Z DEBUG netbaiot_transports::business_rpc::v3: business RPC V3 writer completed frame stream_id=914 frame_type=Data payload_bytes=198
2026-09-26T01:40:37.841199Z DEBUG netbaiot_transports::business_rpc::v3: business RPC V3 received frame stream_id=0 frame_type=WindowUpdate payload_bytes=4
2026-09-26T01:40:37.841227Z DEBUG netbaiot_transports::business_rpc::v3: business RPC V3 received frame stream_id=0 frame_type=WindowUpdate payload_bytes=4
2026-09-26T01:40:37.841231Z DEBUG netbaiot_transports::business_rpc::v3: business RPC V3 received frame stream_id=0 frame_type=WindowUpdate payload_bytes=4
2026-09-26T01:40:37.841234Z DEBUG netbaiot_transports::business_rpc::v3: business RPC V3 received frame stream_id=0 frame_type=WindowUpdate payload_bytes=4
2026-09-26T01:40:37.841236Z DEBUG netbaiot_transports::business_rpc::v3: business RPC V3 received frame stream_id=0 frame_type=WindowUpdate payload_bytes=4
2026-09-26T01:40:37.841238Z DEBUG netbaiot_transports::business_rpc::v3: business RPC V3 received frame stream_id=910 frame_type=Response payload_bytes=35
2026-09-26T01:40:37.841244Z DEBUG netbaiot_transports::business_rpc::v3: business RPC V3 received frame stream_id=902 frame_type=Response payload_bytes=35
2026-09-26T01:40:37.841247Z DEBUG netbaiot_transports::business_rpc::v3: business RPC V3 received frame stream_id=904 frame_type=Response payload_bytes=35
2026-09-26T01:40:37.841252Z DEBUG netbaiot_transports::business_rpc::v3: business RPC V3 received frame stream_id=908 frame_type=Response payload_bytes=35
2026-09-26T01:40:37.841254Z DEBUG netbaiot_transports::business_rpc::v3: business RPC V3 received frame stream_id=910 frame_type=Data payload_bytes=216
2026-09-26T01:40:37.841271Z DEBUG netbaiot_transports::business_rpc::v3: business RPC V3 received frame stream_id=906 frame_type=Response payload_bytes=35
2026-09-26T01:40:37.841274Z DEBUG netbaiot_transports::business_rpc::v3: business RPC V3 received frame stream_id=902 frame_type=Data payload_bytes=216
2026-09-26T01:40:37.841280Z DEBUG netbaiot_transports::business_rpc::v3: business RPC V3 received frame stream_id=904 frame_type=Data payload_bytes=216
2026-09-26T01:40:37.841281Z DEBUG netbaiot_transports::business_rpc::v3: business RPC V3 selected frame stream_id=0 frame_type=WindowUpdate payload_bytes=4
2026-09-26T01:40:37.841285Z DEBUG netbaiot_transports::business_rpc::v3: business RPC V3 received frame stream_id=908 frame_type=Data payload_bytes=216
2026-09-26T01:40:37.841298Z DEBUG netbaiot_transports::business_rpc::v3: business RPC V3 received frame stream_id=906 frame_type=Data payload_bytes=216
2026-09-26T01:40:37.841300Z DEBUG netbaiot_transports::business_rpc::v3: business RPC V3 writer completed frame stream_id=0 frame_type=WindowUpdate payload_bytes=4
2026-09-26T01:40:37.841305Z DEBUG netbaiot_transports::business_rpc::v3: business RPC V3 selected frame stream_id=0 frame_type=WindowUpdate payload_bytes=4
2026-09-26T01:40:37.841309Z DEBUG netbaiot_transports::business_rpc::v3: business RPC V3 writer completed frame stream_id=0 frame_type=WindowUpdate payload_bytes=4
2026-09-26T01:40:37.841312Z DEBUG netbaiot_transports::business_rpc::v3: business RPC V3 selected frame stream_id=0 frame_type=WindowUpdate payload_bytes=4
2026-09-26T01:40:37.841316Z DEBUG netbaiot_transports::business_rpc::v3: business RPC V3 writer completed frame stream_id=0 frame_type=WindowUpdate payload_bytes=4
2026-09-26T01:40:37.841319Z DEBUG netbaiot_transports::business_rpc::v3: business RPC V3 selected frame stream_id=0 frame_type=WindowUpdate payload_bytes=4
2026-09-26T01:40:37.841322Z DEBUG netbaiot_transports::business_rpc::v3: business RPC V3 writer completed frame stream_id=0 frame_type=WindowUpdate payload_bytes=4
2026-09-26T01:40:37.841324Z DEBUG netbaiot_transports::business_rpc::v3: business RPC V3 selected frame stream_id=0 frame_type=WindowUpdate payload_bytes=4
2026-09-26T01:40:37.841327Z DEBUG netbaiot_transports::business_rpc::v3: business RPC V3 writer completed frame stream_id=0 frame_type=WindowUpdate payload_bytes=4
2026-09-26T01:40:37.841844Z DEBUG netbaiot_transports::business_rpc::v3: business RPC V3 body entered scheduler stream_id=916 class=Rpc body_bytes=198
2026-09-26T01:40:37.841850Z DEBUG netbaiot_transports::business_rpc::v3: business RPC V3 selected frame stream_id=916 frame_type=Open payload_bytes=158
2026-09-26T01:40:37.841856Z DEBUG netbaiot_transports::business_rpc::v3: business RPC V3 writer completed frame stream_id=916 frame_type=Open payload_bytes=158
2026-09-26T01:40:37.841860Z DEBUG netbaiot_transports::business_rpc::v3: business RPC V3 selected frame stream_id=916 frame_type=Data payload_bytes=198
2026-09-26T01:40:37.841863Z DEBUG netbaiot_transports::business_rpc::v3: business RPC V3 writer completed frame stream_id=916 frame_type=Data payload_bytes=198
2026-09-26T01:40:37.841869Z DEBUG netbaiot_transports::business_rpc::v3: business RPC V3 body entered scheduler stream_id=918 class=Rpc body_bytes=198
2026-09-26T01:40:37.841874Z DEBUG netbaiot_transports::business_rpc::v3: business RPC V3 selected frame stream_id=918 frame_type=Open payload_bytes=158
2026-09-26T01:40:37.841878Z DEBUG netbaiot_transports::business_rpc::v3: business RPC V3 writer completed frame stream_id=918 frame_type=Open payload_bytes=158
2026-09-26T01:40:37.841881Z DEBUG netbaiot_transports::business_rpc::v3: business RPC V3 selected frame stream_id=918 frame_type=Data payload_bytes=198
2026-09-26T01:40:37.841884Z DEBUG netbaiot_transports::business_rpc::v3: business RPC V3 writer completed frame stream_id=918 frame_type=Data payload_bytes=198
2026-09-26T01:40:37.841929Z DEBUG netbaiot_transports::business_rpc::v3: business RPC V3 body entered scheduler stream_id=920 class=Rpc body_bytes=198
2026-09-26T01:40:37.841932Z DEBUG netbaiot_transports::business_rpc::v3: business RPC V3 selected frame stream_id=920 frame_type=Open payload_bytes=158
2026-09-26T01:40:37.841938Z DEBUG netbaiot_transports::business_rpc::v3: business RPC V3 writer completed frame stream_id=920 frame_type=Open payload_bytes=158
2026-09-26T01:40:37.841940Z DEBUG netbaiot_transports::business_rpc::v3: business RPC V3 selected frame stream_id=920 frame_type=Data payload_bytes=198
2026-09-26T01:40:37.841943Z DEBUG netbaiot_transports::business_rpc::v3: business RPC V3 writer completed frame stream_id=920 frame_type=Data payload_bytes=198
2026-09-26T01:40:37.841975Z DEBUG netbaiot_transports::business_rpc::v3: business RPC V3 body entered scheduler stream_id=922 class=Rpc body_bytes=198
2026-09-26T01:40:37.841979Z DEBUG netbaiot_transports::business_rpc::v3: business RPC V3 selected frame stream_id=922 frame_type=Open payload_bytes=158
2026-09-26T01:40:37.841982Z DEBUG netbaiot_transports::business_rpc::v3: business RPC V3 writer completed frame stream_id=922 frame_type=Open payload_bytes=158
2026-09-26T01:40:37.841985Z DEBUG netbaiot_transports::business_rpc::v3: business RPC V3 selected frame stream_id=922 frame_type=Data payload_bytes=198
2026-09-26T01:40:37.841988Z DEBUG netbaiot_transports::business_rpc::v3: business RPC V3 writer completed frame stream_id=922 frame_type=Data payload_bytes=198
2026-09-26T01:40:37.842028Z DEBUG netbaiot_transports::business_rpc::v3: business RPC V3 body entered scheduler stream_id=924 class=Rpc body_bytes=198
2026-09-26T01:40:37.842031Z DEBUG netbaiot_transports::business_rpc::v3: business RPC V3 selected frame stream_id=924 frame_type=Open payload_bytes=158
2026-09-26T01:40:37.842037Z DEBUG netbaiot_transports::business_rpc::v3: business RPC V3 writer completed frame stream_id=924 frame_type=Open payload_bytes=158
2026-09-26T01:40:37.842039Z DEBUG netbaiot_transports::business_rpc::v3: business RPC V3 selected frame stream_id=924 frame_type=Data payload_bytes=198
2026-09-26T01:40:37.842042Z DEBUG netbaiot_transports::business_rpc::v3: business RPC V3 writer completed frame stream_id=924 frame_type=Data payload_bytes=198
2026-09-26T01:40:37.868563Z DEBUG netbaiot_transports::business_rpc::v3: business RPC V3 received frame stream_id=0 frame_type=WindowUpdate payload_bytes=4
2026-09-26T01:40:37.868579Z DEBUG netbaiot_transports::business_rpc::v3: business RPC V3 received frame stream_id=0 frame_type=WindowUpdate payload_bytes=4
2026-09-26T01:40:37.868582Z DEBUG netbaiot_transports::business_rpc::v3: business RPC V3 received frame stream_id=914 frame_type=Response payload_bytes=35
2026-09-26T01:40:37.868588Z DEBUG netbaiot_transports::business_rpc::v3: business RPC V3 received frame stream_id=914 frame_type=Data payload_bytes=216
2026-09-26T01:40:37.868607Z DEBUG netbaiot_transports::business_rpc::v3: business RPC V3 received frame stream_id=912 frame_type=Response payload_bytes=35
2026-09-26T01:40:37.868610Z DEBUG netbaiot_transports::business_rpc::v3: business RPC V3 received frame stream_id=912 frame_type=Data payload_bytes=216
2026-09-26T01:40:37.868623Z DEBUG netbaiot_transports::business_rpc::v3: business RPC V3 selected frame stream_id=0 frame_type=WindowUpdate payload_bytes=4
2026-09-26T01:40:37.868672Z DEBUG netbaiot_transports::business_rpc::v3: business RPC V3 writer completed frame stream_id=0 frame_type=WindowUpdate payload_bytes=4
2026-09-26T01:40:37.868678Z DEBUG netbaiot_transports::business_rpc::v3: business RPC V3 selected frame stream_id=0 frame_type=WindowUpdate payload_bytes=4
2026-09-26T01:40:37.868683Z DEBUG netbaiot_transports::business_rpc::v3: business RPC V3 writer completed frame stream_id=0 frame_type=WindowUpdate payload_bytes=4
2026-09-26T01:40:37.869042Z DEBUG netbaiot_transports::business_rpc::v3: business RPC V3 body entered scheduler stream_id=926 class=Rpc body_bytes=198
2026-09-26T01:40:37.869048Z DEBUG netbaiot_transports::business_rpc::v3: business RPC V3 selected frame stream_id=926 frame_type=Open payload_bytes=158
2026-09-26T01:40:37.869055Z DEBUG netbaiot_transports::business_rpc::v3: business RPC V3 writer completed frame stream_id=926 frame_type=Open payload_bytes=158
2026-09-26T01:40:37.869059Z DEBUG netbaiot_transports::business_rpc::v3: business RPC V3 selected frame stream_id=926 frame_type=Data payload_bytes=198
2026-09-26T01:40:37.869062Z DEBUG netbaiot_transports::business_rpc::v3: business RPC V3 writer completed frame stream_id=926 frame_type=Data payload_bytes=198
2026-09-26T01:40:37.869108Z DEBUG netbaiot_transports::business_rpc::v3: business RPC V3 body entered scheduler stream_id=928 class=Rpc body_bytes=198
2026-09-26T01:40:37.869112Z DEBUG netbaiot_transports::business_rpc::v3: business RPC V3 selected frame stream_id=928 frame_type=Open payload_bytes=158
2026-09-26T01:40:37.869115Z DEBUG netbaiot_transports::business_rpc::v3: business RPC V3 writer completed frame stream_id=928 frame_type=Open payload_bytes=158
2026-09-26T01:40:37.869118Z DEBUG netbaiot_transports::business_rpc::v3: business RPC V3 selected frame stream_id=928 frame_type=Data payload_bytes=198
2026-09-26T01:40:37.869122Z DEBUG netbaiot_transports::business_rpc::v3: business RPC V3 writer completed frame stream_id=928 frame_type=Data payload_bytes=198
2026-09-26T01:40:37.887404Z DEBUG netbaiot_transports::business_rpc::v3: business RPC V3 body entered scheduler stream_id=930 class=Rpc body_bytes=198
2026-09-26T01:40:37.887435Z DEBUG netbaiot_transports::business_rpc::v3: business RPC V3 selected frame stream_id=930 frame_type=Open payload_bytes=158
2026-09-26T01:40:37.887454Z DEBUG netbaiot_transports::business_rpc::v3: business RPC V3 writer completed frame stream_id=930 frame_type=Open payload_bytes=158
2026-09-26T01:40:37.887463Z DEBUG netbaiot_transports::business_rpc::v3: business RPC V3 selected frame stream_id=930 frame_type=Data payload_bytes=198
2026-09-26T01:40:37.887471Z DEBUG netbaiot_transports::business_rpc::v3: business RPC V3 writer completed frame stream_id=930 frame_type=Data payload_bytes=198
2026-09-26T01:40:37.899647Z DEBUG netbaiot_transports::business_rpc::v3: business RPC V3 body entered scheduler stream_id=932 class=Rpc body_bytes=198
2026-09-26T01:40:37.899688Z DEBUG netbaiot_transports::business_rpc::v3: business RPC V3 selected frame stream_id=932 frame_type=Open payload_bytes=158
2026-09-26T01:40:37.899708Z DEBUG netbaiot_transports::business_rpc::v3: business RPC V3 writer completed frame stream_id=932 frame_type=Open payload_bytes=158
2026-09-26T01:40:37.899716Z DEBUG netbaiot_transports::business_rpc::v3: business RPC V3 selected frame stream_id=932 frame_type=Data payload_bytes=198
2026-09-26T01:40:37.899725Z DEBUG netbaiot_transports::business_rpc::v3: business RPC V3 writer completed frame stream_id=932 frame_type=Data payload_bytes=198
2026-09-26T01:40:37.958631Z DEBUG netbaiot_transports::business_rpc::v3: business RPC V3 received frame stream_id=0 frame_type=WindowUpdate payload_bytes=4
2026-09-26T01:40:37.958650Z DEBUG netbaiot_transports::business_rpc::v3: business RPC V3 received frame stream_id=0 frame_type=WindowUpdate payload_bytes=4
2026-09-26T01:40:37.958653Z DEBUG netbaiot_transports::business_rpc::v3: business RPC V3 received frame stream_id=0 frame_type=WindowUpdate payload_bytes=4
2026-09-26T01:40:37.958656Z DEBUG netbaiot_transports::business_rpc::v3: business RPC V3 received frame stream_id=0 frame_type=WindowUpdate payload_bytes=4
2026-09-26T01:40:37.958658Z DEBUG netbaiot_transports::business_rpc::v3: business RPC V3 received frame stream_id=0 frame_type=WindowUpdate payload_bytes=4
2026-09-26T01:40:37.958660Z DEBUG netbaiot_transports::business_rpc::v3: business RPC V3 received frame stream_id=924 frame_type=Response payload_bytes=35
2026-09-26T01:40:37.958666Z DEBUG netbaiot_transports::business_rpc::v3: business RPC V3 received frame stream_id=918 frame_type=Response payload_bytes=35
2026-09-26T01:40:37.958669Z DEBUG netbaiot_transports::business_rpc::v3: business RPC V3 received frame stream_id=916 frame_type=Response payload_bytes=35
2026-09-26T01:40:37.958671Z DEBUG netbaiot_transports::business_rpc::v3: business RPC V3 received frame stream_id=920 frame_type=Response payload_bytes=35
2026-09-26T01:40:37.958674Z DEBUG netbaiot_transports::business_rpc::v3: business RPC V3 received frame stream_id=924 frame_type=Data payload_bytes=216
2026-09-26T01:40:37.958693Z DEBUG netbaiot_transports::business_rpc::v3: business RPC V3 received frame stream_id=922 frame_type=Response payload_bytes=35
2026-09-26T01:40:37.958696Z DEBUG netbaiot_transports::business_rpc::v3: business RPC V3 received frame stream_id=918 frame_type=Data payload_bytes=216
2026-09-26T01:40:37.958702Z DEBUG netbaiot_transports::business_rpc::v3: business RPC V3 received frame stream_id=916 frame_type=Data payload_bytes=216
2026-09-26T01:40:37.958708Z DEBUG netbaiot_transports::business_rpc::v3: business RPC V3 received frame stream_id=920 frame_type=Data payload_bytes=216
2026-09-26T01:40:37.958707Z DEBUG netbaiot_transports::business_rpc::v3: business RPC V3 selected frame stream_id=0 frame_type=WindowUpdate payload_bytes=4
2026-09-26T01:40:37.958713Z DEBUG netbaiot_transports::business_rpc::v3: business RPC V3 received frame stream_id=922 frame_type=Data payload_bytes=216
2026-09-26T01:40:37.958758Z DEBUG netbaiot_transports::business_rpc::v3: business RPC V3 writer completed frame stream_id=0 frame_type=WindowUpdate payload_bytes=4
2026-09-26T01:40:37.958787Z DEBUG netbaiot_transports::business_rpc::v3: business RPC V3 selected frame stream_id=0 frame_type=WindowUpdate payload_bytes=4
2026-09-26T01:40:37.958800Z DEBUG netbaiot_transports::business_rpc::v3: business RPC V3 writer completed frame stream_id=0 frame_type=WindowUpdate payload_bytes=4
2026-09-26T01:40:37.958808Z DEBUG netbaiot_transports::business_rpc::v3: business RPC V3 selected frame stream_id=0 frame_type=WindowUpdate payload_bytes=4
2026-09-26T01:40:37.958816Z DEBUG netbaiot_transports::business_rpc::v3: business RPC V3 writer completed frame stream_id=0 frame_type=WindowUpdate payload_bytes=4
2026-09-26T01:40:37.958822Z DEBUG netbaiot_transports::business_rpc::v3: business RPC V3 selected frame stream_id=0 frame_type=WindowUpdate payload_bytes=4
2026-09-26T01:40:37.958830Z DEBUG netbaiot_transports::business_rpc::v3: business RPC V3 writer completed frame stream_id=0 frame_type=WindowUpdate payload_bytes=4
2026-09-26T01:40:37.958837Z DEBUG netbaiot_transports::business_rpc::v3: business RPC V3 selected frame stream_id=0 frame_type=WindowUpdate payload_bytes=4
2026-09-26T01:40:37.958846Z DEBUG netbaiot_transports::business_rpc::v3: business RPC V3 writer completed frame stream_id=0 frame_type=WindowUpdate payload_bytes=4
2026-09-26T01:40:37.959351Z DEBUG netbaiot_transports::business_rpc::v3: business RPC V3 body entered scheduler stream_id=934 class=Rpc body_bytes=198
2026-09-26T01:40:37.959359Z DEBUG netbaiot_transports::business_rpc::v3: business RPC V3 selected frame stream_id=934 frame_type=Open payload_bytes=158
2026-09-26T01:40:37.959367Z DEBUG netbaiot_transports::business_rpc::v3: business RPC V3 writer completed frame stream_id=934 frame_type=Open payload_bytes=158
2026-09-26T01:40:37.959370Z DEBUG netbaiot_transports::business_rpc::v3: business RPC V3 selected frame stream_id=934 frame_type=Data payload_bytes=198
2026-09-26T01:40:37.959374Z DEBUG netbaiot_transports::business_rpc::v3: business RPC V3 writer completed frame stream_id=934 frame_type=Data payload_bytes=198
2026-09-26T01:40:37.959445Z DEBUG netbaiot_transports::business_rpc::v3: business RPC V3 body entered scheduler stream_id=936 class=Rpc body_bytes=198
2026-09-26T01:40:37.959482Z DEBUG netbaiot_transports::business_rpc::v3: business RPC V3 selected frame stream_id=936 frame_type=Open payload_bytes=158
2026-09-26T01:40:37.959499Z DEBUG netbaiot_transports::business_rpc::v3: business RPC V3 writer completed frame stream_id=936 frame_type=Open payload_bytes=158
2026-09-26T01:40:37.959511Z DEBUG netbaiot_transports::business_rpc::v3: business RPC V3 selected frame stream_id=936 frame_type=Data payload_bytes=198
2026-09-26T01:40:37.959520Z DEBUG netbaiot_transports::business_rpc::v3: business RPC V3 writer completed frame stream_id=936 frame_type=Data payload_bytes=198
2026-09-26T01:40:37.959526Z DEBUG netbaiot_transports::business_rpc::v3: business RPC V3 body entered scheduler stream_id=938 class=Rpc body_bytes=198
2026-09-26T01:40:37.959531Z DEBUG netbaiot_transports::business_rpc::v3: business RPC V3 selected frame stream_id=938 frame_type=Open payload_bytes=158
2026-09-26T01:40:37.959538Z DEBUG netbaiot_transports::business_rpc::v3: business RPC V3 writer completed frame stream_id=938 frame_type=Open payload_bytes=158
2026-09-26T01:40:37.959543Z DEBUG netbaiot_transports::business_rpc::v3: business RPC V3 selected frame stream_id=938 frame_type=Data payload_bytes=198
2026-09-26T01:40:37.959551Z DEBUG netbaiot_transports::business_rpc::v3: business RPC V3 writer completed frame stream_id=938 frame_type=Data payload_bytes=198
2026-09-26T01:40:37.959574Z DEBUG netbaiot_transports::business_rpc::v3: business RPC V3 body entered scheduler stream_id=940 class=Rpc body_bytes=198
2026-09-26T01:40:37.959585Z DEBUG netbaiot_transports::business_rpc::v3: business RPC V3 selected frame stream_id=940 frame_type=Open payload_bytes=158
2026-09-26T01:40:37.959598Z DEBUG netbaiot_transports::business_rpc::v3: business RPC V3 writer completed frame stream_id=940 frame_type=Open payload_bytes=158
2026-09-26T01:40:37.959606Z DEBUG netbaiot_transports::business_rpc::v3: business RPC V3 selected frame stream_id=940 frame_type=Data payload_bytes=198
2026-09-26T01:40:37.959614Z DEBUG netbaiot_transports::business_rpc::v3: business RPC V3 writer completed frame stream_id=940 frame_type=Data payload_bytes=198
2026-09-26T01:40:37.959631Z DEBUG netbaiot_transports::business_rpc::v3: business RPC V3 body entered scheduler stream_id=942 class=Rpc body_bytes=198
2026-09-26T01:40:37.959638Z DEBUG netbaiot_transports::business_rpc::v3: business RPC V3 selected frame stream_id=942 frame_type=Open payload_bytes=158
2026-09-26T01:40:37.959649Z DEBUG netbaiot_transports::business_rpc::v3: business RPC V3 writer completed frame stream_id=942 frame_type=Open payload_bytes=158
2026-09-26T01:40:37.959655Z DEBUG netbaiot_transports::business_rpc::v3: business RPC V3 selected frame stream_id=942 frame_type=Data payload_bytes=198
2026-09-26T01:40:37.959662Z DEBUG netbaiot_transports::business_rpc::v3: business RPC V3 writer completed frame stream_id=942 frame_type=Data payload_bytes=198
2026-09-26T01:40:37.962930Z DEBUG netbaiot_transports::business_rpc::v3: business RPC V3 body entered scheduler stream_id=944 class=Rpc body_bytes=198
2026-09-26T01:40:37.962966Z DEBUG netbaiot_transports::business_rpc::v3: business RPC V3 selected frame stream_id=944 frame_type=Open payload_bytes=158
2026-09-26T01:40:37.962986Z DEBUG netbaiot_transports::business_rpc::v3: business RPC V3 writer completed frame stream_id=944 frame_type=Open payload_bytes=158
2026-09-26T01:40:37.962996Z DEBUG netbaiot_transports::business_rpc::v3: business RPC V3 selected frame stream_id=944 frame_type=Data payload_bytes=198
2026-09-26T01:40:37.963004Z DEBUG netbaiot_transports::business_rpc::v3: business RPC V3 writer completed frame stream_id=944 frame_type=Data payload_bytes=198
2026-09-26T01:40:37.988797Z DEBUG netbaiot_transports::business_rpc::v3: business RPC V3 received frame stream_id=0 frame_type=WindowUpdate payload_bytes=4
2026-09-26T01:40:37.988832Z DEBUG netbaiot_transports::business_rpc::v3: business RPC V3 received frame stream_id=0 frame_type=WindowUpdate payload_bytes=4
2026-09-26T01:40:37.988840Z DEBUG netbaiot_transports::business_rpc::v3: business RPC V3 received frame stream_id=0 frame_type=WindowUpdate payload_bytes=4
2026-09-26T01:40:37.988846Z DEBUG netbaiot_transports::business_rpc::v3: business RPC V3 received frame stream_id=0 frame_type=WindowUpdate payload_bytes=4
2026-09-26T01:40:37.988852Z DEBUG netbaiot_transports::business_rpc::v3: business RPC V3 received frame stream_id=932 frame_type=Response payload_bytes=35
2026-09-26T01:40:37.988860Z DEBUG netbaiot_transports::business_rpc::v3: business RPC V3 received frame stream_id=928 frame_type=Response payload_bytes=35
2026-09-26T01:40:37.988866Z DEBUG netbaiot_transports::business_rpc::v3: business RPC V3 received frame stream_id=926 frame_type=Response payload_bytes=35
2026-09-26T01:40:37.988872Z DEBUG netbaiot_transports::business_rpc::v3: business RPC V3 received frame stream_id=930 frame_type=Response payload_bytes=35
2026-09-26T01:40:37.988878Z DEBUG netbaiot_transports::business_rpc::v3: business RPC V3 received frame stream_id=932 frame_type=Data payload_bytes=216
2026-09-26T01:40:37.988906Z DEBUG netbaiot_transports::business_rpc::v3: business RPC V3 received frame stream_id=928 frame_type=Data payload_bytes=216
2026-09-26T01:40:37.988918Z DEBUG netbaiot_transports::business_rpc::v3: business RPC V3 received frame stream_id=926 frame_type=Data payload_bytes=216
2026-09-26T01:40:37.988928Z DEBUG netbaiot_transports::business_rpc::v3: business RPC V3 received frame stream_id=930 frame_type=Data payload_bytes=216
2026-09-26T01:40:37.989003Z DEBUG netbaiot_transports::business_rpc::v3: business RPC V3 selected frame stream_id=0 frame_type=WindowUpdate payload_bytes=4
2026-09-26T01:40:37.989020Z DEBUG netbaiot_transports::business_rpc::v3: business RPC V3 writer completed frame stream_id=0 frame_type=WindowUpdate payload_bytes=4
2026-09-26T01:40:37.989026Z DEBUG netbaiot_transports::business_rpc::v3: business RPC V3 selected frame stream_id=0 frame_type=WindowUpdate payload_bytes=4
2026-09-26T01:40:37.989033Z DEBUG netbaiot_transports::business_rpc::v3: business RPC V3 writer completed frame stream_id=0 frame_type=WindowUpdate payload_bytes=4
2026-09-26T01:40:37.989038Z DEBUG netbaiot_transports::business_rpc::v3: business RPC V3 selected frame stream_id=0 frame_type=WindowUpdate payload_bytes=4
2026-09-26T01:40:37.989045Z DEBUG netbaiot_transports::business_rpc::v3: business RPC V3 writer completed frame stream_id=0 frame_type=WindowUpdate payload_bytes=4
2026-09-26T01:40:37.989050Z DEBUG netbaiot_transports::business_rpc::v3: business RPC V3 selected frame stream_id=0 frame_type=WindowUpdate payload_bytes=4
2026-09-26T01:40:37.989057Z DEBUG netbaiot_transports::business_rpc::v3: business RPC V3 writer completed frame stream_id=0 frame_type=WindowUpdate payload_bytes=4
2026-09-26T01:40:38.044559Z DEBUG netbaiot_transports::business_rpc::v3: business RPC V3 body entered scheduler stream_id=946 class=Event body_bytes=17366
2026-09-26T01:40:38.044579Z DEBUG netbaiot_transports::business_rpc::v3: business RPC V3 selected frame stream_id=946 frame_type=Open payload_bytes=184
2026-09-26T01:40:38.044592Z DEBUG netbaiot_transports::business_rpc::v3: business RPC V3 writer completed frame stream_id=946 frame_type=Open payload_bytes=184
2026-09-26T01:40:38.044597Z DEBUG netbaiot_transports::business_rpc::v3: business RPC V3 selected frame stream_id=946 frame_type=Data payload_bytes=8192
2026-09-26T01:40:38.044602Z DEBUG netbaiot_transports::business_rpc::v3: business RPC V3 writer completed frame stream_id=946 frame_type=Data payload_bytes=8192
2026-09-26T01:40:38.044604Z DEBUG netbaiot_transports::business_rpc::v3: business RPC V3 selected frame stream_id=946 frame_type=Data payload_bytes=8192
2026-09-26T01:40:38.044612Z DEBUG netbaiot_transports::business_rpc::v3: business RPC V3 writer completed frame stream_id=946 frame_type=Data payload_bytes=8192
2026-09-26T01:40:38.044614Z DEBUG netbaiot_transports::business_rpc::v3: business RPC V3 selected frame stream_id=946 frame_type=Data payload_bytes=982
2026-09-26T01:40:38.044618Z DEBUG netbaiot_transports::business_rpc::v3: business RPC V3 writer completed frame stream_id=946 frame_type=Data payload_bytes=982
2026-09-26T01:40:38.078582Z DEBUG netbaiot_transports::business_rpc::v3: business RPC V3 received frame stream_id=0 frame_type=WindowUpdate payload_bytes=4
2026-09-26T01:40:38.078621Z DEBUG netbaiot_transports::business_rpc::v3: business RPC V3 received frame stream_id=0 frame_type=WindowUpdate payload_bytes=4
2026-09-26T01:40:38.078630Z DEBUG netbaiot_transports::business_rpc::v3: business RPC V3 received frame stream_id=0 frame_type=WindowUpdate payload_bytes=4
2026-09-26T01:40:38.078635Z DEBUG netbaiot_transports::business_rpc::v3: business RPC V3 received frame stream_id=0 frame_type=WindowUpdate payload_bytes=4
2026-09-26T01:40:38.078641Z DEBUG netbaiot_transports::business_rpc::v3: business RPC V3 received frame stream_id=0 frame_type=WindowUpdate payload_bytes=4
2026-09-26T01:40:38.078646Z DEBUG netbaiot_transports::business_rpc::v3: business RPC V3 received frame stream_id=0 frame_type=WindowUpdate payload_bytes=4
2026-09-26T01:40:38.078650Z DEBUG netbaiot_transports::business_rpc::v3: business RPC V3 received frame stream_id=936 frame_type=Response payload_bytes=35
2026-09-26T01:40:38.078658Z DEBUG netbaiot_transports::business_rpc::v3: business RPC V3 received frame stream_id=944 frame_type=Response payload_bytes=35
2026-09-26T01:40:38.078664Z DEBUG netbaiot_transports::business_rpc::v3: business RPC V3 received frame stream_id=940 frame_type=Response payload_bytes=35
2026-09-26T01:40:38.078669Z DEBUG netbaiot_transports::business_rpc::v3: business RPC V3 received frame stream_id=936 frame_type=Data payload_bytes=216
2026-09-26T01:40:38.078694Z DEBUG netbaiot_transports::business_rpc::v3: business RPC V3 received frame stream_id=942 frame_type=Response payload_bytes=35
2026-09-26T01:40:38.078701Z DEBUG netbaiot_transports::business_rpc::v3: business RPC V3 received frame stream_id=934 frame_type=Response payload_bytes=35
2026-09-26T01:40:38.078707Z DEBUG netbaiot_transports::business_rpc::v3: business RPC V3 received frame stream_id=938 frame_type=Response payload_bytes=35
2026-09-26T01:40:38.078705Z DEBUG netbaiot_transports::business_rpc::v3: business RPC V3 selected frame stream_id=0 frame_type=WindowUpdate payload_bytes=4
2026-09-26T01:40:38.078717Z DEBUG netbaiot_transports::business_rpc::v3: business RPC V3 received frame stream_id=944 frame_type=Data payload_bytes=216
2026-09-26T01:40:38.078743Z DEBUG netbaiot_transports::business_rpc::v3: business RPC V3 writer completed frame stream_id=0 frame_type=WindowUpdate payload_bytes=4
2026-09-26T01:40:38.078760Z DEBUG netbaiot_transports::business_rpc::v3: business RPC V3 selected frame stream_id=0 frame_type=WindowUpdate payload_bytes=4
2026-09-26T01:40:38.078764Z DEBUG netbaiot_transports::business_rpc::v3: business RPC V3 received frame stream_id=940 frame_type=Data payload_bytes=216
2026-09-26T01:40:38.078770Z DEBUG netbaiot_transports::business_rpc::v3: business RPC V3 writer completed frame stream_id=0 frame_type=WindowUpdate payload_bytes=4
2026-09-26T01:40:38.078785Z DEBUG netbaiot_transports::business_rpc::v3: business RPC V3 selected frame stream_id=0 frame_type=WindowUpdate payload_bytes=4
2026-09-26T01:40:38.078786Z DEBUG netbaiot_transports::business_rpc::v3: business RPC V3 received frame stream_id=942 frame_type=Data payload_bytes=216
2026-09-26T01:40:38.078798Z DEBUG netbaiot_transports::business_rpc::v3: business RPC V3 writer completed frame stream_id=0 frame_type=WindowUpdate payload_bytes=4
2026-09-26T01:40:38.078810Z DEBUG netbaiot_transports::business_rpc::v3: business RPC V3 received frame stream_id=934 frame_type=Data payload_bytes=216
2026-09-26T01:40:38.078811Z DEBUG netbaiot_transports::business_rpc::v3: business RPC V3 selected frame stream_id=0 frame_type=WindowUpdate payload_bytes=4
2026-09-26T01:40:38.078826Z DEBUG netbaiot_transports::business_rpc::v3: business RPC V3 received frame stream_id=938 frame_type=Data payload_bytes=216
2026-09-26T01:40:38.078847Z DEBUG netbaiot_transports::business_rpc::v3: business RPC V3 writer completed frame stream_id=0 frame_type=WindowUpdate payload_bytes=4
2026-09-26T01:40:38.078864Z DEBUG netbaiot_transports::business_rpc::v3: business RPC V3 selected frame stream_id=0 frame_type=WindowUpdate payload_bytes=4
2026-09-26T01:40:38.078875Z DEBUG netbaiot_transports::business_rpc::v3: business RPC V3 writer completed frame stream_id=0 frame_type=WindowUpdate payload_bytes=4
2026-09-26T01:40:38.078881Z DEBUG netbaiot_transports::business_rpc::v3: business RPC V3 selected frame stream_id=0 frame_type=WindowUpdate payload_bytes=4
2026-09-26T01:40:38.078888Z DEBUG netbaiot_transports::business_rpc::v3: business RPC V3 writer completed frame stream_id=0 frame_type=WindowUpdate payload_bytes=4
2026-09-26T01:40:38.187167Z DEBUG netbaiot_transports::business_rpc::v3: business RPC V3 received frame stream_id=0 frame_type=WindowUpdate payload_bytes=4
2026-09-26T01:40:38.187209Z DEBUG netbaiot_transports::business_rpc::v3: business RPC V3 received frame stream_id=946 frame_type=WindowUpdate payload_bytes=4
2026-09-26T01:40:38.214276Z DEBUG netbaiot_transports::business_rpc::v3: business RPC V3 received frame stream_id=0 frame_type=WindowUpdate payload_bytes=4
2026-09-26T01:40:38.214319Z DEBUG netbaiot_transports::business_rpc::v3: business RPC V3 received frame stream_id=946 frame_type=WindowUpdate payload_bytes=4
2026-09-26T01:40:38.214328Z DEBUG netbaiot_transports::business_rpc::v3: business RPC V3 received frame stream_id=0 frame_type=WindowUpdate payload_bytes=4
2026-09-26T01:40:38.214334Z DEBUG netbaiot_transports::business_rpc::v3: business RPC V3 received frame stream_id=946 frame_type=Response payload_bytes=35
2026-09-26T01:40:38.214343Z DEBUG netbaiot_transports::business_rpc::v3: business RPC V3 received frame stream_id=946 frame_type=Data payload_bytes=118
2026-09-26T01:40:38.214352Z DEBUG netbaiot_transports::business_rpc::v3: business RPC V3 Event delivery acknowledged stream_id=946 completion_us=169800
2026-09-26T01:40:38.214375Z DEBUG netbaiot_transports::business_rpc::v3: business RPC V3 selected frame stream_id=0 frame_type=WindowUpdate payload_bytes=4
2026-09-26T01:40:38.214402Z DEBUG netbaiot_transports::business_rpc::v3: business RPC V3 writer completed frame stream_id=0 frame_type=WindowUpdate payload_bytes=4
2026-09-26T01:40:38.302485Z DEBUG netbaiot_transports::business_rpc::v3: business RPC V3 received frame stream_id=0 frame_type=Ping payload_bytes=8
2026-09-26T01:40:38.302526Z DEBUG netbaiot_transports::business_rpc::v3: business RPC V3 selected frame stream_id=0 frame_type=Pong payload_bytes=8
2026-09-26T01:40:38.302544Z DEBUG netbaiot_transports::business_rpc::v3: business RPC V3 writer completed frame stream_id=0 frame_type=Pong payload_bytes=8
2026-09-26T01:40:38.460983Z DEBUG netbaiot_transports::business_rpc::v3: business RPC V3 body entered scheduler stream_id=948 class=Rpc body_bytes=198
2026-09-26T01:40:38.461016Z DEBUG netbaiot_transports::business_rpc::v3: business RPC V3 selected frame stream_id=948 frame_type=Open payload_bytes=158
2026-09-26T01:40:38.461045Z DEBUG netbaiot_transports::business_rpc::v3: business RPC V3 writer completed frame stream_id=948 frame_type=Open payload_bytes=158
2026-09-26T01:40:38.461054Z DEBUG netbaiot_transports::business_rpc::v3: business RPC V3 selected frame stream_id=948 frame_type=Data payload_bytes=198
2026-09-26T01:40:38.461063Z DEBUG netbaiot_transports::business_rpc::v3: business RPC V3 writer completed frame stream_id=948 frame_type=Data payload_bytes=198
2026-09-26T01:40:38.478160Z DEBUG netbaiot_transports::business_rpc::v3: business RPC V3 body entered scheduler stream_id=950 class=Rpc body_bytes=198
2026-09-26T01:40:38.478196Z DEBUG netbaiot_transports::business_rpc::v3: business RPC V3 selected frame stream_id=950 frame_type=Open payload_bytes=158
2026-09-26T01:40:38.478211Z DEBUG netbaiot_transports::business_rpc::v3: business RPC V3 writer completed frame stream_id=950 frame_type=Open payload_bytes=158
2026-09-26T01:40:38.478219Z DEBUG netbaiot_transports::business_rpc::v3: business RPC V3 selected frame stream_id=950 frame_type=Data payload_bytes=198
2026-09-26T01:40:38.478229Z DEBUG netbaiot_transports::business_rpc::v3: business RPC V3 writer completed frame stream_id=950 frame_type=Data payload_bytes=198
2026-09-26T01:40:38.507749Z DEBUG netbaiot_transports::business_rpc::v3: business RPC V3 body entered scheduler stream_id=952 class=Rpc body_bytes=198
2026-09-26T01:40:38.507778Z DEBUG netbaiot_transports::business_rpc::v3: business RPC V3 selected frame stream_id=952 frame_type=Open payload_bytes=158
2026-09-26T01:40:38.507790Z DEBUG netbaiot_transports::business_rpc::v3: business RPC V3 writer completed frame stream_id=952 frame_type=Open payload_bytes=158
2026-09-26T01:40:38.507795Z DEBUG netbaiot_transports::business_rpc::v3: business RPC V3 selected frame stream_id=952 frame_type=Data payload_bytes=198
2026-09-26T01:40:38.507799Z DEBUG netbaiot_transports::business_rpc::v3: business RPC V3 writer completed frame stream_id=952 frame_type=Data payload_bytes=198
2026-09-26T01:40:38.518537Z DEBUG netbaiot_transports::business_rpc::v3: business RPC V3 body entered scheduler stream_id=954 class=Rpc body_bytes=198
2026-09-26T01:40:38.518565Z DEBUG netbaiot_transports::business_rpc::v3: business RPC V3 selected frame stream_id=954 frame_type=Open payload_bytes=158
2026-09-26T01:40:38.518582Z DEBUG netbaiot_transports::business_rpc::v3: business RPC V3 writer completed frame stream_id=954 frame_type=Open payload_bytes=158
2026-09-26T01:40:38.518591Z DEBUG netbaiot_transports::business_rpc::v3: business RPC V3 selected frame stream_id=954 frame_type=Data payload_bytes=198
2026-09-26T01:40:38.518601Z DEBUG netbaiot_transports::business_rpc::v3: business RPC V3 writer completed frame stream_id=954 frame_type=Data payload_bytes=198
2026-09-26T01:40:38.544359Z DEBUG netbaiot_transports::business_rpc::v3: business RPC V3 body entered scheduler stream_id=956 class=Event body_bytes=17366
2026-09-26T01:40:38.544386Z DEBUG netbaiot_transports::business_rpc::v3: business RPC V3 selected frame stream_id=956 frame_type=Open payload_bytes=184
2026-09-26T01:40:38.544412Z DEBUG netbaiot_transports::business_rpc::v3: business RPC V3 writer completed frame stream_id=956 frame_type=Open payload_bytes=184
2026-09-26T01:40:38.544422Z DEBUG netbaiot_transports::business_rpc::v3: business RPC V3 selected frame stream_id=956 frame_type=Data payload_bytes=8192
2026-09-26T01:40:38.544431Z DEBUG netbaiot_transports::business_rpc::v3: business RPC V3 writer completed frame stream_id=956 frame_type=Data payload_bytes=8192
2026-09-26T01:40:38.544437Z DEBUG netbaiot_transports::business_rpc::v3: business RPC V3 selected frame stream_id=956 frame_type=Data payload_bytes=8192
2026-09-26T01:40:38.544448Z DEBUG netbaiot_transports::business_rpc::v3: business RPC V3 writer completed frame stream_id=956 frame_type=Data payload_bytes=8192
2026-09-26T01:40:38.544454Z DEBUG netbaiot_transports::business_rpc::v3: business RPC V3 selected frame stream_id=956 frame_type=Data payload_bytes=982
2026-09-26T01:40:38.544463Z DEBUG netbaiot_transports::business_rpc::v3: business RPC V3 writer completed frame stream_id=956 frame_type=Data payload_bytes=982
2026-09-26T01:40:38.571673Z DEBUG netbaiot_transports::business_rpc::v3: business RPC V3 received frame stream_id=0 frame_type=WindowUpdate payload_bytes=4
2026-09-26T01:40:38.571711Z DEBUG netbaiot_transports::business_rpc::v3: business RPC V3 received frame stream_id=0 frame_type=WindowUpdate payload_bytes=4
2026-09-26T01:40:38.571723Z DEBUG netbaiot_transports::business_rpc::v3: business RPC V3 received frame stream_id=950 frame_type=Response payload_bytes=35
2026-09-26T01:40:38.571735Z DEBUG netbaiot_transports::business_rpc::v3: business RPC V3 received frame stream_id=950 frame_type=Data payload_bytes=216
2026-09-26T01:40:38.571761Z DEBUG netbaiot_transports::business_rpc::v3: business RPC V3 received frame stream_id=948 frame_type=Response payload_bytes=35
2026-09-26T01:40:38.571771Z DEBUG netbaiot_transports::business_rpc::v3: business RPC V3 received frame stream_id=948 frame_type=Data payload_bytes=216
2026-09-26T01:40:38.571774Z DEBUG netbaiot_transports::business_rpc::v3: business RPC V3 selected frame stream_id=0 frame_type=WindowUpdate payload_bytes=4
2026-09-26T01:40:38.571801Z DEBUG netbaiot_transports::business_rpc::v3: business RPC V3 writer completed frame stream_id=0 frame_type=WindowUpdate payload_bytes=4
2026-09-26T01:40:38.571824Z DEBUG netbaiot_transports::business_rpc::v3: business RPC V3 selected frame stream_id=0 frame_type=WindowUpdate payload_bytes=4
2026-09-26T01:40:38.571835Z DEBUG netbaiot_transports::business_rpc::v3: business RPC V3 writer completed frame stream_id=0 frame_type=WindowUpdate payload_bytes=4
2026-09-26T01:40:38.579126Z DEBUG netbaiot_transports::business_rpc::v3: business RPC V3 body entered scheduler stream_id=958 class=Rpc body_bytes=198
2026-09-26T01:40:38.579150Z DEBUG netbaiot_transports::business_rpc::v3: business RPC V3 selected frame stream_id=958 frame_type=Open payload_bytes=158
2026-09-26T01:40:38.579159Z DEBUG netbaiot_transports::business_rpc::v3: business RPC V3 writer completed frame stream_id=958 frame_type=Open payload_bytes=158
2026-09-26T01:40:38.579163Z DEBUG netbaiot_transports::business_rpc::v3: business RPC V3 selected frame stream_id=958 frame_type=Data payload_bytes=198
2026-09-26T01:40:38.579167Z DEBUG netbaiot_transports::business_rpc::v3: business RPC V3 writer completed frame stream_id=958 frame_type=Data payload_bytes=198
2026-09-26T01:40:38.599300Z DEBUG netbaiot_transports::business_rpc::v3: business RPC V3 received frame stream_id=0 frame_type=WindowUpdate payload_bytes=4
2026-09-26T01:40:38.599321Z DEBUG netbaiot_transports::business_rpc::v3: business RPC V3 received frame stream_id=952 frame_type=Response payload_bytes=35
2026-09-26T01:40:38.599328Z DEBUG netbaiot_transports::business_rpc::v3: business RPC V3 received frame stream_id=952 frame_type=Data payload_bytes=216
2026-09-26T01:40:38.599360Z DEBUG netbaiot_transports::business_rpc::v3: business RPC V3 selected frame stream_id=0 frame_type=WindowUpdate payload_bytes=4
2026-09-26T01:40:38.599396Z DEBUG netbaiot_transports::business_rpc::v3: business RPC V3 writer completed frame stream_id=0 frame_type=WindowUpdate payload_bytes=4
2026-09-26T01:40:38.625389Z DEBUG netbaiot_transports::business_rpc::v3: business RPC V3 body entered scheduler stream_id=960 class=Rpc body_bytes=198
2026-09-26T01:40:38.625411Z DEBUG netbaiot_transports::business_rpc::v3: business RPC V3 selected frame stream_id=960 frame_type=Open payload_bytes=158
2026-09-26T01:40:38.625426Z DEBUG netbaiot_transports::business_rpc::v3: business RPC V3 writer completed frame stream_id=960 frame_type=Open payload_bytes=158
2026-09-26T01:40:38.625430Z DEBUG netbaiot_transports::business_rpc::v3: business RPC V3 selected frame stream_id=960 frame_type=Data payload_bytes=198
2026-09-26T01:40:38.625435Z DEBUG netbaiot_transports::business_rpc::v3: business RPC V3 writer completed frame stream_id=960 frame_type=Data payload_bytes=198
2026-09-26T01:40:38.625551Z DEBUG netbaiot_transports::business_rpc::v3: business RPC V3 received frame stream_id=0 frame_type=WindowUpdate payload_bytes=4
2026-09-26T01:40:38.625557Z DEBUG netbaiot_transports::business_rpc::v3: business RPC V3 received frame stream_id=954 frame_type=Response payload_bytes=35
2026-09-26T01:40:38.625562Z DEBUG netbaiot_transports::business_rpc::v3: business RPC V3 received frame stream_id=954 frame_type=Data payload_bytes=216
2026-09-26T01:40:38.625582Z DEBUG netbaiot_transports::business_rpc::v3: business RPC V3 selected frame stream_id=0 frame_type=WindowUpdate payload_bytes=4
2026-09-26T01:40:38.625594Z DEBUG netbaiot_transports::business_rpc::v3: business RPC V3 writer completed frame stream_id=0 frame_type=WindowUpdate payload_bytes=4
2026-09-26T01:40:38.658018Z DEBUG netbaiot_transports::business_rpc::v3: business RPC V3 body entered scheduler stream_id=962 class=Rpc body_bytes=198
2026-09-26T01:40:38.658033Z DEBUG netbaiot_transports::business_rpc::v3: business RPC V3 selected frame stream_id=962 frame_type=Open payload_bytes=158
2026-09-26T01:40:38.658044Z DEBUG netbaiot_transports::business_rpc::v3: business RPC V3 writer completed frame stream_id=962 frame_type=Open payload_bytes=158
2026-09-26T01:40:38.658048Z DEBUG netbaiot_transports::business_rpc::v3: business RPC V3 selected frame stream_id=962 frame_type=Data payload_bytes=198
2026-09-26T01:40:38.658053Z DEBUG netbaiot_transports::business_rpc::v3: business RPC V3 writer completed frame stream_id=962 frame_type=Data payload_bytes=198
2026-09-26T01:40:38.692469Z DEBUG netbaiot_transports::business_rpc::v3: business RPC V3 body entered scheduler stream_id=964 class=Rpc body_bytes=198
2026-09-26T01:40:38.692493Z DEBUG netbaiot_transports::business_rpc::v3: business RPC V3 selected frame stream_id=964 frame_type=Open payload_bytes=158
2026-09-26T01:40:38.692505Z DEBUG netbaiot_transports::business_rpc::v3: business RPC V3 writer completed frame stream_id=964 frame_type=Open payload_bytes=158
2026-09-26T01:40:38.692509Z DEBUG netbaiot_transports::business_rpc::v3: business RPC V3 selected frame stream_id=964 frame_type=Data payload_bytes=198
2026-09-26T01:40:38.692513Z DEBUG netbaiot_transports::business_rpc::v3: business RPC V3 writer completed frame stream_id=964 frame_type=Data payload_bytes=198
2026-09-26T01:40:38.697640Z DEBUG netbaiot_transports::business_rpc::v3: business RPC V3 body entered scheduler stream_id=966 class=Rpc body_bytes=198
2026-09-26T01:40:38.697679Z DEBUG netbaiot_transports::business_rpc::v3: business RPC V3 selected frame stream_id=966 frame_type=Open payload_bytes=158
2026-09-26T01:40:38.697703Z DEBUG netbaiot_transports::business_rpc::v3: business RPC V3 writer completed frame stream_id=966 frame_type=Open payload_bytes=158
2026-09-26T01:40:38.697712Z DEBUG netbaiot_transports::business_rpc::v3: business RPC V3 selected frame stream_id=966 frame_type=Data payload_bytes=198
2026-09-26T01:40:38.697720Z DEBUG netbaiot_transports::business_rpc::v3: business RPC V3 writer completed frame stream_id=966 frame_type=Data payload_bytes=198
2026-09-26T01:40:38.712128Z DEBUG netbaiot_transports::business_rpc::v3: business RPC V3 received frame stream_id=0 frame_type=WindowUpdate payload_bytes=4
2026-09-26T01:40:38.712158Z DEBUG netbaiot_transports::business_rpc::v3: business RPC V3 received frame stream_id=956 frame_type=WindowUpdate payload_bytes=4
2026-09-26T01:40:38.741955Z DEBUG netbaiot_transports::business_rpc::v3: business RPC V3 received frame stream_id=0 frame_type=WindowUpdate payload_bytes=4
2026-09-26T01:40:38.741977Z DEBUG netbaiot_transports::business_rpc::v3: business RPC V3 received frame stream_id=956 frame_type=WindowUpdate payload_bytes=4
2026-09-26T01:40:38.741981Z DEBUG netbaiot_transports::business_rpc::v3: business RPC V3 received frame stream_id=0 frame_type=WindowUpdate payload_bytes=4
2026-09-26T01:40:38.741984Z DEBUG netbaiot_transports::business_rpc::v3: business RPC V3 received frame stream_id=0 frame_type=WindowUpdate payload_bytes=4
2026-09-26T01:40:38.741987Z DEBUG netbaiot_transports::business_rpc::v3: business RPC V3 received frame stream_id=0 frame_type=WindowUpdate payload_bytes=4
2026-09-26T01:40:38.741989Z DEBUG netbaiot_transports::business_rpc::v3: business RPC V3 received frame stream_id=0 frame_type=WindowUpdate payload_bytes=4
2026-09-26T01:40:38.741991Z DEBUG netbaiot_transports::business_rpc::v3: business RPC V3 received frame stream_id=962 frame_type=Response payload_bytes=35
2026-09-26T01:40:38.741997Z DEBUG netbaiot_transports::business_rpc::v3: business RPC V3 received frame stream_id=962 frame_type=Data payload_bytes=216
2026-09-26T01:40:38.742017Z DEBUG netbaiot_transports::business_rpc::v3: business RPC V3 received frame stream_id=958 frame_type=Response payload_bytes=35
2026-09-26T01:40:38.742021Z DEBUG netbaiot_transports::business_rpc::v3: business RPC V3 received frame stream_id=960 frame_type=Response payload_bytes=35
2026-09-26T01:40:38.742023Z DEBUG netbaiot_transports::business_rpc::v3: business RPC V3 received frame stream_id=958 frame_type=Data payload_bytes=216
2026-09-26T01:40:38.742029Z DEBUG netbaiot_transports::business_rpc::v3: business RPC V3 received frame stream_id=960 frame_type=Data payload_bytes=216
2026-09-26T01:40:38.742036Z DEBUG netbaiot_transports::business_rpc::v3: business RPC V3 selected frame stream_id=0 frame_type=WindowUpdate payload_bytes=4
2026-09-26T01:40:38.742083Z DEBUG netbaiot_transports::business_rpc::v3: business RPC V3 writer completed frame stream_id=0 frame_type=WindowUpdate payload_bytes=4
2026-09-26T01:40:38.742092Z DEBUG netbaiot_transports::business_rpc::v3: business RPC V3 selected frame stream_id=0 frame_type=WindowUpdate payload_bytes=4
2026-09-26T01:40:38.742098Z DEBUG netbaiot_transports::business_rpc::v3: business RPC V3 writer completed frame stream_id=0 frame_type=WindowUpdate payload_bytes=4
2026-09-26T01:40:38.742101Z DEBUG netbaiot_transports::business_rpc::v3: business RPC V3 selected frame stream_id=0 frame_type=WindowUpdate payload_bytes=4
2026-09-26T01:40:38.742104Z DEBUG netbaiot_transports::business_rpc::v3: business RPC V3 writer completed frame stream_id=0 frame_type=WindowUpdate payload_bytes=4
2026-09-26T01:40:38.769325Z DEBUG netbaiot_transports::business_rpc::v3: business RPC V3 received frame stream_id=0 frame_type=WindowUpdate payload_bytes=4
2026-09-26T01:40:38.769349Z DEBUG netbaiot_transports::business_rpc::v3: business RPC V3 received frame stream_id=964 frame_type=Response payload_bytes=35
2026-09-26T01:40:38.769356Z DEBUG netbaiot_transports::business_rpc::v3: business RPC V3 received frame stream_id=964 frame_type=Data payload_bytes=216
2026-09-26T01:40:38.769390Z DEBUG netbaiot_transports::business_rpc::v3: business RPC V3 selected frame stream_id=0 frame_type=WindowUpdate payload_bytes=4
2026-09-26T01:40:38.769437Z DEBUG netbaiot_transports::business_rpc::v3: business RPC V3 writer completed frame stream_id=0 frame_type=WindowUpdate payload_bytes=4
2026-09-26T01:40:38.796555Z DEBUG netbaiot_transports::business_rpc::v3: business RPC V3 received frame stream_id=0 frame_type=WindowUpdate payload_bytes=4
2026-09-26T01:40:38.796581Z DEBUG netbaiot_transports::business_rpc::v3: business RPC V3 received frame stream_id=966 frame_type=Response payload_bytes=35
2026-09-26T01:40:38.796589Z DEBUG netbaiot_transports::business_rpc::v3: business RPC V3 received frame stream_id=966 frame_type=Data payload_bytes=216
2026-09-26T01:40:38.796623Z DEBUG netbaiot_transports::business_rpc::v3: business RPC V3 selected frame stream_id=0 frame_type=WindowUpdate payload_bytes=4
2026-09-26T01:40:38.796655Z DEBUG netbaiot_transports::business_rpc::v3: business RPC V3 writer completed frame stream_id=0 frame_type=WindowUpdate payload_bytes=4
2026-09-26T01:40:38.924722Z DEBUG netbaiot_transports::business_rpc::v3: business RPC V3 body entered scheduler stream_id=968 class=Rpc body_bytes=198
2026-09-26T01:40:38.924745Z DEBUG netbaiot_transports::business_rpc::v3: business RPC V3 selected frame stream_id=968 frame_type=Open payload_bytes=158
2026-09-26T01:40:38.924759Z DEBUG netbaiot_transports::business_rpc::v3: business RPC V3 writer completed frame stream_id=968 frame_type=Open payload_bytes=158
2026-09-26T01:40:38.924763Z DEBUG netbaiot_transports::business_rpc::v3: business RPC V3 selected frame stream_id=968 frame_type=Data payload_bytes=198
2026-09-26T01:40:38.924767Z DEBUG netbaiot_transports::business_rpc::v3: business RPC V3 writer completed frame stream_id=968 frame_type=Data payload_bytes=198
2026-09-26T01:40:38.958290Z DEBUG netbaiot_transports::business_rpc::v3: business RPC V3 body entered scheduler stream_id=970 class=Rpc body_bytes=198
2026-09-26T01:40:38.958323Z DEBUG netbaiot_transports::business_rpc::v3: business RPC V3 selected frame stream_id=970 frame_type=Open payload_bytes=158
2026-09-26T01:40:38.958340Z DEBUG netbaiot_transports::business_rpc::v3: business RPC V3 writer completed frame stream_id=970 frame_type=Open payload_bytes=158
2026-09-26T01:40:38.958348Z DEBUG netbaiot_transports::business_rpc::v3: business RPC V3 selected frame stream_id=970 frame_type=Data payload_bytes=198
2026-09-26T01:40:38.958356Z DEBUG netbaiot_transports::business_rpc::v3: business RPC V3 writer completed frame stream_id=970 frame_type=Data payload_bytes=198
2026-09-26T01:40:39.032817Z DEBUG netbaiot_transports::business_rpc::v3: business RPC V3 received frame stream_id=0 frame_type=WindowUpdate payload_bytes=4
2026-09-26T01:40:39.032867Z DEBUG netbaiot_transports::business_rpc::v3: business RPC V3 received frame stream_id=968 frame_type=Response payload_bytes=35
2026-09-26T01:40:39.032884Z DEBUG netbaiot_transports::business_rpc::v3: business RPC V3 received frame stream_id=968 frame_type=Data payload_bytes=216
2026-09-26T01:40:39.032929Z DEBUG netbaiot_transports::business_rpc::v3: business RPC V3 selected frame stream_id=0 frame_type=WindowUpdate payload_bytes=4
2026-09-26T01:40:39.032957Z DEBUG netbaiot_transports::business_rpc::v3: business RPC V3 writer completed frame stream_id=0 frame_type=WindowUpdate payload_bytes=4
2026-09-26T01:40:39.059550Z DEBUG netbaiot_transports::business_rpc::v3: business RPC V3 received frame stream_id=0 frame_type=WindowUpdate payload_bytes=4
2026-09-26T01:40:39.059620Z DEBUG netbaiot_transports::business_rpc::v3: business RPC V3 received frame stream_id=970 frame_type=Response payload_bytes=35
2026-09-26T01:40:39.059641Z DEBUG netbaiot_transports::business_rpc::v3: business RPC V3 received frame stream_id=970 frame_type=Data payload_bytes=216
2026-09-26T01:40:39.059687Z DEBUG netbaiot_transports::business_rpc::v3: business RPC V3 selected frame stream_id=0 frame_type=WindowUpdate payload_bytes=4
2026-09-26T01:40:39.059720Z DEBUG netbaiot_transports::business_rpc::v3: business RPC V3 writer completed frame stream_id=0 frame_type=WindowUpdate payload_bytes=4
2026-09-26T01:40:39.110405Z DEBUG netbaiot_transports::business_rpc::v3: business RPC V3 body entered scheduler stream_id=972 class=Rpc body_bytes=198
2026-09-26T01:40:39.110429Z DEBUG netbaiot_transports::business_rpc::v3: business RPC V3 selected frame stream_id=972 frame_type=Open payload_bytes=158
2026-09-26T01:40:39.110442Z DEBUG netbaiot_transports::business_rpc::v3: business RPC V3 writer completed frame stream_id=972 frame_type=Open payload_bytes=158
2026-09-26T01:40:39.110446Z DEBUG netbaiot_transports::business_rpc::v3: business RPC V3 selected frame stream_id=972 frame_type=Data payload_bytes=198
2026-09-26T01:40:39.110450Z DEBUG netbaiot_transports::business_rpc::v3: business RPC V3 writer completed frame stream_id=972 frame_type=Data payload_bytes=198
2026-09-26T01:40:39.127896Z DEBUG netbaiot_transports::business_rpc::v3: business RPC V3 body entered scheduler stream_id=974 class=Rpc body_bytes=198
2026-09-26T01:40:39.127915Z DEBUG netbaiot_transports::business_rpc::v3: business RPC V3 selected frame stream_id=974 frame_type=Open payload_bytes=158
2026-09-26T01:40:39.127932Z DEBUG netbaiot_transports::business_rpc::v3: business RPC V3 writer completed frame stream_id=974 frame_type=Open payload_bytes=158
2026-09-26T01:40:39.127936Z DEBUG netbaiot_transports::business_rpc::v3: business RPC V3 selected frame stream_id=974 frame_type=Data payload_bytes=198
2026-09-26T01:40:39.127940Z DEBUG netbaiot_transports::business_rpc::v3: business RPC V3 writer completed frame stream_id=974 frame_type=Data payload_bytes=198
2026-09-26T01:40:39.193061Z DEBUG netbaiot_transports::business_rpc::v3: business RPC V3 received frame stream_id=0 frame_type=WindowUpdate payload_bytes=4
2026-09-26T01:40:39.193080Z DEBUG netbaiot_transports::business_rpc::v3: business RPC V3 received frame stream_id=972 frame_type=Response payload_bytes=35
2026-09-26T01:40:39.193088Z DEBUG netbaiot_transports::business_rpc::v3: business RPC V3 received frame stream_id=972 frame_type=Data payload_bytes=216
2026-09-26T01:40:39.193158Z DEBUG netbaiot_transports::business_rpc::v3: business RPC V3 selected frame stream_id=0 frame_type=WindowUpdate payload_bytes=4
2026-09-26T01:40:39.193168Z DEBUG netbaiot_transports::business_rpc::v3: business RPC V3 writer completed frame stream_id=0 frame_type=WindowUpdate payload_bytes=4
2026-09-26T01:40:39.220570Z DEBUG netbaiot_transports::business_rpc::v3: business RPC V3 received frame stream_id=0 frame_type=WindowUpdate payload_bytes=4
2026-09-26T01:40:39.220583Z DEBUG netbaiot_transports::business_rpc::v3: business RPC V3 received frame stream_id=974 frame_type=Response payload_bytes=35
2026-09-26T01:40:39.220589Z DEBUG netbaiot_transports::business_rpc::v3: business RPC V3 received frame stream_id=974 frame_type=Data payload_bytes=216
2026-09-26T01:40:39.220617Z DEBUG netbaiot_transports::business_rpc::v3: business RPC V3 selected frame stream_id=0 frame_type=WindowUpdate payload_bytes=4
2026-09-26T01:40:39.220637Z DEBUG netbaiot_transports::business_rpc::v3: business RPC V3 writer completed frame stream_id=0 frame_type=WindowUpdate payload_bytes=4
2026-09-26T01:40:39.367701Z DEBUG netbaiot_transports::business_rpc::v3: business RPC V3 body entered scheduler stream_id=976 class=Rpc body_bytes=198
2026-09-26T01:40:39.367716Z DEBUG netbaiot_transports::business_rpc::v3: business RPC V3 selected frame stream_id=976 frame_type=Open payload_bytes=158
2026-09-26T01:40:39.367729Z DEBUG netbaiot_transports::business_rpc::v3: business RPC V3 writer completed frame stream_id=976 frame_type=Open payload_bytes=158
2026-09-26T01:40:39.367733Z DEBUG netbaiot_transports::business_rpc::v3: business RPC V3 selected frame stream_id=976 frame_type=Data payload_bytes=198
2026-09-26T01:40:39.367736Z DEBUG netbaiot_transports::business_rpc::v3: business RPC V3 writer completed frame stream_id=976 frame_type=Data payload_bytes=198
2026-09-26T01:40:39.466070Z DEBUG netbaiot_transports::business_rpc::v3: business RPC V3 body entered scheduler stream_id=978 class=Rpc body_bytes=198
2026-09-26T01:40:39.466085Z DEBUG netbaiot_transports::business_rpc::v3: business RPC V3 selected frame stream_id=978 frame_type=Open payload_bytes=158
2026-09-26T01:40:39.466096Z DEBUG netbaiot_transports::business_rpc::v3: business RPC V3 writer completed frame stream_id=978 frame_type=Open payload_bytes=158
2026-09-26T01:40:39.466100Z DEBUG netbaiot_transports::business_rpc::v3: business RPC V3 selected frame stream_id=978 frame_type=Data payload_bytes=198
2026-09-26T01:40:39.466104Z DEBUG netbaiot_transports::business_rpc::v3: business RPC V3 writer completed frame stream_id=978 frame_type=Data payload_bytes=198
2026-09-26T01:40:39.475449Z DEBUG netbaiot_transports::business_rpc::v3: business RPC V3 received frame stream_id=0 frame_type=WindowUpdate payload_bytes=4
2026-09-26T01:40:39.475458Z DEBUG netbaiot_transports::business_rpc::v3: business RPC V3 received frame stream_id=976 frame_type=Response payload_bytes=35
2026-09-26T01:40:39.475464Z DEBUG netbaiot_transports::business_rpc::v3: business RPC V3 received frame stream_id=976 frame_type=Data payload_bytes=216
2026-09-26T01:40:39.475486Z DEBUG netbaiot_transports::business_rpc::v3: business RPC V3 selected frame stream_id=0 frame_type=WindowUpdate payload_bytes=4
2026-09-26T01:40:39.475501Z DEBUG netbaiot_transports::business_rpc::v3: business RPC V3 writer completed frame stream_id=0 frame_type=WindowUpdate payload_bytes=4
2026-09-26T01:40:39.574034Z DEBUG netbaiot_transports::business_rpc::v3: business RPC V3 received frame stream_id=0 frame_type=WindowUpdate payload_bytes=4
2026-09-26T01:40:39.574062Z DEBUG netbaiot_transports::business_rpc::v3: business RPC V3 received frame stream_id=978 frame_type=Response payload_bytes=35
2026-09-26T01:40:39.574069Z DEBUG netbaiot_transports::business_rpc::v3: business RPC V3 received frame stream_id=978 frame_type=Data payload_bytes=216
2026-09-26T01:40:39.574097Z DEBUG netbaiot_transports::business_rpc::v3: business RPC V3 selected frame stream_id=0 frame_type=WindowUpdate payload_bytes=4
2026-09-26T01:40:39.574112Z DEBUG netbaiot_transports::business_rpc::v3: business RPC V3 writer completed frame stream_id=0 frame_type=WindowUpdate payload_bytes=4
2026-09-26T01:40:40.803686Z DEBUG netbaiot_transports::business_rpc::v3: business RPC V3 received frame stream_id=0 frame_type=Ping payload_bytes=8
2026-09-26T01:40:40.803771Z DEBUG netbaiot_transports::business_rpc::v3: business RPC V3 selected frame stream_id=0 frame_type=Pong payload_bytes=8
2026-09-26T01:40:40.803816Z DEBUG netbaiot_transports::business_rpc::v3: business RPC V3 writer completed frame stream_id=0 frame_type=Pong payload_bytes=8
2026-09-26T01:40:41.236780Z DEBUG netbaiot_transports::business_rpc::v3: business RPC V3 body entered scheduler stream_id=980 class=Rpc body_bytes=198
2026-09-26T01:40:41.238972Z DEBUG netbaiot_transports::business_rpc::v3: business RPC V3 selected frame stream_id=980 frame_type=Open payload_bytes=158
2026-09-26T01:40:41.243036Z DEBUG netbaiot_transports::business_rpc::v3: business RPC V3 writer completed frame stream_id=980 frame_type=Open payload_bytes=158
2026-09-26T01:40:41.247068Z DEBUG netbaiot_transports::business_rpc::v3: business RPC V3 selected frame stream_id=980 frame_type=Data payload_bytes=198
2026-09-26T01:40:41.247093Z DEBUG netbaiot_transports::business_rpc::v3: business RPC V3 writer completed frame stream_id=980 frame_type=Data payload_bytes=198
2026-09-26T01:40:41.333573Z DEBUG netbaiot_transports::business_rpc::v3: business RPC V3 received frame stream_id=0 frame_type=WindowUpdate payload_bytes=4
2026-09-26T01:40:41.340229Z DEBUG netbaiot_transports::business_rpc::v3: business RPC V3 received frame stream_id=980 frame_type=Response payload_bytes=35
2026-09-26T01:40:41.344234Z DEBUG netbaiot_transports::business_rpc::v3: business RPC V3 received frame stream_id=980 frame_type=Data payload_bytes=216
2026-09-26T01:40:41.352065Z DEBUG netbaiot_transports::business_rpc::v3: business RPC V3 selected frame stream_id=0 frame_type=WindowUpdate payload_bytes=4
2026-09-26T01:40:41.356108Z DEBUG netbaiot_transports::business_rpc::v3: business RPC V3 writer completed frame stream_id=0 frame_type=WindowUpdate payload_bytes=4
2026-09-26T01:40:41.379638Z DEBUG netbaiot_transports::business_rpc::v3: business RPC V3 received frame stream_id=0 frame_type=GoAway payload_bytes=53
2026-09-26T01:40:41.382334Z DEBUG netbaiot_transports::business_rpc::v3: business RPC V3 frame read failed error=Io
2026-09-26T01:40:41.386324Z  WARN netbaiot_transports::business_rpc::v3: business RPC V3 connection closed abnormally error=device unavailable
